Logging to /Users/emurasak/workspace/harness/tasks/upstream-images/build-and-push-20260604-140445.log
Fetching all branches for each repo...
  Fetching console-dashboards-plugin...
  Fetching distributed-tracing-console-plugin...
  Fetching logging-view-plugin...
  Fetching monitoring-plugin...
  Fetching troubleshooting-panel-console-plugin...
Fetch complete.
==========================================
Building console-dashboards-plugin @ release-coo-ocp-4.12 with VERSION=v0.4.3 ORG=rh-ee-emurasak
==========================================
Already on 'release-coo-ocp-4.12'
Your branch is up to date with 'origin/release-coo-ocp-4.12'.
From https://github.com/openshift/console-dashboards-plugin
 * branch            release-coo-ocp-4.12 -> FETCH_HEAD
Already up to date.
--- Attempt 1/3 ---
podman manifest rm quay.io/rh-ee-emurasak/console-dashboards-plugin:v0.4.3 || true
Untagged: quay.io/rh-ee-emurasak/console-dashboards-plugin:v0.4.3
Deleted: 0b3b70ca6961888533c539e108a059ee605bf179d065ea45bd45205cdbac4e72
podman manifest create quay.io/rh-ee-emurasak/console-dashboards-plugin:v0.4.3
e2f5b6a65f8dbeda7ee694df62530c04478fd877d4fe9a1c6b9f45a35c98e427
podman build --platform=linux/arm64,linux/amd64 --manifest quay.io/rh-ee-emurasak/console-dashboards-plugin:v0.4.3 -f Dockerfile.dev
[linux/arm64] [1/3] STEP 1/9: FROM registry.redhat.io/ubi9/nodejs-22:latest AS web-builder
[linux/arm64] [1/3] STEP 2/9: WORKDIR /opt/app-root
--> Using cache 2b3b4ed2e104018013987c6994b39e5230852351d782bce566e3b4d0bb442709
--> 2b3b4ed2e104
[linux/arm64] [1/3] STEP 3/9: USER 0
--> Using cache 7f8f8f3e5982a95b1ab1b2ac58e2650bb7b8362ee264983e92a3a2ed81f346d6
--> 7f8f8f3e5982
[linux/arm64] [1/3] STEP 4/9: ENV HUSKY=0
--> Using cache cd43796b49ca68ad135063a39fd7d828e86f1bfa9a5432f06f9d2f0d1ad3d92f
--> cd43796b49ca
[linux/arm64] [1/3] STEP 5/9: COPY web/package*.json web/
--> Using cache 3e6ebb8a2ec186d2c7adba65ecab847e90e80ff3deffcd28cb5b0bce60e7bf1c
--> 3e6ebb8a2ec1
[linux/arm64] [1/3] STEP 6/9: COPY Makefile Makefile
--> Using cache 1d67d22da49a9460270de852bddd7dbe2abad85eb96edf2e17dea70c27e91704
--> 1d67d22da49a
[linux/arm64] [1/3] STEP 7/9: RUN make install-frontend-ci
cd web && npm ci --ignore-scripts

added 703 packages, and audited 704 packages in 32s

145 packages are looking for funding
  run `npm fund` for details

32 vulnerabilities (20 moderate, 12 high)

To address issues that do not require attention, run:
  npm audit fix

To address all issues (including breaking changes), run:
  npm audit fix --force

Run `npm audit` for details.
--> ba40a48556c0
[linux/arm64] [1/3] STEP 8/9: COPY web/ web/
--> 5d04ad7faac3
[linux/arm64] [1/3] STEP 9/9: RUN make build-frontend
cd web && npm run build

> console-dashboards-plugin@0.1.0 build
> npm run clean && NODE_ENV=production npm run ts-node node_modules/.bin/webpack


> console-dashboards-plugin@0.1.0 clean
> rm -rf dist


> console-dashboards-plugin@0.1.0 ts-node
> ts-node -O '{"module":"commonjs"}' node_modules/.bin/webpack

assets by info 19.5 KiB [immutable]
  asset 763-chunk-85263579519beb4f771c.min.js 16.6 KiB [emitted] [immutable] [minimized] (id hint: vendors)
  asset exposed-ProxyTestPage-chunk-2f9082ef890be2ba1e5e.min.js 2.35 KiB [emitted] [immutable] [minimized] (name: exposed-ProxyTestPage)
  asset exposed-GetDatasource-chunk-71e85ff48850c9bbb80c.min.js 559 bytes [emitted] [immutable] [minimized] (name: exposed-GetDatasource)
asset plugin-entry.js 5.64 KiB [emitted] [minimized] (name: console-dashboards-plugin)
asset plugin-manifest.json 733 bytes [emitted]
runtime modules 15.6 KiB 11 modules
built modules 37.8 KiB (javascript) 42 bytes (consume-shared) [built]
  cacheable modules 37.7 KiB
    ./components/ProxyTestPage.tsx 3.73 KiB [built] [code generated]
    ./getDatasource.tsx 878 bytes [built] [code generated]
    ../node_modules/lru-cache/index.mjs 33.1 KiB [built] [code generated]
  container entry 42 bytes [built] [code generated]
  consume shared module (default) react@^17.0.1 (singleton) 42 bytes [built] [code generated]
webpack 5.105.3 compiled successfully in 1726 ms
--> 58c27734f74f
[linux/arm64] [2/3] STEP 1/12: FROM registry.redhat.io/ubi9/go-toolset:1.25 AS go-builder
Trying to pull registry.redhat.io/ubi9/go-toolset:1.25...
Getting image source signatures
Checking if image destination supports signatures
Copying blob sha256:3acb2651aa507a3dc73403b6f868ec79a6adc5a0e5b5cd28e1ba929a8242123c
Copying blob sha256:66c47a7ff47768837c084e8a7889a768b3f736f72ddb31d8896c4c5112926914
Copying blob sha256:50f4486c2c29c67be01752141bafc257baa50c8faa5233b266dea1d53dd22f42
Copying blob sha256:fca9483741ef9908527fb331bfc4347aed6bd4c42834bd157908f393ef5cdddf
Copying config sha256:5ee6e349584b9f289a4846389f30250a2f902f821dfe0be769aaada31a0644bf
Writing manifest to image destination
Storing signatures
[linux/arm64] [2/3] STEP 2/12: WORKDIR /opt/app-root
--> 9c69fa2e0d91
[linux/arm64] [2/3] STEP 3/12: COPY Makefile Makefile
--> 9b5f0070048d
[linux/arm64] [2/3] STEP 4/12: COPY go.mod go.mod
--> 3949fdbb82fb
[linux/arm64] [2/3] STEP 5/12: COPY go.sum go.sum
--> 093cc3269f01
[linux/arm64] [2/3] STEP 6/12: RUN make install-backend
go mod download
--> 757b55c841f5
[linux/arm64] [2/3] STEP 7/12: COPY cmd/ cmd/
--> 28b8de97d4b4
[linux/arm64] [2/3] STEP 8/12: COPY pkg/ pkg/
--> f4666f10dea6
[linux/arm64] [2/3] STEP 9/12: ENV GOFLAGS='-mod=mod'
--> b57aa953a975
[linux/arm64] [2/3] STEP 10/12: ENV GOEXPERIMENT=strictfipsruntime
--> e16877c4c602
[linux/arm64] [2/3] STEP 11/12: ENV CGO_ENABLED=1
--> 2bd10a17e387
[linux/arm64] [2/3] STEP 12/12: RUN make build-backend BUILD_OPTS="-tags strictfipsruntime"
go build -tags strictfipsruntime -o plugin-backend -mod=readonly cmd/plugin-backend.go
--> 2e480b197f34
[linux/amd64] [1/3] STEP 1/9: FROM registry.redhat.io/ubi9/nodejs-22:latest AS web-builder
Trying to pull registry.redhat.io/ubi9/nodejs-22:latest...
Getting image source signatures
Checking if image destination supports signatures
Copying blob sha256:669ecfdf872e83fa8f88dbdbe9b75f628fb72b9210cbdcce7ea0f449a74cac9e
Copying blob sha256:9a785c83dc42af66688cf5d3dd8e0500ce65bad5a679b45744d62c2fffbb60d8
Copying blob sha256:1c3800ac7d8629ddf73a031732f867dbc0c46d5a7dd1f70c0656c2e6e351e3aa
Copying config sha256:7ff8c7d7ce9b0c742c2379ee8b8206279c959b199e0e12bd8d486ef717c6da23
Writing manifest to image destination
Storing signatures
[linux/amd64] [1/3] STEP 2/9: WORKDIR /opt/app-root
--> Using cache 9fa54f016c2c68043ab3ace241546f3b9f08fca9b639456d47ef71bf5ff386bd
--> 9fa54f016c2c
[linux/amd64] [1/3] STEP 3/9: USER 0
--> Using cache e5c27da73f5cd7e05f5ce7c9bebd0bba2045982859d8383a163c9c8225a1e915
--> e5c27da73f5c
[linux/amd64] [1/3] STEP 4/9: ENV HUSKY=0
--> Using cache 14461c616df16e3fb9d8c81989a357e743626c8bc342e6d4b3968de984a1225a
--> 14461c616df1
[linux/amd64] [1/3] STEP 5/9: COPY web/package*.json web/
--> 362e022f2cdf
[linux/amd64] [1/3] STEP 6/9: COPY Makefile Makefile
--> e0ba8f207dbc
[linux/amd64] [1/3] STEP 7/9: RUN make install-frontend-ci
cd web && npm ci --ignore-scripts

added 703 packages, and audited 704 packages in 31s

145 packages are looking for funding
  run `npm fund` for details

32 vulnerabilities (20 moderate, 12 high)

To address issues that do not require attention, run:
  npm audit fix

To address all issues (including breaking changes), run:
  npm audit fix --force

Run `npm audit` for details.
--> 094b6c13d47f
[linux/amd64] [1/3] STEP 8/9: COPY web/ web/
--> bcfe0e603b19
[linux/amd64] [1/3] STEP 9/9: RUN make build-frontend
cd web && npm run build

> console-dashboards-plugin@0.1.0 build
> npm run clean && NODE_ENV=production npm run ts-node node_modules/.bin/webpack


> console-dashboards-plugin@0.1.0 clean
> rm -rf dist


> console-dashboards-plugin@0.1.0 ts-node
> ts-node -O '{"module":"commonjs"}' node_modules/.bin/webpack

assets by info 19.5 KiB [immutable]
  asset 763-chunk-85263579519beb4f771c.min.js 16.6 KiB [emitted] [immutable] [minimized] (id hint: vendors)
  asset exposed-ProxyTestPage-chunk-2f9082ef890be2ba1e5e.min.js 2.35 KiB [emitted] [immutable] [minimized] (name: exposed-ProxyTestPage)
  asset exposed-GetDatasource-chunk-71e85ff48850c9bbb80c.min.js 559 bytes [emitted] [immutable] [minimized] (name: exposed-GetDatasource)
asset plugin-entry.js 5.64 KiB [emitted] [minimized] (name: console-dashboards-plugin)
asset plugin-manifest.json 733 bytes [emitted]
runtime modules 15.6 KiB 11 modules
built modules 37.8 KiB (javascript) 42 bytes (consume-shared) [built]
  cacheable modules 37.7 KiB
    ./components/ProxyTestPage.tsx 3.73 KiB [built] [code generated]
    ./getDatasource.tsx 878 bytes [built] [code generated]
    ../node_modules/lru-cache/index.mjs 33.1 KiB [built] [code generated]
  container entry 42 bytes [built] [code generated]
  consume shared module (default) react@^17.0.1 (singleton) 42 bytes [built] [code generated]
webpack 5.105.3 compiled successfully in 2841 ms
--> 99ab4e3173a4
[linux/arm64] [3/3] STEP 1/7: FROM registry.redhat.io/rhel9-4-els/rhel:9.4
Trying to pull registry.redhat.io/rhel9-4-els/rhel:9.4...
Getting image source signatures
Checking if image destination supports signatures
Copying blob sha256:79500177a417e8e03b63a0893e7e6b03f94ac7a605be761a51e28f082a16087f
Copying config sha256:62846c379ae900d8abe0855310d3d4e7ca7b0b21cc231d45bdfe5a0044988475
Writing manifest to image destination
Storing signatures
[linux/arm64] [3/3] STEP 2/7: RUN mkdir /licenses
--> Using cache be1e3f3b48bc1912c60b8a2b077744aec79f588d3927b492265d2256fecc42bb
--> be1e3f3b48bc
[linux/arm64] [3/3] STEP 3/7: COPY LICENSE /licenses/.
--> f15d4d7497fb
[linux/arm64] [3/3] STEP 4/7: USER 1001
--> 3b5d434ad20e
[linux/arm64] [3/3] STEP 5/7: COPY --from=web-builder /opt/app-root/web/dist /opt/app-root/web/dist
--> 8e5e26a835df
[linux/arm64] [3/3] STEP 6/7: COPY --from=go-builder /opt/app-root/plugin-backend /opt/app-root
--> 5767f28d6b4b
[linux/arm64] [3/3] STEP 7/7: ENTRYPOINT ["/opt/app-root/plugin-backend", "-static-path", "/opt/app-root/web/dist"]
[linux/arm64] [3/3] COMMIT
--> 713fc37c8cce
[linux/amd64] [2/3] STEP 1/12: FROM registry.redhat.io/ubi9/go-toolset:1.25 AS go-builder
713fc37c8cce6a0a8f0c404c1b3da6f54b58284b0fa102e98a4b7b94968ec2d6
Trying to pull registry.redhat.io/ubi9/go-toolset:1.25...
Getting image source signatures
Checking if image destination supports signatures
Copying blob sha256:b66ab30abd6c3aa6e70bb84e4b3f0025035459b0fa3fc0d28bb37e057cde7b50
Copying blob sha256:dda984240b64df834c0d31b021fbed482c215cabf5ed5d878186963cb5911973
Copying blob sha256:45b10115c57ace5faafc3bcd0e634280e70c95bd3c0a576df4aa121f3ec5fc49
Copying blob sha256:2118fefecd7294918fa82547312fee454e5e7f39fa82dd5d7fd262d06ba68d8c
Copying config sha256:7fff5af3dd41a2f0ad623df354abde9c1805402da09701bb0e637fcbdcd8087c
Writing manifest to image destination
Storing signatures
[linux/amd64] [2/3] STEP 2/12: WORKDIR /opt/app-root
--> 9bf21018c3bf
[linux/amd64] [2/3] STEP 3/12: COPY Makefile Makefile
--> aa683257d352
[linux/amd64] [2/3] STEP 4/12: COPY go.mod go.mod
--> 25c6ffa5c785
[linux/amd64] [2/3] STEP 5/12: COPY go.sum go.sum
--> 6de3c6c2acc9
[linux/amd64] [2/3] STEP 6/12: RUN make install-backend
go mod download
--> 419d8f6b6a92
[linux/amd64] [2/3] STEP 7/12: COPY cmd/ cmd/
--> 0fd661da8264
[linux/amd64] [2/3] STEP 8/12: COPY pkg/ pkg/
--> 3ea129cc41dd
[linux/amd64] [2/3] STEP 9/12: ENV GOFLAGS='-mod=mod'
--> b0d4d216bfbe
[linux/amd64] [2/3] STEP 10/12: ENV GOEXPERIMENT=strictfipsruntime
--> 3f45643c5a03
[linux/amd64] [2/3] STEP 11/12: ENV CGO_ENABLED=1
--> eed07cd6b069
[linux/amd64] [2/3] STEP 12/12: RUN make build-backend BUILD_OPTS="-tags strictfipsruntime"
go build -tags strictfipsruntime -o plugin-backend -mod=readonly cmd/plugin-backend.go
--> e2216140a460
[linux/amd64] [3/3] STEP 1/7: FROM registry.redhat.io/rhel9-4-els/rhel:9.4
Trying to pull registry.redhat.io/rhel9-4-els/rhel:9.4...
Getting image source signatures
Checking if image destination supports signatures
Copying blob sha256:9e5082548d869f2944301a153c8568183a38cf0df310a3fb0b2daf2af3b5f841
Copying config sha256:77849b1a77e7859a392840d43bed01557ec82ac0c2ac4283d962deec354ceee6
Writing manifest to image destination
Storing signatures
[linux/amd64] [3/3] STEP 2/7: RUN mkdir /licenses
--> Using cache 3238e978e7d1fb7717f5c5f046a3fafd3e698f84b75a0dba28583462ebd9f426
--> 3238e978e7d1
[linux/amd64] [3/3] STEP 3/7: COPY LICENSE /licenses/.
--> 864cab2bd2b5
[linux/amd64] [3/3] STEP 4/7: USER 1001
--> 7eda0acf110c
[linux/amd64] [3/3] STEP 5/7: COPY --from=web-builder /opt/app-root/web/dist /opt/app-root/web/dist
--> 0f07821dbe1a
[linux/amd64] [3/3] STEP 6/7: COPY --from=go-builder /opt/app-root/plugin-backend /opt/app-root
--> b81eeecb5db8
[linux/amd64] [3/3] STEP 7/7: ENTRYPOINT ["/opt/app-root/plugin-backend", "-static-path", "/opt/app-root/web/dist"]
[linux/amd64] [3/3] COMMIT
--> 8ac731889ce2
8ac731889ce2300b98043a1fd53a7e7ab8418a411627a500dc75c5420c0b3ee0
podman manifest push quay.io/rh-ee-emurasak/console-dashboards-plugin:v0.4.3
Getting image list signatures
Copying 2 images generated from 2 images in list
Copying image sha256:9a3fa36cdea7ef5fda66107b3180f00e97bd138ac202fabb6d62bd340bf480f0 (1/2)
Getting image source signatures
Copying blob sha256:abdb8cc72e3424e4355a57b5eaf69a820fc9a93b5ef3124d51f184bbf887b049
Copying blob sha256:42432b74a41079357d85e031be3e7cd6f91e590c12537768406dffdff33fb267
Copying blob sha256:713742a1c41653f1b8b2aabfd435c6abf29762b828d327819d2a91295ed79d75
Copying blob sha256:459aefa1ec73f2987a8a0c3b6136e843bec637029d5b7af8d9e6b41062c750fa
Copying blob sha256:fea023da610002fb8dd2bd4680cd7848c029b70b9b0b2510cf6c9ddee72d5b62
Copying config sha256:713fc37c8cce6a0a8f0c404c1b3da6f54b58284b0fa102e98a4b7b94968ec2d6
Writing manifest to image destination
Copying image sha256:4ccdfe9c9012b2fb002e0fc24c7221e30725db908ee00cb2fdfa5bad17591e8c (2/2)
Getting image source signatures
Copying blob sha256:9f5d4bc2b78152b40aab82b74e69b21e2a182d5cb306539c7ca50722c5d7f6a4
Copying blob sha256:74ea6a5315ac2a0a27a1e4e6f87703374739fbd596e872724a21ab09c6bdf5dd
Copying blob sha256:933e329bcb99887eaaf21a28db840d5b4bf501755dd9984ec04ba6a57fdfbbd8
Copying blob sha256:6539b82fd461489e7adaece2b0fee6132248733d2b9040cd81701ddc56840711
Copying blob sha256:a68139d4a11d35d498f259595f157ee102104174e5e682916b8dcfb6cc466784
Copying config sha256:8ac731889ce2300b98043a1fd53a7e7ab8418a411627a500dc75c5420c0b3ee0
Writing manifest to image destination
Writing manifest list to image destination
Storing list signatures
==========================================
Building distributed-tracing-console-plugin @ release-coo-ocp-4.12 with VERSION=v0.3.3 ORG=rh-ee-emurasak
==========================================
Switched to branch 'release-coo-ocp-4.12'
Your branch is up to date with 'origin/release-coo-ocp-4.12'.
From https://github.com/openshift/distributed-tracing-console-plugin
 * branch            release-coo-ocp-4.12 -> FETCH_HEAD
Already up to date.
--- Attempt 1/3 ---
podman manifest rm quay.io/rh-ee-emurasak/distributed-tracing-console-plugin:v0.3.3 || true
Untagged: quay.io/rh-ee-emurasak/distributed-tracing-console-plugin:v0.3.3
Deleted: f27a80bcef9550804f818c4c2828e9d08e35cd638d2304df248361be432d76f8
podman manifest create quay.io/rh-ee-emurasak/distributed-tracing-console-plugin:v0.3.3
b9773bfbe38f05bb9080533065bf91fe3c8fb815a481c516d17f5ce605183e30
podman build --platform=linux/arm64,linux/amd64 --manifest quay.io/rh-ee-emurasak/distributed-tracing-console-plugin:v0.3.3 -f Dockerfile.dev
[linux/amd64] [1/3] STEP 1/8: FROM registry.redhat.io/ubi9/nodejs-22:latest AS web-builder
[linux/amd64] [1/3] STEP 2/8: WORKDIR /opt/app-root
--> Using cache 9fa54f016c2c68043ab3ace241546f3b9f08fca9b639456d47ef71bf5ff386bd
--> 9fa54f016c2c
[linux/amd64] [1/3] STEP 3/8: USER 0
--> Using cache e5c27da73f5cd7e05f5ce7c9bebd0bba2045982859d8383a163c9c8225a1e915
--> e5c27da73f5c
[linux/amd64] [1/3] STEP 4/8: COPY web/package*.json web/
--> 6f3136dddca7
[linux/amd64] [1/3] STEP 5/8: COPY Makefile Makefile
--> abf2605ec0cc
[linux/amd64] [1/3] STEP 6/8: RUN make install-frontend-ci-clean
cd web && npm ci --ignore-scripts --omit=optional
npm warn deprecated trim@0.0.1: Use String.prototype.trim() instead
npm warn deprecated rimraf@3.0.2: Rimraf versions prior to v4 are no longer supported
npm warn deprecated popper.js@1.16.1: You can find the new Popper v2 at @popperjs/core, this package is dedicated to the legacy v1
npm warn deprecated mini-create-react-context@0.4.1: Package no longer supported. Contact Support at https://www.npmjs.com/support for more info.
npm warn deprecated inflight@1.0.6: This module is not supported, and leaks memory. Do not use it. Check out lru-cache if you want a good and tested way to coalesce async requests by a key value, which is much more comprehensive and powerful.
npm warn deprecated glob@7.2.3: Glob versions prior to v9 are no longer supported
npm warn deprecated i18next-parser@8.13.0: Project is deprecated, use i18next-cli instead
npm warn deprecated circular-json@0.3.3: CircularJSON is in maintenance only, flatted is its successor.
npm warn deprecated eslint@8.57.1: This version is no longer supported. Please see https://eslint.org/version-support for other options.
npm warn deprecated @humanwhocodes/object-schema@2.0.3: Use @eslint/object-schema instead
npm warn deprecated @humanwhocodes/config-array@0.13.0: Use @eslint/config-array instead
npm warn deprecated uuid@3.4.0: Please upgrade  to version 7 or higher.  Older versions may use Math.random() in certain circumstances, which is known to be problematic.  See https://v8.dev/blog/math-random for details.
npm warn deprecated rimraf@2.7.1: Rimraf versions prior to v4 are no longer supported
npm warn deprecated rimraf@2.6.3: Rimraf versions prior to v4 are no longer supported
npm warn deprecated browserslist@2.11.3: Browserslist 2 could fail on reading Browserslist >3.0 config used in other tools.
npm warn deprecated core-js@2.6.12: core-js@<3.23.3 is no longer maintained and not recommended for usage due to the number of issues. Because of the V8 engine whims, feature detection in old core-js versions could cause a slowdown up to 100x even if nothing is polyfilled. Some versions have web compatibility issues. Please, upgrade your dependencies to the actual version of core-js.

added 2089 packages, and audited 2090 packages in 1m

318 packages are looking for funding
  run `npm fund` for details

62 vulnerabilities (1 low, 41 moderate, 20 high)

To address issues that do not require attention, run:
  npm audit fix

To address all issues possible (including breaking changes), run:
  npm audit fix --force

Some issues need review, and may require choosing
a different dependency.

Run `npm audit` for details.
cd web && npm cache clean --force
npm warn using --force Recommended protections disabled.
--> b7873a356cef
[linux/amd64] [1/3] STEP 7/8: COPY web/ web/
--> f79b2a94775f
[linux/amd64] [1/3] STEP 8/8: RUN make build-frontend
cd web && npm run build

> distributed-tracing-console-plugin@0.3.0 build
> npm run clean && NODE_ENV=production npm run webpack


> distributed-tracing-console-plugin@0.3.0 clean
> rm -rf dist


> distributed-tracing-console-plugin@0.3.0 webpack
> node -r ts-node/register ./node_modules/.bin/webpack

assets by path assets/ 1.27 MiB
  assets by path assets/*.woff 740 KiB 42 assets
  assets by path assets/*.woff2 565 KiB
    asset assets/inter-latin-ext-600-normal..woff2 35.4 KiB [emitted] [from: ../node_modules/@fontsource/inter/files/inter-latin-ext-600-normal.woff2] (auxiliary id hint: vendors)
    asset assets/inter-latin-ext-700-normal..woff2 35.4 KiB [emitted] [from: ../node_modules/@fontsource/inter/files/inter-latin-ext-700-normal.woff2] (auxiliary id hint: vendors)
    + 40 assets
assets by path *.js 2.91 MiB
  assets by chunk 2.85 MiB (id hint: vendors)
    asset 231-chunk-f6f04aea9cd53f0eebdb.min.js 2.71 MiB [emitted] [immutable] [minimized] [big] (id hint: vendors) 1 related asset
    + 2 assets
  + 4 assets
asset locales/en/plugin__distributed-tracing-console-plugin.json 4.06 KiB [emitted] [from: ../locales/en/plugin__distributed-tracing-console-plugin.json] [copied]
asset plugin-manifest.json 951 bytes [emitted]
orphan modules 23.6 MiB (javascript) 168 bytes (consume-shared) [orphan] 14918 modules
runtime modules 18.8 KiB 14 modules
built modules 9.82 MiB (javascript) 1.27 MiB (asset) 1010 bytes (consume-shared) 42 bytes (share-init) [built]
  javascript modules 9.82 MiB
    modules by path ../node_modules/ 9.72 MiB 654 modules
    modules by path ./ 104 KiB 15 modules
    container entry 42 bytes [built] [code generated]
  asset modules 1.27 MiB (asset) 3.45 KiB (javascript)
    modules by path ../node_modules/@fontsource/inter/files/*.woff2 565 KiB (asset) 1.72 KiB (javascript) 42 modules
    modules by path ../node_modules/@fontsource/inter/files/*.woff 740 KiB (asset) 1.72 KiB (javascript) 42 modules
  consume-shared-module modules 1010 bytes
    modules by path *.0 (singleton) 378 bytes 9 modules
    modules by path *.1 (singleton) 84 bytes 2 modules
    + 13 modules
  provide shared module (default) react-helmet@6.1.0 = ../node_modules/react-helme...(truncated) 42 bytes [built] [code generated]

WARNING in asset size limit: The following asset(s) exceed the recommended size limit (244 KiB).
This can impact web performance.
Assets: 
  231-chunk-f6f04aea9cd53f0eebdb.min.js (2.71 MiB)

webpack 5.105.3 compiled with 1 warning in 77385 ms
--> fda6b0b3a88c
[linux/amd64] [2/3] STEP 1/9: FROM brew.registry.redhat.io/rh-osbs/openshift-golang-builder:rhel_9_1.25 AS go-builder
[linux/amd64] [2/3] STEP 2/9: WORKDIR /opt/app-root
--> Using cache bd8317169f1cd59d4e460a6c3bdd4b9984e4c95e1041505ec14b503a0b61e4b3
--> bd8317169f1c
[linux/amd64] [2/3] STEP 3/9: COPY Makefile Makefile
--> be184fdd2603
[linux/amd64] [2/3] STEP 4/9: COPY go.mod go.mod
--> 0650228a390a
[linux/amd64] [2/3] STEP 5/9: COPY go.sum go.sum
--> ff26a0670625
[linux/amd64] [2/3] STEP 6/9: RUN go mod download
Go compliance shim [1] [rhel-9-golang-1.25][openshift-golang-builder]: assessment: CGO_ENABLED=1
Go compliance shim [1] [rhel-9-golang-1.25][openshift-golang-builder]: assessment: dynamic linking
Go compliance shim [1] [rhel-9-golang-1.25][openshift-golang-builder]: skipping forced compliance due to broad exemption
Go compliance shim [1] [rhel-9-golang-1.25][openshift-golang-builder]: EXEMPT: 1


Go compliance shim [1] [rhel-9-golang-1.25][openshift-golang-builder]: final command line arguments: "mod" "download" 

Go compliance shim [1] [rhel-9-golang-1.25][openshift-golang-builder]: invoking real go binary
Go compliance shim [1] [rhel-9-golang-1.25][openshift-golang-builder]: Exited with: 0
--> 4131e155b063
[linux/amd64] [2/3] STEP 7/9: COPY cmd/ cmd/
--> 9090b60d1f75
[linux/amd64] [2/3] STEP 8/9: COPY pkg/ pkg/
--> 835456bf5dc7
[linux/amd64] [2/3] STEP 9/9: RUN make build-backend
go build  -o plugin-backend -mod=readonly cmd/plugin-backend.go
Go compliance shim [2] [rhel-9-golang-1.25][openshift-golang-builder]: assessment: CGO_ENABLED=1
Go compliance shim [2] [rhel-9-golang-1.25][openshift-golang-builder]: assessment: dynamic linking
Go compliance shim [2] [rhel-9-golang-1.25][openshift-golang-builder]: skipping forced compliance due to broad exemption
Go compliance shim [2] [rhel-9-golang-1.25][openshift-golang-builder]: EXEMPT: 1


Go compliance shim [2] [rhel-9-golang-1.25][openshift-golang-builder]: final command line arguments: "build" "-o" "plugin-backend" "-mod=readonly" "cmd/plugin-backend.go" 

Go compliance shim [2] [rhel-9-golang-1.25][openshift-golang-builder]: invoking real go binary
Go compliance shim [2] [rhel-9-golang-1.25][openshift-golang-builder]: Exited with: 0
--> 857c78e18ffb
[linux/arm64] [1/3] STEP 1/8: FROM registry.redhat.io/ubi9/nodejs-22:latest AS web-builder
Trying to pull registry.redhat.io/ubi9/nodejs-22:latest...
Getting image source signatures
Checking if image destination supports signatures
Copying blob sha256:8cc4364173e08b740ee39103f76581907e7a0eaa07260aeb6afbbebb8dde106e
Copying blob sha256:6c68ec2cb8914dd7cd64b186ef8674ae644c890fcae14edf9a3b33fde3a76cce
Copying blob sha256:98245caf86240da0764634e4873f8d78498df819a738bee6e752ffc1dc9be497
Copying config sha256:bceceabd26d12d7ba9de7f0aad51a65d5ae092bd1ae800eb7bad9330a6a05b8e
Writing manifest to image destination
Storing signatures
[linux/arm64] [1/3] STEP 2/8: WORKDIR /opt/app-root
--> Using cache 2b3b4ed2e104018013987c6994b39e5230852351d782bce566e3b4d0bb442709
--> 2b3b4ed2e104
[linux/arm64] [1/3] STEP 3/8: USER 0
--> Using cache 7f8f8f3e5982a95b1ab1b2ac58e2650bb7b8362ee264983e92a3a2ed81f346d6
--> 7f8f8f3e5982
[linux/arm64] [1/3] STEP 4/8: COPY web/package*.json web/
--> 44589e5c232f
[linux/arm64] [1/3] STEP 5/8: COPY Makefile Makefile
--> 9775a6326995
[linux/arm64] [1/3] STEP 6/8: RUN make install-frontend-ci-clean
cd web && npm ci --ignore-scripts --omit=optional
npm warn deprecated trim@0.0.1: Use String.prototype.trim() instead
npm warn deprecated rimraf@3.0.2: Rimraf versions prior to v4 are no longer supported
npm warn deprecated mini-create-react-context@0.4.1: Package no longer supported. Contact Support at https://www.npmjs.com/support for more info.
npm warn deprecated popper.js@1.16.1: You can find the new Popper v2 at @popperjs/core, this package is dedicated to the legacy v1
npm warn deprecated inflight@1.0.6: This module is not supported, and leaks memory. Do not use it. Check out lru-cache if you want a good and tested way to coalesce async requests by a key value, which is much more comprehensive and powerful.
npm warn deprecated i18next-parser@8.13.0: Project is deprecated, use i18next-cli instead
npm warn deprecated glob@7.2.3: Glob versions prior to v9 are no longer supported
npm warn deprecated circular-json@0.3.3: CircularJSON is in maintenance only, flatted is its successor.
npm warn deprecated eslint@8.57.1: This version is no longer supported. Please see https://eslint.org/version-support for other options.
npm warn deprecated core-js@2.6.12: core-js@<3.23.3 is no longer maintained and not recommended for usage due to the number of issues. Because of the V8 engine whims, feature detection in old core-js versions could cause a slowdown up to 100x even if nothing is polyfilled. Some versions have web compatibility issues. Please, upgrade your dependencies to the actual version of core-js.
npm warn deprecated @humanwhocodes/object-schema@2.0.3: Use @eslint/object-schema instead
npm warn deprecated @humanwhocodes/config-array@0.13.0: Use @eslint/config-array instead
npm warn deprecated uuid@3.4.0: Please upgrade  to version 7 or higher.  Older versions may use Math.random() in certain circumstances, which is known to be problematic.  See https://v8.dev/blog/math-random for details.
npm warn deprecated rimraf@2.7.1: Rimraf versions prior to v4 are no longer supported
npm warn deprecated rimraf@2.6.3: Rimraf versions prior to v4 are no longer supported
npm warn deprecated browserslist@2.11.3: Browserslist 2 could fail on reading Browserslist >3.0 config used in other tools.

added 2089 packages, and audited 2090 packages in 56s

318 packages are looking for funding
  run `npm fund` for details

62 vulnerabilities (1 low, 41 moderate, 20 high)

To address issues that do not require attention, run:
  npm audit fix

To address all issues possible (including breaking changes), run:
  npm audit fix --force

Some issues need review, and may require choosing
a different dependency.

Run `npm audit` for details.
cd web && npm cache clean --force
npm warn using --force Recommended protections disabled.
--> 84a09abb0b82
[linux/arm64] [1/3] STEP 7/8: COPY web/ web/
--> b32370918fca
[linux/arm64] [1/3] STEP 8/8: RUN make build-frontend
cd web && npm run build

> distributed-tracing-console-plugin@0.3.0 build
> npm run clean && NODE_ENV=production npm run webpack


> distributed-tracing-console-plugin@0.3.0 clean
> rm -rf dist


> distributed-tracing-console-plugin@0.3.0 webpack
> node -r ts-node/register ./node_modules/.bin/webpack

assets by path assets/ 1.27 MiB
  assets by path assets/*.woff 740 KiB 42 assets
  assets by path assets/*.woff2 565 KiB
    asset assets/inter-latin-ext-600-normal..woff2 35.4 KiB [emitted] [from: ../node_modules/@fontsource/inter/files/inter-latin-ext-600-normal.woff2] (auxiliary id hint: vendors)
    asset assets/inter-latin-ext-700-normal..woff2 35.4 KiB [emitted] [from: ../node_modules/@fontsource/inter/files/inter-latin-ext-700-normal.woff2] (auxiliary id hint: vendors)
    + 40 assets
assets by path *.js 2.91 MiB
  assets by chunk 2.85 MiB (id hint: vendors)
    asset 231-chunk-f6f04aea9cd53f0eebdb.min.js 2.71 MiB [emitted] [immutable] [minimized] [big] (id hint: vendors) 1 related asset
    + 2 assets
  + 4 assets
asset locales/en/plugin__distributed-tracing-console-plugin.json 4.06 KiB [emitted] [from: ../locales/en/plugin__distributed-tracing-console-plugin.json] [copied]
asset plugin-manifest.json 951 bytes [emitted]
orphan modules 23.6 MiB (javascript) 168 bytes (consume-shared) [orphan] 14918 modules
runtime modules 18.8 KiB 14 modules
built modules 9.82 MiB (javascript) 1.27 MiB (asset) 1010 bytes (consume-shared) 42 bytes (share-init) [built]
  javascript modules 9.82 MiB
    modules by path ../node_modules/ 9.72 MiB 654 modules
    modules by path ./ 104 KiB 15 modules
    container entry 42 bytes [built] [code generated]
  asset modules 1.27 MiB (asset) 3.45 KiB (javascript)
    modules by path ../node_modules/@fontsource/inter/files/*.woff2 565 KiB (asset) 1.72 KiB (javascript) 42 modules
    modules by path ../node_modules/@fontsource/inter/files/*.woff 740 KiB (asset) 1.72 KiB (javascript) 42 modules
  consume-shared-module modules 1010 bytes
    modules by path *.0 (singleton) 378 bytes 9 modules
    modules by path *.1 (singleton) 84 bytes 2 modules
    + 13 modules
  provide shared module (default) react-helmet@6.1.0 = ../node_modules/react-helme...(truncated) 42 bytes [built] [code generated]

WARNING in asset size limit: The following asset(s) exceed the recommended size limit (244 KiB).
This can impact web performance.
Assets: 
  231-chunk-f6f04aea9cd53f0eebdb.min.js (2.71 MiB)

webpack 5.105.3 compiled with 1 warning in 57859 ms
--> 99ef60ac5080
[linux/amd64] [3/3] STEP 1/4: FROM registry.access.redhat.com/ubi9/ubi-minimal
[linux/amd64] [3/3] STEP 2/4: COPY --from=web-builder /opt/app-root/web/dist /opt/app-root/web/dist
--> Using cache a0c214d238cbb64a2a43179be7a5f38c99237b0a9ff690b22642177c9dafd4f3
--> a0c214d238cb
[linux/amd64] [3/3] STEP 3/4: COPY --from=go-builder /opt/app-root/plugin-backend /opt/app-root
--> e1b31492d93c
[linux/amd64] [3/3] STEP 4/4: ENTRYPOINT ["/opt/app-root/plugin-backend", "-static-path", "/opt/app-root/web/dist", "-config-path", "/opt/app-root/web/dist"]
[linux/amd64] [3/3] COMMIT
--> 7e16efd8a347
[linux/arm64] [2/3] STEP 1/9: FROM brew.registry.redhat.io/rh-osbs/openshift-golang-builder:rhel_9_1.25 AS go-builder
7e16efd8a347476f81edd752b61afdf574033b10b23cf7c77bcab0c4d570d4a3
Trying to pull brew.registry.redhat.io/rh-osbs/openshift-golang-builder:rhel_9_1.25...
Getting image source signatures
Copying blob sha256:b98d37c87f15536538dc20373f6feca81ccf73779a63f168b7855ce2c2360cff
Copying blob sha256:9e9bee4738d78cc5b8c68706e99751b669394b1e52ebb360fabf583fee381119
Copying config sha256:6cc0ec0f03bcbce80b198dae197eb1ca379eb2fa2e7f2e456cf01f6464e2b1ec
Writing manifest to image destination
[linux/arm64] [2/3] STEP 2/9: WORKDIR /opt/app-root
--> Using cache 9f9812fb872c838d6c162644bfbfa5876a42a19045c74b040d0bfc4d0725e330
--> 9f9812fb872c
[linux/arm64] [2/3] STEP 3/9: COPY Makefile Makefile
--> b8523c9cbb46
[linux/arm64] [2/3] STEP 4/9: COPY go.mod go.mod
--> 27b35d895382
[linux/arm64] [2/3] STEP 5/9: COPY go.sum go.sum
--> 12ef1380e844
[linux/arm64] [2/3] STEP 6/9: RUN go mod download
Go compliance shim [1] [rhel-9-golang-1.25][openshift-golang-builder]: assessment: CGO_ENABLED=1
Go compliance shim [1] [rhel-9-golang-1.25][openshift-golang-builder]: assessment: dynamic linking
Go compliance shim [1] [rhel-9-golang-1.25][openshift-golang-builder]: skipping forced compliance due to broad exemption
Go compliance shim [1] [rhel-9-golang-1.25][openshift-golang-builder]: EXEMPT: 1


Go compliance shim [1] [rhel-9-golang-1.25][openshift-golang-builder]: final command line arguments: "mod" "download" 

Go compliance shim [1] [rhel-9-golang-1.25][openshift-golang-builder]: invoking real go binary
Go compliance shim [1] [rhel-9-golang-1.25][openshift-golang-builder]: Exited with: 0
--> 66a7d74fd429
[linux/arm64] [2/3] STEP 7/9: COPY cmd/ cmd/
--> 09206ea6b8e1
[linux/arm64] [2/3] STEP 8/9: COPY pkg/ pkg/
--> 66c408813c40
[linux/arm64] [2/3] STEP 9/9: RUN make build-backend
go build  -o plugin-backend -mod=readonly cmd/plugin-backend.go
Go compliance shim [2] [rhel-9-golang-1.25][openshift-golang-builder]: assessment: CGO_ENABLED=1
Go compliance shim [2] [rhel-9-golang-1.25][openshift-golang-builder]: assessment: dynamic linking
Go compliance shim [2] [rhel-9-golang-1.25][openshift-golang-builder]: skipping forced compliance due to broad exemption
Go compliance shim [2] [rhel-9-golang-1.25][openshift-golang-builder]: EXEMPT: 1


Go compliance shim [2] [rhel-9-golang-1.25][openshift-golang-builder]: final command line arguments: "build" "-o" "plugin-backend" "-mod=readonly" "cmd/plugin-backend.go" 

Go compliance shim [2] [rhel-9-golang-1.25][openshift-golang-builder]: invoking real go binary
Go compliance shim [2] [rhel-9-golang-1.25][openshift-golang-builder]: Exited with: 0
--> fe5dacfeef70
[linux/arm64] [3/3] STEP 1/4: FROM registry.access.redhat.com/ubi9/ubi-minimal
Trying to pull registry.access.redhat.com/ubi9/ubi-minimal:latest...
Getting image source signatures
Checking if image destination supports signatures
Copying blob sha256:7db43598c7e47cf895f880f92e3cee9c07787091c97802ea3f2bea8fa4848040
Copying config sha256:64826a3b202499f826f4af0dc0afdbd7fd6681218074b7ea7ed3969c6e12009e
Writing manifest to image destination
Storing signatures
[linux/arm64] [3/3] STEP 2/4: COPY --from=web-builder /opt/app-root/web/dist /opt/app-root/web/dist
--> Using cache 5286da2a5eec0178b5e41db4a4a9adf2f1f867add21fbb0f86ccb1cca25d1a6d
--> 5286da2a5eec
[linux/arm64] [3/3] STEP 3/4: COPY --from=go-builder /opt/app-root/plugin-backend /opt/app-root
--> cd472d53a440
[linux/arm64] [3/3] STEP 4/4: ENTRYPOINT ["/opt/app-root/plugin-backend", "-static-path", "/opt/app-root/web/dist", "-config-path", "/opt/app-root/web/dist"]
[linux/arm64] [3/3] COMMIT
--> 7ef8012c10b3
7ef8012c10b3b57bac6d6b29625dd30365bec9fe9d9cb2ad68f63eaab90f7bd3
podman manifest push quay.io/rh-ee-emurasak/distributed-tracing-console-plugin:v0.3.3
Getting image list signatures
Copying 2 images generated from 2 images in list
Copying image sha256:3db0a1700462313fbae2885e9e414547101e6e1c5c80225a7adbb97cafb405ec (1/2)
Getting image source signatures
Copying blob sha256:476b6d9a73a2097038d84d57ca34a1b65d7cca0d5771cbc6df38d5b16eac5efe
Copying blob sha256:fc619adba729ec24fef75235acd9b59c5e52bdef3e16a3803a6e9e3022ba748b
Copying blob sha256:b837868e273ee5bd251cdad55b05552399b348201b8aa208716ef8a56e93425f
Copying config sha256:7e16efd8a347476f81edd752b61afdf574033b10b23cf7c77bcab0c4d570d4a3
Writing manifest to image destination
Copying image sha256:0fb9cfdecb30457d2adec2cbddb3562db4926d60f5f193b37a7eda6b32b8ef80 (2/2)
Getting image source signatures
Copying blob sha256:90ed153437608bd0880b3ae82725e58933277cd2867849f89d8414e011a6d69b
Copying blob sha256:87ffd1222d3aba6da5d67bbd7ef9cecba3a3830806163e678ae01cc57cd03d5e
Copying blob sha256:528a5a4c417b91e6507126248caab9e7fafd24f9f1a00fd35cda2f99250bef76
Copying config sha256:7ef8012c10b3b57bac6d6b29625dd30365bec9fe9d9cb2ad68f63eaab90f7bd3
Writing manifest to image destination
Writing manifest list to image destination
Storing list signatures
==========================================
Building logging-view-plugin @ release-coo-ocp-4.12 with VERSION=v6.0.5 ORG=rh-ee-emurasak
==========================================
Already on 'release-coo-ocp-4.12'
Your branch is up to date with 'origin/release-coo-ocp-4.12'.
From https://github.com/openshift/logging-view-plugin
 * branch            release-coo-ocp-4.12 -> FETCH_HEAD
Already up to date.
--- Attempt 1/3 ---
podman manifest rm quay.io/rh-ee-emurasak/logging-view-plugin:v6.0.5 || true
Untagged: quay.io/rh-ee-emurasak/logging-view-plugin:v6.0.5
Deleted: 47b99d59cc293fee1390c6c1b5cb26c56bae0258afb74d52c3c0529f15435e54
podman manifest create quay.io/rh-ee-emurasak/logging-view-plugin:v6.0.5
888b85b0324796abeb0c9abccb9387ba95a1eff78b14ce60d6d8f246855994bf
podman build --platform=linux/arm64,linux/amd64 --manifest quay.io/rh-ee-emurasak/logging-view-plugin:v6.0.5 -f Dockerfile.dev
[linux/arm64] [1/3] STEP 1/9: FROM registry.redhat.io/ubi9/nodejs-22:latest AS web-builder
[linux/arm64] [1/3] STEP 2/9: WORKDIR /opt/app-root
--> Using cache 2b3b4ed2e104018013987c6994b39e5230852351d782bce566e3b4d0bb442709
--> 2b3b4ed2e104
[linux/arm64] [1/3] STEP 3/9: USER 0
--> Using cache 7f8f8f3e5982a95b1ab1b2ac58e2650bb7b8362ee264983e92a3a2ed81f346d6
--> 7f8f8f3e5982
[linux/arm64] [1/3] STEP 4/9: ENV HUSKY=0
--> Using cache cd43796b49ca68ad135063a39fd7d828e86f1bfa9a5432f06f9d2f0d1ad3d92f
--> cd43796b49ca
[linux/arm64] [1/3] STEP 5/9: COPY web/package*.json web/
--> 40761a8839d3
[linux/arm64] [1/3] STEP 6/9: COPY Makefile Makefile
--> 87266a2da5a1
[linux/arm64] [1/3] STEP 7/9: RUN make install-frontend-ci-clean
cd web && npm ci --omit=optional --ignore-scripts

added 1436 packages, and audited 1437 packages in 31s

267 packages are looking for funding
  run `npm fund` for details

34 vulnerabilities (21 moderate, 12 high, 1 critical)

To address issues that do not require attention, run:
  npm audit fix

To address all issues (including breaking changes), run:
  npm audit fix --force

Run `npm audit` for details.
cd web && npm cache clean --force
npm warn using --force Recommended protections disabled.
--> 03c0dc3f0e8b
[linux/arm64] [1/3] STEP 8/9: COPY web/ web/
--> 2c6c3325f93b
[linux/arm64] [1/3] STEP 9/9: RUN make build-frontend
cd web && npm run build

> logging-view-plugin@6.0.0 build
> npm run clean && NODE_ENV=production npm run ts-node node_modules/.bin/webpack


> logging-view-plugin@6.0.0 clean
> rm -rf dist


> logging-view-plugin@6.0.0 ts-node
> ts-node -O '{"module":"commonjs"}' node_modules/.bin/webpack

assets by info 2.55 MiB [immutable]
  assets by chunk 2.22 MiB (id hint: vendors)
    asset 198-chunk-da28374bb5b04895f8ca.min.js 1.45 MiB [emitted] [immutable] [big] (id hint: vendors) 1 related asset
    asset 924-chunk-b61cc50348712154c403.min.js 621 KiB [emitted] [immutable] [big] (id hint: vendors) 1 related asset
    asset 31-chunk-fa29db6230d9ee04494a.min.js 169 KiB [emitted] [immutable] (id hint: vendors) 1 related asset
  + 9 assets
asset plugin-entry.js 27.7 KiB [emitted] (name: logging-view-plugin) 1 related asset
asset locales/en/plugin__logging-view-plugin.json 6.89 KiB [emitted] [from: ../locales/en/plugin__logging-view-plugin.json] [copied]
asset plugin-manifest.json 2.63 KiB [emitted]
orphan modules 3.29 MiB [orphan] 2525 modules
runtime modules 17.5 KiB 14 modules
built modules 2.31 MiB (javascript) 504 bytes (consume-shared) [built]
  modules by path ../node_modules/ 2.08 MiB 375 modules
  modules by path ./ 236 KiB 44 modules
  consume-shared-module modules 504 bytes
    modules by path *.0 (singleton) 210 bytes 5 modules
    modules by path consume shared module (default) @patternfly/ 126 bytes
      consume shared module (default) @patternfly/react-core@=4.239.0 (singleton) 42 bytes [built] [code generated]
      + 2 modules
    + 4 modules
  container entry 42 bytes [built] [code generated]

WARNING in asset size limit: The following asset(s) exceed the recommended size limit (244 KiB).
This can impact web performance.
Assets: 
  198-chunk-da28374bb5b04895f8ca.min.js (1.45 MiB)
  924-chunk-b61cc50348712154c403.min.js (621 KiB)

webpack 5.105.3 compiled with 1 warning in 10086 ms
--> fb144c6b8502
[linux/arm64] [2/3] STEP 1/10: FROM brew.registry.redhat.io/rh-osbs/openshift-golang-builder:rhel_9_golang_1.24 AS go-builder
Trying to pull brew.registry.redhat.io/rh-osbs/openshift-golang-builder:rhel_9_golang_1.24...
Getting image source signatures
Copying blob sha256:0b3425962862e4c28bb2a8c620101947643235ac8ec98ebf4dd6948f79db8178
Copying blob sha256:65442b90c1456946b65a513148c3e504c3e1ae3889d427d5b4526ba9cec3ea0e
Copying config sha256:6b75237990fc7d8f0d9c2ac0d8181360163689361a8fa8d7ae3709b82f0e5e4e
Writing manifest to image destination
[linux/arm64] [2/3] STEP 2/10: WORKDIR /opt/app-root
--> Using cache e2dad960de2c0326bfeffb8054a2ce4d348ea1f6e6ca191c75f675fbc5b1413e
--> e2dad960de2c
[linux/arm64] [2/3] STEP 3/10: COPY Makefile Makefile
--> 2c3ecfe475cc
[linux/arm64] [2/3] STEP 4/10: COPY go.mod go.mod
--> b2e840673c64
[linux/arm64] [2/3] STEP 5/10: COPY go.sum go.sum
--> 7a2a87b9c5ba
[linux/arm64] [2/3] STEP 6/10: RUN make install-backend
go mod download
Go compliance shim [2] [rhel-9-golang-1.24][openshift-golang-builder]: assessment: CGO_ENABLED=1
Go compliance shim [2] [rhel-9-golang-1.24][openshift-golang-builder]: assessment: dynamic linking
Go compliance shim [2] [rhel-9-golang-1.24][openshift-golang-builder]: skipping forced compliance due to broad exemption
Go compliance shim [2] [rhel-9-golang-1.24][openshift-golang-builder]: EXEMPT: 1


Go compliance shim [2] [rhel-9-golang-1.24][openshift-golang-builder]: final command line arguments: "mod" "download" 

Go compliance shim [2] [rhel-9-golang-1.24][openshift-golang-builder]: invoking real go binary
Go compliance shim [2] [rhel-9-golang-1.24][openshift-golang-builder]: Exited with: 0
--> 08b392d8ba54
[linux/arm64] [2/3] STEP 7/10: COPY config/ config/
--> c746206f08e1
[linux/arm64] [2/3] STEP 8/10: COPY cmd/ cmd/
--> 1f0b8c298a59
[linux/arm64] [2/3] STEP 9/10: COPY pkg/ pkg/
--> ea39fce9bf57
[linux/arm64] [2/3] STEP 10/10: RUN make build-backend
go build  -mod=readonly -o plugin-backend -mod=readonly cmd/plugin-backend.go
Go compliance shim [2] [rhel-9-golang-1.24][openshift-golang-builder]: assessment: CGO_ENABLED=1
Go compliance shim [2] [rhel-9-golang-1.24][openshift-golang-builder]: assessment: dynamic linking
Go compliance shim [2] [rhel-9-golang-1.24][openshift-golang-builder]: skipping forced compliance due to broad exemption
Go compliance shim [2] [rhel-9-golang-1.24][openshift-golang-builder]: EXEMPT: 1


Go compliance shim [2] [rhel-9-golang-1.24][openshift-golang-builder]: final command line arguments: "build" "-mod=readonly" "-o" "plugin-backend" "-mod=readonly" "cmd/plugin-backend.go" 

Go compliance shim [2] [rhel-9-golang-1.24][openshift-golang-builder]: invoking real go binary
Go compliance shim [2] [rhel-9-golang-1.24][openshift-golang-builder]: Exited with: 0
--> 6b68f3b880c5
[linux/amd64] [1/3] STEP 1/9: FROM registry.redhat.io/ubi9/nodejs-22:latest AS web-builder
Trying to pull registry.redhat.io/ubi9/nodejs-22:latest...
Getting image source signatures
Checking if image destination supports signatures
Copying blob sha256:669ecfdf872e83fa8f88dbdbe9b75f628fb72b9210cbdcce7ea0f449a74cac9e
Copying blob sha256:1c3800ac7d8629ddf73a031732f867dbc0c46d5a7dd1f70c0656c2e6e351e3aa
Copying blob sha256:9a785c83dc42af66688cf5d3dd8e0500ce65bad5a679b45744d62c2fffbb60d8
Copying config sha256:7ff8c7d7ce9b0c742c2379ee8b8206279c959b199e0e12bd8d486ef717c6da23
Writing manifest to image destination
Storing signatures
[linux/amd64] [1/3] STEP 2/9: WORKDIR /opt/app-root
--> Using cache 9fa54f016c2c68043ab3ace241546f3b9f08fca9b639456d47ef71bf5ff386bd
--> 9fa54f016c2c
[linux/amd64] [1/3] STEP 3/9: USER 0
--> Using cache e5c27da73f5cd7e05f5ce7c9bebd0bba2045982859d8383a163c9c8225a1e915
--> e5c27da73f5c
[linux/amd64] [1/3] STEP 4/9: ENV HUSKY=0
--> Using cache 14461c616df16e3fb9d8c81989a357e743626c8bc342e6d4b3968de984a1225a
--> 14461c616df1
[linux/amd64] [1/3] STEP 5/9: COPY web/package*.json web/
--> 394d30efa1d0
[linux/amd64] [1/3] STEP 6/9: COPY Makefile Makefile
--> aa476a97ef55
[linux/amd64] [1/3] STEP 7/9: RUN make install-frontend-ci-clean
cd web && npm ci --omit=optional --ignore-scripts

added 1436 packages, and audited 1437 packages in 42s

267 packages are looking for funding
  run `npm fund` for details

34 vulnerabilities (21 moderate, 12 high, 1 critical)

To address issues that do not require attention, run:
  npm audit fix

To address all issues (including breaking changes), run:
  npm audit fix --force

Run `npm audit` for details.
cd web && npm cache clean --force
npm warn using --force Recommended protections disabled.
--> a0cb57e0856d
[linux/amd64] [1/3] STEP 8/9: COPY web/ web/
--> fead9de09fb4
[linux/amd64] [1/3] STEP 9/9: RUN make build-frontend
cd web && npm run build

> logging-view-plugin@6.0.0 build
> npm run clean && NODE_ENV=production npm run ts-node node_modules/.bin/webpack


> logging-view-plugin@6.0.0 clean
> rm -rf dist


> logging-view-plugin@6.0.0 ts-node
> ts-node -O '{"module":"commonjs"}' node_modules/.bin/webpack

assets by info 2.55 MiB [immutable]
  assets by chunk 2.22 MiB (id hint: vendors)
    asset 198-chunk-da28374bb5b04895f8ca.min.js 1.45 MiB [emitted] [immutable] [big] (id hint: vendors) 1 related asset
    asset 924-chunk-b61cc50348712154c403.min.js 621 KiB [emitted] [immutable] [big] (id hint: vendors) 1 related asset
    asset 31-chunk-fa29db6230d9ee04494a.min.js 169 KiB [emitted] [immutable] (id hint: vendors) 1 related asset
  + 9 assets
asset plugin-entry.js 27.7 KiB [emitted] (name: logging-view-plugin) 1 related asset
asset locales/en/plugin__logging-view-plugin.json 6.89 KiB [emitted] [from: ../locales/en/plugin__logging-view-plugin.json] [copied]
asset plugin-manifest.json 2.63 KiB [emitted]
orphan modules 3.29 MiB [orphan] 2525 modules
runtime modules 17.5 KiB 14 modules
built modules 2.31 MiB (javascript) 504 bytes (consume-shared) [built]
  modules by path ../node_modules/ 2.08 MiB 375 modules
  modules by path ./ 236 KiB 44 modules
  consume-shared-module modules 504 bytes
    modules by path *.0 (singleton) 210 bytes 5 modules
    modules by path consume shared module (default) @patternfly/ 126 bytes
      consume shared module (default) @patternfly/react-core@=4.239.0 (singleton) 42 bytes [built] [code generated]
      + 2 modules
    + 4 modules
  container entry 42 bytes [built] [code generated]

WARNING in asset size limit: The following asset(s) exceed the recommended size limit (244 KiB).
This can impact web performance.
Assets: 
  198-chunk-da28374bb5b04895f8ca.min.js (1.45 MiB)
  924-chunk-b61cc50348712154c403.min.js (621 KiB)

webpack 5.105.3 compiled with 1 warning in 18247 ms
--> 23ba583d93b7
[linux/arm64] [3/3] STEP 1/5: FROM registry.access.redhat.com/ubi9/ubi-minimal
[linux/arm64] [3/3] STEP 2/5: COPY --from=web-builder /opt/app-root/web/dist /opt/app-root/web/dist
--> 0b0c148aba61
[linux/arm64] [3/3] STEP 3/5: COPY --from=go-builder /opt/app-root/plugin-backend /opt/app-root
--> b618c162f542
[linux/arm64] [3/3] STEP 4/5: COPY --from=go-builder /opt/app-root/config /opt/app-root/config
--> 153d31f297c4
[linux/arm64] [3/3] STEP 5/5: ENTRYPOINT ["/opt/app-root/plugin-backend", "-config-path", "/opt/app-root/config", "-static-path", "/opt/app-root/web/dist"]
[linux/arm64] [3/3] COMMIT
--> 518987ad2dd9
[linux/amd64] [2/3] STEP 1/10: FROM brew.registry.redhat.io/rh-osbs/openshift-golang-builder:rhel_9_golang_1.24 AS go-builder
518987ad2dd918ebcd176fbe33c45e095029bdd9e7b433e1142626d7f93bde4a
Trying to pull brew.registry.redhat.io/rh-osbs/openshift-golang-builder:rhel_9_golang_1.24...
Getting image source signatures
Copying blob sha256:e2e2fd836dcf8c102bc7bdec3fa60ccac6c08515308f3a3fd42a61dbecea6239
Copying blob sha256:5e09f8650bc245176f116be7bf617e9ebbda9f1690adc8f25ef8cc558cd62fbf
Copying config sha256:4110829d2ea57e0eeded3bd6d60857e756e7c4076501cd57b752f0411b653164
Writing manifest to image destination
[linux/amd64] [2/3] STEP 2/10: WORKDIR /opt/app-root
--> Using cache 704074ba3bd4a3fa8e42e2be7faf50d8959ef62ccd435ef106f53613fe81365c
--> 704074ba3bd4
[linux/amd64] [2/3] STEP 3/10: COPY Makefile Makefile
--> f4d569ca6cdf
[linux/amd64] [2/3] STEP 4/10: COPY go.mod go.mod
--> c37cefcd209e
[linux/amd64] [2/3] STEP 5/10: COPY go.sum go.sum
--> 0dc70f3f7fb5
[linux/amd64] [2/3] STEP 6/10: RUN make install-backend
go mod download
Go compliance shim [2] [rhel-9-golang-1.24][openshift-golang-builder]: assessment: CGO_ENABLED=1
Go compliance shim [2] [rhel-9-golang-1.24][openshift-golang-builder]: assessment: dynamic linking
Go compliance shim [2] [rhel-9-golang-1.24][openshift-golang-builder]: skipping forced compliance due to broad exemption
Go compliance shim [2] [rhel-9-golang-1.24][openshift-golang-builder]: EXEMPT: 1


Go compliance shim [2] [rhel-9-golang-1.24][openshift-golang-builder]: final command line arguments: "mod" "download" 

Go compliance shim [2] [rhel-9-golang-1.24][openshift-golang-builder]: invoking real go binary
Go compliance shim [2] [rhel-9-golang-1.24][openshift-golang-builder]: Exited with: 0
--> f08ea54ca12b
[linux/amd64] [2/3] STEP 7/10: COPY config/ config/
--> 5c3dee5cca08
[linux/amd64] [2/3] STEP 8/10: COPY cmd/ cmd/
--> 08ced29f3ce8
[linux/amd64] [2/3] STEP 9/10: COPY pkg/ pkg/
--> 927de99d485e
[linux/amd64] [2/3] STEP 10/10: RUN make build-backend
go build  -mod=readonly -o plugin-backend -mod=readonly cmd/plugin-backend.go
Go compliance shim [2] [rhel-9-golang-1.24][openshift-golang-builder]: assessment: CGO_ENABLED=1
Go compliance shim [2] [rhel-9-golang-1.24][openshift-golang-builder]: assessment: dynamic linking
Go compliance shim [2] [rhel-9-golang-1.24][openshift-golang-builder]: skipping forced compliance due to broad exemption
Go compliance shim [2] [rhel-9-golang-1.24][openshift-golang-builder]: EXEMPT: 1


Go compliance shim [2] [rhel-9-golang-1.24][openshift-golang-builder]: final command line arguments: "build" "-mod=readonly" "-o" "plugin-backend" "-mod=readonly" "cmd/plugin-backend.go" 

Go compliance shim [2] [rhel-9-golang-1.24][openshift-golang-builder]: invoking real go binary
Go compliance shim [2] [rhel-9-golang-1.24][openshift-golang-builder]: Exited with: 0
--> ae2cc7d5c3ec
[linux/amd64] [3/3] STEP 1/5: FROM registry.access.redhat.com/ubi9/ubi-minimal
Trying to pull registry.access.redhat.com/ubi9/ubi-minimal:latest...
Getting image source signatures
Checking if image destination supports signatures
Copying blob sha256:dd148063a98f38d63a03cea2357d237d418889b91f204f507c033c944e443f45
Copying config sha256:6efa28c44703806c7c6ccb45ef6f4edc45ae794e0c0b28a1902cc64fece71ffc
Writing manifest to image destination
Storing signatures
[linux/amd64] [3/3] STEP 2/5: COPY --from=web-builder /opt/app-root/web/dist /opt/app-root/web/dist
--> 1973cf172428
[linux/amd64] [3/3] STEP 3/5: COPY --from=go-builder /opt/app-root/plugin-backend /opt/app-root
--> c3fb599553ef
[linux/amd64] [3/3] STEP 4/5: COPY --from=go-builder /opt/app-root/config /opt/app-root/config
--> 5e5110422375
[linux/amd64] [3/3] STEP 5/5: ENTRYPOINT ["/opt/app-root/plugin-backend", "-config-path", "/opt/app-root/config", "-static-path", "/opt/app-root/web/dist"]
[linux/amd64] [3/3] COMMIT
--> 3c9c5b60bc31
3c9c5b60bc3159e6c8efa59bb3f88ebaaa4538b9a02fb8aab3c39676d8acf019
podman manifest push quay.io/rh-ee-emurasak/logging-view-plugin:v6.0.5
Getting image list signatures
Copying 2 images generated from 2 images in list
Copying image sha256:e390115208e85a8e2b70dfa2e0eff99155f400a1a7bf46b8d16312d5ae522cc4 (1/2)
Getting image source signatures
Copying blob sha256:0f0b8016fa49fd3f4f5bf2f0b909b8e5ff3ec269d8ea47b3d3aecc7a4315c2b1
Copying blob sha256:87ffd1222d3aba6da5d67bbd7ef9cecba3a3830806163e678ae01cc57cd03d5e
Copying blob sha256:a8d79dff31429838f425daeae72e4ed0c9c891c963483b1d34876e6583eec57b
Copying blob sha256:f861c783257260eecb3924efc2a4e139b7c4ef9ec29ebff1d1721b942b66b423
Copying config sha256:518987ad2dd918ebcd176fbe33c45e095029bdd9e7b433e1142626d7f93bde4a
Writing manifest to image destination
Copying image sha256:1a2c794ed36f4da5167506802be4dd7ee7bfe5988b97c3eb48a083ca5f666eb5 (2/2)
Getting image source signatures
Copying blob sha256:687e05e5e29dd6ccfa7103a5aaa7d2971d1585de4be7622aa22d566dbe1b73c5
Copying blob sha256:fc619adba729ec24fef75235acd9b59c5e52bdef3e16a3803a6e9e3022ba748b
Copying blob sha256:32a603ff236f27019e456af945c915e9e6b1fa1f8ef1434095b255655f16002d
Copying blob sha256:b6a7b9a6b8e07c8dee910c7c82da4ac257ed052a6030cd6d65abb918cc7e4c4f
Copying config sha256:3c9c5b60bc3159e6c8efa59bb3f88ebaaa4538b9a02fb8aab3c39676d8acf019
Writing manifest to image destination
Writing manifest list to image destination
Storing list signatures
==========================================
Building distributed-tracing-console-plugin @ release-coo-ocp-4.15 with VERSION=v0.4.3 ORG=rh-ee-emurasak
==========================================
Switched to branch 'release-coo-ocp-4.15'
Your branch is up to date with 'origin/release-coo-ocp-4.15'.
From https://github.com/openshift/distributed-tracing-console-plugin
 * branch            release-coo-ocp-4.15 -> FETCH_HEAD
Already up to date.
--- Attempt 1/3 ---
podman manifest rm quay.io/rh-ee-emurasak/distributed-tracing-console-plugin:v0.4.3 || true
Untagged: quay.io/rh-ee-emurasak/distributed-tracing-console-plugin:v0.4.3
Deleted: 4ff2228dd8867b45e2eb731ecb8b071580f36e967cd6b04f9c493f823a2ae25d
podman manifest create quay.io/rh-ee-emurasak/distributed-tracing-console-plugin:v0.4.3
99f9b29d3f32da9ebd8d8c09803a6aa50a547176d124b925f7e1e4ea51d5ad22
podman build --platform=linux/arm64,linux/amd64 --manifest quay.io/rh-ee-emurasak/distributed-tracing-console-plugin:v0.4.3 -f Dockerfile.dev
[linux/arm64] [1/3] STEP 1/8: FROM registry.redhat.io/ubi9/nodejs-22:latest AS web-builder
Trying to pull registry.redhat.io/ubi9/nodejs-22:latest...
Getting image source signatures
Checking if image destination supports signatures
Copying blob sha256:6c68ec2cb8914dd7cd64b186ef8674ae644c890fcae14edf9a3b33fde3a76cce
Copying blob sha256:8cc4364173e08b740ee39103f76581907e7a0eaa07260aeb6afbbebb8dde106e
Copying blob sha256:98245caf86240da0764634e4873f8d78498df819a738bee6e752ffc1dc9be497
Copying config sha256:bceceabd26d12d7ba9de7f0aad51a65d5ae092bd1ae800eb7bad9330a6a05b8e
Writing manifest to image destination
Storing signatures
[linux/arm64] [1/3] STEP 2/8: WORKDIR /opt/app-root
--> Using cache 2b3b4ed2e104018013987c6994b39e5230852351d782bce566e3b4d0bb442709
--> 2b3b4ed2e104
[linux/arm64] [1/3] STEP 3/8: USER 0
--> Using cache 7f8f8f3e5982a95b1ab1b2ac58e2650bb7b8362ee264983e92a3a2ed81f346d6
--> 7f8f8f3e5982
[linux/arm64] [1/3] STEP 4/8: ENV HUSKY=0
--> Using cache cd43796b49ca68ad135063a39fd7d828e86f1bfa9a5432f06f9d2f0d1ad3d92f
--> cd43796b49ca
[linux/arm64] [1/3] STEP 5/8: COPY web/package*.json web/
--> d87148286880
[linux/arm64] [1/3] STEP 6/8: COPY Makefile Makefile
--> 2e186bdb4150
[linux/arm64] [1/3] STEP 7/8: RUN --mount=type=cache,target=/opt/app-root/src/.npm COPY web/ web/
/bin/sh: line 1: COPY: command not found
[linux/amd64] [1/3] STEP 1/8: FROM registry.redhat.io/ubi9/nodejs-22:latest AS web-builder
Trying to pull registry.redhat.io/ubi9/nodejs-22:latest...
Getting image source signatures
Checking if image destination supports signatures
Copying blob sha256:669ecfdf872e83fa8f88dbdbe9b75f628fb72b9210cbdcce7ea0f449a74cac9e
Copying blob sha256:9a785c83dc42af66688cf5d3dd8e0500ce65bad5a679b45744d62c2fffbb60d8
Copying blob sha256:1c3800ac7d8629ddf73a031732f867dbc0c46d5a7dd1f70c0656c2e6e351e3aa
Copying config sha256:7ff8c7d7ce9b0c742c2379ee8b8206279c959b199e0e12bd8d486ef717c6da23
Writing manifest to image destination
Storing signatures
[linux/amd64] [1/3] STEP 2/8: WORKDIR /opt/app-root
--> Using cache 9fa54f016c2c68043ab3ace241546f3b9f08fca9b639456d47ef71bf5ff386bd
--> 9fa54f016c2c
[linux/amd64] [1/3] STEP 3/8: USER 0
--> Using cache e5c27da73f5cd7e05f5ce7c9bebd0bba2045982859d8383a163c9c8225a1e915
--> e5c27da73f5c
[linux/amd64] [1/3] STEP 4/8: ENV HUSKY=0
--> Using cache 14461c616df16e3fb9d8c81989a357e743626c8bc342e6d4b3968de984a1225a
--> 14461c616df1
[linux/amd64] [1/3] STEP 5/8: COPY web/package*.json web/
--> 2b525ee20f13
[linux/amd64] [1/3] STEP 6/8: COPY Makefile Makefile
--> 83a5174bb403
[linux/amd64] [1/3] STEP 7/8: RUN --mount=type=cache,target=/opt/app-root/src/.npm COPY web/ web/
/bin/sh: line 1: COPY: command not found
Error: 2 errors occurred:
	* [linux/arm64]: building at STEP "RUN --mount=type=cache,target=/opt/app-root/src/.npm COPY web/ web/": while running runtime: exit status 127
	* [linux/amd64]: building at STEP "RUN --mount=type=cache,target=/opt/app-root/src/.npm COPY web/ web/": while running runtime: exit status 127



make: *** [podman-cross-build] Error 127
WARNING: Attempt 1 failed for distributed-tracing-console-plugin @ release-coo-ocp-4.15 (exit code 2)
--- Attempt 2/3 ---
podman manifest rm quay.io/rh-ee-emurasak/distributed-tracing-console-plugin:v0.4.3 || true
Untagged: quay.io/rh-ee-emurasak/distributed-tracing-console-plugin:v0.4.3
Deleted: 99f9b29d3f32da9ebd8d8c09803a6aa50a547176d124b925f7e1e4ea51d5ad22
podman manifest create quay.io/rh-ee-emurasak/distributed-tracing-console-plugin:v0.4.3
1d758a3c4646399005dcb5f0272af49572238424c603a5c7bd3f86c841887df7
podman build --platform=linux/arm64,linux/amd64 --manifest quay.io/rh-ee-emurasak/distributed-tracing-console-plugin:v0.4.3 -f Dockerfile.dev
[linux/amd64] [1/3] STEP 1/8: FROM registry.redhat.io/ubi9/nodejs-22:latest AS web-builder
[linux/amd64] [1/3] STEP 2/8: WORKDIR /opt/app-root
--> Using cache 9fa54f016c2c68043ab3ace241546f3b9f08fca9b639456d47ef71bf5ff386bd
--> 9fa54f016c2c
[linux/amd64] [1/3] STEP 3/8: USER 0
--> Using cache e5c27da73f5cd7e05f5ce7c9bebd0bba2045982859d8383a163c9c8225a1e915
--> e5c27da73f5c
[linux/amd64] [1/3] STEP 4/8: ENV HUSKY=0
--> Using cache 14461c616df16e3fb9d8c81989a357e743626c8bc342e6d4b3968de984a1225a
--> 14461c616df1
[linux/amd64] [1/3] STEP 5/8: COPY web/package*.json web/
--> Using cache 2b525ee20f13ca961a5b8e304508071db2224029c2b845ba16036f7f3736978a
--> 2b525ee20f13
[linux/amd64] [1/3] STEP 6/8: COPY Makefile Makefile
--> Using cache 83a5174bb40355b34165a023ac3f1f95a1c32548c47995df62f5dc62db0f6289
--> 83a5174bb403
[linux/amd64] [1/3] STEP 7/8: RUN --mount=type=cache,target=/opt/app-root/src/.npm COPY web/ web/
/bin/sh: line 1: COPY: command not found
[linux/arm64] [1/3] STEP 1/8: FROM registry.redhat.io/ubi9/nodejs-22:latest AS web-builder
Trying to pull registry.redhat.io/ubi9/nodejs-22:latest...
Getting image source signatures
Checking if image destination supports signatures
Copying blob sha256:8cc4364173e08b740ee39103f76581907e7a0eaa07260aeb6afbbebb8dde106e
Copying blob sha256:6c68ec2cb8914dd7cd64b186ef8674ae644c890fcae14edf9a3b33fde3a76cce
Copying blob sha256:98245caf86240da0764634e4873f8d78498df819a738bee6e752ffc1dc9be497
Copying config sha256:bceceabd26d12d7ba9de7f0aad51a65d5ae092bd1ae800eb7bad9330a6a05b8e
Writing manifest to image destination
Storing signatures
[linux/arm64] [1/3] STEP 2/8: WORKDIR /opt/app-root
--> Using cache 2b3b4ed2e104018013987c6994b39e5230852351d782bce566e3b4d0bb442709
--> 2b3b4ed2e104
[linux/arm64] [1/3] STEP 3/8: USER 0
--> Using cache 7f8f8f3e5982a95b1ab1b2ac58e2650bb7b8362ee264983e92a3a2ed81f346d6
--> 7f8f8f3e5982
[linux/arm64] [1/3] STEP 4/8: ENV HUSKY=0
--> Using cache cd43796b49ca68ad135063a39fd7d828e86f1bfa9a5432f06f9d2f0d1ad3d92f
--> cd43796b49ca
[linux/arm64] [1/3] STEP 5/8: COPY web/package*.json web/
--> Using cache d871482868801df303f0f652e5f81fc8d22820eff0f1a25f1feb5e3f22869256
--> d87148286880
[linux/arm64] [1/3] STEP 6/8: COPY Makefile Makefile
--> Using cache 2e186bdb4150e35bbe04a97fa022101a205d9270aa3b93ecf592a7ded90cf3da
--> 2e186bdb4150
[linux/arm64] [1/3] STEP 7/8: RUN --mount=type=cache,target=/opt/app-root/src/.npm COPY web/ web/
/bin/sh: line 1: COPY: command not found
Error: 2 errors occurred:
	* [linux/amd64]: building at STEP "RUN --mount=type=cache,target=/opt/app-root/src/.npm COPY web/ web/": while running runtime: exit status 127
	* [linux/arm64]: building at STEP "RUN --mount=type=cache,target=/opt/app-root/src/.npm COPY web/ web/": while running runtime: exit status 127



make: *** [podman-cross-build] Error 127
WARNING: Attempt 2 failed for distributed-tracing-console-plugin @ release-coo-ocp-4.15 (exit code 2)
--- Attempt 3/3 ---
podman manifest rm quay.io/rh-ee-emurasak/distributed-tracing-console-plugin:v0.4.3 || true
Untagged: quay.io/rh-ee-emurasak/distributed-tracing-console-plugin:v0.4.3
Deleted: 1d758a3c4646399005dcb5f0272af49572238424c603a5c7bd3f86c841887df7
podman manifest create quay.io/rh-ee-emurasak/distributed-tracing-console-plugin:v0.4.3
f60de04e72aeb51f0036672d59dab138b529b416be1a027df38f977984513871
podman build --platform=linux/arm64,linux/amd64 --manifest quay.io/rh-ee-emurasak/distributed-tracing-console-plugin:v0.4.3 -f Dockerfile.dev
[linux/amd64] [1/3] STEP 1/8: FROM registry.redhat.io/ubi9/nodejs-22:latest AS web-builder
Trying to pull registry.redhat.io/ubi9/nodejs-22:latest...
Getting image source signatures
Checking if image destination supports signatures
Copying blob sha256:669ecfdf872e83fa8f88dbdbe9b75f628fb72b9210cbdcce7ea0f449a74cac9e
Copying blob sha256:9a785c83dc42af66688cf5d3dd8e0500ce65bad5a679b45744d62c2fffbb60d8
Copying blob sha256:1c3800ac7d8629ddf73a031732f867dbc0c46d5a7dd1f70c0656c2e6e351e3aa
Copying config sha256:7ff8c7d7ce9b0c742c2379ee8b8206279c959b199e0e12bd8d486ef717c6da23
Writing manifest to image destination
Storing signatures
[linux/amd64] [1/3] STEP 2/8: WORKDIR /opt/app-root
--> Using cache 9fa54f016c2c68043ab3ace241546f3b9f08fca9b639456d47ef71bf5ff386bd
--> 9fa54f016c2c
[linux/amd64] [1/3] STEP 3/8: USER 0
--> Using cache e5c27da73f5cd7e05f5ce7c9bebd0bba2045982859d8383a163c9c8225a1e915
--> e5c27da73f5c
[linux/amd64] [1/3] STEP 4/8: ENV HUSKY=0
--> Using cache 14461c616df16e3fb9d8c81989a357e743626c8bc342e6d4b3968de984a1225a
--> 14461c616df1
[linux/amd64] [1/3] STEP 5/8: COPY web/package*.json web/
--> Using cache 2b525ee20f13ca961a5b8e304508071db2224029c2b845ba16036f7f3736978a
--> 2b525ee20f13
[linux/amd64] [1/3] STEP 6/8: COPY Makefile Makefile
--> Using cache 83a5174bb40355b34165a023ac3f1f95a1c32548c47995df62f5dc62db0f6289
--> 83a5174bb403
[linux/amd64] [1/3] STEP 7/8: RUN --mount=type=cache,target=/opt/app-root/src/.npm COPY web/ web/
/bin/sh: line 1: COPY: command not found
[linux/arm64] [1/3] STEP 1/8: FROM registry.redhat.io/ubi9/nodejs-22:latest AS web-builder
Trying to pull registry.redhat.io/ubi9/nodejs-22:latest...
Getting image source signatures
Checking if image destination supports signatures
Copying blob sha256:8cc4364173e08b740ee39103f76581907e7a0eaa07260aeb6afbbebb8dde106e
Copying blob sha256:6c68ec2cb8914dd7cd64b186ef8674ae644c890fcae14edf9a3b33fde3a76cce
Copying blob sha256:98245caf86240da0764634e4873f8d78498df819a738bee6e752ffc1dc9be497
Copying config sha256:bceceabd26d12d7ba9de7f0aad51a65d5ae092bd1ae800eb7bad9330a6a05b8e
Writing manifest to image destination
Storing signatures
[linux/arm64] [1/3] STEP 2/8: WORKDIR /opt/app-root
--> Using cache 2b3b4ed2e104018013987c6994b39e5230852351d782bce566e3b4d0bb442709
--> 2b3b4ed2e104
[linux/arm64] [1/3] STEP 3/8: USER 0
--> Using cache 7f8f8f3e5982a95b1ab1b2ac58e2650bb7b8362ee264983e92a3a2ed81f346d6
--> 7f8f8f3e5982
[linux/arm64] [1/3] STEP 4/8: ENV HUSKY=0
--> Using cache cd43796b49ca68ad135063a39fd7d828e86f1bfa9a5432f06f9d2f0d1ad3d92f
--> cd43796b49ca
[linux/arm64] [1/3] STEP 5/8: COPY web/package*.json web/
--> Using cache d871482868801df303f0f652e5f81fc8d22820eff0f1a25f1feb5e3f22869256
--> d87148286880
[linux/arm64] [1/3] STEP 6/8: COPY Makefile Makefile
--> Using cache 2e186bdb4150e35bbe04a97fa022101a205d9270aa3b93ecf592a7ded90cf3da
--> 2e186bdb4150
[linux/arm64] [1/3] STEP 7/8: RUN --mount=type=cache,target=/opt/app-root/src/.npm COPY web/ web/
/bin/sh: line 1: COPY: command not found
Error: 2 errors occurred:
	* [linux/amd64]: building at STEP "RUN --mount=type=cache,target=/opt/app-root/src/.npm COPY web/ web/": while running runtime: exit status 127
	* [linux/arm64]: building at STEP "RUN --mount=type=cache,target=/opt/app-root/src/.npm COPY web/ web/": while running runtime: exit status 127



make: *** [podman-cross-build] Error 127
WARNING: Attempt 3 failed for distributed-tracing-console-plugin @ release-coo-ocp-4.15 (exit code 2)
WARNING: Build failed for distributed-tracing-console-plugin @ release-coo-ocp-4.15 after 3 attempts, continuing...
==========================================
Building logging-view-plugin @ release-coo-ocp-4.15 with VERSION=v6.1.6 ORG=rh-ee-emurasak
==========================================
Switched to branch 'release-coo-ocp-4.15'
Your branch is behind 'origin/release-coo-ocp-4.15' by 4 commits, and can be fast-forwarded.
  (use "git pull" to update your local branch)
From https://github.com/openshift/logging-view-plugin
 * branch            release-coo-ocp-4.15 -> FETCH_HEAD
Updating e475c09..9c2bb34
Fast-forward
 .claude/commands/backport.md                   | 325 +++++++++++++++++++++++++
 web/cypress/e2e/integration/logs-sorting.cy.ts | 118 +++++++++
 web/package.json                               |   2 +-
 web/src/__tests__/numeric-comparator.spec.ts   | 128 ++++++++++
 web/src/components/logs-table.tsx              |  43 +++-
 web/src/logs.types.ts                          |   2 +
 web/src/sort-utils.ts                          |  28 +++
 7 files changed, 632 insertions(+), 14 deletions(-)
 create mode 100644 .claude/commands/backport.md
 create mode 100644 web/cypress/e2e/integration/logs-sorting.cy.ts
 create mode 100644 web/src/__tests__/numeric-comparator.spec.ts
 create mode 100644 web/src/sort-utils.ts
--- Attempt 1/3 ---
make: *** No rule to make target `podman-cross-build'.  Stop.
WARNING: Attempt 1 failed for logging-view-plugin @ release-coo-ocp-4.15 (exit code 2)
--- Attempt 2/3 ---
make: *** No rule to make target `podman-cross-build'.  Stop.
WARNING: Attempt 2 failed for logging-view-plugin @ release-coo-ocp-4.15 (exit code 2)
--- Attempt 3/3 ---
make: *** No rule to make target `podman-cross-build'.  Stop.
WARNING: Attempt 3 failed for logging-view-plugin @ release-coo-ocp-4.15 (exit code 2)
WARNING: Build failed for logging-view-plugin @ release-coo-ocp-4.15 after 3 attempts, continuing...
==========================================
Building monitoring-plugin @ release-coo-ocp-4.15 with VERSION=v0.4.5 ORG=rh-ee-emurasak
==========================================
Switched to branch 'release-coo-ocp-4.15'
Your branch is up to date with 'origin/release-coo-ocp-4.15'.
From https://github.com/openshift/monitoring-plugin
 * branch            release-coo-ocp-4.15 -> FETCH_HEAD
Already up to date.
--- Attempt 1/3 ---
podman manifest rm quay.io/rh-ee-emurasak/monitoring-console-plugin:v0.4.5 || true
Untagged: quay.io/rh-ee-emurasak/monitoring-console-plugin:v0.4.5
Deleted: fed5eddcfa67fadbb23c211484877b60ec23792bd769cfe1862264ed0cc82115
podman manifest create quay.io/rh-ee-emurasak/monitoring-console-plugin:v0.4.5
852c59ffe7a25f9bf7f52798a785a8e6b18a0ae927573026e6c12be00ce6b4a9
podman build --platform linux/arm64,linux/amd64 --manifest quay.io/rh-ee-emurasak/monitoring-console-plugin:v0.4.5 -f Dockerfile.mcp
[linux/arm64] [1/3] STEP 1/11: FROM registry.redhat.io/ubi9/nodejs-20:1-59 AS web-builder
[linux/arm64] [1/3] STEP 2/11: USER 0
--> Using cache 84388845b899e6e24fb1ef6aa1b5c98410c82e0f864ca474cc871cc48e97b8a6
--> 84388845b899
[linux/arm64] [1/3] STEP 3/11: WORKDIR /opt/app-root
--> Using cache b9a122b129a73e5dd69c707f5eb40b5b715a91143a41c2454f04eb8d0cd2f390
--> b9a122b129a7
[linux/arm64] [1/3] STEP 4/11: ENV HUSKY=0
--> Using cache d13b59b05001b13d148f35b3f50defac0c2babc72213f074d732cd99cf422f0d
--> d13b59b05001
[linux/arm64] [1/3] STEP 5/11: COPY Makefile Makefile
--> Using cache ffbdf1b195f61df3a541c939c396c5ed79407567254513e6ca0d8f9fd7a44d78
--> ffbdf1b195f6
[linux/arm64] [1/3] STEP 6/11: COPY scripts/update-plugin-name.sh scripts/update-plugin-name.sh
--> Using cache 4f3fe7dd70e60ba50bf4daa79f963eae80d89923639a9b73e431b2262c54d0db
--> 4f3fe7dd70e6
[linux/arm64] [1/3] STEP 7/11: COPY web/ web/
--> Using cache 3848b93afe1ac6f419d654acb3e65d52553ab014e9aba3e4dd91a660be0fa954
--> 3848b93afe1a
[linux/arm64] [1/3] STEP 8/11: RUN make update-plugin-name
--> Using cache aaf4b930ea67992d41b339a14c93dc642925e2e269c84c4440636d385803db39
--> aaf4b930ea67
[linux/arm64] [1/3] STEP 9/11: ENV I18N_NAMESPACE="plugin__monitoring-console-plugin"
--> Using cache faf7b04c628f29838e0f86ed52d8c0de617019a627b337be790f7838d420bdc9
--> faf7b04c628f
[linux/arm64] [1/3] STEP 10/11: RUN make install-frontend
--> Using cache f50addf9fd8cac1b78ab0618da89e2ca0437fb7a36335c9fe3059356b2acc924
--> f50addf9fd8c
[linux/arm64] [1/3] STEP 11/11: RUN make build-frontend
--> Using cache 2514ac51cb3de373301b81aa0bced2129305c51413a0aadacd900f85c63413b1
--> 2514ac51cb3d
[linux/arm64] [2/3] STEP 1/9: FROM brew.registry.redhat.io/rh-osbs/openshift-golang-builder:rhel_9_golang_1.23 AS go-builder
[linux/arm64] [2/3] STEP 2/9: WORKDIR /opt/app-root
--> Using cache 35ba353ad25b89037fb7154a63b038421e8b4b37e9c2c6e0bbb4a1d10feaaabf
--> 35ba353ad25b
[linux/arm64] [2/3] STEP 3/9: COPY Makefile Makefile
--> Using cache 19d350f674c8111446850cd574b2b001406f8d43c56db3741c1ebea1959c04fd
--> 19d350f674c8
[linux/arm64] [2/3] STEP 4/9: COPY go.mod go.mod
--> Using cache 425cb407ead6d13745e3e9655591056d44665b6e15c5f6554e51615747a7caa9
--> 425cb407ead6
[linux/arm64] [2/3] STEP 5/9: COPY go.sum go.sum
--> Using cache acce536cbbbd6cd8a1d5ba32926547b51b261e0da95188e3e2d578e080e10e95
--> acce536cbbbd
[linux/arm64] [2/3] STEP 6/9: RUN go mod download
--> Using cache cca826250555c2c9b2e2e2c2c1369418bd368e15c52f0aa583785620bec2fa8b
--> cca826250555
[linux/arm64] [2/3] STEP 7/9: COPY cmd/ cmd/
--> Using cache 5586fb46c76a2390bf264e43d709c9961604fba83872dd0ee37d89ec200daa9d
--> 5586fb46c76a
[linux/arm64] [2/3] STEP 8/9: COPY pkg/ pkg/
--> Using cache 414368a86f41cbe9a06464bb06874bbc51cd9835aaba65f876b3979ff783ed99
--> 414368a86f41
[linux/arm64] [2/3] STEP 9/9: RUN go build -mod=mod -o plugin-backend cmd/plugin-backend.go
--> Using cache 9ee1dfe19f2cf48b3532419f9c0f0de1a055f0d77ec5a847ca78760b372bd2b1
--> 9ee1dfe19f2c
[linux/amd64] [1/3] STEP 1/11: FROM registry.redhat.io/ubi9/nodejs-20:1-59 AS web-builder
Trying to pull registry.redhat.io/ubi9/nodejs-20:1-59...
Getting image source signatures
Checking if image destination supports signatures
Copying blob sha256:94cdc3e7c5bff42dbb2c7ea912676b1b9baaa677b8c1b514f4b7a7f719d59c6a
Copying blob sha256:f5e6502d2728ac70bea5ebf27077abc1ccfcc4b6601b93055132a1559bac5151
Copying blob sha256:617256ad76f67c02baf41a3596507347f65a9c7566960e649da610cae4da591e
Copying config sha256:7697932fa5075c88fab12d0ca95acb35c325597a68f18a7cfd25d5b158f58cea
Writing manifest to image destination
Storing signatures
[linux/amd64] [1/3] STEP 2/11: USER 0
--> Using cache 346cf869f2129d721db9b835b2dc97ae2167f1a46efeb2a5090c2767038340a0
--> 346cf869f212
[linux/amd64] [1/3] STEP 3/11: WORKDIR /opt/app-root
--> Using cache 88682e2403b678d763df1b2f31ecc6b6f1962e97f611520b9381f016f387f2d1
--> 88682e2403b6
[linux/amd64] [1/3] STEP 4/11: ENV HUSKY=0
--> Using cache b4f1ca12c25005fd3471dbf80f2271f517e41fd838757d8516d8ec96dce47ac5
--> b4f1ca12c250
[linux/amd64] [1/3] STEP 5/11: COPY Makefile Makefile
--> Using cache b396ccabc3bc4a89723e16b2f83c80a67b3248da312fce8109e4eefe6f3088d3
--> b396ccabc3bc
[linux/amd64] [1/3] STEP 6/11: COPY scripts/update-plugin-name.sh scripts/update-plugin-name.sh
--> Using cache d353b5a95d762844231f7dbbda8e156cd64bdb4d852151019455ecf7c57af15f
--> d353b5a95d76
[linux/amd64] [1/3] STEP 7/11: COPY web/ web/
--> Using cache 2259456e9b55905193b61255a02246cd076694bf9c2425ea61c5e6ec05ef7cd5
--> 2259456e9b55
[linux/amd64] [1/3] STEP 8/11: RUN make update-plugin-name
--> Using cache a7653cb932935fb6572b7d203c69bcf158eacceff2ab2e8ff6277791139a2a94
--> a7653cb93293
[linux/amd64] [1/3] STEP 9/11: ENV I18N_NAMESPACE="plugin__monitoring-console-plugin"
--> Using cache 6ffa3dbf398df3d59ee32e2e268d6fef761a4ed3337a2226d0bab6b26243ad80
--> 6ffa3dbf398d
[linux/amd64] [1/3] STEP 10/11: RUN make install-frontend
--> Using cache 542da9016a6f4807f9c070d8df29ab1f2e6c5246edc4911f7dd341910a31caae
--> 542da9016a6f
[linux/amd64] [1/3] STEP 11/11: RUN make build-frontend
--> Using cache d19953b3a2ecca9ad70de42e010232fa4289325f42a1633ef7f70de6e727b20e
--> d19953b3a2ec
[linux/arm64] [3/3] STEP 1/7: FROM registry.access.redhat.com/ubi9/ubi-minimal
Trying to pull registry.access.redhat.com/ubi9/ubi-minimal:latest...
Getting image source signatures
Checking if image destination supports signatures
Copying blob sha256:7db43598c7e47cf895f880f92e3cee9c07787091c97802ea3f2bea8fa4848040
Copying config sha256:64826a3b202499f826f4af0dc0afdbd7fd6681218074b7ea7ed3969c6e12009e
Writing manifest to image destination
Storing signatures
[linux/arm64] [3/3] STEP 2/7: USER 1001
--> Using cache a4bd7e7ab7479c9129662ef6b92494334dfab84b0d8b6c8ac231433a23ff7273
--> a4bd7e7ab747
[linux/arm64] [3/3] STEP 3/7: COPY --from=web-builder /opt/app-root/web/dist /opt/app-root/web/dist
--> Using cache 43da34fd07f8b11074f5bc7ee35ca805d2b40389b706319be022b6f716464c0b
--> 43da34fd07f8
[linux/arm64] [3/3] STEP 4/7: COPY --from=web-builder /opt/app-root/web/package.json /opt/app-root/web/package.json
--> Using cache eed4aa0f43ce86e735d9c9f87b61489a68ae684db3b05979268e99159426b080
--> eed4aa0f43ce
[linux/arm64] [3/3] STEP 5/7: COPY --from=go-builder /opt/app-root/plugin-backend /opt/app-root
--> Using cache c6f52defc9f5849f99b3e58ecc17b79093740800d684b1e6bd41bc7fcbdee899
--> c6f52defc9f5
[linux/arm64] [3/3] STEP 6/7: COPY config/ /opt/app-root/config
--> Using cache 045e7761803f518108bce8d6657429576ce5ef8bd294fa0c4d41e65dd329ac72
--> 045e7761803f
[linux/arm64] [3/3] STEP 7/7: ENTRYPOINT ["/opt/app-root/plugin-backend", "-static-path", "/opt/app-root/web/dist", "-config-path", "/opt/app-root/config"]
--> Using cache 74c801612ede627636632ef7cbb6dc8746afebe0617cba274fff53322b3d3409
--> 74c801612ede
[linux/amd64] [2/3] STEP 1/9: FROM brew.registry.redhat.io/rh-osbs/openshift-golang-builder:rhel_9_golang_1.23 AS go-builder
74c801612ede627636632ef7cbb6dc8746afebe0617cba274fff53322b3d3409
Trying to pull brew.registry.redhat.io/rh-osbs/openshift-golang-builder:rhel_9_golang_1.23...
Getting image source signatures
Copying blob sha256:41e2642345fb0cc51dd8e4e60037216de84dce6e2f39b0d82165821221e8de3b
Copying blob sha256:5e09f8650bc245176f116be7bf617e9ebbda9f1690adc8f25ef8cc558cd62fbf
Copying config sha256:f3dea12931ce061bd2c181dcd80faa7303ae748e7e7e098d3a70a0d0f58161d6
Writing manifest to image destination
[linux/amd64] [2/3] STEP 2/9: WORKDIR /opt/app-root
--> Using cache 23acdfa7d5fd3839249474f6a01a368e27b9043c2368a3d8078a9720cf9f34d8
--> 23acdfa7d5fd
[linux/amd64] [2/3] STEP 3/9: COPY Makefile Makefile
--> Using cache 11b2f41b5ceaa1076a20024e98b03b426e5135cdcae072510a9e6c56858d431e
--> 11b2f41b5cea
[linux/amd64] [2/3] STEP 4/9: COPY go.mod go.mod
--> Using cache a9d4661a27766ba3b815e4448a8ebf7c96ca9c312bd1a7ed71b8d241c64abb87
--> a9d4661a2776
[linux/amd64] [2/3] STEP 5/9: COPY go.sum go.sum
--> Using cache 533c44030527e2a612f4897bd0627a010a49081a8931dc360812fa639ac27fb6
--> 533c44030527
[linux/amd64] [2/3] STEP 6/9: RUN go mod download
--> Using cache 55484fdeaa5f049050fde47be58affd8b106d9ea361e2b522fcc12dc5da34d60
--> 55484fdeaa5f
[linux/amd64] [2/3] STEP 7/9: COPY cmd/ cmd/
--> Using cache 9866e1f465b50b15f75f930dca66b9a28631b100fae5ac89fd6d1fb7041b3398
--> 9866e1f465b5
[linux/amd64] [2/3] STEP 8/9: COPY pkg/ pkg/
--> Using cache bd6edf44b0c4d185ce0fd669aceaedfbd74b805a0935dc2eab77a2d219e0a31b
--> bd6edf44b0c4
[linux/amd64] [2/3] STEP 9/9: RUN go build -mod=mod -o plugin-backend cmd/plugin-backend.go
--> Using cache 67c95891827e74fabe80753a66a958f13c544f043c60917f76d07b75362c11db
--> 67c95891827e
[linux/amd64] [3/3] STEP 1/7: FROM registry.access.redhat.com/ubi9/ubi-minimal
Trying to pull registry.access.redhat.com/ubi9/ubi-minimal:latest...
Getting image source signatures
Checking if image destination supports signatures
Copying blob sha256:dd148063a98f38d63a03cea2357d237d418889b91f204f507c033c944e443f45
Copying config sha256:6efa28c44703806c7c6ccb45ef6f4edc45ae794e0c0b28a1902cc64fece71ffc
Writing manifest to image destination
Storing signatures
[linux/amd64] [3/3] STEP 2/7: USER 1001
--> Using cache 576a697ff41829ee514a956120a6d247d5d06b165c622b603fc06d87346c9ec8
--> 576a697ff418
[linux/amd64] [3/3] STEP 3/7: COPY --from=web-builder /opt/app-root/web/dist /opt/app-root/web/dist
--> Using cache b629cefaae13a485eee4f54773ae2292758e25d2f9eb211cb9d7b7bca28e7a01
--> b629cefaae13
[linux/amd64] [3/3] STEP 4/7: COPY --from=web-builder /opt/app-root/web/package.json /opt/app-root/web/package.json
--> Using cache 7dee55a915c8abd23e7f67f1857f60d3223cd4d426d149caaf442af854d829a7
--> 7dee55a915c8
[linux/amd64] [3/3] STEP 5/7: COPY --from=go-builder /opt/app-root/plugin-backend /opt/app-root
--> Using cache f483a3960ae05469e9fc578950ba6c97e362c0081a7998862e7e60c5283c282d
--> f483a3960ae0
[linux/amd64] [3/3] STEP 6/7: COPY config/ /opt/app-root/config
--> Using cache 29f00fe08f8a37f9067f180d2325af41df2b1feaae6e12d2b158342da25ab881
--> 29f00fe08f8a
[linux/amd64] [3/3] STEP 7/7: ENTRYPOINT ["/opt/app-root/plugin-backend", "-static-path", "/opt/app-root/web/dist", "-config-path", "/opt/app-root/config"]
--> Using cache 268808f235c65511736b78ac1fd5fbc5a48129b8ca0e698f49d87ae5178d39a5
--> 268808f235c6
268808f235c65511736b78ac1fd5fbc5a48129b8ca0e698f49d87ae5178d39a5
podman manifest push quay.io/rh-ee-emurasak/monitoring-console-plugin:v0.4.5
Getting image list signatures
Copying 2 images generated from 2 images in list
Copying image sha256:bbc13fd7359da8305a2dc8246477cad8ea8c02cefcd7003b718805419f1d6bd2 (1/2)
Getting image source signatures
Copying blob sha256:886f7ed991a7b9051c0a638ae79a1623e13c90faa02d7246b3cc8ec210cc845d
Copying blob sha256:4d4e5664c527fda8cc52927521d0fd05f296f8743c7cfb0cd7771c7077c6971f
Copying blob sha256:87ffd1222d3aba6da5d67bbd7ef9cecba3a3830806163e678ae01cc57cd03d5e
Copying blob sha256:41d30b6b800b5aabba89a890f202558f7308cb54584e4371693b7548f4c082a4
Copying blob sha256:84852310eb1b32bea8108dc3c76721e59b9316e3c0223f2c62a38ab4666ea2ba
Copying config sha256:74c801612ede627636632ef7cbb6dc8746afebe0617cba274fff53322b3d3409
Writing manifest to image destination
Copying image sha256:a97da605fb6e42e96763a1ca2acb9d6037b7d02f8d92fa0cb8f73563528f73b4 (2/2)
Getting image source signatures
Copying blob sha256:9c3e43440f0fa05752e91b4652e3a0758104c793cf58bcad385efbcac88b4519
Copying blob sha256:fc619adba729ec24fef75235acd9b59c5e52bdef3e16a3803a6e9e3022ba748b
Copying blob sha256:8b5c3a85984545af66af6141cbcc68a1f8168c48112a29cabc1774da8eb55d46
Copying blob sha256:26c485e78178c3a83123647b579c73f9069610e56bbca912fceedbc8db54957a
Copying blob sha256:a4241c542fc9aec330d31f4f665078815c6f09d7116ab98f98965714e1b5dfd6
Copying config sha256:268808f235c65511736b78ac1fd5fbc5a48129b8ca0e698f49d87ae5178d39a5
Writing manifest to image destination
Writing manifest list to image destination
Storing list signatures
==========================================
Building distributed-tracing-console-plugin @ release-coo-ocp-4.19 with VERSION=v1.0.3 ORG=rh-ee-emurasak
==========================================
Switched to branch 'release-coo-ocp-4.19'
Your branch is up to date with 'origin/release-coo-ocp-4.19'.
From https://github.com/openshift/distributed-tracing-console-plugin
 * branch            release-coo-ocp-4.19 -> FETCH_HEAD
Already up to date.
--- Attempt 1/3 ---
podman manifest rm quay.io/rh-ee-emurasak/distributed-tracing-console-plugin:v1.0.3 || true
Untagged: quay.io/rh-ee-emurasak/distributed-tracing-console-plugin:v1.0.3
Deleted: 4fc1c5ae36b1019a41ac220606353438f4483b95caa7aaca4fffdce33e3c1302
podman manifest create quay.io/rh-ee-emurasak/distributed-tracing-console-plugin:v1.0.3
c2d1e4182962b8b97bf88b6519fd392f327a7758261b3d8efa94d97d4ac27ee9
podman build --platform=linux/arm64,linux/amd64 --manifest quay.io/rh-ee-emurasak/distributed-tracing-console-plugin:v1.0.3 -f Dockerfile.dev
[linux/arm64] [1/3] STEP 1/9: FROM registry.redhat.io/ubi9/nodejs-22:latest AS web-builder
[linux/arm64] [1/3] STEP 2/9: WORKDIR /opt/app-root
--> Using cache 2b3b4ed2e104018013987c6994b39e5230852351d782bce566e3b4d0bb442709
--> 2b3b4ed2e104
[linux/arm64] [1/3] STEP 3/9: USER 0
--> Using cache 7f8f8f3e5982a95b1ab1b2ac58e2650bb7b8362ee264983e92a3a2ed81f346d6
--> 7f8f8f3e5982
[linux/arm64] [1/3] STEP 4/9: ENV HUSKY=0
--> Using cache cd43796b49ca68ad135063a39fd7d828e86f1bfa9a5432f06f9d2f0d1ad3d92f
--> cd43796b49ca
[linux/arm64] [1/3] STEP 5/9: COPY web/package*.json web/
--> ec9124305e49
[linux/arm64] [1/3] STEP 6/9: COPY Makefile Makefile
--> 3efcfde5f103
[linux/arm64] [1/3] STEP 7/9: RUN make install-frontend-ci-clean
cd web && npm ci --ignore-scripts --omit=optional
npm warn deprecated rimraf@3.0.2: Rimraf versions prior to v4 are no longer supported
npm warn deprecated popper.js@1.16.1: You can find the new Popper v2 at @popperjs/core, this package is dedicated to the legacy v1
npm warn deprecated inflight@1.0.6: This module is not supported, and leaks memory. Do not use it. Check out lru-cache if you want a good and tested way to coalesce async requests by a key value, which is much more comprehensive and powerful.
npm warn deprecated glob@7.2.3: Glob versions prior to v9 are no longer supported
npm warn deprecated eslint@8.57.1: This version is no longer supported. Please see https://eslint.org/version-support for other options.
npm warn deprecated @humanwhocodes/object-schema@2.0.3: Use @eslint/object-schema instead
npm warn deprecated @humanwhocodes/config-array@0.13.0: Use @eslint/config-array instead
npm warn deprecated rimraf@2.7.1: Rimraf versions prior to v4 are no longer supported

added 1811 packages, and audited 1812 packages in 44s

313 packages are looking for funding
  run `npm fund` for details

25 vulnerabilities (1 low, 20 moderate, 4 high)

To address issues that do not require attention, run:
  npm audit fix

To address all issues (including breaking changes), run:
  npm audit fix --force

Run `npm audit` for details.
cd web && npm cache clean --force
npm warn using --force Recommended protections disabled.
--> 66a827aae72c
[linux/arm64] [1/3] STEP 8/9: COPY web/ web/
--> 7977c233f174
[linux/arm64] [1/3] STEP 9/9: RUN make build-frontend
cd web && npm run build

> distributed-tracing-console-plugin@1.0.0 build
> npm run clean && NODE_ENV=production npm run webpack


> distributed-tracing-console-plugin@1.0.0 clean
> rm -rf dist


> distributed-tracing-console-plugin@1.0.0 webpack
> node -r ts-node/register ./node_modules/.bin/webpack

assets by path assets/ 1.27 MiB
  assets by path assets/*.woff 740 KiB 42 assets
  assets by path assets/*.woff2 565 KiB
    asset assets/inter-latin-ext-600-normal..woff2 35.4 KiB [emitted] [from: ../node_modules/@fontsource/inter/files/inter-latin-ext-600-normal.woff2] (auxiliary id hint: vendors)
    asset assets/inter-latin-ext-700-normal..woff2 35.4 KiB [emitted] [from: ../node_modules/@fontsource/inter/files/inter-latin-ext-700-normal.woff2] (auxiliary id hint: vendors)
    + 40 assets
assets by path *.js 3.28 MiB
  assets by chunk 2.92 MiB (id hint: vendors)
    asset 1907-chunk-a659e32230067e72d6a9.min.js 2.61 MiB [emitted] [immutable] [minimized] [big] (id hint: vendors) 1 related asset
    asset 3864-chunk-29ef05162fade1526552.min.js 121 KiB [emitted] [immutable] [minimized] (id hint: vendors) 1 related asset
    asset 9252-chunk-7a4ebe4030b397b180f5.min.js 40.1 KiB [emitted] [immutable] [minimized] (id hint: vendors)
    + 9 assets
  + 67 assets
asset locales/en/plugin__distributed-tracing-console-plugin.json 4.29 KiB [emitted] [from: ../locales/en/plugin__distributed-tracing-console-plugin.json] [copied]
asset plugin-manifest.json 895 bytes [emitted]
orphan modules 21.9 MiB [orphan] 13317 modules
runtime modules 34.7 KiB 14 modules
built modules 10.2 MiB (javascript) 1.27 MiB (asset) 1.6 KiB (consume-shared) 1.39 KiB (share-init) [built]
  javascript modules 10.2 MiB 721 modules
  asset modules 1.27 MiB (asset) 3.45 KiB (javascript)
    modules by path ../node_modules/@fontsource/inter/files/*.woff2 565 KiB (asset) 1.72 KiB (javascript) 42 modules
    modules by path ../node_modules/@fontsource/inter/files/*.woff 740 KiB (asset) 1.72 KiB (javascript) 42 modules
  consume-shared-module modules 1.6 KiB
    modules by path consume shared module (default) @patternfly/ 1.39 KiB 34 modules
    + 5 modules
  provide-module modules 1.39 KiB
    modules by path provide shared module (default) @patternfly/react-core/dist/dynamic/ 924 bytes 22 modules
    modules by path provide shared module (default) @patternfly/react-icons/dist/dynamic/icons/ 504 bytes 12 modules

WARNING in asset size limit: The following asset(s) exceed the recommended size limit (244 KiB).
This can impact web performance.
Assets: 
  1907-chunk-a659e32230067e72d6a9.min.js (2.61 MiB)

webpack 5.105.3 compiled with 1 warning in 79312 ms
--> 4e40f802d350
[linux/arm64] [2/3] STEP 1/12: FROM brew.registry.redhat.io/rh-osbs/openshift-golang-builder:rhel_9_1.25 AS go-builder
[linux/arm64] [2/3] STEP 2/12: WORKDIR /opt/app-root
--> Using cache 9f9812fb872c838d6c162644bfbfa5876a42a19045c74b040d0bfc4d0725e330
--> 9f9812fb872c
[linux/arm64] [2/3] STEP 3/12: COPY Makefile Makefile
--> Using cache b8523c9cbb4676488fed693d6533159d896f0148d60c2cff47967db814586378
--> b8523c9cbb46
[linux/arm64] [2/3] STEP 4/12: COPY go.mod go.mod
--> 34ed87a69fa2
[linux/arm64] [2/3] STEP 5/12: COPY go.sum go.sum
--> a990bb83a464
[linux/arm64] [2/3] STEP 6/12: RUN make install-backend
go mod download
Go compliance shim [2] [rhel-9-golang-1.25][openshift-golang-builder]: assessment: CGO_ENABLED=1
Go compliance shim [2] [rhel-9-golang-1.25][openshift-golang-builder]: assessment: dynamic linking
Go compliance shim [2] [rhel-9-golang-1.25][openshift-golang-builder]: skipping forced compliance due to broad exemption
Go compliance shim [2] [rhel-9-golang-1.25][openshift-golang-builder]: EXEMPT: 1


Go compliance shim [2] [rhel-9-golang-1.25][openshift-golang-builder]: final command line arguments: "mod" "download" 

Go compliance shim [2] [rhel-9-golang-1.25][openshift-golang-builder]: invoking real go binary
Go compliance shim [2] [rhel-9-golang-1.25][openshift-golang-builder]: Exited with: 0
--> 8007903e7ab3
[linux/arm64] [2/3] STEP 7/12: COPY cmd/ cmd/
--> 387dc900791c
[linux/arm64] [2/3] STEP 8/12: COPY pkg/ pkg/
--> f0ebea290a8a
[linux/arm64] [2/3] STEP 9/12: ENV GOFLAGS='-mod=mod'
--> 6eec04c22b38
[linux/arm64] [2/3] STEP 10/12: ENV GOEXPERIMENT=strictfipsruntime
--> 7020a8981323
[linux/arm64] [2/3] STEP 11/12: ENV CGO_ENABLED=1
--> a7ed4c7ec223
[linux/arm64] [2/3] STEP 12/12: RUN make build-backend BUILD_OPTS="-tags strictfipsruntime"
go build -tags strictfipsruntime -o plugin-backend -mod=readonly cmd/plugin-backend.go
Go compliance shim [2] [rhel-9-golang-1.25][openshift-golang-builder]: assessment: CGO_ENABLED=1
Go compliance shim [2] [rhel-9-golang-1.25][openshift-golang-builder]: assessment: dynamic linking
Go compliance shim [2] [rhel-9-golang-1.25][openshift-golang-builder]: skipping forced compliance due to broad exemption
Go compliance shim [2] [rhel-9-golang-1.25][openshift-golang-builder]: EXEMPT: 1


Go compliance shim [2] [rhel-9-golang-1.25][openshift-golang-builder]: final command line arguments: "build" "-tags" "strictfipsruntime" "-o" "plugin-backend" "-mod=readonly" "cmd/plugin-backend.go" 

Go compliance shim [2] [rhel-9-golang-1.25][openshift-golang-builder]: invoking real go binary
Go compliance shim [2] [rhel-9-golang-1.25][openshift-golang-builder]: Exited with: 0
--> 3f4e11efc381
[linux/amd64] [1/3] STEP 1/9: FROM registry.redhat.io/ubi9/nodejs-22:latest AS web-builder
Trying to pull registry.redhat.io/ubi9/nodejs-22:latest...
Getting image source signatures
Checking if image destination supports signatures
Copying blob sha256:669ecfdf872e83fa8f88dbdbe9b75f628fb72b9210cbdcce7ea0f449a74cac9e
Copying blob sha256:9a785c83dc42af66688cf5d3dd8e0500ce65bad5a679b45744d62c2fffbb60d8
Copying blob sha256:1c3800ac7d8629ddf73a031732f867dbc0c46d5a7dd1f70c0656c2e6e351e3aa
Copying config sha256:7ff8c7d7ce9b0c742c2379ee8b8206279c959b199e0e12bd8d486ef717c6da23
Writing manifest to image destination
Storing signatures
[linux/amd64] [1/3] STEP 2/9: WORKDIR /opt/app-root
--> Using cache 9fa54f016c2c68043ab3ace241546f3b9f08fca9b639456d47ef71bf5ff386bd
--> 9fa54f016c2c
[linux/amd64] [1/3] STEP 3/9: USER 0
--> Using cache e5c27da73f5cd7e05f5ce7c9bebd0bba2045982859d8383a163c9c8225a1e915
--> e5c27da73f5c
[linux/amd64] [1/3] STEP 4/9: ENV HUSKY=0
--> Using cache 14461c616df16e3fb9d8c81989a357e743626c8bc342e6d4b3968de984a1225a
--> 14461c616df1
[linux/amd64] [1/3] STEP 5/9: COPY web/package*.json web/
--> 63e3d175c4f6
[linux/amd64] [1/3] STEP 6/9: COPY Makefile Makefile
--> d53f63165f71
[linux/amd64] [1/3] STEP 7/9: RUN make install-frontend-ci-clean
cd web && npm ci --ignore-scripts --omit=optional
npm warn deprecated rimraf@3.0.2: Rimraf versions prior to v4 are no longer supported
npm warn deprecated popper.js@1.16.1: You can find the new Popper v2 at @popperjs/core, this package is dedicated to the legacy v1
npm warn deprecated inflight@1.0.6: This module is not supported, and leaks memory. Do not use it. Check out lru-cache if you want a good and tested way to coalesce async requests by a key value, which is much more comprehensive and powerful.
npm warn deprecated glob@7.2.3: Glob versions prior to v9 are no longer supported
npm warn deprecated eslint@8.57.1: This version is no longer supported. Please see https://eslint.org/version-support for other options.
npm warn deprecated @humanwhocodes/config-array@0.13.0: Use @eslint/config-array instead
npm warn deprecated @humanwhocodes/object-schema@2.0.3: Use @eslint/object-schema instead
npm warn deprecated rimraf@2.7.1: Rimraf versions prior to v4 are no longer supported

added 1811 packages, and audited 1812 packages in 60s

313 packages are looking for funding
  run `npm fund` for details

25 vulnerabilities (1 low, 20 moderate, 4 high)

To address issues that do not require attention, run:
  npm audit fix

To address all issues (including breaking changes), run:
  npm audit fix --force

Run `npm audit` for details.
cd web && npm cache clean --force
npm warn using --force Recommended protections disabled.
--> 8063a05d98ec
[linux/amd64] [1/3] STEP 8/9: COPY web/ web/
--> 2675d2e7e920
[linux/amd64] [1/3] STEP 9/9: RUN make build-frontend
cd web && npm run build

> distributed-tracing-console-plugin@1.0.0 build
> npm run clean && NODE_ENV=production npm run webpack


> distributed-tracing-console-plugin@1.0.0 clean
> rm -rf dist


> distributed-tracing-console-plugin@1.0.0 webpack
> node -r ts-node/register ./node_modules/.bin/webpack

assets by path assets/ 1.27 MiB
  assets by path assets/*.woff 740 KiB 42 assets
  assets by path assets/*.woff2 565 KiB
    asset assets/inter-latin-ext-600-normal..woff2 35.4 KiB [emitted] [from: ../node_modules/@fontsource/inter/files/inter-latin-ext-600-normal.woff2] (auxiliary id hint: vendors)
    asset assets/inter-latin-ext-700-normal..woff2 35.4 KiB [emitted] [from: ../node_modules/@fontsource/inter/files/inter-latin-ext-700-normal.woff2] (auxiliary id hint: vendors)
    + 40 assets
assets by path *.js 3.28 MiB
  assets by chunk 2.92 MiB (id hint: vendors)
    asset 1907-chunk-a659e32230067e72d6a9.min.js 2.61 MiB [emitted] [immutable] [minimized] [big] (id hint: vendors) 1 related asset
    asset 3864-chunk-29ef05162fade1526552.min.js 121 KiB [emitted] [immutable] [minimized] (id hint: vendors) 1 related asset
    asset 9252-chunk-7a4ebe4030b397b180f5.min.js 40.1 KiB [emitted] [immutable] [minimized] (id hint: vendors)
    + 9 assets
  + 67 assets
asset locales/en/plugin__distributed-tracing-console-plugin.json 4.29 KiB [emitted] [from: ../locales/en/plugin__distributed-tracing-console-plugin.json] [copied]
asset plugin-manifest.json 895 bytes [emitted]
orphan modules 21.9 MiB [orphan] 13317 modules
runtime modules 34.7 KiB 14 modules
built modules 10.2 MiB (javascript) 1.27 MiB (asset) 1.6 KiB (consume-shared) 1.39 KiB (share-init) [built]
  javascript modules 10.2 MiB 721 modules
  asset modules 1.27 MiB (asset) 3.45 KiB (javascript)
    modules by path ../node_modules/@fontsource/inter/files/*.woff2 565 KiB (asset) 1.72 KiB (javascript) 42 modules
    modules by path ../node_modules/@fontsource/inter/files/*.woff 740 KiB (asset) 1.72 KiB (javascript) 42 modules
  consume-shared-module modules 1.6 KiB
    modules by path consume shared module (default) @patternfly/ 1.39 KiB 34 modules
    + 5 modules
  provide-module modules 1.39 KiB
    modules by path provide shared module (default) @patternfly/react-core/dist/dynamic/ 924 bytes 22 modules
    modules by path provide shared module (default) @patternfly/react-icons/dist/dynamic/icons/ 504 bytes 12 modules

WARNING in asset size limit: The following asset(s) exceed the recommended size limit (244 KiB).
This can impact web performance.
Assets: 
  1907-chunk-a659e32230067e72d6a9.min.js (2.61 MiB)

webpack 5.105.3 compiled with 1 warning in 129414 ms
--> 282847020c24
[linux/arm64] [3/3] STEP 1/7: FROM registry.redhat.io/rhel9-4-els/rhel:9.4
Trying to pull registry.redhat.io/rhel9-4-els/rhel:9.4...
Getting image source signatures
Checking if image destination supports signatures
Copying blob sha256:79500177a417e8e03b63a0893e7e6b03f94ac7a605be761a51e28f082a16087f
Copying config sha256:62846c379ae900d8abe0855310d3d4e7ca7b0b21cc231d45bdfe5a0044988475
Writing manifest to image destination
Storing signatures
[linux/arm64] [3/3] STEP 2/7: RUN mkdir /licenses
--> Using cache be1e3f3b48bc1912c60b8a2b077744aec79f588d3927b492265d2256fecc42bb
--> be1e3f3b48bc
[linux/arm64] [3/3] STEP 3/7: COPY LICENSE /licenses/.
--> ee5cafc9858d
[linux/arm64] [3/3] STEP 4/7: USER 1001
--> eb6199ccd30f
[linux/arm64] [3/3] STEP 5/7: COPY --from=web-builder /opt/app-root/web/dist /opt/app-root/web/dist
--> c95624ef587f
[linux/arm64] [3/3] STEP 6/7: COPY --from=go-builder /opt/app-root/plugin-backend /opt/app-root
--> e74aa209b313
[linux/arm64] [3/3] STEP 7/7: ENTRYPOINT ["/opt/app-root/plugin-backend", "-static-path", "/opt/app-root/web/dist"]
[linux/arm64] [3/3] COMMIT
--> 39fc6667b5bc
[linux/amd64] [2/3] STEP 1/12: FROM brew.registry.redhat.io/rh-osbs/openshift-golang-builder:rhel_9_1.25 AS go-builder
39fc6667b5bc2b61d3d211233b147c8977aab78ed96bd6715f832811419ce81d
Trying to pull brew.registry.redhat.io/rh-osbs/openshift-golang-builder:rhel_9_1.25...
Getting image source signatures
Copying blob sha256:07b4b7296fb976a7b266e7a81c8e2cef5b0047bd20db6025d084fb8b608e05ed
Copying blob sha256:cb8cee91bb10a151d5f47bfaeade03a136feecdd326326b1bb7ffb26c45f6de8
Copying config sha256:e218eae4db33b56e53cba7f172626764546c2a49403ee52a4a6779724a202367
Writing manifest to image destination
[linux/amd64] [2/3] STEP 2/12: WORKDIR /opt/app-root
--> Using cache bd8317169f1cd59d4e460a6c3bdd4b9984e4c95e1041505ec14b503a0b61e4b3
--> bd8317169f1c
[linux/amd64] [2/3] STEP 3/12: COPY Makefile Makefile
--> Using cache be184fdd2603d39521d00eecb74fb6ce1d27f29a9c2bcc279ed4ad2649bff0ec
--> be184fdd2603
[linux/amd64] [2/3] STEP 4/12: COPY go.mod go.mod
--> ced1aa7f8a75
[linux/amd64] [2/3] STEP 5/12: COPY go.sum go.sum
--> 215257b9d4c6
[linux/amd64] [2/3] STEP 6/12: RUN make install-backend
go mod download
Go compliance shim [2] [rhel-9-golang-1.25][openshift-golang-builder]: assessment: CGO_ENABLED=1
Go compliance shim [2] [rhel-9-golang-1.25][openshift-golang-builder]: assessment: dynamic linking
Go compliance shim [2] [rhel-9-golang-1.25][openshift-golang-builder]: skipping forced compliance due to broad exemption
Go compliance shim [2] [rhel-9-golang-1.25][openshift-golang-builder]: EXEMPT: 1


Go compliance shim [2] [rhel-9-golang-1.25][openshift-golang-builder]: final command line arguments: "mod" "download" 

Go compliance shim [2] [rhel-9-golang-1.25][openshift-golang-builder]: invoking real go binary
Go compliance shim [2] [rhel-9-golang-1.25][openshift-golang-builder]: Exited with: 0
--> fcbe022f2712
[linux/amd64] [2/3] STEP 7/12: COPY cmd/ cmd/
--> b98d0b1ace32
[linux/amd64] [2/3] STEP 8/12: COPY pkg/ pkg/
--> b3b7bbb27630
[linux/amd64] [2/3] STEP 9/12: ENV GOFLAGS='-mod=mod'
--> 2273758d5734
[linux/amd64] [2/3] STEP 10/12: ENV GOEXPERIMENT=strictfipsruntime
--> 9b873ee5d7fe
[linux/amd64] [2/3] STEP 11/12: ENV CGO_ENABLED=1
--> 56c65acf73a5
[linux/amd64] [2/3] STEP 12/12: RUN make build-backend BUILD_OPTS="-tags strictfipsruntime"
go build -tags strictfipsruntime -o plugin-backend -mod=readonly cmd/plugin-backend.go
Go compliance shim [2] [rhel-9-golang-1.25][openshift-golang-builder]: assessment: CGO_ENABLED=1
Go compliance shim [2] [rhel-9-golang-1.25][openshift-golang-builder]: assessment: dynamic linking
Go compliance shim [2] [rhel-9-golang-1.25][openshift-golang-builder]: skipping forced compliance due to broad exemption
Go compliance shim [2] [rhel-9-golang-1.25][openshift-golang-builder]: EXEMPT: 1


Go compliance shim [2] [rhel-9-golang-1.25][openshift-golang-builder]: final command line arguments: "build" "-tags" "strictfipsruntime" "-o" "plugin-backend" "-mod=readonly" "cmd/plugin-backend.go" 

Go compliance shim [2] [rhel-9-golang-1.25][openshift-golang-builder]: invoking real go binary
Go compliance shim [2] [rhel-9-golang-1.25][openshift-golang-builder]: Exited with: 0
--> b086ca26e19e
[linux/amd64] [3/3] STEP 1/7: FROM registry.redhat.io/rhel9-4-els/rhel:9.4
Trying to pull registry.redhat.io/rhel9-4-els/rhel:9.4...
Getting image source signatures
Checking if image destination supports signatures
Copying blob sha256:9e5082548d869f2944301a153c8568183a38cf0df310a3fb0b2daf2af3b5f841
Copying config sha256:77849b1a77e7859a392840d43bed01557ec82ac0c2ac4283d962deec354ceee6
Writing manifest to image destination
Storing signatures
[linux/amd64] [3/3] STEP 2/7: RUN mkdir /licenses
--> Using cache 3238e978e7d1fb7717f5c5f046a3fafd3e698f84b75a0dba28583462ebd9f426
--> 3238e978e7d1
[linux/amd64] [3/3] STEP 3/7: COPY LICENSE /licenses/.
--> c8c8193c0509
[linux/amd64] [3/3] STEP 4/7: USER 1001
--> 3e7ffe22eb4c
[linux/amd64] [3/3] STEP 5/7: COPY --from=web-builder /opt/app-root/web/dist /opt/app-root/web/dist
--> c7d80f500521
[linux/amd64] [3/3] STEP 6/7: COPY --from=go-builder /opt/app-root/plugin-backend /opt/app-root
--> f11d123479c3
[linux/amd64] [3/3] STEP 7/7: ENTRYPOINT ["/opt/app-root/plugin-backend", "-static-path", "/opt/app-root/web/dist"]
[linux/amd64] [3/3] COMMIT
--> 51a97993907e
51a97993907e0c92d62d41786b61b06d5bc27c9a2a5ca064e40bb24a799a242e
podman manifest push quay.io/rh-ee-emurasak/distributed-tracing-console-plugin:v1.0.3
Getting image list signatures
Copying 2 images generated from 2 images in list
Copying image sha256:b9b2da80915e247b92c9a17dec97cdde07c971e4cbc20616169594969be3ae90 (1/2)
Getting image source signatures
Copying blob sha256:59529aa1dbbcd67201d5f3fde36cc1cebaea1f31b37efae20d229812f50739df
Copying blob sha256:abdb8cc72e3424e4355a57b5eaf69a820fc9a93b5ef3124d51f184bbf887b049
Copying blob sha256:713742a1c41653f1b8b2aabfd435c6abf29762b828d327819d2a91295ed79d75
Copying blob sha256:3614b4a322f47e8fcc4b759d8160b3e26989a12678db7ff9084d2e8f937cb348
Copying blob sha256:e016b02305b9b8fc3e7fab533077ad328ba5b419ab40ef757c6f7ce61c1d9e74
Copying config sha256:39fc6667b5bc2b61d3d211233b147c8977aab78ed96bd6715f832811419ce81d
Writing manifest to image destination
Copying image sha256:bcd5c1d7287397866ddc27a988fa8cf6367b4d060c6a39545f6dea248e9ee8d2 (2/2)
Getting image source signatures
Copying blob sha256:846de06a8cc0e90177d5b288922375f8f9e9a307ba7b18548216e126c8a93093
Copying blob sha256:74ea6a5315ac2a0a27a1e4e6f87703374739fbd596e872724a21ab09c6bdf5dd
Copying blob sha256:3b8b6809255bfb28b2a9cf54f777021eea039bdfbd0ffb052c02498df3aae551
Copying blob sha256:6539b82fd461489e7adaece2b0fee6132248733d2b9040cd81701ddc56840711
Copying blob sha256:33a4d4f4ccfce8d700532e5c137c726129b3285b1e9d9434f315ac30db813275
Copying config sha256:51a97993907e0c92d62d41786b61b06d5bc27c9a2a5ca064e40bb24a799a242e
Writing manifest to image destination
Writing manifest list to image destination
Storing list signatures
==========================================
Building troubleshooting-panel-console-plugin @ release-coo-ocp-4.19 with VERSION=v0.4.5 ORG=rh-ee-emurasak
==========================================
Switched to a new branch 'release-coo-ocp-4.19'
branch 'release-coo-ocp-4.19' set up to track 'origin/release-coo-ocp-4.19'.
From https://github.com/openshift/troubleshooting-panel-console-plugin
 * branch            release-coo-ocp-4.19 -> FETCH_HEAD
Already up to date.
--- Attempt 1/3 ---
podman manifest rm quay.io/rh-ee-emurasak/troubleshooting-panel-console-plugin:v0.4.5 || true
Untagged: quay.io/rh-ee-emurasak/troubleshooting-panel-console-plugin:v0.4.5
Deleted: 3eced40b4a5a1f3d7997358d98ecfcb21ba9ff4b81172b25d4a88fc80b59e908
podman manifest create quay.io/rh-ee-emurasak/troubleshooting-panel-console-plugin:v0.4.5
723086eeae363f24a6434aa10b639ab12d360a3631aa14415263bc967c4dbfb9
podman build --platform=linux/arm64,linux/amd64 --manifest quay.io/rh-ee-emurasak/troubleshooting-panel-console-plugin:v0.4.5 -f Dockerfile.dev
[linux/amd64] [1/3] STEP 1/9: FROM registry.redhat.io/ubi9/nodejs-22:latest AS web-builder
[linux/amd64] [1/3] STEP 2/9: WORKDIR /opt/app-root
--> Using cache 9fa54f016c2c68043ab3ace241546f3b9f08fca9b639456d47ef71bf5ff386bd
--> 9fa54f016c2c
[linux/amd64] [1/3] STEP 3/9: USER 0
--> Using cache e5c27da73f5cd7e05f5ce7c9bebd0bba2045982859d8383a163c9c8225a1e915
--> e5c27da73f5c
[linux/amd64] [1/3] STEP 4/9: ENV HUSKY=0
--> Using cache 14461c616df16e3fb9d8c81989a357e743626c8bc342e6d4b3968de984a1225a
--> 14461c616df1
[linux/amd64] [1/3] STEP 5/9: COPY web/package*.json web/
--> c9359365eafa
[linux/amd64] [1/3] STEP 6/9: COPY Makefile Makefile
--> c706b0ddaa4c
[linux/amd64] [1/3] STEP 7/9: RUN make install-frontend-ci
cd web && npm ci --ignore-scripts
npm warn deprecated whatwg-encoding@3.1.1: Use @exodus/bytes instead for a more spec-conformant and faster implementation
npm warn deprecated rimraf@3.0.2: Rimraf versions prior to v4 are no longer supported
npm warn deprecated popper.js@1.16.1: You can find the new Popper v2 at @popperjs/core, this package is dedicated to the legacy v1
npm warn deprecated inflight@1.0.6: This module is not supported, and leaks memory. Do not use it. Check out lru-cache if you want a good and tested way to coalesce async requests by a key value, which is much more comprehensive and powerful.
npm warn deprecated glob@7.2.3: Glob versions prior to v9 are no longer supported
npm warn deprecated domexception@4.0.0: Use your platform's native DOMException instead
npm warn deprecated abab@2.0.6: Use your platform's native atob() and btoa() methods instead
npm warn deprecated @humanwhocodes/object-schema@2.0.3: Use @eslint/object-schema instead
npm warn deprecated @humanwhocodes/config-array@0.13.0: Use @eslint/config-array instead
npm warn deprecated @fortawesome/react-fontawesome@0.2.6: v0.2.x is no longer supported. Unless you are still using FontAwesome 5, please update to v3.1.1 or greater.
npm warn deprecated eslint@8.57.1: This version is no longer supported. Please see https://eslint.org/version-support for other options.
npm warn deprecated whatwg-encoding@2.0.0: Use @exodus/bytes instead for a more spec-conformant and faster implementation
npm warn deprecated whatwg-encoding@2.0.0: Use @exodus/bytes instead for a more spec-conformant and faster implementation

added 1696 packages, and audited 1697 packages in 40s

297 packages are looking for funding
  run `npm fund` for details

35 vulnerabilities (2 low, 21 moderate, 11 high, 1 critical)

To address issues that do not require attention, run:
  npm audit fix

To address all issues (including breaking changes), run:
  npm audit fix --force

Run `npm audit` for details.
--> ea2acd97de68
[linux/amd64] [1/3] STEP 8/9: COPY web/ web/
--> 62887f2434be
[linux/amd64] [1/3] STEP 9/9: RUN make build-frontend
cd web && npm run lint && npm run lint:tsc

> troubleshooting-panel-console-plugin@0.4.0 lint
> eslint ./src --fix &&  stylelint "src/**/*.css" --allow-empty-input --fix


> troubleshooting-panel-console-plugin@0.4.0 lint:tsc
> tsc --noEmit

cd web && npm run i18n && npm run build

> troubleshooting-panel-console-plugin@0.4.0 i18n
> i18n-scripts/build-i18n.sh && node i18n-scripts/set-english-defaults.js

+ FILE_PATTERN='{!(dist|node_modules)/**/*.{js,jsx,ts,tsx,json},*.{js,jsx,ts,tsx,json}}'
+ i18next '{!(dist|node_modules)/**/*.{js,jsx,ts,tsx,json},*.{js,jsx,ts,tsx,json}}' '[-oc]' -c ./i18next-parser.config.js -o 'locales/$LOCALE/$NAMESPACE.json'

  i18next Parser
  --------------
  Input:  {!(dist|node_modules)/**/*.{js,jsx,ts,tsx,json},*.{js,jsx,ts,tsx,json}}, [-oc]
  Output: locales/$LOCALE/$NAMESPACE.json

  [read]    /opt/app-root/web/console-extensions.json
  [read]    /opt/app-root/web/cypress.config.ts
  [read]    /opt/app-root/web/cypress/e2e/acceptance.cy.ts
  [read]    /opt/app-root/web/cypress/fixtures/data-test.ts
  [read]    /opt/app-root/web/cypress/support/commands/auth-commands.ts
  [read]    /opt/app-root/web/cypress/support/commands/env.ts
  [read]    /opt/app-root/web/cypress/support/commands/selector-commands.ts
  [read]    /opt/app-root/web/cypress/support/commands/troubeshoot-commands.ts
  [read]    /opt/app-root/web/cypress/support/commands/utility-commands.ts
  [read]    /opt/app-root/web/cypress/support/e2e.ts
  [read]    /opt/app-root/web/cypress/tsconfig.json
  [read]    /opt/app-root/web/cypress/views/nav.ts
  [read]    /opt/app-root/web/cypress/views/tour.ts
  [read]    /opt/app-root/web/cypress/views/utils.ts
  [read]    /opt/app-root/web/i18n-scripts/common.js
  [read]    /opt/app-root/web/i18n-scripts/set-english-defaults.js
  [read]    /opt/app-root/web/i18next-parser.config.js
  [read]    /opt/app-root/web/jest.config.js
  [read]    /opt/app-root/web/locales/en/plugin__troubleshooting-panel-console-plugin.json
  [read]    /opt/app-root/web/package-lock.json
  [read]    /opt/app-root/web/package.json
  [read]    /opt/app-root/web/src/__tests__/alert.spec.ts
  [read]    /opt/app-root/web/src/__tests__/all-domains.spec.ts
  [read]    /opt/app-root/web/src/__tests__/icons-preview.spec.tsx
  [read]    /opt/app-root/web/src/__tests__/k8s.spec.ts
  [read]    /opt/app-root/web/src/__tests__/log.spec.ts
  [read]    /opt/app-root/web/src/__tests__/metric.spec.ts
  [read]    /opt/app-root/web/src/__tests__/netflow.spec.ts
  [read]    /opt/app-root/web/src/__tests__/time.spec.ts
  [read]    /opt/app-root/web/src/__tests__/trace.spec.ts
  [read]    /opt/app-root/web/src/__tests__/types.spec.ts
  [read]    /opt/app-root/web/src/cancellable-fetch.ts
  [read]    /opt/app-root/web/src/components/AdvancedSearchForm.tsx
  [read]    /opt/app-root/web/src/components/DateTimePicker.tsx
  [read]    /opt/app-root/web/src/components/DateTimeRangePicker.tsx
  [read]    /opt/app-root/web/src/components/HelpPopover.tsx
  [read]    /opt/app-root/web/src/components/icons.tsx
  [read]    /opt/app-root/web/src/components/Korrel8rPanel.tsx
  [read]    /opt/app-root/web/src/components/KubernetesIcon.tsx
  [read]    /opt/app-root/web/src/components/NullContextProvider.tsx
  [read]    /opt/app-root/web/src/components/Popover.tsx
  [read]    /opt/app-root/web/src/components/TimeRangeDropdown.tsx
  [warning] Key is not a string literal
  [read]    /opt/app-root/web/src/components/TimeUnitPicker.tsx
  [read]    /opt/app-root/web/src/components/topology/Korrel8rTopology.tsx
  [read]    /opt/app-root/web/src/getResources.ts
  [read]    /opt/app-root/web/src/hooks/useBoolean.ts
  [read]    /opt/app-root/web/src/hooks/useDomains.tsx
  [read]    /opt/app-root/web/src/hooks/useKorrel8r.ts
  [read]    /opt/app-root/web/src/hooks/useLocationQuery.ts
  [read]    /opt/app-root/web/src/hooks/useNavigateToQuery.ts
  [read]    /opt/app-root/web/src/hooks/usePluginAvailable.ts
  [read]    /opt/app-root/web/src/hooks/usePopover.tsx
  [read]    /opt/app-root/web/src/hooks/useTroubleshootingPanel.tsx
  [read]    /opt/app-root/web/src/korrel8r-client.ts
  [read]    /opt/app-root/web/src/korrel8r/alert.ts
  [read]    /opt/app-root/web/src/korrel8r/all-domains.ts
  [read]    /opt/app-root/web/src/korrel8r/client/core/ApiError.ts
  [read]    /opt/app-root/web/src/korrel8r/client/core/ApiRequestOptions.ts
  [read]    /opt/app-root/web/src/korrel8r/client/core/ApiResult.ts
  [read]    /opt/app-root/web/src/korrel8r/client/core/BaseHttpRequest.ts
  [read]    /opt/app-root/web/src/korrel8r/client/core/CancelablePromise.ts
  [read]    /opt/app-root/web/src/korrel8r/client/core/FetchHttpRequest.ts
  [read]    /opt/app-root/web/src/korrel8r/client/core/OpenAPI.ts
  [read]    /opt/app-root/web/src/korrel8r/client/core/request.ts
  [read]    /opt/app-root/web/src/korrel8r/client/index.ts
  [read]    /opt/app-root/web/src/korrel8r/client/Korrel8rClient.ts
  [read]    /opt/app-root/web/src/korrel8r/client/models/Constraint.ts
  [read]    /opt/app-root/web/src/korrel8r/client/models/Domain.ts
  [read]    /opt/app-root/web/src/korrel8r/client/models/Edge.ts
  [read]    /opt/app-root/web/src/korrel8r/client/models/Goals.ts
  [read]    /opt/app-root/web/src/korrel8r/client/models/Graph.ts
  [read]    /opt/app-root/web/src/korrel8r/client/models/Neighbours.ts
  [read]    /opt/app-root/web/src/korrel8r/client/models/Node.ts
  [read]    /opt/app-root/web/src/korrel8r/client/models/QueryCount.ts
  [read]    /opt/app-root/web/src/korrel8r/client/models/Rule.ts
  [read]    /opt/app-root/web/src/korrel8r/client/models/Start.ts
  [read]    /opt/app-root/web/src/korrel8r/client/models/Store.ts
  [read]    /opt/app-root/web/src/korrel8r/client/services/DefaultService.ts
  [read]    /opt/app-root/web/src/korrel8r/k8s.ts
  [read]    /opt/app-root/web/src/korrel8r/log.ts
  [read]    /opt/app-root/web/src/korrel8r/metric.ts
  [read]    /opt/app-root/web/src/korrel8r/netflow.ts
  [read]    /opt/app-root/web/src/korrel8r/trace.ts
  [read]    /opt/app-root/web/src/korrel8r/types.ts
  [read]    /opt/app-root/web/src/redux-actions.ts
  [read]    /opt/app-root/web/src/redux-reducers.ts
  [read]    /opt/app-root/web/src/time.ts
  [read]    /opt/app-root/web/tsconfig.json
  [read]    /opt/app-root/web/webpack.config.ts
  [write]   /opt/app-root/web/locales/en/plugin__troubleshooting-panel-console-plugin.json

  Stats:  89 files were parsed

> troubleshooting-panel-console-plugin@0.4.0 build
> npm run clean && npm run ts-node node_modules/.bin/webpack


> troubleshooting-panel-console-plugin@0.4.0 clean
> rm -rf dist


> troubleshooting-panel-console-plugin@0.4.0 ts-node
> ts-node -O '{"module":"commonjs"}' node_modules/.bin/webpack

assets by path *.js 4.38 MiB
  assets by chunk 3.5 MiB (id hint: vendors)
    asset vendors-node_modules_fortawesome_react-fontawesome_index_es_js-node_modules_patternfly_react--e1c2c2-chunk.js 1.26 MiB [emitted] (id hint: vendors) 1 related asset
    asset vendors-node_modules_patternfly_react-core_dist_esm_helpers_Popper_Popper_js-chunk.js 1.04 MiB [emitted] (id hint: vendors) 1 related asset
    asset vendors-node_modules_immutable_dist_immutable_es_js-node_modules_typesafe-actions_dist_typesa-cdf261-chunk.js 183 KiB [emitted] (id hint: vendors) 1 related asset
    asset vendors-node_modules_openshift-console_dynamic-plugin-sdk_lib_utils_fetch_console-fetch-utils-7ba8c2-chunk.js 161 KiB [emitted] (id hint: vendors) 1 related asset
    asset vendors-node_modules_patternfly_react-core_dist_esm_components_DatePicker_index_js-chunk.js 94.8 KiB [emitted] (id hint: vendors) 1 related asset
    asset vendors-node_modules_patternfly_react-core_dist_esm_components_Menu_Menu_js-node_modules_patt-b35725-chunk.js 90.8 KiB [emitted] (id hint: vendors) 1 related asset
    asset vendors-node_modules_patternfly_react-core_dist_esm_helpers_FocusTrap_FocusTrap_js-node_modul-246622-chunk.js 80.1 KiB [emitted] (id hint: vendors) 1 related asset
    asset vendors-node_modules_patternfly_react-core_dist_esm_components_Form_index_js-chunk.js 63.3 KiB [emitted] (id hint: vendors) 1 related asset
    asset vendors-node_modules_patternfly_react-core_dist_esm_components_TimePicker_index_js-chunk.js 56.3 KiB [emitted] (id hint: vendors) 1 related asset
    + 13 assets
  + 76 assets
asset locales/en/plugin__troubleshooting-panel-console-plugin.json 3.35 KiB [emitted] [from: ../locales/en/plugin__troubleshooting-panel-console-plugin.json] [copied]
asset plugin-manifest.json 1.19 KiB [emitted]
orphan modules 13 KiB [orphan] 47 modules
runtime modules 81.9 KiB 12 modules
javascript modules 3.04 MiB 362 modules
consume-shared-module modules 1.89 KiB
  modules by path consume shared module (default) @patternfly/ 1.68 KiB 41 modules
  + 5 modules
provide-module modules 1.64 KiB
  modules by path provide shared module (default) @patternfly/react-core/dist/dynamic/ 1.11 KiB 27 modules
  modules by path provide shared module (default) @patternfly/react-icons/dist/dynamic/icons/ 546 bytes
    provide shared module (default) @patternfly/react-icons/dist/dynamic/icons/atten...(truncated) 42 bytes [built] [code generated]
    provide shared module (default) @patternfly/react-icons/dist/dynamic/icons/clust...(truncated) 42 bytes [built] [code generated]
    + 11 modules
../node_modules/@fortawesome/fontawesome-svg-core/package.json 1.39 KiB [optional] [built] [code generated]

LOG from @openshift-console/dynamic-plugin-sdk-webpack/lib/webpack/loaders/dynamic-module-import-loader ../node_modules/ts-loader/index.js??ruleSet[1].rules[0].use[0]!./components/KubernetesIcon.tsx
<w> Non-index and non-dynamic module import @patternfly/react-icons/dist/esm/createIcon

webpack 5.104.1 compiled successfully in 30417 ms
--> c4c9e26bc9ac
[linux/amd64] [2/3] STEP 1/12: FROM registry.redhat.io/ubi9/go-toolset:latest AS go-builder
Trying to pull registry.redhat.io/ubi9/go-toolset:latest...
Getting image source signatures
Checking if image destination supports signatures
Copying blob sha256:abb09666cc1de271f3e5253dfb7b7a98f9f02be60985f67957cd85c00045909a
Copying blob sha256:9a785c83dc42af66688cf5d3dd8e0500ce65bad5a679b45744d62c2fffbb60d8
Copying blob sha256:1c3800ac7d8629ddf73a031732f867dbc0c46d5a7dd1f70c0656c2e6e351e3aa
Copying blob sha256:79bf983a6fc321f356b4f94df5424dfebe35e763f97529f52571a67faba3f682
Copying config sha256:d89a73c9b5506a7c3e54020d79017f7b27d9c055aa528c0c7c3f10db7779daa5
Writing manifest to image destination
Storing signatures
[linux/amd64] [2/3] STEP 2/12: WORKDIR /opt/app-root
--> 3942a975ca28
[linux/amd64] [2/3] STEP 3/12: COPY Makefile Makefile
--> 6ef6640b6dec
[linux/amd64] [2/3] STEP 4/12: COPY go.mod go.mod
--> 21522c0ab9f9
[linux/amd64] [2/3] STEP 5/12: COPY go.sum go.sum
--> 7ae7e66da394
[linux/amd64] [2/3] STEP 6/12: RUN make install-backend
go mod download
--> 6c2dd23da322
[linux/amd64] [2/3] STEP 7/12: COPY cmd/ cmd/
--> 18aee2b658e9
[linux/amd64] [2/3] STEP 8/12: COPY pkg/ pkg/
--> dec0ddd9367d
[linux/amd64] [2/3] STEP 9/12: ENV GOFLAGS='-mod=mod'
--> 447fa643d0c0
[linux/amd64] [2/3] STEP 10/12: ENV GOEXPERIMENT=strictfipsruntime
--> 9a631c2bc1fc
[linux/amd64] [2/3] STEP 11/12: ENV CGO_ENABLED=1
--> ef1f94409774
[linux/amd64] [2/3] STEP 12/12: RUN make build-backend BUILD_OPTS="-tags strictfipsruntime"
go build -tags strictfipsruntime -o plugin-backend -mod=readonly cmd/plugin-backend.go
--> 0e9b210ee7a9
[linux/arm64] [1/3] STEP 1/9: FROM registry.redhat.io/ubi9/nodejs-22:latest AS web-builder
Trying to pull registry.redhat.io/ubi9/nodejs-22:latest...
Getting image source signatures
Checking if image destination supports signatures
Copying blob sha256:8cc4364173e08b740ee39103f76581907e7a0eaa07260aeb6afbbebb8dde106e
Copying blob sha256:6c68ec2cb8914dd7cd64b186ef8674ae644c890fcae14edf9a3b33fde3a76cce
Copying blob sha256:98245caf86240da0764634e4873f8d78498df819a738bee6e752ffc1dc9be497
Copying config sha256:bceceabd26d12d7ba9de7f0aad51a65d5ae092bd1ae800eb7bad9330a6a05b8e
Writing manifest to image destination
Storing signatures
[linux/arm64] [1/3] STEP 2/9: WORKDIR /opt/app-root
--> Using cache 2b3b4ed2e104018013987c6994b39e5230852351d782bce566e3b4d0bb442709
--> 2b3b4ed2e104
[linux/arm64] [1/3] STEP 3/9: USER 0
--> Using cache 7f8f8f3e5982a95b1ab1b2ac58e2650bb7b8362ee264983e92a3a2ed81f346d6
--> 7f8f8f3e5982
[linux/arm64] [1/3] STEP 4/9: ENV HUSKY=0
--> Using cache cd43796b49ca68ad135063a39fd7d828e86f1bfa9a5432f06f9d2f0d1ad3d92f
--> cd43796b49ca
[linux/arm64] [1/3] STEP 5/9: COPY web/package*.json web/
--> f9ae72e55ca7
[linux/arm64] [1/3] STEP 6/9: COPY Makefile Makefile
--> a64bef9848e3
[linux/arm64] [1/3] STEP 7/9: RUN make install-frontend-ci
cd web && npm ci --ignore-scripts
npm warn deprecated whatwg-encoding@3.1.1: Use @exodus/bytes instead for a more spec-conformant and faster implementation
npm warn deprecated rimraf@3.0.2: Rimraf versions prior to v4 are no longer supported
npm warn deprecated popper.js@1.16.1: You can find the new Popper v2 at @popperjs/core, this package is dedicated to the legacy v1
npm warn deprecated inflight@1.0.6: This module is not supported, and leaks memory. Do not use it. Check out lru-cache if you want a good and tested way to coalesce async requests by a key value, which is much more comprehensive and powerful.
npm warn deprecated glob@7.2.3: Glob versions prior to v9 are no longer supported
npm warn deprecated domexception@4.0.0: Use your platform's native DOMException instead
npm warn deprecated eslint@8.57.1: This version is no longer supported. Please see https://eslint.org/version-support for other options.
npm warn deprecated abab@2.0.6: Use your platform's native atob() and btoa() methods instead
npm warn deprecated @humanwhocodes/object-schema@2.0.3: Use @eslint/object-schema instead
npm warn deprecated @humanwhocodes/config-array@0.13.0: Use @eslint/config-array instead
npm warn deprecated @fortawesome/react-fontawesome@0.2.6: v0.2.x is no longer supported. Unless you are still using FontAwesome 5, please update to v3.1.1 or greater.
npm warn deprecated whatwg-encoding@2.0.0: Use @exodus/bytes instead for a more spec-conformant and faster implementation
npm warn deprecated whatwg-encoding@2.0.0: Use @exodus/bytes instead for a more spec-conformant and faster implementation

added 1696 packages, and audited 1697 packages in 36s

297 packages are looking for funding
  run `npm fund` for details

35 vulnerabilities (2 low, 21 moderate, 11 high, 1 critical)

To address issues that do not require attention, run:
  npm audit fix

To address all issues (including breaking changes), run:
  npm audit fix --force

Run `npm audit` for details.
--> 117efa1c71a5
[linux/arm64] [1/3] STEP 8/9: COPY web/ web/
--> a3891aaaca27
[linux/arm64] [1/3] STEP 9/9: RUN make build-frontend
cd web && npm run lint && npm run lint:tsc

> troubleshooting-panel-console-plugin@0.4.0 lint
> eslint ./src --fix &&  stylelint "src/**/*.css" --allow-empty-input --fix


> troubleshooting-panel-console-plugin@0.4.0 lint:tsc
> tsc --noEmit

cd web && npm run i18n && npm run build

> troubleshooting-panel-console-plugin@0.4.0 i18n
> i18n-scripts/build-i18n.sh && node i18n-scripts/set-english-defaults.js

+ FILE_PATTERN='{!(dist|node_modules)/**/*.{js,jsx,ts,tsx,json},*.{js,jsx,ts,tsx,json}}'
+ i18next '{!(dist|node_modules)/**/*.{js,jsx,ts,tsx,json},*.{js,jsx,ts,tsx,json}}' '[-oc]' -c ./i18next-parser.config.js -o 'locales/$LOCALE/$NAMESPACE.json'

  i18next Parser
  --------------
  Input:  {!(dist|node_modules)/**/*.{js,jsx,ts,tsx,json},*.{js,jsx,ts,tsx,json}}, [-oc]
  Output: locales/$LOCALE/$NAMESPACE.json

  [read]    /opt/app-root/web/console-extensions.json
  [read]    /opt/app-root/web/cypress.config.ts
  [read]    /opt/app-root/web/cypress/e2e/acceptance.cy.ts
  [read]    /opt/app-root/web/cypress/fixtures/data-test.ts
  [read]    /opt/app-root/web/cypress/support/commands/auth-commands.ts
  [read]    /opt/app-root/web/cypress/support/commands/env.ts
  [read]    /opt/app-root/web/cypress/support/commands/selector-commands.ts
  [read]    /opt/app-root/web/cypress/support/commands/troubeshoot-commands.ts
  [read]    /opt/app-root/web/cypress/support/commands/utility-commands.ts
  [read]    /opt/app-root/web/cypress/support/e2e.ts
  [read]    /opt/app-root/web/cypress/tsconfig.json
  [read]    /opt/app-root/web/cypress/views/nav.ts
  [read]    /opt/app-root/web/cypress/views/tour.ts
  [read]    /opt/app-root/web/cypress/views/utils.ts
  [read]    /opt/app-root/web/i18n-scripts/common.js
  [read]    /opt/app-root/web/i18n-scripts/set-english-defaults.js
  [read]    /opt/app-root/web/i18next-parser.config.js
  [read]    /opt/app-root/web/jest.config.js
  [read]    /opt/app-root/web/locales/en/plugin__troubleshooting-panel-console-plugin.json
  [read]    /opt/app-root/web/package-lock.json
  [read]    /opt/app-root/web/package.json
  [read]    /opt/app-root/web/src/__tests__/alert.spec.ts
  [read]    /opt/app-root/web/src/__tests__/all-domains.spec.ts
  [read]    /opt/app-root/web/src/__tests__/icons-preview.spec.tsx
  [read]    /opt/app-root/web/src/__tests__/k8s.spec.ts
  [read]    /opt/app-root/web/src/__tests__/log.spec.ts
  [read]    /opt/app-root/web/src/__tests__/metric.spec.ts
  [read]    /opt/app-root/web/src/__tests__/netflow.spec.ts
  [read]    /opt/app-root/web/src/__tests__/time.spec.ts
  [read]    /opt/app-root/web/src/__tests__/trace.spec.ts
  [read]    /opt/app-root/web/src/__tests__/types.spec.ts
  [read]    /opt/app-root/web/src/cancellable-fetch.ts
  [read]    /opt/app-root/web/src/components/AdvancedSearchForm.tsx
  [read]    /opt/app-root/web/src/components/DateTimePicker.tsx
  [read]    /opt/app-root/web/src/components/DateTimeRangePicker.tsx
  [read]    /opt/app-root/web/src/components/HelpPopover.tsx
  [read]    /opt/app-root/web/src/components/icons.tsx
  [read]    /opt/app-root/web/src/components/Korrel8rPanel.tsx
  [read]    /opt/app-root/web/src/components/KubernetesIcon.tsx
  [read]    /opt/app-root/web/src/components/NullContextProvider.tsx
  [read]    /opt/app-root/web/src/components/Popover.tsx
  [read]    /opt/app-root/web/src/components/TimeRangeDropdown.tsx
  [warning] Key is not a string literal
  [read]    /opt/app-root/web/src/components/TimeUnitPicker.tsx
  [read]    /opt/app-root/web/src/components/topology/Korrel8rTopology.tsx
  [read]    /opt/app-root/web/src/getResources.ts
  [read]    /opt/app-root/web/src/hooks/useBoolean.ts
  [read]    /opt/app-root/web/src/hooks/useDomains.tsx
  [read]    /opt/app-root/web/src/hooks/useKorrel8r.ts
  [read]    /opt/app-root/web/src/hooks/useLocationQuery.ts
  [read]    /opt/app-root/web/src/hooks/useNavigateToQuery.ts
  [read]    /opt/app-root/web/src/hooks/usePluginAvailable.ts
  [read]    /opt/app-root/web/src/hooks/usePopover.tsx
  [read]    /opt/app-root/web/src/hooks/useTroubleshootingPanel.tsx
  [read]    /opt/app-root/web/src/korrel8r-client.ts
  [read]    /opt/app-root/web/src/korrel8r/alert.ts
  [read]    /opt/app-root/web/src/korrel8r/all-domains.ts
  [read]    /opt/app-root/web/src/korrel8r/client/core/ApiError.ts
  [read]    /opt/app-root/web/src/korrel8r/client/core/ApiRequestOptions.ts
  [read]    /opt/app-root/web/src/korrel8r/client/core/ApiResult.ts
  [read]    /opt/app-root/web/src/korrel8r/client/core/BaseHttpRequest.ts
  [read]    /opt/app-root/web/src/korrel8r/client/core/CancelablePromise.ts
  [read]    /opt/app-root/web/src/korrel8r/client/core/FetchHttpRequest.ts
  [read]    /opt/app-root/web/src/korrel8r/client/core/OpenAPI.ts
  [read]    /opt/app-root/web/src/korrel8r/client/core/request.ts
  [read]    /opt/app-root/web/src/korrel8r/client/index.ts
  [read]    /opt/app-root/web/src/korrel8r/client/Korrel8rClient.ts
  [read]    /opt/app-root/web/src/korrel8r/client/models/Constraint.ts
  [read]    /opt/app-root/web/src/korrel8r/client/models/Domain.ts
  [read]    /opt/app-root/web/src/korrel8r/client/models/Edge.ts
  [read]    /opt/app-root/web/src/korrel8r/client/models/Goals.ts
  [read]    /opt/app-root/web/src/korrel8r/client/models/Graph.ts
  [read]    /opt/app-root/web/src/korrel8r/client/models/Neighbours.ts
  [read]    /opt/app-root/web/src/korrel8r/client/models/Node.ts
  [read]    /opt/app-root/web/src/korrel8r/client/models/QueryCount.ts
  [read]    /opt/app-root/web/src/korrel8r/client/models/Rule.ts
  [read]    /opt/app-root/web/src/korrel8r/client/models/Start.ts
  [read]    /opt/app-root/web/src/korrel8r/client/models/Store.ts
  [read]    /opt/app-root/web/src/korrel8r/client/services/DefaultService.ts
  [read]    /opt/app-root/web/src/korrel8r/k8s.ts
  [read]    /opt/app-root/web/src/korrel8r/log.ts
  [read]    /opt/app-root/web/src/korrel8r/metric.ts
  [read]    /opt/app-root/web/src/korrel8r/netflow.ts
  [read]    /opt/app-root/web/src/korrel8r/trace.ts
  [read]    /opt/app-root/web/src/korrel8r/types.ts
  [read]    /opt/app-root/web/src/redux-actions.ts
  [read]    /opt/app-root/web/src/redux-reducers.ts
  [read]    /opt/app-root/web/src/time.ts
  [read]    /opt/app-root/web/tsconfig.json
  [read]    /opt/app-root/web/webpack.config.ts
  [write]   /opt/app-root/web/locales/en/plugin__troubleshooting-panel-console-plugin.json

  Stats:  89 files were parsed

> troubleshooting-panel-console-plugin@0.4.0 build
> npm run clean && npm run ts-node node_modules/.bin/webpack


> troubleshooting-panel-console-plugin@0.4.0 clean
> rm -rf dist


> troubleshooting-panel-console-plugin@0.4.0 ts-node
> ts-node -O '{"module":"commonjs"}' node_modules/.bin/webpack

assets by path *.js 4.38 MiB
  assets by chunk 3.5 MiB (id hint: vendors)
    asset vendors-node_modules_fortawesome_react-fontawesome_index_es_js-node_modules_patternfly_react--e1c2c2-chunk.js 1.26 MiB [emitted] (id hint: vendors) 1 related asset
    asset vendors-node_modules_patternfly_react-core_dist_esm_helpers_Popper_Popper_js-chunk.js 1.04 MiB [emitted] (id hint: vendors) 1 related asset
    asset vendors-node_modules_immutable_dist_immutable_es_js-node_modules_typesafe-actions_dist_typesa-cdf261-chunk.js 183 KiB [emitted] (id hint: vendors) 1 related asset
    asset vendors-node_modules_openshift-console_dynamic-plugin-sdk_lib_utils_fetch_console-fetch-utils-7ba8c2-chunk.js 161 KiB [emitted] (id hint: vendors) 1 related asset
    asset vendors-node_modules_patternfly_react-core_dist_esm_components_DatePicker_index_js-chunk.js 94.8 KiB [emitted] (id hint: vendors) 1 related asset
    asset vendors-node_modules_patternfly_react-core_dist_esm_components_Menu_Menu_js-node_modules_patt-b35725-chunk.js 90.8 KiB [emitted] (id hint: vendors) 1 related asset
    asset vendors-node_modules_patternfly_react-core_dist_esm_helpers_FocusTrap_FocusTrap_js-node_modul-246622-chunk.js 80.1 KiB [emitted] (id hint: vendors) 1 related asset
    asset vendors-node_modules_patternfly_react-core_dist_esm_components_Form_index_js-chunk.js 63.3 KiB [emitted] (id hint: vendors) 1 related asset
    asset vendors-node_modules_patternfly_react-core_dist_esm_components_TimePicker_index_js-chunk.js 56.3 KiB [emitted] (id hint: vendors) 1 related asset
    + 13 assets
  + 76 assets
asset locales/en/plugin__troubleshooting-panel-console-plugin.json 3.35 KiB [emitted] [from: ../locales/en/plugin__troubleshooting-panel-console-plugin.json] [copied]
asset plugin-manifest.json 1.19 KiB [emitted]
orphan modules 13 KiB [orphan] 47 modules
runtime modules 81.9 KiB 12 modules
javascript modules 3.04 MiB 362 modules
consume-shared-module modules 1.89 KiB
  modules by path consume shared module (default) @patternfly/ 1.68 KiB 41 modules
  + 5 modules
provide-module modules 1.64 KiB
  modules by path provide shared module (default) @patternfly/react-core/dist/dynamic/ 1.11 KiB 27 modules
  modules by path provide shared module (default) @patternfly/react-icons/dist/dynamic/icons/ 546 bytes
    provide shared module (default) @patternfly/react-icons/dist/dynamic/icons/atten...(truncated) 42 bytes [built] [code generated]
    provide shared module (default) @patternfly/react-icons/dist/dynamic/icons/clust...(truncated) 42 bytes [built] [code generated]
    + 11 modules
../node_modules/@fortawesome/fontawesome-svg-core/package.json 1.39 KiB [optional] [built] [code generated]

LOG from @openshift-console/dynamic-plugin-sdk-webpack/lib/webpack/loaders/dynamic-module-import-loader ../node_modules/ts-loader/index.js??ruleSet[1].rules[0].use[0]!./components/KubernetesIcon.tsx
<w> Non-index and non-dynamic module import @patternfly/react-icons/dist/esm/createIcon

webpack 5.104.1 compiled successfully in 15590 ms
--> 0cc351ba35a9
[linux/amd64] [3/3] STEP 1/7: FROM registry.redhat.io/rhel9-4-els/rhel:9.4
[linux/amd64] [3/3] STEP 2/7: RUN mkdir /licenses
--> Using cache 3238e978e7d1fb7717f5c5f046a3fafd3e698f84b75a0dba28583462ebd9f426
--> 3238e978e7d1
[linux/amd64] [3/3] STEP 3/7: COPY LICENSE /licenses/.
--> 954fa58b359f
[linux/amd64] [3/3] STEP 4/7: USER 1001
--> 6e7e7b4dbc9d
[linux/amd64] [3/3] STEP 5/7: COPY --from=web-builder /opt/app-root/web/dist /opt/app-root/web/dist
--> 1e00c92952b2
[linux/amd64] [3/3] STEP 6/7: COPY --from=go-builder /opt/app-root/plugin-backend /opt/app-root
--> 37cdf1fa664f
[linux/amd64] [3/3] STEP 7/7: ENTRYPOINT ["/opt/app-root/plugin-backend", "-static-path", "/opt/app-root/web/dist"]
[linux/amd64] [3/3] COMMIT
--> 158b1a4e0d89
[linux/arm64] [2/3] STEP 1/12: FROM registry.redhat.io/ubi9/go-toolset:latest AS go-builder
158b1a4e0d8921bc139f1a13a39e0f46366ec70ca364ddb8ed83c3e5f83bc8f8
Trying to pull registry.redhat.io/ubi9/go-toolset:latest...
Getting image source signatures
Checking if image destination supports signatures
Copying blob sha256:c8fdbe3acf44fc21949baa4b7451cf11a0419f45f9666bd58fb6bbfdd44a1035
Copying blob sha256:98245caf86240da0764634e4873f8d78498df819a738bee6e752ffc1dc9be497
Copying blob sha256:6c68ec2cb8914dd7cd64b186ef8674ae644c890fcae14edf9a3b33fde3a76cce
Copying blob sha256:b207289c33efdee1c8daaf54d7533bc0b6b26ba33b63f27dfe4e45d033915609
Copying config sha256:5c5428a28f03480ea8a85cc3dc12e18a5af2121cb26ba4e79a2782af0124f13d
Writing manifest to image destination
Storing signatures
[linux/arm64] [2/3] STEP 2/12: WORKDIR /opt/app-root
--> 84afe83920c7
[linux/arm64] [2/3] STEP 3/12: COPY Makefile Makefile
--> f08b6102555f
[linux/arm64] [2/3] STEP 4/12: COPY go.mod go.mod
--> be0ae0d32ea6
[linux/arm64] [2/3] STEP 5/12: COPY go.sum go.sum
--> e836c0cb2c2d
[linux/arm64] [2/3] STEP 6/12: RUN make install-backend
go mod download
--> 6669ce757dfb
[linux/arm64] [2/3] STEP 7/12: COPY cmd/ cmd/
--> f04928ed7ca6
[linux/arm64] [2/3] STEP 8/12: COPY pkg/ pkg/
--> 766866596304
[linux/arm64] [2/3] STEP 9/12: ENV GOFLAGS='-mod=mod'
--> a1cafa820211
[linux/arm64] [2/3] STEP 10/12: ENV GOEXPERIMENT=strictfipsruntime
--> b9802275df46
[linux/arm64] [2/3] STEP 11/12: ENV CGO_ENABLED=1
--> 7bd692ab423d
[linux/arm64] [2/3] STEP 12/12: RUN make build-backend BUILD_OPTS="-tags strictfipsruntime"
go build -tags strictfipsruntime -o plugin-backend -mod=readonly cmd/plugin-backend.go
--> 0ad2796c5036
[linux/arm64] [3/3] STEP 1/7: FROM registry.redhat.io/rhel9-4-els/rhel:9.4
Trying to pull registry.redhat.io/rhel9-4-els/rhel:9.4...
Getting image source signatures
Checking if image destination supports signatures
Copying blob sha256:79500177a417e8e03b63a0893e7e6b03f94ac7a605be761a51e28f082a16087f
Copying config sha256:62846c379ae900d8abe0855310d3d4e7ca7b0b21cc231d45bdfe5a0044988475
Writing manifest to image destination
Storing signatures
[linux/arm64] [3/3] STEP 2/7: RUN mkdir /licenses
--> Using cache be1e3f3b48bc1912c60b8a2b077744aec79f588d3927b492265d2256fecc42bb
--> be1e3f3b48bc
[linux/arm64] [3/3] STEP 3/7: COPY LICENSE /licenses/.
--> f2fd0a909e8e
[linux/arm64] [3/3] STEP 4/7: USER 1001
--> 948d6ebeb8cd
[linux/arm64] [3/3] STEP 5/7: COPY --from=web-builder /opt/app-root/web/dist /opt/app-root/web/dist
--> d328bd7d01f0
[linux/arm64] [3/3] STEP 6/7: COPY --from=go-builder /opt/app-root/plugin-backend /opt/app-root
--> c23915967bee
[linux/arm64] [3/3] STEP 7/7: ENTRYPOINT ["/opt/app-root/plugin-backend", "-static-path", "/opt/app-root/web/dist"]
[linux/arm64] [3/3] COMMIT
--> e28f5a431674
e28f5a43167442fa3878023111a17592f9bbc52c2cb02e690c9adb5f8c4d0edb
podman manifest push quay.io/rh-ee-emurasak/troubleshooting-panel-console-plugin:v0.4.5
Getting image list signatures
Copying 2 images generated from 2 images in list
Copying image sha256:21bdaec2930812922277781c6961b9bddc8c57574124e85630f17acd4e49b4bc (1/2)
Getting image source signatures
Copying blob sha256:78447e6955bd9c4a2d496c0884dbf7e40133003da9eaac2648e75f0483b0868a
Copying blob sha256:6539b82fd461489e7adaece2b0fee6132248733d2b9040cd81701ddc56840711
Copying blob sha256:74ea6a5315ac2a0a27a1e4e6f87703374739fbd596e872724a21ab09c6bdf5dd
Copying blob sha256:15d9563c1e5b7ba12580eca3644a648c90977dec9f6c233821b8486b0a9cfe04
Copying blob sha256:feb44f3ad9e133e54a5687694340456842e5d2531ffffa5be50798df9189de25
Copying config sha256:158b1a4e0d8921bc139f1a13a39e0f46366ec70ca364ddb8ed83c3e5f83bc8f8
Writing manifest to image destination
Copying image sha256:00fde425ea630a7bfda8fa9ba7157822221af6d9dab97f856bfc1fa249a772d8 (2/2)
Getting image source signatures
Copying blob sha256:31c6bf13fffd88edfd379681749129d835c6af8ef6197eec1eecd87354448bff
Copying blob sha256:abdb8cc72e3424e4355a57b5eaf69a820fc9a93b5ef3124d51f184bbf887b049
Copying blob sha256:6087d88bd6dc0091f699ee452aa01b4b90710b857ec92358ef923852c691a579
Copying blob sha256:713742a1c41653f1b8b2aabfd435c6abf29762b828d327819d2a91295ed79d75
Copying blob sha256:c2dd517068d7f21a2eeb91a0758b369fb35962890bc53ac2d95e913c8141a7f3
Copying config sha256:e28f5a43167442fa3878023111a17592f9bbc52c2cb02e690c9adb5f8c4d0edb
Writing manifest to image destination
Writing manifest list to image destination
Storing list signatures
==========================================
Building monitoring-plugin @ release-coo-ocp-4.19 with VERSION=v0.5.4 ORG=rh-ee-emurasak
==========================================
Switched to branch 'release-coo-ocp-4.19'
Your branch is up to date with 'origin/release-coo-ocp-4.19'.
From https://github.com/openshift/monitoring-plugin
 * branch            release-coo-ocp-4.19 -> FETCH_HEAD
Already up to date.
--- Attempt 1/3 ---
podman manifest rm quay.io/rh-ee-emurasak/monitoring-console-plugin:v0.5.4 || true
Untagged: quay.io/rh-ee-emurasak/monitoring-console-plugin:v0.5.4
Deleted: 992cb5e4010fb1553e7af7eefb8038956e56cb786eab97c4de88df554dbe6f8a
podman manifest create quay.io/rh-ee-emurasak/monitoring-console-plugin:v0.5.4
59accbd141cf2753a87585de046dc0f41a569daac9b950c4f27e61f2483c8724
podman build --platform linux/arm64,linux/amd64 --manifest quay.io/rh-ee-emurasak/monitoring-console-plugin:v0.5.4 -f Dockerfile.mcp
[linux/arm64] [1/3] STEP 1/13: FROM registry.redhat.io/ubi9/nodejs-22:latest AS web-builder
[linux/arm64] [1/3] STEP 2/13: WORKDIR /opt/app-root
--> Using cache 2b3b4ed2e104018013987c6994b39e5230852351d782bce566e3b4d0bb442709
--> 2b3b4ed2e104
[linux/arm64] [1/3] STEP 3/13: USER 0
--> Using cache 7f8f8f3e5982a95b1ab1b2ac58e2650bb7b8362ee264983e92a3a2ed81f346d6
--> 7f8f8f3e5982
[linux/arm64] [1/3] STEP 4/13: ENV HUSKY=0
--> Using cache cd43796b49ca68ad135063a39fd7d828e86f1bfa9a5432f06f9d2f0d1ad3d92f
--> cd43796b49ca
[linux/arm64] [1/3] STEP 5/13: COPY web/package*.json web/
--> Using cache 56c77b840be98334d545f779ab4b527953e15305cde6cb9efb2755942c68aa3c
--> 56c77b840be9
[linux/arm64] [1/3] STEP 6/13: COPY Makefile Makefile
--> Using cache ab53e7f07d5e6c0027ec7d2a5ad96313721fbd0df0f16c0c77e336b9da5c0679
--> ab53e7f07d5e
[linux/arm64] [1/3] STEP 7/13: RUN cd web && npm ci --legacy-peer-deps --ignore-scripts
--> Using cache df88f164b7cf4daf02f5f4a45497d6a2e770c8d5d404a93dc22deac55000dbd9
--> df88f164b7cf
[linux/arm64] [1/3] STEP 8/13: COPY web/ web/
--> Using cache d5c29d3ddcb79677d1455bcfd6a08f8643d931cdcb8abc41f711bdbf7be014ee
--> d5c29d3ddcb7
[linux/arm64] [1/3] STEP 9/13: COPY config/ config/
--> Using cache 6990413179a2a1cd95bd356293cea001749271e7fff36a8ac479f3c1aaa24d7f
--> 6990413179a2
[linux/arm64] [1/3] STEP 10/13: COPY scripts/update-plugin-name.sh scripts/update-plugin-name.sh
--> Using cache 4a033e46278beb367391516d425f034a70501bed0ae0866136992eea2915887a
--> 4a033e46278b
[linux/arm64] [1/3] STEP 11/13: RUN make update-plugin-name
--> Using cache 9d63b1a550f75ef431b42d167ea15527b33968ddb7da3020eb8ec8c7559e2f74
--> 9d63b1a550f7
[linux/arm64] [1/3] STEP 12/13: ENV I18N_NAMESPACE="plugin__monitoring-console-plugin"
--> Using cache 143687d3b6f832a34393c7b4154f4f65576209cd81d9f7e346723286c186aa27
--> 143687d3b6f8
[linux/arm64] [1/3] STEP 13/13: RUN make build-frontend
--> Using cache a1338b6ed9ee3f9723720f1011945e9cf8af97555821cb57a15cff3aecae9a9e
--> a1338b6ed9ee
[linux/arm64] [2/3] STEP 1/14: FROM brew.registry.redhat.io/rh-osbs/openshift-golang-builder:rhel_9_1.24 AS go-builder
Trying to pull brew.registry.redhat.io/rh-osbs/openshift-golang-builder:rhel_9_1.24...
Getting image source signatures
Copying blob sha256:0b3425962862e4c28bb2a8c620101947643235ac8ec98ebf4dd6948f79db8178
Copying blob sha256:65442b90c1456946b65a513148c3e504c3e1ae3889d427d5b4526ba9cec3ea0e
Copying config sha256:6b75237990fc7d8f0d9c2ac0d8181360163689361a8fa8d7ae3709b82f0e5e4e
Writing manifest to image destination
[linux/arm64] [2/3] STEP 2/14: WORKDIR /opt/app-root
--> Using cache e2dad960de2c0326bfeffb8054a2ce4d348ea1f6e6ca191c75f675fbc5b1413e
--> e2dad960de2c
[linux/arm64] [2/3] STEP 3/14: COPY Makefile Makefile
--> Using cache 8824010443ec06c16bf0ca4bd054b7588abc546f622f0a3bb6c1f3f994fa2899
--> 8824010443ec
[linux/arm64] [2/3] STEP 4/14: COPY go.mod go.mod
--> Using cache a87d159e170bdb15b4ca9ee846dba2424f35dd39063872efc8fbf7fa0db99ddd
--> a87d159e170b
[linux/arm64] [2/3] STEP 5/14: COPY go.sum go.sum
--> Using cache 3dbb64d79c116ad9245c3071e7d004f7da50ed5dc57ab15297f2ea49fad23423
--> 3dbb64d79c11
[linux/arm64] [2/3] STEP 6/14: RUN make install-backend
--> Using cache efd69b4adfeadb14be4e1ba748c6608b1a33b9785e178c57d1eef898f04c6034
--> efd69b4adfea
[linux/arm64] [2/3] STEP 7/14: COPY cmd/ cmd/
--> Using cache de7a603b65444de31eb059982945a1301c57ea3d9c9b9fd104a36b2aad9d3129
--> de7a603b6544
[linux/arm64] [2/3] STEP 8/14: COPY pkg/ pkg/
--> Using cache c12d36a0deaa95959fa6901f298c69864f579f206322479a6303472565016510
--> c12d36a0deaa
[linux/arm64] [2/3] STEP 9/14: ENV GOOS=${TARGETOS:-linux}
--> Using cache a0ae4f3c0daed14eeeddc84f5ab2438a6583571853596a3c4e8dc25c85779885
--> a0ae4f3c0dae
[linux/arm64] [2/3] STEP 10/14: ENV GOARCH=${TARGETARCH}
--> Using cache fdbbd07a3a04256f72893e77275bd77573a02667cc762c6a172a51135653eeae
--> fdbbd07a3a04
[linux/arm64] [2/3] STEP 11/14: ENV GOEXPERIMENT=strictfipsruntime
--> Using cache d335267b66de769c4539a3c1233e360f745c72f8236286788b0366c6c4eeac45
--> d335267b66de
[linux/arm64] [2/3] STEP 12/14: ENV GOFLAGS=-mod=readonly
--> Using cache b3393153c135a0661a7d00f806647700063b150db709bae4c23a0933e425b54e
--> b3393153c135
[linux/arm64] [2/3] STEP 13/14: ENV CGO_ENABLED=1
--> Using cache 143faf3542e3141b771dc52bc5603a378532c4c4e18d7b8a725453a2b87541bc
--> 143faf3542e3
[linux/arm64] [2/3] STEP 14/14: RUN make build-backend
--> Using cache 306831fb6b344ec7373f9894ef719f945dec14e42d969c8eeb6fcc85b3c6f23c
--> 306831fb6b34
[linux/amd64] [1/3] STEP 1/13: FROM registry.redhat.io/ubi9/nodejs-22:latest AS web-builder
Trying to pull registry.redhat.io/ubi9/nodejs-22:latest...
Getting image source signatures
Checking if image destination supports signatures
Copying blob sha256:669ecfdf872e83fa8f88dbdbe9b75f628fb72b9210cbdcce7ea0f449a74cac9e
Copying blob sha256:9a785c83dc42af66688cf5d3dd8e0500ce65bad5a679b45744d62c2fffbb60d8
Copying blob sha256:1c3800ac7d8629ddf73a031732f867dbc0c46d5a7dd1f70c0656c2e6e351e3aa
Copying config sha256:7ff8c7d7ce9b0c742c2379ee8b8206279c959b199e0e12bd8d486ef717c6da23
Writing manifest to image destination
Storing signatures
[linux/amd64] [1/3] STEP 2/13: WORKDIR /opt/app-root
--> Using cache 9fa54f016c2c68043ab3ace241546f3b9f08fca9b639456d47ef71bf5ff386bd
--> 9fa54f016c2c
[linux/amd64] [1/3] STEP 3/13: USER 0
--> Using cache e5c27da73f5cd7e05f5ce7c9bebd0bba2045982859d8383a163c9c8225a1e915
--> e5c27da73f5c
[linux/amd64] [1/3] STEP 4/13: ENV HUSKY=0
--> Using cache 14461c616df16e3fb9d8c81989a357e743626c8bc342e6d4b3968de984a1225a
--> 14461c616df1
[linux/amd64] [1/3] STEP 5/13: COPY web/package*.json web/
--> Using cache a3297a9d7b9bae4fae7dbd80e261888587681061ec794062debfd129414ea81d
--> a3297a9d7b9b
[linux/amd64] [1/3] STEP 6/13: COPY Makefile Makefile
--> Using cache 9e3366373c9019b5a04db1a26bce4491fb169fd658d55fc54e62ed1ee565a68f
--> 9e3366373c90
[linux/amd64] [1/3] STEP 7/13: RUN cd web && npm ci --legacy-peer-deps --ignore-scripts
--> Using cache 93647a2edaf7dba16ae7d8e2ce7c556542113128ffaaf09f912001105e5436fa
--> 93647a2edaf7
[linux/amd64] [1/3] STEP 8/13: COPY web/ web/
--> Using cache aef8461d26fbec20daf87156bbb8fb330bad379eb697913080fc96c6003bbe47
--> aef8461d26fb
[linux/amd64] [1/3] STEP 9/13: COPY config/ config/
--> Using cache dc249bb9cdf47bfebf1f6c05b95bf066964f68485a9a64f8cc32595fba7c0a3c
--> dc249bb9cdf4
[linux/amd64] [1/3] STEP 10/13: COPY scripts/update-plugin-name.sh scripts/update-plugin-name.sh
--> Using cache b66087d5f0a6ca70eb915d666c2f65906b523de91f1596d3ee99368420bdc926
--> b66087d5f0a6
[linux/amd64] [1/3] STEP 11/13: RUN make update-plugin-name
--> Using cache cfff60198f1531a46ff1d50738cd71a5ab3265ce92bae4b93bde3b3dc2929542
--> cfff60198f15
[linux/amd64] [1/3] STEP 12/13: ENV I18N_NAMESPACE="plugin__monitoring-console-plugin"
--> Using cache a397697ac5198d7c1cff3b744492771f5f9426581d5a2aa6b8e8e7d88598af49
--> a397697ac519
[linux/amd64] [1/3] STEP 13/13: RUN make build-frontend
--> Using cache 5a0678d342512d5dd4012db9b2667f4ac4468a883481710c8e91e7786a3d6838
--> 5a0678d34251
[linux/arm64] [3/3] STEP 1/8: FROM registry.redhat.io/rhel9-4-els/rhel:9.4
[linux/arm64] [3/3] STEP 2/8: RUN mkdir /licenses
--> Using cache be1e3f3b48bc1912c60b8a2b077744aec79f588d3927b492265d2256fecc42bb
--> be1e3f3b48bc
[linux/arm64] [3/3] STEP 3/8: COPY LICENSE /licenses/.
--> Using cache 73ee05712225c90819d101d6fe8c4d73306067034ee7e3f29db0179975215100
--> 73ee05712225
[linux/arm64] [3/3] STEP 4/8: USER 1001
--> Using cache a0da4efef8f70aab348879721700f4c4780901d02346f043ab745de386192e61
--> a0da4efef8f7
[linux/arm64] [3/3] STEP 5/8: COPY --from=web-builder /opt/app-root/web/dist /opt/app-root/web/dist
--> Using cache c33474e6b23e0ee3235f116153aa08b41efabbc8ed4b5d0ab47e4cb980815800
--> c33474e6b23e
[linux/arm64] [3/3] STEP 6/8: COPY --from=go-builder /opt/app-root/plugin-backend /opt/app-root
--> Using cache 23d19054aac4be7bb450c4826b5eb3cbb4c349b46fbc669737b64c4a80a0f8fb
--> 23d19054aac4
[linux/arm64] [3/3] STEP 7/8: COPY --from=web-builder /opt/app-root/config /opt/app-root/config
--> Using cache 396c676568008e91147885c3db8ba4dedcfac16ab1ccafce829b1f7a3eddc772
--> 396c67656800
[linux/arm64] [3/3] STEP 8/8: ENTRYPOINT ["/opt/app-root/plugin-backend", "-static-path", "/opt/app-root/web/dist"]
--> Using cache 7e14cef54be5f09c61b37d5f5a6ab05b604aee99835b1265305bcd96ea080c63
--> 7e14cef54be5
[linux/amd64] [2/3] STEP 1/14: FROM brew.registry.redhat.io/rh-osbs/openshift-golang-builder:rhel_9_1.24 AS go-builder
7e14cef54be5f09c61b37d5f5a6ab05b604aee99835b1265305bcd96ea080c63
Trying to pull brew.registry.redhat.io/rh-osbs/openshift-golang-builder:rhel_9_1.24...
Getting image source signatures
Copying blob sha256:e2e2fd836dcf8c102bc7bdec3fa60ccac6c08515308f3a3fd42a61dbecea6239
Copying blob sha256:5e09f8650bc245176f116be7bf617e9ebbda9f1690adc8f25ef8cc558cd62fbf
Copying config sha256:4110829d2ea57e0eeded3bd6d60857e756e7c4076501cd57b752f0411b653164
Writing manifest to image destination
[linux/amd64] [2/3] STEP 2/14: WORKDIR /opt/app-root
--> Using cache 704074ba3bd4a3fa8e42e2be7faf50d8959ef62ccd435ef106f53613fe81365c
--> 704074ba3bd4
[linux/amd64] [2/3] STEP 3/14: COPY Makefile Makefile
--> Using cache 23af3bd40c16d567dd1696a55d387d75aa5028317c70d0587940d1bbba73f883
--> 23af3bd40c16
[linux/amd64] [2/3] STEP 4/14: COPY go.mod go.mod
--> Using cache 38b9cf4696f3e066f18bd92bc3222a6aea28bbf5e548c394e26a20042b84bb27
--> 38b9cf4696f3
[linux/amd64] [2/3] STEP 5/14: COPY go.sum go.sum
--> Using cache 539631f10d9461a77f440ea4cf8ef1e5398bf23b0f3af0a06068e20f5a859af4
--> 539631f10d94
[linux/amd64] [2/3] STEP 6/14: RUN make install-backend
--> Using cache d5d19b7f276b818a901c01e49c5ea38e7fe4bdbd4d503670b7bc8d5ab441dd98
--> d5d19b7f276b
[linux/amd64] [2/3] STEP 7/14: COPY cmd/ cmd/
--> Using cache a0b52ad1bda005434cfcbade47cf053f7c2234792d92dd1609bce299a844a169
--> a0b52ad1bda0
[linux/amd64] [2/3] STEP 8/14: COPY pkg/ pkg/
--> Using cache 03667b78f15a31272f9d4e2ca6bafe87b3032e34c0c240e5cebb7c491579c738
--> 03667b78f15a
[linux/amd64] [2/3] STEP 9/14: ENV GOOS=${TARGETOS:-linux}
--> Using cache dc4a1d9823d5d000b8d7bb6e0fabb1135e02c3f1b3f899e83d99659686e61424
--> dc4a1d9823d5
[linux/amd64] [2/3] STEP 10/14: ENV GOARCH=${TARGETARCH}
--> Using cache 8a96037e3f84319c1f2364f093751f1e42225890520f3fdb1d54cd051ab82671
--> 8a96037e3f84
[linux/amd64] [2/3] STEP 11/14: ENV GOEXPERIMENT=strictfipsruntime
--> Using cache 0cc78dbf16ef4e50f982b5748a67b252f8ab173adcf720280af1175edade44a5
--> 0cc78dbf16ef
[linux/amd64] [2/3] STEP 12/14: ENV GOFLAGS=-mod=readonly
--> Using cache 1bf737cee64853ce40c33d80fa762f9be92b0256fa765246eff341d95227dc59
--> 1bf737cee648
[linux/amd64] [2/3] STEP 13/14: ENV CGO_ENABLED=1
--> Using cache 5a4135d5f604cfccb7aa4c2010c3d8d0fac4ea84eaa28044149b5641059ae736
--> 5a4135d5f604
[linux/amd64] [2/3] STEP 14/14: RUN make build-backend
--> Using cache f988692f5507057d14bcce0364f6b9f09af37beccc93aceb30d4e0b850cd2ce4
--> f988692f5507
[linux/amd64] [3/3] STEP 1/8: FROM registry.redhat.io/rhel9-4-els/rhel:9.4
Trying to pull registry.redhat.io/rhel9-4-els/rhel:9.4...
Getting image source signatures
Checking if image destination supports signatures
Copying blob sha256:9e5082548d869f2944301a153c8568183a38cf0df310a3fb0b2daf2af3b5f841
Copying config sha256:77849b1a77e7859a392840d43bed01557ec82ac0c2ac4283d962deec354ceee6
Writing manifest to image destination
Storing signatures
[linux/amd64] [3/3] STEP 2/8: RUN mkdir /licenses
--> Using cache 3238e978e7d1fb7717f5c5f046a3fafd3e698f84b75a0dba28583462ebd9f426
--> 3238e978e7d1
[linux/amd64] [3/3] STEP 3/8: COPY LICENSE /licenses/.
--> Using cache 11a460b4af678dbdb60b93f0b111c19bde42a72fc2c62528c37c5366c2d0461a
--> 11a460b4af67
[linux/amd64] [3/3] STEP 4/8: USER 1001
--> Using cache 0dcbadd2e4c06f4b1cbcb550c252c9b573bd3514f0a82244c29e0ea75308e78a
--> 0dcbadd2e4c0
[linux/amd64] [3/3] STEP 5/8: COPY --from=web-builder /opt/app-root/web/dist /opt/app-root/web/dist
--> Using cache c21dd809a59109db9f481fc97fc3e05045f0d67e6a14b236328ef001ee8083b5
--> c21dd809a591
[linux/amd64] [3/3] STEP 6/8: COPY --from=go-builder /opt/app-root/plugin-backend /opt/app-root
--> Using cache 27497b93aba2030b157ee49984fd0c0d3af18e17aad80a2925ebf3e20c005cf4
--> 27497b93aba2
[linux/amd64] [3/3] STEP 7/8: COPY --from=web-builder /opt/app-root/config /opt/app-root/config
--> Using cache 134e979c0c8f23488fb334e12652f401053f8cb1cf74a9efbd131db4b5e56722
--> 134e979c0c8f
[linux/amd64] [3/3] STEP 8/8: ENTRYPOINT ["/opt/app-root/plugin-backend", "-static-path", "/opt/app-root/web/dist"]
--> Using cache 16cfde5dbc34628b6161ebce586dd13eed6d59ea89abfed43e9ff7b9d871fc9d
--> 16cfde5dbc34
16cfde5dbc34628b6161ebce586dd13eed6d59ea89abfed43e9ff7b9d871fc9d
podman manifest push quay.io/rh-ee-emurasak/monitoring-console-plugin:v0.5.4
Getting image list signatures
Copying 2 images generated from 2 images in list
Copying image sha256:86c55dafbba681fb9c26025b5c619e5e144628e577e93dadb84e26770cf003ad (1/2)
Getting image source signatures
Copying blob sha256:abdb8cc72e3424e4355a57b5eaf69a820fc9a93b5ef3124d51f184bbf887b049
Copying blob sha256:900e509853cde11e0d71ead504885db2c8fb0b7c32c49d4bfca16d0f2df327af
Copying blob sha256:713742a1c41653f1b8b2aabfd435c6abf29762b828d327819d2a91295ed79d75
Copying blob sha256:2393e6ab5ce9660106b4ca65394105bafd1812ff29445ddc28290e1fabbd1d06
Copying blob sha256:5dec4757693188ae11d87cfb3f21e2365b825dfdb99aca5ea8669f1cc99d6be4
Copying blob sha256:37d3720262248bc42ee90dabecf2df368734462abb076d75d2dbbd9f91f2a0f6
Copying config sha256:7e14cef54be5f09c61b37d5f5a6ab05b604aee99835b1265305bcd96ea080c63
Writing manifest to image destination
Copying image sha256:487fa444dc7af60b803adc890cbb5f7336c9ade50473f01d7cb6851f7df7c146 (2/2)
Getting image source signatures
Copying blob sha256:00b56698bd2ef7e89a30353a8296ccbc4aa0f42b49ee72928dabd2b5ac5f2f26
Copying blob sha256:6539b82fd461489e7adaece2b0fee6132248733d2b9040cd81701ddc56840711
Copying blob sha256:74ea6a5315ac2a0a27a1e4e6f87703374739fbd596e872724a21ab09c6bdf5dd
Copying blob sha256:00ea54f5de21d0bcb34e3c4232fa7e40e79d800c38481f4b7e364f105cc4e23c
Copying blob sha256:32d7e7e999a9c3bcf28cbf9c3ef72e239ff1c856608e3d22667578cb0a290940
Copying blob sha256:2c6b247d8733d8e200b30d8b9fce7d81a67f211ea698734dd985fbea0c71e71c
Copying config sha256:16cfde5dbc34628b6161ebce586dd13eed6d59ea89abfed43e9ff7b9d871fc9d
Writing manifest to image destination
Writing manifest list to image destination
Storing list signatures
==========================================
Building distributed-tracing-console-plugin @ release-coo-ocp-4.22 with VERSION=v1.1.0 ORG=rh-ee-emurasak
==========================================
Switched to branch 'release-coo-ocp-4.22'
Your branch is up to date with 'origin/release-coo-ocp-4.22'.
From https://github.com/openshift/distributed-tracing-console-plugin
 * branch            release-coo-ocp-4.22 -> FETCH_HEAD
Already up to date.
--- Attempt 1/3 ---
podman manifest rm quay.io/rh-ee-emurasak/distributed-tracing-console-plugin:v1.1.0 || true
Untagged: quay.io/rh-ee-emurasak/distributed-tracing-console-plugin:v1.1.0
Deleted: 6ad891355d6e29545ee641eaece142b9d443e9611c1a1503193dbd38e633e42b
podman manifest create quay.io/rh-ee-emurasak/distributed-tracing-console-plugin:v1.1.0
9d1be97a6e09c217e07784e96bd70c73f22c71bbac444db92b54b3a864af0413
podman build --platform=linux/arm64,linux/amd64 --manifest quay.io/rh-ee-emurasak/distributed-tracing-console-plugin:v1.1.0 -f Dockerfile.dev
[linux/amd64] [1/3] STEP 1/9: FROM registry.redhat.io/ubi9/nodejs-22:latest AS web-builder
[linux/amd64] [1/3] STEP 2/9: WORKDIR /opt/app-root
--> Using cache 9fa54f016c2c68043ab3ace241546f3b9f08fca9b639456d47ef71bf5ff386bd
--> 9fa54f016c2c
[linux/amd64] [1/3] STEP 3/9: USER 0
--> Using cache e5c27da73f5cd7e05f5ce7c9bebd0bba2045982859d8383a163c9c8225a1e915
--> e5c27da73f5c
[linux/amd64] [1/3] STEP 4/9: ENV HUSKY=0
--> Using cache 14461c616df16e3fb9d8c81989a357e743626c8bc342e6d4b3968de984a1225a
--> 14461c616df1
[linux/amd64] [1/3] STEP 5/9: COPY web/package*.json web/
--> bcadf4e7238d
[linux/amd64] [1/3] STEP 6/9: COPY Makefile Makefile
--> 41c80fcba019
[linux/amd64] [1/3] STEP 7/9: RUN make install-frontend-ci-clean
cd web && npm ci --ignore-scripts --omit=optional
npm warn deprecated whatwg-encoding@3.1.1: Use @exodus/bytes instead for a more spec-conformant and faster implementation
npm warn deprecated rimraf@3.0.2: Rimraf versions prior to v4 are no longer supported
npm warn deprecated inflight@1.0.6: This module is not supported, and leaks memory. Do not use it. Check out lru-cache if you want a good and tested way to coalesce async requests by a key value, which is much more comprehensive and powerful.
npm warn deprecated glob@7.2.3: Glob versions prior to v9 are no longer supported
npm warn deprecated rimraf@2.7.1: Rimraf versions prior to v4 are no longer supported
npm warn deprecated glob@10.5.0: Old versions of glob are not supported, and contain widely publicized security vulnerabilities, which have been fixed in the current version. Please update. Support for old versions may be purchased (at exorbitant rates) by contacting i@izs.me
npm warn deprecated glob@10.5.0: Old versions of glob are not supported, and contain widely publicized security vulnerabilities, which have been fixed in the current version. Please update. Support for old versions may be purchased (at exorbitant rates) by contacting i@izs.me
npm warn deprecated glob@10.5.0: Old versions of glob are not supported, and contain widely publicized security vulnerabilities, which have been fixed in the current version. Please update. Support for old versions may be purchased (at exorbitant rates) by contacting i@izs.me
npm warn deprecated glob@10.5.0: Old versions of glob are not supported, and contain widely publicized security vulnerabilities, which have been fixed in the current version. Please update. Support for old versions may be purchased (at exorbitant rates) by contacting i@izs.me

added 1726 packages, and audited 1727 packages in 57s

310 packages are looking for funding
  run `npm fund` for details

27 vulnerabilities (1 low, 19 moderate, 7 high)

To address issues that do not require attention, run:
  npm audit fix

To address all issues (including breaking changes), run:
  npm audit fix --force

Run `npm audit` for details.
cd web && npm cache clean --force
npm warn using --force Recommended protections disabled.
--> 624a3785364f
[linux/amd64] [1/3] STEP 8/9: COPY web/ web/
--> c111799cfeef
[linux/amd64] [1/3] STEP 9/9: RUN make build-frontend
cd web && npm run build

> distributed-tracing-console-plugin@1.0.0 build
> npm run clean && NODE_ENV=production npm run webpack


> distributed-tracing-console-plugin@1.0.0 clean
> rm -rf dist


> distributed-tracing-console-plugin@1.0.0 webpack
> node -r ts-node/register ./node_modules/.bin/webpack

assets by path assets/ 1.27 MiB
  assets by path assets/*.woff 740 KiB 42 assets
  assets by path assets/*.woff2 565 KiB
    asset assets/inter-latin-ext-600-normal..woff2 35.4 KiB [emitted] [from: ../node_modules/@fontsource/inter/files/inter-latin-ext-600-normal.woff2] (auxiliary id hint: vendors)
    + 41 assets
assets by path *.js 3.3 MiB
  assets by chunk 2.9 MiB (id hint: vendors)
    asset 9911-chunk-d5678a1d8861af23fdb1.min.js 2.59 MiB [emitted] [immutable] [minimized] [big] (id hint: vendors) 1 related asset
    asset 3864-chunk-a584ce5774a4b071dbe5.min.js 130 KiB [emitted] [immutable] [minimized] (id hint: vendors) 1 related asset
    asset 4123-chunk-55a800dcef5c3575529a.min.js 39.9 KiB [emitted] [immutable] [minimized] (id hint: vendors)
    + 9 assets
  + 66 assets
asset locales/en/plugin__distributed-tracing-console-plugin.json 4.29 KiB [emitted] [from: ../locales/en/plugin__distributed-tracing-console-plugin.json] [copied]
asset plugin-manifest.json 895 bytes [emitted]
orphan modules 21.1 MiB [orphan] 13444 modules
runtime modules 34.7 KiB 14 modules
built modules 10.2 MiB (javascript) 1.27 MiB (asset) 1.6 KiB (consume-shared) 1.39 KiB (share-init) [built]
  javascript modules 10.2 MiB 718 modules
  asset modules 1.27 MiB (asset) 3.45 KiB (javascript)
    modules by path ../node_modules/@fontsource/inter/files/*.woff2 565 KiB (asset) 1.72 KiB (javascript) 42 modules
    modules by path ../node_modules/@fontsource/inter/files/*.woff 740 KiB (asset) 1.72 KiB (javascript) 42 modules
  consume-shared-module modules 1.6 KiB
    modules by path consume shared module (default) @patternfly/ 1.39 KiB 34 modules
    modules by path *.1 (singleton) 84 bytes 2 modules
    + 3 modules
  provide-module modules 1.39 KiB
    modules by path provide shared module (default) @patternfly/react-core/dist/dynamic/ 924 bytes 22 modules
    modules by path provide shared module (default) @patternfly/react-icons/dist/dynamic/icons/ 504 bytes 12 modules

WARNING in asset size limit: The following asset(s) exceed the recommended size limit (244 KiB).
This can impact web performance.
Assets: 
  9911-chunk-d5678a1d8861af23fdb1.min.js (2.59 MiB)

webpack 5.106.2 compiled with 1 warning in 162988 ms
--> 7dacf5fb45b3
[linux/arm64] [1/3] STEP 1/9: FROM registry.redhat.io/ubi9/nodejs-22:latest AS web-builder
Trying to pull registry.redhat.io/ubi9/nodejs-22:latest...
Getting image source signatures
Checking if image destination supports signatures
Copying blob sha256:8cc4364173e08b740ee39103f76581907e7a0eaa07260aeb6afbbebb8dde106e
Copying blob sha256:6c68ec2cb8914dd7cd64b186ef8674ae644c890fcae14edf9a3b33fde3a76cce
Copying blob sha256:98245caf86240da0764634e4873f8d78498df819a738bee6e752ffc1dc9be497
Copying config sha256:bceceabd26d12d7ba9de7f0aad51a65d5ae092bd1ae800eb7bad9330a6a05b8e
Writing manifest to image destination
Storing signatures
[linux/arm64] [1/3] STEP 2/9: WORKDIR /opt/app-root
--> Using cache 2b3b4ed2e104018013987c6994b39e5230852351d782bce566e3b4d0bb442709
--> 2b3b4ed2e104
[linux/arm64] [1/3] STEP 3/9: USER 0
--> Using cache 7f8f8f3e5982a95b1ab1b2ac58e2650bb7b8362ee264983e92a3a2ed81f346d6
--> 7f8f8f3e5982
[linux/arm64] [1/3] STEP 4/9: ENV HUSKY=0
--> Using cache cd43796b49ca68ad135063a39fd7d828e86f1bfa9a5432f06f9d2f0d1ad3d92f
--> cd43796b49ca
[linux/arm64] [1/3] STEP 5/9: COPY web/package*.json web/
--> b368ba09b16d
[linux/arm64] [1/3] STEP 6/9: COPY Makefile Makefile
--> 864846908987
[linux/arm64] [1/3] STEP 7/9: RUN make install-frontend-ci-clean
cd web && npm ci --ignore-scripts --omit=optional
npm warn deprecated whatwg-encoding@3.1.1: Use @exodus/bytes instead for a more spec-conformant and faster implementation
npm warn deprecated rimraf@3.0.2: Rimraf versions prior to v4 are no longer supported
npm warn deprecated inflight@1.0.6: This module is not supported, and leaks memory. Do not use it. Check out lru-cache if you want a good and tested way to coalesce async requests by a key value, which is much more comprehensive and powerful.
npm warn deprecated glob@7.2.3: Glob versions prior to v9 are no longer supported
npm warn deprecated rimraf@2.7.1: Rimraf versions prior to v4 are no longer supported
npm warn deprecated glob@10.5.0: Old versions of glob are not supported, and contain widely publicized security vulnerabilities, which have been fixed in the current version. Please update. Support for old versions may be purchased (at exorbitant rates) by contacting i@izs.me
npm warn deprecated glob@10.5.0: Old versions of glob are not supported, and contain widely publicized security vulnerabilities, which have been fixed in the current version. Please update. Support for old versions may be purchased (at exorbitant rates) by contacting i@izs.me
npm warn deprecated glob@10.5.0: Old versions of glob are not supported, and contain widely publicized security vulnerabilities, which have been fixed in the current version. Please update. Support for old versions may be purchased (at exorbitant rates) by contacting i@izs.me
npm warn deprecated glob@10.5.0: Old versions of glob are not supported, and contain widely publicized security vulnerabilities, which have been fixed in the current version. Please update. Support for old versions may be purchased (at exorbitant rates) by contacting i@izs.me

added 1726 packages, and audited 1727 packages in 1m

310 packages are looking for funding
  run `npm fund` for details

27 vulnerabilities (1 low, 19 moderate, 7 high)

To address issues that do not require attention, run:
  npm audit fix

To address all issues (including breaking changes), run:
  npm audit fix --force

Run `npm audit` for details.
cd web && npm cache clean --force
npm warn using --force Recommended protections disabled.
--> 11168c4140ed
[linux/arm64] [1/3] STEP 8/9: COPY web/ web/
--> aaa8873fbddb
[linux/arm64] [1/3] STEP 9/9: RUN make build-frontend
cd web && npm run build

> distributed-tracing-console-plugin@1.0.0 build
> npm run clean && NODE_ENV=production npm run webpack


> distributed-tracing-console-plugin@1.0.0 clean
> rm -rf dist


> distributed-tracing-console-plugin@1.0.0 webpack
> node -r ts-node/register ./node_modules/.bin/webpack

assets by path assets/ 1.27 MiB
  assets by path assets/*.woff 740 KiB 42 assets
  assets by path assets/*.woff2 565 KiB
    asset assets/inter-latin-ext-600-normal..woff2 35.4 KiB [emitted] [from: ../node_modules/@fontsource/inter/files/inter-latin-ext-600-normal.woff2] (auxiliary id hint: vendors)
    + 41 assets
assets by path *.js 3.3 MiB
  assets by chunk 2.9 MiB (id hint: vendors)
    asset 9911-chunk-d5678a1d8861af23fdb1.min.js 2.59 MiB [emitted] [immutable] [minimized] [big] (id hint: vendors) 1 related asset
    asset 3864-chunk-a584ce5774a4b071dbe5.min.js 130 KiB [emitted] [immutable] [minimized] (id hint: vendors) 1 related asset
    asset 4123-chunk-55a800dcef5c3575529a.min.js 39.9 KiB [emitted] [immutable] [minimized] (id hint: vendors)
    + 9 assets
  + 66 assets
asset locales/en/plugin__distributed-tracing-console-plugin.json 4.29 KiB [emitted] [from: ../locales/en/plugin__distributed-tracing-console-plugin.json] [copied]
asset plugin-manifest.json 895 bytes [emitted]
orphan modules 21.1 MiB [orphan] 13444 modules
runtime modules 34.7 KiB 14 modules
built modules 10.2 MiB (javascript) 1.27 MiB (asset) 1.6 KiB (consume-shared) 1.39 KiB (share-init) [built]
  javascript modules 10.2 MiB 718 modules
  asset modules 1.27 MiB (asset) 3.45 KiB (javascript)
    modules by path ../node_modules/@fontsource/inter/files/*.woff2 565 KiB (asset) 1.72 KiB (javascript) 42 modules
    modules by path ../node_modules/@fontsource/inter/files/*.woff 740 KiB (asset) 1.72 KiB (javascript) 42 modules
  consume-shared-module modules 1.6 KiB
    modules by path consume shared module (default) @patternfly/ 1.39 KiB 34 modules
    modules by path *.1 (singleton) 84 bytes 2 modules
    + 3 modules
  provide-module modules 1.39 KiB
    modules by path provide shared module (default) @patternfly/react-core/dist/dynamic/ 924 bytes 22 modules
    modules by path provide shared module (default) @patternfly/react-icons/dist/dynamic/icons/ 504 bytes 12 modules

WARNING in asset size limit: The following asset(s) exceed the recommended size limit (244 KiB).
This can impact web performance.
Assets: 
  9911-chunk-d5678a1d8861af23fdb1.min.js (2.59 MiB)

webpack 5.106.2 compiled with 1 warning in 102855 ms
--> fde7e194c103
[linux/amd64] [2/3] STEP 1/12: FROM brew.registry.redhat.io/rh-osbs/openshift-golang-builder:rhel_9_1.25 AS go-builder
[linux/amd64] [2/3] STEP 2/12: WORKDIR /opt/app-root
--> Using cache bd8317169f1cd59d4e460a6c3bdd4b9984e4c95e1041505ec14b503a0b61e4b3
--> bd8317169f1c
[linux/amd64] [2/3] STEP 3/12: COPY Makefile Makefile
--> Using cache be184fdd2603d39521d00eecb74fb6ce1d27f29a9c2bcc279ed4ad2649bff0ec
--> be184fdd2603
[linux/amd64] [2/3] STEP 4/12: COPY go.mod go.mod
--> Using cache ced1aa7f8a757a94e192e4a3b2218b48b74bac7afe4f2ff1419fb1c99f1fa9ec
--> ced1aa7f8a75
[linux/amd64] [2/3] STEP 5/12: COPY go.sum go.sum
--> Using cache 215257b9d4c607b08d75fe7fb881193a5b5fdb42b0f317895eadf6782959772b
--> 215257b9d4c6
[linux/amd64] [2/3] STEP 6/12: RUN make install-backend
--> Using cache fcbe022f2712d7e85098429c25645e1a098c2390bcc68a9bf99847c0270fb5e1
--> fcbe022f2712
[linux/amd64] [2/3] STEP 7/12: COPY cmd/ cmd/
--> Using cache b98d0b1ace3294c7760ddaf026a6c570cbd9a174a8c7aafc89cab83b4cad7ba4
--> b98d0b1ace32
[linux/amd64] [2/3] STEP 8/12: COPY pkg/ pkg/
--> Using cache b3b7bbb27630541c48d148d3b641ce8c137a1bd77899de18aea8f8cf57103809
--> b3b7bbb27630
[linux/amd64] [2/3] STEP 9/12: ENV GOFLAGS='-mod=mod'
--> Using cache 2273758d573414d05b8145f5638c0ce4ec4273a02e003f525e3c006e8fe0f51a
--> 2273758d5734
[linux/amd64] [2/3] STEP 10/12: ENV GOEXPERIMENT=strictfipsruntime
--> Using cache 9b873ee5d7fe3d73af63414fdd38bd3d1e617c7064a84a99ea09cab7d7f9aed4
--> 9b873ee5d7fe
[linux/amd64] [2/3] STEP 11/12: ENV CGO_ENABLED=1
--> Using cache 56c65acf73a5d4a8eecefeac3619e9abeb31206bdf3d0c14276272681e659900
--> 56c65acf73a5
[linux/amd64] [2/3] STEP 12/12: RUN make build-backend BUILD_OPTS="-tags strictfipsruntime"
--> Using cache b086ca26e19e25e0853efc10a6e504a4e3ac941bd538829592af09fd71a1b094
--> b086ca26e19e
[linux/arm64] [2/3] STEP 1/12: FROM brew.registry.redhat.io/rh-osbs/openshift-golang-builder:rhel_9_1.25 AS go-builder
Trying to pull brew.registry.redhat.io/rh-osbs/openshift-golang-builder:rhel_9_1.25...
Getting image source signatures
Copying blob sha256:b98d37c87f15536538dc20373f6feca81ccf73779a63f168b7855ce2c2360cff
Copying blob sha256:9e9bee4738d78cc5b8c68706e99751b669394b1e52ebb360fabf583fee381119
Copying config sha256:6cc0ec0f03bcbce80b198dae197eb1ca379eb2fa2e7f2e456cf01f6464e2b1ec
Writing manifest to image destination
[linux/arm64] [2/3] STEP 2/12: WORKDIR /opt/app-root
--> Using cache 9f9812fb872c838d6c162644bfbfa5876a42a19045c74b040d0bfc4d0725e330
--> 9f9812fb872c
[linux/arm64] [2/3] STEP 3/12: COPY Makefile Makefile
--> Using cache b8523c9cbb4676488fed693d6533159d896f0148d60c2cff47967db814586378
--> b8523c9cbb46
[linux/arm64] [2/3] STEP 4/12: COPY go.mod go.mod
--> Using cache 34ed87a69fa2ec861b3860bc6d89e095965d77e5594df7e1bdd0d3db85564e4b
--> 34ed87a69fa2
[linux/arm64] [2/3] STEP 5/12: COPY go.sum go.sum
--> Using cache a990bb83a464c6a174fbd0f82e5a0bd95fb650302c1e6c0228526c0cc1aeef7c
--> a990bb83a464
[linux/arm64] [2/3] STEP 6/12: RUN make install-backend
--> Using cache 8007903e7ab3e953ce0b4bc35e1b32c47d80d694ac02be3906732a2a60dabbe0
--> 8007903e7ab3
[linux/arm64] [2/3] STEP 7/12: COPY cmd/ cmd/
--> Using cache 387dc900791ce18756d5098738942512cb7889c150f3afe56520df8d9de992c6
--> 387dc900791c
[linux/arm64] [2/3] STEP 8/12: COPY pkg/ pkg/
--> Using cache f0ebea290a8a9c6a367b5992dd097ff4bbf9a2bfc2574023ae95b51e9ce9bef3
--> f0ebea290a8a
[linux/arm64] [2/3] STEP 9/12: ENV GOFLAGS='-mod=mod'
--> Using cache 6eec04c22b382f6c5fe91e17e4e0ea6ca8929fa243d26271e1dd371a30faed1a
--> 6eec04c22b38
[linux/arm64] [2/3] STEP 10/12: ENV GOEXPERIMENT=strictfipsruntime
--> Using cache 7020a89813235c73eb3b1a703a47954c716d8c54557b82941f66d9e2236890a5
--> 7020a8981323
[linux/arm64] [2/3] STEP 11/12: ENV CGO_ENABLED=1
--> Using cache a7ed4c7ec2231465521cfae074b37a5c3ed8c6412052e280c5560bde5b366123
--> a7ed4c7ec223
[linux/arm64] [2/3] STEP 12/12: RUN make build-backend BUILD_OPTS="-tags strictfipsruntime"
--> Using cache 3f4e11efc38178c7f6f5414bff8d4bb48efc23ca57272b97121dc0dc547c476c
--> 3f4e11efc381
[linux/amd64] [3/3] STEP 1/7: FROM registry.redhat.io/rhel9-4-els/rhel:9.4
[linux/amd64] [3/3] STEP 2/7: RUN mkdir /licenses
--> Using cache 3238e978e7d1fb7717f5c5f046a3fafd3e698f84b75a0dba28583462ebd9f426
--> 3238e978e7d1
[linux/amd64] [3/3] STEP 3/7: COPY LICENSE /licenses/.
--> Using cache c8c8193c050995f65d89ecd2df14d41ff65ad2d6160d1abff29883b833464139
--> c8c8193c0509
[linux/amd64] [3/3] STEP 4/7: USER 1001
--> Using cache 3e7ffe22eb4cb64358ed7e8452ecb5e6b6854bdefd0d026973414372dc4df0a8
--> 3e7ffe22eb4c
[linux/amd64] [3/3] STEP 5/7: COPY --from=web-builder /opt/app-root/web/dist /opt/app-root/web/dist
--> 75ebca734e64
[linux/amd64] [3/3] STEP 6/7: COPY --from=go-builder /opt/app-root/plugin-backend /opt/app-root
--> 857b41bf3572
[linux/amd64] [3/3] STEP 7/7: ENTRYPOINT ["/opt/app-root/plugin-backend", "-static-path", "/opt/app-root/web/dist"]
[linux/amd64] [3/3] COMMIT
--> 1e3fc4e96628
[linux/arm64] [3/3] STEP 1/7: FROM registry.redhat.io/rhel9-4-els/rhel:9.4
1e3fc4e96628a319732e631fb09c51f8d667f5342d5881aaa6f8360638e242b8
Trying to pull registry.redhat.io/rhel9-4-els/rhel:9.4...
Getting image source signatures
Checking if image destination supports signatures
Copying blob sha256:79500177a417e8e03b63a0893e7e6b03f94ac7a605be761a51e28f082a16087f
Copying config sha256:62846c379ae900d8abe0855310d3d4e7ca7b0b21cc231d45bdfe5a0044988475
Writing manifest to image destination
Storing signatures
[linux/arm64] [3/3] STEP 2/7: RUN mkdir /licenses
--> Using cache be1e3f3b48bc1912c60b8a2b077744aec79f588d3927b492265d2256fecc42bb
--> be1e3f3b48bc
[linux/arm64] [3/3] STEP 3/7: COPY LICENSE /licenses/.
--> Using cache ee5cafc9858d33b906906b11943082a6115cffdcd1ec90b8d60824491c286abc
--> ee5cafc9858d
[linux/arm64] [3/3] STEP 4/7: USER 1001
--> Using cache eb6199ccd30fd51f0ed8c91da9e4602de448f03176680c69cc91529161a99fea
--> eb6199ccd30f
[linux/arm64] [3/3] STEP 5/7: COPY --from=web-builder /opt/app-root/web/dist /opt/app-root/web/dist
--> bc41be3635d9
[linux/arm64] [3/3] STEP 6/7: COPY --from=go-builder /opt/app-root/plugin-backend /opt/app-root
--> e797429af0fd
[linux/arm64] [3/3] STEP 7/7: ENTRYPOINT ["/opt/app-root/plugin-backend", "-static-path", "/opt/app-root/web/dist"]
[linux/arm64] [3/3] COMMIT
--> b4dc86c166af
b4dc86c166af9175e4df129415721f4706ac4fea7accd33e7213ad9ae48c084f
podman manifest push quay.io/rh-ee-emurasak/distributed-tracing-console-plugin:v1.1.0
Getting image list signatures
Copying 2 images generated from 2 images in list
Copying image sha256:d2f55c90cca84a1ca7382b9ae779053f8df120382c552407cfbc7505f92e1ce1 (1/2)
Getting image source signatures
Copying blob sha256:bed72328c1277cb4b1f2d8995a5bbcf62db8008e38d0696ff391a2ad26eb9c24
Copying blob sha256:6539b82fd461489e7adaece2b0fee6132248733d2b9040cd81701ddc56840711
Copying blob sha256:74ea6a5315ac2a0a27a1e4e6f87703374739fbd596e872724a21ab09c6bdf5dd
Copying blob sha256:3b8b6809255bfb28b2a9cf54f777021eea039bdfbd0ffb052c02498df3aae551
Copying blob sha256:6366486fc93b996311b83c618df74a449aacc7e4d212486e862d3eafd52cc606
Copying config sha256:1e3fc4e96628a319732e631fb09c51f8d667f5342d5881aaa6f8360638e242b8
Writing manifest to image destination
Copying image sha256:1c7160f5ac0ce4cad7fb0b2eddea896c11a8258e822d5580dda055baeb4fdb40 (2/2)
Getting image source signatures
Copying blob sha256:abdb8cc72e3424e4355a57b5eaf69a820fc9a93b5ef3124d51f184bbf887b049
Copying blob sha256:9d31ed5e920b8b4448a39198dce4c9a53e059f1e788b6df0f1a96ac0862ce555
Copying blob sha256:713742a1c41653f1b8b2aabfd435c6abf29762b828d327819d2a91295ed79d75
Copying blob sha256:3614b4a322f47e8fcc4b759d8160b3e26989a12678db7ff9084d2e8f937cb348
Copying blob sha256:21192fe8ff3dd95ac53220cd9d1f705436e4de30ac8df0c3ba5f0c8bcd536502
Copying config sha256:b4dc86c166af9175e4df129415721f4706ac4fea7accd33e7213ad9ae48c084f
Writing manifest to image destination
Writing manifest list to image destination
Storing list signatures
==========================================
Building troubleshooting-panel-console-plugin @ release-coo-ocp-4.22 with VERSION=v1.0.0 ORG=rh-ee-emurasak
==========================================
Switched to branch 'release-coo-ocp-4.22'
Your branch is up to date with 'origin/release-coo-ocp-4.22'.
From https://github.com/openshift/troubleshooting-panel-console-plugin
 * branch            release-coo-ocp-4.22 -> FETCH_HEAD
Already up to date.
--- Attempt 1/3 ---
podman manifest rm quay.io/rh-ee-emurasak/troubleshooting-panel-console-plugin:v1.0.0 || true
Untagged: quay.io/rh-ee-emurasak/troubleshooting-panel-console-plugin:v1.0.0
Deleted: 933bdcc9cf6fb7ea607265b62bc9d993922a5bcffea7b53db0613816e4c55d5f
podman manifest create quay.io/rh-ee-emurasak/troubleshooting-panel-console-plugin:v1.0.0
ab94e8ffbe9875b4d9f8175ee6356b6863da04d298be8db010a40754b7897cf5
podman build --platform=linux/arm64,linux/amd64 --manifest quay.io/rh-ee-emurasak/troubleshooting-panel-console-plugin:v1.0.0 -f Dockerfile.dev
[linux/amd64] [1/3] STEP 1/9: FROM registry.redhat.io/ubi9/nodejs-22:latest AS web-builder
Trying to pull registry.redhat.io/ubi9/nodejs-22:latest...
Getting image source signatures
Checking if image destination supports signatures
Copying blob sha256:669ecfdf872e83fa8f88dbdbe9b75f628fb72b9210cbdcce7ea0f449a74cac9e
Copying blob sha256:9a785c83dc42af66688cf5d3dd8e0500ce65bad5a679b45744d62c2fffbb60d8
Copying blob sha256:1c3800ac7d8629ddf73a031732f867dbc0c46d5a7dd1f70c0656c2e6e351e3aa
Copying config sha256:7ff8c7d7ce9b0c742c2379ee8b8206279c959b199e0e12bd8d486ef717c6da23
Writing manifest to image destination
Storing signatures
[linux/amd64] [1/3] STEP 2/9: WORKDIR /opt/app-root
--> Using cache 9fa54f016c2c68043ab3ace241546f3b9f08fca9b639456d47ef71bf5ff386bd
--> 9fa54f016c2c
[linux/amd64] [1/3] STEP 3/9: USER 0
--> Using cache e5c27da73f5cd7e05f5ce7c9bebd0bba2045982859d8383a163c9c8225a1e915
--> e5c27da73f5c
[linux/amd64] [1/3] STEP 4/9: ENV HUSKY=0
--> Using cache 14461c616df16e3fb9d8c81989a357e743626c8bc342e6d4b3968de984a1225a
--> 14461c616df1
[linux/amd64] [1/3] STEP 5/9: COPY web/package*.json web/
--> 0ac9fe88e285
[linux/amd64] [1/3] STEP 6/9: COPY Makefile Makefile
--> 3f0f1af7c730
[linux/amd64] [1/3] STEP 7/9: RUN make install-frontend-ci
cd web && npm ci --ignore-scripts
npm warn deprecated whatwg-encoding@3.1.1: Use @exodus/bytes instead for a more spec-conformant and faster implementation
npm warn deprecated rimraf@3.0.2: Rimraf versions prior to v4 are no longer supported
npm warn deprecated popper.js@1.16.1: You can find the new Popper v2 at @popperjs/core, this package is dedicated to the legacy v1
npm warn deprecated inflight@1.0.6: This module is not supported, and leaks memory. Do not use it. Check out lru-cache if you want a good and tested way to coalesce async requests by a key value, which is much more comprehensive and powerful.
npm warn deprecated i18next-parser@9.4.0: Project is deprecated, use i18next-cli instead
npm warn deprecated glob@7.2.3: Old versions of glob are not supported, and contain widely publicized security vulnerabilities, which have been fixed in the current version. Please update. Support for old versions may be purchased (at exorbitant rates) by contacting i@izs.me
npm warn deprecated domexception@4.0.0: Use your platform's native DOMException instead
npm warn deprecated abab@2.0.6: Use your platform's native atob() and btoa() methods instead
npm warn deprecated @fortawesome/react-fontawesome@0.2.6: v0.2.x is no longer supported. Unless you are still using FontAwesome 5, please update to v3.1.1 or greater.
npm warn deprecated whatwg-encoding@2.0.0: Use @exodus/bytes instead for a more spec-conformant and faster implementation
npm warn deprecated whatwg-encoding@2.0.0: Use @exodus/bytes instead for a more spec-conformant and faster implementation
npm warn deprecated glob@10.5.0: Old versions of glob are not supported, and contain widely publicized security vulnerabilities, which have been fixed in the current version. Please update. Support for old versions may be purchased (at exorbitant rates) by contacting i@izs.me
npm warn deprecated glob@10.5.0: Old versions of glob are not supported, and contain widely publicized security vulnerabilities, which have been fixed in the current version. Please update. Support for old versions may be purchased (at exorbitant rates) by contacting i@izs.me

added 1556 packages, and audited 1557 packages in 38s

329 packages are looking for funding
  run `npm fund` for details

28 vulnerabilities (2 low, 20 moderate, 6 high)

To address issues that do not require attention, run:
  npm audit fix

To address all issues (including breaking changes), run:
  npm audit fix --force

Run `npm audit` for details.
--> 8907b3e6ce05
[linux/amd64] [1/3] STEP 8/9: COPY web/ web/
--> 053dca52f49f
[linux/amd64] [1/3] STEP 9/9: RUN make build-frontend
cd web && npm run lint && npm run lint:tsc

> troubleshooting-panel-console-plugin@0.4.0 lint
> eslint ./src --fix &&  stylelint "src/**/*.css" --allow-empty-input --fix


> troubleshooting-panel-console-plugin@0.4.0 lint:tsc
> tsc --noEmit

cd web && npm run i18n && npm run build

> troubleshooting-panel-console-plugin@0.4.0 i18n
> i18n-scripts/build-i18n.sh && node i18n-scripts/set-english-defaults.js

+ FILE_PATTERN='{!(dist|node_modules)/**/*.{js,jsx,ts,tsx,json},*.{js,jsx,ts,tsx,json}}'
+ i18next '{!(dist|node_modules)/**/*.{js,jsx,ts,tsx,json},*.{js,jsx,ts,tsx,json}}' '[-oc]' -c ./i18next-parser.config.js -o 'locales/$LOCALE/$NAMESPACE.json'

  i18next Parser
  --------------
  Input:  {!(dist|node_modules)/**/*.{js,jsx,ts,tsx,json},*.{js,jsx,ts,tsx,json}}, [-oc]
  Output: locales/$LOCALE/$NAMESPACE.json

  [read]    /opt/app-root/web/console-extensions.json
  [read]    /opt/app-root/web/cypress.config.ts
  [read]    /opt/app-root/web/cypress/e2e/acceptance.cy.ts
  [read]    /opt/app-root/web/cypress/fixtures/data-test.ts
  [read]    /opt/app-root/web/cypress/support/commands/auth-commands.ts
  [read]    /opt/app-root/web/cypress/support/commands/env.ts
  [read]    /opt/app-root/web/cypress/support/commands/selector-commands.ts
  [read]    /opt/app-root/web/cypress/support/commands/troubeshoot-commands.ts
  [read]    /opt/app-root/web/cypress/support/commands/utility-commands.ts
  [read]    /opt/app-root/web/cypress/support/e2e.ts
  [read]    /opt/app-root/web/cypress/tsconfig.json
  [read]    /opt/app-root/web/cypress/views/nav.ts
  [read]    /opt/app-root/web/cypress/views/tour.ts
  [read]    /opt/app-root/web/cypress/views/utils.ts
  [read]    /opt/app-root/web/eslint.config.ts
  [read]    /opt/app-root/web/i18n-scripts/common.js
  [read]    /opt/app-root/web/i18n-scripts/set-english-defaults.js
  [read]    /opt/app-root/web/i18next-parser.config.js
  [read]    /opt/app-root/web/jest.config.js
  [read]    /opt/app-root/web/locales/en/plugin__troubleshooting-panel-console-plugin.json
  [read]    /opt/app-root/web/openapi-ts.config.ts
  [read]    /opt/app-root/web/package-lock.json
  [read]    /opt/app-root/web/package.json
  [read]    /opt/app-root/web/src/__tests__/agentNavigation.spec.ts
  [read]    /opt/app-root/web/src/__tests__/alert.spec.ts
  [read]    /opt/app-root/web/src/__tests__/icons-preview.spec.tsx
  [read]    /opt/app-root/web/src/__tests__/k8s.spec.ts
  [read]    /opt/app-root/web/src/__tests__/log.spec.ts
  [read]    /opt/app-root/web/src/__tests__/metric.spec.ts
  [read]    /opt/app-root/web/src/__tests__/netflow.spec.ts
  [read]    /opt/app-root/web/src/__tests__/status.spec.ts
  [read]    /opt/app-root/web/src/__tests__/time.spec.ts
  [read]    /opt/app-root/web/src/__tests__/trace.spec.ts
  [read]    /opt/app-root/web/src/__tests__/types.spec.ts
  [read]    /opt/app-root/web/src/components/AdvancedSearchForm.tsx
  [read]    /opt/app-root/web/src/components/AgentMenu.tsx
  [read]    /opt/app-root/web/src/components/AIExperienceIcon.tsx
  [read]    /opt/app-root/web/src/components/DateTimePicker.tsx
  [read]    /opt/app-root/web/src/components/DateTimeRangePicker.tsx
  [read]    /opt/app-root/web/src/components/HelpPopover.tsx
  [read]    /opt/app-root/web/src/components/icons.tsx
  [read]    /opt/app-root/web/src/components/Korrel8rPanel.tsx
  [read]    /opt/app-root/web/src/components/KubernetesIcon.tsx
  [read]    /opt/app-root/web/src/components/NullContextProvider.tsx
  [read]    /opt/app-root/web/src/components/Popover.tsx
  [read]    /opt/app-root/web/src/components/TimeRangeDropdown.tsx
  [read]    /opt/app-root/web/src/components/TimeUnitPicker.tsx
  [read]    /opt/app-root/web/src/components/topology/Korrel8rTopology.tsx
  [read]    /opt/app-root/web/src/components/topology/status.ts
  [read]    /opt/app-root/web/src/encoder-shim.ts
  [read]    /opt/app-root/web/src/getResources.ts
  [read]    /opt/app-root/web/src/hooks/useAgentNavigation.ts
  [read]    /opt/app-root/web/src/hooks/useBoolean.ts
  [read]    /opt/app-root/web/src/hooks/useDomains.tsx
  [read]    /opt/app-root/web/src/hooks/useFeatures.ts
  [read]    /opt/app-root/web/src/hooks/useLocationQuery.ts
  [read]    /opt/app-root/web/src/hooks/useNavigateToQuery.ts
  [read]    /opt/app-root/web/src/hooks/usePluginAvailable.ts
  [read]    /opt/app-root/web/src/hooks/usePopover.tsx
  [read]    /opt/app-root/web/src/hooks/useTimeUnitLabel.tsx
  [read]    /opt/app-root/web/src/hooks/useTroubleshootingPanel.tsx
  [read]    /opt/app-root/web/src/index.d.ts
  [read]    /opt/app-root/web/src/korrel8r-client.ts
  [read]    /opt/app-root/web/src/korrel8r/alert.ts
  [read]    /opt/app-root/web/src/korrel8r/client/client.gen.ts
  [read]    /opt/app-root/web/src/korrel8r/client/client/client.gen.ts
  [read]    /opt/app-root/web/src/korrel8r/client/client/index.ts
  [read]    /opt/app-root/web/src/korrel8r/client/client/types.gen.ts
  [read]    /opt/app-root/web/src/korrel8r/client/client/utils.gen.ts
  [read]    /opt/app-root/web/src/korrel8r/client/core/auth.gen.ts
  [read]    /opt/app-root/web/src/korrel8r/client/core/bodySerializer.gen.ts
  [read]    /opt/app-root/web/src/korrel8r/client/core/params.gen.ts
  [read]    /opt/app-root/web/src/korrel8r/client/core/pathSerializer.gen.ts
  [read]    /opt/app-root/web/src/korrel8r/client/core/queryKeySerializer.gen.ts
  [read]    /opt/app-root/web/src/korrel8r/client/core/serverSentEvents.gen.ts
  [read]    /opt/app-root/web/src/korrel8r/client/core/types.gen.ts
  [read]    /opt/app-root/web/src/korrel8r/client/core/utils.gen.ts
  [read]    /opt/app-root/web/src/korrel8r/client/index.ts
  [read]    /opt/app-root/web/src/korrel8r/client/sdk.gen.ts
  [read]    /opt/app-root/web/src/korrel8r/client/types.gen.ts
  [read]    /opt/app-root/web/src/korrel8r/k8s.ts
  [read]    /opt/app-root/web/src/korrel8r/log.ts
  [read]    /opt/app-root/web/src/korrel8r/metric.ts
  [read]    /opt/app-root/web/src/korrel8r/netflow.ts
  [read]    /opt/app-root/web/src/korrel8r/trace.ts
  [read]    /opt/app-root/web/src/korrel8r/types.ts
  [read]    /opt/app-root/web/src/redux-actions.ts
  [read]    /opt/app-root/web/src/redux-reducers.ts
  [read]    /opt/app-root/web/src/sleep.ts
  [read]    /opt/app-root/web/src/time.ts
  [read]    /opt/app-root/web/tsconfig.json
  [read]    /opt/app-root/web/webpack.config.ts
  [write]   /opt/app-root/web/locales/en/plugin__troubleshooting-panel-console-plugin.json

  Stats:  92 files were parsed

> troubleshooting-panel-console-plugin@0.4.0 build
> npm run clean && npm run ts-node node_modules/.bin/webpack


> troubleshooting-panel-console-plugin@0.4.0 clean
> rm -rf dist


> troubleshooting-panel-console-plugin@0.4.0 ts-node
> ts-node -O '{"module":"commonjs"}' node_modules/.bin/webpack

assets by path *.js 4.65 MiB
  assets by chunk 3.63 MiB (id hint: vendors)
    asset vendors-node_modules_fortawesome_react-fontawesome_index_es_js-node_modules_patternfly_react--68e614-chunk.js 1.4 MiB [emitted] (id hint: vendors) 1 related asset
    asset vendors-node_modules_patternfly_react-core_dist_esm_helpers_Popper_Popper_js-chunk.js 1.16 MiB [emitted] (id hint: vendors) 1 related asset
    asset vendors-node_modules_immutable_dist_immutable_es_js-node_modules_typesafe-actions_dist_typesa-cdf261-chunk.js 183 KiB [emitted] (id hint: vendors) 1 related asset
    asset vendors-node_modules_patternfly_react-core_dist_esm_components_DatePicker_index_js-chunk.js 94.8 KiB [emitted] (id hint: vendors) 1 related asset
    asset vendors-node_modules_patternfly_react-core_dist_esm_components_Menu_Menu_js-node_modules_patt-b35725-chunk.js 90.8 KiB [emitted] (id hint: vendors) 1 related asset
    asset vendors-node_modules_patternfly_react-core_dist_esm_helpers_FocusTrap_FocusTrap_js-node_modul-246622-chunk.js 80.1 KiB [emitted] (id hint: vendors) 1 related asset
    asset vendors-node_modules_patternfly_react-core_dist_esm_components_Form_index_js-chunk.js 63.3 KiB [emitted] (id hint: vendors) 1 related asset
    asset vendors-node_modules_patternfly_react-core_dist_esm_components_TimePicker_index_js-chunk.js 56.3 KiB [emitted] (id hint: vendors) 1 related asset
    asset vendors-node_modules_patternfly_react-core_dist_esm_components_EmptyState_index_js-chunk.js 54.1 KiB [emitted] (id hint: vendors) 1 related asset
    + 13 assets
  + 80 assets
asset locales/en/plugin__troubleshooting-panel-console-plugin.json 3.63 KiB [emitted] [from: ../locales/en/plugin__troubleshooting-panel-console-plugin.json] [copied]
asset plugin-manifest.json 1.19 KiB [emitted]
orphan modules 48.9 KiB [orphan] 73 modules
runtime modules 87 KiB 12 modules
javascript modules 3.2 MiB 394 modules
consume-shared-module modules 2.01 KiB
  modules by path consume shared module (default) @patternfly/ 1.8 KiB 44 modules
  modules by path *.1 (singleton) 84 bytes 2 modules
  + 3 modules
provide-module modules 1.76 KiB
  modules by path provide shared module (default) @patternfly/react-core/dist/dynamic/ 1.19 KiB 29 modules
  modules by path provide shared module (default) @patternfly/react-icons/dist/dynamic/icons/ 588 bytes
    provide shared module (default) @patternfly/react-icons/dist/dynamic/icons/atten...(truncated) 42 bytes [built] [code generated]
    provide shared module (default) @patternfly/react-icons/dist/dynamic/icons/clust...(truncated) 42 bytes [built] [code generated]
    + 12 modules
../node_modules/@fortawesome/fontawesome-svg-core/package.json 1.39 KiB [optional] [built] [code generated]

LOG from @openshift-console/dynamic-plugin-sdk-webpack/lib/webpack/loaders/dynamic-module-import-loader ../node_modules/swc-loader/src/index.js!./components/KubernetesIcon.tsx
<w> Non-index and non-dynamic module import @patternfly/react-icons/dist/esm/createIcon

webpack 5.106.0 compiled successfully in 4327 ms
--> 636e179f68cb
[linux/arm64] [1/3] STEP 1/9: FROM registry.redhat.io/ubi9/nodejs-22:latest AS web-builder
Trying to pull registry.redhat.io/ubi9/nodejs-22:latest...
Getting image source signatures
Checking if image destination supports signatures
Copying blob sha256:8cc4364173e08b740ee39103f76581907e7a0eaa07260aeb6afbbebb8dde106e
Copying blob sha256:6c68ec2cb8914dd7cd64b186ef8674ae644c890fcae14edf9a3b33fde3a76cce
Copying blob sha256:98245caf86240da0764634e4873f8d78498df819a738bee6e752ffc1dc9be497
Copying config sha256:bceceabd26d12d7ba9de7f0aad51a65d5ae092bd1ae800eb7bad9330a6a05b8e
Writing manifest to image destination
Storing signatures
[linux/arm64] [1/3] STEP 2/9: WORKDIR /opt/app-root
--> Using cache 2b3b4ed2e104018013987c6994b39e5230852351d782bce566e3b4d0bb442709
--> 2b3b4ed2e104
[linux/arm64] [1/3] STEP 3/9: USER 0
--> Using cache 7f8f8f3e5982a95b1ab1b2ac58e2650bb7b8362ee264983e92a3a2ed81f346d6
--> 7f8f8f3e5982
[linux/arm64] [1/3] STEP 4/9: ENV HUSKY=0
--> Using cache cd43796b49ca68ad135063a39fd7d828e86f1bfa9a5432f06f9d2f0d1ad3d92f
--> cd43796b49ca
[linux/arm64] [1/3] STEP 5/9: COPY web/package*.json web/
--> 4696b04bbf53
[linux/arm64] [1/3] STEP 6/9: COPY Makefile Makefile
--> eb8e3d3777f7
[linux/arm64] [1/3] STEP 7/9: RUN make install-frontend-ci
cd web && npm ci --ignore-scripts
npm warn deprecated whatwg-encoding@3.1.1: Use @exodus/bytes instead for a more spec-conformant and faster implementation
npm warn deprecated rimraf@3.0.2: Rimraf versions prior to v4 are no longer supported
npm warn deprecated popper.js@1.16.1: You can find the new Popper v2 at @popperjs/core, this package is dedicated to the legacy v1
npm warn deprecated inflight@1.0.6: This module is not supported, and leaks memory. Do not use it. Check out lru-cache if you want a good and tested way to coalesce async requests by a key value, which is much more comprehensive and powerful.
npm warn deprecated glob@7.2.3: Old versions of glob are not supported, and contain widely publicized security vulnerabilities, which have been fixed in the current version. Please update. Support for old versions may be purchased (at exorbitant rates) by contacting i@izs.me
npm warn deprecated i18next-parser@9.4.0: Project is deprecated, use i18next-cli instead
npm warn deprecated domexception@4.0.0: Use your platform's native DOMException instead
npm warn deprecated abab@2.0.6: Use your platform's native atob() and btoa() methods instead
npm warn deprecated @fortawesome/react-fontawesome@0.2.6: v0.2.x is no longer supported. Unless you are still using FontAwesome 5, please update to v3.1.1 or greater.
npm warn deprecated glob@10.5.0: Old versions of glob are not supported, and contain widely publicized security vulnerabilities, which have been fixed in the current version. Please update. Support for old versions may be purchased (at exorbitant rates) by contacting i@izs.me
npm warn deprecated whatwg-encoding@2.0.0: Use @exodus/bytes instead for a more spec-conformant and faster implementation
npm warn deprecated whatwg-encoding@2.0.0: Use @exodus/bytes instead for a more spec-conformant and faster implementation
npm warn deprecated glob@10.5.0: Old versions of glob are not supported, and contain widely publicized security vulnerabilities, which have been fixed in the current version. Please update. Support for old versions may be purchased (at exorbitant rates) by contacting i@izs.me

added 1556 packages, and audited 1557 packages in 30s

329 packages are looking for funding
  run `npm fund` for details

28 vulnerabilities (2 low, 20 moderate, 6 high)

To address issues that do not require attention, run:
  npm audit fix

To address all issues (including breaking changes), run:
  npm audit fix --force

Run `npm audit` for details.
--> 461f451f302e
[linux/arm64] [1/3] STEP 8/9: COPY web/ web/
--> 192ccef6c858
[linux/arm64] [1/3] STEP 9/9: RUN make build-frontend
cd web && npm run lint && npm run lint:tsc

> troubleshooting-panel-console-plugin@0.4.0 lint
> eslint ./src --fix &&  stylelint "src/**/*.css" --allow-empty-input --fix


> troubleshooting-panel-console-plugin@0.4.0 lint:tsc
> tsc --noEmit

cd web && npm run i18n && npm run build

> troubleshooting-panel-console-plugin@0.4.0 i18n
> i18n-scripts/build-i18n.sh && node i18n-scripts/set-english-defaults.js

+ FILE_PATTERN='{!(dist|node_modules)/**/*.{js,jsx,ts,tsx,json},*.{js,jsx,ts,tsx,json}}'
+ i18next '{!(dist|node_modules)/**/*.{js,jsx,ts,tsx,json},*.{js,jsx,ts,tsx,json}}' '[-oc]' -c ./i18next-parser.config.js -o 'locales/$LOCALE/$NAMESPACE.json'

  i18next Parser
  --------------
  Input:  {!(dist|node_modules)/**/*.{js,jsx,ts,tsx,json},*.{js,jsx,ts,tsx,json}}, [-oc]
  Output: locales/$LOCALE/$NAMESPACE.json

  [read]    /opt/app-root/web/console-extensions.json
  [read]    /opt/app-root/web/cypress.config.ts
  [read]    /opt/app-root/web/cypress/e2e/acceptance.cy.ts
  [read]    /opt/app-root/web/cypress/fixtures/data-test.ts
  [read]    /opt/app-root/web/cypress/support/commands/auth-commands.ts
  [read]    /opt/app-root/web/cypress/support/commands/env.ts
  [read]    /opt/app-root/web/cypress/support/commands/selector-commands.ts
  [read]    /opt/app-root/web/cypress/support/commands/troubeshoot-commands.ts
  [read]    /opt/app-root/web/cypress/support/commands/utility-commands.ts
  [read]    /opt/app-root/web/cypress/support/e2e.ts
  [read]    /opt/app-root/web/cypress/tsconfig.json
  [read]    /opt/app-root/web/cypress/views/nav.ts
  [read]    /opt/app-root/web/cypress/views/tour.ts
  [read]    /opt/app-root/web/cypress/views/utils.ts
  [read]    /opt/app-root/web/eslint.config.ts
  [read]    /opt/app-root/web/i18n-scripts/common.js
  [read]    /opt/app-root/web/i18n-scripts/set-english-defaults.js
  [read]    /opt/app-root/web/i18next-parser.config.js
  [read]    /opt/app-root/web/jest.config.js
  [read]    /opt/app-root/web/locales/en/plugin__troubleshooting-panel-console-plugin.json
  [read]    /opt/app-root/web/openapi-ts.config.ts
  [read]    /opt/app-root/web/package-lock.json
  [read]    /opt/app-root/web/package.json
  [read]    /opt/app-root/web/src/__tests__/agentNavigation.spec.ts
  [read]    /opt/app-root/web/src/__tests__/alert.spec.ts
  [read]    /opt/app-root/web/src/__tests__/icons-preview.spec.tsx
  [read]    /opt/app-root/web/src/__tests__/k8s.spec.ts
  [read]    /opt/app-root/web/src/__tests__/log.spec.ts
  [read]    /opt/app-root/web/src/__tests__/metric.spec.ts
  [read]    /opt/app-root/web/src/__tests__/netflow.spec.ts
  [read]    /opt/app-root/web/src/__tests__/status.spec.ts
  [read]    /opt/app-root/web/src/__tests__/time.spec.ts
  [read]    /opt/app-root/web/src/__tests__/trace.spec.ts
  [read]    /opt/app-root/web/src/__tests__/types.spec.ts
  [read]    /opt/app-root/web/src/components/AdvancedSearchForm.tsx
  [read]    /opt/app-root/web/src/components/AgentMenu.tsx
  [read]    /opt/app-root/web/src/components/AIExperienceIcon.tsx
  [read]    /opt/app-root/web/src/components/DateTimePicker.tsx
  [read]    /opt/app-root/web/src/components/DateTimeRangePicker.tsx
  [read]    /opt/app-root/web/src/components/HelpPopover.tsx
  [read]    /opt/app-root/web/src/components/icons.tsx
  [read]    /opt/app-root/web/src/components/Korrel8rPanel.tsx
  [read]    /opt/app-root/web/src/components/KubernetesIcon.tsx
  [read]    /opt/app-root/web/src/components/NullContextProvider.tsx
  [read]    /opt/app-root/web/src/components/Popover.tsx
  [read]    /opt/app-root/web/src/components/TimeRangeDropdown.tsx
  [read]    /opt/app-root/web/src/components/TimeUnitPicker.tsx
  [read]    /opt/app-root/web/src/components/topology/Korrel8rTopology.tsx
  [read]    /opt/app-root/web/src/components/topology/status.ts
  [read]    /opt/app-root/web/src/encoder-shim.ts
  [read]    /opt/app-root/web/src/getResources.ts
  [read]    /opt/app-root/web/src/hooks/useAgentNavigation.ts
  [read]    /opt/app-root/web/src/hooks/useBoolean.ts
  [read]    /opt/app-root/web/src/hooks/useDomains.tsx
  [read]    /opt/app-root/web/src/hooks/useFeatures.ts
  [read]    /opt/app-root/web/src/hooks/useLocationQuery.ts
  [read]    /opt/app-root/web/src/hooks/useNavigateToQuery.ts
  [read]    /opt/app-root/web/src/hooks/usePluginAvailable.ts
  [read]    /opt/app-root/web/src/hooks/usePopover.tsx
  [read]    /opt/app-root/web/src/hooks/useTimeUnitLabel.tsx
  [read]    /opt/app-root/web/src/hooks/useTroubleshootingPanel.tsx
  [read]    /opt/app-root/web/src/index.d.ts
  [read]    /opt/app-root/web/src/korrel8r-client.ts
  [read]    /opt/app-root/web/src/korrel8r/alert.ts
  [read]    /opt/app-root/web/src/korrel8r/client/client.gen.ts
  [read]    /opt/app-root/web/src/korrel8r/client/client/client.gen.ts
  [read]    /opt/app-root/web/src/korrel8r/client/client/index.ts
  [read]    /opt/app-root/web/src/korrel8r/client/client/types.gen.ts
  [read]    /opt/app-root/web/src/korrel8r/client/client/utils.gen.ts
  [read]    /opt/app-root/web/src/korrel8r/client/core/auth.gen.ts
  [read]    /opt/app-root/web/src/korrel8r/client/core/bodySerializer.gen.ts
  [read]    /opt/app-root/web/src/korrel8r/client/core/params.gen.ts
  [read]    /opt/app-root/web/src/korrel8r/client/core/pathSerializer.gen.ts
  [read]    /opt/app-root/web/src/korrel8r/client/core/queryKeySerializer.gen.ts
  [read]    /opt/app-root/web/src/korrel8r/client/core/serverSentEvents.gen.ts
  [read]    /opt/app-root/web/src/korrel8r/client/core/types.gen.ts
  [read]    /opt/app-root/web/src/korrel8r/client/core/utils.gen.ts
  [read]    /opt/app-root/web/src/korrel8r/client/index.ts
  [read]    /opt/app-root/web/src/korrel8r/client/sdk.gen.ts
  [read]    /opt/app-root/web/src/korrel8r/client/types.gen.ts
  [read]    /opt/app-root/web/src/korrel8r/k8s.ts
  [read]    /opt/app-root/web/src/korrel8r/log.ts
  [read]    /opt/app-root/web/src/korrel8r/metric.ts
  [read]    /opt/app-root/web/src/korrel8r/netflow.ts
  [read]    /opt/app-root/web/src/korrel8r/trace.ts
  [read]    /opt/app-root/web/src/korrel8r/types.ts
  [read]    /opt/app-root/web/src/redux-actions.ts
  [read]    /opt/app-root/web/src/redux-reducers.ts
  [read]    /opt/app-root/web/src/sleep.ts
  [read]    /opt/app-root/web/src/time.ts
  [read]    /opt/app-root/web/tsconfig.json
  [read]    /opt/app-root/web/webpack.config.ts
  [write]   /opt/app-root/web/locales/en/plugin__troubleshooting-panel-console-plugin.json

  Stats:  92 files were parsed

> troubleshooting-panel-console-plugin@0.4.0 build
> npm run clean && npm run ts-node node_modules/.bin/webpack


> troubleshooting-panel-console-plugin@0.4.0 clean
> rm -rf dist


> troubleshooting-panel-console-plugin@0.4.0 ts-node
> ts-node -O '{"module":"commonjs"}' node_modules/.bin/webpack

assets by path *.js 4.65 MiB
  assets by chunk 3.63 MiB (id hint: vendors)
    asset vendors-node_modules_fortawesome_react-fontawesome_index_es_js-node_modules_patternfly_react--68e614-chunk.js 1.4 MiB [emitted] (id hint: vendors) 1 related asset
    asset vendors-node_modules_patternfly_react-core_dist_esm_helpers_Popper_Popper_js-chunk.js 1.16 MiB [emitted] (id hint: vendors) 1 related asset
    asset vendors-node_modules_immutable_dist_immutable_es_js-node_modules_typesafe-actions_dist_typesa-cdf261-chunk.js 183 KiB [emitted] (id hint: vendors) 1 related asset
    asset vendors-node_modules_patternfly_react-core_dist_esm_components_DatePicker_index_js-chunk.js 94.8 KiB [emitted] (id hint: vendors) 1 related asset
    asset vendors-node_modules_patternfly_react-core_dist_esm_components_Menu_Menu_js-node_modules_patt-b35725-chunk.js 90.8 KiB [emitted] (id hint: vendors) 1 related asset
    asset vendors-node_modules_patternfly_react-core_dist_esm_helpers_FocusTrap_FocusTrap_js-node_modul-246622-chunk.js 80.1 KiB [emitted] (id hint: vendors) 1 related asset
    asset vendors-node_modules_patternfly_react-core_dist_esm_components_Form_index_js-chunk.js 63.3 KiB [emitted] (id hint: vendors) 1 related asset
    asset vendors-node_modules_patternfly_react-core_dist_esm_components_TimePicker_index_js-chunk.js 56.3 KiB [emitted] (id hint: vendors) 1 related asset
    asset vendors-node_modules_patternfly_react-core_dist_esm_components_EmptyState_index_js-chunk.js 54.1 KiB [emitted] (id hint: vendors) 1 related asset
    + 13 assets
  + 80 assets
asset locales/en/plugin__troubleshooting-panel-console-plugin.json 3.63 KiB [emitted] [from: ../locales/en/plugin__troubleshooting-panel-console-plugin.json] [copied]
asset plugin-manifest.json 1.19 KiB [emitted]
orphan modules 48.9 KiB [orphan] 73 modules
runtime modules 87 KiB 12 modules
javascript modules 3.2 MiB 394 modules
consume-shared-module modules 2.01 KiB
  modules by path consume shared module (default) @patternfly/ 1.8 KiB 44 modules
  modules by path *.1 (singleton) 84 bytes 2 modules
  + 3 modules
provide-module modules 1.76 KiB
  modules by path provide shared module (default) @patternfly/react-core/dist/dynamic/ 1.19 KiB 29 modules
  modules by path provide shared module (default) @patternfly/react-icons/dist/dynamic/icons/ 588 bytes
    provide shared module (default) @patternfly/react-icons/dist/dynamic/icons/atten...(truncated) 42 bytes [built] [code generated]
    provide shared module (default) @patternfly/react-icons/dist/dynamic/icons/clust...(truncated) 42 bytes [built] [code generated]
    + 12 modules
../node_modules/@fortawesome/fontawesome-svg-core/package.json 1.39 KiB [optional] [built] [code generated]

LOG from @openshift-console/dynamic-plugin-sdk-webpack/lib/webpack/loaders/dynamic-module-import-loader ../node_modules/swc-loader/src/index.js!./components/KubernetesIcon.tsx
<w> Non-index and non-dynamic module import @patternfly/react-icons/dist/esm/createIcon

webpack 5.106.0 compiled successfully in 2336 ms
--> 34c97c9b162e
[linux/amd64] [2/3] STEP 1/12: FROM registry.redhat.io/ubi9/go-toolset:latest AS go-builder
Trying to pull registry.redhat.io/ubi9/go-toolset:latest...
Getting image source signatures
Checking if image destination supports signatures
Copying blob sha256:abb09666cc1de271f3e5253dfb7b7a98f9f02be60985f67957cd85c00045909a
Copying blob sha256:9a785c83dc42af66688cf5d3dd8e0500ce65bad5a679b45744d62c2fffbb60d8
Copying blob sha256:1c3800ac7d8629ddf73a031732f867dbc0c46d5a7dd1f70c0656c2e6e351e3aa
Copying blob sha256:79bf983a6fc321f356b4f94df5424dfebe35e763f97529f52571a67faba3f682
Copying config sha256:d89a73c9b5506a7c3e54020d79017f7b27d9c055aa528c0c7c3f10db7779daa5
Writing manifest to image destination
Storing signatures
[linux/amd64] [2/3] STEP 2/12: WORKDIR /opt/app-root
--> Using cache 3942a975ca287f1787672c6e4dd0b50803bd623ac2778a4b82e84ba295cd2716
--> 3942a975ca28
[linux/amd64] [2/3] STEP 3/12: COPY Makefile Makefile
--> 6e2862ecacd1
[linux/amd64] [2/3] STEP 4/12: COPY go.mod go.mod
--> e5bee169a806
[linux/amd64] [2/3] STEP 5/12: COPY go.sum go.sum
--> 3598622c360c
[linux/amd64] [2/3] STEP 6/12: RUN make install-backend
go mod download
--> 065edccab233
[linux/amd64] [2/3] STEP 7/12: COPY cmd/ cmd/
--> b6bd6f4b19d8
[linux/amd64] [2/3] STEP 8/12: COPY pkg/ pkg/
--> 43d2579692ba
[linux/amd64] [2/3] STEP 9/12: ENV GOFLAGS='-mod=mod'
--> 6ad0a0e348dc
[linux/amd64] [2/3] STEP 10/12: ENV GOEXPERIMENT=strictfipsruntime
--> 59fb796ddb78
[linux/amd64] [2/3] STEP 11/12: ENV CGO_ENABLED=1
--> 7c33efb9a15f
[linux/amd64] [2/3] STEP 12/12: RUN make build-backend BUILD_OPTS="-tags strictfipsruntime"
go build -tags strictfipsruntime -o plugin-backend -mod=readonly cmd/plugin-backend.go
--> 18c3aba374f5
[linux/arm64] [2/3] STEP 1/12: FROM registry.redhat.io/ubi9/go-toolset:latest AS go-builder
Trying to pull registry.redhat.io/ubi9/go-toolset:latest...
Getting image source signatures
Checking if image destination supports signatures
Copying blob sha256:c8fdbe3acf44fc21949baa4b7451cf11a0419f45f9666bd58fb6bbfdd44a1035
Copying blob sha256:6c68ec2cb8914dd7cd64b186ef8674ae644c890fcae14edf9a3b33fde3a76cce
Copying blob sha256:98245caf86240da0764634e4873f8d78498df819a738bee6e752ffc1dc9be497
Copying blob sha256:b207289c33efdee1c8daaf54d7533bc0b6b26ba33b63f27dfe4e45d033915609
Copying config sha256:5c5428a28f03480ea8a85cc3dc12e18a5af2121cb26ba4e79a2782af0124f13d
Writing manifest to image destination
Storing signatures
[linux/arm64] [2/3] STEP 2/12: WORKDIR /opt/app-root
--> Using cache 84afe83920c7df0471eb9ad194b2c12c650a29678cc9fb577fa7f54e63ccdfee
--> 84afe83920c7
[linux/arm64] [2/3] STEP 3/12: COPY Makefile Makefile
--> 538632212cad
[linux/arm64] [2/3] STEP 4/12: COPY go.mod go.mod
--> c950b7a5a9ba
[linux/arm64] [2/3] STEP 5/12: COPY go.sum go.sum
--> 11e272187e14
[linux/arm64] [2/3] STEP 6/12: RUN make install-backend
go mod download
--> 0c59d9b93477
[linux/arm64] [2/3] STEP 7/12: COPY cmd/ cmd/
--> bfa34a3a2c69
[linux/arm64] [2/3] STEP 8/12: COPY pkg/ pkg/
--> f920def1aa74
[linux/arm64] [2/3] STEP 9/12: ENV GOFLAGS='-mod=mod'
--> ba2f0e1f194c
[linux/arm64] [2/3] STEP 10/12: ENV GOEXPERIMENT=strictfipsruntime
--> b9074d1c90b8
[linux/arm64] [2/3] STEP 11/12: ENV CGO_ENABLED=1
--> f742e27977d1
[linux/arm64] [2/3] STEP 12/12: RUN make build-backend BUILD_OPTS="-tags strictfipsruntime"
go build -tags strictfipsruntime -o plugin-backend -mod=readonly cmd/plugin-backend.go
--> b7adb37c0c38
[linux/amd64] [3/3] STEP 1/7: FROM registry.redhat.io/rhel9-4-els/rhel:9.4
Trying to pull registry.redhat.io/rhel9-4-els/rhel:9.4...
Getting image source signatures
Checking if image destination supports signatures
Copying blob sha256:9e5082548d869f2944301a153c8568183a38cf0df310a3fb0b2daf2af3b5f841
Copying config sha256:77849b1a77e7859a392840d43bed01557ec82ac0c2ac4283d962deec354ceee6
Writing manifest to image destination
Storing signatures
[linux/amd64] [3/3] STEP 2/7: RUN mkdir /licenses
--> Using cache 3238e978e7d1fb7717f5c5f046a3fafd3e698f84b75a0dba28583462ebd9f426
--> 3238e978e7d1
[linux/amd64] [3/3] STEP 3/7: COPY LICENSE /licenses/.
--> Using cache 954fa58b359f29bc4e552cbafe61594f234e33719c5b2850c095d0ca129fa3b1
--> 954fa58b359f
[linux/amd64] [3/3] STEP 4/7: USER 1001
--> Using cache 6e7e7b4dbc9d5126b5106ebd129156294e68a3f535ceaae54e4f88598028d56c
--> 6e7e7b4dbc9d
[linux/amd64] [3/3] STEP 5/7: COPY --from=web-builder /opt/app-root/web/dist /opt/app-root/web/dist
--> fe7939526709
[linux/amd64] [3/3] STEP 6/7: COPY --from=go-builder /opt/app-root/plugin-backend /opt/app-root
--> e740d9260842
[linux/amd64] [3/3] STEP 7/7: ENTRYPOINT ["/opt/app-root/plugin-backend", "-static-path", "/opt/app-root/web/dist"]
[linux/amd64] [3/3] COMMIT
--> f3fcfc9ef0cd
[linux/arm64] [3/3] STEP 1/7: FROM registry.redhat.io/rhel9-4-els/rhel:9.4
f3fcfc9ef0cd272f31b67dd9ba34b6ce747e81bdc652cce6e8b005df9ad92f27
Trying to pull registry.redhat.io/rhel9-4-els/rhel:9.4...
Getting image source signatures
Checking if image destination supports signatures
Copying blob sha256:79500177a417e8e03b63a0893e7e6b03f94ac7a605be761a51e28f082a16087f
Copying config sha256:62846c379ae900d8abe0855310d3d4e7ca7b0b21cc231d45bdfe5a0044988475
Writing manifest to image destination
Storing signatures
[linux/arm64] [3/3] STEP 2/7: RUN mkdir /licenses
--> Using cache be1e3f3b48bc1912c60b8a2b077744aec79f588d3927b492265d2256fecc42bb
--> be1e3f3b48bc
[linux/arm64] [3/3] STEP 3/7: COPY LICENSE /licenses/.
--> Using cache f2fd0a909e8e8d3b53f41e01a7f71eb54a8e4fbdd82115a95a982f7295a6975e
--> f2fd0a909e8e
[linux/arm64] [3/3] STEP 4/7: USER 1001
--> Using cache 948d6ebeb8cd593c45283898cdc58dd936e215b6c5fa1743f1f50a3f3613cc4b
--> 948d6ebeb8cd
[linux/arm64] [3/3] STEP 5/7: COPY --from=web-builder /opt/app-root/web/dist /opt/app-root/web/dist
--> 01ee970f1b6a
[linux/arm64] [3/3] STEP 6/7: COPY --from=go-builder /opt/app-root/plugin-backend /opt/app-root
--> 2f0aaf9ee902
[linux/arm64] [3/3] STEP 7/7: ENTRYPOINT ["/opt/app-root/plugin-backend", "-static-path", "/opt/app-root/web/dist"]
[linux/arm64] [3/3] COMMIT
--> f44e548fecfa
f44e548fecfacc0e983cc2b7bdea82bc385b5ae6fa3bce8c25fd7dc57dbe7c70
podman manifest push quay.io/rh-ee-emurasak/troubleshooting-panel-console-plugin:v1.0.0
Getting image list signatures
Copying 2 images generated from 2 images in list
Copying image sha256:f9c52087d19c0b64922f3ef14ec9bda0ca915e376bcbc20f58d9d2d3366712f0 (1/2)
Getting image source signatures
Copying blob sha256:d2a8f338b67c1d98ad96b17dad8797a9f21f68f6d8634c731372339d27a996aa
Copying blob sha256:6539b82fd461489e7adaece2b0fee6132248733d2b9040cd81701ddc56840711
Copying blob sha256:74ea6a5315ac2a0a27a1e4e6f87703374739fbd596e872724a21ab09c6bdf5dd
Copying blob sha256:15d9563c1e5b7ba12580eca3644a648c90977dec9f6c233821b8486b0a9cfe04
Copying blob sha256:7d9dcd954c09ce9e1646b799b58c57018596010745054c3b91f414fe132a7971
Copying config sha256:f3fcfc9ef0cd272f31b67dd9ba34b6ce747e81bdc652cce6e8b005df9ad92f27
Writing manifest to image destination
Copying image sha256:62f69066b894bab5fe69c17adba45d62a65ec20a76e285e2792ca196bdeda684 (2/2)
Getting image source signatures
Copying blob sha256:aa4a6a11153113210ec16e9e9dd082fd39ce773976c271c89e2ed614effb8369
Copying blob sha256:abdb8cc72e3424e4355a57b5eaf69a820fc9a93b5ef3124d51f184bbf887b049
Copying blob sha256:6087d88bd6dc0091f699ee452aa01b4b90710b857ec92358ef923852c691a579
Copying blob sha256:713742a1c41653f1b8b2aabfd435c6abf29762b828d327819d2a91295ed79d75
Copying blob sha256:b35fea4f2b94fb1173a0808b313ebd4b431eddf1e213fd40dda09e61d2c08f80
Copying config sha256:f44e548fecfacc0e983cc2b7bdea82bc385b5ae6fa3bce8c25fd7dc57dbe7c70
Writing manifest to image destination
Writing manifest list to image destination
Storing list signatures
==========================================
Building monitoring-plugin @ release-coo-ocp-4.22 with VERSION=v1.0.0 ORG=rh-ee-emurasak
==========================================
Switched to branch 'release-coo-ocp-4.22'
Your branch is up to date with 'origin/release-coo-ocp-4.22'.
From https://github.com/openshift/monitoring-plugin
 * branch            release-coo-ocp-4.22 -> FETCH_HEAD
Already up to date.
--- Attempt 1/3 ---
podman manifest create -a quay.io/rh-ee-emurasak/monitoring-console-plugin:v1.0.0
0030afee8c6a60391ffeee41f3b800a4b39a1ce58f45e8420d781d04988f42f8
podman build --platform linux/arm64,linux/amd64 --manifest quay.io/rh-ee-emurasak/monitoring-console-plugin:v1.0.0 -f Dockerfile.mcp
[linux/amd64] [1/3] STEP 1/13: FROM registry.redhat.io/ubi9/nodejs-22:latest AS web-builder
Trying to pull registry.redhat.io/ubi9/nodejs-22:latest...
Getting image source signatures
Checking if image destination supports signatures
Copying blob sha256:669ecfdf872e83fa8f88dbdbe9b75f628fb72b9210cbdcce7ea0f449a74cac9e
Copying blob sha256:9a785c83dc42af66688cf5d3dd8e0500ce65bad5a679b45744d62c2fffbb60d8
Copying blob sha256:1c3800ac7d8629ddf73a031732f867dbc0c46d5a7dd1f70c0656c2e6e351e3aa
Copying config sha256:7ff8c7d7ce9b0c742c2379ee8b8206279c959b199e0e12bd8d486ef717c6da23
Writing manifest to image destination
Storing signatures
[linux/amd64] [1/3] STEP 2/13: WORKDIR /opt/app-root
--> Using cache 9fa54f016c2c68043ab3ace241546f3b9f08fca9b639456d47ef71bf5ff386bd
--> 9fa54f016c2c
[linux/amd64] [1/3] STEP 3/13: USER 0
--> Using cache e5c27da73f5cd7e05f5ce7c9bebd0bba2045982859d8383a163c9c8225a1e915
--> e5c27da73f5c
[linux/amd64] [1/3] STEP 4/13: ENV HUSKY=0
--> Using cache 14461c616df16e3fb9d8c81989a357e743626c8bc342e6d4b3968de984a1225a
--> 14461c616df1
[linux/amd64] [1/3] STEP 5/13: COPY web/package*.json web/
--> Using cache ed34bc93ff24e857d9cc94f711fdca00397e896a9a819113f5deb533b3b4f8f0
--> ed34bc93ff24
[linux/amd64] [1/3] STEP 6/13: COPY Makefile Makefile
--> Using cache 36644aab3e56e6d247418374752231cc1093d722dbb3aafdeb931b5711750ca6
--> 36644aab3e56
[linux/amd64] [1/3] STEP 7/13: RUN cd web && npm ci --legacy-peer-deps --ignore-scripts
--> Using cache f79e2cc377d0284cff97b37011d209440f619a4720551718b11b52db13deed8d
--> f79e2cc377d0
[linux/amd64] [1/3] STEP 8/13: COPY web/ web/
--> Using cache 2d9688eea3bbf08fae9f1720c1fbe99b1ef508495880ffdff8f10913b9871f31
--> 2d9688eea3bb
[linux/amd64] [1/3] STEP 9/13: COPY config/ config/
--> Using cache 01b9bfd5022c432860438b1c8be5fa9565d805b8f50277101591619c856f8a13
--> 01b9bfd5022c
[linux/amd64] [1/3] STEP 10/13: COPY scripts/update-plugin-name.sh scripts/update-plugin-name.sh
--> Using cache 74559dd08ed1af6d456ab7f092710f5f28dea76742670b663dae4e44b162f5f7
--> 74559dd08ed1
[linux/amd64] [1/3] STEP 11/13: RUN make update-plugin-name
--> Using cache a574133405701a8e77e2729899170995df4f046e3c466e220c42ce5e33d837a5
--> a57413340570
[linux/amd64] [1/3] STEP 12/13: ENV I18N_NAMESPACE="plugin__monitoring-console-plugin"
--> Using cache 37c847fb0acd8eccdcc4cb3021dc87e7645255893acd1c779ea4ee520b10ab2f
--> 37c847fb0acd
[linux/amd64] [1/3] STEP 13/13: RUN make build-frontend
--> Using cache b9098d15f2050eb6b233acf970420ef380857ebff4ebb06a12f5123f3fa7f07c
--> b9098d15f205
[linux/arm64] [1/3] STEP 1/13: FROM registry.redhat.io/ubi9/nodejs-22:latest AS web-builder
Trying to pull registry.redhat.io/ubi9/nodejs-22:latest...
Getting image source signatures
Checking if image destination supports signatures
Copying blob sha256:8cc4364173e08b740ee39103f76581907e7a0eaa07260aeb6afbbebb8dde106e
Copying blob sha256:6c68ec2cb8914dd7cd64b186ef8674ae644c890fcae14edf9a3b33fde3a76cce
Copying blob sha256:98245caf86240da0764634e4873f8d78498df819a738bee6e752ffc1dc9be497
Copying config sha256:bceceabd26d12d7ba9de7f0aad51a65d5ae092bd1ae800eb7bad9330a6a05b8e
Writing manifest to image destination
Storing signatures
[linux/arm64] [1/3] STEP 2/13: WORKDIR /opt/app-root
--> Using cache 2b3b4ed2e104018013987c6994b39e5230852351d782bce566e3b4d0bb442709
--> 2b3b4ed2e104
[linux/arm64] [1/3] STEP 3/13: USER 0
--> Using cache 7f8f8f3e5982a95b1ab1b2ac58e2650bb7b8362ee264983e92a3a2ed81f346d6
--> 7f8f8f3e5982
[linux/arm64] [1/3] STEP 4/13: ENV HUSKY=0
--> Using cache cd43796b49ca68ad135063a39fd7d828e86f1bfa9a5432f06f9d2f0d1ad3d92f
--> cd43796b49ca
[linux/arm64] [1/3] STEP 5/13: COPY web/package*.json web/
--> Using cache 5e94b785d3d1dc5dbbafb68be2ab7e36a3b5b2137bc14e0fb5ca68a99a1088c6
--> 5e94b785d3d1
[linux/arm64] [1/3] STEP 6/13: COPY Makefile Makefile
--> Using cache 9d0a7080cf2fa946446359d138663d79287a0fcfbb5523aa63bbb392a15721e0
--> 9d0a7080cf2f
[linux/arm64] [1/3] STEP 7/13: RUN cd web && npm ci --legacy-peer-deps --ignore-scripts
--> Using cache 2a93fa43195dcb35c31df69c1f588beb1afae3c0e31c4d55499e6f3695524b4d
--> 2a93fa43195d
[linux/arm64] [1/3] STEP 8/13: COPY web/ web/
--> Using cache 710bc72c8381682f9e37beb8b991fde3f77cd2cc4dec9a91fe0a9426b4975091
--> 710bc72c8381
[linux/arm64] [1/3] STEP 9/13: COPY config/ config/
--> Using cache c9bbe9b62567c7024f8ae55e52473de36ec7a66203884ec624d0fe8e2e6bcfbe
--> c9bbe9b62567
[linux/arm64] [1/3] STEP 10/13: COPY scripts/update-plugin-name.sh scripts/update-plugin-name.sh
--> Using cache 1e241471c67a000910ba165906cf691709155d5b146f6441dc1914ff0691d5fd
--> 1e241471c67a
[linux/arm64] [1/3] STEP 11/13: RUN make update-plugin-name
--> Using cache cbec80849e36b2763d4fbdbf34042e72153aea0e59cd1489eb378886bbdd3890
--> cbec80849e36
[linux/arm64] [1/3] STEP 12/13: ENV I18N_NAMESPACE="plugin__monitoring-console-plugin"
--> Using cache 42ffa1d0af494db5bc95dac85867c409346105ed2885ad42b2fc3d8f229a3286
--> 42ffa1d0af49
[linux/arm64] [1/3] STEP 13/13: RUN make build-frontend
--> Using cache 5a421d2970e3c5abcfc9627ba22d4c03f7181e71e21b515fbcaacc48385a82a1
--> 5a421d2970e3
[linux/amd64] [2/3] STEP 1/14: FROM brew.registry.redhat.io/rh-osbs/openshift-golang-builder:rhel_9_1.24 AS go-builder
[linux/amd64] [2/3] STEP 2/14: WORKDIR /opt/app-root
--> Using cache 704074ba3bd4a3fa8e42e2be7faf50d8959ef62ccd435ef106f53613fe81365c
--> 704074ba3bd4
[linux/amd64] [2/3] STEP 3/14: COPY Makefile Makefile
--> Using cache 119a62c9af038b8622f5cb6f80537faee8b6e067c1b9f4c2396ede122fdb8d96
--> 119a62c9af03
[linux/amd64] [2/3] STEP 4/14: COPY go.mod go.mod
--> Using cache 893f24b09bd7009570f359ba9b98b0b3c822ddad0a01cc043a66c725326955c5
--> 893f24b09bd7
[linux/amd64] [2/3] STEP 5/14: COPY go.sum go.sum
--> Using cache 2fd05f1d5a5f19d4b436451d5e920adcdcc6908406743f13e4f011d8fd646414
--> 2fd05f1d5a5f
[linux/amd64] [2/3] STEP 6/14: RUN make install-backend
--> Using cache 0633031e2d2c53699fb6d9c41ffec482954701d7b05f70e3fd2b53358e9d31ec
--> 0633031e2d2c
[linux/amd64] [2/3] STEP 7/14: COPY cmd/ cmd/
--> Using cache a4a5315af2daabec9fffc56cdacc5cfb4b04a5de5e7aab26ba6e4078cbc6ab5b
--> a4a5315af2da
[linux/amd64] [2/3] STEP 8/14: COPY pkg/ pkg/
--> Using cache 4e864c0195434ece2ca38a2d2cedd7c6af7e201efa5a1a7edc9600484f90f5c5
--> 4e864c019543
[linux/amd64] [2/3] STEP 9/14: ENV GOOS=${TARGETOS:-linux}
--> Using cache b0f780c0ec8eb003ce5521a3b40cf8b98610df155d17794f7148a8c7c8f707c5
--> b0f780c0ec8e
[linux/amd64] [2/3] STEP 10/14: ENV GOARCH=${TARGETARCH}
--> Using cache 5e2bf972ca72e9e3f9e05bb86d0abd7469506ccedeabb6f0d4e11d57f22cbefe
--> 5e2bf972ca72
[linux/amd64] [2/3] STEP 11/14: ENV GOEXPERIMENT=strictfipsruntime
--> Using cache fa2d495c234d39c808409d205fe9e1fec85381088b65467dd7e7280ae4d44518
--> fa2d495c234d
[linux/amd64] [2/3] STEP 12/14: ENV GOFLAGS=-mod=readonly
--> Using cache 8d5ecc67449d38a58b8213d4946c15176f4fb586c21fe4ed0c4577097951f4f3
--> 8d5ecc67449d
[linux/amd64] [2/3] STEP 13/14: ENV CGO_ENABLED=1
--> Using cache d498b0bb29b7e3eff55b9349a5d99ce541f05a2cf541f119dbdde9ed99acda88
--> d498b0bb29b7
[linux/amd64] [2/3] STEP 14/14: RUN make build-backend
--> Using cache b9b97944c86c535d9bc327e57b8fb27353e625b33e26d54985e7198075aae7db
--> b9b97944c86c
[linux/arm64] [2/3] STEP 1/14: FROM brew.registry.redhat.io/rh-osbs/openshift-golang-builder:rhel_9_1.24 AS go-builder
Trying to pull brew.registry.redhat.io/rh-osbs/openshift-golang-builder:rhel_9_1.24...
Getting image source signatures
Copying blob sha256:0b3425962862e4c28bb2a8c620101947643235ac8ec98ebf4dd6948f79db8178
Copying blob sha256:65442b90c1456946b65a513148c3e504c3e1ae3889d427d5b4526ba9cec3ea0e
Copying config sha256:6b75237990fc7d8f0d9c2ac0d8181360163689361a8fa8d7ae3709b82f0e5e4e
Writing manifest to image destination
[linux/arm64] [2/3] STEP 2/14: WORKDIR /opt/app-root
--> Using cache e2dad960de2c0326bfeffb8054a2ce4d348ea1f6e6ca191c75f675fbc5b1413e
--> e2dad960de2c
[linux/arm64] [2/3] STEP 3/14: COPY Makefile Makefile
--> Using cache a4cc6e89f7885016f1da115180ba9f5b60688bfea8b14a2f83be311169bec1f2
--> a4cc6e89f788
[linux/arm64] [2/3] STEP 4/14: COPY go.mod go.mod
--> Using cache 820610f5b3016de0180fa9484ed438e455e57bcbcfd248c697a5cb9c695ba5e8
--> 820610f5b301
[linux/arm64] [2/3] STEP 5/14: COPY go.sum go.sum
--> Using cache 19c38f55b59d7e31c7764d87de7dd413f56d9b15e68e4ef5bbc503c7eafcda51
--> 19c38f55b59d
[linux/arm64] [2/3] STEP 6/14: RUN make install-backend
--> Using cache c8072a1246ffbc1e11c66550b21f1f7d41cb4931fcfec4f930bf7ca01adb6d38
--> c8072a1246ff
[linux/arm64] [2/3] STEP 7/14: COPY cmd/ cmd/
--> Using cache be2c5fe24996d9119847a2051ac953e2cf56e860865bbe55930630c41dbf1395
--> be2c5fe24996
[linux/arm64] [2/3] STEP 8/14: COPY pkg/ pkg/
--> Using cache 67894f052afd90f7e15d9605900b0a4701976ddf3a9e1ece727ab3bd43859e1e
--> 67894f052afd
[linux/arm64] [2/3] STEP 9/14: ENV GOOS=${TARGETOS:-linux}
--> Using cache 101fcb2096099e7d9b4d02b79c0d7563148fab1400e1d0ea16ffab58b540f780
--> 101fcb209609
[linux/arm64] [2/3] STEP 10/14: ENV GOARCH=${TARGETARCH}
--> Using cache defe0bc0d9c0b2132dd10d2ba7f3926481c7592a0c20e0da9e2ab45a147bff29
--> defe0bc0d9c0
[linux/arm64] [2/3] STEP 11/14: ENV GOEXPERIMENT=strictfipsruntime
--> Using cache d3beddeb78a39d6b7e3d939e8095e9498ac63e87afe3ca7a35bd13d3f4544c36
--> d3beddeb78a3
[linux/arm64] [2/3] STEP 12/14: ENV GOFLAGS=-mod=readonly
--> Using cache 1bbb61d00183a1592cd51dee2a6920cf71378e0b70cf8e62c20eddda55909166
--> 1bbb61d00183
[linux/arm64] [2/3] STEP 13/14: ENV CGO_ENABLED=1
--> Using cache d0bd2324a5375f1229a8a5394c6f95e32578053802445cf46205809ff047680c
--> d0bd2324a537
[linux/arm64] [2/3] STEP 14/14: RUN make build-backend
--> Using cache 61feae6ed0b215ca01546b03871b36e587eee26ff52d05642a37f6563657495f
--> 61feae6ed0b2
[linux/amd64] [3/3] STEP 1/8: FROM registry.redhat.io/rhel9-4-els/rhel:9.4
Trying to pull registry.redhat.io/rhel9-4-els/rhel:9.4...
Getting image source signatures
Checking if image destination supports signatures
Copying blob sha256:9e5082548d869f2944301a153c8568183a38cf0df310a3fb0b2daf2af3b5f841
Copying config sha256:77849b1a77e7859a392840d43bed01557ec82ac0c2ac4283d962deec354ceee6
Writing manifest to image destination
Storing signatures
[linux/amd64] [3/3] STEP 2/8: RUN mkdir /licenses
--> Using cache 3238e978e7d1fb7717f5c5f046a3fafd3e698f84b75a0dba28583462ebd9f426
--> 3238e978e7d1
[linux/amd64] [3/3] STEP 3/8: COPY LICENSE /licenses/.
--> Using cache 11a460b4af678dbdb60b93f0b111c19bde42a72fc2c62528c37c5366c2d0461a
--> 11a460b4af67
[linux/amd64] [3/3] STEP 4/8: USER 1001
--> Using cache 0dcbadd2e4c06f4b1cbcb550c252c9b573bd3514f0a82244c29e0ea75308e78a
--> 0dcbadd2e4c0
[linux/amd64] [3/3] STEP 5/8: COPY --from=web-builder /opt/app-root/web/dist /opt/app-root/web/dist
--> Using cache f35a22acd31e76a68d989101dd8abcf3b06b1498113e6bcdb31dfc87ac1708a0
--> f35a22acd31e
[linux/amd64] [3/3] STEP 6/8: COPY --from=go-builder /opt/app-root/plugin-backend /opt/app-root
--> Using cache 7d860bfccf99a890f644b5742ce49a7fd8155b27f60e3d6219420e781172431c
--> 7d860bfccf99
[linux/amd64] [3/3] STEP 7/8: COPY --from=web-builder /opt/app-root/config /opt/app-root/config
--> Using cache 37d2e328326218f64caba26c1e67a2f6a858cd7f5563e1cde75296c4bb6c2594
--> 37d2e3283262
[linux/amd64] [3/3] STEP 8/8: ENTRYPOINT ["/opt/app-root/plugin-backend", "-static-path", "/opt/app-root/web/dist"]
--> Using cache a4921843efaf81f596259f815c2216616b48e46f481e883269ef81d05f505825
--> a4921843efaf
[linux/arm64] [3/3] STEP 1/8: FROM registry.redhat.io/rhel9-4-els/rhel:9.4
a4921843efaf81f596259f815c2216616b48e46f481e883269ef81d05f505825
Trying to pull registry.redhat.io/rhel9-4-els/rhel:9.4...
Getting image source signatures
Checking if image destination supports signatures
Copying blob sha256:79500177a417e8e03b63a0893e7e6b03f94ac7a605be761a51e28f082a16087f
Copying config sha256:62846c379ae900d8abe0855310d3d4e7ca7b0b21cc231d45bdfe5a0044988475
Writing manifest to image destination
Storing signatures
[linux/arm64] [3/3] STEP 2/8: RUN mkdir /licenses
--> Using cache be1e3f3b48bc1912c60b8a2b077744aec79f588d3927b492265d2256fecc42bb
--> be1e3f3b48bc
[linux/arm64] [3/3] STEP 3/8: COPY LICENSE /licenses/.
--> Using cache 73ee05712225c90819d101d6fe8c4d73306067034ee7e3f29db0179975215100
--> 73ee05712225
[linux/arm64] [3/3] STEP 4/8: USER 1001
--> Using cache a0da4efef8f70aab348879721700f4c4780901d02346f043ab745de386192e61
--> a0da4efef8f7
[linux/arm64] [3/3] STEP 5/8: COPY --from=web-builder /opt/app-root/web/dist /opt/app-root/web/dist
--> Using cache c3c948522aa377bbb2423b6c91851f92adf7b1c8e2eb80363659e4c0d9a047b4
--> c3c948522aa3
[linux/arm64] [3/3] STEP 6/8: COPY --from=go-builder /opt/app-root/plugin-backend /opt/app-root
--> Using cache def542f3d947424ab9243991618a65716a5abc164e00df8b3ac155009b11eb27
--> def542f3d947
[linux/arm64] [3/3] STEP 7/8: COPY --from=web-builder /opt/app-root/config /opt/app-root/config
--> Using cache d68cce757c4274c14157a53676b473ee44c65cfdc8107b43a2df1e97d07addf9
--> d68cce757c42
[linux/arm64] [3/3] STEP 8/8: ENTRYPOINT ["/opt/app-root/plugin-backend", "-static-path", "/opt/app-root/web/dist"]
--> Using cache 98ca2b2c965cc64db504540fc7ad9ca02599105c270f5c4de3e1501ab4433a39
--> 98ca2b2c965c
98ca2b2c965cc64db504540fc7ad9ca02599105c270f5c4de3e1501ab4433a39
podman manifest push quay.io/rh-ee-emurasak/monitoring-console-plugin:v1.0.0
Getting image list signatures
Copying 2 images generated from 2 images in list
Copying image sha256:f19f457747f9ec8790ebae29f0a5c014c9ad11bc2f5c511e370b5966bd3ea8e0 (1/2)
Getting image source signatures
Copying blob sha256:d47cad84935fa660f6e00cc46e443c4fe2506a79305ba235641258a14c4efd77
Copying blob sha256:6539b82fd461489e7adaece2b0fee6132248733d2b9040cd81701ddc56840711
Copying blob sha256:74ea6a5315ac2a0a27a1e4e6f87703374739fbd596e872724a21ab09c6bdf5dd
Copying blob sha256:ad7a82c8913f23ee13c8917298b2d72eafef2178c0701df7cf0df9ddb6756d19
Copying blob sha256:32d7e7e999a9c3bcf28cbf9c3ef72e239ff1c856608e3d22667578cb0a290940
Copying blob sha256:c3d9f9d2185c018cb6e554a0c1ab8fe36930fa0024d3a802532f8f7adb2e5c03
Copying config sha256:a4921843efaf81f596259f815c2216616b48e46f481e883269ef81d05f505825
Writing manifest to image destination
Copying image sha256:ab78ceaf664beff3b6860ad741d28dcb1025353ee310e8c241617c82466664e6 (2/2)
Getting image source signatures
Copying blob sha256:abdb8cc72e3424e4355a57b5eaf69a820fc9a93b5ef3124d51f184bbf887b049
Copying blob sha256:d00927b1d6ed6930c6481f6da33a84eda7026cd9568a257575913ff7b65ea601
Copying blob sha256:713742a1c41653f1b8b2aabfd435c6abf29762b828d327819d2a91295ed79d75
Copying blob sha256:2393e6ab5ce9660106b4ca65394105bafd1812ff29445ddc28290e1fabbd1d06
Copying blob sha256:9902bf03138deb08c704a353a95f5f399ba9047b612802abadc4c3d27399b983
Copying blob sha256:bc311a01f0337683c7cb268bc3684bce166dab48d4d23aa9b13910a0a09899e2
Copying config sha256:98ca2b2c965cc64db504540fc7ad9ca02599105c270f5c4de3e1501ab4433a39
Writing manifest to image destination
Writing manifest list to image destination
Storing list signatures
==========================================
Building logging-view-plugin @ release-coo-ocp-4.22 with VERSION=v6.2.1 ORG=rh-ee-emurasak
==========================================
Switched to a new branch 'release-coo-ocp-4.22'
branch 'release-coo-ocp-4.22' set up to track 'origin/release-coo-ocp-4.22'.
From https://github.com/openshift/logging-view-plugin
 * branch            release-coo-ocp-4.22 -> FETCH_HEAD
Already up to date.
--- Attempt 1/3 ---
Makefile:45: warning: overriding commands for target `test-backend'
Makefile:41: warning: ignoring old commands for target `test-backend'
podman manifest rm quay.io/rh-ee-emurasak/logging-view-plugin:v6.2.1 || true
Untagged: quay.io/rh-ee-emurasak/logging-view-plugin:v6.2.1
Deleted: 6683f8dfca57132522b3a5af4968f9853bfd127f0589d3b6e66ccf9223278ca8
podman manifest create quay.io/rh-ee-emurasak/logging-view-plugin:v6.2.1
7bc60be143b8a07121460672d5cd80ab6cd2b118fc03b4fe6a21bab458403637
podman build --platform linux/arm64,linux/amd64 --manifest quay.io/rh-ee-emurasak/logging-view-plugin:v6.2.1 -f Dockerfile
[linux/amd64] [1/3] STEP 1/9: FROM registry.redhat.io/ubi9/nodejs-22:latest AS web-builder
Trying to pull registry.redhat.io/ubi9/nodejs-22:latest...
Getting image source signatures
Checking if image destination supports signatures
Copying blob sha256:669ecfdf872e83fa8f88dbdbe9b75f628fb72b9210cbdcce7ea0f449a74cac9e
Copying blob sha256:9a785c83dc42af66688cf5d3dd8e0500ce65bad5a679b45744d62c2fffbb60d8
Copying blob sha256:1c3800ac7d8629ddf73a031732f867dbc0c46d5a7dd1f70c0656c2e6e351e3aa
Copying config sha256:7ff8c7d7ce9b0c742c2379ee8b8206279c959b199e0e12bd8d486ef717c6da23
Writing manifest to image destination
Storing signatures
[linux/amd64] [1/3] STEP 2/9: WORKDIR /opt/app-root
--> Using cache 9fa54f016c2c68043ab3ace241546f3b9f08fca9b639456d47ef71bf5ff386bd
--> 9fa54f016c2c
[linux/amd64] [1/3] STEP 3/9: USER 0
--> Using cache e5c27da73f5cd7e05f5ce7c9bebd0bba2045982859d8383a163c9c8225a1e915
--> e5c27da73f5c
[linux/amd64] [1/3] STEP 4/9: ENV HUSKY=0
--> Using cache 14461c616df16e3fb9d8c81989a357e743626c8bc342e6d4b3968de984a1225a
--> 14461c616df1
[linux/amd64] [1/3] STEP 5/9: COPY web/package*.json web/
--> 2e39fb142322
[linux/amd64] [1/3] STEP 6/9: COPY Makefile Makefile
--> ec031a710de5
[linux/amd64] [1/3] STEP 7/9: RUN make install-frontend-ci-clean
Makefile:45: warning: overriding recipe for target 'test-backend'
Makefile:41: warning: ignoring old recipe for target 'test-backend'
cd web && npm ci --omit=optional --ignore-scripts
npm warn deprecated whatwg-encoding@3.1.1: Use @exodus/bytes instead for a more spec-conformant and faster implementation
npm warn deprecated uuid@8.3.2: uuid@10 and below is no longer supported.  For ESM codebases, update to uuid@latest.  For CommonJS codebases, use uuid@11 (but be aware this version will likely be deprecated in 2028).
npm warn deprecated rimraf@3.0.2: Rimraf versions prior to v4 are no longer supported
npm warn deprecated inflight@1.0.6: This module is not supported, and leaks memory. Do not use it. Check out lru-cache if you want a good and tested way to coalesce async requests by a key value, which is much more comprehensive and powerful.
npm warn deprecated glob@7.2.3: Old versions of glob are not supported, and contain widely publicized security vulnerabilities, which have been fixed in the current version. Please update. Support for old versions may be purchased (at exorbitant rates) by contacting i@izs.me
npm warn deprecated i18next-parser@9.4.0: Project is deprecated, use i18next-cli instead
npm warn deprecated @types/webpack-dev-server@4.7.2: This is a stub types definition. webpack-dev-server provides its own type definitions, so you do not need this installed.
npm warn deprecated glob@10.5.0: Old versions of glob are not supported, and contain widely publicized security vulnerabilities, which have been fixed in the current version. Please update. Support for old versions may be purchased (at exorbitant rates) by contacting i@izs.me
npm warn deprecated glob@10.5.0: Old versions of glob are not supported, and contain widely publicized security vulnerabilities, which have been fixed in the current version. Please update. Support for old versions may be purchased (at exorbitant rates) by contacting i@izs.me
npm warn deprecated glob@10.5.0: Old versions of glob are not supported, and contain widely publicized security vulnerabilities, which have been fixed in the current version. Please update. Support for old versions may be purchased (at exorbitant rates) by contacting i@izs.me
npm warn deprecated glob@10.5.0: Old versions of glob are not supported, and contain widely publicized security vulnerabilities, which have been fixed in the current version. Please update. Support for old versions may be purchased (at exorbitant rates) by contacting i@izs.me
npm warn deprecated glob@10.5.0: Old versions of glob are not supported, and contain widely publicized security vulnerabilities, which have been fixed in the current version. Please update. Support for old versions may be purchased (at exorbitant rates) by contacting i@izs.me

added 1554 packages, and audited 1555 packages in 42s

310 packages are looking for funding
  run `npm fund` for details

27 vulnerabilities (1 low, 20 moderate, 6 high)

To address issues that do not require attention, run:
  npm audit fix

To address all issues (including breaking changes), run:
  npm audit fix --force

Run `npm audit` for details.
cd web && npm cache clean --force
npm warn using --force Recommended protections disabled.
--> 639364613ecf
[linux/amd64] [1/3] STEP 8/9: COPY web/ web/
--> b32a26398182
[linux/amd64] [1/3] STEP 9/9: RUN make build-frontend
Makefile:45: warning: overriding recipe for target 'test-backend'
Makefile:41: warning: ignoring old recipe for target 'test-backend'
cd web && npm run build

> logging-view-plugin@6.1.0 build
> npm run clean && NODE_ENV=production npm run ts-node node_modules/.bin/webpack


> logging-view-plugin@6.1.0 clean
> rm -rf dist


> logging-view-plugin@6.1.0 ts-node
> ts-node -O '{"module":"commonjs"}' node_modules/.bin/webpack

@patternfly/react-core dynamic modules taken from dist/dynamic-modules.json
Cannot resolve base path for package @patternfly/react-data-view
@patternfly/react-icons dynamic modules taken from dist/dynamic-modules.json
@patternfly/react-table dynamic modules taken from dist/dynamic-modules.json
Cannot resolve base path for package @patternfly/react-templates
assets by path *.js 4.78 MiB
  assets by chunk 2.64 MiB (id hint: vendors)
    assets by status 1.61 MiB [big]
      asset 9666-chunk-69eed8215e04934b0b32.min.js 1.13 MiB [emitted] [immutable] [big] (id hint: vendors) 1 related asset
      asset 3076-chunk-d3dd5c0fd35e0abdbd6a.min.js 494 KiB [emitted] [immutable] [big] (id hint: vendors) 1 related asset
    + 11 assets
  + 82 assets
asset locales/en/plugin__logging-view-plugin.json 10.4 KiB [emitted] [from: ../locales/en/plugin__logging-view-plugin.json] [copied]
asset plugin-manifest.json 1.92 KiB [emitted]
orphan modules 2.59 MiB [orphan] 1519 modules
runtime modules 37.8 KiB 14 modules
built modules 2.89 MiB (javascript) 1.72 KiB (consume-shared) 1.56 KiB (share-init) [built]
  modules by path ../node_modules/ 2.6 MiB 436 modules
  modules by path ./ 299 KiB 48 modules
  consume-shared-module modules 1.72 KiB
    modules by path consume shared module (default) @patternfly/react-core/dist/dynamic/ 1.23 KiB 30 modules
    modules by path consume shared module (default) @patternfly/react-icons/dist/dynamic/icons/ 294 bytes 7 modules
    modules by path *.1 (singleton) 84 bytes 2 modules
    + 3 modules
  provide-module modules 1.56 KiB
    modules by path provide shared module (default) @patternfly/react-core/dist/dynamic/ 1.23 KiB 30 modules
    modules by path provide shared module (default) @patternfly/react-icons/dist/dynamic/icons/ 294 bytes 7 modules
    provide shared module (default) @patternfly/react-table/dist/dynamic/components/...(truncated) 42 bytes [built] [code generated]
  container entry 42 bytes [built] [code generated]

WARNING in asset size limit: The following asset(s) exceed the recommended size limit (244 KiB).
This can impact web performance.
Assets: 
  9666-chunk-69eed8215e04934b0b32.min.js (1.13 MiB)
  3076-chunk-d3dd5c0fd35e0abdbd6a.min.js (494 KiB)

webpack 5.106.2 compiled with 1 warning in 34391 ms
--> 387135cc3b3b
[linux/arm64] [1/3] STEP 1/9: FROM registry.redhat.io/ubi9/nodejs-22:latest AS web-builder
Trying to pull registry.redhat.io/ubi9/nodejs-22:latest...
Getting image source signatures
Checking if image destination supports signatures
Copying blob sha256:8cc4364173e08b740ee39103f76581907e7a0eaa07260aeb6afbbebb8dde106e
Copying blob sha256:98245caf86240da0764634e4873f8d78498df819a738bee6e752ffc1dc9be497
Copying blob sha256:6c68ec2cb8914dd7cd64b186ef8674ae644c890fcae14edf9a3b33fde3a76cce
Copying config sha256:bceceabd26d12d7ba9de7f0aad51a65d5ae092bd1ae800eb7bad9330a6a05b8e
Writing manifest to image destination
Storing signatures
[linux/arm64] [1/3] STEP 2/9: WORKDIR /opt/app-root
--> Using cache 2b3b4ed2e104018013987c6994b39e5230852351d782bce566e3b4d0bb442709
--> 2b3b4ed2e104
[linux/arm64] [1/3] STEP 3/9: USER 0
--> Using cache 7f8f8f3e5982a95b1ab1b2ac58e2650bb7b8362ee264983e92a3a2ed81f346d6
--> 7f8f8f3e5982
[linux/arm64] [1/3] STEP 4/9: ENV HUSKY=0
--> Using cache cd43796b49ca68ad135063a39fd7d828e86f1bfa9a5432f06f9d2f0d1ad3d92f
--> cd43796b49ca
[linux/arm64] [1/3] STEP 5/9: COPY web/package*.json web/
--> 51e4e023e9a4
[linux/arm64] [1/3] STEP 6/9: COPY Makefile Makefile
--> 525da55b28a7
[linux/arm64] [1/3] STEP 7/9: RUN make install-frontend-ci-clean
Makefile:45: warning: overriding recipe for target 'test-backend'
Makefile:41: warning: ignoring old recipe for target 'test-backend'
cd web && npm ci --omit=optional --ignore-scripts
npm warn deprecated whatwg-encoding@3.1.1: Use @exodus/bytes instead for a more spec-conformant and faster implementation
npm warn deprecated uuid@8.3.2: uuid@10 and below is no longer supported.  For ESM codebases, update to uuid@latest.  For CommonJS codebases, use uuid@11 (but be aware this version will likely be deprecated in 2028).
npm warn deprecated rimraf@3.0.2: Rimraf versions prior to v4 are no longer supported
npm warn deprecated inflight@1.0.6: This module is not supported, and leaks memory. Do not use it. Check out lru-cache if you want a good and tested way to coalesce async requests by a key value, which is much more comprehensive and powerful.
npm warn deprecated i18next-parser@9.4.0: Project is deprecated, use i18next-cli instead
npm warn deprecated glob@7.2.3: Old versions of glob are not supported, and contain widely publicized security vulnerabilities, which have been fixed in the current version. Please update. Support for old versions may be purchased (at exorbitant rates) by contacting i@izs.me
npm warn deprecated @types/webpack-dev-server@4.7.2: This is a stub types definition. webpack-dev-server provides its own type definitions, so you do not need this installed.
npm warn deprecated glob@10.5.0: Old versions of glob are not supported, and contain widely publicized security vulnerabilities, which have been fixed in the current version. Please update. Support for old versions may be purchased (at exorbitant rates) by contacting i@izs.me
npm warn deprecated glob@10.5.0: Old versions of glob are not supported, and contain widely publicized security vulnerabilities, which have been fixed in the current version. Please update. Support for old versions may be purchased (at exorbitant rates) by contacting i@izs.me
npm warn deprecated glob@10.5.0: Old versions of glob are not supported, and contain widely publicized security vulnerabilities, which have been fixed in the current version. Please update. Support for old versions may be purchased (at exorbitant rates) by contacting i@izs.me
npm warn deprecated glob@10.5.0: Old versions of glob are not supported, and contain widely publicized security vulnerabilities, which have been fixed in the current version. Please update. Support for old versions may be purchased (at exorbitant rates) by contacting i@izs.me
npm warn deprecated glob@10.5.0: Old versions of glob are not supported, and contain widely publicized security vulnerabilities, which have been fixed in the current version. Please update. Support for old versions may be purchased (at exorbitant rates) by contacting i@izs.me

added 1554 packages, and audited 1555 packages in 29s

310 packages are looking for funding
  run `npm fund` for details

27 vulnerabilities (1 low, 20 moderate, 6 high)

To address issues that do not require attention, run:
  npm audit fix

To address all issues (including breaking changes), run:
  npm audit fix --force

Run `npm audit` for details.
cd web && npm cache clean --force
npm warn using --force Recommended protections disabled.
--> 127bc42c3273
[linux/arm64] [1/3] STEP 8/9: COPY web/ web/
--> 506a06a962e6
[linux/arm64] [1/3] STEP 9/9: RUN make build-frontend
Makefile:45: warning: overriding recipe for target 'test-backend'
Makefile:41: warning: ignoring old recipe for target 'test-backend'
cd web && npm run build

> logging-view-plugin@6.1.0 build
> npm run clean && NODE_ENV=production npm run ts-node node_modules/.bin/webpack


> logging-view-plugin@6.1.0 clean
> rm -rf dist


> logging-view-plugin@6.1.0 ts-node
> ts-node -O '{"module":"commonjs"}' node_modules/.bin/webpack

@patternfly/react-core dynamic modules taken from dist/dynamic-modules.json
Cannot resolve base path for package @patternfly/react-data-view
@patternfly/react-icons dynamic modules taken from dist/dynamic-modules.json
@patternfly/react-table dynamic modules taken from dist/dynamic-modules.json
Cannot resolve base path for package @patternfly/react-templates
assets by path *.js 4.78 MiB
  assets by chunk 2.64 MiB (id hint: vendors)
    assets by status 1.61 MiB [big]
      asset 9666-chunk-69eed8215e04934b0b32.min.js 1.13 MiB [emitted] [immutable] [big] (id hint: vendors) 1 related asset
      asset 3076-chunk-d3dd5c0fd35e0abdbd6a.min.js 494 KiB [emitted] [immutable] [big] (id hint: vendors) 1 related asset
    + 11 assets
  + 82 assets
asset locales/en/plugin__logging-view-plugin.json 10.4 KiB [emitted] [from: ../locales/en/plugin__logging-view-plugin.json] [copied]
asset plugin-manifest.json 1.92 KiB [emitted]
orphan modules 2.59 MiB [orphan] 1519 modules
runtime modules 37.8 KiB 14 modules
built modules 2.89 MiB (javascript) 1.72 KiB (consume-shared) 1.56 KiB (share-init) [built]
  modules by path ../node_modules/ 2.6 MiB 436 modules
  modules by path ./ 299 KiB 48 modules
  consume-shared-module modules 1.72 KiB
    modules by path consume shared module (default) @patternfly/react-core/dist/dynamic/ 1.23 KiB 30 modules
    modules by path consume shared module (default) @patternfly/react-icons/dist/dynamic/icons/ 294 bytes 7 modules
    modules by path *.1 (singleton) 84 bytes 2 modules
    + 3 modules
  provide-module modules 1.56 KiB
    modules by path provide shared module (default) @patternfly/react-core/dist/dynamic/ 1.23 KiB 30 modules
    modules by path provide shared module (default) @patternfly/react-icons/dist/dynamic/icons/ 294 bytes 7 modules
    provide shared module (default) @patternfly/react-table/dist/dynamic/components/...(truncated) 42 bytes [built] [code generated]
  container entry 42 bytes [built] [code generated]

WARNING in asset size limit: The following asset(s) exceed the recommended size limit (244 KiB).
This can impact web performance.
Assets: 
  9666-chunk-69eed8215e04934b0b32.min.js (1.13 MiB)
  3076-chunk-d3dd5c0fd35e0abdbd6a.min.js (494 KiB)

webpack 5.106.2 compiled with 1 warning in 23210 ms
--> 0e25fe97ad89
[linux/amd64] [2/3] STEP 1/12: FROM registry.ci.openshift.org/ocp/builder:rhel-9-golang-1.25-openshift-4.22 AS go-builder
Trying to pull registry.ci.openshift.org/ocp/builder:rhel-9-golang-1.25-openshift-4.22...
Getting image source signatures
Copying blob sha256:62b3af1f3bb836696025e1eed4ab22158046acf0efda0dd2b2088d031f1c4d2d
Copying blob sha256:cb8cee91bb10a151d5f47bfaeade03a136feecdd326326b1bb7ffb26c45f6de8
Copying blob sha256:bdb88ac36bdf391d418c29297642f76f82d5a4d646b4962c31184290c3b2d7bf
Copying config sha256:90030b472b020e351b129b4bf18ba6ad5f8ae9c59997f0bf9294be3ee50f8d14
Writing manifest to image destination
[linux/amd64] [2/3] STEP 2/12: WORKDIR /opt/app-root
--> 480f7079a3ab
[linux/amd64] [2/3] STEP 3/12: COPY Makefile Makefile
--> 80486c29e84b
[linux/amd64] [2/3] STEP 4/12: COPY go.mod go.mod
--> 913f7e0d8950
[linux/amd64] [2/3] STEP 5/12: COPY go.sum go.sum
--> 8e8d6bda891f
[linux/amd64] [2/3] STEP 6/12: RUN make install-backend
Makefile:45: warning: overriding recipe for target 'test-backend'
Makefile:41: warning: ignoring old recipe for target 'test-backend'
go mod download
--> ce904bd8e593
[linux/amd64] [2/3] STEP 7/12: COPY config/ config/
--> 162cfc7cb838
[linux/amd64] [2/3] STEP 8/12: COPY cmd/ cmd/
--> b671df344c85
[linux/amd64] [2/3] STEP 9/12: COPY pkg/ pkg/
--> cd57043aaa58
[linux/amd64] [2/3] STEP 10/12: ENV GOEXPERIMENT=strictfipsruntime
--> 966a3bf67364
[linux/amd64] [2/3] STEP 11/12: ENV CGO_ENABLED=1
--> badf3cbfc4f4
[linux/amd64] [2/3] STEP 12/12: RUN make build-backend BUILD_OPTS="-tags strictfipsruntime"
Makefile:45: warning: overriding recipe for target 'test-backend'
Makefile:41: warning: ignoring old recipe for target 'test-backend'
go build -tags strictfipsruntime -mod=readonly -o plugin-backend cmd/plugin-backend.go
# k8s.io/api/admissionregistration/v1
compile: writing output: write $WORK/b334/_pkg_.a: no space left on device
k8s.io/api/coordination/v1: mkdir /tmp/go-build2778537180/b355/: no space left on device
k8s.io/apimachinery/pkg/api/equality: mkdir /tmp/go-build2778537180/b365/: no space left on device
k8s.io/api/flowcontrol/v1: mkdir /tmp/go-build2778537180/b366/: no space left on device
k8s.io/api/flowcontrol/v1beta1: mkdir /tmp/go-build2778537180/b367/: no space left on device
k8s.io/api/flowcontrol/v1beta2: mkdir /tmp/go-build2778537180/b368/: no space left on device
k8s.io/api/flowcontrol/v1beta3: mkdir /tmp/go-build2778537180/b369/: no space left on device
k8s.io/api/policy/v1: mkdir /tmp/go-build2778537180/b375/: no space left on device
k8s.io/api/policy/v1beta1: mkdir /tmp/go-build2778537180/b376/: no space left on device
k8s.io/api/rbac/v1: mkdir /tmp/go-build2778537180/b377/: no space left on device
k8s.io/api/rbac/v1alpha1: mkdir /tmp/go-build2778537180/b378/: no space left on device
k8s.io/api/rbac/v1beta1: mkdir /tmp/go-build2778537180/b379/: no space left on device
k8s.io/api/resource/v1alpha3: mkdir /tmp/go-build2778537180/b381/: no space left on device
k8s.io/api/storagemigration/v1beta1: mkdir /tmp/go-build2778537180/b390/: no space left on device
k8s.io/apimachinery/pkg/apis/meta/v1/validation: mkdir /tmp/go-build2778537180/b395/: no space left on device
k8s.io/apimachinery/pkg/runtime/serializer/cbor: mkdir /tmp/go-build2778537180/b417/: no space left on device
k8s.io/client-go/pkg/apis/clientauthentication: mkdir /tmp/go-build2778537180/b421/: no space left on device
k8s.io/client-go/rest/watch: mkdir /tmp/go-build2778537180/b439/: no space left on device
k8s.io/kube-openapi/pkg/common: mkdir /tmp/go-build2778537180/b447/: no space left on device
k8s.io/apimachinery/pkg/api/meta/testrestmapper: mkdir /tmp/go-build2778537180/b461/: no space left on device
k8s.io/apimachinery/pkg/util/strategicpatch: mkdir /tmp/go-build2778537180/b462/: no space left on device
k8s.io/apimachinery/pkg/apis/meta/v1beta1: mkdir /tmp/go-build2778537180/b571/: no space left on device
k8s.io/client-go/util/consistencydetector: mkdir /tmp/go-build2778537180/b579/: no space left on device
# k8s.io/api/authentication/v1
can't create $WORK/b341/_pkg_.a: open $WORK/b341/_pkg_.a: no space left on device
# k8s.io/api/authorization/v1
can't create $WORK/b344/_pkg_.a: open $WORK/b344/_pkg_.a: no space left on device
# k8s.io/apimachinery/pkg/runtime/serializer/protobuf
can't create $WORK/b330/_pkg_.a: open $WORK/b330/_pkg_.a: no space left on device
# k8s.io/api/certificates/v1alpha1
can't create $WORK/b353/_pkg_.a: open $WORK/b353/_pkg_.a: no space left on device
# k8s.io/apimachinery/pkg/runtime/serializer/versioning
can't create $WORK/b331/_pkg_.a: open $WORK/b331/_pkg_.a: no space left on device
# k8s.io/apimachinery/pkg/runtime/serializer/json
can't create $WORK/b323/_pkg_.a: open $WORK/b323/_pkg_.a: no space left on device
# k8s.io/api/core/v1
can't create $WORK/b200/_pkg_.a: open $WORK/b200/_pkg_.a: no space left on device
make: *** [Makefile:61: build-backend] Error 1
[linux/arm64] [2/3] STEP 1/12: FROM registry.ci.openshift.org/ocp/builder:rhel-9-golang-1.25-openshift-4.22 AS go-builder
Trying to pull registry.ci.openshift.org/ocp/builder:rhel-9-golang-1.25-openshift-4.22...
Getting image source signatures
Copying blob sha256:1eda8633af783db3a42b1f529531a61cfb66ba346055a3843a5d1e33e6b66724
Copying blob sha256:9e9bee4738d78cc5b8c68706e99751b669394b1e52ebb360fabf583fee381119
Copying blob sha256:5b61c27edafe5e77ded797c82768f76bc75782d396b9df5960fa44c429b4056d
Copying config sha256:c70f9b12fce57ea7894ab8230c272768ec9ecc9362a909badc4eb75d5aa2a5a0
Writing manifest to image destination
[linux/arm64] [2/3] STEP 2/12: WORKDIR /opt/app-root
--> 389954ee2062
[linux/arm64] [2/3] STEP 3/12: COPY Makefile Makefile
--> ef5f9b8ba45f
[linux/arm64] [2/3] STEP 4/12: COPY go.mod go.mod
--> 4a29f938dd8b
[linux/arm64] [2/3] STEP 5/12: COPY go.sum go.sum
--> eb102269f8ef
[linux/arm64] [2/3] STEP 6/12: RUN make install-backend
Makefile:45: warning: overriding recipe for target 'test-backend'
Makefile:41: warning: ignoring old recipe for target 'test-backend'
go mod download
Error: 2 errors occurred:
	* [linux/amd64]: building at STEP "RUN make build-backend BUILD_OPTS="-tags strictfipsruntime"": while running runtime: exit status 2
	* [linux/arm64]: committing container for step {Env:[SUMMARY=RHEL9 based Go builder image for OpenShift ART container=oci GOFLAGS=-mod=vendor GOMAXPROCS=8 GOAMD64=v2 VERSION=1.25 GO_VERSION=v1.25.9 GODEBUG=disablethp=1 ART_BUILD_ENGINE=konflux ART_BUILD_DEPS_METHOD=cachi2 ART_BUILD_NETWORK=open ART_BUILD_DEPS_MODE=default __doozer=update __doozer_group=openshift-4.22 __doozer_key=ci-openshift-golang-builder-latest.rhel9 __doozer_uuid_tag=ci-openshift-golang-builder-latest-rhel9-v4.22.0-20260603.224906 __doozer_version=v4.22.0 OPENSHIFT_CI=true GO_COMPLIANCE_INFO=0 GOARM=5 LOGNAME=deadbeef GOCACHE=/go/.cache GOPATH=/go PATH=/bin/dnf_wrapper:/usr/local/sbin:/usr/local/bin:/usr/sbin:/usr/bin:/sbin:/bin:/go/bin DNF_WRAPPER_DIR=/bin/dnf_wrapper ART_REPOS_DIR_CI=/etc/yum.repos.art/ci ART_REPOS_DIR_LOCALDEV=/etc/yum.repos.art/localdev CI_RPM_SVC=base-4-22-rhel9.ocp.svc] Command:run Args:[make install-backend] Flags:[] Attrs:map[] Message:RUN make install-backend Heredocs:[] Original:RUN make install-backend}: copying layers and metadata for container "15d5fd9df55f74733ab93e77ab1da359047560dca26df0cc384fdbbe7fcf2949": writing blob: adding layer with blob "sha256:3a86ccd6f9a9ff38afe901523566da8f2d7b51d7296ad80b52b1d91eb01c8f55"/""/"sha256:3a86ccd6f9a9ff38afe901523566da8f2d7b51d7296ad80b52b1d91eb01c8f55": unpacking failed (error: exit status 1; output: write /go/pkg/mod/cache/download/k8s.io/client-go/@v/v0.35.3.zip: no space left on device)



make: *** [podman-cross-build] Error 125
WARNING: Attempt 1 failed for logging-view-plugin @ release-coo-ocp-4.22 (exit code 2)
--- Attempt 2/3 ---
Makefile:45: warning: overriding commands for target `test-backend'
Makefile:41: warning: ignoring old commands for target `test-backend'
podman manifest rm quay.io/rh-ee-emurasak/logging-view-plugin:v6.2.1 || true
Untagged: quay.io/rh-ee-emurasak/logging-view-plugin:v6.2.1
Deleted: 7bc60be143b8a07121460672d5cd80ab6cd2b118fc03b4fe6a21bab458403637
podman manifest create quay.io/rh-ee-emurasak/logging-view-plugin:v6.2.1
cc2566f95e8a7d38da5c477ed36d3e3b13dcedad2df689505393bb0cecf5bd59
podman build --platform linux/arm64,linux/amd64 --manifest quay.io/rh-ee-emurasak/logging-view-plugin:v6.2.1 -f Dockerfile
[linux/arm64] [1/3] STEP 1/9: FROM registry.redhat.io/ubi9/nodejs-22:latest AS web-builder
[linux/arm64] [1/3] STEP 2/9: WORKDIR /opt/app-root
--> Using cache 2b3b4ed2e104018013987c6994b39e5230852351d782bce566e3b4d0bb442709
--> 2b3b4ed2e104
[linux/arm64] [1/3] STEP 3/9: USER 0
--> Using cache 7f8f8f3e5982a95b1ab1b2ac58e2650bb7b8362ee264983e92a3a2ed81f346d6
--> 7f8f8f3e5982
[linux/arm64] [1/3] STEP 4/9: ENV HUSKY=0
--> Using cache cd43796b49ca68ad135063a39fd7d828e86f1bfa9a5432f06f9d2f0d1ad3d92f
--> cd43796b49ca
[linux/arm64] [1/3] STEP 5/9: COPY web/package*.json web/
--> Using cache 51e4e023e9a45c26ba09490634c65752f2afa4362217805bb2bcff684b90f69b
--> 51e4e023e9a4
[linux/arm64] [1/3] STEP 6/9: COPY Makefile Makefile
--> Using cache 525da55b28a769d42309188168b0a0adb81c6881cb5f56ce4508e6b8963a891d
--> 525da55b28a7
[linux/arm64] [1/3] STEP 7/9: RUN make install-frontend-ci-clean
--> Using cache 127bc42c3273bb63fcd5e6610799d77c89806f7fa1ae97e619b965e991c39a99
--> 127bc42c3273
[linux/arm64] [1/3] STEP 8/9: COPY web/ web/
--> Using cache 506a06a962e6dfa60e7a1c1c4947079a0fcb38b107dee82c0b18c58f725cea2e
--> 506a06a962e6
[linux/arm64] [1/3] STEP 9/9: RUN make build-frontend
--> Using cache 0e25fe97ad89a7374ccca7f96dc8db4e763cf1014457dfb2a5da0dfc7b21c1ac
--> 0e25fe97ad89
[linux/amd64] [1/3] STEP 1/9: FROM registry.redhat.io/ubi9/nodejs-22:latest AS web-builder
Trying to pull registry.redhat.io/ubi9/nodejs-22:latest...
Getting image source signatures
Checking if image destination supports signatures
Copying blob sha256:669ecfdf872e83fa8f88dbdbe9b75f628fb72b9210cbdcce7ea0f449a74cac9e
Copying blob sha256:9a785c83dc42af66688cf5d3dd8e0500ce65bad5a679b45744d62c2fffbb60d8
Copying blob sha256:1c3800ac7d8629ddf73a031732f867dbc0c46d5a7dd1f70c0656c2e6e351e3aa
Copying config sha256:7ff8c7d7ce9b0c742c2379ee8b8206279c959b199e0e12bd8d486ef717c6da23
Writing manifest to image destination
Storing signatures
[linux/amd64] [1/3] STEP 2/9: WORKDIR /opt/app-root
--> Using cache 9fa54f016c2c68043ab3ace241546f3b9f08fca9b639456d47ef71bf5ff386bd
--> 9fa54f016c2c
[linux/amd64] [1/3] STEP 3/9: USER 0
--> Using cache e5c27da73f5cd7e05f5ce7c9bebd0bba2045982859d8383a163c9c8225a1e915
--> e5c27da73f5c
[linux/amd64] [1/3] STEP 4/9: ENV HUSKY=0
--> Using cache 14461c616df16e3fb9d8c81989a357e743626c8bc342e6d4b3968de984a1225a
--> 14461c616df1
[linux/amd64] [1/3] STEP 5/9: COPY web/package*.json web/
--> Using cache 2e39fb14232205daf848fb05b026d5a143fa9bb7e54d4260287d8aadbe3fed78
--> 2e39fb142322
[linux/amd64] [1/3] STEP 6/9: COPY Makefile Makefile
--> Using cache ec031a710de5f6c1185554783384b9c3d7686bf4523782e58e931fb1b1c78570
--> ec031a710de5
[linux/amd64] [1/3] STEP 7/9: RUN make install-frontend-ci-clean
--> Using cache 639364613ecfa46baa15e956384a9efed1e036ae29eee1b94d28e361fcb06f1b
--> 639364613ecf
[linux/amd64] [1/3] STEP 8/9: COPY web/ web/
--> Using cache b32a263981825041a0cb53cb62176155f75c05bf03ed12a458ef5ee68a6b59b4
--> b32a26398182
[linux/amd64] [1/3] STEP 9/9: RUN make build-frontend
--> Using cache 387135cc3b3bc9766dc98b446538424f49ca07cb4459d886c25ec8d4232e8f2c
--> 387135cc3b3b
[linux/arm64] [2/3] STEP 1/12: FROM registry.ci.openshift.org/ocp/builder:rhel-9-golang-1.25-openshift-4.22 AS go-builder
[linux/arm64] [2/3] STEP 2/12: WORKDIR /opt/app-root
--> Using cache 389954ee2062767c070219a8f2e32b272bd666d3a6f29618eb9ae4abd8467e31
--> 389954ee2062
[linux/arm64] [2/3] STEP 3/12: COPY Makefile Makefile
--> Using cache ef5f9b8ba45f8e486f3b9a72620e9e37d2b5832dc38e7914952503a9a65c67ed
--> ef5f9b8ba45f
[linux/arm64] [2/3] STEP 4/12: COPY go.mod go.mod
--> Using cache 4a29f938dd8bfb5787a9746c0353b56670050ab75d8f13d46aca2c0b8a30af43
--> 4a29f938dd8b
[linux/arm64] [2/3] STEP 5/12: COPY go.sum go.sum
--> Using cache eb102269f8ef35f6547719cbd02ffaa5ef89837fa580d3825a22802c6a518be0
--> eb102269f8ef
[linux/arm64] [2/3] STEP 6/12: RUN make install-backend
go mod download
Makefile:45: warning: overriding recipe for target 'test-backend'
Makefile:41: warning: ignoring old recipe for target 'test-backend'
--> f5dbf5ed8ff6
[linux/arm64] [2/3] STEP 7/12: COPY config/ config/
--> ae61a4e6f347
[linux/arm64] [2/3] STEP 8/12: COPY cmd/ cmd/
--> a614acd4ff7d
[linux/arm64] [2/3] STEP 9/12: COPY pkg/ pkg/
--> bbfd4a35bce5
[linux/arm64] [2/3] STEP 10/12: ENV GOEXPERIMENT=strictfipsruntime
--> d214b343d41c
[linux/arm64] [2/3] STEP 11/12: ENV CGO_ENABLED=1
--> 1dadb42ac0f5
[linux/arm64] [2/3] STEP 12/12: RUN make build-backend BUILD_OPTS="-tags strictfipsruntime"
go build -tags strictfipsruntime -mod=readonly -o plugin-backend cmd/plugin-backend.go
Makefile:45: warning: overriding recipe for target 'test-backend'
Makefile:41: warning: ignoring old recipe for target 'test-backend'
k8s.io/client-go/kubernetes/typed/flowcontrol/v1beta2: mkdir /tmp/go-build743744380/b523/: no space left on device
k8s.io/client-go/applyconfigurations/rbac/v1: mkdir /tmp/go-build743744380/b542/: no space left on device
k8s.io/client-go/applyconfigurations/rbac/v1alpha1: mkdir /tmp/go-build743744380/b544/: no space left on device
# k8s.io/client-go/applyconfigurations/flowcontrol/v1beta3
compile: writing output: write $WORK/b526/_pkg_.a: no space left on device
k8s.io/client-go/applyconfigurations/resource/v1alpha3: mkdir /tmp/go-build743744380/b550/: no space left on device
k8s.io/client-go/applyconfigurations/scheduling/v1: mkdir /tmp/go-build743744380/b556/: no space left on device
k8s.io/client-go/applyconfigurations/rbac/v1beta1: mkdir /tmp/go-build743744380/b546/: no space left on device
# k8s.io/client-go/applyconfigurations/policy/v1
compile: writing output: write $WORK/b538/_pkg_.a: no space left on device
k8s.io/client-go/applyconfigurations/scheduling/v1beta1: mkdir /tmp/go-build743744380/b560/: no space left on device
k8s.io/client-go/applyconfigurations/scheduling/v1alpha1: mkdir /tmp/go-build743744380/b558/: no space left on device
k8s.io/client-go/applyconfigurations/storagemigration/v1beta1: mkdir /tmp/go-build743744380/b568/: no space left on device
# k8s.io/client-go/kubernetes/typed/admissionregistration/v1beta1
can't create $WORK/b467/_pkg_.a: open $WORK/b467/_pkg_.a: no space left on device
# k8s.io/client-go/kubernetes/typed/flowcontrol/v1beta1
can't create $WORK/b521/_pkg_.a: open $WORK/b521/_pkg_.a: no space left on device
# k8s.io/client-go/applyconfigurations/core/v1
compile: writing output: write $WORK/b473/_pkg_.a: no space left on device
# k8s.io/client-go/kubernetes/typed/flowcontrol/v1
can't create $WORK/b519/_pkg_.a: open $WORK/b519/_pkg_.a: no space left on device
# k8s.io/client-go/applyconfigurations/policy/v1beta1
can't create $WORK/b540/_pkg_.a: open $WORK/b540/_pkg_.a: no space left on device
make: *** [Makefile:61: build-backend] Error 1
[linux/amd64] [2/3] STEP 1/12: FROM registry.ci.openshift.org/ocp/builder:rhel-9-golang-1.25-openshift-4.22 AS go-builder
Trying to pull registry.ci.openshift.org/ocp/builder:rhel-9-golang-1.25-openshift-4.22...
Getting image source signatures
Copying blob sha256:62b3af1f3bb836696025e1eed4ab22158046acf0efda0dd2b2088d031f1c4d2d
Copying blob sha256:cb8cee91bb10a151d5f47bfaeade03a136feecdd326326b1bb7ffb26c45f6de8
Copying blob sha256:bdb88ac36bdf391d418c29297642f76f82d5a4d646b4962c31184290c3b2d7bf
Copying config sha256:90030b472b020e351b129b4bf18ba6ad5f8ae9c59997f0bf9294be3ee50f8d14
Writing manifest to image destination
[linux/amd64] [2/3] STEP 2/12: WORKDIR /opt/app-root
--> Using cache 480f7079a3abe0300a5ecd7b84a17141fcc7b94fad32a096c71018ea2d0d61d0
--> 480f7079a3ab
[linux/amd64] [2/3] STEP 3/12: COPY Makefile Makefile
--> Using cache 80486c29e84bcab7856c8baa99f241af81710bc518c2368c7da4dda1f632ee73
--> 80486c29e84b
[linux/amd64] [2/3] STEP 4/12: COPY go.mod go.mod
--> Using cache 913f7e0d8950ad1a9282c10e4b01b1e977c16ef9180a3252ba112a2b9f246493
--> 913f7e0d8950
[linux/amd64] [2/3] STEP 5/12: COPY go.sum go.sum
--> Using cache 8e8d6bda891fc8a0134a8b817cc57ab830d695020908604b7d46a82b189029a3
--> 8e8d6bda891f
[linux/amd64] [2/3] STEP 6/12: RUN make install-backend
--> Using cache ce904bd8e593827ebc3f355cf2401695cd283e4da45971903a5f04812fd44e94
--> ce904bd8e593
[linux/amd64] [2/3] STEP 7/12: COPY config/ config/
--> Using cache 162cfc7cb83816a415f3a4912b11e49ae6ee415e438fb5ac36cf63806c59256c
--> 162cfc7cb838
[linux/amd64] [2/3] STEP 8/12: COPY cmd/ cmd/
--> Using cache b671df344c85d7193ab748bcf00a350cf32e6c79fa7c47490ae5e303d4682ecd
--> b671df344c85
[linux/amd64] [2/3] STEP 9/12: COPY pkg/ pkg/
--> Using cache cd57043aaa584e430458059982ae9a16a7480eeb7ddc8add034c04844cfc623a
--> cd57043aaa58
[linux/amd64] [2/3] STEP 10/12: ENV GOEXPERIMENT=strictfipsruntime
--> Using cache 966a3bf673646d58250adcbfdc4ba100d60088253f705d576fb7c3b9138bcf86
--> 966a3bf67364
[linux/amd64] [2/3] STEP 11/12: ENV CGO_ENABLED=1
--> Using cache badf3cbfc4f4c5f5b2ac75bc12ef8a2a8f5760fb40c5bd9d4b923edb5293ebfe
--> badf3cbfc4f4
[linux/amd64] [2/3] STEP 12/12: RUN make build-backend BUILD_OPTS="-tags strictfipsruntime"
Makefile:45: warning: overriding recipe for target 'test-backend'
Makefile:41: warning: ignoring old recipe for target 'test-backend'
go build -tags strictfipsruntime -mod=readonly -o plugin-backend cmd/plugin-backend.go
# k8s.io/client-go/kubernetes/typed/storage/v1
can't create $WORK/b562/_pkg_.a: open $WORK/b562/_pkg_.a: no space left on device
# k8s.io/client-go/kubernetes/typed/storagemigration/v1beta1
can't create $WORK/b568/_pkg_.a: open $WORK/b568/_pkg_.a: no space left on device
# k8s.io/client-go/kubernetes/typed/storage/v1beta1
can't create $WORK/b566/_pkg_.a: open $WORK/b566/_pkg_.a: no space left on device
make: *** [Makefile:61: build-backend] Error 1
Error: 2 errors occurred:
	* [linux/arm64]: building at STEP "RUN make build-backend BUILD_OPTS="-tags strictfipsruntime"": while running runtime: exit status 2
	* [linux/amd64]: building at STEP "RUN make build-backend BUILD_OPTS="-tags strictfipsruntime"": while running runtime: exit status 2



make: *** [podman-cross-build] Error 2
WARNING: Attempt 2 failed for logging-view-plugin @ release-coo-ocp-4.22 (exit code 2)
--- Attempt 3/3 ---
Makefile:45: warning: overriding commands for target `test-backend'
Makefile:41: warning: ignoring old commands for target `test-backend'
podman manifest rm quay.io/rh-ee-emurasak/logging-view-plugin:v6.2.1 || true
Untagged: quay.io/rh-ee-emurasak/logging-view-plugin:v6.2.1
Deleted: cc2566f95e8a7d38da5c477ed36d3e3b13dcedad2df689505393bb0cecf5bd59
podman manifest create quay.io/rh-ee-emurasak/logging-view-plugin:v6.2.1
61880a158857dce9bb1433fb55cb79b70c79e4ecb4af31c5ccc37533466e0835
podman build --platform linux/arm64,linux/amd64 --manifest quay.io/rh-ee-emurasak/logging-view-plugin:v6.2.1 -f Dockerfile
[linux/amd64] [1/3] STEP 1/9: FROM registry.redhat.io/ubi9/nodejs-22:latest AS web-builder
[linux/amd64] [1/3] STEP 2/9: WORKDIR /opt/app-root
--> Using cache 9fa54f016c2c68043ab3ace241546f3b9f08fca9b639456d47ef71bf5ff386bd
--> 9fa54f016c2c
[linux/amd64] [1/3] STEP 3/9: USER 0
--> Using cache e5c27da73f5cd7e05f5ce7c9bebd0bba2045982859d8383a163c9c8225a1e915
--> e5c27da73f5c
[linux/amd64] [1/3] STEP 4/9: ENV HUSKY=0
--> Using cache 14461c616df16e3fb9d8c81989a357e743626c8bc342e6d4b3968de984a1225a
--> 14461c616df1
[linux/amd64] [1/3] STEP 5/9: COPY web/package*.json web/
--> Using cache 2e39fb14232205daf848fb05b026d5a143fa9bb7e54d4260287d8aadbe3fed78
--> 2e39fb142322
[linux/amd64] [1/3] STEP 6/9: COPY Makefile Makefile
--> Using cache ec031a710de5f6c1185554783384b9c3d7686bf4523782e58e931fb1b1c78570
--> ec031a710de5
[linux/amd64] [1/3] STEP 7/9: RUN make install-frontend-ci-clean
--> Using cache 639364613ecfa46baa15e956384a9efed1e036ae29eee1b94d28e361fcb06f1b
--> 639364613ecf
[linux/amd64] [1/3] STEP 8/9: COPY web/ web/
--> Using cache b32a263981825041a0cb53cb62176155f75c05bf03ed12a458ef5ee68a6b59b4
--> b32a26398182
[linux/amd64] [1/3] STEP 9/9: RUN make build-frontend
--> Using cache 387135cc3b3bc9766dc98b446538424f49ca07cb4459d886c25ec8d4232e8f2c
--> 387135cc3b3b
[linux/arm64] [1/3] STEP 1/9: FROM registry.redhat.io/ubi9/nodejs-22:latest AS web-builder
Trying to pull registry.redhat.io/ubi9/nodejs-22:latest...
Getting image source signatures
Checking if image destination supports signatures
Copying blob sha256:8cc4364173e08b740ee39103f76581907e7a0eaa07260aeb6afbbebb8dde106e
Copying blob sha256:6c68ec2cb8914dd7cd64b186ef8674ae644c890fcae14edf9a3b33fde3a76cce
Copying blob sha256:98245caf86240da0764634e4873f8d78498df819a738bee6e752ffc1dc9be497
Copying config sha256:bceceabd26d12d7ba9de7f0aad51a65d5ae092bd1ae800eb7bad9330a6a05b8e
Writing manifest to image destination
Storing signatures
[linux/arm64] [1/3] STEP 2/9: WORKDIR /opt/app-root
--> Using cache 2b3b4ed2e104018013987c6994b39e5230852351d782bce566e3b4d0bb442709
--> 2b3b4ed2e104
[linux/arm64] [1/3] STEP 3/9: USER 0
--> Using cache 7f8f8f3e5982a95b1ab1b2ac58e2650bb7b8362ee264983e92a3a2ed81f346d6
--> 7f8f8f3e5982
[linux/arm64] [1/3] STEP 4/9: ENV HUSKY=0
--> Using cache cd43796b49ca68ad135063a39fd7d828e86f1bfa9a5432f06f9d2f0d1ad3d92f
--> cd43796b49ca
[linux/arm64] [1/3] STEP 5/9: COPY web/package*.json web/
--> Using cache 51e4e023e9a45c26ba09490634c65752f2afa4362217805bb2bcff684b90f69b
--> 51e4e023e9a4
[linux/arm64] [1/3] STEP 6/9: COPY Makefile Makefile
--> Using cache 525da55b28a769d42309188168b0a0adb81c6881cb5f56ce4508e6b8963a891d
--> 525da55b28a7
[linux/arm64] [1/3] STEP 7/9: RUN make install-frontend-ci-clean
--> Using cache 127bc42c3273bb63fcd5e6610799d77c89806f7fa1ae97e619b965e991c39a99
--> 127bc42c3273
[linux/arm64] [1/3] STEP 8/9: COPY web/ web/
--> Using cache 506a06a962e6dfa60e7a1c1c4947079a0fcb38b107dee82c0b18c58f725cea2e
--> 506a06a962e6
[linux/arm64] [1/3] STEP 9/9: RUN make build-frontend
--> Using cache 0e25fe97ad89a7374ccca7f96dc8db4e763cf1014457dfb2a5da0dfc7b21c1ac
--> 0e25fe97ad89
[linux/amd64] [2/3] STEP 1/12: FROM registry.ci.openshift.org/ocp/builder:rhel-9-golang-1.25-openshift-4.22 AS go-builder
[linux/amd64] [2/3] STEP 2/12: WORKDIR /opt/app-root
--> Using cache 480f7079a3abe0300a5ecd7b84a17141fcc7b94fad32a096c71018ea2d0d61d0
--> 480f7079a3ab
[linux/amd64] [2/3] STEP 3/12: COPY Makefile Makefile
--> Using cache 80486c29e84bcab7856c8baa99f241af81710bc518c2368c7da4dda1f632ee73
--> 80486c29e84b
[linux/amd64] [2/3] STEP 4/12: COPY go.mod go.mod
--> Using cache 913f7e0d8950ad1a9282c10e4b01b1e977c16ef9180a3252ba112a2b9f246493
--> 913f7e0d8950
[linux/amd64] [2/3] STEP 5/12: COPY go.sum go.sum
--> Using cache 8e8d6bda891fc8a0134a8b817cc57ab830d695020908604b7d46a82b189029a3
--> 8e8d6bda891f
[linux/amd64] [2/3] STEP 6/12: RUN make install-backend
--> Using cache ce904bd8e593827ebc3f355cf2401695cd283e4da45971903a5f04812fd44e94
--> ce904bd8e593
[linux/amd64] [2/3] STEP 7/12: COPY config/ config/
--> Using cache 162cfc7cb83816a415f3a4912b11e49ae6ee415e438fb5ac36cf63806c59256c
--> 162cfc7cb838
[linux/amd64] [2/3] STEP 8/12: COPY cmd/ cmd/
--> Using cache b671df344c85d7193ab748bcf00a350cf32e6c79fa7c47490ae5e303d4682ecd
--> b671df344c85
[linux/amd64] [2/3] STEP 9/12: COPY pkg/ pkg/
--> Using cache cd57043aaa584e430458059982ae9a16a7480eeb7ddc8add034c04844cfc623a
--> cd57043aaa58
[linux/amd64] [2/3] STEP 10/12: ENV GOEXPERIMENT=strictfipsruntime
--> Using cache 966a3bf673646d58250adcbfdc4ba100d60088253f705d576fb7c3b9138bcf86
--> 966a3bf67364
[linux/amd64] [2/3] STEP 11/12: ENV CGO_ENABLED=1
--> Using cache badf3cbfc4f4c5f5b2ac75bc12ef8a2a8f5760fb40c5bd9d4b923edb5293ebfe
--> badf3cbfc4f4
[linux/amd64] [2/3] STEP 12/12: RUN make build-backend BUILD_OPTS="-tags strictfipsruntime"
Makefile:45: warning: overriding recipe for target 'test-backend'
Makefile:41: warning: ignoring old recipe for target 'test-backend'
go build -tags strictfipsruntime -mod=readonly -o plugin-backend cmd/plugin-backend.go
