Logging to /Users/emurasak/workspace/harness-official/tasks/upstream-images/build-and-push-new-20260916-070812.log
Fetching all branches for each repo...
  Fetching distributed-tracing-plugin...
  Fetching logging-view-plugin...
  Fetching monitoring-plugin...
  Fetching troubleshooting-panel-plugin...
Fetch complete.
==========================================
Building distributed-tracing-plugin @ release-coo-ocp-4.12 with VERSION=v0.3.4 ORG=openshift-observability-ui
==========================================
Already on 'release-coo-ocp-4.12'
Your branch is up to date with 'origin/release-coo-ocp-4.12'.
From https://github.com/openshift/distributed-tracing-console-plugin
 * branch            release-coo-ocp-4.12 -> FETCH_HEAD
Already up to date.
--- Attempt 1/3 ---
podman manifest rm quay.io/openshift-observability-ui/distributed-tracing-console-plugin:v0.3.4 || true
Error: quay.io/openshift-observability-ui/distributed-tracing-console-plugin:v0.3.4: image not known
podman manifest create quay.io/openshift-observability-ui/distributed-tracing-console-plugin:v0.3.4
bb556711cb0c82e6265d3973f28edf46efd898bbd3cf06557e37fb9ae63faa11
podman build --platform=linux/arm64,linux/amd64 --manifest quay.io/openshift-observability-ui/distributed-tracing-console-plugin:v0.3.4 -f Dockerfile
[linux/arm64] [1/3] STEP 1/8: FROM registry.redhat.io/ubi9/nodejs-22:latest AS web-builder
Trying to pull registry.redhat.io/ubi9/nodejs-22:latest...
Getting image source signatures
Checking if image destination supports signatures
Copying blob sha256:51f40407aea52f718b56160226d38d19de010dc9391045885618c4640694ca4b
Copying blob sha256:1d528cef78efeed291a9f71bfa137acec48792c73f11f9ed8be0dedcc7fe6b70
Copying blob sha256:ab2eb26b66524e601ddac1e25f3c6c4a77d304695c129c7e6afc2fd28c9813fd
Copying config sha256:07df1ea96144ef9b6bdd2aa67a83fb746f9bde11052db851df61e4256cdf4e79
Writing manifest to image destination
Storing signatures
[linux/arm64] [1/3] STEP 2/8: WORKDIR /opt/app-root
--> 531063a1bc70
[linux/arm64] [1/3] STEP 3/8: USER 0
--> b8970e35feda
[linux/arm64] [1/3] STEP 4/8: COPY web/package*.json web/
--> f2a7820b467c
[linux/arm64] [1/3] STEP 5/8: COPY Makefile Makefile
--> 5645e2b0d02e
[linux/arm64] [1/3] STEP 6/8: RUN make install-frontend-ci-clean
cd web && npm ci --ignore-scripts --omit=optional
npm warn deprecated rimraf@3.0.2: Rimraf versions prior to v4 are no longer supported
npm warn deprecated mini-create-react-context@0.4.1: Package no longer supported. Contact Support at https://www.npmjs.com/support for more info.
npm warn deprecated popper.js@1.16.1: You can find the new Popper v2 at @popperjs/core, this package is dedicated to the legacy v1
npm warn deprecated inflight@1.0.6: This module is not supported, and leaks memory. Do not use it. Check out lru-cache if you want a good and tested way to coalesce async requests by a key value, which is much more comprehensive and powerful.
npm warn deprecated i18next-parser@9.4.0: Project is deprecated, use i18next-cli instead
npm warn deprecated glob@7.2.3: Glob versions prior to v9 are no longer supported
npm warn deprecated eslint@8.57.1: This version is no longer supported. Please see https://eslint.org/version-support for other options.
npm warn deprecated core-js@2.6.12: core-js@<3.23.3 is no longer maintained and not recommended for usage due to the number of issues. Because of the V8 engine whims, feature detection in old core-js versions could cause a slowdown up to 100x even if nothing is polyfilled. Some versions have web compatibility issues. Please, upgrade your dependencies to the actual version of core-js.
npm warn deprecated @humanwhocodes/object-schema@2.0.3: Use @eslint/object-schema instead
npm warn deprecated @humanwhocodes/config-array@0.13.0: Use @eslint/config-array instead
npm warn deprecated rimraf@2.7.1: Rimraf versions prior to v4 are no longer supported

added 1775 packages, and audited 1776 packages in 35s

291 packages are looking for funding
  run `npm fund` for details

50 vulnerabilities (2 low, 27 moderate, 20 high, 1 critical)

To address issues that do not require attention, run:
  npm audit fix

To address all issues possible (including breaking changes), run:
  npm audit fix --force

Some issues need review, and may require choosing
a different dependency.

Run `npm audit` for details.
cd web && npm cache clean --force
npm warn using --force Recommended protections disabled.
--> 8a2a32f230d7
[linux/arm64] [1/3] STEP 7/8: COPY web/ web/
--> 40a27c488f28
[linux/arm64] [1/3] STEP 8/8: RUN make build-frontend
cd web && npm run build

> distributed-tracing-console-plugin@0.3.0 build
> npm run clean && NODE_ENV=production npm run webpack


> distributed-tracing-console-plugin@0.3.0 clean
> rm -rf dist


> distributed-tracing-console-plugin@0.3.0 webpack
> node -r ts-node/register ./node_modules/.bin/webpack

assets by path assets/ 1.27 MiB
  assets by path assets/*.woff 740 KiB 42 assets
  assets by path assets/*.woff2 565 KiB
    asset assets/inter-latin-ext-600-normal..woff2 35.4 KiB [emitted] [from: ../node_modules/@fontsource/inter/files/inter-latin-ext-600-normal.woff2] (auxiliary id hint: vendors)
    asset assets/inter-latin-ext-700-normal..woff2 35.4 KiB [emitted] [from: ../node_modules/@fontsource/inter/files/inter-latin-ext-700-normal.woff2] (auxiliary id hint: vendors)
    + 40 assets
assets by path *.js 2.91 MiB
  assets by chunk 2.85 MiB (id hint: vendors)
    asset 231-chunk-f6f04aea9cd53f0eebdb.min.js 2.71 MiB [emitted] [immutable] [minimized] [big] (id hint: vendors) 1 related asset
    + 2 assets
  + 4 assets
asset locales/en/plugin__distributed-tracing-console-plugin.json 4.06 KiB [emitted] [from: ../locales/en/plugin__distributed-tracing-console-plugin.json] [copied]
asset plugin-manifest.json 951 bytes [emitted]
orphan modules 23.6 MiB (javascript) 168 bytes (consume-shared) [orphan] 14918 modules
runtime modules 18.8 KiB 14 modules
built modules 9.82 MiB (javascript) 1.27 MiB (asset) 1010 bytes (consume-shared) 42 bytes (share-init) [built]
  javascript modules 9.82 MiB
    modules by path ../node_modules/ 9.72 MiB 654 modules
    modules by path ./ 104 KiB 15 modules
    container entry 42 bytes [built] [code generated]
  asset modules 1.27 MiB (asset) 3.45 KiB (javascript)
    modules by path ../node_modules/@fontsource/inter/files/*.woff2 565 KiB (asset) 1.72 KiB (javascript) 42 modules
    modules by path ../node_modules/@fontsource/inter/files/*.woff 740 KiB (asset) 1.72 KiB (javascript) 42 modules
  consume-shared-module modules 1010 bytes
    modules by path *.0 (singleton) 378 bytes 9 modules
    modules by path *.1 (singleton) 84 bytes 2 modules
    + 13 modules
  provide shared module (default) react-helmet@6.1.0 = ../node_modules/react-helme...(truncated) 42 bytes [built] [code generated]

WARNING in asset size limit: The following asset(s) exceed the recommended size limit (244 KiB).
This can impact web performance.
Assets: 
  231-chunk-f6f04aea9cd53f0eebdb.min.js (2.71 MiB)

webpack 5.105.3 compiled with 1 warning in 44492 ms
--> d11846308c49
[linux/amd64] [1/3] STEP 1/8: FROM registry.redhat.io/ubi9/nodejs-22:latest AS web-builder
Trying to pull registry.redhat.io/ubi9/nodejs-22:latest...
Getting image source signatures
Checking if image destination supports signatures
Copying blob sha256:a426c67a25d0dc9e5a27cdfbf2d93946f8ef6508351299d4b655d8d99025cb48
Copying blob sha256:cc6c54df811b0867866d695d6ce1e04fa5e1309584057d4101d43395a4551ff3
Copying blob sha256:df19a62bff501d77f1f32099c1a161a11054b128dcd93f475074b5aaccf947bd
Copying config sha256:a5b105f4ee7ecde67fe05faed2ab96d80f43e1282766650a7b7aaf487d565be7
Writing manifest to image destination
Storing signatures
[linux/amd64] [1/3] STEP 2/8: WORKDIR /opt/app-root
--> 07c5c20a09a3
[linux/amd64] [1/3] STEP 3/8: USER 0
--> 3feeb8a86867
[linux/amd64] [1/3] STEP 4/8: COPY web/package*.json web/
--> 1f1c64c44ec4
[linux/amd64] [1/3] STEP 5/8: COPY Makefile Makefile
--> 2d767f44cabe
[linux/amd64] [1/3] STEP 6/8: RUN make install-frontend-ci-clean
cd web && npm ci --ignore-scripts --omit=optional
npm warn deprecated rimraf@3.0.2: Rimraf versions prior to v4 are no longer supported
npm warn deprecated mini-create-react-context@0.4.1: Package no longer supported. Contact Support at https://www.npmjs.com/support for more info.
npm warn deprecated inflight@1.0.6: This module is not supported, and leaks memory. Do not use it. Check out lru-cache if you want a good and tested way to coalesce async requests by a key value, which is much more comprehensive and powerful.
npm warn deprecated glob@7.2.3: Glob versions prior to v9 are no longer supported
npm warn deprecated i18next-parser@9.4.0: Project is deprecated, use i18next-cli instead
npm warn deprecated popper.js@1.16.1: You can find the new Popper v2 at @popperjs/core, this package is dedicated to the legacy v1
npm warn deprecated @humanwhocodes/config-array@0.13.0: Use @eslint/config-array instead
npm warn deprecated @humanwhocodes/object-schema@2.0.3: Use @eslint/object-schema instead
npm warn deprecated rimraf@2.7.1: Rimraf versions prior to v4 are no longer supported
npm warn deprecated eslint@8.57.1: This version is no longer supported. Please see https://eslint.org/version-support for other options.
npm warn deprecated core-js@2.6.12: core-js@<3.23.3 is no longer maintained and not recommended for usage due to the number of issues. Because of the V8 engine whims, feature detection in old core-js versions could cause a slowdown up to 100x even if nothing is polyfilled. Some versions have web compatibility issues. Please, upgrade your dependencies to the actual version of core-js.

added 1775 packages, and audited 1776 packages in 56s

291 packages are looking for funding
  run `npm fund` for details

50 vulnerabilities (2 low, 27 moderate, 20 high, 1 critical)

To address issues that do not require attention, run:
  npm audit fix

To address all issues possible (including breaking changes), run:
  npm audit fix --force

Some issues need review, and may require choosing
a different dependency.

Run `npm audit` for details.
cd web && npm cache clean --force
npm warn using --force Recommended protections disabled.
--> 9ca40066c515
[linux/amd64] [1/3] STEP 7/8: COPY web/ web/
--> c58daa3c5574
[linux/amd64] [1/3] STEP 8/8: RUN make build-frontend
cd web && npm run build

> distributed-tracing-console-plugin@0.3.0 build
> npm run clean && NODE_ENV=production npm run webpack


> distributed-tracing-console-plugin@0.3.0 clean
> rm -rf dist


> distributed-tracing-console-plugin@0.3.0 webpack
> node -r ts-node/register ./node_modules/.bin/webpack

assets by path assets/ 1.27 MiB
  assets by path assets/*.woff 740 KiB 42 assets
  assets by path assets/*.woff2 565 KiB
    asset assets/inter-latin-ext-600-normal..woff2 35.4 KiB [emitted] [from: ../node_modules/@fontsource/inter/files/inter-latin-ext-600-normal.woff2] (auxiliary id hint: vendors)
    asset assets/inter-latin-ext-700-normal..woff2 35.4 KiB [emitted] [from: ../node_modules/@fontsource/inter/files/inter-latin-ext-700-normal.woff2] (auxiliary id hint: vendors)
    + 40 assets
assets by path *.js 2.91 MiB
  assets by chunk 2.85 MiB (id hint: vendors)
    asset 231-chunk-f6f04aea9cd53f0eebdb.min.js 2.71 MiB [emitted] [immutable] [minimized] [big] (id hint: vendors) 1 related asset
    + 2 assets
  + 4 assets
asset locales/en/plugin__distributed-tracing-console-plugin.json 4.06 KiB [emitted] [from: ../locales/en/plugin__distributed-tracing-console-plugin.json] [copied]
asset plugin-manifest.json 951 bytes [emitted]
orphan modules 23.6 MiB (javascript) 168 bytes (consume-shared) [orphan] 14918 modules
runtime modules 18.8 KiB 14 modules
built modules 9.82 MiB (javascript) 1.27 MiB (asset) 1010 bytes (consume-shared) 42 bytes (share-init) [built]
  javascript modules 9.82 MiB
    modules by path ../node_modules/ 9.72 MiB 654 modules
    modules by path ./ 104 KiB 15 modules
    container entry 42 bytes [built] [code generated]
  asset modules 1.27 MiB (asset) 3.45 KiB (javascript)
    modules by path ../node_modules/@fontsource/inter/files/*.woff2 565 KiB (asset) 1.72 KiB (javascript) 42 modules
    modules by path ../node_modules/@fontsource/inter/files/*.woff 740 KiB (asset) 1.72 KiB (javascript) 42 modules
  consume-shared-module modules 1010 bytes
    modules by path *.0 (singleton) 378 bytes 9 modules
    modules by path *.1 (singleton) 84 bytes 2 modules
    + 13 modules
  provide shared module (default) react-helmet@6.1.0 = ../node_modules/react-helme...(truncated) 42 bytes [built] [code generated]

WARNING in asset size limit: The following asset(s) exceed the recommended size limit (244 KiB).
This can impact web performance.
Assets: 
  231-chunk-f6f04aea9cd53f0eebdb.min.js (2.71 MiB)

webpack 5.105.3 compiled with 1 warning in 63045 ms
--> 99549dff9f28
[linux/arm64] [2/3] STEP 1/11: FROM registry.access.redhat.com/ubi9/go-toolset:1.26 AS go-builder
Trying to pull registry.access.redhat.com/ubi9/go-toolset:1.26...
Getting image source signatures
Checking if image destination supports signatures
Copying blob sha256:ccbf8b3c04aacf18b6e8039882e5877b01ac81c4509872a1bc5497988794482d
Copying blob sha256:51673f5e488685d622dc82ecebbb0674784935f30cb31004db0c8acf6fb73e28
Copying blob sha256:73372a2b4d1ecaa43ad0ffb5c4de4a6083650cec0d2a0dad8a854cfeb066021f
Copying blob sha256:a24dfc124c51c93889fc03aad54d66b189aeb3260c6ab6d382bdf3ef269326d2
Copying config sha256:2ddf26b1dd62c7c30fa8d539c6758a9f7fac5de1b9bf2409ef00df6d639b5c3f
Writing manifest to image destination
Storing signatures
[linux/arm64] [2/3] STEP 2/11: WORKDIR /opt/app-root
--> 3de4f887367f
[linux/arm64] [2/3] STEP 3/11: COPY Makefile Makefile
--> 51a970f11d97
[linux/arm64] [2/3] STEP 4/11: COPY go.mod go.mod
--> 1e04eb2adcf1
[linux/arm64] [2/3] STEP 5/11: COPY go.sum go.sum
--> 95472e839f0e
[linux/arm64] [2/3] STEP 6/11: RUN go mod download
--> 5ccda338f22d
[linux/arm64] [2/3] STEP 7/11: COPY cmd/ cmd/
--> 5bf6b411b0f2
[linux/arm64] [2/3] STEP 8/11: COPY pkg/ pkg/
--> ae5feceb85f3
[linux/arm64] [2/3] STEP 9/11: ENV GOEXPERIMENT=strictfipsruntime
--> 4ce4875d27aa
[linux/arm64] [2/3] STEP 10/11: ENV CGO_ENABLED=1
--> 2db8dde8d401
[linux/arm64] [2/3] STEP 11/11: RUN make build-backend BUILD_OPTS="-tags strictfipsruntime"
go build -tags strictfipsruntime -o plugin-backend -mod=readonly cmd/plugin-backend.go
--> 6c7564e0f7bc
[linux/amd64] [2/3] STEP 1/11: FROM registry.access.redhat.com/ubi9/go-toolset:1.26 AS go-builder
Trying to pull registry.access.redhat.com/ubi9/go-toolset:1.26...
Getting image source signatures
Checking if image destination supports signatures
Copying blob sha256:161e05ae87ae22da19dad2cae3770d612cd65a04d7f009b5dfff938b8e43f37a
Copying blob sha256:7c484deb77bcdf607654ab80e826685d6714c6ca87198f6717b729ae60aa63eb
Copying blob sha256:535c9115bc652471a345fed2b23bfcbd903430c8a9536d1799d18b6c62b5f5d5
Copying blob sha256:09b0ddc7b06a8bd121c5a3cea6009136b46cf4db04bd3284fe3f295a69e5bf28
Copying config sha256:10aa0a63da6452d793eb68aed324e8ec27b309f75ec739d95b19dbb26a9be042
Writing manifest to image destination
Storing signatures
[linux/amd64] [2/3] STEP 2/11: WORKDIR /opt/app-root
--> 87110b4bebf0
[linux/amd64] [2/3] STEP 3/11: COPY Makefile Makefile
--> d7016c3b7016
[linux/amd64] [2/3] STEP 4/11: COPY go.mod go.mod
--> e9b5d4667f69
[linux/amd64] [2/3] STEP 5/11: COPY go.sum go.sum
--> f30083c70dd3
[linux/amd64] [2/3] STEP 6/11: RUN go mod download
--> 1798a99c2600
[linux/amd64] [2/3] STEP 7/11: COPY cmd/ cmd/
--> 1b7538fd1c5c
[linux/amd64] [2/3] STEP 8/11: COPY pkg/ pkg/
--> bcb2f6823a65
[linux/amd64] [2/3] STEP 9/11: ENV GOEXPERIMENT=strictfipsruntime
--> e75050f2dae5
[linux/amd64] [2/3] STEP 10/11: ENV CGO_ENABLED=1
--> 23d2a8908e6a
[linux/amd64] [2/3] STEP 11/11: RUN make build-backend BUILD_OPTS="-tags strictfipsruntime"
go build -tags strictfipsruntime -o plugin-backend -mod=readonly cmd/plugin-backend.go
--> fda77eb15df0
[linux/arm64] [3/3] STEP 1/4: FROM registry.access.redhat.com/ubi9/ubi-minimal
Trying to pull registry.access.redhat.com/ubi9/ubi-minimal:latest...
Getting image source signatures
Checking if image destination supports signatures
Copying blob sha256:36e72d37accbc857387599416b2fbab8fba8dd4b3f3b465ab05e57367cbe05fd
Copying config sha256:d5dc52ee643af910a58080edfbd1a5e9baf9c4505788b47173ac279ae1600cc8
Writing manifest to image destination
Storing signatures
[linux/arm64] [3/3] STEP 2/4: COPY --from=web-builder /opt/app-root/web/dist /opt/app-root/web/dist
--> dddb15dd803b
[linux/arm64] [3/3] STEP 3/4: COPY --from=go-builder /opt/app-root/plugin-backend /opt/app-root
--> 80660666c940
[linux/arm64] [3/3] STEP 4/4: ENTRYPOINT ["/opt/app-root/plugin-backend", "-static-path", "/opt/app-root/web/dist", "-config-path", "/opt/app-root/web/dist"]
[linux/arm64] [3/3] COMMIT
--> 4418031355fc
[linux/amd64] [3/3] STEP 1/4: FROM registry.access.redhat.com/ubi9/ubi-minimal
4418031355fc15faf51739b0ce69fa44f8334e2abaddc0b81113ce37770e7f20
Trying to pull registry.access.redhat.com/ubi9/ubi-minimal:latest...
Getting image source signatures
Checking if image destination supports signatures
Copying blob sha256:b66f4afff961364e2b31840faeac9f4cf40a138156bc5adbd4190044ff5160c0
Copying config sha256:4fda89b89b73066be4c0eba0f9690c5ca7dd50e703a8c28e48f3b64c5d8e4782
Writing manifest to image destination
Storing signatures
[linux/amd64] [3/3] STEP 2/4: COPY --from=web-builder /opt/app-root/web/dist /opt/app-root/web/dist
--> f7fbf19cdf65
[linux/amd64] [3/3] STEP 3/4: COPY --from=go-builder /opt/app-root/plugin-backend /opt/app-root
--> 66a3b65f144d
[linux/amd64] [3/3] STEP 4/4: ENTRYPOINT ["/opt/app-root/plugin-backend", "-static-path", "/opt/app-root/web/dist", "-config-path", "/opt/app-root/web/dist"]
[linux/amd64] [3/3] COMMIT
--> 290be7bb5c83
290be7bb5c83a7e24c586ae26c6ecc381a1bc95e2cf674f45f6d925a6b872e1b
podman manifest push quay.io/openshift-observability-ui/distributed-tracing-console-plugin:v0.3.4
Getting image list signatures
Copying 2 images generated from 2 images in list
Copying image sha256:924760348b10ab558fa5cd1eb4010f7adcf4e0aa943581f07c40b2df44bfa507 (1/2)
Getting image source signatures
Copying blob sha256:34bbb4c054b1d1e5929f12644c6c18bd79fd110397c6f91200fb0b30ba77a692
Copying blob sha256:46f77a82cc49b9a0a224469d542c0d2285a386f28249053177f22f96b2b2288f
Copying blob sha256:8654b824b0d969fbe75336b1cc87304a7b8186b2ac17980f2d90d0f9355418a6
Copying config sha256:4418031355fc15faf51739b0ce69fa44f8334e2abaddc0b81113ce37770e7f20
Writing manifest to image destination
Copying image sha256:5e967563c775d7ebec37b3ccd7595079404b92ef2eb39245dc18f610b7b4a44a (2/2)
Getting image source signatures
Copying blob sha256:86ed5bbc462bba0e03fa1a9909aa0177a2c1702d7610959e3d0defa093b8a4d9
Copying blob sha256:2823899961a8eb8ded5d53c5fe6bda8f64e7679032ce87cf909df59dcf2c5081
Copying blob sha256:abc7911b17f16dea38589838599ca30f7cfbbdabcb02a29e85a72c476993030c
Copying config sha256:290be7bb5c83a7e24c586ae26c6ecc381a1bc95e2cf674f45f6d925a6b872e1b
Writing manifest to image destination
Writing manifest list to image destination
Storing list signatures
==========================================
Building logging-view-plugin @ release-coo-ocp-4.12 with VERSION=v6.0.6 ORG=openshift-observability-ui
==========================================
Already on 'release-coo-ocp-4.12'
Your branch is up to date with 'origin/release-coo-ocp-4.12'.
From https://github.com/openshift/logging-view-plugin
 * branch            release-coo-ocp-4.12 -> FETCH_HEAD
Already up to date.
--- Attempt 1/3 ---
podman manifest rm quay.io/openshift-observability-ui/logging-view-plugin:v6.0.6 || true
Error: quay.io/openshift-observability-ui/logging-view-plugin:v6.0.6: image not known
podman manifest create quay.io/openshift-observability-ui/logging-view-plugin:v6.0.6
78e6abf9b9c00821def9cfb0a59fcbe8992d3ac4e9c61090a705bf45b7124ea3
podman build --platform=linux/arm64,linux/amd64 --manifest quay.io/openshift-observability-ui/logging-view-plugin:v6.0.6 -f Dockerfile
[linux/amd64] [1/3] STEP 1/9: FROM registry.redhat.io/ubi9/nodejs-22:latest AS web-builder
[linux/amd64] [1/3] STEP 2/9: WORKDIR /opt/app-root
--> Using cache 07c5c20a09a30c771bd4bc428f655ea0dadedb2c84496928eed6db4b2e7e380f
--> 07c5c20a09a3
[linux/amd64] [1/3] STEP 3/9: USER 0
--> Using cache 3feeb8a86867864d750fe9d7b285c7461704cce89e9b8260a3ae6e34eb460393
--> 3feeb8a86867
[linux/amd64] [1/3] STEP 4/9: ENV HUSKY=0
--> d7513f02fbdf
[linux/amd64] [1/3] STEP 5/9: COPY web/package*.json web/
--> a49d80c8a349
[linux/amd64] [1/3] STEP 6/9: COPY Makefile Makefile
--> 97194105e6f1
[linux/amd64] [1/3] STEP 7/9: RUN make install-frontend-ci-clean
cd web && npm ci --omit=optional --ignore-scripts
npm warn deprecated whatwg-encoding@3.1.1: Use @exodus/bytes instead for a more spec-conformant and faster implementation
npm warn deprecated i18next-parser@9.3.0: Project is deprecated, use i18next-cli instead
npm warn deprecated glob@10.5.0: Old versions of glob are not supported, and contain widely publicized security vulnerabilities, which have been fixed in the current version. Please update. Support for old versions may be purchased (at exorbitant rates) by contacting i@izs.me
npm warn deprecated glob@10.5.0: Old versions of glob are not supported, and contain widely publicized security vulnerabilities, which have been fixed in the current version. Please update. Support for old versions may be purchased (at exorbitant rates) by contacting i@izs.me
npm warn deprecated glob@10.5.0: Old versions of glob are not supported, and contain widely publicized security vulnerabilities, which have been fixed in the current version. Please update. Support for old versions may be purchased (at exorbitant rates) by contacting i@izs.me
npm warn deprecated glob@10.5.0: Old versions of glob are not supported, and contain widely publicized security vulnerabilities, which have been fixed in the current version. Please update. Support for old versions may be purchased (at exorbitant rates) by contacting i@izs.me

added 1483 packages, and audited 1484 packages in 37s

285 packages are looking for funding
  run `npm fund` for details

19 vulnerabilities (9 moderate, 9 high, 1 critical)

To address issues that do not require attention, run:
  npm audit fix

To address all issues (including breaking changes), run:
  npm audit fix --force

Run `npm audit` for details.
cd web && npm cache clean --force
npm warn using --force Recommended protections disabled.
--> 0b6f1342a295
[linux/amd64] [1/3] STEP 8/9: COPY web/ web/
--> 7336a3104367
[linux/amd64] [1/3] STEP 9/9: RUN make build-frontend
cd web && npm run build

> logging-view-plugin@6.0.0 build
> npm run clean && NODE_ENV=production npm run ts-node node_modules/.bin/webpack


> logging-view-plugin@6.0.0 clean
> rm -rf dist


> logging-view-plugin@6.0.0 ts-node
> ts-node -O '{"module":"commonjs"}' node_modules/.bin/webpack

assets by info 2.55 MiB [immutable]
  assets by chunk 2.22 MiB (id hint: vendors)
    asset 198-chunk-6b4b6e74f73724458366.min.js 1.45 MiB [emitted] [immutable] [big] (id hint: vendors) 1 related asset
    asset 924-chunk-b61cc50348712154c403.min.js 621 KiB [emitted] [immutable] [big] (id hint: vendors) 1 related asset
    asset 31-chunk-fa29db6230d9ee04494a.min.js 169 KiB [emitted] [immutable] (id hint: vendors) 1 related asset
  + 9 assets
asset plugin-entry.js 27.7 KiB [emitted] (name: logging-view-plugin) 1 related asset
asset locales/en/plugin__logging-view-plugin.json 6.83 KiB [emitted] [from: ../locales/en/plugin__logging-view-plugin.json] [copied]
asset plugin-manifest.json 2.63 KiB [emitted]
orphan modules 3.29 MiB [orphan] 2525 modules
runtime modules 17.5 KiB 14 modules
built modules 2.31 MiB (javascript) 504 bytes (consume-shared) [built]
  modules by path ../node_modules/ 2.08 MiB 375 modules
  modules by path ./ 237 KiB 44 modules
  consume-shared-module modules 504 bytes
    modules by path *.0 (singleton) 210 bytes 5 modules
    modules by path consume shared module (default) @patternfly/ 126 bytes
      consume shared module (default) @patternfly/react-core@=4.239.0 (singleton) 42 bytes [built] [code generated]
      + 2 modules
    + 4 modules
  container entry 42 bytes [built] [code generated]

WARNING in asset size limit: The following asset(s) exceed the recommended size limit (244 KiB).
This can impact web performance.
Assets: 
  198-chunk-6b4b6e74f73724458366.min.js (1.45 MiB)
  924-chunk-b61cc50348712154c403.min.js (621 KiB)

webpack 5.105.3 compiled with 1 warning in 15784 ms
--> db8301bfd512
[linux/arm64] [1/3] STEP 1/9: FROM registry.redhat.io/ubi9/nodejs-22:latest AS web-builder
Trying to pull registry.redhat.io/ubi9/nodejs-22:latest...
Getting image source signatures
Checking if image destination supports signatures
Copying blob sha256:51f40407aea52f718b56160226d38d19de010dc9391045885618c4640694ca4b
Copying blob sha256:1d528cef78efeed291a9f71bfa137acec48792c73f11f9ed8be0dedcc7fe6b70
Copying blob sha256:ab2eb26b66524e601ddac1e25f3c6c4a77d304695c129c7e6afc2fd28c9813fd
Copying config sha256:07df1ea96144ef9b6bdd2aa67a83fb746f9bde11052db851df61e4256cdf4e79
Writing manifest to image destination
Storing signatures
[linux/arm64] [1/3] STEP 2/9: WORKDIR /opt/app-root
--> Using cache 531063a1bc70d43cd0d32648f3809884bab683baa1d6bb8dc47cf48a4f2e039f
--> 531063a1bc70
[linux/arm64] [1/3] STEP 3/9: USER 0
--> Using cache b8970e35feda1671c953a82b1e51c17578b526492e5a8c28a879593c67e0d764
--> b8970e35feda
[linux/arm64] [1/3] STEP 4/9: ENV HUSKY=0
--> 4725c0af6b87
[linux/arm64] [1/3] STEP 5/9: COPY web/package*.json web/
--> d54f7ab2a529
[linux/arm64] [1/3] STEP 6/9: COPY Makefile Makefile
--> b65b2fde4051
[linux/arm64] [1/3] STEP 7/9: RUN make install-frontend-ci-clean
cd web && npm ci --omit=optional --ignore-scripts
npm warn deprecated whatwg-encoding@3.1.1: Use @exodus/bytes instead for a more spec-conformant and faster implementation
npm warn deprecated i18next-parser@9.3.0: Project is deprecated, use i18next-cli instead
npm warn deprecated glob@10.5.0: Old versions of glob are not supported, and contain widely publicized security vulnerabilities, which have been fixed in the current version. Please update. Support for old versions may be purchased (at exorbitant rates) by contacting i@izs.me
npm warn deprecated glob@10.5.0: Old versions of glob are not supported, and contain widely publicized security vulnerabilities, which have been fixed in the current version. Please update. Support for old versions may be purchased (at exorbitant rates) by contacting i@izs.me
npm warn deprecated glob@10.5.0: Old versions of glob are not supported, and contain widely publicized security vulnerabilities, which have been fixed in the current version. Please update. Support for old versions may be purchased (at exorbitant rates) by contacting i@izs.me
npm warn deprecated glob@10.5.0: Old versions of glob are not supported, and contain widely publicized security vulnerabilities, which have been fixed in the current version. Please update. Support for old versions may be purchased (at exorbitant rates) by contacting i@izs.me

added 1483 packages, and audited 1484 packages in 26s

285 packages are looking for funding
  run `npm fund` for details

19 vulnerabilities (9 moderate, 9 high, 1 critical)

To address issues that do not require attention, run:
  npm audit fix

To address all issues (including breaking changes), run:
  npm audit fix --force

Run `npm audit` for details.
cd web && npm cache clean --force
npm warn using --force Recommended protections disabled.
--> 52e1aae0ce31
[linux/arm64] [1/3] STEP 8/9: COPY web/ web/
--> 28c90e8e8d13
[linux/arm64] [1/3] STEP 9/9: RUN make build-frontend
cd web && npm run build

> logging-view-plugin@6.0.0 build
> npm run clean && NODE_ENV=production npm run ts-node node_modules/.bin/webpack


> logging-view-plugin@6.0.0 clean
> rm -rf dist


> logging-view-plugin@6.0.0 ts-node
> ts-node -O '{"module":"commonjs"}' node_modules/.bin/webpack

assets by info 2.55 MiB [immutable]
  assets by chunk 2.22 MiB (id hint: vendors)
    asset 198-chunk-6b4b6e74f73724458366.min.js 1.45 MiB [emitted] [immutable] [big] (id hint: vendors) 1 related asset
    asset 924-chunk-b61cc50348712154c403.min.js 621 KiB [emitted] [immutable] [big] (id hint: vendors) 1 related asset
    asset 31-chunk-fa29db6230d9ee04494a.min.js 169 KiB [emitted] [immutable] (id hint: vendors) 1 related asset
  + 9 assets
asset plugin-entry.js 27.7 KiB [emitted] (name: logging-view-plugin) 1 related asset
asset locales/en/plugin__logging-view-plugin.json 6.83 KiB [emitted] [from: ../locales/en/plugin__logging-view-plugin.json] [copied]
asset plugin-manifest.json 2.63 KiB [emitted]
orphan modules 3.29 MiB [orphan] 2525 modules
runtime modules 17.5 KiB 14 modules
built modules 2.31 MiB (javascript) 504 bytes (consume-shared) [built]
  modules by path ../node_modules/ 2.08 MiB 375 modules
  modules by path ./ 237 KiB 44 modules
  consume-shared-module modules 504 bytes
    modules by path *.0 (singleton) 210 bytes 5 modules
    modules by path consume shared module (default) @patternfly/ 126 bytes
      consume shared module (default) @patternfly/react-core@=4.239.0 (singleton) 42 bytes [built] [code generated]
      + 2 modules
    + 4 modules
  container entry 42 bytes [built] [code generated]

WARNING in asset size limit: The following asset(s) exceed the recommended size limit (244 KiB).
This can impact web performance.
Assets: 
  198-chunk-6b4b6e74f73724458366.min.js (1.45 MiB)
  924-chunk-b61cc50348712154c403.min.js (621 KiB)

webpack 5.105.3 compiled with 1 warning in 9843 ms
--> 0a5c61443eea
[linux/amd64] [2/3] STEP 1/12: FROM registry.access.redhat.com/ubi9/go-toolset:1.26 AS go-builder
[linux/amd64] [2/3] STEP 2/12: WORKDIR /opt/app-root
--> Using cache 87110b4bebf062875bbb848dcab66696e99aa2fc9c2f3afb3d0262587a00e181
--> 87110b4bebf0
[linux/amd64] [2/3] STEP 3/12: COPY Makefile Makefile
--> 6b4171e4a137
[linux/amd64] [2/3] STEP 4/12: COPY go.mod go.mod
--> 276ba01ecb13
[linux/amd64] [2/3] STEP 5/12: COPY go.sum go.sum
--> cf1972c06dfe
[linux/amd64] [2/3] STEP 6/12: RUN make install-backend
go mod download
--> 291ae788a7aa
[linux/amd64] [2/3] STEP 7/12: COPY config/ config/
--> d89ae8dea329
[linux/amd64] [2/3] STEP 8/12: COPY cmd/ cmd/
--> 29cf83cd296a
[linux/amd64] [2/3] STEP 9/12: COPY pkg/ pkg/
--> cb3e5704b8fe
[linux/amd64] [2/3] STEP 10/12: ENV GOEXPERIMENT=strictfipsruntime
--> 54be0d3c47d9
[linux/amd64] [2/3] STEP 11/12: ENV CGO_ENABLED=1
--> 983d449927b9
[linux/amd64] [2/3] STEP 12/12: RUN make build-backend BUILD_OPTS="-tags strictfipsruntime"
go build -tags strictfipsruntime -mod=readonly -o plugin-backend -mod=readonly cmd/plugin-backend.go
--> 40db7a14a3ea
[linux/arm64] [2/3] STEP 1/12: FROM registry.access.redhat.com/ubi9/go-toolset:1.26 AS go-builder
Trying to pull registry.access.redhat.com/ubi9/go-toolset:1.26...
Getting image source signatures
Checking if image destination supports signatures
Copying blob sha256:ccbf8b3c04aacf18b6e8039882e5877b01ac81c4509872a1bc5497988794482d
Copying blob sha256:51673f5e488685d622dc82ecebbb0674784935f30cb31004db0c8acf6fb73e28
Copying blob sha256:73372a2b4d1ecaa43ad0ffb5c4de4a6083650cec0d2a0dad8a854cfeb066021f
Copying blob sha256:a24dfc124c51c93889fc03aad54d66b189aeb3260c6ab6d382bdf3ef269326d2
Copying config sha256:2ddf26b1dd62c7c30fa8d539c6758a9f7fac5de1b9bf2409ef00df6d639b5c3f
Writing manifest to image destination
Storing signatures
[linux/arm64] [2/3] STEP 2/12: WORKDIR /opt/app-root
--> Using cache 3de4f887367ff4e105f55683ae1a70e9385a5d83ce5124c563c3f51862f5e70a
--> 3de4f887367f
[linux/arm64] [2/3] STEP 3/12: COPY Makefile Makefile
--> 02db46fe0cef
[linux/arm64] [2/3] STEP 4/12: COPY go.mod go.mod
--> 0a1a4e3c1421
[linux/arm64] [2/3] STEP 5/12: COPY go.sum go.sum
--> 3a6cb7a3d80d
[linux/arm64] [2/3] STEP 6/12: RUN make install-backend
go mod download
--> 5ad73afaf8bf
[linux/arm64] [2/3] STEP 7/12: COPY config/ config/
--> 3698c593f5f9
[linux/arm64] [2/3] STEP 8/12: COPY cmd/ cmd/
--> fec0a1c60d61
[linux/arm64] [2/3] STEP 9/12: COPY pkg/ pkg/
--> 136caf3776cc
[linux/arm64] [2/3] STEP 10/12: ENV GOEXPERIMENT=strictfipsruntime
--> a6d1798fc11c
[linux/arm64] [2/3] STEP 11/12: ENV CGO_ENABLED=1
--> cc2fc7d678f7
[linux/arm64] [2/3] STEP 12/12: RUN make build-backend BUILD_OPTS="-tags strictfipsruntime"
go build -tags strictfipsruntime -mod=readonly -o plugin-backend -mod=readonly cmd/plugin-backend.go
--> 07ebef51fcdd
[linux/amd64] [3/3] STEP 1/5: FROM registry.access.redhat.com/ubi9/ubi-minimal
[linux/amd64] [3/3] STEP 2/5: COPY --from=web-builder /opt/app-root/web/dist /opt/app-root/web/dist
--> 018ee135374d
[linux/amd64] [3/3] STEP 3/5: COPY --from=go-builder /opt/app-root/plugin-backend /opt/app-root
--> 61cf6b4db860
[linux/amd64] [3/3] STEP 4/5: COPY --from=go-builder /opt/app-root/config /opt/app-root/config
--> aa9e62dbfd78
[linux/amd64] [3/3] STEP 5/5: ENTRYPOINT ["/opt/app-root/plugin-backend", "-config-path", "/opt/app-root/config", "-static-path", "/opt/app-root/web/dist"]
[linux/amd64] [3/3] COMMIT
--> 077182798d7f
[linux/arm64] [3/3] STEP 1/5: FROM registry.access.redhat.com/ubi9/ubi-minimal
077182798d7f5dee0e348691794ad36e32f5bf396ebc348d4f85dd540c77a3f6
Trying to pull registry.access.redhat.com/ubi9/ubi-minimal:latest...
Getting image source signatures
Checking if image destination supports signatures
Copying blob sha256:36e72d37accbc857387599416b2fbab8fba8dd4b3f3b465ab05e57367cbe05fd
Copying config sha256:d5dc52ee643af910a58080edfbd1a5e9baf9c4505788b47173ac279ae1600cc8
Writing manifest to image destination
Storing signatures
[linux/arm64] [3/3] STEP 2/5: COPY --from=web-builder /opt/app-root/web/dist /opt/app-root/web/dist
--> 23813672d824
[linux/arm64] [3/3] STEP 3/5: COPY --from=go-builder /opt/app-root/plugin-backend /opt/app-root
--> 1a84b6b1267c
[linux/arm64] [3/3] STEP 4/5: COPY --from=go-builder /opt/app-root/config /opt/app-root/config
--> e2ee1ff79468
[linux/arm64] [3/3] STEP 5/5: ENTRYPOINT ["/opt/app-root/plugin-backend", "-config-path", "/opt/app-root/config", "-static-path", "/opt/app-root/web/dist"]
[linux/arm64] [3/3] COMMIT
--> 306e23bac606
306e23bac60612cad58a61bdee7fe32b594a508c98f2d7821c372631416efcd1
podman manifest push quay.io/openshift-observability-ui/logging-view-plugin:v6.0.6
Getting image list signatures
Copying 2 images generated from 2 images in list
Copying image sha256:cbd76a8201446e6ea60bae75511b1a47f1e94eed4efb219dceab267511acf1fc (1/2)
Getting image source signatures
Copying blob sha256:6f999d4966894bcbdc819bcf08942fa4f0bcb91e2235d3bc9e107513db6bba8b
Copying blob sha256:2823899961a8eb8ded5d53c5fe6bda8f64e7679032ce87cf909df59dcf2c5081
Copying blob sha256:f7a9ba59e1fa86e0490f674458b576c43164c08267e4b1e94013d8e276e57f26
Copying blob sha256:fe7106e434be6665d6e16b30f61bd6fe368dc7877dece20c4711e389f9851bce
Copying config sha256:077182798d7f5dee0e348691794ad36e32f5bf396ebc348d4f85dd540c77a3f6
Writing manifest to image destination
Copying image sha256:74032961115ec082021d94e5602ff8827800937d2e8b3a4541435768a244c550 (2/2)
Getting image source signatures
Copying blob sha256:a34afaf96bf7ab67e09094ae1fa565b52ec2d581ffc58616a01eb250e7982bc5
Copying blob sha256:46f77a82cc49b9a0a224469d542c0d2285a386f28249053177f22f96b2b2288f
Copying blob sha256:0e6bcd10c5241418dc04355f4e502d0d19fb291090e9fb365551e173506f9b1b
Copying blob sha256:c05c4ecc5afe3aacda47656336e89de2b31b01a39dfddc70ef9de5da328d295a
Copying config sha256:306e23bac60612cad58a61bdee7fe32b594a508c98f2d7821c372631416efcd1
Writing manifest to image destination
Writing manifest list to image destination
Storing list signatures
==========================================
Building distributed-tracing-plugin @ release-coo-ocp-4.15 with VERSION=v0.4.4 ORG=openshift-observability-ui
==========================================
Switched to branch 'release-coo-ocp-4.15'
Your branch is up to date with 'origin/release-coo-ocp-4.15'.
From https://github.com/openshift/distributed-tracing-console-plugin
 * branch            release-coo-ocp-4.15 -> FETCH_HEAD
Already up to date.
--- Attempt 1/3 ---
podman manifest rm quay.io/openshift-observability-ui/distributed-tracing-console-plugin:v0.4.4 || true
Error: quay.io/openshift-observability-ui/distributed-tracing-console-plugin:v0.4.4: image not known
podman manifest create quay.io/openshift-observability-ui/distributed-tracing-console-plugin:v0.4.4
d0b905ad6a1e2aa42c8122628fd78b22dd8cb10877e612a59909b8914e055fae
podman build --platform=linux/arm64,linux/amd64 --manifest quay.io/openshift-observability-ui/distributed-tracing-console-plugin:v0.4.4 -f Dockerfile
[linux/amd64] [1/3] STEP 1/8: FROM registry.redhat.io/ubi9/nodejs-22:latest AS web-builder
Trying to pull registry.redhat.io/ubi9/nodejs-22:latest...
Getting image source signatures
Checking if image destination supports signatures
Copying blob sha256:a426c67a25d0dc9e5a27cdfbf2d93946f8ef6508351299d4b655d8d99025cb48
Copying blob sha256:cc6c54df811b0867866d695d6ce1e04fa5e1309584057d4101d43395a4551ff3
Copying blob sha256:df19a62bff501d77f1f32099c1a161a11054b128dcd93f475074b5aaccf947bd
Copying config sha256:a5b105f4ee7ecde67fe05faed2ab96d80f43e1282766650a7b7aaf487d565be7
Writing manifest to image destination
Storing signatures
[linux/amd64] [1/3] STEP 2/8: WORKDIR /opt/app-root
--> Using cache 07c5c20a09a30c771bd4bc428f655ea0dadedb2c84496928eed6db4b2e7e380f
--> 07c5c20a09a3
[linux/amd64] [1/3] STEP 3/8: USER 0
--> Using cache 3feeb8a86867864d750fe9d7b285c7461704cce89e9b8260a3ae6e34eb460393
--> 3feeb8a86867
[linux/amd64] [1/3] STEP 4/8: COPY web/package*.json web/
--> 98c8e939c9b4
[linux/amd64] [1/3] STEP 5/8: COPY Makefile Makefile
--> 1ca7ff6ebdd5
[linux/amd64] [1/3] STEP 6/8: RUN make install-frontend-ci-clean
cd web && npm ci --ignore-scripts --omit=optional
npm warn deprecated rimraf@3.0.2: Rimraf versions prior to v4 are no longer supported
npm warn deprecated inflight@1.0.6: This module is not supported, and leaks memory. Do not use it. Check out lru-cache if you want a good and tested way to coalesce async requests by a key value, which is much more comprehensive and powerful.
npm warn deprecated glob@7.2.3: Glob versions prior to v9 are no longer supported
npm warn deprecated popper.js@1.16.1: You can find the new Popper v2 at @popperjs/core, this package is dedicated to the legacy v1
npm warn deprecated @humanwhocodes/object-schema@2.0.3: Use @eslint/object-schema instead
npm warn deprecated @humanwhocodes/config-array@0.13.0: Use @eslint/config-array instead
npm warn deprecated eslint@8.57.1: This version is no longer supported. Please see https://eslint.org/version-support for other options.
npm warn deprecated rimraf@2.7.1: Rimraf versions prior to v4 are no longer supported

added 1815 packages, and audited 1816 packages in 59s

312 packages are looking for funding
  run `npm fund` for details

44 vulnerabilities (2 low, 23 moderate, 18 high, 1 critical)

To address issues that do not require attention, run:
  npm audit fix

To address all issues possible (including breaking changes), run:
  npm audit fix --force

Some issues need review, and may require choosing
a different dependency.

Run `npm audit` for details.
cd web && npm cache clean --force
npm warn using --force Recommended protections disabled.
--> 7b8af2a32b32
[linux/amd64] [1/3] STEP 7/8: COPY web/ web/
--> e718d53a6b24
[linux/amd64] [1/3] STEP 8/8: RUN make build-frontend
cd web && npm run build

> distributed-tracing-console-plugin@0.4.0 build
> npm run clean && NODE_ENV=production npm run webpack


> distributed-tracing-console-plugin@0.4.0 clean
> rm -rf dist


> distributed-tracing-console-plugin@0.4.0 webpack
> node -r ts-node/register ./node_modules/.bin/webpack

assets by path assets/ 1.27 MiB
  assets by path assets/*.woff 740 KiB 42 assets
  assets by path assets/*.woff2 565 KiB
    asset assets/inter-latin-ext-600-normal..woff2 35.4 KiB [emitted] [from: ../node_modules/@fontsource/inter/files/inter-latin-ext-600-normal.woff2] (auxiliary id hint: vendors)
    + 41 assets
assets by path *.js 3.85 MiB
  assets by chunk 3.4 MiB (id hint: vendors)
    asset 1907-chunk-0d22a5aa10d0bc99f3d0.min.js 2.6 MiB [emitted] [immutable] [minimized] [big] (id hint: vendors) 1 related asset
    asset 6127-chunk-e59d7258fd384804d704.min.js 124 KiB [emitted] [immutable] [minimized] (id hint: vendors) 1 related asset
    asset 5607-chunk-fcc671a213ca68550d43.min.js 121 KiB [emitted] [immutable] [minimized] (id hint: vendors)
    + 14 assets
  + 61 assets
asset locales/en/plugin__distributed-tracing-console-plugin.json 4.29 KiB [emitted] [from: ../locales/en/plugin__distributed-tracing-console-plugin.json] [copied]
asset plugin-manifest.json 895 bytes [emitted]
orphan modules 21.9 MiB [orphan] 13315 modules
runtime modules 35.2 KiB 14 modules
built modules 10.7 MiB (javascript) 1.27 MiB (asset) 1.6 KiB (consume-shared) 1.39 KiB (share-init) [built]
  javascript modules 10.7 MiB 745 modules
  asset modules 1.27 MiB (asset) 3.45 KiB (javascript)
    modules by path ../node_modules/@fontsource/inter/files/*.woff2 565 KiB (asset) 1.72 KiB (javascript) 42 modules
    modules by path ../node_modules/@fontsource/inter/files/*.woff 740 KiB (asset) 1.72 KiB (javascript) 42 modules
  consume-shared-module modules 1.6 KiB
    modules by path consume shared module (default) @patternfly/ 1.39 KiB 34 modules
    + 5 modules
  provide-module modules 1.39 KiB
    modules by path provide shared module (default) @patternfly/react-core/dist/dynamic/ 924 bytes 22 modules
    modules by path provide shared module (default) @patternfly/react-icons/dist/dynamic/icons/ 504 bytes 12 modules

WARNING in asset size limit: The following asset(s) exceed the recommended size limit (244 KiB).
This can impact web performance.
Assets: 
  1907-chunk-0d22a5aa10d0bc99f3d0.min.js (2.6 MiB)

webpack 5.105.3 compiled with 1 warning in 110918 ms
--> 9298e008fe3e
[linux/amd64] [2/3] STEP 1/11: FROM registry.access.redhat.com/ubi9/go-toolset:1.26 AS go-builder
Trying to pull registry.access.redhat.com/ubi9/go-toolset:1.26...
Getting image source signatures
Checking if image destination supports signatures
Copying blob sha256:161e05ae87ae22da19dad2cae3770d612cd65a04d7f009b5dfff938b8e43f37a
Copying blob sha256:535c9115bc652471a345fed2b23bfcbd903430c8a9536d1799d18b6c62b5f5d5
Copying blob sha256:7c484deb77bcdf607654ab80e826685d6714c6ca87198f6717b729ae60aa63eb
Copying blob sha256:09b0ddc7b06a8bd121c5a3cea6009136b46cf4db04bd3284fe3f295a69e5bf28
Copying config sha256:10aa0a63da6452d793eb68aed324e8ec27b309f75ec739d95b19dbb26a9be042
Writing manifest to image destination
Storing signatures
[linux/amd64] [2/3] STEP 2/11: WORKDIR /opt/app-root
--> Using cache 87110b4bebf062875bbb848dcab66696e99aa2fc9c2f3afb3d0262587a00e181
--> 87110b4bebf0
[linux/amd64] [2/3] STEP 3/11: COPY Makefile Makefile
--> Using cache d7016c3b7016738707569e29211777c95dcf3ab50af88e1c43ccc7f4461642e0
--> d7016c3b7016
[linux/amd64] [2/3] STEP 4/11: COPY go.mod go.mod
--> 58f53798cce3
[linux/amd64] [2/3] STEP 5/11: COPY go.sum go.sum
--> ce3631336171
[linux/amd64] [2/3] STEP 6/11: RUN go mod download
--> aeaf9e993af7
[linux/amd64] [2/3] STEP 7/11: COPY cmd/ cmd/
--> 347f6ea36d9a
[linux/amd64] [2/3] STEP 8/11: COPY pkg/ pkg/
--> f639a2e2d9d9
[linux/amd64] [2/3] STEP 9/11: ENV GOEXPERIMENT=strictfipsruntime
--> 06608254462b
[linux/amd64] [2/3] STEP 10/11: ENV CGO_ENABLED=1
--> 02d807c33214
[linux/amd64] [2/3] STEP 11/11: RUN make build-backend BUILD_OPTS="-tags strictfipsruntime"
go build -tags strictfipsruntime -o plugin-backend -mod=readonly cmd/plugin-backend.go
--> b6d74e9f1565
[linux/arm64] [1/3] STEP 1/8: FROM registry.redhat.io/ubi9/nodejs-22:latest AS web-builder
Trying to pull registry.redhat.io/ubi9/nodejs-22:latest...
Getting image source signatures
Checking if image destination supports signatures
Copying blob sha256:51f40407aea52f718b56160226d38d19de010dc9391045885618c4640694ca4b
Copying blob sha256:1d528cef78efeed291a9f71bfa137acec48792c73f11f9ed8be0dedcc7fe6b70
Copying blob sha256:ab2eb26b66524e601ddac1e25f3c6c4a77d304695c129c7e6afc2fd28c9813fd
Copying config sha256:07df1ea96144ef9b6bdd2aa67a83fb746f9bde11052db851df61e4256cdf4e79
Writing manifest to image destination
Storing signatures
[linux/arm64] [1/3] STEP 2/8: WORKDIR /opt/app-root
--> Using cache 531063a1bc70d43cd0d32648f3809884bab683baa1d6bb8dc47cf48a4f2e039f
--> 531063a1bc70
[linux/arm64] [1/3] STEP 3/8: USER 0
--> Using cache b8970e35feda1671c953a82b1e51c17578b526492e5a8c28a879593c67e0d764
--> b8970e35feda
[linux/arm64] [1/3] STEP 4/8: COPY web/package*.json web/
--> 9cca2a0e9ea1
[linux/arm64] [1/3] STEP 5/8: COPY Makefile Makefile
--> a7de7182d48a
[linux/arm64] [1/3] STEP 6/8: RUN make install-frontend-ci-clean
cd web && npm ci --ignore-scripts --omit=optional
npm warn deprecated rimraf@3.0.2: Rimraf versions prior to v4 are no longer supported
npm warn deprecated inflight@1.0.6: This module is not supported, and leaks memory. Do not use it. Check out lru-cache if you want a good and tested way to coalesce async requests by a key value, which is much more comprehensive and powerful.
npm warn deprecated popper.js@1.16.1: You can find the new Popper v2 at @popperjs/core, this package is dedicated to the legacy v1
npm warn deprecated glob@7.2.3: Glob versions prior to v9 are no longer supported
npm warn deprecated eslint@8.57.1: This version is no longer supported. Please see https://eslint.org/version-support for other options.
npm warn deprecated @humanwhocodes/object-schema@2.0.3: Use @eslint/object-schema instead
npm warn deprecated @humanwhocodes/config-array@0.13.0: Use @eslint/config-array instead
npm warn deprecated rimraf@2.7.1: Rimraf versions prior to v4 are no longer supported

added 1815 packages, and audited 1816 packages in 44s

312 packages are looking for funding
  run `npm fund` for details

44 vulnerabilities (2 low, 23 moderate, 18 high, 1 critical)

To address issues that do not require attention, run:
  npm audit fix

To address all issues possible (including breaking changes), run:
  npm audit fix --force

Some issues need review, and may require choosing
a different dependency.

Run `npm audit` for details.
cd web && npm cache clean --force
npm warn using --force Recommended protections disabled.
--> 08b239c1c141
[linux/arm64] [1/3] STEP 7/8: COPY web/ web/
--> feff361734cf
[linux/arm64] [1/3] STEP 8/8: RUN make build-frontend
cd web && npm run build

> distributed-tracing-console-plugin@0.4.0 build
> npm run clean && NODE_ENV=production npm run webpack


> distributed-tracing-console-plugin@0.4.0 clean
> rm -rf dist


> distributed-tracing-console-plugin@0.4.0 webpack
> node -r ts-node/register ./node_modules/.bin/webpack

assets by path assets/ 1.27 MiB
  assets by path assets/*.woff 740 KiB 42 assets
  assets by path assets/*.woff2 565 KiB
    asset assets/inter-latin-ext-600-normal..woff2 35.4 KiB [emitted] [from: ../node_modules/@fontsource/inter/files/inter-latin-ext-600-normal.woff2] (auxiliary id hint: vendors)
    + 41 assets
assets by path *.js 3.85 MiB
  assets by chunk 3.4 MiB (id hint: vendors)
    asset 1907-chunk-0d22a5aa10d0bc99f3d0.min.js 2.6 MiB [emitted] [immutable] [minimized] [big] (id hint: vendors) 1 related asset
    asset 6127-chunk-e59d7258fd384804d704.min.js 124 KiB [emitted] [immutable] [minimized] (id hint: vendors) 1 related asset
    asset 5607-chunk-fcc671a213ca68550d43.min.js 121 KiB [emitted] [immutable] [minimized] (id hint: vendors)
    + 14 assets
  + 61 assets
asset locales/en/plugin__distributed-tracing-console-plugin.json 4.29 KiB [emitted] [from: ../locales/en/plugin__distributed-tracing-console-plugin.json] [copied]
asset plugin-manifest.json 895 bytes [emitted]
orphan modules 21.9 MiB [orphan] 13315 modules
runtime modules 35.2 KiB 14 modules
built modules 10.7 MiB (javascript) 1.27 MiB (asset) 1.6 KiB (consume-shared) 1.39 KiB (share-init) [built]
  javascript modules 10.7 MiB 745 modules
  asset modules 1.27 MiB (asset) 3.45 KiB (javascript)
    modules by path ../node_modules/@fontsource/inter/files/*.woff2 565 KiB (asset) 1.72 KiB (javascript) 42 modules
    modules by path ../node_modules/@fontsource/inter/files/*.woff 740 KiB (asset) 1.72 KiB (javascript) 42 modules
  consume-shared-module modules 1.6 KiB
    modules by path consume shared module (default) @patternfly/ 1.39 KiB 34 modules
    + 5 modules
  provide-module modules 1.39 KiB
    modules by path provide shared module (default) @patternfly/react-core/dist/dynamic/ 924 bytes 22 modules
    modules by path provide shared module (default) @patternfly/react-icons/dist/dynamic/icons/ 504 bytes 12 modules

WARNING in asset size limit: The following asset(s) exceed the recommended size limit (244 KiB).
This can impact web performance.
Assets: 
  1907-chunk-0d22a5aa10d0bc99f3d0.min.js (2.6 MiB)

webpack 5.105.3 compiled with 1 warning in 72339 ms
--> 5ce9c1c644bd
[linux/amd64] [3/3] STEP 1/4: FROM registry.access.redhat.com/ubi9/ubi-minimal
Trying to pull registry.access.redhat.com/ubi9/ubi-minimal:latest...
Getting image source signatures
Checking if image destination supports signatures
Copying blob sha256:b66f4afff961364e2b31840faeac9f4cf40a138156bc5adbd4190044ff5160c0
Copying config sha256:4fda89b89b73066be4c0eba0f9690c5ca7dd50e703a8c28e48f3b64c5d8e4782
Writing manifest to image destination
Storing signatures
[linux/amd64] [3/3] STEP 2/4: COPY --from=web-builder /opt/app-root/web/dist /opt/app-root/web/dist
--> 46c17722d537
[linux/amd64] [3/3] STEP 3/4: COPY --from=go-builder /opt/app-root/plugin-backend /opt/app-root
--> ffa2a167d5ee
[linux/amd64] [3/3] STEP 4/4: ENTRYPOINT ["/opt/app-root/plugin-backend", "-static-path", "/opt/app-root/web/dist", "-config-path", "/opt/app-root/web/dist"]
[linux/amd64] [3/3] COMMIT
--> fa04dfdcd17d
[linux/arm64] [2/3] STEP 1/11: FROM registry.access.redhat.com/ubi9/go-toolset:1.26 AS go-builder
fa04dfdcd17d27940efaa1a61f44dc1f1b79910661978b64bb41f544e177963e
Trying to pull registry.access.redhat.com/ubi9/go-toolset:1.26...
Getting image source signatures
Checking if image destination supports signatures
Copying blob sha256:ccbf8b3c04aacf18b6e8039882e5877b01ac81c4509872a1bc5497988794482d
Copying blob sha256:51673f5e488685d622dc82ecebbb0674784935f30cb31004db0c8acf6fb73e28
Copying blob sha256:73372a2b4d1ecaa43ad0ffb5c4de4a6083650cec0d2a0dad8a854cfeb066021f
Copying blob sha256:a24dfc124c51c93889fc03aad54d66b189aeb3260c6ab6d382bdf3ef269326d2
Copying config sha256:2ddf26b1dd62c7c30fa8d539c6758a9f7fac5de1b9bf2409ef00df6d639b5c3f
Writing manifest to image destination
Storing signatures
[linux/arm64] [2/3] STEP 2/11: WORKDIR /opt/app-root
--> Using cache 3de4f887367ff4e105f55683ae1a70e9385a5d83ce5124c563c3f51862f5e70a
--> 3de4f887367f
[linux/arm64] [2/3] STEP 3/11: COPY Makefile Makefile
--> Using cache 51a970f11d97f89c2f84fe29db18fc92c96d472eaffdf1b0767e66ef8ae23dd4
--> 51a970f11d97
[linux/arm64] [2/3] STEP 4/11: COPY go.mod go.mod
--> 174efc2db946
[linux/arm64] [2/3] STEP 5/11: COPY go.sum go.sum
--> 08c19044c223
[linux/arm64] [2/3] STEP 6/11: RUN go mod download
--> 6fc5a126f3f4
[linux/arm64] [2/3] STEP 7/11: COPY cmd/ cmd/
--> e6c4b6b5a90a
[linux/arm64] [2/3] STEP 8/11: COPY pkg/ pkg/
--> 23bff2b05bc2
[linux/arm64] [2/3] STEP 9/11: ENV GOEXPERIMENT=strictfipsruntime
--> 399632bf02c6
[linux/arm64] [2/3] STEP 10/11: ENV CGO_ENABLED=1
--> 9f8efdb9a263
[linux/arm64] [2/3] STEP 11/11: RUN make build-backend BUILD_OPTS="-tags strictfipsruntime"
go build -tags strictfipsruntime -o plugin-backend -mod=readonly cmd/plugin-backend.go
--> 049aee9d349e
[linux/arm64] [3/3] STEP 1/4: FROM registry.access.redhat.com/ubi9/ubi-minimal
Trying to pull registry.access.redhat.com/ubi9/ubi-minimal:latest...
Getting image source signatures
Checking if image destination supports signatures
Copying blob sha256:36e72d37accbc857387599416b2fbab8fba8dd4b3f3b465ab05e57367cbe05fd
Copying config sha256:d5dc52ee643af910a58080edfbd1a5e9baf9c4505788b47173ac279ae1600cc8
Writing manifest to image destination
Storing signatures
[linux/arm64] [3/3] STEP 2/4: COPY --from=web-builder /opt/app-root/web/dist /opt/app-root/web/dist
--> 7e6bacc9d0cb
[linux/arm64] [3/3] STEP 3/4: COPY --from=go-builder /opt/app-root/plugin-backend /opt/app-root
--> a9e6326deeb7
[linux/arm64] [3/3] STEP 4/4: ENTRYPOINT ["/opt/app-root/plugin-backend", "-static-path", "/opt/app-root/web/dist", "-config-path", "/opt/app-root/web/dist"]
[linux/arm64] [3/3] COMMIT
--> 1d863a9ee8c3
1d863a9ee8c326205806274444d8a4dbe66a2071af9e788e74d0d26c94ff028c
podman manifest push quay.io/openshift-observability-ui/distributed-tracing-console-plugin:v0.4.4
Getting image list signatures
Copying 2 images generated from 2 images in list
Copying image sha256:4e1e7bb6817e128975d400897fcc2946dfe67a04a3772d781bd6614ace72be95 (1/2)
Getting image source signatures
Copying blob sha256:288557349c57cff0f77b3bc0b1cebd7865be2331502a2969734c65b1bef130ef
Copying blob sha256:2823899961a8eb8ded5d53c5fe6bda8f64e7679032ce87cf909df59dcf2c5081
Copying blob sha256:672ebc93b8ab5b5935b153be9e391d3a5d1165fe160b8b343dbf8e1575362414
Copying config sha256:fa04dfdcd17d27940efaa1a61f44dc1f1b79910661978b64bb41f544e177963e
Writing manifest to image destination
Copying image sha256:bd2159efb1374f5dfce854b22314fcb187f7e590bb4b2efa9e3b747b41d23061 (2/2)
Getting image source signatures
Copying blob sha256:5570ba442eafe8cb96a6004a0c75a4c67cb34c63cf157f4f564badc9711cd390
Copying blob sha256:46f77a82cc49b9a0a224469d542c0d2285a386f28249053177f22f96b2b2288f
Copying blob sha256:9209aaf2861be5db1a43110811181b76730aa9ae2ba171eeeb2918dabb22621c
Copying config sha256:1d863a9ee8c326205806274444d8a4dbe66a2071af9e788e74d0d26c94ff028c
Writing manifest to image destination
Writing manifest list to image destination
Storing list signatures
==========================================
Building logging-view-plugin @ release-coo-ocp-4.15 with VERSION=v6.1.7 ORG=openshift-observability-ui
==========================================
Switched to branch 'release-coo-ocp-4.15'
Your branch is behind 'origin/release-coo-ocp-4.15' by 2 commits, and can be fast-forwarded.
  (use "git pull" to update your local branch)
From https://github.com/openshift/logging-view-plugin
 * branch            release-coo-ocp-4.15 -> FETCH_HEAD
Updating 22a9ee0..ff6a7cf
Fast-forward
 OWNERS | 2 ++
 1 file changed, 2 insertions(+)
--- Attempt 1/3 ---
podman manifest rm quay.io/openshift-observability-ui/logging-view-plugin:v6.1.7 || true
Error: quay.io/openshift-observability-ui/logging-view-plugin:v6.1.7: image not known
podman manifest create quay.io/openshift-observability-ui/logging-view-plugin:v6.1.7
746bb988f9a410e2604f5bac7dcef42eb97a3c1b93ede64aa9ea2f356aaa7468
podman build --platform=linux/arm64,linux/amd64 --manifest quay.io/openshift-observability-ui/logging-view-plugin:v6.1.7 -f Dockerfile
[linux/amd64] [1/3] STEP 1/9: FROM registry.redhat.io/ubi9/nodejs-22:latest AS web-builder
Trying to pull registry.redhat.io/ubi9/nodejs-22:latest...
Getting image source signatures
Checking if image destination supports signatures
Copying blob sha256:a426c67a25d0dc9e5a27cdfbf2d93946f8ef6508351299d4b655d8d99025cb48
Copying blob sha256:cc6c54df811b0867866d695d6ce1e04fa5e1309584057d4101d43395a4551ff3
Copying blob sha256:df19a62bff501d77f1f32099c1a161a11054b128dcd93f475074b5aaccf947bd
Copying config sha256:a5b105f4ee7ecde67fe05faed2ab96d80f43e1282766650a7b7aaf487d565be7
Writing manifest to image destination
Storing signatures
[linux/amd64] [1/3] STEP 2/9: WORKDIR /opt/app-root
--> Using cache 07c5c20a09a30c771bd4bc428f655ea0dadedb2c84496928eed6db4b2e7e380f
--> 07c5c20a09a3
[linux/amd64] [1/3] STEP 3/9: USER 0
--> Using cache 3feeb8a86867864d750fe9d7b285c7461704cce89e9b8260a3ae6e34eb460393
--> 3feeb8a86867
[linux/amd64] [1/3] STEP 4/9: ENV HUSKY=0
--> Using cache d7513f02fbdfb830d4ba5185ed0db24d5f4c69e175bc6022517c4fb3b6b9d384
--> d7513f02fbdf
[linux/amd64] [1/3] STEP 5/9: COPY web/package*.json web/
--> 0513ff9fba15
[linux/amd64] [1/3] STEP 6/9: COPY Makefile Makefile
--> 00351acb6f56
[linux/amd64] [1/3] STEP 7/9: RUN make install-frontend-ci-clean
cd web && npm ci --omit=optional --ignore-scripts
npm warn deprecated popper.js@1.16.1: You can find the new Popper v2 at @popperjs/core, this package is dedicated to the legacy v1
npm warn deprecated glob@10.5.0: Old versions of glob are not supported, and contain widely publicized security vulnerabilities, which have been fixed in the current version. Please update. Support for old versions may be purchased (at exorbitant rates) by contacting i@izs.me
npm warn deprecated glob@10.5.0: Old versions of glob are not supported, and contain widely publicized security vulnerabilities, which have been fixed in the current version. Please update. Support for old versions may be purchased (at exorbitant rates) by contacting i@izs.me
npm warn deprecated glob@10.5.0: Old versions of glob are not supported, and contain widely publicized security vulnerabilities, which have been fixed in the current version. Please update. Support for old versions may be purchased (at exorbitant rates) by contacting i@izs.me

added 1531 packages, and audited 1532 packages in 45s

273 packages are looking for funding
  run `npm fund` for details

26 vulnerabilities (1 low, 14 moderate, 10 high, 1 critical)

To address issues that do not require attention, run:
  npm audit fix

To address all issues (including breaking changes), run:
  npm audit fix --force

Run `npm audit` for details.
cd web && npm cache clean --force
npm warn using --force Recommended protections disabled.
--> bc8dff247829
[linux/amd64] [1/3] STEP 8/9: COPY web/ web/
--> f37bbedd174e
[linux/amd64] [1/3] STEP 9/9: RUN make build-frontend
cd web && npm run build

> logging-view-plugin@6.1.0 build
> npm run clean && NODE_ENV=production npm run ts-node node_modules/.bin/webpack


> logging-view-plugin@6.1.0 clean
> rm -rf dist


> logging-view-plugin@6.1.0 ts-node
> ts-node -O '{"module":"commonjs"}' node_modules/.bin/webpack

assets by path *.js 4.84 MiB
  assets by chunk 2.69 MiB (id hint: vendors)
    assets by status 1.83 MiB [big]
      asset 9012-chunk-c30d86991a43474bcd20.min.js 1.12 MiB [emitted] [immutable] [big] (id hint: vendors) 1 related asset
      asset 573-chunk-6751882185f4ace03f14.min.js 462 KiB [emitted] [immutable] [big] (id hint: vendors) 1 related asset
      asset 9123-chunk-7c59f766bf5aed38d7e4.min.js 266 KiB [emitted] [immutable] [big] (id hint: vendors) 1 related asset
    + 9 assets
  + 81 assets
asset locales/en/plugin__logging-view-plugin.json 10.4 KiB [emitted] [from: ../locales/en/plugin__logging-view-plugin.json] [copied]
asset plugin-manifest.json 1.92 KiB [emitted]
orphan modules 2.72 MiB [orphan] 1566 modules
runtime modules 37.2 KiB 14 modules
built modules 2.96 MiB (javascript) 1.72 KiB (consume-shared) 1.56 KiB (share-init) [built]
  modules by path ../node_modules/ 2.66 MiB 431 modules
  modules by path ./ 308 KiB 48 modules
  consume-shared-module modules 1.72 KiB
    modules by path consume shared module (default) @patternfly/react-core/dist/dynamic/ 1.23 KiB 30 modules
    modules by path consume shared module (default) @patternfly/react-icons/dist/dynamic/icons/ 294 bytes 7 modules
    + 5 modules
  provide-module modules 1.56 KiB
    modules by path provide shared module (default) @patternfly/react-core/dist/dynamic/ 1.23 KiB 30 modules
    modules by path provide shared module (default) @patternfly/react-icons/dist/dynamic/icons/ 294 bytes 7 modules
    provide shared module (default) @patternfly/react-table/dist/dynamic/components/...(truncated) 42 bytes [built] [code generated]
  container entry 42 bytes [built] [code generated]

WARNING in asset size limit: The following asset(s) exceed the recommended size limit (244 KiB).
This can impact web performance.
Assets: 
  9123-chunk-7c59f766bf5aed38d7e4.min.js (266 KiB)
  9012-chunk-c30d86991a43474bcd20.min.js (1.12 MiB)
  573-chunk-6751882185f4ace03f14.min.js (462 KiB)

webpack 5.105.3 compiled with 1 warning in 55058 ms
--> ae9e7afeb3b5
[linux/amd64] [2/3] STEP 1/12: FROM registry.access.redhat.com/ubi9/go-toolset:1.26 AS go-builder
Trying to pull registry.access.redhat.com/ubi9/go-toolset:1.26...
Getting image source signatures
Checking if image destination supports signatures
Copying blob sha256:161e05ae87ae22da19dad2cae3770d612cd65a04d7f009b5dfff938b8e43f37a
Copying blob sha256:535c9115bc652471a345fed2b23bfcbd903430c8a9536d1799d18b6c62b5f5d5
Copying blob sha256:09b0ddc7b06a8bd121c5a3cea6009136b46cf4db04bd3284fe3f295a69e5bf28
Copying blob sha256:7c484deb77bcdf607654ab80e826685d6714c6ca87198f6717b729ae60aa63eb
Copying config sha256:10aa0a63da6452d793eb68aed324e8ec27b309f75ec739d95b19dbb26a9be042
Writing manifest to image destination
Storing signatures
[linux/amd64] [2/3] STEP 2/12: WORKDIR /opt/app-root
--> Using cache 87110b4bebf062875bbb848dcab66696e99aa2fc9c2f3afb3d0262587a00e181
--> 87110b4bebf0
[linux/amd64] [2/3] STEP 3/12: COPY Makefile Makefile
--> b002018b5643
[linux/amd64] [2/3] STEP 4/12: COPY go.mod go.mod
--> 44569a893750
[linux/amd64] [2/3] STEP 5/12: COPY go.sum go.sum
--> c6aa1769ed4b
[linux/amd64] [2/3] STEP 6/12: RUN make install-backend
go mod download
--> 8b209cd8edc6
[linux/amd64] [2/3] STEP 7/12: COPY config/ config/
--> 15e75120a709
[linux/amd64] [2/3] STEP 8/12: COPY cmd/ cmd/
--> af710d9fdf8a
[linux/amd64] [2/3] STEP 9/12: COPY pkg/ pkg/
--> 9c97c7179564
[linux/amd64] [2/3] STEP 10/12: ENV GOEXPERIMENT=strictfipsruntime
--> e76de62c0047
[linux/amd64] [2/3] STEP 11/12: ENV CGO_ENABLED=1
--> 7eac6e7850ff
[linux/amd64] [2/3] STEP 12/12: RUN make build-backend BUILD_OPTS="-tags strictfipsruntime"
go build -tags strictfipsruntime -mod=readonly -o plugin-backend cmd/plugin-backend.go
--> 0845eaf6fed3
[linux/arm64] [1/3] STEP 1/9: FROM registry.redhat.io/ubi9/nodejs-22:latest AS web-builder
Trying to pull registry.redhat.io/ubi9/nodejs-22:latest...
Getting image source signatures
Checking if image destination supports signatures
Copying blob sha256:51f40407aea52f718b56160226d38d19de010dc9391045885618c4640694ca4b
Copying blob sha256:1d528cef78efeed291a9f71bfa137acec48792c73f11f9ed8be0dedcc7fe6b70
Copying blob sha256:ab2eb26b66524e601ddac1e25f3c6c4a77d304695c129c7e6afc2fd28c9813fd
Copying config sha256:07df1ea96144ef9b6bdd2aa67a83fb746f9bde11052db851df61e4256cdf4e79
Writing manifest to image destination
Storing signatures
[linux/arm64] [1/3] STEP 2/9: WORKDIR /opt/app-root
--> Using cache 531063a1bc70d43cd0d32648f3809884bab683baa1d6bb8dc47cf48a4f2e039f
--> 531063a1bc70
[linux/arm64] [1/3] STEP 3/9: USER 0
--> Using cache b8970e35feda1671c953a82b1e51c17578b526492e5a8c28a879593c67e0d764
--> b8970e35feda
[linux/arm64] [1/3] STEP 4/9: ENV HUSKY=0
--> Using cache 4725c0af6b8732dc6d2ea9d1a780e78a9352c44479599ad341419e657f5ce903
--> 4725c0af6b87
[linux/arm64] [1/3] STEP 5/9: COPY web/package*.json web/
--> 22d3baf0147c
[linux/arm64] [1/3] STEP 6/9: COPY Makefile Makefile
--> ef6bb685847e
[linux/arm64] [1/3] STEP 7/9: RUN make install-frontend-ci-clean
cd web && npm ci --omit=optional --ignore-scripts
npm warn deprecated popper.js@1.16.1: You can find the new Popper v2 at @popperjs/core, this package is dedicated to the legacy v1
npm warn deprecated glob@10.5.0: Old versions of glob are not supported, and contain widely publicized security vulnerabilities, which have been fixed in the current version. Please update. Support for old versions may be purchased (at exorbitant rates) by contacting i@izs.me
npm warn deprecated glob@10.5.0: Old versions of glob are not supported, and contain widely publicized security vulnerabilities, which have been fixed in the current version. Please update. Support for old versions may be purchased (at exorbitant rates) by contacting i@izs.me
npm warn deprecated glob@10.5.0: Old versions of glob are not supported, and contain widely publicized security vulnerabilities, which have been fixed in the current version. Please update. Support for old versions may be purchased (at exorbitant rates) by contacting i@izs.me

added 1531 packages, and audited 1532 packages in 34s

273 packages are looking for funding
  run `npm fund` for details

26 vulnerabilities (1 low, 14 moderate, 10 high, 1 critical)

To address issues that do not require attention, run:
  npm audit fix

To address all issues (including breaking changes), run:
  npm audit fix --force

Run `npm audit` for details.
cd web && npm cache clean --force
npm warn using --force Recommended protections disabled.
--> 5df62320c7f9
[linux/arm64] [1/3] STEP 8/9: COPY web/ web/
--> a0da8fa02d8f
[linux/arm64] [1/3] STEP 9/9: RUN make build-frontend
cd web && npm run build

> logging-view-plugin@6.1.0 build
> npm run clean && NODE_ENV=production npm run ts-node node_modules/.bin/webpack


> logging-view-plugin@6.1.0 clean
> rm -rf dist


> logging-view-plugin@6.1.0 ts-node
> ts-node -O '{"module":"commonjs"}' node_modules/.bin/webpack

assets by path *.js 4.84 MiB
  assets by chunk 2.69 MiB (id hint: vendors)
    assets by status 1.83 MiB [big]
      asset 9012-chunk-c30d86991a43474bcd20.min.js 1.12 MiB [emitted] [immutable] [big] (id hint: vendors) 1 related asset
      asset 573-chunk-6751882185f4ace03f14.min.js 462 KiB [emitted] [immutable] [big] (id hint: vendors) 1 related asset
      asset 9123-chunk-7c59f766bf5aed38d7e4.min.js 266 KiB [emitted] [immutable] [big] (id hint: vendors) 1 related asset
    + 9 assets
  + 81 assets
asset locales/en/plugin__logging-view-plugin.json 10.4 KiB [emitted] [from: ../locales/en/plugin__logging-view-plugin.json] [copied]
asset plugin-manifest.json 1.92 KiB [emitted]
orphan modules 2.72 MiB [orphan] 1566 modules
runtime modules 37.2 KiB 14 modules
built modules 2.96 MiB (javascript) 1.72 KiB (consume-shared) 1.56 KiB (share-init) [built]
  modules by path ../node_modules/ 2.66 MiB 431 modules
  modules by path ./ 308 KiB 48 modules
  consume-shared-module modules 1.72 KiB
    modules by path consume shared module (default) @patternfly/react-core/dist/dynamic/ 1.23 KiB 30 modules
    modules by path consume shared module (default) @patternfly/react-icons/dist/dynamic/icons/ 294 bytes 7 modules
    + 5 modules
  provide-module modules 1.56 KiB
    modules by path provide shared module (default) @patternfly/react-core/dist/dynamic/ 1.23 KiB 30 modules
    modules by path provide shared module (default) @patternfly/react-icons/dist/dynamic/icons/ 294 bytes 7 modules
    provide shared module (default) @patternfly/react-table/dist/dynamic/components/...(truncated) 42 bytes [built] [code generated]
  container entry 42 bytes [built] [code generated]

WARNING in asset size limit: The following asset(s) exceed the recommended size limit (244 KiB).
This can impact web performance.
Assets: 
  9123-chunk-7c59f766bf5aed38d7e4.min.js (266 KiB)
  9012-chunk-c30d86991a43474bcd20.min.js (1.12 MiB)
  573-chunk-6751882185f4ace03f14.min.js (462 KiB)

webpack 5.105.3 compiled with 1 warning in 34191 ms
--> f6701ad2edc2
[linux/amd64] [3/3] STEP 1/5: FROM registry.access.redhat.com/ubi9/ubi-minimal
Trying to pull registry.access.redhat.com/ubi9/ubi-minimal:latest...
Getting image source signatures
Checking if image destination supports signatures
Copying blob sha256:b66f4afff961364e2b31840faeac9f4cf40a138156bc5adbd4190044ff5160c0
Copying config sha256:4fda89b89b73066be4c0eba0f9690c5ca7dd50e703a8c28e48f3b64c5d8e4782
Writing manifest to image destination
Storing signatures
[linux/amd64] [3/3] STEP 2/5: COPY --from=web-builder /opt/app-root/web/dist /opt/app-root/web/dist
--> cad55d6cc8f7
[linux/amd64] [3/3] STEP 3/5: COPY --from=go-builder /opt/app-root/plugin-backend /opt/app-root
--> 14f98df43623
[linux/amd64] [3/3] STEP 4/5: COPY --from=go-builder /opt/app-root/config /opt/app-root/config
--> 9c75c47d028f
[linux/amd64] [3/3] STEP 5/5: ENTRYPOINT ["/opt/app-root/plugin-backend", "-config-path", "/opt/app-root/config", "-static-path", "/opt/app-root/web/dist"]
[linux/amd64] [3/3] COMMIT
--> c0d14b2ac599
[linux/arm64] [2/3] STEP 1/12: FROM registry.access.redhat.com/ubi9/go-toolset:1.26 AS go-builder
c0d14b2ac599289a8470f41618b4b2ec7ef1634745dfccbd03bd10cce2aafe22
Trying to pull registry.access.redhat.com/ubi9/go-toolset:1.26...
Getting image source signatures
Checking if image destination supports signatures
Copying blob sha256:ccbf8b3c04aacf18b6e8039882e5877b01ac81c4509872a1bc5497988794482d
Copying blob sha256:51673f5e488685d622dc82ecebbb0674784935f30cb31004db0c8acf6fb73e28
Copying blob sha256:73372a2b4d1ecaa43ad0ffb5c4de4a6083650cec0d2a0dad8a854cfeb066021f
Copying blob sha256:a24dfc124c51c93889fc03aad54d66b189aeb3260c6ab6d382bdf3ef269326d2
Copying config sha256:2ddf26b1dd62c7c30fa8d539c6758a9f7fac5de1b9bf2409ef00df6d639b5c3f
Writing manifest to image destination
Storing signatures
[linux/arm64] [2/3] STEP 2/12: WORKDIR /opt/app-root
--> Using cache 3de4f887367ff4e105f55683ae1a70e9385a5d83ce5124c563c3f51862f5e70a
--> 3de4f887367f
[linux/arm64] [2/3] STEP 3/12: COPY Makefile Makefile
--> 8b240e3b630c
[linux/arm64] [2/3] STEP 4/12: COPY go.mod go.mod
--> 6bb6a6110c11
[linux/arm64] [2/3] STEP 5/12: COPY go.sum go.sum
--> 1eb8be3508e3
[linux/arm64] [2/3] STEP 6/12: RUN make install-backend
go mod download
--> 6a8fb6487e4d
[linux/arm64] [2/3] STEP 7/12: COPY config/ config/
--> a94b643e62f3
[linux/arm64] [2/3] STEP 8/12: COPY cmd/ cmd/
--> a5cd345d05f2
[linux/arm64] [2/3] STEP 9/12: COPY pkg/ pkg/
--> b2cfa6832451
[linux/arm64] [2/3] STEP 10/12: ENV GOEXPERIMENT=strictfipsruntime
--> 233d4419d111
[linux/arm64] [2/3] STEP 11/12: ENV CGO_ENABLED=1
--> 5dee34b887c8
[linux/arm64] [2/3] STEP 12/12: RUN make build-backend BUILD_OPTS="-tags strictfipsruntime"
go build -tags strictfipsruntime -mod=readonly -o plugin-backend cmd/plugin-backend.go
--> ab00d66e2e10
[linux/arm64] [3/3] STEP 1/5: FROM registry.access.redhat.com/ubi9/ubi-minimal
Trying to pull registry.access.redhat.com/ubi9/ubi-minimal:latest...
Getting image source signatures
Checking if image destination supports signatures
Copying blob sha256:36e72d37accbc857387599416b2fbab8fba8dd4b3f3b465ab05e57367cbe05fd
Copying config sha256:d5dc52ee643af910a58080edfbd1a5e9baf9c4505788b47173ac279ae1600cc8
Writing manifest to image destination
Storing signatures
[linux/arm64] [3/3] STEP 2/5: COPY --from=web-builder /opt/app-root/web/dist /opt/app-root/web/dist
--> 7ca92753d320
[linux/arm64] [3/3] STEP 3/5: COPY --from=go-builder /opt/app-root/plugin-backend /opt/app-root
--> 77559156d4ff
[linux/arm64] [3/3] STEP 4/5: COPY --from=go-builder /opt/app-root/config /opt/app-root/config
--> aa851d87c12a
[linux/arm64] [3/3] STEP 5/5: ENTRYPOINT ["/opt/app-root/plugin-backend", "-config-path", "/opt/app-root/config", "-static-path", "/opt/app-root/web/dist"]
[linux/arm64] [3/3] COMMIT
--> e35e5f553a46
e35e5f553a46370b0f5e4a82ebdea0cf6aca66136e6e76c54700dfaa8198c54d
podman manifest push quay.io/openshift-observability-ui/logging-view-plugin:v6.1.7
Getting image list signatures
Copying 2 images generated from 2 images in list
Copying image sha256:c97011437cef28719b7dcb6b52e02fc23d1d870398c25fac3674f9017af6bf03 (1/2)
Getting image source signatures
Copying blob sha256:307a5d12d7ae5b270efac818468520f00f26f6bfe298190d6dc0596a96e5f3ed
Copying blob sha256:2823899961a8eb8ded5d53c5fe6bda8f64e7679032ce87cf909df59dcf2c5081
Copying blob sha256:7246064dc7fe5632b887f3253e6dd3c318553f83f919d79315fcd7ae3a812dd6
Copying blob sha256:8cc0597ce8c99bc0967dc577bda0878ae971f15fd02b0e1d780fcd1153ae0898
Copying config sha256:c0d14b2ac599289a8470f41618b4b2ec7ef1634745dfccbd03bd10cce2aafe22
Writing manifest to image destination
Copying image sha256:3a7f4c0797a041ef1f3a4871a516859971a0b43f177974d4f879171fd9729276 (2/2)
Getting image source signatures
Copying blob sha256:1ec50f97325b9389651e2e052e88dd644ecc94e97528ca705b10f7f2478ede91
Copying blob sha256:46f77a82cc49b9a0a224469d542c0d2285a386f28249053177f22f96b2b2288f
Copying blob sha256:6b6cf12021b35e84e571816dab0a6d541f63d57de6cf706bb965b7d68b275971
Copying blob sha256:16a131e272c0d5b5ea995539e0918161fe9649c731f69c1c084a011a3095f952
Copying config sha256:e35e5f553a46370b0f5e4a82ebdea0cf6aca66136e6e76c54700dfaa8198c54d
Writing manifest to image destination
Writing manifest list to image destination
Storing list signatures
==========================================
Building monitoring-plugin @ release-coo-ocp-4.15 with VERSION=v0.4.6 ORG=openshift-observability-ui
==========================================
Switched to branch 'release-coo-ocp-4.15'
Your branch is behind 'origin/release-coo-ocp-4.15' by 5 commits, and can be fast-forwarded.
  (use "git pull" to update your local branch)
From https://github.com/openshift/monitoring-plugin
 * branch              release-coo-ocp-4.15 -> FETCH_HEAD
   869b404b..e6d16c9f  release-coo-ocp-4.15 -> origin/release-coo-ocp-4.15
Updating 3eff6514..e6d16c9f
Fast-forward
 web/package-lock.json                     | 603 +++++++++++++++++++++++++++++-
 web/package.json                          |   3 +-
 web/src/components/console/utils/link.tsx |  57 +--
 3 files changed, 634 insertions(+), 29 deletions(-)
--- Attempt 1/3 ---
podman manifest rm quay.io/openshift-observability-ui/monitoring-console-plugin:v0.4.6 || true
Error: quay.io/openshift-observability-ui/monitoring-console-plugin:v0.4.6: image not known
podman manifest create quay.io/openshift-observability-ui/monitoring-console-plugin:v0.4.6
7960947b5208df57146e66d5923e5fc36d7181762ffdec468ba13f662c5c5c3e
podman build --platform linux/arm64,linux/amd64 --manifest quay.io/openshift-observability-ui/monitoring-console-plugin:v0.4.6 -f Dockerfile.mcp
[linux/arm64] [1/3] STEP 1/11: FROM registry.redhat.io/ubi9/nodejs-22:latest AS web-builder
[linux/arm64] [1/3] STEP 2/11: WORKDIR /opt/app-root
--> Using cache 531063a1bc70d43cd0d32648f3809884bab683baa1d6bb8dc47cf48a4f2e039f
--> 531063a1bc70
[linux/arm64] [1/3] STEP 3/11: USER 0
--> Using cache b8970e35feda1671c953a82b1e51c17578b526492e5a8c28a879593c67e0d764
--> b8970e35feda
[linux/arm64] [1/3] STEP 4/11: ENV HUSKY=0
--> Using cache 4725c0af6b8732dc6d2ea9d1a780e78a9352c44479599ad341419e657f5ce903
--> 4725c0af6b87
[linux/arm64] [1/3] STEP 5/11: COPY web/package*.json web/
--> 0d9c3fbbe1f1
[linux/arm64] [1/3] STEP 6/11: COPY Makefile Makefile
--> a9ce389081db
[linux/arm64] [1/3] STEP 7/11: RUN make install-frontend-ci
cd web && npm ci --ignore-scripts
npm warn deprecated rimraf@3.0.2: Rimraf versions prior to v4 are no longer supported
npm warn deprecated inflight@1.0.6: This module is not supported, and leaks memory. Do not use it. Check out lru-cache if you want a good and tested way to coalesce async requests by a key value, which is much more comprehensive and powerful.
npm warn deprecated i18next-parser@9.4.0: Project is deprecated, use i18next-cli instead
npm warn deprecated glob@7.2.3: Glob versions prior to v9 are no longer supported
npm warn deprecated @types/webpack-dev-server@4.7.2: This is a stub types definition. webpack-dev-server provides its own type definitions, so you do not need this installed.
npm warn deprecated eslint@8.44.0: This version is no longer supported. Please see https://eslint.org/version-support for other options.
npm warn deprecated @humanwhocodes/config-array@0.11.14: Use @eslint/config-array instead
npm warn deprecated @humanwhocodes/object-schema@2.0.3: Use @eslint/object-schema instead
npm warn deprecated glob@10.5.0: Old versions of glob are not supported, and contain widely publicized security vulnerabilities, which have been fixed in the current version. Please update. Support for old versions may be purchased (at exorbitant rates) by contacting i@izs.me
npm error code ECONNRESET
npm error network aborted
npm error network This is a problem related to network connectivity.
npm error network In most cases you are behind a proxy or have bad network settings.
npm error network
npm error network If you are behind a proxy, please make sure that the
npm error network 'proxy' config is set properly.  See: 'npm help config'
npm error A complete log of this run can be found in: /opt/app-root/src/.npm/_logs/2026-09-16T10_55_03_817Z-debug-0.log
make: *** [Makefile:14: install-frontend-ci] Error 1
[linux/amd64] [1/3] STEP 1/11: FROM registry.redhat.io/ubi9/nodejs-22:latest AS web-builder
Trying to pull registry.redhat.io/ubi9/nodejs-22:latest...
Getting image source signatures
Checking if image destination supports signatures
Copying blob sha256:a426c67a25d0dc9e5a27cdfbf2d93946f8ef6508351299d4b655d8d99025cb48
Copying blob sha256:cc6c54df811b0867866d695d6ce1e04fa5e1309584057d4101d43395a4551ff3
Copying blob sha256:df19a62bff501d77f1f32099c1a161a11054b128dcd93f475074b5aaccf947bd
Copying config sha256:a5b105f4ee7ecde67fe05faed2ab96d80f43e1282766650a7b7aaf487d565be7
Writing manifest to image destination
Storing signatures
[linux/amd64] [1/3] STEP 2/11: WORKDIR /opt/app-root
--> Using cache 07c5c20a09a30c771bd4bc428f655ea0dadedb2c84496928eed6db4b2e7e380f
--> 07c5c20a09a3
[linux/amd64] [1/3] STEP 3/11: USER 0
--> Using cache 3feeb8a86867864d750fe9d7b285c7461704cce89e9b8260a3ae6e34eb460393
--> 3feeb8a86867
[linux/amd64] [1/3] STEP 4/11: ENV HUSKY=0
--> Using cache d7513f02fbdfb830d4ba5185ed0db24d5f4c69e175bc6022517c4fb3b6b9d384
--> d7513f02fbdf
[linux/amd64] [1/3] STEP 5/11: COPY web/package*.json web/
--> b9720ce15777
[linux/amd64] [1/3] STEP 6/11: COPY Makefile Makefile
--> be2a991b7c04
[linux/amd64] [1/3] STEP 7/11: RUN make install-frontend-ci
cd web && npm ci --ignore-scripts
npm warn deprecated rimraf@3.0.2: Rimraf versions prior to v4 are no longer supported
npm warn deprecated inflight@1.0.6: This module is not supported, and leaks memory. Do not use it. Check out lru-cache if you want a good and tested way to coalesce async requests by a key value, which is much more comprehensive and powerful.
npm warn deprecated glob@7.2.3: Glob versions prior to v9 are no longer supported
npm warn deprecated i18next-parser@9.4.0: Project is deprecated, use i18next-cli instead
npm warn deprecated @types/webpack-dev-server@4.7.2: This is a stub types definition. webpack-dev-server provides its own type definitions, so you do not need this installed.
npm warn deprecated @humanwhocodes/object-schema@2.0.3: Use @eslint/object-schema instead
npm warn deprecated @humanwhocodes/config-array@0.11.14: Use @eslint/config-array instead
npm warn deprecated glob@10.5.0: Old versions of glob are not supported, and contain widely publicized security vulnerabilities, which have been fixed in the current version. Please update. Support for old versions may be purchased (at exorbitant rates) by contacting i@izs.me
npm warn deprecated eslint@8.44.0: This version is no longer supported. Please see https://eslint.org/version-support for other options.

added 1388 packages, and audited 1389 packages in 54s

286 packages are looking for funding
  run `npm fund` for details

41 vulnerabilities (3 low, 23 moderate, 14 high, 1 critical)

To address issues that do not require attention, run:
  npm audit fix

To address all issues possible (including breaking changes), run:
  npm audit fix --force

Some issues need review, and may require choosing
a different dependency.

Run `npm audit` for details.
--> d68999fd9a10
[linux/amd64] [1/3] STEP 8/11: COPY web/ web/
--> 594558ebdb14
[linux/amd64] [1/3] STEP 9/11: COPY config/ config/
--> 5a2ff316b771
[linux/amd64] [1/3] STEP 10/11: ENV CONSOLE_PLUGIN_NAME="monitoring-console-plugin"
--> 67b81c7f03e1
[linux/amd64] [1/3] STEP 11/11: RUN make build-frontend
cd web && npm run build

> monitoring-plugin@0.4.0 build
> npm run clean && NODE_ENV=production npm run ts-node node_modules/.bin/webpack


> monitoring-plugin@0.4.0 clean
> rm -rf dist


> monitoring-plugin@0.4.0 ts-node
> ts-node -O '{"module":"commonjs"}' node_modules/.bin/webpack

DEPRECATION WARNING [legacy-js-api]: The legacy JS API is deprecated and will be removed in Dart Sass 2.0.0.

More info: https://sass-lang.com/d/legacy-js-api

DEPRECATION WARNING [legacy-js-api]: The legacy JS API is deprecated and will be removed in Dart Sass 2.0.0.

More info: https://sass-lang.com/d/legacy-js-api

DEPRECATION WARNING [legacy-js-api]: The legacy JS API is deprecated and will be removed in Dart Sass 2.0.0.

More info: https://sass-lang.com/d/legacy-js-api

DEPRECATION WARNING [legacy-js-api]: The legacy JS API is deprecated and will be removed in Dart Sass 2.0.0.

More info: https://sass-lang.com/d/legacy-js-api

DEPRECATION WARNING [legacy-js-api]: The legacy JS API is deprecated and will be removed in Dart Sass 2.0.0.

More info: https://sass-lang.com/d/legacy-js-api

assets by path *.js 9.09 MiB
  assets by chunk 8.34 MiB (id hint: vendors)
    assets by status 7.31 MiB [big] 3 assets
    + 36 assets
  + 97 assets
assets by path assets/ 1.33 MiB
  assets by chunk 1.27 MiB (auxiliary id hint: vendors) 84 assets
  asset assets/codicon..ttf 55.2 KiB [emitted] [from: components/metrics/codicon.ttf]
  asset assets/restricted-sign..svg 2.38 KiB [emitted] [from: components/console/imgs/restricted-sign.svg] (auxiliary name: exposed-MonitoringRouter)
assets by path locales/ 59.7 KiB
  asset locales/en/plugin__monitoring-console-plugin.json 19.3 KiB [emitted] [from: ../locales/en/plugin__monitoring-plugin.json] [copied]
  asset locales/ja/plugin__monitoring-console-plugin.json 14.9 KiB [emitted] [from: ../locales/ja/plugin__monitoring-plugin.json] [copied]
  asset locales/ko/plugin__monitoring-console-plugin.json 13.6 KiB [emitted] [from: ../locales/ko/plugin__monitoring-plugin.json] [copied]
  asset locales/zh/plugin__monitoring-console-plugin.json 11.9 KiB [emitted] [from: ../locales/zh/plugin__monitoring-plugin.json] [copied]
asset plugin-manifest.json 5.41 KiB [emitted]
orphan modules 20.4 MiB [orphan] 20670 modules
runtime modules 53 KiB 15 modules
built modules 18 MiB (javascript) 1.33 MiB (asset) 3.04 KiB (consume-shared) 2.75 KiB (share-init) [built]
  javascript modules 17.9 MiB 1637 modules
  asset modules 1.33 MiB (asset) 3.53 KiB (javascript)
    modules by path ../node_modules/ 1.27 MiB (asset) 3.45 KiB (javascript) 84 modules
    modules by path ./components/ 57.5 KiB (asset) 84 bytes (javascript) 2 modules
  consume-shared-module modules 3.04 KiB 74 modules
  provide-module modules 2.75 KiB
    modules by path provide shared module (default) @patternfly/react-core/dist/dynamic/ 1.93 KiB 47 modules
    modules by path provide shared module (default) @patternfly/react-icons/dist/dynamic/icons/ 756 bytes 18 modules
    modules by path provide shared module (default) @patternfly/react-table/dist/dynamic/components/ 84 bytes 2 modules
  ../node_modules/tlds/index.json 10.9 KiB [built] [code generated]

WARNING in asset size limit: The following asset(s) exceed the recommended size limit (244 KiB).
This can impact web performance.
Assets: 
  6966-chunk-51585fa2f3b3ce1f644e.min.js (2.42 MiB)
  2608-chunk-b8621f688195f5f8428e.min.js (4.56 MiB)
  6898-chunk-7f02beb01f61a974566c.min.js (342 KiB)

webpack 5.105.2 compiled with 1 warning in 132282 ms
--> a271edb4f75c
[linux/amd64] [2/3] STEP 1/14: FROM registry.access.redhat.com/ubi9/go-toolset:1.26 AS go-builder
Trying to pull registry.access.redhat.com/ubi9/go-toolset:1.26...
Getting image source signatures
Checking if image destination supports signatures
Copying blob sha256:161e05ae87ae22da19dad2cae3770d612cd65a04d7f009b5dfff938b8e43f37a
Copying blob sha256:535c9115bc652471a345fed2b23bfcbd903430c8a9536d1799d18b6c62b5f5d5
Copying blob sha256:7c484deb77bcdf607654ab80e826685d6714c6ca87198f6717b729ae60aa63eb
Copying blob sha256:09b0ddc7b06a8bd121c5a3cea6009136b46cf4db04bd3284fe3f295a69e5bf28
Copying config sha256:10aa0a63da6452d793eb68aed324e8ec27b309f75ec739d95b19dbb26a9be042
Writing manifest to image destination
Storing signatures
[linux/amd64] [2/3] STEP 2/14: WORKDIR /opt/app-root
--> Using cache 87110b4bebf062875bbb848dcab66696e99aa2fc9c2f3afb3d0262587a00e181
--> 87110b4bebf0
[linux/amd64] [2/3] STEP 3/14: COPY Makefile Makefile
--> 7fe16d024170
[linux/amd64] [2/3] STEP 4/14: COPY go.mod go.mod
--> 8dd543024cc6
[linux/amd64] [2/3] STEP 5/14: COPY go.sum go.sum
--> 2fe375801fa3
[linux/amd64] [2/3] STEP 6/14: RUN make install-backend
go mod download
--> e4ac4a4fc4ee
[linux/amd64] [2/3] STEP 7/14: COPY cmd/ cmd/
--> 4bf971d3930e
[linux/amd64] [2/3] STEP 8/14: COPY pkg/ pkg/
--> c18cbf66a71d
[linux/amd64] [2/3] STEP 9/14: ENV GOOS=${TARGETOS:-linux}
--> 2b5a45c1460d
[linux/amd64] [2/3] STEP 10/14: ENV GOARCH=${TARGETARCH}
--> 311f89442964
[linux/amd64] [2/3] STEP 11/14: ENV GOEXPERIMENT=strictfipsruntime
--> fb9070839af4
[linux/amd64] [2/3] STEP 12/14: ENV GOFLAGS=-mod=readonly
--> 170116d61b6f
[linux/amd64] [2/3] STEP 13/14: ENV CGO_ENABLED=1
--> bb990c402a6d
[linux/amd64] [2/3] STEP 14/14: RUN make build-backend
go build  -mod=readonly -o plugin-backend cmd/plugin-backend.go
--> ebb714ee6ef4
[linux/amd64] [3/3] STEP 1/8: FROM registry.access.redhat.com/ubi9/ubi-minimal
Trying to pull registry.access.redhat.com/ubi9/ubi-minimal:latest...
Getting image source signatures
Checking if image destination supports signatures
Copying blob sha256:b66f4afff961364e2b31840faeac9f4cf40a138156bc5adbd4190044ff5160c0
Copying config sha256:4fda89b89b73066be4c0eba0f9690c5ca7dd50e703a8c28e48f3b64c5d8e4782
Writing manifest to image destination
Storing signatures
[linux/amd64] [3/3] STEP 2/8: RUN mkdir /licenses
--> 743fabee7360
[linux/amd64] [3/3] STEP 3/8: COPY LICENSE /licenses/.
--> b13a14d97292
[linux/amd64] [3/3] STEP 4/8: USER 1001
--> c04c67bf0cba
[linux/amd64] [3/3] STEP 5/8: COPY --from=web-builder /opt/app-root/web/dist /opt/app-root/web/dist
--> eb38f8682798
[linux/amd64] [3/3] STEP 6/8: COPY --from=go-builder /opt/app-root/plugin-backend /opt/app-root
--> d56b7d32175c
[linux/amd64] [3/3] STEP 7/8: COPY --from=web-builder /opt/app-root/config /opt/app-root/config
--> 6b38d88bdfae
[linux/amd64] [3/3] STEP 8/8: ENTRYPOINT ["/opt/app-root/plugin-backend", "-static-path", "/opt/app-root/web/dist"]
[linux/amd64] [3/3] COMMIT
--> 81088cd5d6e5
81088cd5d6e52ad81ddf7c8e65fb10dc94d09d87f0baed90ecb02e8cd6547bd8
Error: [linux/arm64]: building at STEP "RUN make install-frontend-ci": while running runtime: exit status 2

make: *** [podman-cross-build] Error 2
WARNING: Attempt 1 failed for monitoring-plugin @ release-coo-ocp-4.15 (exit code 2)
--- Attempt 2/3 ---
podman manifest rm quay.io/openshift-observability-ui/monitoring-console-plugin:v0.4.6 || true
Untagged: quay.io/openshift-observability-ui/monitoring-console-plugin:v0.4.6
Deleted: 7960947b5208df57146e66d5923e5fc36d7181762ffdec468ba13f662c5c5c3e
podman manifest create quay.io/openshift-observability-ui/monitoring-console-plugin:v0.4.6
cd78a60b92664927a014e7a5b1b59b5b9d8b5d4f8d8f0a35759fe374dc1a59d0
podman build --platform linux/arm64,linux/amd64 --manifest quay.io/openshift-observability-ui/monitoring-console-plugin:v0.4.6 -f Dockerfile.mcp
[linux/arm64] [1/3] STEP 1/11: FROM registry.redhat.io/ubi9/nodejs-22:latest AS web-builder
Trying to pull registry.redhat.io/ubi9/nodejs-22:latest...
Getting image source signatures
Checking if image destination supports signatures
Copying blob sha256:51f40407aea52f718b56160226d38d19de010dc9391045885618c4640694ca4b
Copying blob sha256:1d528cef78efeed291a9f71bfa137acec48792c73f11f9ed8be0dedcc7fe6b70
Copying blob sha256:ab2eb26b66524e601ddac1e25f3c6c4a77d304695c129c7e6afc2fd28c9813fd
Copying config sha256:07df1ea96144ef9b6bdd2aa67a83fb746f9bde11052db851df61e4256cdf4e79
Writing manifest to image destination
Storing signatures
[linux/arm64] [1/3] STEP 2/11: WORKDIR /opt/app-root
--> Using cache 531063a1bc70d43cd0d32648f3809884bab683baa1d6bb8dc47cf48a4f2e039f
--> 531063a1bc70
[linux/arm64] [1/3] STEP 3/11: USER 0
--> Using cache b8970e35feda1671c953a82b1e51c17578b526492e5a8c28a879593c67e0d764
--> b8970e35feda
[linux/arm64] [1/3] STEP 4/11: ENV HUSKY=0
--> Using cache 4725c0af6b8732dc6d2ea9d1a780e78a9352c44479599ad341419e657f5ce903
--> 4725c0af6b87
[linux/arm64] [1/3] STEP 5/11: COPY web/package*.json web/
--> Using cache 0d9c3fbbe1f1a8956247c8f1533375a8b3efdfa08bddf72f88eb53f2b04d3eab
--> 0d9c3fbbe1f1
[linux/arm64] [1/3] STEP 6/11: COPY Makefile Makefile
--> Using cache a9ce389081dbbf817a632ec270a70a259e126929cb7842673e479b2d55a19f56
--> a9ce389081db
[linux/arm64] [1/3] STEP 7/11: RUN make install-frontend-ci
cd web && npm ci --ignore-scripts
npm warn deprecated rimraf@3.0.2: Rimraf versions prior to v4 are no longer supported
npm warn deprecated inflight@1.0.6: This module is not supported, and leaks memory. Do not use it. Check out lru-cache if you want a good and tested way to coalesce async requests by a key value, which is much more comprehensive and powerful.
npm warn deprecated i18next-parser@9.4.0: Project is deprecated, use i18next-cli instead
npm warn deprecated glob@7.2.3: Glob versions prior to v9 are no longer supported
npm warn deprecated eslint@8.44.0: This version is no longer supported. Please see https://eslint.org/version-support for other options.
npm warn deprecated @types/webpack-dev-server@4.7.2: This is a stub types definition. webpack-dev-server provides its own type definitions, so you do not need this installed.
npm warn deprecated @humanwhocodes/object-schema@2.0.3: Use @eslint/object-schema instead
npm warn deprecated @humanwhocodes/config-array@0.11.14: Use @eslint/config-array instead
npm warn deprecated glob@10.5.0: Old versions of glob are not supported, and contain widely publicized security vulnerabilities, which have been fixed in the current version. Please update. Support for old versions may be purchased (at exorbitant rates) by contacting i@izs.me

added 1388 packages, and audited 1389 packages in 40s

286 packages are looking for funding
  run `npm fund` for details

41 vulnerabilities (3 low, 23 moderate, 14 high, 1 critical)

To address issues that do not require attention, run:
  npm audit fix

To address all issues possible (including breaking changes), run:
  npm audit fix --force

Some issues need review, and may require choosing
a different dependency.

Run `npm audit` for details.
--> 4aea0b36eb71
[linux/arm64] [1/3] STEP 8/11: COPY web/ web/
--> f4a86d138f52
[linux/arm64] [1/3] STEP 9/11: COPY config/ config/
--> 08a70e8950fd
[linux/arm64] [1/3] STEP 10/11: ENV CONSOLE_PLUGIN_NAME="monitoring-console-plugin"
--> a9ca9adf096c
[linux/arm64] [1/3] STEP 11/11: RUN make build-frontend
cd web && npm run build

> monitoring-plugin@0.4.0 build
> npm run clean && NODE_ENV=production npm run ts-node node_modules/.bin/webpack


> monitoring-plugin@0.4.0 clean
> rm -rf dist


> monitoring-plugin@0.4.0 ts-node
> ts-node -O '{"module":"commonjs"}' node_modules/.bin/webpack

DEPRECATION WARNING [legacy-js-api]: The legacy JS API is deprecated and will be removed in Dart Sass 2.0.0.

More info: https://sass-lang.com/d/legacy-js-api

DEPRECATION WARNING [legacy-js-api]: The legacy JS API is deprecated and will be removed in Dart Sass 2.0.0.

More info: https://sass-lang.com/d/legacy-js-api

DEPRECATION WARNING [legacy-js-api]: The legacy JS API is deprecated and will be removed in Dart Sass 2.0.0.

More info: https://sass-lang.com/d/legacy-js-api

DEPRECATION WARNING [legacy-js-api]: The legacy JS API is deprecated and will be removed in Dart Sass 2.0.0.

More info: https://sass-lang.com/d/legacy-js-api

DEPRECATION WARNING [legacy-js-api]: The legacy JS API is deprecated and will be removed in Dart Sass 2.0.0.

More info: https://sass-lang.com/d/legacy-js-api

assets by path *.js 9.09 MiB
  assets by chunk 8.34 MiB (id hint: vendors)
    assets by status 7.31 MiB [big] 3 assets
    + 36 assets
  + 97 assets
assets by path assets/ 1.33 MiB
  assets by chunk 1.27 MiB (auxiliary id hint: vendors) 84 assets
  asset assets/codicon..ttf 55.2 KiB [emitted] [from: components/metrics/codicon.ttf]
  asset assets/restricted-sign..svg 2.38 KiB [emitted] [from: components/console/imgs/restricted-sign.svg] (auxiliary name: exposed-MonitoringRouter)
assets by path locales/ 59.7 KiB
  asset locales/en/plugin__monitoring-console-plugin.json 19.3 KiB [emitted] [from: ../locales/en/plugin__monitoring-plugin.json] [copied]
  asset locales/ja/plugin__monitoring-console-plugin.json 14.9 KiB [emitted] [from: ../locales/ja/plugin__monitoring-plugin.json] [copied]
  asset locales/ko/plugin__monitoring-console-plugin.json 13.6 KiB [emitted] [from: ../locales/ko/plugin__monitoring-plugin.json] [copied]
  asset locales/zh/plugin__monitoring-console-plugin.json 11.9 KiB [emitted] [from: ../locales/zh/plugin__monitoring-plugin.json] [copied]
asset plugin-manifest.json 5.41 KiB [emitted]
orphan modules 20.4 MiB [orphan] 20670 modules
runtime modules 53 KiB 15 modules
built modules 18 MiB (javascript) 1.33 MiB (asset) 3.04 KiB (consume-shared) 2.75 KiB (share-init) [built]
  javascript modules 17.9 MiB 1637 modules
  asset modules 1.33 MiB (asset) 3.53 KiB (javascript)
    modules by path ../node_modules/ 1.27 MiB (asset) 3.45 KiB (javascript) 84 modules
    modules by path ./components/ 57.5 KiB (asset) 84 bytes (javascript) 2 modules
  consume-shared-module modules 3.04 KiB 74 modules
  provide-module modules 2.75 KiB
    modules by path provide shared module (default) @patternfly/react-core/dist/dynamic/ 1.93 KiB 47 modules
    modules by path provide shared module (default) @patternfly/react-icons/dist/dynamic/icons/ 756 bytes 18 modules
    modules by path provide shared module (default) @patternfly/react-table/dist/dynamic/components/ 84 bytes 2 modules
  ../node_modules/tlds/index.json 10.9 KiB [built] [code generated]

WARNING in asset size limit: The following asset(s) exceed the recommended size limit (244 KiB).
This can impact web performance.
Assets: 
  6966-chunk-51585fa2f3b3ce1f644e.min.js (2.42 MiB)
  2608-chunk-b8621f688195f5f8428e.min.js (4.56 MiB)
  6898-chunk-7f02beb01f61a974566c.min.js (342 KiB)

webpack 5.105.2 compiled with 1 warning in 92874 ms
--> 522e49b24bd9
[linux/amd64] [1/3] STEP 1/11: FROM registry.redhat.io/ubi9/nodejs-22:latest AS web-builder
Trying to pull registry.redhat.io/ubi9/nodejs-22:latest...
Getting image source signatures
Checking if image destination supports signatures
Copying blob sha256:a426c67a25d0dc9e5a27cdfbf2d93946f8ef6508351299d4b655d8d99025cb48
Copying blob sha256:df19a62bff501d77f1f32099c1a161a11054b128dcd93f475074b5aaccf947bd
Copying blob sha256:cc6c54df811b0867866d695d6ce1e04fa5e1309584057d4101d43395a4551ff3
Copying config sha256:a5b105f4ee7ecde67fe05faed2ab96d80f43e1282766650a7b7aaf487d565be7
Writing manifest to image destination
Storing signatures
[linux/amd64] [1/3] STEP 2/11: WORKDIR /opt/app-root
--> Using cache 07c5c20a09a30c771bd4bc428f655ea0dadedb2c84496928eed6db4b2e7e380f
--> 07c5c20a09a3
[linux/amd64] [1/3] STEP 3/11: USER 0
--> Using cache 3feeb8a86867864d750fe9d7b285c7461704cce89e9b8260a3ae6e34eb460393
--> 3feeb8a86867
[linux/amd64] [1/3] STEP 4/11: ENV HUSKY=0
--> Using cache d7513f02fbdfb830d4ba5185ed0db24d5f4c69e175bc6022517c4fb3b6b9d384
--> d7513f02fbdf
[linux/amd64] [1/3] STEP 5/11: COPY web/package*.json web/
--> Using cache b9720ce1577778a26f9166478cfdebc9d48ab9f8b18d25743f24644bd78cf9b3
--> b9720ce15777
[linux/amd64] [1/3] STEP 6/11: COPY Makefile Makefile
--> Using cache be2a991b7c0434841c60a3c12406ddb32939750e5cea5ba9d63590ab57453886
--> be2a991b7c04
[linux/amd64] [1/3] STEP 7/11: RUN make install-frontend-ci
--> Using cache d68999fd9a106729b4448e8c7361ae8d8b71ac86bdcf5afcbd14116ae46d4800
--> d68999fd9a10
[linux/amd64] [1/3] STEP 8/11: COPY web/ web/
--> Using cache 594558ebdb14ddaa18430c8017913c630bf0f5af355435cc84831bff122b47b0
--> 594558ebdb14
[linux/amd64] [1/3] STEP 9/11: COPY config/ config/
--> Using cache 5a2ff316b77152d2f3d8c42f029a181763c81c5f6ef465be761fc78ba0e77992
--> 5a2ff316b771
[linux/amd64] [1/3] STEP 10/11: ENV CONSOLE_PLUGIN_NAME="monitoring-console-plugin"
--> Using cache 67b81c7f03e166bdff672d7f162f2c440c5f315db6599fdf1dbead56176760c8
--> 67b81c7f03e1
[linux/amd64] [1/3] STEP 11/11: RUN make build-frontend
--> Using cache a271edb4f75c1acb0bcafd5659bdb2d4cf8314b04673ad6779604274c1a83e1c
--> a271edb4f75c
[linux/arm64] [2/3] STEP 1/14: FROM registry.access.redhat.com/ubi9/go-toolset:1.26 AS go-builder
Trying to pull registry.access.redhat.com/ubi9/go-toolset:1.26...
Getting image source signatures
Checking if image destination supports signatures
Copying blob sha256:ccbf8b3c04aacf18b6e8039882e5877b01ac81c4509872a1bc5497988794482d
Copying blob sha256:51673f5e488685d622dc82ecebbb0674784935f30cb31004db0c8acf6fb73e28
Copying blob sha256:73372a2b4d1ecaa43ad0ffb5c4de4a6083650cec0d2a0dad8a854cfeb066021f
Copying blob sha256:a24dfc124c51c93889fc03aad54d66b189aeb3260c6ab6d382bdf3ef269326d2
Copying config sha256:2ddf26b1dd62c7c30fa8d539c6758a9f7fac5de1b9bf2409ef00df6d639b5c3f
Writing manifest to image destination
Storing signatures
[linux/arm64] [2/3] STEP 2/14: WORKDIR /opt/app-root
--> Using cache 3de4f887367ff4e105f55683ae1a70e9385a5d83ce5124c563c3f51862f5e70a
--> 3de4f887367f
[linux/arm64] [2/3] STEP 3/14: COPY Makefile Makefile
--> 93be2cb04a23
[linux/arm64] [2/3] STEP 4/14: COPY go.mod go.mod
--> e93253ebc2f9
[linux/arm64] [2/3] STEP 5/14: COPY go.sum go.sum
--> 556c1d3fd829
[linux/arm64] [2/3] STEP 6/14: RUN make install-backend
go mod download
--> 0563db0aaa2f
[linux/arm64] [2/3] STEP 7/14: COPY cmd/ cmd/
--> 10c2bb53dbe7
[linux/arm64] [2/3] STEP 8/14: COPY pkg/ pkg/
--> 5d885556f825
[linux/arm64] [2/3] STEP 9/14: ENV GOOS=${TARGETOS:-linux}
--> b6374e97d974
[linux/arm64] [2/3] STEP 10/14: ENV GOARCH=${TARGETARCH}
--> fdce0ce2ba97
[linux/arm64] [2/3] STEP 11/14: ENV GOEXPERIMENT=strictfipsruntime
--> 59104d56d872
[linux/arm64] [2/3] STEP 12/14: ENV GOFLAGS=-mod=readonly
--> 35d962c0722d
[linux/arm64] [2/3] STEP 13/14: ENV CGO_ENABLED=1
--> 7c81d8f527af
[linux/arm64] [2/3] STEP 14/14: RUN make build-backend
go build  -mod=readonly -o plugin-backend cmd/plugin-backend.go
--> 1ce52dddfcf1
[linux/amd64] [2/3] STEP 1/14: FROM registry.access.redhat.com/ubi9/go-toolset:1.26 AS go-builder
Trying to pull registry.access.redhat.com/ubi9/go-toolset:1.26...
Getting image source signatures
Checking if image destination supports signatures
Copying blob sha256:161e05ae87ae22da19dad2cae3770d612cd65a04d7f009b5dfff938b8e43f37a
Copying blob sha256:7c484deb77bcdf607654ab80e826685d6714c6ca87198f6717b729ae60aa63eb
Copying blob sha256:535c9115bc652471a345fed2b23bfcbd903430c8a9536d1799d18b6c62b5f5d5
Copying blob sha256:09b0ddc7b06a8bd121c5a3cea6009136b46cf4db04bd3284fe3f295a69e5bf28
Copying config sha256:10aa0a63da6452d793eb68aed324e8ec27b309f75ec739d95b19dbb26a9be042
Writing manifest to image destination
Storing signatures
[linux/amd64] [2/3] STEP 2/14: WORKDIR /opt/app-root
--> Using cache 87110b4bebf062875bbb848dcab66696e99aa2fc9c2f3afb3d0262587a00e181
--> 87110b4bebf0
[linux/amd64] [2/3] STEP 3/14: COPY Makefile Makefile
--> Using cache 7fe16d024170864a5272a0573dc114c65b7ebe76220545d04b4d63d6d2f311ad
--> 7fe16d024170
[linux/amd64] [2/3] STEP 4/14: COPY go.mod go.mod
--> Using cache 8dd543024cc691a61a5119d9ea1c2fb995cccabc83e402f3c425eddae135ee91
--> 8dd543024cc6
[linux/amd64] [2/3] STEP 5/14: COPY go.sum go.sum
--> Using cache 2fe375801fa362a606f6675171c824c02ae2af6469dda807e6faa33ba9074621
--> 2fe375801fa3
[linux/amd64] [2/3] STEP 6/14: RUN make install-backend
--> Using cache e4ac4a4fc4ee11302254f1ed49d4766804bbc144c4024341683afa851924cf56
--> e4ac4a4fc4ee
[linux/amd64] [2/3] STEP 7/14: COPY cmd/ cmd/
--> Using cache 4bf971d3930ef9381ae13e6bddaf592230aaf6f351f34785018bf2cd4696df66
--> 4bf971d3930e
[linux/amd64] [2/3] STEP 8/14: COPY pkg/ pkg/
--> Using cache c18cbf66a71d023324343c755195cdaf084484c389c8cb43fbeb885562d6c9a5
--> c18cbf66a71d
[linux/amd64] [2/3] STEP 9/14: ENV GOOS=${TARGETOS:-linux}
--> Using cache 2b5a45c1460d2cb241a1d99a231478f1cd0fcf440de90dc8bd3aec6ba0ab5ca0
--> 2b5a45c1460d
[linux/amd64] [2/3] STEP 10/14: ENV GOARCH=${TARGETARCH}
--> Using cache 311f8944296422d6eb90022c4e493a5a24bd30de5823ad418443b3f9bca31ab2
--> 311f89442964
[linux/amd64] [2/3] STEP 11/14: ENV GOEXPERIMENT=strictfipsruntime
--> Using cache fb9070839af4ad1bc8be8729746bd3bec695c0cc77e373f251ebf2a0524182e7
--> fb9070839af4
[linux/amd64] [2/3] STEP 12/14: ENV GOFLAGS=-mod=readonly
--> Using cache 170116d61b6fc91ba5ba4555a394f923df8ad637f38478c36bccf1ec13b164c6
--> 170116d61b6f
[linux/amd64] [2/3] STEP 13/14: ENV CGO_ENABLED=1
--> Using cache bb990c402a6d80cc4e7c6b24b9137cf73901fd4e9709bfab54589d90a913cea9
--> bb990c402a6d
[linux/amd64] [2/3] STEP 14/14: RUN make build-backend
--> Using cache ebb714ee6ef439eb7ad2651f782be1197da3783bf9ad96a346bec16e499e3531
--> ebb714ee6ef4
[linux/arm64] [3/3] STEP 1/8: FROM registry.access.redhat.com/ubi9/ubi-minimal
Trying to pull registry.access.redhat.com/ubi9/ubi-minimal:latest...
Getting image source signatures
Checking if image destination supports signatures
Copying blob sha256:36e72d37accbc857387599416b2fbab8fba8dd4b3f3b465ab05e57367cbe05fd
Copying config sha256:d5dc52ee643af910a58080edfbd1a5e9baf9c4505788b47173ac279ae1600cc8
Writing manifest to image destination
Storing signatures
[linux/arm64] [3/3] STEP 2/8: RUN mkdir /licenses
--> 8b2f97618804
[linux/arm64] [3/3] STEP 3/8: COPY LICENSE /licenses/.
--> 0c98cf6c0120
[linux/arm64] [3/3] STEP 4/8: USER 1001
--> 0efd209b987f
[linux/arm64] [3/3] STEP 5/8: COPY --from=web-builder /opt/app-root/web/dist /opt/app-root/web/dist
--> 88d65c37a279
[linux/arm64] [3/3] STEP 6/8: COPY --from=go-builder /opt/app-root/plugin-backend /opt/app-root
--> 305b12c46fec
[linux/arm64] [3/3] STEP 7/8: COPY --from=web-builder /opt/app-root/config /opt/app-root/config
--> cc7c911704a7
[linux/arm64] [3/3] STEP 8/8: ENTRYPOINT ["/opt/app-root/plugin-backend", "-static-path", "/opt/app-root/web/dist"]
[linux/arm64] [3/3] COMMIT
--> 590d00959439
[linux/amd64] [3/3] STEP 1/8: FROM registry.access.redhat.com/ubi9/ubi-minimal
Trying to pull registry.access.redhat.com/ubi9/ubi-minimal:latest...
590d009594396edd9c5601c423aba5037e1bb442307f178fd1b00aca2f77e081
Getting image source signatures
Checking if image destination supports signatures
Copying blob sha256:b66f4afff961364e2b31840faeac9f4cf40a138156bc5adbd4190044ff5160c0
Copying config sha256:4fda89b89b73066be4c0eba0f9690c5ca7dd50e703a8c28e48f3b64c5d8e4782
Writing manifest to image destination
Storing signatures
[linux/amd64] [3/3] STEP 2/8: RUN mkdir /licenses
--> Using cache 743fabee7360c29247fc85d6cd386872a85f75bce4a52858184410ea6161ea12
--> 743fabee7360
[linux/amd64] [3/3] STEP 3/8: COPY LICENSE /licenses/.
--> Using cache b13a14d97292ee6d17afa3586824e083459c8165d1b997b7558f31f9f75b0cec
--> b13a14d97292
[linux/amd64] [3/3] STEP 4/8: USER 1001
--> Using cache c04c67bf0cba5993c3bec9c24406f0cf258782b8df57036567687964aa4cc706
--> c04c67bf0cba
[linux/amd64] [3/3] STEP 5/8: COPY --from=web-builder /opt/app-root/web/dist /opt/app-root/web/dist
--> Using cache eb38f86827980a87ca118dcc1f750f47a91ad813387fdcfc4f6487cc1eb43f2f
--> eb38f8682798
[linux/amd64] [3/3] STEP 6/8: COPY --from=go-builder /opt/app-root/plugin-backend /opt/app-root
--> Using cache d56b7d32175c550d0b35b3c3fbbd1e2bd60c3b377d55bf983ddd3d8d602caeb2
--> d56b7d32175c
[linux/amd64] [3/3] STEP 7/8: COPY --from=web-builder /opt/app-root/config /opt/app-root/config
--> Using cache 6b38d88bdfae87f51b3415caf6db5b67500fd6e517490aa4a22e650ff387169c
--> 6b38d88bdfae
[linux/amd64] [3/3] STEP 8/8: ENTRYPOINT ["/opt/app-root/plugin-backend", "-static-path", "/opt/app-root/web/dist"]
--> Using cache 81088cd5d6e52ad81ddf7c8e65fb10dc94d09d87f0baed90ecb02e8cd6547bd8
--> 81088cd5d6e5
81088cd5d6e52ad81ddf7c8e65fb10dc94d09d87f0baed90ecb02e8cd6547bd8
podman manifest push quay.io/openshift-observability-ui/monitoring-console-plugin:v0.4.6
Getting image list signatures
Copying 2 images generated from 2 images in list
Copying image sha256:e7d0802aafe30d83e38e4fa755df87144d4d4646b25342a400a25e904b7f6f41 (1/2)
Getting image source signatures
Copying blob sha256:b9b86a1184ec20c6f6c588a41356fcf18a8300a0ad4381eed006ac6592e52b23
Copying blob sha256:d4d642aae89d7493720a69ed393703a971780b82077c62badfc75729fa15fbc9
Copying blob sha256:46f77a82cc49b9a0a224469d542c0d2285a386f28249053177f22f96b2b2288f
Copying blob sha256:119968c143240ee90bc619d38d070fe5a691c76350003a277e295c0244a8209d
Copying blob sha256:175b1de590530117cc6f2946fe4264e18fb6d2f35f5352a1013ffc9ad26ab9aa
Copying blob sha256:f5731a7826107e23e0924cc7f10d8699b1423a16364e032c243837699530139c
Copying config sha256:590d009594396edd9c5601c423aba5037e1bb442307f178fd1b00aca2f77e081
Writing manifest to image destination
Copying image sha256:7078d16ab9063c1fcdcd7017fae50a40fded7785dc729a42526bf73b815275ce (2/2)
Getting image source signatures
Copying blob sha256:2823899961a8eb8ded5d53c5fe6bda8f64e7679032ce87cf909df59dcf2c5081
Copying blob sha256:37daa813eea641fcd99e2d05be3f098639c895ffdc03104c9949c48e07f96b45
Copying blob sha256:4329707aea955bed65bd5a1a4752c4049f9f033f019529ecc8ed8b3718121e3b
Copying blob sha256:5400aae257aee099eb2fc0ddd0a3fdccfe494972f0489b72a3425b0105620ebe
Copying blob sha256:b645f5ac22e4b793f82ef0c097caf4e06c6cc605ad2a47d761a3e2c4c9377f4b
Copying blob sha256:7262fece5129197301084431e14efaa8c842be0636781d226a6d527b1fc734c7
Copying config sha256:81088cd5d6e52ad81ddf7c8e65fb10dc94d09d87f0baed90ecb02e8cd6547bd8
Writing manifest to image destination
Writing manifest list to image destination
Storing list signatures
==========================================
Building distributed-tracing-plugin @ release-coo-ocp-4.19 with VERSION=v1.0.5 ORG=openshift-observability-ui
==========================================
Switched to branch 'release-coo-ocp-4.19'
Your branch is up to date with 'origin/release-coo-ocp-4.19'.
From https://github.com/openshift/distributed-tracing-console-plugin
 * branch            release-coo-ocp-4.19 -> FETCH_HEAD
Already up to date.
--- Attempt 1/3 ---
podman manifest rm quay.io/openshift-observability-ui/distributed-tracing-console-plugin:v1.0.5 || true
Error: quay.io/openshift-observability-ui/distributed-tracing-console-plugin:v1.0.5: image not known
podman manifest create quay.io/openshift-observability-ui/distributed-tracing-console-plugin:v1.0.5
9f81a67077e97d0de4818c3f6a1ff39a82b5f3089317ca32bea5a9c55350b02a
podman build --platform=linux/arm64,linux/amd64 --manifest quay.io/openshift-observability-ui/distributed-tracing-console-plugin:v1.0.5 -f Dockerfile
[linux/amd64] [1/3] STEP 1/8: FROM registry.redhat.io/ubi9/nodejs-22:latest AS web-builder
[linux/amd64] [1/3] STEP 2/8: WORKDIR /opt/app-root
--> Using cache 07c5c20a09a30c771bd4bc428f655ea0dadedb2c84496928eed6db4b2e7e380f
--> 07c5c20a09a3
[linux/amd64] [1/3] STEP 3/8: USER 0
--> Using cache 3feeb8a86867864d750fe9d7b285c7461704cce89e9b8260a3ae6e34eb460393
--> 3feeb8a86867
[linux/amd64] [1/3] STEP 4/8: COPY web/package*.json web/
--> 8bb1e25064be
[linux/amd64] [1/3] STEP 5/8: COPY Makefile Makefile
--> 39d64f326324
[linux/amd64] [1/3] STEP 6/8: RUN make install-frontend-ci-clean
cd web && npm ci --ignore-scripts --omit=optional
npm warn deprecated rimraf@3.0.2: Rimraf versions prior to v4 are no longer supported
npm warn deprecated inflight@1.0.6: This module is not supported, and leaks memory. Do not use it. Check out lru-cache if you want a good and tested way to coalesce async requests by a key value, which is much more comprehensive and powerful.
npm warn deprecated glob@7.2.3: Glob versions prior to v9 are no longer supported
npm warn deprecated popper.js@1.16.1: You can find the new Popper v2 at @popperjs/core, this package is dedicated to the legacy v1
npm warn deprecated @humanwhocodes/object-schema@2.0.3: Use @eslint/object-schema instead
npm warn deprecated @humanwhocodes/config-array@0.13.0: Use @eslint/config-array instead
npm warn deprecated eslint@8.57.1: This version is no longer supported. Please see https://eslint.org/version-support for other options.
npm warn deprecated rimraf@2.7.1: Rimraf versions prior to v4 are no longer supported

added 1811 packages, and audited 1812 packages in 55s

312 packages are looking for funding
  run `npm fund` for details

44 vulnerabilities (2 low, 23 moderate, 18 high, 1 critical)

To address issues that do not require attention, run:
  npm audit fix

To address all issues possible (including breaking changes), run:
  npm audit fix --force

Some issues need review, and may require choosing
a different dependency.

Run `npm audit` for details.
cd web && npm cache clean --force
npm warn using --force Recommended protections disabled.
--> 444192c85081
[linux/amd64] [1/3] STEP 7/8: COPY web/ web/
--> 95ba1552fa34
[linux/amd64] [1/3] STEP 8/8: RUN make build-frontend
cd web && npm run build

> distributed-tracing-console-plugin@1.0.0 build
> npm run clean && NODE_ENV=production npm run webpack


> distributed-tracing-console-plugin@1.0.0 clean
> rm -rf dist


> distributed-tracing-console-plugin@1.0.0 webpack
> node -r ts-node/register ./node_modules/.bin/webpack

assets by path assets/ 1.27 MiB
  assets by path assets/*.woff 740 KiB 42 assets
  assets by path assets/*.woff2 565 KiB
    asset assets/inter-latin-ext-600-normal..woff2 35.4 KiB [emitted] [from: ../node_modules/@fontsource/inter/files/inter-latin-ext-600-normal.woff2] (auxiliary id hint: vendors)
    asset assets/inter-latin-ext-700-normal..woff2 35.4 KiB [emitted] [from: ../node_modules/@fontsource/inter/files/inter-latin-ext-700-normal.woff2] (auxiliary id hint: vendors)
    + 40 assets
assets by path *.js 3.3 MiB
  assets by chunk 2.94 MiB (id hint: vendors)
    asset 1907-chunk-a659e32230067e72d6a9.min.js 2.61 MiB [emitted] [immutable] [minimized] [big] (id hint: vendors) 1 related asset
    asset 3864-chunk-29ef05162fade1526552.min.js 121 KiB [emitted] [immutable] [minimized] (id hint: vendors) 1 related asset
    asset 6808-chunk-3dbcba6b79bcfec54e21.min.js 42 KiB [emitted] [immutable] [minimized] (id hint: vendors)
    + 9 assets
  + 67 assets
asset locales/en/plugin__distributed-tracing-console-plugin.json 4.29 KiB [emitted] [from: ../locales/en/plugin__distributed-tracing-console-plugin.json] [copied]
asset plugin-manifest.json 895 bytes [emitted]
orphan modules 21.9 MiB [orphan] 13317 modules
runtime modules 34.7 KiB 14 modules
built modules 10.2 MiB (javascript) 1.27 MiB (asset) 1.6 KiB (consume-shared) 1.39 KiB (share-init) [built]
  javascript modules 10.2 MiB 721 modules
  asset modules 1.27 MiB (asset) 3.45 KiB (javascript)
    modules by path ../node_modules/@fontsource/inter/files/*.woff2 565 KiB (asset) 1.72 KiB (javascript) 42 modules
    modules by path ../node_modules/@fontsource/inter/files/*.woff 740 KiB (asset) 1.72 KiB (javascript) 42 modules
  consume-shared-module modules 1.6 KiB
    modules by path consume shared module (default) @patternfly/ 1.39 KiB 34 modules
    + 5 modules
  provide-module modules 1.39 KiB
    modules by path provide shared module (default) @patternfly/react-core/dist/dynamic/ 924 bytes 22 modules
    modules by path provide shared module (default) @patternfly/react-icons/dist/dynamic/icons/ 504 bytes 12 modules

WARNING in asset size limit: The following asset(s) exceed the recommended size limit (244 KiB).
This can impact web performance.
Assets: 
  1907-chunk-a659e32230067e72d6a9.min.js (2.61 MiB)

webpack 5.105.3 compiled with 1 warning in 102072 ms
--> a58ffc59d33d
[linux/arm64] [1/3] STEP 1/8: FROM registry.redhat.io/ubi9/nodejs-22:latest AS web-builder
Trying to pull registry.redhat.io/ubi9/nodejs-22:latest...
Getting image source signatures
Checking if image destination supports signatures
Copying blob sha256:51f40407aea52f718b56160226d38d19de010dc9391045885618c4640694ca4b
Copying blob sha256:1d528cef78efeed291a9f71bfa137acec48792c73f11f9ed8be0dedcc7fe6b70
Copying blob sha256:ab2eb26b66524e601ddac1e25f3c6c4a77d304695c129c7e6afc2fd28c9813fd
Copying config sha256:07df1ea96144ef9b6bdd2aa67a83fb746f9bde11052db851df61e4256cdf4e79
Writing manifest to image destination
Storing signatures
[linux/arm64] [1/3] STEP 2/8: WORKDIR /opt/app-root
--> Using cache 531063a1bc70d43cd0d32648f3809884bab683baa1d6bb8dc47cf48a4f2e039f
--> 531063a1bc70
[linux/arm64] [1/3] STEP 3/8: USER 0
--> Using cache b8970e35feda1671c953a82b1e51c17578b526492e5a8c28a879593c67e0d764
--> b8970e35feda
[linux/arm64] [1/3] STEP 4/8: COPY web/package*.json web/
--> a4e81be24e6d
[linux/arm64] [1/3] STEP 5/8: COPY Makefile Makefile
--> f01485448868
[linux/arm64] [1/3] STEP 6/8: RUN make install-frontend-ci-clean
cd web && npm ci --ignore-scripts --omit=optional
npm warn deprecated rimraf@3.0.2: Rimraf versions prior to v4 are no longer supported
npm warn deprecated popper.js@1.16.1: You can find the new Popper v2 at @popperjs/core, this package is dedicated to the legacy v1
npm warn deprecated inflight@1.0.6: This module is not supported, and leaks memory. Do not use it. Check out lru-cache if you want a good and tested way to coalesce async requests by a key value, which is much more comprehensive and powerful.
npm warn deprecated glob@7.2.3: Glob versions prior to v9 are no longer supported
npm warn deprecated eslint@8.57.1: This version is no longer supported. Please see https://eslint.org/version-support for other options.
npm warn deprecated @humanwhocodes/object-schema@2.0.3: Use @eslint/object-schema instead
npm warn deprecated @humanwhocodes/config-array@0.13.0: Use @eslint/config-array instead
npm warn deprecated rimraf@2.7.1: Rimraf versions prior to v4 are no longer supported

added 1811 packages, and audited 1812 packages in 41s

312 packages are looking for funding
  run `npm fund` for details

44 vulnerabilities (2 low, 23 moderate, 18 high, 1 critical)

To address issues that do not require attention, run:
  npm audit fix

To address all issues possible (including breaking changes), run:
  npm audit fix --force

Some issues need review, and may require choosing
a different dependency.

Run `npm audit` for details.
cd web && npm cache clean --force
npm warn using --force Recommended protections disabled.
--> dabac05f6043
[linux/arm64] [1/3] STEP 7/8: COPY web/ web/
--> 60f1fda1ed21
[linux/arm64] [1/3] STEP 8/8: RUN make build-frontend
cd web && npm run build

> distributed-tracing-console-plugin@1.0.0 build
> npm run clean && NODE_ENV=production npm run webpack


> distributed-tracing-console-plugin@1.0.0 clean
> rm -rf dist


> distributed-tracing-console-plugin@1.0.0 webpack
> node -r ts-node/register ./node_modules/.bin/webpack

assets by path assets/ 1.27 MiB
  assets by path assets/*.woff 740 KiB 42 assets
  assets by path assets/*.woff2 565 KiB
    asset assets/inter-latin-ext-600-normal..woff2 35.4 KiB [emitted] [from: ../node_modules/@fontsource/inter/files/inter-latin-ext-600-normal.woff2] (auxiliary id hint: vendors)
    asset assets/inter-latin-ext-700-normal..woff2 35.4 KiB [emitted] [from: ../node_modules/@fontsource/inter/files/inter-latin-ext-700-normal.woff2] (auxiliary id hint: vendors)
    + 40 assets
assets by path *.js 3.3 MiB
  assets by chunk 2.94 MiB (id hint: vendors)
    asset 1907-chunk-a659e32230067e72d6a9.min.js 2.61 MiB [emitted] [immutable] [minimized] [big] (id hint: vendors) 1 related asset
    asset 3864-chunk-29ef05162fade1526552.min.js 121 KiB [emitted] [immutable] [minimized] (id hint: vendors) 1 related asset
    asset 6808-chunk-3dbcba6b79bcfec54e21.min.js 42 KiB [emitted] [immutable] [minimized] (id hint: vendors)
    + 9 assets
  + 67 assets
asset locales/en/plugin__distributed-tracing-console-plugin.json 4.29 KiB [emitted] [from: ../locales/en/plugin__distributed-tracing-console-plugin.json] [copied]
asset plugin-manifest.json 895 bytes [emitted]
orphan modules 21.9 MiB [orphan] 13317 modules
runtime modules 34.7 KiB 14 modules
built modules 10.2 MiB (javascript) 1.27 MiB (asset) 1.6 KiB (consume-shared) 1.39 KiB (share-init) [built]
  javascript modules 10.2 MiB 721 modules
  asset modules 1.27 MiB (asset) 3.45 KiB (javascript)
    modules by path ../node_modules/@fontsource/inter/files/*.woff2 565 KiB (asset) 1.72 KiB (javascript) 42 modules
    modules by path ../node_modules/@fontsource/inter/files/*.woff 740 KiB (asset) 1.72 KiB (javascript) 42 modules
  consume-shared-module modules 1.6 KiB
    modules by path consume shared module (default) @patternfly/ 1.39 KiB 34 modules
    + 5 modules
  provide-module modules 1.39 KiB
    modules by path provide shared module (default) @patternfly/react-core/dist/dynamic/ 924 bytes 22 modules
    modules by path provide shared module (default) @patternfly/react-icons/dist/dynamic/icons/ 504 bytes 12 modules

WARNING in asset size limit: The following asset(s) exceed the recommended size limit (244 KiB).
This can impact web performance.
Assets: 
  1907-chunk-a659e32230067e72d6a9.min.js (2.61 MiB)

webpack 5.105.3 compiled with 1 warning in 87228 ms
--> f92b1f789830
[linux/amd64] [2/3] STEP 1/11: FROM registry.access.redhat.com/ubi9/go-toolset:1.26 AS go-builder
[linux/amd64] [2/3] STEP 2/11: WORKDIR /opt/app-root
--> Using cache 87110b4bebf062875bbb848dcab66696e99aa2fc9c2f3afb3d0262587a00e181
--> 87110b4bebf0
[linux/amd64] [2/3] STEP 3/11: COPY Makefile Makefile
--> Using cache d7016c3b7016738707569e29211777c95dcf3ab50af88e1c43ccc7f4461642e0
--> d7016c3b7016
[linux/amd64] [2/3] STEP 4/11: COPY go.mod go.mod
--> b750c31789c1
[linux/amd64] [2/3] STEP 5/11: COPY go.sum go.sum
--> bb17cb66a4d3
[linux/amd64] [2/3] STEP 6/11: RUN go mod download
--> bc7bd1166cdc
[linux/amd64] [2/3] STEP 7/11: COPY cmd/ cmd/
--> 5f1dffa8ed20
[linux/amd64] [2/3] STEP 8/11: COPY pkg/ pkg/
--> 337376a5f5a2
[linux/amd64] [2/3] STEP 9/11: ENV GOEXPERIMENT=strictfipsruntime
--> 6b1ca71e1fd1
[linux/amd64] [2/3] STEP 10/11: ENV CGO_ENABLED=1
--> 2f2adf218b0c
[linux/amd64] [2/3] STEP 11/11: RUN make build-backend BUILD_OPTS="-tags strictfipsruntime"
go build -tags strictfipsruntime -o plugin-backend -mod=readonly cmd/plugin-backend.go
--> 8d165b1bca15
[linux/arm64] [2/3] STEP 1/11: FROM registry.access.redhat.com/ubi9/go-toolset:1.26 AS go-builder
Trying to pull registry.access.redhat.com/ubi9/go-toolset:1.26...
Getting image source signatures
Checking if image destination supports signatures
Copying blob sha256:73372a2b4d1ecaa43ad0ffb5c4de4a6083650cec0d2a0dad8a854cfeb066021f
Copying blob sha256:a24dfc124c51c93889fc03aad54d66b189aeb3260c6ab6d382bdf3ef269326d2
Copying blob sha256:51673f5e488685d622dc82ecebbb0674784935f30cb31004db0c8acf6fb73e28
Copying blob sha256:ccbf8b3c04aacf18b6e8039882e5877b01ac81c4509872a1bc5497988794482d
Copying config sha256:2ddf26b1dd62c7c30fa8d539c6758a9f7fac5de1b9bf2409ef00df6d639b5c3f
Writing manifest to image destination
Storing signatures
[linux/arm64] [2/3] STEP 2/11: WORKDIR /opt/app-root
--> Using cache 3de4f887367ff4e105f55683ae1a70e9385a5d83ce5124c563c3f51862f5e70a
--> 3de4f887367f
[linux/arm64] [2/3] STEP 3/11: COPY Makefile Makefile
--> Using cache 51a970f11d97f89c2f84fe29db18fc92c96d472eaffdf1b0767e66ef8ae23dd4
--> 51a970f11d97
[linux/arm64] [2/3] STEP 4/11: COPY go.mod go.mod
--> 60cea684c7e4
[linux/arm64] [2/3] STEP 5/11: COPY go.sum go.sum
--> 1c347a79d982
[linux/arm64] [2/3] STEP 6/11: RUN go mod download
--> 0c7a50f818bc
[linux/arm64] [2/3] STEP 7/11: COPY cmd/ cmd/
--> 7bdc0c10d38e
[linux/arm64] [2/3] STEP 8/11: COPY pkg/ pkg/
--> 4957d1b4545e
[linux/arm64] [2/3] STEP 9/11: ENV GOEXPERIMENT=strictfipsruntime
--> e6a8f6a27241
[linux/arm64] [2/3] STEP 10/11: ENV CGO_ENABLED=1
--> 61c7e6748631
[linux/arm64] [2/3] STEP 11/11: RUN make build-backend BUILD_OPTS="-tags strictfipsruntime"
go build -tags strictfipsruntime -o plugin-backend -mod=readonly cmd/plugin-backend.go
--> 31c5a6996a91
[linux/amd64] [3/3] STEP 1/4: FROM registry.access.redhat.com/ubi9/ubi-minimal
[linux/amd64] [3/3] STEP 2/4: COPY --from=web-builder /opt/app-root/web/dist /opt/app-root/web/dist
--> d07c3865a334
[linux/amd64] [3/3] STEP 3/4: COPY --from=go-builder /opt/app-root/plugin-backend /opt/app-root
--> 7b08dd245d4e
[linux/amd64] [3/3] STEP 4/4: ENTRYPOINT ["/opt/app-root/plugin-backend", "-static-path", "/opt/app-root/web/dist", "-config-path", "/opt/app-root/web/dist"]
[linux/amd64] [3/3] COMMIT
--> 5c7ef5e43003
[linux/arm64] [3/3] STEP 1/4: FROM registry.access.redhat.com/ubi9/ubi-minimal
5c7ef5e43003c7af033d6eba63752a05cf4c4f2b26fedc8571dea8b7fa2381d7
Trying to pull registry.access.redhat.com/ubi9/ubi-minimal:latest...
Getting image source signatures
Checking if image destination supports signatures
Copying blob sha256:36e72d37accbc857387599416b2fbab8fba8dd4b3f3b465ab05e57367cbe05fd
Copying config sha256:d5dc52ee643af910a58080edfbd1a5e9baf9c4505788b47173ac279ae1600cc8
Writing manifest to image destination
Storing signatures
[linux/arm64] [3/3] STEP 2/4: COPY --from=web-builder /opt/app-root/web/dist /opt/app-root/web/dist
--> e2d7a9f42d5e
[linux/arm64] [3/3] STEP 3/4: COPY --from=go-builder /opt/app-root/plugin-backend /opt/app-root
--> bb6e2dfdf108
[linux/arm64] [3/3] STEP 4/4: ENTRYPOINT ["/opt/app-root/plugin-backend", "-static-path", "/opt/app-root/web/dist", "-config-path", "/opt/app-root/web/dist"]
[linux/arm64] [3/3] COMMIT
--> 9db066516f6a
9db066516f6a2e1e81752127e7a6b1168fcacc0638cd59d3142936fc4ea9b74a
podman manifest push quay.io/openshift-observability-ui/distributed-tracing-console-plugin:v1.0.5
Getting image list signatures
Copying 2 images generated from 2 images in list
Copying image sha256:2cfe7896bd40dfba3dcaacb0df98a225de7fe74cc6c7517dcaac387cc67e8521 (1/2)
Getting image source signatures
Copying blob sha256:ac98b0d8ce80e4f05f4330c361c8d534b889d1b7f55125ebc8482ce580e2104b
Copying blob sha256:2823899961a8eb8ded5d53c5fe6bda8f64e7679032ce87cf909df59dcf2c5081
Copying blob sha256:40a9bb75d5bf9fbc74bc921ec0c7c7599f053f6a74d0f6c53e9242e80dd8752b
Copying config sha256:5c7ef5e43003c7af033d6eba63752a05cf4c4f2b26fedc8571dea8b7fa2381d7
Writing manifest to image destination
Copying image sha256:d18dc3ccd5ef7cd373562f6bad7c9836bd7d9b3be7860b6be29b7a9bfe9466b2 (2/2)
Getting image source signatures
Copying blob sha256:46f77a82cc49b9a0a224469d542c0d2285a386f28249053177f22f96b2b2288f
Copying blob sha256:62fecd267d6cb7876cb7fcd067d42951e3371dee447369b6df6870da36be21d6
Copying blob sha256:24bcd7d0258bf7f8ceb2a743f52c515fc5fb3605f0ea02c4166513cc77537647
Copying config sha256:9db066516f6a2e1e81752127e7a6b1168fcacc0638cd59d3142936fc4ea9b74a
Writing manifest to image destination
Writing manifest list to image destination
Storing list signatures
==========================================
Building troubleshooting-panel-plugin @ release-coo-ocp-4.19 with VERSION=v0.4.6 ORG=openshift-observability-ui
==========================================
Switched to branch 'release-coo-ocp-4.19'
Your branch is behind 'origin/release-coo-ocp-4.19' by 2 commits, and can be fast-forwarded.
  (use "git pull" to update your local branch)
From https://github.com/openshift/troubleshooting-panel-console-plugin
 * branch            release-coo-ocp-4.19 -> FETCH_HEAD
Updating add4697..558b686
Fast-forward
 OWNERS | 2 ++
 1 file changed, 2 insertions(+)
--- Attempt 1/3 ---
podman manifest rm quay.io/openshift-observability-ui/troubleshooting-panel-console-plugin:v0.4.6 || true
Error: quay.io/openshift-observability-ui/troubleshooting-panel-console-plugin:v0.4.6: image not known
podman manifest create quay.io/openshift-observability-ui/troubleshooting-panel-console-plugin:v0.4.6
7ca419f2b59bdad2781ab1591799b8c53fced6842bbfdacbb1e3a83a4bd1baaa
podman build --platform=linux/arm64,linux/amd64 --manifest quay.io/openshift-observability-ui/troubleshooting-panel-console-plugin:v0.4.6 -f Dockerfile
[linux/amd64] [1/3] STEP 1/8: FROM registry.access.redhat.com/ubi9/nodejs-22:latest AS web-builder
Trying to pull registry.access.redhat.com/ubi9/nodejs-22:latest...
Getting image source signatures
Checking if image destination supports signatures
Copying blob sha256:a426c67a25d0dc9e5a27cdfbf2d93946f8ef6508351299d4b655d8d99025cb48
Copying blob sha256:cc6c54df811b0867866d695d6ce1e04fa5e1309584057d4101d43395a4551ff3
Copying blob sha256:df19a62bff501d77f1f32099c1a161a11054b128dcd93f475074b5aaccf947bd
Copying config sha256:a5b105f4ee7ecde67fe05faed2ab96d80f43e1282766650a7b7aaf487d565be7
Writing manifest to image destination
Storing signatures
[linux/amd64] [1/3] STEP 2/8: WORKDIR /opt/app-root
--> Using cache 07c5c20a09a30c771bd4bc428f655ea0dadedb2c84496928eed6db4b2e7e380f
--> 07c5c20a09a3
[linux/amd64] [1/3] STEP 3/8: USER 0
--> Using cache 3feeb8a86867864d750fe9d7b285c7461704cce89e9b8260a3ae6e34eb460393
--> 3feeb8a86867
[linux/amd64] [1/3] STEP 4/8: COPY web/package*.json web/
--> aabd986f119c
[linux/amd64] [1/3] STEP 5/8: COPY Makefile Makefile
--> 56ab1cd61949
[linux/amd64] [1/3] STEP 6/8: RUN make install-frontend
cd web && npm install
npm warn deprecated whatwg-encoding@3.1.1: Use @exodus/bytes instead for a more spec-conformant and faster implementation
npm warn deprecated rimraf@3.0.2: Rimraf versions prior to v4 are no longer supported
npm warn deprecated inflight@1.0.6: This module is not supported, and leaks memory. Do not use it. Check out lru-cache if you want a good and tested way to coalesce async requests by a key value, which is much more comprehensive and powerful.
npm warn deprecated glob@7.2.3: Glob versions prior to v9 are no longer supported
npm warn deprecated domexception@4.0.0: Use your platform's native DOMException instead
npm warn deprecated abab@2.0.6: Use your platform's native atob() and btoa() methods instead
npm warn deprecated @humanwhocodes/config-array@0.13.0: Use @eslint/config-array instead
npm warn deprecated @humanwhocodes/object-schema@2.0.3: Use @eslint/object-schema instead
npm warn deprecated @fortawesome/react-fontawesome@0.2.6: v0.2.x is no longer supported. Unless you are still using FontAwesome 5, please update to v3.1.1 or greater.
npm warn deprecated popper.js@1.16.1: You can find the new Popper v2 at @popperjs/core, this package is dedicated to the legacy v1
npm warn deprecated whatwg-encoding@2.0.0: Use @exodus/bytes instead for a more spec-conformant and faster implementation
npm warn deprecated whatwg-encoding@2.0.0: Use @exodus/bytes instead for a more spec-conformant and faster implementation
npm warn deprecated eslint@8.57.1: This version is no longer supported. Please see https://eslint.org/version-support for other options.

added 1721 packages, and audited 1722 packages in 1m

315 packages are looking for funding
  run `npm fund` for details

25 vulnerabilities (2 low, 12 moderate, 10 high, 1 critical)

To address issues that do not require attention, run:
  npm audit fix

To address all issues (including breaking changes), run:
  npm audit fix --force

Run `npm audit` for details.
--> be1d7d7ccf09
[linux/amd64] [1/3] STEP 7/8: COPY web/ web/
--> d1087dc58e36
[linux/amd64] [1/3] STEP 8/8: RUN make build-frontend
cd web && npm run lint && npm run lint:tsc

> troubleshooting-panel-console-plugin@0.4.0 lint
> eslint ./src --fix &&  stylelint "src/**/*.css" --allow-empty-input --fix


> troubleshooting-panel-console-plugin@0.4.0 lint:tsc
> tsc --noEmit

cd web && npm run i18n && npm run build

> troubleshooting-panel-console-plugin@0.4.0 i18n
> i18n-scripts/build-i18n.sh && node i18n-scripts/set-english-defaults.js

+ FILE_PATTERN='{!(dist|node_modules)/**/*.{js,jsx,ts,tsx,json},*.{js,jsx,ts,tsx,json}}'
+ i18next '{!(dist|node_modules)/**/*.{js,jsx,ts,tsx,json},*.{js,jsx,ts,tsx,json}}' '[-oc]' -c ./i18next-parser.config.js -o 'locales/$LOCALE/$NAMESPACE.json'

  i18next Parser
  --------------
  Input:  {!(dist|node_modules)/**/*.{js,jsx,ts,tsx,json},*.{js,jsx,ts,tsx,json}}, [-oc]
  Output: locales/$LOCALE/$NAMESPACE.json

  [read]    /opt/app-root/web/console-extensions.json
  [read]    /opt/app-root/web/cypress.config.ts
  [read]    /opt/app-root/web/cypress/e2e/acceptance.cy.ts
  [read]    /opt/app-root/web/cypress/fixtures/data-test.ts
  [read]    /opt/app-root/web/cypress/support/commands/auth-commands.ts
  [read]    /opt/app-root/web/cypress/support/commands/env.ts
  [read]    /opt/app-root/web/cypress/support/commands/selector-commands.ts
  [read]    /opt/app-root/web/cypress/support/commands/troubeshoot-commands.ts
  [read]    /opt/app-root/web/cypress/support/commands/utility-commands.ts
  [read]    /opt/app-root/web/cypress/support/e2e.ts
  [read]    /opt/app-root/web/cypress/tsconfig.json
  [read]    /opt/app-root/web/cypress/views/nav.ts
  [read]    /opt/app-root/web/cypress/views/tour.ts
  [read]    /opt/app-root/web/cypress/views/utils.ts
  [read]    /opt/app-root/web/i18n-scripts/common.js
  [read]    /opt/app-root/web/i18n-scripts/set-english-defaults.js
  [read]    /opt/app-root/web/i18next-parser.config.js
  [read]    /opt/app-root/web/jest.config.js
  [read]    /opt/app-root/web/locales/en/plugin__troubleshooting-panel-console-plugin.json
  [read]    /opt/app-root/web/package-lock.json
  [read]    /opt/app-root/web/package.json
  [read]    /opt/app-root/web/src/__tests__/alert.spec.ts
  [read]    /opt/app-root/web/src/__tests__/all-domains.spec.ts
  [read]    /opt/app-root/web/src/__tests__/icons-preview.spec.tsx
  [read]    /opt/app-root/web/src/__tests__/k8s.spec.ts
  [read]    /opt/app-root/web/src/__tests__/log.spec.ts
  [read]    /opt/app-root/web/src/__tests__/metric.spec.ts
  [read]    /opt/app-root/web/src/__tests__/netflow.spec.ts
  [read]    /opt/app-root/web/src/__tests__/time.spec.ts
  [read]    /opt/app-root/web/src/__tests__/trace.spec.ts
  [read]    /opt/app-root/web/src/__tests__/types.spec.ts
  [read]    /opt/app-root/web/src/cancellable-fetch.ts
  [read]    /opt/app-root/web/src/components/AdvancedSearchForm.tsx
  [read]    /opt/app-root/web/src/components/DateTimePicker.tsx
  [read]    /opt/app-root/web/src/components/DateTimeRangePicker.tsx
  [read]    /opt/app-root/web/src/components/HelpPopover.tsx
  [read]    /opt/app-root/web/src/components/icons.tsx
  [read]    /opt/app-root/web/src/components/Korrel8rPanel.tsx
  [read]    /opt/app-root/web/src/components/KubernetesIcon.tsx
  [read]    /opt/app-root/web/src/components/NullContextProvider.tsx
  [read]    /opt/app-root/web/src/components/Popover.tsx
  [read]    /opt/app-root/web/src/components/TimeRangeDropdown.tsx
  [warning] Key is not a string literal
  [read]    /opt/app-root/web/src/components/TimeUnitPicker.tsx
  [read]    /opt/app-root/web/src/components/topology/Korrel8rTopology.tsx
  [read]    /opt/app-root/web/src/getResources.ts
  [read]    /opt/app-root/web/src/hooks/useBoolean.ts
  [read]    /opt/app-root/web/src/hooks/useDomains.tsx
  [read]    /opt/app-root/web/src/hooks/useKorrel8r.ts
  [read]    /opt/app-root/web/src/hooks/useLocationQuery.ts
  [read]    /opt/app-root/web/src/hooks/useNavigateToQuery.ts
  [read]    /opt/app-root/web/src/hooks/usePluginAvailable.ts
  [read]    /opt/app-root/web/src/hooks/usePopover.tsx
  [read]    /opt/app-root/web/src/hooks/useTroubleshootingPanel.tsx
  [read]    /opt/app-root/web/src/korrel8r-client.ts
  [read]    /opt/app-root/web/src/korrel8r/alert.ts
  [read]    /opt/app-root/web/src/korrel8r/all-domains.ts
  [read]    /opt/app-root/web/src/korrel8r/client/core/ApiError.ts
  [read]    /opt/app-root/web/src/korrel8r/client/core/ApiRequestOptions.ts
  [read]    /opt/app-root/web/src/korrel8r/client/core/ApiResult.ts
  [read]    /opt/app-root/web/src/korrel8r/client/core/BaseHttpRequest.ts
  [read]    /opt/app-root/web/src/korrel8r/client/core/CancelablePromise.ts
  [read]    /opt/app-root/web/src/korrel8r/client/core/FetchHttpRequest.ts
  [read]    /opt/app-root/web/src/korrel8r/client/core/OpenAPI.ts
  [read]    /opt/app-root/web/src/korrel8r/client/core/request.ts
  [read]    /opt/app-root/web/src/korrel8r/client/index.ts
  [read]    /opt/app-root/web/src/korrel8r/client/Korrel8rClient.ts
  [read]    /opt/app-root/web/src/korrel8r/client/models/Constraint.ts
  [read]    /opt/app-root/web/src/korrel8r/client/models/Domain.ts
  [read]    /opt/app-root/web/src/korrel8r/client/models/Edge.ts
  [read]    /opt/app-root/web/src/korrel8r/client/models/Goals.ts
  [read]    /opt/app-root/web/src/korrel8r/client/models/Graph.ts
  [read]    /opt/app-root/web/src/korrel8r/client/models/Neighbours.ts
  [read]    /opt/app-root/web/src/korrel8r/client/models/Node.ts
  [read]    /opt/app-root/web/src/korrel8r/client/models/QueryCount.ts
  [read]    /opt/app-root/web/src/korrel8r/client/models/Rule.ts
  [read]    /opt/app-root/web/src/korrel8r/client/models/Start.ts
  [read]    /opt/app-root/web/src/korrel8r/client/models/Store.ts
  [read]    /opt/app-root/web/src/korrel8r/client/services/DefaultService.ts
  [read]    /opt/app-root/web/src/korrel8r/k8s.ts
  [read]    /opt/app-root/web/src/korrel8r/log.ts
  [read]    /opt/app-root/web/src/korrel8r/metric.ts
  [read]    /opt/app-root/web/src/korrel8r/netflow.ts
  [read]    /opt/app-root/web/src/korrel8r/trace.ts
  [read]    /opt/app-root/web/src/korrel8r/types.ts
  [read]    /opt/app-root/web/src/redux-actions.ts
  [read]    /opt/app-root/web/src/redux-reducers.ts
  [read]    /opt/app-root/web/src/time.ts
  [read]    /opt/app-root/web/tsconfig.json
  [read]    /opt/app-root/web/webpack.config.ts
  [write]   /opt/app-root/web/locales/en/plugin__troubleshooting-panel-console-plugin.json

  Stats:  89 files were parsed

> troubleshooting-panel-console-plugin@0.4.0 build
> npm run clean && npm run ts-node node_modules/.bin/webpack


> troubleshooting-panel-console-plugin@0.4.0 clean
> rm -rf dist


> troubleshooting-panel-console-plugin@0.4.0 ts-node
> ts-node -O '{"module":"commonjs"}' node_modules/.bin/webpack

assets by path *.js 4.38 MiB
  assets by chunk 3.5 MiB (id hint: vendors)
    asset vendors-node_modules_fortawesome_react-fontawesome_index_es_js-node_modules_patternfly_react--e1c2c2-chunk.js 1.26 MiB [emitted] (id hint: vendors) 1 related asset
    asset vendors-node_modules_patternfly_react-core_dist_esm_helpers_Popper_Popper_js-chunk.js 1.04 MiB [emitted] (id hint: vendors) 1 related asset
    asset vendors-node_modules_immutable_dist_immutable_es_js-node_modules_typesafe-actions_dist_typesa-cdf261-chunk.js 183 KiB [emitted] (id hint: vendors) 1 related asset
    asset vendors-node_modules_openshift-console_dynamic-plugin-sdk_lib_utils_fetch_console-fetch-utils-7ba8c2-chunk.js 161 KiB [emitted] (id hint: vendors) 1 related asset
    asset vendors-node_modules_patternfly_react-core_dist_esm_components_DatePicker_index_js-chunk.js 94.8 KiB [emitted] (id hint: vendors) 1 related asset
    asset vendors-node_modules_patternfly_react-core_dist_esm_components_Menu_Menu_js-node_modules_patt-b35725-chunk.js 90.8 KiB [emitted] (id hint: vendors) 1 related asset
    asset vendors-node_modules_patternfly_react-core_dist_esm_helpers_FocusTrap_FocusTrap_js-node_modul-246622-chunk.js 80.1 KiB [emitted] (id hint: vendors) 1 related asset
    asset vendors-node_modules_patternfly_react-core_dist_esm_components_Form_index_js-chunk.js 63.3 KiB [emitted] (id hint: vendors) 1 related asset
    asset vendors-node_modules_patternfly_react-core_dist_esm_components_TimePicker_index_js-chunk.js 56.3 KiB [emitted] (id hint: vendors) 1 related asset
    + 13 assets
  + 76 assets
asset locales/en/plugin__troubleshooting-panel-console-plugin.json 3.35 KiB [emitted] [from: ../locales/en/plugin__troubleshooting-panel-console-plugin.json] [copied]
asset plugin-manifest.json 1.19 KiB [emitted]
orphan modules 13 KiB [orphan] 47 modules
runtime modules 81.9 KiB 12 modules
javascript modules 3.04 MiB 362 modules
consume-shared-module modules 1.89 KiB
  modules by path consume shared module (default) @patternfly/ 1.68 KiB 41 modules
  + 5 modules
provide-module modules 1.64 KiB
  modules by path provide shared module (default) @patternfly/react-core/dist/dynamic/ 1.11 KiB 27 modules
  modules by path provide shared module (default) @patternfly/react-icons/dist/dynamic/icons/ 546 bytes
    provide shared module (default) @patternfly/react-icons/dist/dynamic/icons/atten...(truncated) 42 bytes [built] [code generated]
    provide shared module (default) @patternfly/react-icons/dist/dynamic/icons/clust...(truncated) 42 bytes [built] [code generated]
    + 11 modules
../node_modules/@fortawesome/fontawesome-svg-core/package.json 1.39 KiB [optional] [built] [code generated]

LOG from @openshift-console/dynamic-plugin-sdk-webpack/lib/webpack/loaders/dynamic-module-import-loader ../node_modules/ts-loader/index.js??ruleSet[1].rules[0].use[0]!./components/KubernetesIcon.tsx
<w> Non-index and non-dynamic module import @patternfly/react-icons/dist/esm/createIcon

webpack 5.104.1 compiled successfully in 25428 ms
--> 620cb7ed7f2d
[linux/arm64] [1/3] STEP 1/8: FROM registry.access.redhat.com/ubi9/nodejs-22:latest AS web-builder
Trying to pull registry.access.redhat.com/ubi9/nodejs-22:latest...
Getting image source signatures
Checking if image destination supports signatures
Copying blob sha256:51f40407aea52f718b56160226d38d19de010dc9391045885618c4640694ca4b
Copying blob sha256:1d528cef78efeed291a9f71bfa137acec48792c73f11f9ed8be0dedcc7fe6b70
Copying blob sha256:ab2eb26b66524e601ddac1e25f3c6c4a77d304695c129c7e6afc2fd28c9813fd
Copying config sha256:07df1ea96144ef9b6bdd2aa67a83fb746f9bde11052db851df61e4256cdf4e79
Writing manifest to image destination
Storing signatures
[linux/arm64] [1/3] STEP 2/8: WORKDIR /opt/app-root
--> Using cache 531063a1bc70d43cd0d32648f3809884bab683baa1d6bb8dc47cf48a4f2e039f
--> 531063a1bc70
[linux/arm64] [1/3] STEP 3/8: USER 0
--> Using cache b8970e35feda1671c953a82b1e51c17578b526492e5a8c28a879593c67e0d764
--> b8970e35feda
[linux/arm64] [1/3] STEP 4/8: COPY web/package*.json web/
--> 236ff73cf009
[linux/arm64] [1/3] STEP 5/8: COPY Makefile Makefile
--> 8eebc2bfe8e5
[linux/arm64] [1/3] STEP 6/8: RUN make install-frontend
cd web && npm install
npm warn deprecated whatwg-encoding@3.1.1: Use @exodus/bytes instead for a more spec-conformant and faster implementation
npm warn deprecated rimraf@3.0.2: Rimraf versions prior to v4 are no longer supported
npm warn deprecated inflight@1.0.6: This module is not supported, and leaks memory. Do not use it. Check out lru-cache if you want a good and tested way to coalesce async requests by a key value, which is much more comprehensive and powerful.
npm warn deprecated popper.js@1.16.1: You can find the new Popper v2 at @popperjs/core, this package is dedicated to the legacy v1
npm warn deprecated glob@7.2.3: Glob versions prior to v9 are no longer supported
npm warn deprecated domexception@4.0.0: Use your platform's native DOMException instead
npm warn deprecated abab@2.0.6: Use your platform's native atob() and btoa() methods instead
npm warn deprecated eslint@8.57.1: This version is no longer supported. Please see https://eslint.org/version-support for other options.
npm warn deprecated @humanwhocodes/config-array@0.13.0: Use @eslint/config-array instead
npm warn deprecated @humanwhocodes/object-schema@2.0.3: Use @eslint/object-schema instead
npm warn deprecated @fortawesome/react-fontawesome@0.2.6: v0.2.x is no longer supported. Unless you are still using FontAwesome 5, please update to v3.1.1 or greater.
npm warn deprecated whatwg-encoding@2.0.0: Use @exodus/bytes instead for a more spec-conformant and faster implementation
npm warn deprecated whatwg-encoding@2.0.0: Use @exodus/bytes instead for a more spec-conformant and faster implementation

added 1721 packages, and audited 1722 packages in 57s

315 packages are looking for funding
  run `npm fund` for details

25 vulnerabilities (2 low, 12 moderate, 10 high, 1 critical)

To address issues that do not require attention, run:
  npm audit fix

To address all issues (including breaking changes), run:
  npm audit fix --force

Run `npm audit` for details.
--> 77101686fff9
[linux/arm64] [1/3] STEP 7/8: COPY web/ web/
--> f49ae727c175
[linux/arm64] [1/3] STEP 8/8: RUN make build-frontend
cd web && npm run lint && npm run lint:tsc

> troubleshooting-panel-console-plugin@0.4.0 lint
> eslint ./src --fix &&  stylelint "src/**/*.css" --allow-empty-input --fix


> troubleshooting-panel-console-plugin@0.4.0 lint:tsc
> tsc --noEmit

cd web && npm run i18n && npm run build

> troubleshooting-panel-console-plugin@0.4.0 i18n
> i18n-scripts/build-i18n.sh && node i18n-scripts/set-english-defaults.js

+ FILE_PATTERN='{!(dist|node_modules)/**/*.{js,jsx,ts,tsx,json},*.{js,jsx,ts,tsx,json}}'
+ i18next '{!(dist|node_modules)/**/*.{js,jsx,ts,tsx,json},*.{js,jsx,ts,tsx,json}}' '[-oc]' -c ./i18next-parser.config.js -o 'locales/$LOCALE/$NAMESPACE.json'

  i18next Parser
  --------------
  Input:  {!(dist|node_modules)/**/*.{js,jsx,ts,tsx,json},*.{js,jsx,ts,tsx,json}}, [-oc]
  Output: locales/$LOCALE/$NAMESPACE.json

  [read]    /opt/app-root/web/console-extensions.json
  [read]    /opt/app-root/web/cypress.config.ts
  [read]    /opt/app-root/web/cypress/e2e/acceptance.cy.ts
  [read]    /opt/app-root/web/cypress/fixtures/data-test.ts
  [read]    /opt/app-root/web/cypress/support/commands/auth-commands.ts
  [read]    /opt/app-root/web/cypress/support/commands/env.ts
  [read]    /opt/app-root/web/cypress/support/commands/selector-commands.ts
  [read]    /opt/app-root/web/cypress/support/commands/troubeshoot-commands.ts
  [read]    /opt/app-root/web/cypress/support/commands/utility-commands.ts
  [read]    /opt/app-root/web/cypress/support/e2e.ts
  [read]    /opt/app-root/web/cypress/tsconfig.json
  [read]    /opt/app-root/web/cypress/views/nav.ts
  [read]    /opt/app-root/web/cypress/views/tour.ts
  [read]    /opt/app-root/web/cypress/views/utils.ts
  [read]    /opt/app-root/web/i18n-scripts/common.js
  [read]    /opt/app-root/web/i18n-scripts/set-english-defaults.js
  [read]    /opt/app-root/web/i18next-parser.config.js
  [read]    /opt/app-root/web/jest.config.js
  [read]    /opt/app-root/web/locales/en/plugin__troubleshooting-panel-console-plugin.json
  [read]    /opt/app-root/web/package-lock.json
  [read]    /opt/app-root/web/package.json
  [read]    /opt/app-root/web/src/__tests__/alert.spec.ts
  [read]    /opt/app-root/web/src/__tests__/all-domains.spec.ts
  [read]    /opt/app-root/web/src/__tests__/icons-preview.spec.tsx
  [read]    /opt/app-root/web/src/__tests__/k8s.spec.ts
  [read]    /opt/app-root/web/src/__tests__/log.spec.ts
  [read]    /opt/app-root/web/src/__tests__/metric.spec.ts
  [read]    /opt/app-root/web/src/__tests__/netflow.spec.ts
  [read]    /opt/app-root/web/src/__tests__/time.spec.ts
  [read]    /opt/app-root/web/src/__tests__/trace.spec.ts
  [read]    /opt/app-root/web/src/__tests__/types.spec.ts
  [read]    /opt/app-root/web/src/cancellable-fetch.ts
  [read]    /opt/app-root/web/src/components/AdvancedSearchForm.tsx
  [read]    /opt/app-root/web/src/components/DateTimePicker.tsx
  [read]    /opt/app-root/web/src/components/DateTimeRangePicker.tsx
  [read]    /opt/app-root/web/src/components/HelpPopover.tsx
  [read]    /opt/app-root/web/src/components/icons.tsx
  [read]    /opt/app-root/web/src/components/Korrel8rPanel.tsx
  [read]    /opt/app-root/web/src/components/KubernetesIcon.tsx
  [read]    /opt/app-root/web/src/components/NullContextProvider.tsx
  [read]    /opt/app-root/web/src/components/Popover.tsx
  [read]    /opt/app-root/web/src/components/TimeRangeDropdown.tsx
  [warning] Key is not a string literal
  [read]    /opt/app-root/web/src/components/TimeUnitPicker.tsx
  [read]    /opt/app-root/web/src/components/topology/Korrel8rTopology.tsx
  [read]    /opt/app-root/web/src/getResources.ts
  [read]    /opt/app-root/web/src/hooks/useBoolean.ts
  [read]    /opt/app-root/web/src/hooks/useDomains.tsx
  [read]    /opt/app-root/web/src/hooks/useKorrel8r.ts
  [read]    /opt/app-root/web/src/hooks/useLocationQuery.ts
  [read]    /opt/app-root/web/src/hooks/useNavigateToQuery.ts
  [read]    /opt/app-root/web/src/hooks/usePluginAvailable.ts
  [read]    /opt/app-root/web/src/hooks/usePopover.tsx
  [read]    /opt/app-root/web/src/hooks/useTroubleshootingPanel.tsx
  [read]    /opt/app-root/web/src/korrel8r-client.ts
  [read]    /opt/app-root/web/src/korrel8r/alert.ts
  [read]    /opt/app-root/web/src/korrel8r/all-domains.ts
  [read]    /opt/app-root/web/src/korrel8r/client/core/ApiError.ts
  [read]    /opt/app-root/web/src/korrel8r/client/core/ApiRequestOptions.ts
  [read]    /opt/app-root/web/src/korrel8r/client/core/ApiResult.ts
  [read]    /opt/app-root/web/src/korrel8r/client/core/BaseHttpRequest.ts
  [read]    /opt/app-root/web/src/korrel8r/client/core/CancelablePromise.ts
  [read]    /opt/app-root/web/src/korrel8r/client/core/FetchHttpRequest.ts
  [read]    /opt/app-root/web/src/korrel8r/client/core/OpenAPI.ts
  [read]    /opt/app-root/web/src/korrel8r/client/core/request.ts
  [read]    /opt/app-root/web/src/korrel8r/client/index.ts
  [read]    /opt/app-root/web/src/korrel8r/client/Korrel8rClient.ts
  [read]    /opt/app-root/web/src/korrel8r/client/models/Constraint.ts
  [read]    /opt/app-root/web/src/korrel8r/client/models/Domain.ts
  [read]    /opt/app-root/web/src/korrel8r/client/models/Edge.ts
  [read]    /opt/app-root/web/src/korrel8r/client/models/Goals.ts
  [read]    /opt/app-root/web/src/korrel8r/client/models/Graph.ts
  [read]    /opt/app-root/web/src/korrel8r/client/models/Neighbours.ts
  [read]    /opt/app-root/web/src/korrel8r/client/models/Node.ts
  [read]    /opt/app-root/web/src/korrel8r/client/models/QueryCount.ts
  [read]    /opt/app-root/web/src/korrel8r/client/models/Rule.ts
  [read]    /opt/app-root/web/src/korrel8r/client/models/Start.ts
  [read]    /opt/app-root/web/src/korrel8r/client/models/Store.ts
  [read]    /opt/app-root/web/src/korrel8r/client/services/DefaultService.ts
  [read]    /opt/app-root/web/src/korrel8r/k8s.ts
  [read]    /opt/app-root/web/src/korrel8r/log.ts
  [read]    /opt/app-root/web/src/korrel8r/metric.ts
  [read]    /opt/app-root/web/src/korrel8r/netflow.ts
  [read]    /opt/app-root/web/src/korrel8r/trace.ts
  [read]    /opt/app-root/web/src/korrel8r/types.ts
  [read]    /opt/app-root/web/src/redux-actions.ts
  [read]    /opt/app-root/web/src/redux-reducers.ts
  [read]    /opt/app-root/web/src/time.ts
  [read]    /opt/app-root/web/tsconfig.json
  [read]    /opt/app-root/web/webpack.config.ts
  [write]   /opt/app-root/web/locales/en/plugin__troubleshooting-panel-console-plugin.json

  Stats:  89 files were parsed

> troubleshooting-panel-console-plugin@0.4.0 build
> npm run clean && npm run ts-node node_modules/.bin/webpack


> troubleshooting-panel-console-plugin@0.4.0 clean
> rm -rf dist


> troubleshooting-panel-console-plugin@0.4.0 ts-node
> ts-node -O '{"module":"commonjs"}' node_modules/.bin/webpack

assets by path *.js 4.38 MiB
  assets by chunk 3.5 MiB (id hint: vendors)
    asset vendors-node_modules_fortawesome_react-fontawesome_index_es_js-node_modules_patternfly_react--e1c2c2-chunk.js 1.26 MiB [emitted] (id hint: vendors) 1 related asset
    asset vendors-node_modules_patternfly_react-core_dist_esm_helpers_Popper_Popper_js-chunk.js 1.04 MiB [emitted] (id hint: vendors) 1 related asset
    asset vendors-node_modules_immutable_dist_immutable_es_js-node_modules_typesafe-actions_dist_typesa-cdf261-chunk.js 183 KiB [emitted] (id hint: vendors) 1 related asset
    asset vendors-node_modules_openshift-console_dynamic-plugin-sdk_lib_utils_fetch_console-fetch-utils-7ba8c2-chunk.js 161 KiB [emitted] (id hint: vendors) 1 related asset
    asset vendors-node_modules_patternfly_react-core_dist_esm_components_DatePicker_index_js-chunk.js 94.8 KiB [emitted] (id hint: vendors) 1 related asset
    asset vendors-node_modules_patternfly_react-core_dist_esm_components_Menu_Menu_js-node_modules_patt-b35725-chunk.js 90.8 KiB [emitted] (id hint: vendors) 1 related asset
    asset vendors-node_modules_patternfly_react-core_dist_esm_helpers_FocusTrap_FocusTrap_js-node_modul-246622-chunk.js 80.1 KiB [emitted] (id hint: vendors) 1 related asset
    asset vendors-node_modules_patternfly_react-core_dist_esm_components_Form_index_js-chunk.js 63.3 KiB [emitted] (id hint: vendors) 1 related asset
    asset vendors-node_modules_patternfly_react-core_dist_esm_components_TimePicker_index_js-chunk.js 56.3 KiB [emitted] (id hint: vendors) 1 related asset
    + 13 assets
  + 76 assets
asset locales/en/plugin__troubleshooting-panel-console-plugin.json 3.35 KiB [emitted] [from: ../locales/en/plugin__troubleshooting-panel-console-plugin.json] [copied]
asset plugin-manifest.json 1.19 KiB [emitted]
orphan modules 13 KiB [orphan] 47 modules
runtime modules 81.9 KiB 12 modules
javascript modules 3.04 MiB 362 modules
consume-shared-module modules 1.89 KiB
  modules by path consume shared module (default) @patternfly/ 1.68 KiB 41 modules
  + 5 modules
provide-module modules 1.64 KiB
  modules by path provide shared module (default) @patternfly/react-core/dist/dynamic/ 1.11 KiB 27 modules
  modules by path provide shared module (default) @patternfly/react-icons/dist/dynamic/icons/ 546 bytes
    provide shared module (default) @patternfly/react-icons/dist/dynamic/icons/atten...(truncated) 42 bytes [built] [code generated]
    provide shared module (default) @patternfly/react-icons/dist/dynamic/icons/clust...(truncated) 42 bytes [built] [code generated]
    + 11 modules
../node_modules/@fortawesome/fontawesome-svg-core/package.json 1.39 KiB [optional] [built] [code generated]

LOG from @openshift-console/dynamic-plugin-sdk-webpack/lib/webpack/loaders/dynamic-module-import-loader ../node_modules/ts-loader/index.js??ruleSet[1].rules[0].use[0]!./components/KubernetesIcon.tsx
<w> Non-index and non-dynamic module import @patternfly/react-icons/dist/esm/createIcon

webpack 5.104.1 compiled successfully in 13208 ms
--> 69036e39bde8
[linux/amd64] [2/3] STEP 1/11: FROM registry.access.redhat.com/ubi9/go-toolset:1.26 AS go-builder
Trying to pull registry.access.redhat.com/ubi9/go-toolset:1.26...
Getting image source signatures
Checking if image destination supports signatures
Copying blob sha256:161e05ae87ae22da19dad2cae3770d612cd65a04d7f009b5dfff938b8e43f37a
Copying blob sha256:535c9115bc652471a345fed2b23bfcbd903430c8a9536d1799d18b6c62b5f5d5
Copying blob sha256:7c484deb77bcdf607654ab80e826685d6714c6ca87198f6717b729ae60aa63eb
Copying blob sha256:09b0ddc7b06a8bd121c5a3cea6009136b46cf4db04bd3284fe3f295a69e5bf28
Copying config sha256:10aa0a63da6452d793eb68aed324e8ec27b309f75ec739d95b19dbb26a9be042
Writing manifest to image destination
Storing signatures
[linux/amd64] [2/3] STEP 2/11: WORKDIR /opt/app-root
--> Using cache 87110b4bebf062875bbb848dcab66696e99aa2fc9c2f3afb3d0262587a00e181
--> 87110b4bebf0
[linux/amd64] [2/3] STEP 3/11: COPY Makefile Makefile
--> 0a1374fe852a
[linux/amd64] [2/3] STEP 4/11: COPY go.mod go.mod
--> 0049d800e01e
[linux/amd64] [2/3] STEP 5/11: COPY go.sum go.sum
--> 2623e3a6ce9a
[linux/amd64] [2/3] STEP 6/11: RUN go mod download
--> d32718af9bce
[linux/amd64] [2/3] STEP 7/11: COPY cmd/ cmd/
--> 00119b18573b
[linux/amd64] [2/3] STEP 8/11: COPY pkg/ pkg/
--> cf752bb500f2
[linux/amd64] [2/3] STEP 9/11: ENV GOEXPERIMENT=strictfipsruntime
--> 9516813aa937
[linux/amd64] [2/3] STEP 10/11: ENV CGO_ENABLED=1
--> 8ca680067549
[linux/amd64] [2/3] STEP 11/11: RUN make build-backend BUILD_OPTS="-tags strictfipsruntime"
go build -tags strictfipsruntime -o plugin-backend -mod=readonly cmd/plugin-backend.go
--> b8a630575b8d
[linux/arm64] [2/3] STEP 1/11: FROM registry.access.redhat.com/ubi9/go-toolset:1.26 AS go-builder
Trying to pull registry.access.redhat.com/ubi9/go-toolset:1.26...
Getting image source signatures
Checking if image destination supports signatures
Copying blob sha256:ccbf8b3c04aacf18b6e8039882e5877b01ac81c4509872a1bc5497988794482d
Copying blob sha256:51673f5e488685d622dc82ecebbb0674784935f30cb31004db0c8acf6fb73e28
Copying blob sha256:73372a2b4d1ecaa43ad0ffb5c4de4a6083650cec0d2a0dad8a854cfeb066021f
Copying blob sha256:a24dfc124c51c93889fc03aad54d66b189aeb3260c6ab6d382bdf3ef269326d2
Copying config sha256:2ddf26b1dd62c7c30fa8d539c6758a9f7fac5de1b9bf2409ef00df6d639b5c3f
Writing manifest to image destination
Storing signatures
[linux/arm64] [2/3] STEP 2/11: WORKDIR /opt/app-root
--> Using cache 3de4f887367ff4e105f55683ae1a70e9385a5d83ce5124c563c3f51862f5e70a
--> 3de4f887367f
[linux/arm64] [2/3] STEP 3/11: COPY Makefile Makefile
--> 031867f8bc21
[linux/arm64] [2/3] STEP 4/11: COPY go.mod go.mod
--> 6543899ce67c
[linux/arm64] [2/3] STEP 5/11: COPY go.sum go.sum
--> 56e7b25e5839
[linux/arm64] [2/3] STEP 6/11: RUN go mod download
--> 0190ce705164
[linux/arm64] [2/3] STEP 7/11: COPY cmd/ cmd/
--> bfa96d301d87
[linux/arm64] [2/3] STEP 8/11: COPY pkg/ pkg/
--> 744ac9f7c0a0
[linux/arm64] [2/3] STEP 9/11: ENV GOEXPERIMENT=strictfipsruntime
--> 5c7e5edd6078
[linux/arm64] [2/3] STEP 10/11: ENV CGO_ENABLED=1
--> 9e6ea6e19a7a
[linux/arm64] [2/3] STEP 11/11: RUN make build-backend BUILD_OPTS="-tags strictfipsruntime"
go build -tags strictfipsruntime -o plugin-backend -mod=readonly cmd/plugin-backend.go
--> 402c2a96e684
[linux/amd64] [3/3] STEP 1/4: FROM registry.access.redhat.com/ubi9/ubi-minimal
Trying to pull registry.access.redhat.com/ubi9/ubi-minimal:latest...
Getting image source signatures
Checking if image destination supports signatures
Copying blob sha256:b66f4afff961364e2b31840faeac9f4cf40a138156bc5adbd4190044ff5160c0
Copying config sha256:4fda89b89b73066be4c0eba0f9690c5ca7dd50e703a8c28e48f3b64c5d8e4782
Writing manifest to image destination
Storing signatures
[linux/amd64] [3/3] STEP 2/4: COPY --from=web-builder /opt/app-root/web/dist /opt/app-root/web/dist
--> abac5dddb7eb
[linux/amd64] [3/3] STEP 3/4: COPY --from=go-builder /opt/app-root/plugin-backend /opt/app-root
--> 5ee3c61d3fab
[linux/amd64] [3/3] STEP 4/4: ENTRYPOINT ["/opt/app-root/plugin-backend", "-static-path", "/opt/app-root/web/dist"]
[linux/amd64] [3/3] COMMIT
--> aec4fbc66c36
[linux/arm64] [3/3] STEP 1/4: FROM registry.access.redhat.com/ubi9/ubi-minimal
aec4fbc66c36de5b2365b04659d9f33634db02462913c7ee9f3ab24faf480ebb
Trying to pull registry.access.redhat.com/ubi9/ubi-minimal:latest...
Getting image source signatures
Checking if image destination supports signatures
Copying blob sha256:36e72d37accbc857387599416b2fbab8fba8dd4b3f3b465ab05e57367cbe05fd
Copying config sha256:d5dc52ee643af910a58080edfbd1a5e9baf9c4505788b47173ac279ae1600cc8
Writing manifest to image destination
Storing signatures
[linux/arm64] [3/3] STEP 2/4: COPY --from=web-builder /opt/app-root/web/dist /opt/app-root/web/dist
--> b81fbc60b5a5
[linux/arm64] [3/3] STEP 3/4: COPY --from=go-builder /opt/app-root/plugin-backend /opt/app-root
--> 3af9e6be6c60
[linux/arm64] [3/3] STEP 4/4: ENTRYPOINT ["/opt/app-root/plugin-backend", "-static-path", "/opt/app-root/web/dist"]
[linux/arm64] [3/3] COMMIT
--> b7e20dfc2e39
b7e20dfc2e390090200e2d469c52daf7f1db6ed27a7db4cce75a1ed07063877c
podman manifest push quay.io/openshift-observability-ui/troubleshooting-panel-console-plugin:v0.4.6
Getting image list signatures
Copying 2 images generated from 2 images in list
Copying image sha256:2466eb8bda09eb4f1aa4ecbacb0411487ae0dd4956de5a12b5fe177803d1b081 (1/2)
Getting image source signatures
Copying blob sha256:5fe49df428825f030905caa236178d517b98b3c0fce76ee8f30aecc1b9daad95
Copying blob sha256:2823899961a8eb8ded5d53c5fe6bda8f64e7679032ce87cf909df59dcf2c5081
Copying blob sha256:4f394f1b3b26154d1540fc83a1724afce46166e12c4af4611bed92e2db594401
Copying config sha256:aec4fbc66c36de5b2365b04659d9f33634db02462913c7ee9f3ab24faf480ebb
Writing manifest to image destination
Copying image sha256:6caa00d8028db2a7e518aa0ac12ae51bbb97f5ad3a58e2c63ba19740f6fe98e7 (2/2)
Getting image source signatures
Copying blob sha256:0f4e181c6dc27c14801fecb1fb98c7166f2e9b186a408c2a252132eefb021540
Copying blob sha256:46f77a82cc49b9a0a224469d542c0d2285a386f28249053177f22f96b2b2288f
Copying blob sha256:d42660fe5528881124333eb46161828180382b9cc837dd1f811a5f90e0e92d89
Copying config sha256:b7e20dfc2e390090200e2d469c52daf7f1db6ed27a7db4cce75a1ed07063877c
Writing manifest to image destination
Writing manifest list to image destination
Storing list signatures
==========================================
Building monitoring-plugin @ release-coo-ocp-4.19 with VERSION=v0.5.5 ORG=openshift-observability-ui
==========================================
Switched to branch 'release-coo-ocp-4.19'
Your branch is behind 'origin/release-coo-ocp-4.19' by 9 commits, and can be fast-forwarded.
  (use "git pull" to update your local branch)
From https://github.com/openshift/monitoring-plugin
 * branch              release-coo-ocp-4.19 -> FETCH_HEAD
   93d344bf..fbb94355  release-coo-ocp-4.19 -> origin/release-coo-ocp-4.19
Updating b7bad858..fbb94355
Fast-forward
 .../support/perses/99.coo_rbac_perses_user1.cy.ts  |  20 +-
 .../support/perses/99.coo_rbac_perses_user2.cy.ts  |  26 +-
 .../views/perses-dashboards-create-dashboard.ts    |  19 +-
 .../views/perses-dashboards-list-dashboards.ts     |  22 +-
 web/locales/en/plugin__monitoring-plugin.json      |  18 +-
 web/package-lock.json                              | 568 ++++++++++++++++++++-
 web/package.json                                   |   5 +-
 web/src/components/console/utils/link.spec.tsx     |  45 ++
 web/src/components/console/utils/link.tsx          |  61 ++-
 .../dashboards/perses/dashboard-action-modals.tsx  | 164 +++---
 .../dashboards/perses/dashboard-actions-menu.tsx   |  19 +-
 .../dashboards/perses/dashboard-create-dialog.tsx  | 134 +++--
 .../dashboards/perses/dashboard-dialog-helpers.tsx | 106 ++--
 .../dashboards/perses/dashboard-frame.tsx          |  10 +-
 .../dashboards/perses/dashboard-import-dialog.tsx  | 197 +++----
 .../dashboards/perses/dashboard-list-frame.tsx     |  10 +-
 .../dashboards/perses/dashboard-list.tsx           |  85 +--
 .../dashboards/perses/dashboard-page.tsx           |   7 -
 .../dashboards/perses/dashboard-toolbar.tsx        |  41 +-
 .../dashboards/perses/hooks/useAccessReview.ts     |  24 +
 .../dashboards/perses/hooks/useActiveProject.tsx   |  50 ++
 .../dashboards/perses/hooks/useDashboardsData.ts   |  25 +-
 .../dashboards/perses/hooks/useEditableProjects.ts | 111 ----
 .../dashboards/perses/hooks/usePerses.ts           |  40 +-
 .../perses/hooks/usePersesDashboardAccess.ts       |  18 +
 .../components/dashboards/perses/perses-client.ts  |  67 +--
 .../dashboards/perses/perses/datasource-client.ts  |   4 +-
 .../perses/perses/global-datasource-client.ts      |   4 +-
 .../dashboards/perses/project/ProjectBar.tsx       |  37 --
 .../dashboards/perses/project/ProjectDropdown.tsx  | 260 ----------
 .../perses/project/ProjectMenuToggle.tsx           |  97 ----
 .../dashboards/perses/project/useActiveProject.tsx |  63 ---
 .../components/dashboards/perses/project/utils.ts  |  14 -
 web/src/components/data-test.ts                    |   3 +
 34 files changed, 1222 insertions(+), 1152 deletions(-)
 create mode 100644 web/src/components/console/utils/link.spec.tsx
 create mode 100644 web/src/components/dashboards/perses/hooks/useAccessReview.ts
 create mode 100644 web/src/components/dashboards/perses/hooks/useActiveProject.tsx
 delete mode 100644 web/src/components/dashboards/perses/hooks/useEditableProjects.ts
 create mode 100644 web/src/components/dashboards/perses/hooks/usePersesDashboardAccess.ts
 delete mode 100644 web/src/components/dashboards/perses/project/ProjectBar.tsx
 delete mode 100644 web/src/components/dashboards/perses/project/ProjectDropdown.tsx
 delete mode 100644 web/src/components/dashboards/perses/project/ProjectMenuToggle.tsx
 delete mode 100644 web/src/components/dashboards/perses/project/useActiveProject.tsx
 delete mode 100644 web/src/components/dashboards/perses/project/utils.ts
--- Attempt 1/3 ---
podman manifest rm quay.io/openshift-observability-ui/monitoring-console-plugin:v0.5.5 || true
Error: quay.io/openshift-observability-ui/monitoring-console-plugin:v0.5.5: image not known
podman manifest create quay.io/openshift-observability-ui/monitoring-console-plugin:v0.5.5
680e3fb845293be3aebfbeb216fb0e2f054ace4f0450c306cb480e1b3044d953
podman build --platform linux/arm64,linux/amd64 --manifest quay.io/openshift-observability-ui/monitoring-console-plugin:v0.5.5 -f Dockerfile.mcp
[linux/amd64] [1/3] STEP 1/11: FROM registry.redhat.io/ubi9/nodejs-22:latest AS web-builder
Trying to pull registry.redhat.io/ubi9/nodejs-22:latest...
Getting image source signatures
Checking if image destination supports signatures
Copying blob sha256:a426c67a25d0dc9e5a27cdfbf2d93946f8ef6508351299d4b655d8d99025cb48
Copying blob sha256:cc6c54df811b0867866d695d6ce1e04fa5e1309584057d4101d43395a4551ff3
Copying blob sha256:df19a62bff501d77f1f32099c1a161a11054b128dcd93f475074b5aaccf947bd
Copying config sha256:a5b105f4ee7ecde67fe05faed2ab96d80f43e1282766650a7b7aaf487d565be7
Writing manifest to image destination
Storing signatures
[linux/amd64] [1/3] STEP 2/11: WORKDIR /opt/app-root
--> Using cache 07c5c20a09a30c771bd4bc428f655ea0dadedb2c84496928eed6db4b2e7e380f
--> 07c5c20a09a3
[linux/amd64] [1/3] STEP 3/11: USER 0
--> Using cache 3feeb8a86867864d750fe9d7b285c7461704cce89e9b8260a3ae6e34eb460393
--> 3feeb8a86867
[linux/amd64] [1/3] STEP 4/11: ENV HUSKY=0
--> Using cache d7513f02fbdfb830d4ba5185ed0db24d5f4c69e175bc6022517c4fb3b6b9d384
--> d7513f02fbdf
[linux/amd64] [1/3] STEP 5/11: COPY web/package*.json web/
--> e257e2eacae2
[linux/amd64] [1/3] STEP 6/11: COPY Makefile Makefile
--> 0901670f0692
[linux/amd64] [1/3] STEP 7/11: RUN make install-frontend-ci
cd web && npm ci --ignore-scripts
npm warn deprecated rimraf@3.0.2: Rimraf versions prior to v4 are no longer supported
npm warn deprecated lodash.get@4.4.2: This package is deprecated. Use the optional chaining (?.) operator instead.
npm warn deprecated inflight@1.0.6: This module is not supported, and leaks memory. Do not use it. Check out lru-cache if you want a good and tested way to coalesce async requests by a key value, which is much more comprehensive and powerful.
npm warn deprecated glob@7.2.3: Glob versions prior to v9 are no longer supported
npm warn deprecated i18next-parser@9.4.0: Project is deprecated, use i18next-cli instead
npm warn deprecated popper.js@1.16.1: You can find the new Popper v2 at @popperjs/core, this package is dedicated to the legacy v1
npm warn deprecated @humanwhocodes/config-array@0.13.0: Use @eslint/config-array instead
npm warn deprecated @humanwhocodes/object-schema@2.0.3: Use @eslint/object-schema instead
npm warn deprecated eslint@8.57.1: This version is no longer supported. Please see https://eslint.org/version-support for other options.
npm warn deprecated glob@10.5.0: Old versions of glob are not supported, and contain widely publicized security vulnerabilities, which have been fixed in the current version. Please update. Support for old versions may be purchased (at exorbitant rates) by contacting i@izs.me
npm warn deprecated glob@10.5.0: Old versions of glob are not supported, and contain widely publicized security vulnerabilities, which have been fixed in the current version. Please update. Support for old versions may be purchased (at exorbitant rates) by contacting i@izs.me
npm warn deprecated glob@10.5.0: Old versions of glob are not supported, and contain widely publicized security vulnerabilities, which have been fixed in the current version. Please update. Support for old versions may be purchased (at exorbitant rates) by contacting i@izs.me
npm warn deprecated glob@10.5.0: Old versions of glob are not supported, and contain widely publicized security vulnerabilities, which have been fixed in the current version. Please update. Support for old versions may be purchased (at exorbitant rates) by contacting i@izs.me

added 1883 packages, and audited 1884 packages in 57s

310 packages are looking for funding
  run `npm fund` for details

43 vulnerabilities (2 low, 26 moderate, 14 high, 1 critical)

To address issues that do not require attention, run:
  npm audit fix

To address all issues possible (including breaking changes), run:
  npm audit fix --force

Some issues need review, and may require choosing
a different dependency.

Run `npm audit` for details.
--> b24bf7850ea2
[linux/amd64] [1/3] STEP 8/11: COPY web/ web/
--> 0aee4fb71aaa
[linux/amd64] [1/3] STEP 9/11: COPY config/ config/
--> cfa860333e10
[linux/amd64] [1/3] STEP 10/11: ENV CONSOLE_PLUGIN_NAME="monitoring-console-plugin"
--> 34066fccb83f
[linux/amd64] [1/3] STEP 11/11: RUN make build-frontend
cd web && npm run build

> monitoring-plugin@0.5.0 build
> npm run clean && NODE_ENV=production npm run ts-node node_modules/.bin/webpack


> monitoring-plugin@0.5.0 clean
> rm -rf dist


> monitoring-plugin@0.5.0 ts-node
> ts-node -O '{"module":"commonjs"}' node_modules/.bin/webpack

DEPRECATION WARNING [legacy-js-api]: The legacy JS API is deprecated and will be removed in Dart Sass 2.0.0.

More info: https://sass-lang.com/d/legacy-js-api

assets by path *.js 9.58 MiB
  assets by chunk 8.27 MiB (id hint: vendors)
    assets by status 7.08 MiB [big] 3 assets
    + 38 assets
  + 162 assets
assets by path assets/ 1.28 MiB
  assets by path assets/*.woff 740 KiB 42 assets
  assets by path assets/*.woff2 565 KiB 42 assets
  asset assets/restricted-sign..svg 2.38 KiB [emitted] [from: components/console/imgs/restricted-sign.svg] (auxiliary name: CmoAlertsPage, exposed-AlertRulesDetailsPage, exposed-AlertsDetailsPage, exposed-AlertsPage, exposed-IncidentsPage, exposed-SilenceEditPage, exposed-SilencesDetailsPage, exposed-TargetsPage)
assets by path locales/ 114 KiB
  asset locales/en/plugin__monitoring-console-plugin.json 21.2 KiB [emitted] [from: ../locales/en/plugin__monitoring-plugin.json] [copied]
  asset locales/ja/plugin__monitoring-console-plugin.json 20.7 KiB [emitted] [from: ../locales/ja/plugin__monitoring-plugin.json] [copied]
  asset locales/fr/plugin__monitoring-console-plugin.json 19.3 KiB [emitted] [from: ../locales/fr/plugin__monitoring-plugin.json] [copied]
  + 3 assets
asset plugin-manifest.json 7.02 KiB [emitted]
orphan modules 19.4 MiB [orphan] 20193 modules
runtime modules 58.6 KiB 15 modules
built modules 17.8 MiB (javascript) 1.28 MiB (asset) 3.2 KiB (consume-shared) 2.95 KiB (share-init) [built]
  javascript modules 17.8 MiB 1726 modules
  asset modules 1.28 MiB (asset) 3.49 KiB (javascript)
    modules by path ../node_modules/@fontsource/inter/files/*.woff2 565 KiB (asset) 1.72 KiB (javascript) 42 modules
    modules by path ../node_modules/@fontsource/inter/files/*.woff 740 KiB (asset) 1.72 KiB (javascript) 42 modules
    ./components/console/imgs/restricted-sign.svg 2.38 KiB (asset) 42 bytes (javascript) [built] [code generated]
  consume-shared-module modules 3.2 KiB 78 modules
  provide-module modules 2.95 KiB
    modules by path provide shared module (default) @patternfly/react-core/dist/dynamic/ 1.85 KiB 45 modules
    modules by path provide shared module (default) @patternfly/react-icons/dist/dynamic/icons/ 1.03 KiB 25 modules
    modules by path provide shared module (default) @patternfly/react-table/dist/dynamic/components/ 84 bytes 2 modules
  ../node_modules/tlds/index.json 10.9 KiB [built] [code generated]

WARNING in asset size limit: The following asset(s) exceed the recommended size limit (244 KiB).
This can impact web performance.
Assets: 
  9545-chunk-f95217f525a184c8f528.min.js (312 KiB)
  3049-chunk-a093032ef24449126f63.min.js (410 KiB)
  1137-chunk-7af93145671c41feddd9.min.js (6.38 MiB)

webpack 5.105.2 compiled with 1 warning in 153696 ms
--> fa3c041ee462
[linux/amd64] [2/3] STEP 1/14: FROM registry.access.redhat.com/ubi9/go-toolset:1.26 AS go-builder
Trying to pull registry.access.redhat.com/ubi9/go-toolset:1.26...
Getting image source signatures
Checking if image destination supports signatures
Copying blob sha256:7c484deb77bcdf607654ab80e826685d6714c6ca87198f6717b729ae60aa63eb
Copying blob sha256:09b0ddc7b06a8bd121c5a3cea6009136b46cf4db04bd3284fe3f295a69e5bf28
Copying blob sha256:535c9115bc652471a345fed2b23bfcbd903430c8a9536d1799d18b6c62b5f5d5
Copying blob sha256:161e05ae87ae22da19dad2cae3770d612cd65a04d7f009b5dfff938b8e43f37a
Copying config sha256:10aa0a63da6452d793eb68aed324e8ec27b309f75ec739d95b19dbb26a9be042
Writing manifest to image destination
Storing signatures
[linux/amd64] [2/3] STEP 2/14: WORKDIR /opt/app-root
--> Using cache 87110b4bebf062875bbb848dcab66696e99aa2fc9c2f3afb3d0262587a00e181
--> 87110b4bebf0
[linux/amd64] [2/3] STEP 3/14: COPY Makefile Makefile
--> 1d7c56316fa4
[linux/amd64] [2/3] STEP 4/14: COPY go.mod go.mod
--> ccb73bd7b46c
[linux/amd64] [2/3] STEP 5/14: COPY go.sum go.sum
--> 57dbc7d6be65
[linux/amd64] [2/3] STEP 6/14: RUN make install-backend
go mod download
--> 69e2c65aee78
[linux/amd64] [2/3] STEP 7/14: COPY cmd/ cmd/
--> 3df236bf5f0b
[linux/amd64] [2/3] STEP 8/14: COPY pkg/ pkg/
--> 74120ae4a7d9
[linux/amd64] [2/3] STEP 9/14: ENV GOOS=${TARGETOS:-linux}
--> 2a7810485364
[linux/amd64] [2/3] STEP 10/14: ENV GOARCH=${TARGETARCH}
--> cd7e105b201e
[linux/amd64] [2/3] STEP 11/14: ENV GOEXPERIMENT=strictfipsruntime
--> 415a551958e0
[linux/amd64] [2/3] STEP 12/14: ENV GOFLAGS=-mod=readonly
--> cdf1d77cebf8
[linux/amd64] [2/3] STEP 13/14: ENV CGO_ENABLED=1
--> ea493c5474da
[linux/amd64] [2/3] STEP 14/14: RUN make build-backend
go build  -mod=readonly -o plugin-backend cmd/plugin-backend.go
--> 10cf404deda9
[linux/arm64] [1/3] STEP 1/11: FROM registry.redhat.io/ubi9/nodejs-22:latest AS web-builder
Trying to pull registry.redhat.io/ubi9/nodejs-22:latest...
Getting image source signatures
Checking if image destination supports signatures
Copying blob sha256:51f40407aea52f718b56160226d38d19de010dc9391045885618c4640694ca4b
Copying blob sha256:1d528cef78efeed291a9f71bfa137acec48792c73f11f9ed8be0dedcc7fe6b70
Copying blob sha256:ab2eb26b66524e601ddac1e25f3c6c4a77d304695c129c7e6afc2fd28c9813fd
Copying config sha256:07df1ea96144ef9b6bdd2aa67a83fb746f9bde11052db851df61e4256cdf4e79
Writing manifest to image destination
Storing signatures
[linux/arm64] [1/3] STEP 2/11: WORKDIR /opt/app-root
--> Using cache 531063a1bc70d43cd0d32648f3809884bab683baa1d6bb8dc47cf48a4f2e039f
--> 531063a1bc70
[linux/arm64] [1/3] STEP 3/11: USER 0
--> Using cache b8970e35feda1671c953a82b1e51c17578b526492e5a8c28a879593c67e0d764
--> b8970e35feda
[linux/arm64] [1/3] STEP 4/11: ENV HUSKY=0
--> Using cache 4725c0af6b8732dc6d2ea9d1a780e78a9352c44479599ad341419e657f5ce903
--> 4725c0af6b87
[linux/arm64] [1/3] STEP 5/11: COPY web/package*.json web/
--> ba39d6d1617d
[linux/arm64] [1/3] STEP 6/11: COPY Makefile Makefile
--> c5aa086b7dd9
[linux/arm64] [1/3] STEP 7/11: RUN make install-frontend-ci
cd web && npm ci --ignore-scripts
npm warn deprecated rimraf@3.0.2: Rimraf versions prior to v4 are no longer supported
npm warn deprecated popper.js@1.16.1: You can find the new Popper v2 at @popperjs/core, this package is dedicated to the legacy v1
npm warn deprecated lodash.get@4.4.2: This package is deprecated. Use the optional chaining (?.) operator instead.
npm warn deprecated inflight@1.0.6: This module is not supported, and leaks memory. Do not use it. Check out lru-cache if you want a good and tested way to coalesce async requests by a key value, which is much more comprehensive and powerful.
npm warn deprecated i18next-parser@9.4.0: Project is deprecated, use i18next-cli instead
npm warn deprecated glob@7.2.3: Glob versions prior to v9 are no longer supported
npm warn deprecated eslint@8.57.1: This version is no longer supported. Please see https://eslint.org/version-support for other options.
npm warn deprecated @humanwhocodes/object-schema@2.0.3: Use @eslint/object-schema instead
npm warn deprecated @humanwhocodes/config-array@0.13.0: Use @eslint/config-array instead
npm warn deprecated glob@10.5.0: Old versions of glob are not supported, and contain widely publicized security vulnerabilities, which have been fixed in the current version. Please update. Support for old versions may be purchased (at exorbitant rates) by contacting i@izs.me
npm warn deprecated glob@10.5.0: Old versions of glob are not supported, and contain widely publicized security vulnerabilities, which have been fixed in the current version. Please update. Support for old versions may be purchased (at exorbitant rates) by contacting i@izs.me
npm warn deprecated glob@10.5.0: Old versions of glob are not supported, and contain widely publicized security vulnerabilities, which have been fixed in the current version. Please update. Support for old versions may be purchased (at exorbitant rates) by contacting i@izs.me
npm warn deprecated glob@10.5.0: Old versions of glob are not supported, and contain widely publicized security vulnerabilities, which have been fixed in the current version. Please update. Support for old versions may be purchased (at exorbitant rates) by contacting i@izs.me

added 1883 packages, and audited 1884 packages in 43s

310 packages are looking for funding
  run `npm fund` for details

43 vulnerabilities (2 low, 26 moderate, 14 high, 1 critical)

To address issues that do not require attention, run:
  npm audit fix

To address all issues possible (including breaking changes), run:
  npm audit fix --force

Some issues need review, and may require choosing
a different dependency.

Run `npm audit` for details.
--> 28552b091751
[linux/arm64] [1/3] STEP 8/11: COPY web/ web/
--> 836554b436f7
[linux/arm64] [1/3] STEP 9/11: COPY config/ config/
--> e7e5d12abfc4
[linux/arm64] [1/3] STEP 10/11: ENV CONSOLE_PLUGIN_NAME="monitoring-console-plugin"
--> 008fdae0f39a
[linux/arm64] [1/3] STEP 11/11: RUN make build-frontend
cd web && npm run build

> monitoring-plugin@0.5.0 build
> npm run clean && NODE_ENV=production npm run ts-node node_modules/.bin/webpack


> monitoring-plugin@0.5.0 clean
> rm -rf dist


> monitoring-plugin@0.5.0 ts-node
> ts-node -O '{"module":"commonjs"}' node_modules/.bin/webpack

DEPRECATION WARNING [legacy-js-api]: The legacy JS API is deprecated and will be removed in Dart Sass 2.0.0.

More info: https://sass-lang.com/d/legacy-js-api

assets by path *.js 9.58 MiB
  assets by chunk 8.27 MiB (id hint: vendors)
    assets by status 7.08 MiB [big] 3 assets
    + 38 assets
  + 162 assets
assets by path assets/ 1.28 MiB
  assets by path assets/*.woff 740 KiB 42 assets
  assets by path assets/*.woff2 565 KiB 42 assets
  asset assets/restricted-sign..svg 2.38 KiB [emitted] [from: components/console/imgs/restricted-sign.svg] (auxiliary name: CmoAlertsPage, exposed-AlertRulesDetailsPage, exposed-AlertsDetailsPage, exposed-AlertsPage, exposed-IncidentsPage, exposed-SilenceEditPage, exposed-SilencesDetailsPage, exposed-TargetsPage)
assets by path locales/ 114 KiB
  asset locales/en/plugin__monitoring-console-plugin.json 21.2 KiB [emitted] [from: ../locales/en/plugin__monitoring-plugin.json] [copied]
  asset locales/ja/plugin__monitoring-console-plugin.json 20.7 KiB [emitted] [from: ../locales/ja/plugin__monitoring-plugin.json] [copied]
  asset locales/fr/plugin__monitoring-console-plugin.json 19.3 KiB [emitted] [from: ../locales/fr/plugin__monitoring-plugin.json] [copied]
  + 3 assets
asset plugin-manifest.json 7.02 KiB [emitted]
orphan modules 19.4 MiB [orphan] 20193 modules
runtime modules 58.6 KiB 15 modules
built modules 17.8 MiB (javascript) 1.28 MiB (asset) 3.2 KiB (consume-shared) 2.95 KiB (share-init) [built]
  javascript modules 17.8 MiB 1726 modules
  asset modules 1.28 MiB (asset) 3.49 KiB (javascript)
    modules by path ../node_modules/@fontsource/inter/files/*.woff2 565 KiB (asset) 1.72 KiB (javascript) 42 modules
    modules by path ../node_modules/@fontsource/inter/files/*.woff 740 KiB (asset) 1.72 KiB (javascript) 42 modules
    ./components/console/imgs/restricted-sign.svg 2.38 KiB (asset) 42 bytes (javascript) [built] [code generated]
  consume-shared-module modules 3.2 KiB 78 modules
  provide-module modules 2.95 KiB
    modules by path provide shared module (default) @patternfly/react-core/dist/dynamic/ 1.85 KiB 45 modules
    modules by path provide shared module (default) @patternfly/react-icons/dist/dynamic/icons/ 1.03 KiB 25 modules
    modules by path provide shared module (default) @patternfly/react-table/dist/dynamic/components/ 84 bytes 2 modules
  ../node_modules/tlds/index.json 10.9 KiB [built] [code generated]

WARNING in asset size limit: The following asset(s) exceed the recommended size limit (244 KiB).
This can impact web performance.
Assets: 
  9545-chunk-f95217f525a184c8f528.min.js (312 KiB)
  3049-chunk-a093032ef24449126f63.min.js (410 KiB)
  1137-chunk-7af93145671c41feddd9.min.js (6.38 MiB)

webpack 5.105.2 compiled with 1 warning in 94136 ms
--> d82c312dece7
[linux/amd64] [3/3] STEP 1/8: FROM registry.access.redhat.com/ubi9/ubi-minimal
Trying to pull registry.access.redhat.com/ubi9/ubi-minimal:latest...
Getting image source signatures
Checking if image destination supports signatures
Copying blob sha256:b66f4afff961364e2b31840faeac9f4cf40a138156bc5adbd4190044ff5160c0
Copying config sha256:4fda89b89b73066be4c0eba0f9690c5ca7dd50e703a8c28e48f3b64c5d8e4782
Writing manifest to image destination
Storing signatures
[linux/amd64] [3/3] STEP 2/8: RUN mkdir /licenses
--> Using cache 743fabee7360c29247fc85d6cd386872a85f75bce4a52858184410ea6161ea12
--> 743fabee7360
[linux/amd64] [3/3] STEP 3/8: COPY LICENSE /licenses/.
--> Using cache b13a14d97292ee6d17afa3586824e083459c8165d1b997b7558f31f9f75b0cec
--> b13a14d97292
[linux/amd64] [3/3] STEP 4/8: USER 1001
--> Using cache c04c67bf0cba5993c3bec9c24406f0cf258782b8df57036567687964aa4cc706
--> c04c67bf0cba
[linux/amd64] [3/3] STEP 5/8: COPY --from=web-builder /opt/app-root/web/dist /opt/app-root/web/dist
--> 98109d37852a
[linux/amd64] [3/3] STEP 6/8: COPY --from=go-builder /opt/app-root/plugin-backend /opt/app-root
--> 89f51f1ccfce
[linux/amd64] [3/3] STEP 7/8: COPY --from=web-builder /opt/app-root/config /opt/app-root/config
--> 938a60ba6526
[linux/amd64] [3/3] STEP 8/8: ENTRYPOINT ["/opt/app-root/plugin-backend", "-static-path", "/opt/app-root/web/dist"]
[linux/amd64] [3/3] COMMIT
--> eada51cd52af
[linux/arm64] [2/3] STEP 1/14: FROM registry.access.redhat.com/ubi9/go-toolset:1.26 AS go-builder
eada51cd52af6588468e0d721041414604f6c6ede3fec156bee75e6fad2d9e9b
Trying to pull registry.access.redhat.com/ubi9/go-toolset:1.26...
Getting image source signatures
Checking if image destination supports signatures
Copying blob sha256:ccbf8b3c04aacf18b6e8039882e5877b01ac81c4509872a1bc5497988794482d
Copying blob sha256:51673f5e488685d622dc82ecebbb0674784935f30cb31004db0c8acf6fb73e28
Copying blob sha256:73372a2b4d1ecaa43ad0ffb5c4de4a6083650cec0d2a0dad8a854cfeb066021f
Copying blob sha256:a24dfc124c51c93889fc03aad54d66b189aeb3260c6ab6d382bdf3ef269326d2
Copying config sha256:2ddf26b1dd62c7c30fa8d539c6758a9f7fac5de1b9bf2409ef00df6d639b5c3f
Writing manifest to image destination
Storing signatures
[linux/arm64] [2/3] STEP 2/14: WORKDIR /opt/app-root
--> Using cache 3de4f887367ff4e105f55683ae1a70e9385a5d83ce5124c563c3f51862f5e70a
--> 3de4f887367f
[linux/arm64] [2/3] STEP 3/14: COPY Makefile Makefile
--> b4b514ac02bc
[linux/arm64] [2/3] STEP 4/14: COPY go.mod go.mod
--> 81ebade46f83
[linux/arm64] [2/3] STEP 5/14: COPY go.sum go.sum
--> 921628bc59a1
[linux/arm64] [2/3] STEP 6/14: RUN make install-backend
go mod download
--> eaa613179493
[linux/arm64] [2/3] STEP 7/14: COPY cmd/ cmd/
--> 92d1a20f6de9
[linux/arm64] [2/3] STEP 8/14: COPY pkg/ pkg/
--> 1849a369133d
[linux/arm64] [2/3] STEP 9/14: ENV GOOS=${TARGETOS:-linux}
--> bd7d2d173869
[linux/arm64] [2/3] STEP 10/14: ENV GOARCH=${TARGETARCH}
--> 919de9cf6e27
[linux/arm64] [2/3] STEP 11/14: ENV GOEXPERIMENT=strictfipsruntime
--> b071b39f5bae
[linux/arm64] [2/3] STEP 12/14: ENV GOFLAGS=-mod=readonly
--> b559ff584828
[linux/arm64] [2/3] STEP 13/14: ENV CGO_ENABLED=1
--> 7d06ee7ac35f
[linux/arm64] [2/3] STEP 14/14: RUN make build-backend
go build  -mod=readonly -o plugin-backend cmd/plugin-backend.go
--> caf212818e9b
[linux/arm64] [3/3] STEP 1/8: FROM registry.access.redhat.com/ubi9/ubi-minimal
Trying to pull registry.access.redhat.com/ubi9/ubi-minimal:latest...
Getting image source signatures
Checking if image destination supports signatures
Copying blob sha256:36e72d37accbc857387599416b2fbab8fba8dd4b3f3b465ab05e57367cbe05fd
Copying config sha256:d5dc52ee643af910a58080edfbd1a5e9baf9c4505788b47173ac279ae1600cc8
Writing manifest to image destination
Storing signatures
[linux/arm64] [3/3] STEP 2/8: RUN mkdir /licenses
--> Using cache 8b2f97618804f6a834293ef51100e3c501d7291500f3d3eb1169477d07b17760
--> 8b2f97618804
[linux/arm64] [3/3] STEP 3/8: COPY LICENSE /licenses/.
--> Using cache 0c98cf6c0120d74fdd92a45f9763c21df8e389e61b3d97f76c5e970b2f611e3e
--> 0c98cf6c0120
[linux/arm64] [3/3] STEP 4/8: USER 1001
--> Using cache 0efd209b987f1a29e9caea2a516bf8c805a41c5017653a96928cdda1ab39fb31
--> 0efd209b987f
[linux/arm64] [3/3] STEP 5/8: COPY --from=web-builder /opt/app-root/web/dist /opt/app-root/web/dist
--> 2676a8559988
[linux/arm64] [3/3] STEP 6/8: COPY --from=go-builder /opt/app-root/plugin-backend /opt/app-root
--> e7459779e197
[linux/arm64] [3/3] STEP 7/8: COPY --from=web-builder /opt/app-root/config /opt/app-root/config
--> 8d0816c74de4
[linux/arm64] [3/3] STEP 8/8: ENTRYPOINT ["/opt/app-root/plugin-backend", "-static-path", "/opt/app-root/web/dist"]
[linux/arm64] [3/3] COMMIT
--> 6a6b34270a20
6a6b34270a200b7c245a0e631d0af0290e949f1be3f0d0dcbef2ae0091e48a93
podman manifest push quay.io/openshift-observability-ui/monitoring-console-plugin:v0.5.5
Getting image list signatures
Copying 2 images generated from 2 images in list
Copying image sha256:eae901a107b06346c475e4015d740ffb56262148e748a9d72f19f893c92863ac (1/2)
Getting image source signatures
Copying blob sha256:a6e883ed3d3087195febd486e9587a12524ed465a33a1c517e525f28e4d961ba
Copying blob sha256:4329707aea955bed65bd5a1a4752c4049f9f033f019529ecc8ed8b3718121e3b
Copying blob sha256:2823899961a8eb8ded5d53c5fe6bda8f64e7679032ce87cf909df59dcf2c5081
Copying blob sha256:0338ac4ff06218011c6c576131bf7b88f4d4202fd9f824071f426106e43cd266
Copying blob sha256:5400aae257aee099eb2fc0ddd0a3fdccfe494972f0489b72a3425b0105620ebe
Copying blob sha256:4154d8c48f320ad96e89cbb2eac7e8af5effbac4f1bc758516f1c6b4f1ddfbb7
Copying config sha256:eada51cd52af6588468e0d721041414604f6c6ede3fec156bee75e6fad2d9e9b
Writing manifest to image destination
Copying image sha256:3e7418fff3707f009e2c1ab2715123597813f73c22584e234327fe8c03548ce2 (2/2)
Getting image source signatures
Copying blob sha256:a7ec2a64fbfb2dcd6a5853da00036d0193ec119fc3bb19514beef1d7a3f69632
Copying blob sha256:46f77a82cc49b9a0a224469d542c0d2285a386f28249053177f22f96b2b2288f
Copying blob sha256:d4d642aae89d7493720a69ed393703a971780b82077c62badfc75729fa15fbc9
Copying blob sha256:119968c143240ee90bc619d38d070fe5a691c76350003a277e295c0244a8209d
Copying blob sha256:1e066b307ee36e295cbbbb86579455776ccd9350a991995ec0cee74322e5bde8
Copying blob sha256:e873ba8cc62698d587a1351c8d1aa4f513c0d552fcde52bc1ace3d10d3520b4e
Copying config sha256:6a6b34270a200b7c245a0e631d0af0290e949f1be3f0d0dcbef2ae0091e48a93
Writing manifest to image destination
Writing manifest list to image destination
Storing list signatures
==========================================
Building distributed-tracing-plugin @ release-coo-ocp-4.22 with VERSION=v1.2.0 ORG=openshift-observability-ui
==========================================
Switched to branch 'release-coo-ocp-4.22'
Your branch is up to date with 'origin/release-coo-ocp-4.22'.
From https://github.com/openshift/distributed-tracing-console-plugin
 * branch            release-coo-ocp-4.22 -> FETCH_HEAD
Already up to date.
--- Attempt 1/3 ---
podman manifest rm quay.io/openshift-observability-ui/distributed-tracing-console-plugin:v1.2.0 || true
Error: quay.io/openshift-observability-ui/distributed-tracing-console-plugin:v1.2.0: image not known
podman manifest create quay.io/openshift-observability-ui/distributed-tracing-console-plugin:v1.2.0
3e19812ab4dde848a948f01f9615c7fde034ca953ecf20e28e0f303f20b16127
podman build --platform=linux/arm64,linux/amd64 --manifest quay.io/openshift-observability-ui/distributed-tracing-console-plugin:v1.2.0 -f Dockerfile
[linux/arm64] [1/3] STEP 1/8: FROM registry.redhat.io/ubi9/nodejs-22:latest AS web-builder
[linux/arm64] [1/3] STEP 2/8: WORKDIR /opt/app-root
--> Using cache 531063a1bc70d43cd0d32648f3809884bab683baa1d6bb8dc47cf48a4f2e039f
--> 531063a1bc70
[linux/arm64] [1/3] STEP 3/8: USER 0
--> Using cache b8970e35feda1671c953a82b1e51c17578b526492e5a8c28a879593c67e0d764
--> b8970e35feda
[linux/arm64] [1/3] STEP 4/8: COPY web/package*.json web/
--> 8e0f0fec1098
[linux/arm64] [1/3] STEP 5/8: COPY Makefile Makefile
--> a2ccc1948761
[linux/arm64] [1/3] STEP 6/8: RUN make install-frontend-ci-clean
cd web && npm ci --ignore-scripts --omit=optional
npm warn deprecated whatwg-encoding@3.1.1: Use @exodus/bytes instead for a more spec-conformant and faster implementation
npm warn deprecated rimraf@3.0.2: Rimraf versions prior to v4 are no longer supported
npm warn deprecated inflight@1.0.6: This module is not supported, and leaks memory. Do not use it. Check out lru-cache if you want a good and tested way to coalesce async requests by a key value, which is much more comprehensive and powerful.
npm warn deprecated glob@7.2.3: Glob versions prior to v9 are no longer supported
npm warn deprecated rimraf@2.7.1: Rimraf versions prior to v4 are no longer supported
npm warn deprecated glob@10.5.0: Old versions of glob are not supported, and contain widely publicized security vulnerabilities, which have been fixed in the current version. Please update. Support for old versions may be purchased (at exorbitant rates) by contacting i@izs.me
npm warn deprecated glob@10.5.0: Old versions of glob are not supported, and contain widely publicized security vulnerabilities, which have been fixed in the current version. Please update. Support for old versions may be purchased (at exorbitant rates) by contacting i@izs.me
npm warn deprecated glob@10.5.0: Old versions of glob are not supported, and contain widely publicized security vulnerabilities, which have been fixed in the current version. Please update. Support for old versions may be purchased (at exorbitant rates) by contacting i@izs.me
npm warn deprecated glob@10.5.0: Old versions of glob are not supported, and contain widely publicized security vulnerabilities, which have been fixed in the current version. Please update. Support for old versions may be purchased (at exorbitant rates) by contacting i@izs.me

added 1727 packages, and audited 1728 packages in 36s

311 packages are looking for funding
  run `npm fund` for details

45 vulnerabilities (2 low, 22 moderate, 20 high, 1 critical)

To address issues that do not require attention, run:
  npm audit fix

To address all issues possible (including breaking changes), run:
  npm audit fix --force

Some issues need review, and may require choosing
a different dependency.

Run `npm audit` for details.
cd web && npm cache clean --force
npm warn using --force Recommended protections disabled.
--> c76f35234e06
[linux/arm64] [1/3] STEP 7/8: COPY web/ web/
--> 82014c4f2d61
[linux/arm64] [1/3] STEP 8/8: RUN make build-frontend
cd web && npm run build

> distributed-tracing-console-plugin@1.0.0 build
> npm run clean && NODE_ENV=production npm run webpack


> distributed-tracing-console-plugin@1.0.0 clean
> rm -rf dist


> distributed-tracing-console-plugin@1.0.0 webpack
> node -r ts-node/register ./node_modules/.bin/webpack

@patternfly/react-core dynamic modules taken from dist/dynamic-modules.json
@patternfly/react-icons dynamic modules taken from dist/dynamic-modules.json
@patternfly/react-templates dynamic modules taken from dist/dynamic-modules.json
assets by path assets/ 1.27 MiB
  assets by path assets/*.woff 740 KiB 42 assets
  assets by path assets/*.woff2 565 KiB
    asset assets/inter-latin-ext-600-normal..woff2 35.4 KiB [emitted] [from: ../node_modules/@fontsource/inter/files/inter-latin-ext-600-normal.woff2] (auxiliary id hint: vendors)
    + 41 assets
assets by path *.js 3.37 MiB
  assets by chunk 2.97 MiB (id hint: vendors)
    asset 9911-chunk-d5678a1d8861af23fdb1.min.js 2.59 MiB [emitted] [immutable] [minimized] [big] (id hint: vendors) 1 related asset
    asset 3864-chunk-a584ce5774a4b071dbe5.min.js 130 KiB [emitted] [immutable] [minimized] (id hint: vendors) 1 related asset
    asset 7768-chunk-0e74882a8a4428559b83.min.js 44.7 KiB [emitted] [immutable] [minimized] (id hint: vendors)
    asset 6808-chunk-5919f5818be6f8a391b5.min.js 42 KiB [emitted] [immutable] [minimized] (id hint: vendors)
    + 10 assets
  + 64 assets
asset locales/en/plugin__distributed-tracing-console-plugin.json 4.29 KiB [emitted] [from: ../locales/en/plugin__distributed-tracing-console-plugin.json] [copied]
asset plugin-manifest.json 895 bytes [emitted]
orphan modules 21.1 MiB [orphan] 13431 modules
runtime modules 36.4 KiB 14 modules
built modules 10.2 MiB (javascript) 1.27 MiB (asset) 1.64 KiB (consume-shared) 1.44 KiB (share-init) [built]
  javascript modules 10.2 MiB 727 modules
  asset modules 1.27 MiB (asset) 3.45 KiB (javascript)
    modules by path ../node_modules/@fontsource/inter/files/*.woff2 565 KiB (asset) 1.72 KiB (javascript) 42 modules
    modules by path ../node_modules/@fontsource/inter/files/*.woff 740 KiB (asset) 1.72 KiB (javascript) 42 modules
  consume-shared-module modules 1.64 KiB
    modules by path consume shared module (default) @patternfly/ 1.44 KiB 35 modules
    modules by path *.1 (singleton) 84 bytes 2 modules
    + 3 modules
  provide-module modules 1.44 KiB
    modules by path provide shared module (default) @patternfly/react-core/dist/dynamic/ 924 bytes 22 modules
    modules by path provide shared module (default) @patternfly/react-icons/dist/dynamic/icons/ 504 bytes 12 modules
    provide shared module (default) @patternfly/react-templates/dist/dynamic/compone...(truncated) 42 bytes [built] [code generated]

WARNING in asset size limit: The following asset(s) exceed the recommended size limit (244 KiB).
This can impact web performance.
Assets: 
  9911-chunk-d5678a1d8861af23fdb1.min.js (2.59 MiB)

webpack 5.106.2 compiled with 1 warning in 85548 ms
--> 6919762e55d4
[linux/arm64] [2/3] STEP 1/11: FROM registry.access.redhat.com/ubi9/go-toolset:1.26 AS go-builder
[linux/arm64] [2/3] STEP 2/11: WORKDIR /opt/app-root
--> Using cache 3de4f887367ff4e105f55683ae1a70e9385a5d83ce5124c563c3f51862f5e70a
--> 3de4f887367f
[linux/arm64] [2/3] STEP 3/11: COPY Makefile Makefile
--> Using cache 51a970f11d97f89c2f84fe29db18fc92c96d472eaffdf1b0767e66ef8ae23dd4
--> 51a970f11d97
[linux/arm64] [2/3] STEP 4/11: COPY go.mod go.mod
--> Using cache 174efc2db946408793303f3f13fd8b3bb796becdff69e1d5a3fe061443e2f6b1
--> 174efc2db946
[linux/arm64] [2/3] STEP 5/11: COPY go.sum go.sum
--> Using cache 08c19044c223fce167c582c6da5e31ef4f5a00b7ab02b36837de382484f8011f
--> 08c19044c223
[linux/arm64] [2/3] STEP 6/11: RUN go mod download
--> Using cache 6fc5a126f3f4dd2ba15d168d303ef9958d80de5d215ab8d8ac6a627ab689b9a5
--> 6fc5a126f3f4
[linux/arm64] [2/3] STEP 7/11: COPY cmd/ cmd/
--> Using cache e6c4b6b5a90a96acdc7e8ea77ee1e1e689f5679b5dee8f7e7f78533555f2f9b2
--> e6c4b6b5a90a
[linux/arm64] [2/3] STEP 8/11: COPY pkg/ pkg/
--> Using cache 23bff2b05bc2876649f6175aaf46ea055db69a09872e837280ee8244b8da9a49
--> 23bff2b05bc2
[linux/arm64] [2/3] STEP 9/11: ENV GOEXPERIMENT=strictfipsruntime
--> Using cache 399632bf02c6eeabce1926f7c35f3685c184cdb2b15b27bbc34bcc16fe521de2
--> 399632bf02c6
[linux/arm64] [2/3] STEP 10/11: ENV CGO_ENABLED=1
--> Using cache 9f8efdb9a2632a4a7da385ca21f21ff4079dce310508e3e9d12224b3ea3b0482
--> 9f8efdb9a263
[linux/arm64] [2/3] STEP 11/11: RUN make build-backend BUILD_OPTS="-tags strictfipsruntime"
--> Using cache 049aee9d349ed8629d329c48fb22b51d4ba44ab1b4f5318d34df5fa24a44ae2b
--> 049aee9d349e
[linux/amd64] [1/3] STEP 1/8: FROM registry.redhat.io/ubi9/nodejs-22:latest AS web-builder
Trying to pull registry.redhat.io/ubi9/nodejs-22:latest...
Getting image source signatures
Checking if image destination supports signatures
Copying blob sha256:a426c67a25d0dc9e5a27cdfbf2d93946f8ef6508351299d4b655d8d99025cb48
Copying blob sha256:cc6c54df811b0867866d695d6ce1e04fa5e1309584057d4101d43395a4551ff3
Copying blob sha256:df19a62bff501d77f1f32099c1a161a11054b128dcd93f475074b5aaccf947bd
Copying config sha256:a5b105f4ee7ecde67fe05faed2ab96d80f43e1282766650a7b7aaf487d565be7
Writing manifest to image destination
Storing signatures
[linux/amd64] [1/3] STEP 2/8: WORKDIR /opt/app-root
--> Using cache 07c5c20a09a30c771bd4bc428f655ea0dadedb2c84496928eed6db4b2e7e380f
--> 07c5c20a09a3
[linux/amd64] [1/3] STEP 3/8: USER 0
--> Using cache 3feeb8a86867864d750fe9d7b285c7461704cce89e9b8260a3ae6e34eb460393
--> 3feeb8a86867
[linux/amd64] [1/3] STEP 4/8: COPY web/package*.json web/
--> a7c4314f585c
[linux/amd64] [1/3] STEP 5/8: COPY Makefile Makefile
--> 92351a21a1a0
[linux/amd64] [1/3] STEP 6/8: RUN make install-frontend-ci-clean
cd web && npm ci --ignore-scripts --omit=optional
npm warn deprecated whatwg-encoding@3.1.1: Use @exodus/bytes instead for a more spec-conformant and faster implementation
npm warn deprecated rimraf@3.0.2: Rimraf versions prior to v4 are no longer supported
npm warn deprecated inflight@1.0.6: This module is not supported, and leaks memory. Do not use it. Check out lru-cache if you want a good and tested way to coalesce async requests by a key value, which is much more comprehensive and powerful.
npm warn deprecated glob@7.2.3: Glob versions prior to v9 are no longer supported
npm warn deprecated rimraf@2.7.1: Rimraf versions prior to v4 are no longer supported
npm warn deprecated glob@10.5.0: Old versions of glob are not supported, and contain widely publicized security vulnerabilities, which have been fixed in the current version. Please update. Support for old versions may be purchased (at exorbitant rates) by contacting i@izs.me
npm warn deprecated glob@10.5.0: Old versions of glob are not supported, and contain widely publicized security vulnerabilities, which have been fixed in the current version. Please update. Support for old versions may be purchased (at exorbitant rates) by contacting i@izs.me
npm warn deprecated glob@10.5.0: Old versions of glob are not supported, and contain widely publicized security vulnerabilities, which have been fixed in the current version. Please update. Support for old versions may be purchased (at exorbitant rates) by contacting i@izs.me
npm warn deprecated glob@10.5.0: Old versions of glob are not supported, and contain widely publicized security vulnerabilities, which have been fixed in the current version. Please update. Support for old versions may be purchased (at exorbitant rates) by contacting i@izs.me

added 1727 packages, and audited 1728 packages in 1m

311 packages are looking for funding
  run `npm fund` for details

45 vulnerabilities (2 low, 22 moderate, 20 high, 1 critical)

To address issues that do not require attention, run:
  npm audit fix

To address all issues possible (including breaking changes), run:
  npm audit fix --force

Some issues need review, and may require choosing
a different dependency.

Run `npm audit` for details.
cd web && npm cache clean --force
npm warn using --force Recommended protections disabled.
--> 6b11e658a6e6
[linux/amd64] [1/3] STEP 7/8: COPY web/ web/
--> 6311ea1a5219
[linux/amd64] [1/3] STEP 8/8: RUN make build-frontend
cd web && npm run build

> distributed-tracing-console-plugin@1.0.0 build
> npm run clean && NODE_ENV=production npm run webpack


> distributed-tracing-console-plugin@1.0.0 clean
> rm -rf dist


> distributed-tracing-console-plugin@1.0.0 webpack
> node -r ts-node/register ./node_modules/.bin/webpack

@patternfly/react-core dynamic modules taken from dist/dynamic-modules.json
@patternfly/react-icons dynamic modules taken from dist/dynamic-modules.json
@patternfly/react-templates dynamic modules taken from dist/dynamic-modules.json
assets by path assets/ 1.27 MiB
  assets by path assets/*.woff 740 KiB 42 assets
  assets by path assets/*.woff2 565 KiB
    asset assets/inter-latin-ext-600-normal..woff2 35.4 KiB [emitted] [from: ../node_modules/@fontsource/inter/files/inter-latin-ext-600-normal.woff2] (auxiliary id hint: vendors)
    + 41 assets
assets by path *.js 3.37 MiB
  assets by chunk 2.97 MiB (id hint: vendors)
    asset 9911-chunk-d5678a1d8861af23fdb1.min.js 2.59 MiB [emitted] [immutable] [minimized] [big] (id hint: vendors) 1 related asset
    asset 3864-chunk-a584ce5774a4b071dbe5.min.js 130 KiB [emitted] [immutable] [minimized] (id hint: vendors) 1 related asset
    asset 7768-chunk-0e74882a8a4428559b83.min.js 44.7 KiB [emitted] [immutable] [minimized] (id hint: vendors)
    asset 6808-chunk-5919f5818be6f8a391b5.min.js 42 KiB [emitted] [immutable] [minimized] (id hint: vendors)
    + 10 assets
  + 64 assets
asset locales/en/plugin__distributed-tracing-console-plugin.json 4.29 KiB [emitted] [from: ../locales/en/plugin__distributed-tracing-console-plugin.json] [copied]
asset plugin-manifest.json 895 bytes [emitted]
orphan modules 21.1 MiB [orphan] 13431 modules
runtime modules 36.4 KiB 14 modules
built modules 10.2 MiB (javascript) 1.27 MiB (asset) 1.64 KiB (consume-shared) 1.44 KiB (share-init) [built]
  javascript modules 10.2 MiB 727 modules
  asset modules 1.27 MiB (asset) 3.45 KiB (javascript)
    modules by path ../node_modules/@fontsource/inter/files/*.woff2 565 KiB (asset) 1.72 KiB (javascript) 42 modules
    modules by path ../node_modules/@fontsource/inter/files/*.woff 740 KiB (asset) 1.72 KiB (javascript) 42 modules
  consume-shared-module modules 1.64 KiB
    modules by path consume shared module (default) @patternfly/ 1.44 KiB 35 modules
    modules by path *.1 (singleton) 84 bytes 2 modules
    + 3 modules
  provide-module modules 1.44 KiB
    modules by path provide shared module (default) @patternfly/react-core/dist/dynamic/ 924 bytes 22 modules
    modules by path provide shared module (default) @patternfly/react-icons/dist/dynamic/icons/ 504 bytes 12 modules
    provide shared module (default) @patternfly/react-templates/dist/dynamic/compone...(truncated) 42 bytes [built] [code generated]

WARNING in asset size limit: The following asset(s) exceed the recommended size limit (244 KiB).
This can impact web performance.
Assets: 
  9911-chunk-d5678a1d8861af23fdb1.min.js (2.59 MiB)

webpack 5.106.2 compiled with 1 warning in 138530 ms
--> fdb29ba68956
[linux/arm64] [3/3] STEP 1/4: FROM registry.access.redhat.com/ubi9/ubi-minimal
[linux/arm64] [3/3] STEP 2/4: COPY --from=web-builder /opt/app-root/web/dist /opt/app-root/web/dist
--> d557bba646e0
[linux/arm64] [3/3] STEP 3/4: COPY --from=go-builder /opt/app-root/plugin-backend /opt/app-root
--> 3daf19d42405
[linux/arm64] [3/3] STEP 4/4: ENTRYPOINT ["/opt/app-root/plugin-backend", "-static-path", "/opt/app-root/web/dist", "-config-path", "/opt/app-root/web/dist"]
[linux/arm64] [3/3] COMMIT
--> 06c3ae7e98ff
[linux/amd64] [2/3] STEP 1/11: FROM registry.access.redhat.com/ubi9/go-toolset:1.26 AS go-builder
06c3ae7e98ff06602b935058c4818183d326b4d044fa4bbe4410c2f513c36910
Trying to pull registry.access.redhat.com/ubi9/go-toolset:1.26...
Getting image source signatures
Checking if image destination supports signatures
Copying blob sha256:161e05ae87ae22da19dad2cae3770d612cd65a04d7f009b5dfff938b8e43f37a
Copying blob sha256:535c9115bc652471a345fed2b23bfcbd903430c8a9536d1799d18b6c62b5f5d5
Copying blob sha256:7c484deb77bcdf607654ab80e826685d6714c6ca87198f6717b729ae60aa63eb
Copying blob sha256:09b0ddc7b06a8bd121c5a3cea6009136b46cf4db04bd3284fe3f295a69e5bf28
Copying config sha256:10aa0a63da6452d793eb68aed324e8ec27b309f75ec739d95b19dbb26a9be042
Writing manifest to image destination
Storing signatures
[linux/amd64] [2/3] STEP 2/11: WORKDIR /opt/app-root
--> Using cache 87110b4bebf062875bbb848dcab66696e99aa2fc9c2f3afb3d0262587a00e181
--> 87110b4bebf0
[linux/amd64] [2/3] STEP 3/11: COPY Makefile Makefile
--> Using cache d7016c3b7016738707569e29211777c95dcf3ab50af88e1c43ccc7f4461642e0
--> d7016c3b7016
[linux/amd64] [2/3] STEP 4/11: COPY go.mod go.mod
--> Using cache 58f53798cce34701cb2f4e15487cdb710213514c04715aabf0ccbe4c68499a71
--> 58f53798cce3
[linux/amd64] [2/3] STEP 5/11: COPY go.sum go.sum
--> Using cache ce3631336171a9aaf675f038f7bcda24746c3bf62ceea8a69d3e8999081ab793
--> ce3631336171
[linux/amd64] [2/3] STEP 6/11: RUN go mod download
--> Using cache aeaf9e993af748154bea77376b74d21e18f9bf6c5fc9f02a775d777cb407bab3
--> aeaf9e993af7
[linux/amd64] [2/3] STEP 7/11: COPY cmd/ cmd/
--> Using cache 347f6ea36d9aea6768d685c6ef3cf627f0d44b1d5005a1864aa7589cc0a408c6
--> 347f6ea36d9a
[linux/amd64] [2/3] STEP 8/11: COPY pkg/ pkg/
--> Using cache f639a2e2d9d9c3c744f835559821012a97c74e04286dedb8cfd77d8d887a847c
--> f639a2e2d9d9
[linux/amd64] [2/3] STEP 9/11: ENV GOEXPERIMENT=strictfipsruntime
--> Using cache 06608254462b7cbbe67049bc3ee170a5af54d7745db3f8cb05000765b052893b
--> 06608254462b
[linux/amd64] [2/3] STEP 10/11: ENV CGO_ENABLED=1
--> Using cache 02d807c332146a4b3ee74e9c5428286a0b4053466cd2e82a18d010fef563eb63
--> 02d807c33214
[linux/amd64] [2/3] STEP 11/11: RUN make build-backend BUILD_OPTS="-tags strictfipsruntime"
--> Using cache b6d74e9f1565450275560bdad6cf07b9ce092f157eac1bc0b5d6a2c969603915
--> b6d74e9f1565
[linux/amd64] [3/3] STEP 1/4: FROM registry.access.redhat.com/ubi9/ubi-minimal
Trying to pull registry.access.redhat.com/ubi9/ubi-minimal:latest...
Getting image source signatures
Checking if image destination supports signatures
Copying blob sha256:b66f4afff961364e2b31840faeac9f4cf40a138156bc5adbd4190044ff5160c0
Copying config sha256:4fda89b89b73066be4c0eba0f9690c5ca7dd50e703a8c28e48f3b64c5d8e4782
Writing manifest to image destination
Storing signatures
[linux/amd64] [3/3] STEP 2/4: COPY --from=web-builder /opt/app-root/web/dist /opt/app-root/web/dist
--> 571963c5351d
[linux/amd64] [3/3] STEP 3/4: COPY --from=go-builder /opt/app-root/plugin-backend /opt/app-root
--> e4e8afc30da1
[linux/amd64] [3/3] STEP 4/4: ENTRYPOINT ["/opt/app-root/plugin-backend", "-static-path", "/opt/app-root/web/dist", "-config-path", "/opt/app-root/web/dist"]
[linux/amd64] [3/3] COMMIT
--> 02ba492901f5
02ba492901f512cf4f9b4350d50e50cf3e8a40f97a30f6fc57e7b8eaae5fddda
podman manifest push quay.io/openshift-observability-ui/distributed-tracing-console-plugin:v1.2.0
Getting image list signatures
Copying 2 images generated from 2 images in list
Copying image sha256:777ff5e26706842039b17922234b92c08dbb678518b58c8b7cf354409a298db8 (1/2)
Getting image source signatures
Copying blob sha256:513d3b9ab48cf81ea553ad5af050ba29f56ffb3e448b2ab225692f5ab571de95
Copying blob sha256:46f77a82cc49b9a0a224469d542c0d2285a386f28249053177f22f96b2b2288f
Copying blob sha256:8d2f782c49bdfdc11b41d9985d131263897255b01c327d8b612f6ce26c2431b2
Copying config sha256:06c3ae7e98ff06602b935058c4818183d326b4d044fa4bbe4410c2f513c36910
Writing manifest to image destination
Copying image sha256:9cb0316540a25cfb982e85c2ef29fbc6289240f0b3cb607edad6886236ddda2b (2/2)
Getting image source signatures
Copying blob sha256:3e7fc3a29e8405c8c2b641729afdcf02bd563bd37474eaf665a2b06d30917e87
Copying blob sha256:2823899961a8eb8ded5d53c5fe6bda8f64e7679032ce87cf909df59dcf2c5081
Copying blob sha256:72c3a764263e5d3a54ef0433e1a47d6afbba9f3375d5d4148ee2bf12dcda61d7
Copying config sha256:02ba492901f512cf4f9b4350d50e50cf3e8a40f97a30f6fc57e7b8eaae5fddda
Writing manifest to image destination
Writing manifest list to image destination
Storing list signatures
==========================================
Building troubleshooting-panel-plugin @ release-coo-ocp-4.22 with VERSION=v1.1.0 ORG=openshift-observability-ui
==========================================
Switched to branch 'release-coo-ocp-4.22'
Your branch is behind 'origin/release-coo-ocp-4.22' by 4 commits, and can be fast-forwarded.
  (use "git pull" to update your local branch)
From https://github.com/openshift/troubleshooting-panel-console-plugin
 * branch            release-coo-ocp-4.22 -> FETCH_HEAD
Updating 14c9465..ad94083
Fast-forward
 OWNERS                | 2 ++
 web/package-lock.json | 6 +++---
 web/package.json      | 3 +++
 3 files changed, 8 insertions(+), 3 deletions(-)
--- Attempt 1/3 ---
podman manifest rm quay.io/openshift-observability-ui/troubleshooting-panel-console-plugin:v1.1.0 || true
Error: quay.io/openshift-observability-ui/troubleshooting-panel-console-plugin:v1.1.0: image not known
podman manifest create quay.io/openshift-observability-ui/troubleshooting-panel-console-plugin:v1.1.0
580def444718095ca980bcb33221641e3d33bad255a515ca5d3d67c71e8fefe5
podman build --platform=linux/arm64,linux/amd64 --manifest quay.io/openshift-observability-ui/troubleshooting-panel-console-plugin:v1.1.0 -f Dockerfile
[linux/arm64] [1/3] STEP 1/8: FROM registry.access.redhat.com/ubi9/nodejs-22:latest AS web-builder
[linux/arm64] [1/3] STEP 2/8: WORKDIR /opt/app-root
--> Using cache 531063a1bc70d43cd0d32648f3809884bab683baa1d6bb8dc47cf48a4f2e039f
--> 531063a1bc70
[linux/arm64] [1/3] STEP 3/8: USER 0
--> Using cache b8970e35feda1671c953a82b1e51c17578b526492e5a8c28a879593c67e0d764
--> b8970e35feda
[linux/arm64] [1/3] STEP 4/8: COPY web/package*.json web/
--> 472430d459be
[linux/arm64] [1/3] STEP 5/8: COPY Makefile Makefile
--> 799c17328d29
[linux/arm64] [1/3] STEP 6/8: RUN make install-frontend
make: Warning: File 'Makefile' has modification time 58 s in the future
cd web && npm install
npm warn deprecated whatwg-encoding@3.1.1: Use @exodus/bytes instead for a more spec-conformant and faster implementation
npm warn deprecated rimraf@3.0.2: Rimraf versions prior to v4 are no longer supported
npm warn deprecated inflight@1.0.6: This module is not supported, and leaks memory. Do not use it. Check out lru-cache if you want a good and tested way to coalesce async requests by a key value, which is much more comprehensive and powerful.
npm warn deprecated glob@7.2.3: Old versions of glob are not supported, and contain widely publicized security vulnerabilities, which have been fixed in the current version. Please update. Support for old versions may be purchased (at exorbitant rates) by contacting i@izs.me
npm warn deprecated domexception@4.0.0: Use your platform's native DOMException instead
npm warn deprecated abab@2.0.6: Use your platform's native atob() and btoa() methods instead
npm warn deprecated i18next-parser@9.4.0: Project is deprecated, use i18next-cli instead
npm warn deprecated popper.js@1.16.1: You can find the new Popper v2 at @popperjs/core, this package is dedicated to the legacy v1
npm warn deprecated @fortawesome/react-fontawesome@0.2.6: v0.2.x is no longer supported. Unless you are still using FontAwesome 5, please update to v3.1.1 or greater.
npm warn deprecated whatwg-encoding@2.0.0: Use @exodus/bytes instead for a more spec-conformant and faster implementation
npm warn deprecated whatwg-encoding@2.0.0: Use @exodus/bytes instead for a more spec-conformant and faster implementation
npm warn deprecated glob@10.5.0: Old versions of glob are not supported, and contain widely publicized security vulnerabilities, which have been fixed in the current version. Please update. Support for old versions may be purchased (at exorbitant rates) by contacting i@izs.me
npm warn deprecated glob@10.5.0: Old versions of glob are not supported, and contain widely publicized security vulnerabilities, which have been fixed in the current version. Please update. Support for old versions may be purchased (at exorbitant rates) by contacting i@izs.me

added 1558 packages, and audited 1559 packages in 47s

331 packages are looking for funding
  run `npm fund` for details

35 vulnerabilities (2 low, 20 moderate, 12 high, 1 critical)

To address issues that do not require attention, run:
  npm audit fix

To address all issues (including breaking changes), run:
  npm audit fix --force

Run `npm audit` for details.
make: warning:  Clock skew detected.  Your build may be incomplete.
--> edc7670f915a
[linux/arm64] [1/3] STEP 7/8: COPY web/ web/
--> 05f7df8ba3cc
[linux/arm64] [1/3] STEP 8/8: RUN make build-frontend
cd web && npm run lint && npm run lint:tsc

> troubleshooting-panel-console-plugin@0.4.0 lint
> eslint ./src --fix &&  stylelint "src/**/*.css" --allow-empty-input --fix


> troubleshooting-panel-console-plugin@0.4.0 lint:tsc
> tsc --noEmit

cd web && npm run i18n && npm run build

> troubleshooting-panel-console-plugin@0.4.0 i18n
> i18n-scripts/build-i18n.sh && node i18n-scripts/set-english-defaults.js

+ FILE_PATTERN='{!(dist|node_modules)/**/*.{js,jsx,ts,tsx,json},*.{js,jsx,ts,tsx,json}}'
+ i18next '{!(dist|node_modules)/**/*.{js,jsx,ts,tsx,json},*.{js,jsx,ts,tsx,json}}' '[-oc]' -c ./i18next-parser.config.js -o 'locales/$LOCALE/$NAMESPACE.json'

  i18next Parser
  --------------
  Input:  {!(dist|node_modules)/**/*.{js,jsx,ts,tsx,json},*.{js,jsx,ts,tsx,json}}, [-oc]
  Output: locales/$LOCALE/$NAMESPACE.json

  [read]    /opt/app-root/web/console-extensions.json
  [read]    /opt/app-root/web/cypress.config.ts
  [read]    /opt/app-root/web/cypress/e2e/acceptance.cy.ts
  [read]    /opt/app-root/web/cypress/fixtures/data-test.ts
  [read]    /opt/app-root/web/cypress/support/commands/auth-commands.ts
  [read]    /opt/app-root/web/cypress/support/commands/env.ts
  [read]    /opt/app-root/web/cypress/support/commands/selector-commands.ts
  [read]    /opt/app-root/web/cypress/support/commands/troubeshoot-commands.ts
  [read]    /opt/app-root/web/cypress/support/commands/utility-commands.ts
  [read]    /opt/app-root/web/cypress/support/e2e.ts
  [read]    /opt/app-root/web/cypress/tsconfig.json
  [read]    /opt/app-root/web/cypress/views/nav.ts
  [read]    /opt/app-root/web/cypress/views/tour.ts
  [read]    /opt/app-root/web/cypress/views/utils.ts
  [read]    /opt/app-root/web/eslint.config.ts
  [read]    /opt/app-root/web/i18n-scripts/common.js
  [read]    /opt/app-root/web/i18n-scripts/set-english-defaults.js
  [read]    /opt/app-root/web/i18next-parser.config.js
  [read]    /opt/app-root/web/jest.config.js
  [read]    /opt/app-root/web/locales/en/plugin__troubleshooting-panel-console-plugin.json
  [read]    /opt/app-root/web/openapi-ts.config.ts
  [read]    /opt/app-root/web/package-lock.json
  [read]    /opt/app-root/web/package.json
  [read]    /opt/app-root/web/src/__tests__/agentNavigation.spec.ts
  [read]    /opt/app-root/web/src/__tests__/alert.spec.ts
  [read]    /opt/app-root/web/src/__tests__/icons-preview.spec.tsx
  [read]    /opt/app-root/web/src/__tests__/k8s.spec.ts
  [read]    /opt/app-root/web/src/__tests__/log.spec.ts
  [read]    /opt/app-root/web/src/__tests__/metric.spec.ts
  [read]    /opt/app-root/web/src/__tests__/netflow.spec.ts
  [read]    /opt/app-root/web/src/__tests__/status.spec.ts
  [read]    /opt/app-root/web/src/__tests__/time.spec.ts
  [read]    /opt/app-root/web/src/__tests__/trace.spec.ts
  [read]    /opt/app-root/web/src/__tests__/types.spec.ts
  [read]    /opt/app-root/web/src/components/AdvancedSearchForm.tsx
  [read]    /opt/app-root/web/src/components/AgentMenu.tsx
  [read]    /opt/app-root/web/src/components/AIExperienceIcon.tsx
  [read]    /opt/app-root/web/src/components/DateTimePicker.tsx
  [read]    /opt/app-root/web/src/components/DateTimeRangePicker.tsx
  [read]    /opt/app-root/web/src/components/HelpPopover.tsx
  [read]    /opt/app-root/web/src/components/icons.tsx
  [read]    /opt/app-root/web/src/components/Korrel8rPanel.tsx
  [read]    /opt/app-root/web/src/components/KubernetesIcon.tsx
  [read]    /opt/app-root/web/src/components/NullContextProvider.tsx
  [read]    /opt/app-root/web/src/components/Popover.tsx
  [read]    /opt/app-root/web/src/components/TimeRangeDropdown.tsx
  [read]    /opt/app-root/web/src/components/TimeUnitPicker.tsx
  [read]    /opt/app-root/web/src/components/topology/Korrel8rTopology.tsx
  [read]    /opt/app-root/web/src/components/topology/status.ts
  [read]    /opt/app-root/web/src/encoder-shim.ts
  [read]    /opt/app-root/web/src/getResources.ts
  [read]    /opt/app-root/web/src/hooks/useAgentNavigation.ts
  [read]    /opt/app-root/web/src/hooks/useBoolean.ts
  [read]    /opt/app-root/web/src/hooks/useDomains.tsx
  [read]    /opt/app-root/web/src/hooks/useFeatures.ts
  [read]    /opt/app-root/web/src/hooks/useLocationQuery.ts
  [read]    /opt/app-root/web/src/hooks/useNavigateToQuery.ts
  [read]    /opt/app-root/web/src/hooks/usePluginAvailable.ts
  [read]    /opt/app-root/web/src/hooks/usePopover.tsx
  [read]    /opt/app-root/web/src/hooks/useTimeUnitLabel.tsx
  [read]    /opt/app-root/web/src/hooks/useTroubleshootingPanel.tsx
  [read]    /opt/app-root/web/src/index.d.ts
  [read]    /opt/app-root/web/src/korrel8r-client.ts
  [read]    /opt/app-root/web/src/korrel8r/alert.ts
  [read]    /opt/app-root/web/src/korrel8r/client/client.gen.ts
  [read]    /opt/app-root/web/src/korrel8r/client/client/client.gen.ts
  [read]    /opt/app-root/web/src/korrel8r/client/client/index.ts
  [read]    /opt/app-root/web/src/korrel8r/client/client/types.gen.ts
  [read]    /opt/app-root/web/src/korrel8r/client/client/utils.gen.ts
  [read]    /opt/app-root/web/src/korrel8r/client/core/auth.gen.ts
  [read]    /opt/app-root/web/src/korrel8r/client/core/bodySerializer.gen.ts
  [read]    /opt/app-root/web/src/korrel8r/client/core/params.gen.ts
  [read]    /opt/app-root/web/src/korrel8r/client/core/pathSerializer.gen.ts
  [read]    /opt/app-root/web/src/korrel8r/client/core/queryKeySerializer.gen.ts
  [read]    /opt/app-root/web/src/korrel8r/client/core/serverSentEvents.gen.ts
  [read]    /opt/app-root/web/src/korrel8r/client/core/types.gen.ts
  [read]    /opt/app-root/web/src/korrel8r/client/core/utils.gen.ts
  [read]    /opt/app-root/web/src/korrel8r/client/index.ts
  [read]    /opt/app-root/web/src/korrel8r/client/sdk.gen.ts
  [read]    /opt/app-root/web/src/korrel8r/client/types.gen.ts
  [read]    /opt/app-root/web/src/korrel8r/k8s.ts
  [read]    /opt/app-root/web/src/korrel8r/log.ts
  [read]    /opt/app-root/web/src/korrel8r/metric.ts
  [read]    /opt/app-root/web/src/korrel8r/netflow.ts
  [read]    /opt/app-root/web/src/korrel8r/trace.ts
  [read]    /opt/app-root/web/src/korrel8r/types.ts
  [read]    /opt/app-root/web/src/redux-actions.ts
  [read]    /opt/app-root/web/src/redux-reducers.ts
  [read]    /opt/app-root/web/src/sleep.ts
  [read]    /opt/app-root/web/src/time.ts
  [read]    /opt/app-root/web/tsconfig.json
  [read]    /opt/app-root/web/webpack.config.ts
  [write]   /opt/app-root/web/locales/en/plugin__troubleshooting-panel-console-plugin.json

  Stats:  92 files were parsed

> troubleshooting-panel-console-plugin@0.4.0 build
> npm run clean && npm run ts-node node_modules/.bin/webpack


> troubleshooting-panel-console-plugin@0.4.0 clean
> rm -rf dist


> troubleshooting-panel-console-plugin@0.4.0 ts-node
> ts-node -O '{"module":"commonjs"}' node_modules/.bin/webpack

@patternfly/react-core dynamic modules taken from dist/dynamic-modules.json
@patternfly/react-icons dynamic modules taken from dist/dynamic-modules.json
assets by path *.js 4.68 MiB
  assets by chunk 3.63 MiB (id hint: vendors)
    asset vendors-node_modules_fortawesome_react-fontawesome_index_es_js-node_modules_patternfly_react--68e614-chunk.js 1.4 MiB [emitted] (id hint: vendors) 1 related asset
    asset vendors-node_modules_patternfly_react-core_dist_esm_helpers_Popper_Popper_js-chunk.js 1.16 MiB [emitted] (id hint: vendors) 1 related asset
    asset vendors-node_modules_immutable_dist_immutable_es_js-node_modules_typesafe-actions_dist_typesa-cdf261-chunk.js 183 KiB [emitted] (id hint: vendors) 1 related asset
    asset vendors-node_modules_patternfly_react-core_dist_esm_components_DatePicker_index_js-chunk.js 94.8 KiB [emitted] (id hint: vendors) 1 related asset
    asset vendors-node_modules_patternfly_react-core_dist_esm_components_Menu_Menu_js-node_modules_patt-b35725-chunk.js 90.8 KiB [emitted] (id hint: vendors) 1 related asset
    asset vendors-node_modules_patternfly_react-core_dist_esm_helpers_FocusTrap_FocusTrap_js-node_modul-246622-chunk.js 80.1 KiB [emitted] (id hint: vendors) 1 related asset
    asset vendors-node_modules_patternfly_react-core_dist_esm_components_Form_index_js-chunk.js 63.3 KiB [emitted] (id hint: vendors) 1 related asset
    asset vendors-node_modules_patternfly_react-core_dist_esm_components_TimePicker_index_js-chunk.js 56.3 KiB [emitted] (id hint: vendors) 1 related asset
    asset vendors-node_modules_patternfly_react-core_dist_esm_components_EmptyState_index_js-chunk.js 54.1 KiB [emitted] (id hint: vendors) 1 related asset
    + 13 assets
  + 84 assets
asset locales/en/plugin__troubleshooting-panel-console-plugin.json 3.61 KiB [emitted] [from: ../locales/en/plugin__troubleshooting-panel-console-plugin.json] [copied]
asset plugin-manifest.json 1.19 KiB [emitted]
orphan modules 48.9 KiB [orphan] 74 modules
runtime modules 89.5 KiB 12 modules
javascript modules 3.21 MiB 400 modules
consume-shared-module modules 2.09 KiB
  modules by path consume shared module (default) @patternfly/ 1.89 KiB 46 modules
  modules by path *.1 (singleton) 84 bytes 2 modules
  + 3 modules
provide-module modules 1.85 KiB
  modules by path provide shared module (default) @patternfly/react-core/dist/dynamic/ 1.23 KiB 30 modules
  modules by path provide shared module (default) @patternfly/react-icons/dist/dynamic/icons/ 630 bytes
    provide shared module (default) @patternfly/react-icons/dist/dynamic/icons/atten...(truncated) 42 bytes [built] [code generated]
    provide shared module (default) @patternfly/react-icons/dist/dynamic/icons/ban-i...(truncated) 42 bytes [built] [code generated]
    + 13 modules
../node_modules/@fortawesome/fontawesome-svg-core/package.json 1.39 KiB [optional] [built] [code generated]
webpack 5.106.0 compiled successfully in 2695 ms
--> 3109fab6dee0
[linux/arm64] [2/3] STEP 1/11: FROM registry.access.redhat.com/ubi9/go-toolset:1.26 AS go-builder
Trying to pull registry.access.redhat.com/ubi9/go-toolset:1.26...
Getting image source signatures
Checking if image destination supports signatures
Copying blob sha256:ccbf8b3c04aacf18b6e8039882e5877b01ac81c4509872a1bc5497988794482d
Copying blob sha256:51673f5e488685d622dc82ecebbb0674784935f30cb31004db0c8acf6fb73e28
Copying blob sha256:73372a2b4d1ecaa43ad0ffb5c4de4a6083650cec0d2a0dad8a854cfeb066021f
Copying blob sha256:a24dfc124c51c93889fc03aad54d66b189aeb3260c6ab6d382bdf3ef269326d2
Copying config sha256:2ddf26b1dd62c7c30fa8d539c6758a9f7fac5de1b9bf2409ef00df6d639b5c3f
Writing manifest to image destination
Storing signatures
[linux/arm64] [2/3] STEP 2/11: WORKDIR /opt/app-root
--> Using cache 3de4f887367ff4e105f55683ae1a70e9385a5d83ce5124c563c3f51862f5e70a
--> 3de4f887367f
[linux/arm64] [2/3] STEP 3/11: COPY Makefile Makefile
--> 3e9a6833a802
[linux/arm64] [2/3] STEP 4/11: COPY go.mod go.mod
--> ea16ea27f173
[linux/arm64] [2/3] STEP 5/11: COPY go.sum go.sum
--> b5e0285013ea
[linux/arm64] [2/3] STEP 6/11: RUN go mod download
--> 618922be7056
[linux/arm64] [2/3] STEP 7/11: COPY cmd/ cmd/
--> 91d655e66d50
[linux/arm64] [2/3] STEP 8/11: COPY pkg/ pkg/
--> 306ea9867079
[linux/arm64] [2/3] STEP 9/11: ENV GOEXPERIMENT=strictfipsruntime
--> 4d03d197edb6
[linux/arm64] [2/3] STEP 10/11: ENV CGO_ENABLED=1
--> 6ca1b73e0879
[linux/arm64] [2/3] STEP 11/11: RUN make build-backend BUILD_OPTS="-tags strictfipsruntime"
go build -tags strictfipsruntime -o plugin-backend -mod=readonly cmd/plugin-backend.go
--> d2ffeade7a0c
[linux/amd64] [1/3] STEP 1/8: FROM registry.access.redhat.com/ubi9/nodejs-22:latest AS web-builder
Trying to pull registry.access.redhat.com/ubi9/nodejs-22:latest...
Getting image source signatures
Checking if image destination supports signatures
Copying blob sha256:a426c67a25d0dc9e5a27cdfbf2d93946f8ef6508351299d4b655d8d99025cb48
Copying blob sha256:cc6c54df811b0867866d695d6ce1e04fa5e1309584057d4101d43395a4551ff3
Copying blob sha256:df19a62bff501d77f1f32099c1a161a11054b128dcd93f475074b5aaccf947bd
Copying config sha256:a5b105f4ee7ecde67fe05faed2ab96d80f43e1282766650a7b7aaf487d565be7
Writing manifest to image destination
Storing signatures
[linux/amd64] [1/3] STEP 2/8: WORKDIR /opt/app-root
--> Using cache 07c5c20a09a30c771bd4bc428f655ea0dadedb2c84496928eed6db4b2e7e380f
--> 07c5c20a09a3
[linux/amd64] [1/3] STEP 3/8: USER 0
--> Using cache 3feeb8a86867864d750fe9d7b285c7461704cce89e9b8260a3ae6e34eb460393
--> 3feeb8a86867
[linux/amd64] [1/3] STEP 4/8: COPY web/package*.json web/
--> f6e28569526f
[linux/amd64] [1/3] STEP 5/8: COPY Makefile Makefile
--> 5d55311dcffd
[linux/amd64] [1/3] STEP 6/8: RUN make install-frontend
cd web && npm install
npm warn deprecated whatwg-encoding@3.1.1: Use @exodus/bytes instead for a more spec-conformant and faster implementation
npm warn deprecated rimraf@3.0.2: Rimraf versions prior to v4 are no longer supported
npm warn deprecated inflight@1.0.6: This module is not supported, and leaks memory. Do not use it. Check out lru-cache if you want a good and tested way to coalesce async requests by a key value, which is much more comprehensive and powerful.
npm warn deprecated glob@7.2.3: Old versions of glob are not supported, and contain widely publicized security vulnerabilities, which have been fixed in the current version. Please update. Support for old versions may be purchased (at exorbitant rates) by contacting i@izs.me
npm warn deprecated domexception@4.0.0: Use your platform's native DOMException instead
npm warn deprecated abab@2.0.6: Use your platform's native atob() and btoa() methods instead
npm warn deprecated i18next-parser@9.4.0: Project is deprecated, use i18next-cli instead
npm warn deprecated @fortawesome/react-fontawesome@0.2.6: v0.2.x is no longer supported. Unless you are still using FontAwesome 5, please update to v3.1.1 or greater.
npm warn deprecated whatwg-encoding@2.0.0: Use @exodus/bytes instead for a more spec-conformant and faster implementation
npm warn deprecated whatwg-encoding@2.0.0: Use @exodus/bytes instead for a more spec-conformant and faster implementation
npm warn deprecated popper.js@1.16.1: You can find the new Popper v2 at @popperjs/core, this package is dedicated to the legacy v1
npm warn deprecated glob@10.5.0: Old versions of glob are not supported, and contain widely publicized security vulnerabilities, which have been fixed in the current version. Please update. Support for old versions may be purchased (at exorbitant rates) by contacting i@izs.me
npm warn deprecated glob@10.5.0: Old versions of glob are not supported, and contain widely publicized security vulnerabilities, which have been fixed in the current version. Please update. Support for old versions may be purchased (at exorbitant rates) by contacting i@izs.me

added 1558 packages, and audited 1559 packages in 1m

331 packages are looking for funding
  run `npm fund` for details

35 vulnerabilities (2 low, 20 moderate, 12 high, 1 critical)

To address issues that do not require attention, run:
  npm audit fix

To address all issues (including breaking changes), run:
  npm audit fix --force

Run `npm audit` for details.
--> f573d24843f8
[linux/amd64] [1/3] STEP 7/8: COPY web/ web/
--> f9791a981f0d
[linux/amd64] [1/3] STEP 8/8: RUN make build-frontend
cd web && npm run lint && npm run lint:tsc

> troubleshooting-panel-console-plugin@0.4.0 lint
> eslint ./src --fix &&  stylelint "src/**/*.css" --allow-empty-input --fix


> troubleshooting-panel-console-plugin@0.4.0 lint:tsc
> tsc --noEmit

cd web && npm run i18n && npm run build

> troubleshooting-panel-console-plugin@0.4.0 i18n
> i18n-scripts/build-i18n.sh && node i18n-scripts/set-english-defaults.js

+ FILE_PATTERN='{!(dist|node_modules)/**/*.{js,jsx,ts,tsx,json},*.{js,jsx,ts,tsx,json}}'
+ i18next '{!(dist|node_modules)/**/*.{js,jsx,ts,tsx,json},*.{js,jsx,ts,tsx,json}}' '[-oc]' -c ./i18next-parser.config.js -o 'locales/$LOCALE/$NAMESPACE.json'

  i18next Parser
  --------------
  Input:  {!(dist|node_modules)/**/*.{js,jsx,ts,tsx,json},*.{js,jsx,ts,tsx,json}}, [-oc]
  Output: locales/$LOCALE/$NAMESPACE.json

  [read]    /opt/app-root/web/console-extensions.json
  [read]    /opt/app-root/web/cypress.config.ts
  [read]    /opt/app-root/web/cypress/e2e/acceptance.cy.ts
  [read]    /opt/app-root/web/cypress/fixtures/data-test.ts
  [read]    /opt/app-root/web/cypress/support/commands/auth-commands.ts
  [read]    /opt/app-root/web/cypress/support/commands/env.ts
  [read]    /opt/app-root/web/cypress/support/commands/selector-commands.ts
  [read]    /opt/app-root/web/cypress/support/commands/troubeshoot-commands.ts
  [read]    /opt/app-root/web/cypress/support/commands/utility-commands.ts
  [read]    /opt/app-root/web/cypress/support/e2e.ts
  [read]    /opt/app-root/web/cypress/tsconfig.json
  [read]    /opt/app-root/web/cypress/views/nav.ts
  [read]    /opt/app-root/web/cypress/views/tour.ts
  [read]    /opt/app-root/web/cypress/views/utils.ts
  [read]    /opt/app-root/web/eslint.config.ts
  [read]    /opt/app-root/web/i18n-scripts/common.js
  [read]    /opt/app-root/web/i18n-scripts/set-english-defaults.js
  [read]    /opt/app-root/web/i18next-parser.config.js
  [read]    /opt/app-root/web/jest.config.js
  [read]    /opt/app-root/web/locales/en/plugin__troubleshooting-panel-console-plugin.json
  [read]    /opt/app-root/web/openapi-ts.config.ts
  [read]    /opt/app-root/web/package-lock.json
  [read]    /opt/app-root/web/package.json
  [read]    /opt/app-root/web/src/__tests__/agentNavigation.spec.ts
  [read]    /opt/app-root/web/src/__tests__/alert.spec.ts
  [read]    /opt/app-root/web/src/__tests__/icons-preview.spec.tsx
  [read]    /opt/app-root/web/src/__tests__/k8s.spec.ts
  [read]    /opt/app-root/web/src/__tests__/log.spec.ts
  [read]    /opt/app-root/web/src/__tests__/metric.spec.ts
  [read]    /opt/app-root/web/src/__tests__/netflow.spec.ts
  [read]    /opt/app-root/web/src/__tests__/status.spec.ts
  [read]    /opt/app-root/web/src/__tests__/time.spec.ts
  [read]    /opt/app-root/web/src/__tests__/trace.spec.ts
  [read]    /opt/app-root/web/src/__tests__/types.spec.ts
  [read]    /opt/app-root/web/src/components/AdvancedSearchForm.tsx
  [read]    /opt/app-root/web/src/components/AgentMenu.tsx
  [read]    /opt/app-root/web/src/components/AIExperienceIcon.tsx
  [read]    /opt/app-root/web/src/components/DateTimePicker.tsx
  [read]    /opt/app-root/web/src/components/DateTimeRangePicker.tsx
  [read]    /opt/app-root/web/src/components/HelpPopover.tsx
  [read]    /opt/app-root/web/src/components/icons.tsx
  [read]    /opt/app-root/web/src/components/Korrel8rPanel.tsx
  [read]    /opt/app-root/web/src/components/KubernetesIcon.tsx
  [read]    /opt/app-root/web/src/components/NullContextProvider.tsx
  [read]    /opt/app-root/web/src/components/Popover.tsx
  [read]    /opt/app-root/web/src/components/TimeRangeDropdown.tsx
  [read]    /opt/app-root/web/src/components/TimeUnitPicker.tsx
  [read]    /opt/app-root/web/src/components/topology/Korrel8rTopology.tsx
  [read]    /opt/app-root/web/src/components/topology/status.ts
  [read]    /opt/app-root/web/src/encoder-shim.ts
  [read]    /opt/app-root/web/src/getResources.ts
  [read]    /opt/app-root/web/src/hooks/useAgentNavigation.ts
  [read]    /opt/app-root/web/src/hooks/useBoolean.ts
  [read]    /opt/app-root/web/src/hooks/useDomains.tsx
  [read]    /opt/app-root/web/src/hooks/useFeatures.ts
  [read]    /opt/app-root/web/src/hooks/useLocationQuery.ts
  [read]    /opt/app-root/web/src/hooks/useNavigateToQuery.ts
  [read]    /opt/app-root/web/src/hooks/usePluginAvailable.ts
  [read]    /opt/app-root/web/src/hooks/usePopover.tsx
  [read]    /opt/app-root/web/src/hooks/useTimeUnitLabel.tsx
  [read]    /opt/app-root/web/src/hooks/useTroubleshootingPanel.tsx
  [read]    /opt/app-root/web/src/index.d.ts
  [read]    /opt/app-root/web/src/korrel8r-client.ts
  [read]    /opt/app-root/web/src/korrel8r/alert.ts
  [read]    /opt/app-root/web/src/korrel8r/client/client.gen.ts
  [read]    /opt/app-root/web/src/korrel8r/client/client/client.gen.ts
  [read]    /opt/app-root/web/src/korrel8r/client/client/index.ts
  [read]    /opt/app-root/web/src/korrel8r/client/client/types.gen.ts
  [read]    /opt/app-root/web/src/korrel8r/client/client/utils.gen.ts
  [read]    /opt/app-root/web/src/korrel8r/client/core/auth.gen.ts
  [read]    /opt/app-root/web/src/korrel8r/client/core/bodySerializer.gen.ts
  [read]    /opt/app-root/web/src/korrel8r/client/core/params.gen.ts
  [read]    /opt/app-root/web/src/korrel8r/client/core/pathSerializer.gen.ts
  [read]    /opt/app-root/web/src/korrel8r/client/core/queryKeySerializer.gen.ts
  [read]    /opt/app-root/web/src/korrel8r/client/core/serverSentEvents.gen.ts
  [read]    /opt/app-root/web/src/korrel8r/client/core/types.gen.ts
  [read]    /opt/app-root/web/src/korrel8r/client/core/utils.gen.ts
  [read]    /opt/app-root/web/src/korrel8r/client/index.ts
  [read]    /opt/app-root/web/src/korrel8r/client/sdk.gen.ts
  [read]    /opt/app-root/web/src/korrel8r/client/types.gen.ts
  [read]    /opt/app-root/web/src/korrel8r/k8s.ts
  [read]    /opt/app-root/web/src/korrel8r/log.ts
  [read]    /opt/app-root/web/src/korrel8r/metric.ts
  [read]    /opt/app-root/web/src/korrel8r/netflow.ts
  [read]    /opt/app-root/web/src/korrel8r/trace.ts
  [read]    /opt/app-root/web/src/korrel8r/types.ts
  [read]    /opt/app-root/web/src/redux-actions.ts
  [read]    /opt/app-root/web/src/redux-reducers.ts
  [read]    /opt/app-root/web/src/sleep.ts
  [read]    /opt/app-root/web/src/time.ts
  [read]    /opt/app-root/web/tsconfig.json
  [read]    /opt/app-root/web/webpack.config.ts
  [write]   /opt/app-root/web/locales/en/plugin__troubleshooting-panel-console-plugin.json

  Stats:  92 files were parsed

> troubleshooting-panel-console-plugin@0.4.0 build
> npm run clean && npm run ts-node node_modules/.bin/webpack


> troubleshooting-panel-console-plugin@0.4.0 clean
> rm -rf dist


> troubleshooting-panel-console-plugin@0.4.0 ts-node
> ts-node -O '{"module":"commonjs"}' node_modules/.bin/webpack

@patternfly/react-core dynamic modules taken from dist/dynamic-modules.json
@patternfly/react-icons dynamic modules taken from dist/dynamic-modules.json
assets by path *.js 4.68 MiB
  assets by chunk 3.63 MiB (id hint: vendors)
    asset vendors-node_modules_fortawesome_react-fontawesome_index_es_js-node_modules_patternfly_react--68e614-chunk.js 1.4 MiB [emitted] (id hint: vendors) 1 related asset
    asset vendors-node_modules_patternfly_react-core_dist_esm_helpers_Popper_Popper_js-chunk.js 1.16 MiB [emitted] (id hint: vendors) 1 related asset
    asset vendors-node_modules_immutable_dist_immutable_es_js-node_modules_typesafe-actions_dist_typesa-cdf261-chunk.js 183 KiB [emitted] (id hint: vendors) 1 related asset
    asset vendors-node_modules_patternfly_react-core_dist_esm_components_DatePicker_index_js-chunk.js 94.8 KiB [emitted] (id hint: vendors) 1 related asset
    asset vendors-node_modules_patternfly_react-core_dist_esm_components_Menu_Menu_js-node_modules_patt-b35725-chunk.js 90.8 KiB [emitted] (id hint: vendors) 1 related asset
    asset vendors-node_modules_patternfly_react-core_dist_esm_helpers_FocusTrap_FocusTrap_js-node_modul-246622-chunk.js 80.1 KiB [emitted] (id hint: vendors) 1 related asset
    asset vendors-node_modules_patternfly_react-core_dist_esm_components_Form_index_js-chunk.js 63.3 KiB [emitted] (id hint: vendors) 1 related asset
    asset vendors-node_modules_patternfly_react-core_dist_esm_components_TimePicker_index_js-chunk.js 56.3 KiB [emitted] (id hint: vendors) 1 related asset
    asset vendors-node_modules_patternfly_react-core_dist_esm_components_EmptyState_index_js-chunk.js 54.1 KiB [emitted] (id hint: vendors) 1 related asset
    + 13 assets
  + 84 assets
asset locales/en/plugin__troubleshooting-panel-console-plugin.json 3.61 KiB [emitted] [from: ../locales/en/plugin__troubleshooting-panel-console-plugin.json] [copied]
asset plugin-manifest.json 1.19 KiB [emitted]
orphan modules 48.9 KiB [orphan] 74 modules
runtime modules 89.5 KiB 12 modules
javascript modules 3.21 MiB 400 modules
consume-shared-module modules 2.09 KiB
  modules by path consume shared module (default) @patternfly/ 1.89 KiB 46 modules
  modules by path *.1 (singleton) 84 bytes 2 modules
  + 3 modules
provide-module modules 1.85 KiB
  modules by path provide shared module (default) @patternfly/react-core/dist/dynamic/ 1.23 KiB 30 modules
  modules by path provide shared module (default) @patternfly/react-icons/dist/dynamic/icons/ 630 bytes
    provide shared module (default) @patternfly/react-icons/dist/dynamic/icons/atten...(truncated) 42 bytes [built] [code generated]
    provide shared module (default) @patternfly/react-icons/dist/dynamic/icons/ban-i...(truncated) 42 bytes [built] [code generated]
    + 13 modules
../node_modules/@fortawesome/fontawesome-svg-core/package.json 1.39 KiB [optional] [built] [code generated]
webpack 5.106.0 compiled successfully in 5982 ms
--> bf27c415a809
[linux/arm64] [3/3] STEP 1/4: FROM registry.access.redhat.com/ubi9/ubi-minimal
Trying to pull registry.access.redhat.com/ubi9/ubi-minimal:latest...
Getting image source signatures
Checking if image destination supports signatures
Copying blob sha256:36e72d37accbc857387599416b2fbab8fba8dd4b3f3b465ab05e57367cbe05fd
Copying config sha256:d5dc52ee643af910a58080edfbd1a5e9baf9c4505788b47173ac279ae1600cc8
Writing manifest to image destination
Storing signatures
[linux/arm64] [3/3] STEP 2/4: COPY --from=web-builder /opt/app-root/web/dist /opt/app-root/web/dist
--> 0f62f340f2b1
[linux/arm64] [3/3] STEP 3/4: COPY --from=go-builder /opt/app-root/plugin-backend /opt/app-root
--> 8c657699c56e
[linux/arm64] [3/3] STEP 4/4: ENTRYPOINT ["/opt/app-root/plugin-backend", "-static-path", "/opt/app-root/web/dist"]
[linux/arm64] [3/3] COMMIT
--> 5c7f07088227
[linux/amd64] [2/3] STEP 1/11: FROM registry.access.redhat.com/ubi9/go-toolset:1.26 AS go-builder
5c7f07088227dc1193992262401b4614ad6c30b92536509c6b3e0bea21aa279d
Trying to pull registry.access.redhat.com/ubi9/go-toolset:1.26...
Getting image source signatures
Checking if image destination supports signatures
Copying blob sha256:161e05ae87ae22da19dad2cae3770d612cd65a04d7f009b5dfff938b8e43f37a
Copying blob sha256:535c9115bc652471a345fed2b23bfcbd903430c8a9536d1799d18b6c62b5f5d5
Copying blob sha256:7c484deb77bcdf607654ab80e826685d6714c6ca87198f6717b729ae60aa63eb
Copying blob sha256:09b0ddc7b06a8bd121c5a3cea6009136b46cf4db04bd3284fe3f295a69e5bf28
Copying config sha256:10aa0a63da6452d793eb68aed324e8ec27b309f75ec739d95b19dbb26a9be042
Writing manifest to image destination
Storing signatures
[linux/amd64] [2/3] STEP 2/11: WORKDIR /opt/app-root
--> Using cache 87110b4bebf062875bbb848dcab66696e99aa2fc9c2f3afb3d0262587a00e181
--> 87110b4bebf0
[linux/amd64] [2/3] STEP 3/11: COPY Makefile Makefile
--> 6eb458128dd3
[linux/amd64] [2/3] STEP 4/11: COPY go.mod go.mod
--> a0d28fe95bf3
[linux/amd64] [2/3] STEP 5/11: COPY go.sum go.sum
--> d927c5e79995
[linux/amd64] [2/3] STEP 6/11: RUN go mod download
--> 02e35b52d813
[linux/amd64] [2/3] STEP 7/11: COPY cmd/ cmd/
--> 4b06d3e2c386
[linux/amd64] [2/3] STEP 8/11: COPY pkg/ pkg/
--> 2da57156be83
[linux/amd64] [2/3] STEP 9/11: ENV GOEXPERIMENT=strictfipsruntime
--> de279aa2fa08
[linux/amd64] [2/3] STEP 10/11: ENV CGO_ENABLED=1
--> 4425f98f7ebe
[linux/amd64] [2/3] STEP 11/11: RUN make build-backend BUILD_OPTS="-tags strictfipsruntime"
go build -tags strictfipsruntime -o plugin-backend -mod=readonly cmd/plugin-backend.go
--> ccf331d76e86
[linux/amd64] [3/3] STEP 1/4: FROM registry.access.redhat.com/ubi9/ubi-minimal
Trying to pull registry.access.redhat.com/ubi9/ubi-minimal:latest...
Getting image source signatures
Checking if image destination supports signatures
Copying blob sha256:b66f4afff961364e2b31840faeac9f4cf40a138156bc5adbd4190044ff5160c0
Copying config sha256:4fda89b89b73066be4c0eba0f9690c5ca7dd50e703a8c28e48f3b64c5d8e4782
Writing manifest to image destination
Storing signatures
[linux/amd64] [3/3] STEP 2/4: COPY --from=web-builder /opt/app-root/web/dist /opt/app-root/web/dist
--> 02d569553734
[linux/amd64] [3/3] STEP 3/4: COPY --from=go-builder /opt/app-root/plugin-backend /opt/app-root
--> 6bbe941f35ab
[linux/amd64] [3/3] STEP 4/4: ENTRYPOINT ["/opt/app-root/plugin-backend", "-static-path", "/opt/app-root/web/dist"]
[linux/amd64] [3/3] COMMIT
--> 2ad21a7da348
2ad21a7da3482a11905252be2cb648e35bba03a484e27fe039333afd672cc64b
podman manifest push quay.io/openshift-observability-ui/troubleshooting-panel-console-plugin:v1.1.0
Getting image list signatures
Copying 2 images generated from 2 images in list
Copying image sha256:0f6de1f42d8f7b84a18ddaee21fbe3576a14fb17457fed859c2082bcfd2c7ca7 (1/2)
Getting image source signatures
Copying blob sha256:cbf56d2d2df44f37bd6ff345f65c9f27ff8cb4ea6c3c879d7fddbfdc14989fd4
Copying blob sha256:46f77a82cc49b9a0a224469d542c0d2285a386f28249053177f22f96b2b2288f
Copying blob sha256:14e1d63e8fa6f2fb075dcc22a2eb7387b3ecb62d6e97940511b67a51bd33c67b
Copying config sha256:5c7f07088227dc1193992262401b4614ad6c30b92536509c6b3e0bea21aa279d
Writing manifest to image destination
Copying image sha256:f7e9339f386f5e780158a4b35dd96185c8a6f2dc9fade424c3503bc4c0eeee68 (2/2)
Getting image source signatures
Copying blob sha256:3ffb5b85f55381b4622735841b015182546de5614cfc1b162e6d1f2c2809e10b
Copying blob sha256:2823899961a8eb8ded5d53c5fe6bda8f64e7679032ce87cf909df59dcf2c5081
Copying blob sha256:ddb2fc2efb6d62fa8697d10ac7b0da864c6089b6d5bf92e69b113bab9182ebb9
Copying config sha256:2ad21a7da3482a11905252be2cb648e35bba03a484e27fe039333afd672cc64b
Writing manifest to image destination
Writing manifest list to image destination
Storing list signatures
==========================================
Building monitoring-plugin @ release-coo-ocp-4.22 with VERSION=v1.1.0 ORG=openshift-observability-ui
==========================================
Switched to branch 'release-coo-ocp-4.22'
Your branch is behind 'origin/release-coo-ocp-4.22' by 47 commits, and can be fast-forwarded.
  (use "git pull" to update your local branch)
From https://github.com/openshift/monitoring-plugin
 * branch              release-coo-ocp-4.22 -> FETCH_HEAD
   61286e1a..a30b3fbd  release-coo-ocp-4.22 -> origin/release-coo-ocp-4.22
Updating 0192dbb3..a30b3fbd
Fast-forward
 .claude/commands/cypress/cypress-run.md            |    26 +-
 .cursor/commands/generate-regression-test.md       |    53 +-
 .cursor/rules/incidents-testing-guidelines.mdc     |    22 +-
 .nvmrc                                             |     1 +
 Dockerfile                                         |     2 +-
 Dockerfile.dev                                     |     2 +-
 Dockerfile.dev-mcp                                 |     2 +-
 Dockerfile.mcp                                     |     2 +-
 Dockerfile.test                                    |     2 +-
 Makefile                                           |     4 +-
 OWNERS_ALIASES                                     |     2 +
 README.md                                          |    23 +-
 cmd/plugin-backend.go                              |     2 +-
 devspace.yaml                                      |    10 +-
 .../tests/performance/03.endurance_test_source.md  |    31 +-
 pkg/server/server.go                               |     2 +
 pkg/server/server_test.go                          |     9 +-
 scripts/build-image.sh                             |     2 +-
 web/cypress.config.ts                              |     2 +-
 web/cypress/README.md                              |    37 +-
 web/cypress/configure-env.sh                       |   823 +-
 web/cypress/e2e/coo/01.coo_bvt.cy.ts               |    24 +-
 web/cypress/e2e/coo/01.coo_ivt.cy.ts               |    18 +-
 web/cypress/e2e/coo/02.acm_alerting_ui.cy.ts       |    39 +-
 web/cypress/e2e/coo/02.acm_perses.cy.ts            |    30 +-
 .../coo/03.coo_lightspeed_show_timeseries.cy.ts    |     3 +-
 .../e2e/incidents/00.coo_incidents_e2e.cy.ts       |    27 +-
 web/cypress/e2e/incidents/01.incidents.cy.ts       |    24 +-
 .../incidents/02.incidents-mocking-example.cy.ts   |    24 +-
 .../performance/01.performance_benchmark.cy.ts     |    24 +-
 .../performance/02.performance_walkthrough.cy.ts   |    24 +-
 .../incidents/regression/01.reg_filtering.cy.ts    |    24 +-
 .../02.reg_ui_charts_comprehensive.cy.ts           |    23 +-
 .../02.reg_ui_tooltip_boundary_times.cy.ts         |    26 +-
 .../regression/03-04.reg_e2e_firing_alerts.cy.ts   |    26 +-
 .../incidents/regression/03.reg_api_calls.cy.ts    |    29 +-
 .../regression/04.reg_redux_effects.cy.ts          |    24 +-
 .../regression/05.reg_stress_testing_ui.cy.ts      |    24 +-
 web/cypress/e2e/monitoring/00.bvt_admin.cy.ts      |    19 +-
 web/cypress/e2e/monitoring/00.bvt_dev.cy.ts        |    21 +-
 .../regression/01.reg_alerts_admin.cy.ts           |    23 +-
 .../monitoring/regression/01.reg_alerts_dev.cy.ts  |    21 +-
 .../regression/02.reg_metrics_admin_1.cy.ts        |    25 +-
 .../regression/02.reg_metrics_admin_2.cy.ts        |    25 +-
 .../03.reg_legacy_dashboards_admin.cy.ts           |    25 +-
 .../e2e/perses/00.coo_bvt_perses_admin.cy.ts       |    32 +-
 .../e2e/perses/01.coo_list_perses_admin.cy.ts      |    46 +-
 .../e2e/perses/02.coo_edit_perses_admin.cy.ts      |    31 +-
 .../e2e/perses/03.coo_create_perses_admin.cy.ts    |    25 +-
 .../e2e/perses/04.coo_import_perses_admin.cy.ts    |    25 +-
 .../e2e/perses/05.coo_tempo_loki_admin.cy.ts       |    83 +-
 .../e2e/perses/99.coo_rbac_perses_user1.cy.ts      |    32 +-
 .../e2e/perses/99.coo_rbac_perses_user2.cy.ts      |    24 +-
 .../e2e/perses/99.coo_rbac_perses_user3.cy.ts      |    24 +-
 .../e2e/perses/99.coo_rbac_perses_user4.cy.ts      |    24 +-
 .../e2e/perses/99.coo_rbac_perses_user5.cy.ts      |    24 +-
 .../e2e/perses/99.coo_rbac_perses_user6.cy.ts      |    25 +-
 web/cypress/e2e/virtualization/00.coo_ivt.cy.ts    |    57 +-
 .../e2e/virtualization/01.coo_ivt_alerts.cy.ts     |    60 +-
 .../e2e/virtualization/02.coo_ivt_metrics_1.cy.ts  |    70 +-
 .../e2e/virtualization/02.coo_ivt_metrics_2.cy.ts  |    68 +-
 .../03.coo_ivt_legacy_dashboards.cy.ts             |    65 +-
 .../e2e/virtualization/04.coo_ivt_perses.cy.ts     |    53 +-
 web/cypress/fixtures/coo/coo_stage.sh              |     1 -
 web/cypress/fixtures/monitoring/alert.ts           |     2 +-
 web/cypress/support/commands/auth-commands.ts      |    35 +-
 .../support/commands/coo-install-commands.ts       |   247 +-
 .../support/commands/dashboards-commands.ts        |    48 +-
 .../support/commands/image-patch-commands.ts       |    40 +-
 web/cypress/support/commands/operator-commands.ts  |   245 +-
 .../support/commands/traces-logging-commands.ts    |     8 +-
 .../support/commands/virtualization-commands.ts    |   120 +-
 web/cypress/support/commands/wait-utils.ts         |     7 +-
 .../support/monitoring/00.bvt_monitoring.cy.ts     |    16 +-
 .../monitoring/00.bvt_monitoring_namespace.cy.ts   |    16 +-
 web/cypress/support/monitoring/01.reg_alerts.cy.ts |    61 +-
 .../support/monitoring/02.reg_metrics_1.cy.ts      |    22 +-
 .../support/monitoring/02.reg_metrics_2.cy.ts      |    20 +-
 .../monitoring/03.reg_legacy_dashboards.cy.ts      |    24 +-
 .../monitoring/04.reg_alerts_namespace.cy.ts       |    22 +-
 .../monitoring/05.reg_metrics_namespace_1.cy.ts    |    22 +-
 .../monitoring/05.reg_metrics_namespace_2.cy.ts    |    22 +-
 .../06.reg_legacy_dashboards_namespace.cy.ts       |    22 +-
 web/cypress/support/operators.ts                   |    51 +
 .../support/perses/00.coo_bvt_perses_admin.cy.ts   |    56 +-
 .../support/perses/01.coo_list_perses_admin.cy.ts  |    41 +-
 .../01.coo_list_perses_admin_namespace.cy.ts       |    29 +-
 .../support/perses/02.coo_edit_perses_admin.cy.ts  |    66 +-
 .../perses/02.coo_edit_perses_admin_1.cy.ts        |    40 +-
 .../perses/03.coo_create_perses_admin.cy.ts        |    32 +-
 .../perses/04.coo_import_perses_admin.cy.ts        |    46 +-
 .../perses/05.coo_create_import_perses_admin.cy.ts |    28 +-
 .../support/perses/99.coo_rbac_perses_user1.cy.ts  |    72 +-
 .../support/perses/99.coo_rbac_perses_user2.cy.ts  |    91 +-
 .../support/perses/99.coo_rbac_perses_user3.cy.ts  |    50 +-
 .../support/perses/99.coo_rbac_perses_user4.cy.ts  |    58 +-
 .../support/perses/99.coo_rbac_perses_user5.cy.ts  |    29 +-
 .../support/perses/99.coo_rbac_perses_user6.cy.ts  |    39 +-
 web/cypress/support/test-tags.d.ts                 |    32 -
 web/cypress/support/test-tags.ts                   |    23 +
 web/cypress/support/timeouts.ts                    |     6 +
 web/cypress/views/operator-hub-page.ts             |     3 +-
 .../views/perses-dashboards-create-dashboard.ts    |    30 +-
 .../views/perses-dashboards-edit-variables.ts      |     7 +-
 .../views/perses-dashboards-import-dashboard.ts    |    18 +-
 .../views/perses-dashboards-list-dashboards.ts     |    52 +-
 web/cypress/views/perses-dashboards-panel.ts       |    18 +-
 web/cypress/views/perses-dashboards.ts             |     2 -
 web/eslint-rules/cypress-tag-order.spec.ts         |    90 +
 web/eslint-rules/cypress-tag-order.ts              |   110 +
 web/eslint-rules/cypress-tags-array.spec.ts        |    26 +
 web/eslint-rules/cypress-tags-array.ts             |    41 +
 web/eslint-rules/cypress-tags-helper.ts            |    43 +
 web/eslint-rules/file-naming.spec.ts               |    27 +-
 web/eslint-rules/file-naming.ts                    |     9 +-
 web/eslint.config.ts                               |    17 +
 web/i18n-scripts/build-i18n.sh                     |     4 +-
 web/i18n-scripts/set-english-defaults.js           |    83 -
 web/i18next-parser.config.js                       |    11 -
 web/i18next.config.js                              |    16 +
 web/jest.config.js                                 |     1 +
 web/locales/en/plugin__monitoring-plugin.json      |   706 +-
 web/package-lock.json                              | 15146 ++++++++-----------
 web/package.json                                   |    71 +-
 web/src/__mocks__/styleMock.js                     |     3 +
 .../alerts/pages/alerts-page/filter-alerts.ts      |     2 +-
 .../alerts/pages/silences-page/filter-silences.ts  |     2 +-
 .../components/LegacyDashboard.tsx                 |     2 +-
 .../metrics/components/QueryKebab.spec.tsx         |   111 +
 web/src/features/metrics/components/QueryKebab.tsx |   204 +
 web/src/features/metrics/pages/MetricsPage.tsx     |   320 +-
 .../assets/perses-patternfly-tokens.css            |   144 +
 .../components/DashboardActionModals.tsx           |   109 +-
 .../components/DashboardActionsMenu.tsx            |    19 +-
 .../components/DashboardCreateDialog.tsx           |   137 +-
 .../components/DashboardDialogHelpers.tsx          |   138 +-
 .../components/DashboardImportDialog.tsx           |   196 +-
 .../perses-dashboards/components/PersesWrapper.tsx |    10 +-
 .../components/project/ProjectBar.tsx              |    33 -
 .../components/project/ProjectDropdown.tsx         |   265 -
 .../components/project/ProjectMenuToggle.tsx       |    97 -
 .../perses-dashboards/components/project/utils.ts  |    14 -
 .../perses-dashboards/hooks/useAccessReview.ts     |    29 +
 .../perses-dashboards/hooks/useDashboardsData.ts   |    20 +-
 .../perses-dashboards/hooks/useEditableProjects.ts |   116 -
 .../features/perses-dashboards/hooks/usePerses.ts  |     4 -
 .../hooks/usePersesDashboardAccess.ts              |    19 +
 .../hooks/usePersesEditPermissions.ts              |    29 -
 .../pages/dashboard-list-page/DashboardList.tsx    |    91 +-
 .../dashboard-list-page/DashboardListFrame.tsx     |    19 +-
 .../pages/dashboard-page/DashboardFrame.tsx        |    15 +-
 .../pages/dashboard-page/DashboardToolbar.tsx      |    40 +-
 .../perses-dashboards/utils/perses-client.ts       |    41 -
 web/src/shared/console/utils/Link.spec.tsx         |    45 +
 web/src/shared/console/utils/Link.tsx              |    66 +-
 web/src/shared/constants/data-test.ts              |     4 +
 web/src/shared/constants/perspective.ts            |    34 +
 web/src/shared/constants/query-params.ts           |     1 +
 web/src/shared/hooks/useFeatures.ts                |     6 +
 web/src/shared/hooks/usePerspective.spec.ts        |    38 +
 web/src/shared/hooks/usePerspective.tsx            |   188 +-
 web/src/shared/store/actions.ts                    |     2 -
 162 files changed, 10621 insertions(+), 12711 deletions(-)
 create mode 100644 .nvmrc
 create mode 100644 web/cypress/support/operators.ts
 delete mode 100644 web/cypress/support/test-tags.d.ts
 create mode 100644 web/cypress/support/test-tags.ts
 create mode 100644 web/cypress/support/timeouts.ts
 create mode 100644 web/eslint-rules/cypress-tag-order.spec.ts
 create mode 100644 web/eslint-rules/cypress-tag-order.ts
 create mode 100644 web/eslint-rules/cypress-tags-array.spec.ts
 create mode 100644 web/eslint-rules/cypress-tags-array.ts
 create mode 100644 web/eslint-rules/cypress-tags-helper.ts
 delete mode 100755 web/i18n-scripts/set-english-defaults.js
 delete mode 100644 web/i18next-parser.config.js
 create mode 100644 web/i18next.config.js
 create mode 100644 web/src/__mocks__/styleMock.js
 create mode 100644 web/src/features/metrics/components/QueryKebab.spec.tsx
 create mode 100644 web/src/features/metrics/components/QueryKebab.tsx
 create mode 100644 web/src/features/perses-dashboards/assets/perses-patternfly-tokens.css
 delete mode 100644 web/src/features/perses-dashboards/components/project/ProjectBar.tsx
 delete mode 100644 web/src/features/perses-dashboards/components/project/ProjectDropdown.tsx
 delete mode 100644 web/src/features/perses-dashboards/components/project/ProjectMenuToggle.tsx
 delete mode 100644 web/src/features/perses-dashboards/components/project/utils.ts
 create mode 100644 web/src/features/perses-dashboards/hooks/useAccessReview.ts
 delete mode 100644 web/src/features/perses-dashboards/hooks/useEditableProjects.ts
 create mode 100644 web/src/features/perses-dashboards/hooks/usePersesDashboardAccess.ts
 delete mode 100644 web/src/features/perses-dashboards/hooks/usePersesEditPermissions.ts
 create mode 100644 web/src/shared/console/utils/Link.spec.tsx
 create mode 100644 web/src/shared/constants/perspective.ts
 create mode 100644 web/src/shared/hooks/usePerspective.spec.ts
--- Attempt 1/3 ---
Makefile:118: warning: overriding commands for target `start-devspace-mcp-backend'
Makefile:114: warning: ignoring old commands for target `start-devspace-mcp-backend'
podman manifest create -a quay.io/openshift-observability-ui/monitoring-console-plugin:v1.1.0
b41da03da5e311678ca30cb7e93f8cff2cc9771f8c05db7fc41ceaed2d079c91
podman build --platform linux/arm64,linux/amd64 --manifest quay.io/openshift-observability-ui/monitoring-console-plugin:v1.1.0 -f Dockerfile.mcp
[linux/amd64] [1/3] STEP 1/12: FROM registry.redhat.io/ubi9/nodejs-22 AS web-builder
[linux/amd64] [1/3] STEP 2/12: WORKDIR /opt/app-root
--> Using cache 07c5c20a09a30c771bd4bc428f655ea0dadedb2c84496928eed6db4b2e7e380f
--> 07c5c20a09a3
[linux/amd64] [1/3] STEP 3/12: USER 0
--> Using cache 3feeb8a86867864d750fe9d7b285c7461704cce89e9b8260a3ae6e34eb460393
--> 3feeb8a86867
[linux/amd64] [1/3] STEP 4/12: ENV HUSKY=0
--> Using cache d7513f02fbdfb830d4ba5185ed0db24d5f4c69e175bc6022517c4fb3b6b9d384
--> d7513f02fbdf
[linux/amd64] [1/3] STEP 5/12: ENV CYPRESS_INSTALL_BINARY=0
--> 9008493e60b5
[linux/amd64] [1/3] STEP 6/12: COPY web/package*.json web/
--> 7c9f49dd292a
[linux/amd64] [1/3] STEP 7/12: COPY Makefile Makefile
--> cff0f22b58fa
[linux/amd64] [1/3] STEP 8/12: RUN make install-frontend-ci
Makefile:118: warning: overriding recipe for target 'start-devspace-mcp-backend'
Makefile:114: warning: ignoring old recipe for target 'start-devspace-mcp-backend'
cd web && npm ci --ignore-scripts
npm warn deprecated whatwg-encoding@3.1.1: Use @exodus/bytes instead for a more spec-conformant and faster implementation
npm warn deprecated inflight@1.0.6: This module is not supported, and leaks memory. Do not use it. Check out lru-cache if you want a good and tested way to coalesce async requests by a key value, which is much more comprehensive and powerful.
npm warn deprecated glob@7.2.3: Glob versions prior to v9 are no longer supported
npm warn deprecated glob@10.5.0: Old versions of glob are not supported, and contain widely publicized security vulnerabilities, which have been fixed in the current version. Please update. Support for old versions may be purchased (at exorbitant rates) by contacting i@izs.me
npm warn deprecated glob@10.5.0: Old versions of glob are not supported, and contain widely publicized security vulnerabilities, which have been fixed in the current version. Please update. Support for old versions may be purchased (at exorbitant rates) by contacting i@izs.me
npm warn deprecated @perses-dev/core@0.53.0: package is deprecated in favor for @perses-dev/client. Please read https://perses.dev/perses/docs/upgrade-guide/\#core-package-deprecated to know how to migrate

added 1718 packages, and audited 1719 packages in 1m

368 packages are looking for funding
  run `npm fund` for details

25 vulnerabilities (1 low, 13 moderate, 11 high)

To address issues that do not require attention, run:
  npm audit fix

To address all issues possible (including breaking changes), run:
  npm audit fix --force

Some issues need review, and may require choosing
a different dependency.

Run `npm audit` for details.
--> 3fa219f659b1
[linux/amd64] [1/3] STEP 9/12: COPY web/ web/
--> ec8f53363b69
[linux/amd64] [1/3] STEP 10/12: COPY config/ config/
--> d8ed44b974e0
[linux/amd64] [1/3] STEP 11/12: ENV CONSOLE_PLUGIN_NAME="monitoring-console-plugin"
--> 6ab112b2e052
[linux/amd64] [1/3] STEP 12/12: RUN make build-frontend
Makefile:118: warning: overriding recipe for target 'start-devspace-mcp-backend'
Makefile:114: warning: ignoring old recipe for target 'start-devspace-mcp-backend'
cd web && npm run build

> monitoring-plugin@1.0.0 build
> npm run clean && NODE_ENV=production npm run ts-node node_modules/.bin/webpack


> monitoring-plugin@1.0.0 clean
> rm -rf dist


> monitoring-plugin@1.0.0 ts-node
> ts-node -O '{"module":"commonjs"}' node_modules/.bin/webpack

@patternfly/react-core dynamic modules taken from dist/dynamic-modules.json
@patternfly/react-data-view dynamic modules generated from dist/dynamic
@patternfly/react-icons dynamic modules taken from dist/dynamic-modules.json
@patternfly/react-table dynamic modules taken from dist/dynamic-modules.json
@patternfly/react-templates dynamic modules taken from dist/dynamic-modules.json
assets by path *.js 10 MiB
  assets by chunk 8.26 MiB (id hint: vendors)
    assets by status 7.13 MiB [big] 4 assets
    + 39 assets
  + 185 assets
assets by path assets/ 1.28 MiB
  assets by path assets/*.woff 740 KiB 42 assets
  assets by path assets/*.woff2 565 KiB 42 assets
  asset assets/restricted-sign..svg 2.38 KiB [emitted] [from: shared/console/imgs/restricted-sign.svg] (auxiliary name: CmoAlertsPage, exposed-AlertRulesDetailsPage, exposed-AlertsDetailsPage, exposed-IncidentsPage, exposed-SilenceEditPage, exposed-SilencesDetailsPage, exposed-TargetsPage)
assets by path locales/ 115 KiB
  asset locales/en/plugin__monitoring-console-plugin.json 22 KiB [emitted] [from: ../locales/en/plugin__monitoring-plugin.json] [copied]
  asset locales/ja/plugin__monitoring-console-plugin.json 20.7 KiB [emitted] [from: ../locales/ja/plugin__monitoring-plugin.json] [copied]
  asset locales/fr/plugin__monitoring-console-plugin.json 19.3 KiB [emitted] [from: ../locales/fr/plugin__monitoring-plugin.json] [copied]
  + 3 assets
asset plugin-manifest.json 467 bytes [emitted]
orphan modules 18.3 MiB [orphan] 19118 modules
runtime modules 67.4 KiB 15 modules
built modules 18.1 MiB (javascript) 1.28 MiB (asset) 3.65 KiB (consume-shared) 3.36 KiB (share-init) [built]
  modules by path ../node_modules/ 17.3 MiB (javascript) 1.27 MiB (asset)
    javascript modules 17.3 MiB 1686 modules
    asset modules 1.27 MiB (asset) 3.45 KiB (javascript) 84 modules
  modules by path ./ 817 KiB (javascript) 2.38 KiB (asset) 93 modules
  consume-shared-module modules 3.65 KiB 89 modules
  provide-module modules 3.36 KiB 82 modules
  modules by path @console/ 30 bytes
    @console/internal/models (ignored) 15 bytes [built] [code generated]
    @console/shared/src/utils/console-fetch (ignored) 15 bytes [built] [code generated]
  container entry 42 bytes [built] [code generated]

LOG from @openshift-console/dynamic-plugin-sdk-webpack/lib/webpack/loaders/dynamic-module-import-loader ../node_modules/esbuild-loader/dist/index.cjs??ruleSet[1].rules[0]!./features/perses-dashboards/pages/dashboard-list-page/DashboardList.tsx
<w> Non-index and non-dynamic module import @patternfly/react-icons/dist/esm/icons/rh-ui-ellipsis-vertical-fill-icon

LOG from @openshift-console/dynamic-plugin-sdk-webpack/lib/webpack/loaders/dynamic-module-import-loader ../node_modules/esbuild-loader/dist/index.cjs??ruleSet[1].rules[0]!./shared/components/table/TableCheckboxFilter.tsx
<w> Non-index and non-dynamic module import @patternfly/react-data-view/dist/dynamic/DataViewFilters

WARNING in asset size limit: The following asset(s) exceed the recommended size limit (244 KiB).
This can impact web performance.
Assets: 
  9545-chunk-18f5018713b0a2026021.min.js (312 KiB)
  4572-chunk-0efec978b172a3428cf4.min.js (402 KiB)
  2764-chunk-6eff926d54204d35f2f4.min.js (1.8 MiB)
  7930-chunk-8e127d1fe65dd38076f4.min.js (4.62 MiB)

webpack 5.105.4 compiled with 1 warning in 190838 ms
--> 1648015e21e6
[linux/arm64] [1/3] STEP 1/12: FROM registry.redhat.io/ubi9/nodejs-22 AS web-builder
Trying to pull registry.redhat.io/ubi9/nodejs-22:latest...
Getting image source signatures
Checking if image destination supports signatures
Copying blob sha256:51f40407aea52f718b56160226d38d19de010dc9391045885618c4640694ca4b
Copying blob sha256:1d528cef78efeed291a9f71bfa137acec48792c73f11f9ed8be0dedcc7fe6b70
Copying blob sha256:ab2eb26b66524e601ddac1e25f3c6c4a77d304695c129c7e6afc2fd28c9813fd
Copying config sha256:07df1ea96144ef9b6bdd2aa67a83fb746f9bde11052db851df61e4256cdf4e79
Writing manifest to image destination
Storing signatures
[linux/arm64] [1/3] STEP 2/12: WORKDIR /opt/app-root
--> Using cache 531063a1bc70d43cd0d32648f3809884bab683baa1d6bb8dc47cf48a4f2e039f
--> 531063a1bc70
[linux/arm64] [1/3] STEP 3/12: USER 0
--> Using cache b8970e35feda1671c953a82b1e51c17578b526492e5a8c28a879593c67e0d764
--> b8970e35feda
[linux/arm64] [1/3] STEP 4/12: ENV HUSKY=0
--> Using cache 4725c0af6b8732dc6d2ea9d1a780e78a9352c44479599ad341419e657f5ce903
--> 4725c0af6b87
[linux/arm64] [1/3] STEP 5/12: ENV CYPRESS_INSTALL_BINARY=0
--> 0bb7201c60cc
[linux/arm64] [1/3] STEP 6/12: COPY web/package*.json web/
--> 4246399e35fd
[linux/arm64] [1/3] STEP 7/12: COPY Makefile Makefile
--> 86ad5d01b783
[linux/arm64] [1/3] STEP 8/12: RUN make install-frontend-ci
Makefile:118: warning: overriding recipe for target 'start-devspace-mcp-backend'
Makefile:114: warning: ignoring old recipe for target 'start-devspace-mcp-backend'
cd web && npm ci --ignore-scripts
npm warn deprecated whatwg-encoding@3.1.1: Use @exodus/bytes instead for a more spec-conformant and faster implementation
npm warn deprecated inflight@1.0.6: This module is not supported, and leaks memory. Do not use it. Check out lru-cache if you want a good and tested way to coalesce async requests by a key value, which is much more comprehensive and powerful.
npm warn deprecated glob@7.2.3: Glob versions prior to v9 are no longer supported
npm warn deprecated glob@10.5.0: Old versions of glob are not supported, and contain widely publicized security vulnerabilities, which have been fixed in the current version. Please update. Support for old versions may be purchased (at exorbitant rates) by contacting i@izs.me
npm warn deprecated glob@10.5.0: Old versions of glob are not supported, and contain widely publicized security vulnerabilities, which have been fixed in the current version. Please update. Support for old versions may be purchased (at exorbitant rates) by contacting i@izs.me
npm warn deprecated @perses-dev/core@0.53.0: package is deprecated in favor for @perses-dev/client. Please read https://perses.dev/perses/docs/upgrade-guide/\#core-package-deprecated to know how to migrate

added 1711 packages, and audited 1712 packages in 55s

366 packages are looking for funding
  run `npm fund` for details

25 vulnerabilities (1 low, 13 moderate, 11 high)

To address issues that do not require attention, run:
  npm audit fix

To address all issues possible (including breaking changes), run:
  npm audit fix --force

Some issues need review, and may require choosing
a different dependency.

Run `npm audit` for details.
--> a404bfdf1bab
[linux/arm64] [1/3] STEP 9/12: COPY web/ web/
--> fa21e2e5a43f
[linux/arm64] [1/3] STEP 10/12: COPY config/ config/
--> be509cd712c8
[linux/arm64] [1/3] STEP 11/12: ENV CONSOLE_PLUGIN_NAME="monitoring-console-plugin"
--> fb6108ab00d8
[linux/arm64] [1/3] STEP 12/12: RUN make build-frontend
Makefile:118: warning: overriding recipe for target 'start-devspace-mcp-backend'
Makefile:114: warning: ignoring old recipe for target 'start-devspace-mcp-backend'
cd web && npm run build

> monitoring-plugin@1.0.0 build
> npm run clean && NODE_ENV=production npm run ts-node node_modules/.bin/webpack


> monitoring-plugin@1.0.0 clean
> rm -rf dist


> monitoring-plugin@1.0.0 ts-node
> ts-node -O '{"module":"commonjs"}' node_modules/.bin/webpack

@patternfly/react-core dynamic modules taken from dist/dynamic-modules.json
@patternfly/react-data-view dynamic modules generated from dist/dynamic
@patternfly/react-icons dynamic modules taken from dist/dynamic-modules.json
@patternfly/react-table dynamic modules taken from dist/dynamic-modules.json
@patternfly/react-templates dynamic modules taken from dist/dynamic-modules.json
assets by path *.js 10 MiB
  assets by chunk 8.26 MiB (id hint: vendors)
    assets by status 7.13 MiB [big] 4 assets
    + 39 assets
  + 185 assets
assets by path assets/ 1.28 MiB
  assets by path assets/*.woff 740 KiB 42 assets
  assets by path assets/*.woff2 565 KiB 42 assets
  asset assets/restricted-sign..svg 2.38 KiB [emitted] [from: shared/console/imgs/restricted-sign.svg] (auxiliary name: CmoAlertsPage, exposed-AlertRulesDetailsPage, exposed-AlertsDetailsPage, exposed-IncidentsPage, exposed-SilenceEditPage, exposed-SilencesDetailsPage, exposed-TargetsPage)
assets by path locales/ 115 KiB
  asset locales/en/plugin__monitoring-console-plugin.json 22 KiB [emitted] [from: ../locales/en/plugin__monitoring-plugin.json] [copied]
  asset locales/ja/plugin__monitoring-console-plugin.json 20.7 KiB [emitted] [from: ../locales/ja/plugin__monitoring-plugin.json] [copied]
  asset locales/fr/plugin__monitoring-console-plugin.json 19.3 KiB [emitted] [from: ../locales/fr/plugin__monitoring-plugin.json] [copied]
  + 3 assets
asset plugin-manifest.json 467 bytes [emitted]
orphan modules 18.3 MiB [orphan] 19118 modules
runtime modules 67.4 KiB 15 modules
built modules 18.1 MiB (javascript) 1.28 MiB (asset) 3.65 KiB (consume-shared) 3.36 KiB (share-init) [built]
  modules by path ../node_modules/ 17.3 MiB (javascript) 1.27 MiB (asset)
    javascript modules 17.3 MiB 1686 modules
    asset modules 1.27 MiB (asset) 3.45 KiB (javascript) 84 modules
  modules by path ./ 817 KiB (javascript) 2.38 KiB (asset) 93 modules
  consume-shared-module modules 3.65 KiB 89 modules
  provide-module modules 3.36 KiB 82 modules
  modules by path @console/ 30 bytes
    @console/internal/models (ignored) 15 bytes [built] [code generated]
    @console/shared/src/utils/console-fetch (ignored) 15 bytes [built] [code generated]
  container entry 42 bytes [built] [code generated]

LOG from @openshift-console/dynamic-plugin-sdk-webpack/lib/webpack/loaders/dynamic-module-import-loader ../node_modules/esbuild-loader/dist/index.cjs??ruleSet[1].rules[0]!./features/perses-dashboards/pages/dashboard-list-page/DashboardList.tsx
<w> Non-index and non-dynamic module import @patternfly/react-icons/dist/esm/icons/rh-ui-ellipsis-vertical-fill-icon

LOG from @openshift-console/dynamic-plugin-sdk-webpack/lib/webpack/loaders/dynamic-module-import-loader ../node_modules/esbuild-loader/dist/index.cjs??ruleSet[1].rules[0]!./shared/components/table/TableCheckboxFilter.tsx
<w> Non-index and non-dynamic module import @patternfly/react-data-view/dist/dynamic/DataViewFilters

WARNING in asset size limit: The following asset(s) exceed the recommended size limit (244 KiB).
This can impact web performance.
Assets: 
  9545-chunk-18f5018713b0a2026021.min.js (312 KiB)
  4572-chunk-0efec978b172a3428cf4.min.js (402 KiB)
  2764-chunk-6eff926d54204d35f2f4.min.js (1.8 MiB)
  7930-chunk-8e127d1fe65dd38076f4.min.js (4.62 MiB)

webpack 5.105.4 compiled with 1 warning in 131667 ms
--> 8e4a8878abad
[linux/amd64] [2/3] STEP 1/14: FROM registry.access.redhat.com/ubi9/go-toolset:1.26 AS go-builder
[linux/amd64] [2/3] STEP 2/14: WORKDIR /opt/app-root
--> Using cache 87110b4bebf062875bbb848dcab66696e99aa2fc9c2f3afb3d0262587a00e181
--> 87110b4bebf0
[linux/amd64] [2/3] STEP 3/14: COPY Makefile Makefile
--> 08a11038ad3b
[linux/amd64] [2/3] STEP 4/14: COPY go.mod go.mod
--> c918e1c282d0
[linux/amd64] [2/3] STEP 5/14: COPY go.sum go.sum
--> d2af77735205
[linux/amd64] [2/3] STEP 6/14: RUN make install-backend
Makefile:118: warning: overriding recipe for target 'start-devspace-mcp-backend'
Makefile:114: warning: ignoring old recipe for target 'start-devspace-mcp-backend'
go mod download
--> 59670850fe4a
[linux/amd64] [2/3] STEP 7/14: COPY cmd/ cmd/
--> 20437424c88b
[linux/amd64] [2/3] STEP 8/14: COPY pkg/ pkg/
--> 6e11bb85ba18
[linux/amd64] [2/3] STEP 9/14: ENV GOOS=${TARGETOS:-linux}
--> 985163ebe36b
[linux/amd64] [2/3] STEP 10/14: ENV GOARCH=${TARGETARCH}
--> 22159346ab04
[linux/amd64] [2/3] STEP 11/14: ENV GOEXPERIMENT=strictfipsruntime
--> 1d649cef1807
[linux/amd64] [2/3] STEP 12/14: ENV GOFLAGS=-mod=readonly
--> 3f124fd3e1fc
[linux/amd64] [2/3] STEP 13/14: ENV CGO_ENABLED=1
--> e5026b69f1fb
[linux/amd64] [2/3] STEP 14/14: RUN make build-backend
Makefile:118: warning: overriding recipe for target 'start-devspace-mcp-backend'
Makefile:114: warning: ignoring old recipe for target 'start-devspace-mcp-backend'
go build  -mod=readonly -o plugin-backend cmd/plugin-backend.go
--> ca8e7d026e51
[linux/arm64] [2/3] STEP 1/14: FROM registry.access.redhat.com/ubi9/go-toolset:1.26 AS go-builder
Trying to pull registry.access.redhat.com/ubi9/go-toolset:1.26...
Getting image source signatures
Checking if image destination supports signatures
Copying blob sha256:ccbf8b3c04aacf18b6e8039882e5877b01ac81c4509872a1bc5497988794482d
Copying blob sha256:51673f5e488685d622dc82ecebbb0674784935f30cb31004db0c8acf6fb73e28
Copying blob sha256:73372a2b4d1ecaa43ad0ffb5c4de4a6083650cec0d2a0dad8a854cfeb066021f
Copying blob sha256:a24dfc124c51c93889fc03aad54d66b189aeb3260c6ab6d382bdf3ef269326d2
Copying config sha256:2ddf26b1dd62c7c30fa8d539c6758a9f7fac5de1b9bf2409ef00df6d639b5c3f
Writing manifest to image destination
Storing signatures
[linux/arm64] [2/3] STEP 2/14: WORKDIR /opt/app-root
--> Using cache 3de4f887367ff4e105f55683ae1a70e9385a5d83ce5124c563c3f51862f5e70a
--> 3de4f887367f
[linux/arm64] [2/3] STEP 3/14: COPY Makefile Makefile
--> a495837aae56
[linux/arm64] [2/3] STEP 4/14: COPY go.mod go.mod
--> 11d289f8a11a
[linux/arm64] [2/3] STEP 5/14: COPY go.sum go.sum
--> f51428eaf3de
[linux/arm64] [2/3] STEP 6/14: RUN make install-backend
Makefile:118: warning: overriding recipe for target 'start-devspace-mcp-backend'
Makefile:114: warning: ignoring old recipe for target 'start-devspace-mcp-backend'
go mod download
--> 5e8c252f1c94
[linux/arm64] [2/3] STEP 7/14: COPY cmd/ cmd/
--> 86d7f0c31467
[linux/arm64] [2/3] STEP 8/14: COPY pkg/ pkg/
--> 5a2302e5f295
[linux/arm64] [2/3] STEP 9/14: ENV GOOS=${TARGETOS:-linux}
--> 2229ba8109e7
[linux/arm64] [2/3] STEP 10/14: ENV GOARCH=${TARGETARCH}
--> 7bf710d4f9f6
[linux/arm64] [2/3] STEP 11/14: ENV GOEXPERIMENT=strictfipsruntime
--> 7deed21e74fc
[linux/arm64] [2/3] STEP 12/14: ENV GOFLAGS=-mod=readonly
--> 02f9114d3654
[linux/arm64] [2/3] STEP 13/14: ENV CGO_ENABLED=1
--> a1d273479d26
[linux/arm64] [2/3] STEP 14/14: RUN make build-backend
Makefile:118: warning: overriding recipe for target 'start-devspace-mcp-backend'
Makefile:114: warning: ignoring old recipe for target 'start-devspace-mcp-backend'
go build  -mod=readonly -o plugin-backend cmd/plugin-backend.go
--> bfec622a376b
[linux/amd64] [3/3] STEP 1/8: FROM registry.access.redhat.com/ubi9/ubi-minimal
[linux/amd64] [3/3] STEP 2/8: RUN mkdir /licenses
--> Using cache 743fabee7360c29247fc85d6cd386872a85f75bce4a52858184410ea6161ea12
--> 743fabee7360
[linux/amd64] [3/3] STEP 3/8: COPY LICENSE /licenses/.
--> Using cache b13a14d97292ee6d17afa3586824e083459c8165d1b997b7558f31f9f75b0cec
--> b13a14d97292
[linux/amd64] [3/3] STEP 4/8: USER 1001
--> Using cache c04c67bf0cba5993c3bec9c24406f0cf258782b8df57036567687964aa4cc706
--> c04c67bf0cba
[linux/amd64] [3/3] STEP 5/8: COPY --from=web-builder /opt/app-root/web/dist /opt/app-root/web/dist
--> 5cd6b67f1b5f
[linux/amd64] [3/3] STEP 6/8: COPY --from=go-builder /opt/app-root/plugin-backend /opt/app-root
--> df448d9d74c7
[linux/amd64] [3/3] STEP 7/8: COPY --from=web-builder /opt/app-root/config /opt/app-root/config
--> ee0f059672d4
[linux/amd64] [3/3] STEP 8/8: ENTRYPOINT ["/opt/app-root/plugin-backend", "-static-path", "/opt/app-root/web/dist", "-config-path", "/opt/app-root/config"]
[linux/amd64] [3/3] COMMIT
--> c2ec5d0e4838
[linux/arm64] [3/3] STEP 1/8: FROM registry.access.redhat.com/ubi9/ubi-minimal
Trying to pull registry.access.redhat.com/ubi9/ubi-minimal:latest...
c2ec5d0e48385bc3751df3706dde9c011450a0a49307189711c76de30218c84a
Getting image source signatures
Checking if image destination supports signatures
Copying blob sha256:36e72d37accbc857387599416b2fbab8fba8dd4b3f3b465ab05e57367cbe05fd
Copying config sha256:d5dc52ee643af910a58080edfbd1a5e9baf9c4505788b47173ac279ae1600cc8
Writing manifest to image destination
Storing signatures
[linux/arm64] [3/3] STEP 2/8: RUN mkdir /licenses
--> Using cache 8b2f97618804f6a834293ef51100e3c501d7291500f3d3eb1169477d07b17760
--> 8b2f97618804
[linux/arm64] [3/3] STEP 3/8: COPY LICENSE /licenses/.
--> Using cache 0c98cf6c0120d74fdd92a45f9763c21df8e389e61b3d97f76c5e970b2f611e3e
--> 0c98cf6c0120
[linux/arm64] [3/3] STEP 4/8: USER 1001
--> Using cache 0efd209b987f1a29e9caea2a516bf8c805a41c5017653a96928cdda1ab39fb31
--> 0efd209b987f
[linux/arm64] [3/3] STEP 5/8: COPY --from=web-builder /opt/app-root/web/dist /opt/app-root/web/dist
--> baf18e265602
[linux/arm64] [3/3] STEP 6/8: COPY --from=go-builder /opt/app-root/plugin-backend /opt/app-root
--> 6b072d76a043
[linux/arm64] [3/3] STEP 7/8: COPY --from=web-builder /opt/app-root/config /opt/app-root/config
--> af25cb85c377
[linux/arm64] [3/3] STEP 8/8: ENTRYPOINT ["/opt/app-root/plugin-backend", "-static-path", "/opt/app-root/web/dist", "-config-path", "/opt/app-root/config"]
[linux/arm64] [3/3] COMMIT
--> b8e2a35f43f6
b8e2a35f43f69411b943db451fe98f88a8477889ca04be8c5a31afa2bf91e6b9
podman manifest push quay.io/openshift-observability-ui/monitoring-console-plugin:v1.1.0
Getting image list signatures
Copying 2 images generated from 2 images in list
Copying image sha256:816f91d8a5857ae97633539ef3fbde76e0fbbbdcb5b194fd080f2e32a90d3e93 (1/2)
Getting image source signatures
Copying blob sha256:5614234f3bbfffe82c4acce107dd98958ab6ca622b6f4901cf39d3bae81fc0e3
Copying blob sha256:4329707aea955bed65bd5a1a4752c4049f9f033f019529ecc8ed8b3718121e3b
Copying blob sha256:2823899961a8eb8ded5d53c5fe6bda8f64e7679032ce87cf909df59dcf2c5081
Copying blob sha256:ea9f33b382fc4f90996c29e2cc6a9555dbd9d926b8b2652c1a6db40c30254e22
Copying blob sha256:5400aae257aee099eb2fc0ddd0a3fdccfe494972f0489b72a3425b0105620ebe
Copying blob sha256:d6c91adb802c5fdc55b5ab277111c1dc8ae96a74d0b3ce24b58de8160d0eb9dd
Copying config sha256:c2ec5d0e48385bc3751df3706dde9c011450a0a49307189711c76de30218c84a
Writing manifest to image destination
Copying image sha256:8cbf3ff4b1994d4a2947c94f0aa4d43a4259f675ee443bfc0811bb86e01f849b (2/2)
Getting image source signatures
Copying blob sha256:c39ed2861b0f68fee6cb52f5cae68ce89bc7231630c5fb7e1d263ad6e8d5fc62
Copying blob sha256:119968c143240ee90bc619d38d070fe5a691c76350003a277e295c0244a8209d
Copying blob sha256:46f77a82cc49b9a0a224469d542c0d2285a386f28249053177f22f96b2b2288f
Copying blob sha256:fd266c4f2497b71ef41d3a4b31d87635e549ba22b26017a87dd7f2c9ecdb5a32
Copying blob sha256:d4d642aae89d7493720a69ed393703a971780b82077c62badfc75729fa15fbc9
Copying blob sha256:932852d2169beb387da5467ab702043303f9ecfcc4867cb05f24cc1bc4374d0d
Copying config sha256:b8e2a35f43f69411b943db451fe98f88a8477889ca04be8c5a31afa2bf91e6b9
Writing manifest to image destination
Writing manifest list to image destination
Storing list signatures
==========================================
Building logging-view-plugin @ release-coo-ocp-4.22 with VERSION=v6.3.0 ORG=openshift-observability-ui
==========================================
Switched to branch 'release-coo-ocp-4.22'
Your branch is behind 'origin/release-coo-ocp-4.22' by 2 commits, and can be fast-forwarded.
  (use "git pull" to update your local branch)
From https://github.com/openshift/logging-view-plugin
 * branch            release-coo-ocp-4.22 -> FETCH_HEAD
Updating 860f23c..a9ce713
Fast-forward
 OWNERS | 2 ++
 1 file changed, 2 insertions(+)
--- Attempt 1/3 ---
Makefile:45: warning: overriding commands for target `test-backend'
Makefile:41: warning: ignoring old commands for target `test-backend'
podman manifest rm quay.io/openshift-observability-ui/logging-view-plugin:v6.3.0 || true
Error: quay.io/openshift-observability-ui/logging-view-plugin:v6.3.0: image not known
podman manifest create quay.io/openshift-observability-ui/logging-view-plugin:v6.3.0
88bb3915b2e004be6133c222ea3b3f6718b58fbf89d2cdace6479d63dd8f55c0
podman build --platform linux/arm64,linux/amd64 --manifest quay.io/openshift-observability-ui/logging-view-plugin:v6.3.0 -f Dockerfile
[linux/arm64] [1/3] STEP 1/9: FROM registry.redhat.io/ubi9/nodejs-22:latest AS web-builder
[linux/arm64] [1/3] STEP 2/9: WORKDIR /opt/app-root
--> Using cache 531063a1bc70d43cd0d32648f3809884bab683baa1d6bb8dc47cf48a4f2e039f
--> 531063a1bc70
[linux/arm64] [1/3] STEP 3/9: USER 0
--> Using cache b8970e35feda1671c953a82b1e51c17578b526492e5a8c28a879593c67e0d764
--> b8970e35feda
[linux/arm64] [1/3] STEP 4/9: ENV HUSKY=0
--> Using cache 4725c0af6b8732dc6d2ea9d1a780e78a9352c44479599ad341419e657f5ce903
--> 4725c0af6b87
[linux/arm64] [1/3] STEP 5/9: COPY web/package*.json web/
--> 04cda67047f8
[linux/arm64] [1/3] STEP 6/9: COPY Makefile Makefile
--> 8855f2bcd2aa
[linux/arm64] [1/3] STEP 7/9: RUN make install-frontend-ci-clean
Makefile:45: warning: overriding recipe for target 'test-backend'
Makefile:41: warning: ignoring old recipe for target 'test-backend'
cd web && npm ci --omit=optional --ignore-scripts
npm warn deprecated whatwg-encoding@3.1.1: Use @exodus/bytes instead for a more spec-conformant and faster implementation
npm warn deprecated rimraf@3.0.2: Rimraf versions prior to v4 are no longer supported
npm warn deprecated inflight@1.0.6: This module is not supported, and leaks memory. Do not use it. Check out lru-cache if you want a good and tested way to coalesce async requests by a key value, which is much more comprehensive and powerful.
npm warn deprecated glob@7.2.3: Old versions of glob are not supported, and contain widely publicized security vulnerabilities, which have been fixed in the current version. Please update. Support for old versions may be purchased (at exorbitant rates) by contacting i@izs.me
npm warn deprecated @types/webpack-dev-server@4.7.2: This is a stub types definition. webpack-dev-server provides its own type definitions, so you do not need this installed.
npm warn deprecated i18next-parser@9.4.0: Project is deprecated, use i18next-cli instead
npm warn deprecated uuid@8.3.2: uuid@10 and below is no longer supported.  For ESM codebases, update to uuid@latest.  For CommonJS codebases, use uuid@11 (but be aware this version will likely be deprecated in 2028).
npm warn deprecated glob@10.5.0: Old versions of glob are not supported, and contain widely publicized security vulnerabilities, which have been fixed in the current version. Please update. Support for old versions may be purchased (at exorbitant rates) by contacting i@izs.me
npm warn deprecated glob@10.5.0: Old versions of glob are not supported, and contain widely publicized security vulnerabilities, which have been fixed in the current version. Please update. Support for old versions may be purchased (at exorbitant rates) by contacting i@izs.me
npm warn deprecated glob@10.5.0: Old versions of glob are not supported, and contain widely publicized security vulnerabilities, which have been fixed in the current version. Please update. Support for old versions may be purchased (at exorbitant rates) by contacting i@izs.me
npm warn deprecated glob@10.5.0: Old versions of glob are not supported, and contain widely publicized security vulnerabilities, which have been fixed in the current version. Please update. Support for old versions may be purchased (at exorbitant rates) by contacting i@izs.me
npm warn deprecated glob@10.5.0: Old versions of glob are not supported, and contain widely publicized security vulnerabilities, which have been fixed in the current version. Please update. Support for old versions may be purchased (at exorbitant rates) by contacting i@izs.me

added 1556 packages, and audited 1557 packages in 41s

321 packages are looking for funding
  run `npm fund` for details

30 vulnerabilities (2 low, 16 moderate, 11 high, 1 critical)

To address issues that do not require attention, run:
  npm audit fix

To address all issues (including breaking changes), run:
  npm audit fix --force

Run `npm audit` for details.
cd web && npm cache clean --force
npm warn using --force Recommended protections disabled.
--> 1a305f155d92
[linux/arm64] [1/3] STEP 8/9: COPY web/ web/
--> 7bc06b5771d3
[linux/arm64] [1/3] STEP 9/9: RUN make build-frontend
Makefile:45: warning: overriding recipe for target 'test-backend'
Makefile:41: warning: ignoring old recipe for target 'test-backend'
cd web && npm run build

> logging-view-plugin@6.1.0 build
> npm run clean && NODE_ENV=production npm run ts-node node_modules/.bin/webpack


> logging-view-plugin@6.1.0 clean
> rm -rf dist


> logging-view-plugin@6.1.0 ts-node
> ts-node -O '{"module":"commonjs"}' node_modules/.bin/webpack

@patternfly/react-core dynamic modules taken from dist/dynamic-modules.json
@patternfly/react-icons dynamic modules taken from dist/dynamic-modules.json
@patternfly/react-table dynamic modules taken from dist/dynamic-modules.json
assets by path *.js 4.79 MiB
  assets by chunk 2.64 MiB (id hint: vendors)
    assets by status 1.61 MiB [big]
      asset 9666-chunk-69eed8215e04934b0b32.min.js 1.13 MiB [emitted] [immutable] [big] (id hint: vendors) 1 related asset
      asset 3076-chunk-d3dd5c0fd35e0abdbd6a.min.js 494 KiB [emitted] [immutable] [big] (id hint: vendors) 1 related asset
    + 11 assets
  + 82 assets
asset locales/en/plugin__logging-view-plugin.json 10.4 KiB [emitted] [from: ../locales/en/plugin__logging-view-plugin.json] [copied]
asset plugin-manifest.json 1.92 KiB [emitted]
orphan modules 2.59 MiB [orphan] 1519 modules
runtime modules 37.8 KiB 14 modules
built modules 2.9 MiB (javascript) 1.72 KiB (consume-shared) 1.56 KiB (share-init) [built]
  modules by path ../node_modules/ 2.6 MiB 436 modules
  modules by path ./ 301 KiB 48 modules
  consume-shared-module modules 1.72 KiB
    modules by path consume shared module (default) @patternfly/react-core/dist/dynamic/ 1.23 KiB 30 modules
    modules by path consume shared module (default) @patternfly/react-icons/dist/dynamic/icons/ 294 bytes 7 modules
    modules by path *.1 (singleton) 84 bytes 2 modules
    + 3 modules
  provide-module modules 1.56 KiB
    modules by path provide shared module (default) @patternfly/react-core/dist/dynamic/ 1.23 KiB 30 modules
    modules by path provide shared module (default) @patternfly/react-icons/dist/dynamic/icons/ 294 bytes 7 modules
    provide shared module (default) @patternfly/react-table/dist/dynamic/components/...(truncated) 42 bytes [built] [code generated]
  container entry 42 bytes [built] [code generated]

WARNING in asset size limit: The following asset(s) exceed the recommended size limit (244 KiB).
This can impact web performance.
Assets: 
  9666-chunk-69eed8215e04934b0b32.min.js (1.13 MiB)
  3076-chunk-d3dd5c0fd35e0abdbd6a.min.js (494 KiB)

webpack 5.106.2 compiled with 1 warning in 25570 ms
--> fddda3836c7b
[linux/arm64] [2/3] STEP 1/12: FROM registry.access.redhat.com/ubi9/go-toolset:1.26 AS go-builder
[linux/arm64] [2/3] STEP 2/12: WORKDIR /opt/app-root
--> Using cache 3de4f887367ff4e105f55683ae1a70e9385a5d83ce5124c563c3f51862f5e70a
--> 3de4f887367f
[linux/arm64] [2/3] STEP 3/12: COPY Makefile Makefile
--> 4f3403632e9d
[linux/arm64] [2/3] STEP 4/12: COPY go.mod go.mod
--> 2d6f614b24ea
[linux/arm64] [2/3] STEP 5/12: COPY go.sum go.sum
--> e77d38199350
[linux/arm64] [2/3] STEP 6/12: RUN make install-backend
Makefile:45: warning: overriding recipe for target 'test-backend'
Makefile:41: warning: ignoring old recipe for target 'test-backend'
go mod download
--> 055ac48d90cc
[linux/arm64] [2/3] STEP 7/12: COPY config/ config/
--> 7448a7655a18
[linux/arm64] [2/3] STEP 8/12: COPY cmd/ cmd/
--> 49679a81f11d
[linux/arm64] [2/3] STEP 9/12: COPY pkg/ pkg/
--> d27c43da0dc2
[linux/arm64] [2/3] STEP 10/12: ENV GOEXPERIMENT=strictfipsruntime
--> 847d5f2522db
[linux/arm64] [2/3] STEP 11/12: ENV CGO_ENABLED=1
--> 931dc7f7c333
[linux/arm64] [2/3] STEP 12/12: RUN make build-backend BUILD_OPTS="-tags strictfipsruntime"
Makefile:45: warning: overriding recipe for target 'test-backend'
Makefile:41: warning: ignoring old recipe for target 'test-backend'
go build -tags strictfipsruntime -mod=readonly -o plugin-backend cmd/plugin-backend.go
--> 5e6e4bf676d1
[linux/amd64] [1/3] STEP 1/9: FROM registry.redhat.io/ubi9/nodejs-22:latest AS web-builder
Trying to pull registry.redhat.io/ubi9/nodejs-22:latest...
Getting image source signatures
Checking if image destination supports signatures
Copying blob sha256:a426c67a25d0dc9e5a27cdfbf2d93946f8ef6508351299d4b655d8d99025cb48
Copying blob sha256:cc6c54df811b0867866d695d6ce1e04fa5e1309584057d4101d43395a4551ff3
Copying blob sha256:df19a62bff501d77f1f32099c1a161a11054b128dcd93f475074b5aaccf947bd
Copying config sha256:a5b105f4ee7ecde67fe05faed2ab96d80f43e1282766650a7b7aaf487d565be7
Writing manifest to image destination
Storing signatures
[linux/amd64] [1/3] STEP 2/9: WORKDIR /opt/app-root
--> Using cache 07c5c20a09a30c771bd4bc428f655ea0dadedb2c84496928eed6db4b2e7e380f
--> 07c5c20a09a3
[linux/amd64] [1/3] STEP 3/9: USER 0
--> Using cache 3feeb8a86867864d750fe9d7b285c7461704cce89e9b8260a3ae6e34eb460393
--> 3feeb8a86867
[linux/amd64] [1/3] STEP 4/9: ENV HUSKY=0
--> Using cache d7513f02fbdfb830d4ba5185ed0db24d5f4c69e175bc6022517c4fb3b6b9d384
--> d7513f02fbdf
[linux/amd64] [1/3] STEP 5/9: COPY web/package*.json web/
--> 0b1049397a3b
[linux/amd64] [1/3] STEP 6/9: COPY Makefile Makefile
--> 7ba772ba07d5
[linux/amd64] [1/3] STEP 7/9: RUN make install-frontend-ci-clean
Makefile:45: warning: overriding recipe for target 'test-backend'
Makefile:41: warning: ignoring old recipe for target 'test-backend'
cd web && npm ci --omit=optional --ignore-scripts
npm warn deprecated whatwg-encoding@3.1.1: Use @exodus/bytes instead for a more spec-conformant and faster implementation
npm warn deprecated rimraf@3.0.2: Rimraf versions prior to v4 are no longer supported
npm warn deprecated inflight@1.0.6: This module is not supported, and leaks memory. Do not use it. Check out lru-cache if you want a good and tested way to coalesce async requests by a key value, which is much more comprehensive and powerful.
npm warn deprecated glob@7.2.3: Old versions of glob are not supported, and contain widely publicized security vulnerabilities, which have been fixed in the current version. Please update. Support for old versions may be purchased (at exorbitant rates) by contacting i@izs.me
npm warn deprecated @types/webpack-dev-server@4.7.2: This is a stub types definition. webpack-dev-server provides its own type definitions, so you do not need this installed.
npm warn deprecated i18next-parser@9.4.0: Project is deprecated, use i18next-cli instead
npm warn deprecated uuid@8.3.2: uuid@10 and below is no longer supported.  For ESM codebases, update to uuid@latest.  For CommonJS codebases, use uuid@11 (but be aware this version will likely be deprecated in 2028).
npm warn deprecated glob@10.5.0: Old versions of glob are not supported, and contain widely publicized security vulnerabilities, which have been fixed in the current version. Please update. Support for old versions may be purchased (at exorbitant rates) by contacting i@izs.me
npm warn deprecated glob@10.5.0: Old versions of glob are not supported, and contain widely publicized security vulnerabilities, which have been fixed in the current version. Please update. Support for old versions may be purchased (at exorbitant rates) by contacting i@izs.me
npm warn deprecated glob@10.5.0: Old versions of glob are not supported, and contain widely publicized security vulnerabilities, which have been fixed in the current version. Please update. Support for old versions may be purchased (at exorbitant rates) by contacting i@izs.me
npm warn deprecated glob@10.5.0: Old versions of glob are not supported, and contain widely publicized security vulnerabilities, which have been fixed in the current version. Please update. Support for old versions may be purchased (at exorbitant rates) by contacting i@izs.me
npm warn deprecated glob@10.5.0: Old versions of glob are not supported, and contain widely publicized security vulnerabilities, which have been fixed in the current version. Please update. Support for old versions may be purchased (at exorbitant rates) by contacting i@izs.me

added 1556 packages, and audited 1557 packages in 54s

321 packages are looking for funding
  run `npm fund` for details

30 vulnerabilities (2 low, 16 moderate, 11 high, 1 critical)

To address issues that do not require attention, run:
  npm audit fix

To address all issues (including breaking changes), run:
  npm audit fix --force

Run `npm audit` for details.
cd web && npm cache clean --force
npm warn using --force Recommended protections disabled.
--> fff239995301
[linux/amd64] [1/3] STEP 8/9: COPY web/ web/
--> 71c9be23f1e5
[linux/amd64] [1/3] STEP 9/9: RUN make build-frontend
Makefile:45: warning: overriding recipe for target 'test-backend'
Makefile:41: warning: ignoring old recipe for target 'test-backend'
cd web && npm run build

> logging-view-plugin@6.1.0 build
> npm run clean && NODE_ENV=production npm run ts-node node_modules/.bin/webpack


> logging-view-plugin@6.1.0 clean
> rm -rf dist


> logging-view-plugin@6.1.0 ts-node
> ts-node -O '{"module":"commonjs"}' node_modules/.bin/webpack

@patternfly/react-core dynamic modules taken from dist/dynamic-modules.json
@patternfly/react-icons dynamic modules taken from dist/dynamic-modules.json
@patternfly/react-table dynamic modules taken from dist/dynamic-modules.json
assets by path *.js 4.79 MiB
  assets by chunk 2.64 MiB (id hint: vendors)
    assets by status 1.61 MiB [big]
      asset 9666-chunk-69eed8215e04934b0b32.min.js 1.13 MiB [emitted] [immutable] [big] (id hint: vendors) 1 related asset
      asset 3076-chunk-d3dd5c0fd35e0abdbd6a.min.js 494 KiB [emitted] [immutable] [big] (id hint: vendors) 1 related asset
    + 11 assets
  + 82 assets
asset locales/en/plugin__logging-view-plugin.json 10.4 KiB [emitted] [from: ../locales/en/plugin__logging-view-plugin.json] [copied]
asset plugin-manifest.json 1.92 KiB [emitted]
orphan modules 2.59 MiB [orphan] 1519 modules
runtime modules 37.8 KiB 14 modules
built modules 2.9 MiB (javascript) 1.72 KiB (consume-shared) 1.56 KiB (share-init) [built]
  modules by path ../node_modules/ 2.6 MiB 436 modules
  modules by path ./ 301 KiB 48 modules
  consume-shared-module modules 1.72 KiB
    modules by path consume shared module (default) @patternfly/react-core/dist/dynamic/ 1.23 KiB 30 modules
    modules by path consume shared module (default) @patternfly/react-icons/dist/dynamic/icons/ 294 bytes 7 modules
    modules by path *.1 (singleton) 84 bytes 2 modules
    + 3 modules
  provide-module modules 1.56 KiB
    modules by path provide shared module (default) @patternfly/react-core/dist/dynamic/ 1.23 KiB 30 modules
    modules by path provide shared module (default) @patternfly/react-icons/dist/dynamic/icons/ 294 bytes 7 modules
    provide shared module (default) @patternfly/react-table/dist/dynamic/components/...(truncated) 42 bytes [built] [code generated]
  container entry 42 bytes [built] [code generated]

WARNING in asset size limit: The following asset(s) exceed the recommended size limit (244 KiB).
This can impact web performance.
Assets: 
  9666-chunk-69eed8215e04934b0b32.min.js (1.13 MiB)
  3076-chunk-d3dd5c0fd35e0abdbd6a.min.js (494 KiB)

webpack 5.106.2 compiled with 1 warning in 34127 ms
--> 1184ab63be93
[linux/arm64] [3/3] STEP 1/5: FROM registry.access.redhat.com/ubi9/ubi-minimal
[linux/arm64] [3/3] STEP 2/5: COPY --from=web-builder /opt/app-root/web/dist /opt/app-root/web/dist
--> ec5c39467c3a
[linux/arm64] [3/3] STEP 3/5: COPY --from=go-builder /opt/app-root/plugin-backend /opt/app-root
--> 426597b34183
[linux/arm64] [3/3] STEP 4/5: COPY --from=go-builder /opt/app-root/config /opt/app-root/config
--> 287b293c42b9
[linux/arm64] [3/3] STEP 5/5: ENTRYPOINT ["/opt/app-root/plugin-backend", "-config-path", "/opt/app-root/config", "-static-path", "/opt/app-root/web/dist"]
[linux/arm64] [3/3] COMMIT
--> 92407199442b
[linux/amd64] [2/3] STEP 1/12: FROM registry.access.redhat.com/ubi9/go-toolset:1.26 AS go-builder
92407199442b38e19503c1dc257a47ecdcf8c592dd377d97e704c331ac8d406a
Trying to pull registry.access.redhat.com/ubi9/go-toolset:1.26...
Getting image source signatures
Checking if image destination supports signatures
Copying blob sha256:161e05ae87ae22da19dad2cae3770d612cd65a04d7f009b5dfff938b8e43f37a
Copying blob sha256:535c9115bc652471a345fed2b23bfcbd903430c8a9536d1799d18b6c62b5f5d5
Copying blob sha256:7c484deb77bcdf607654ab80e826685d6714c6ca87198f6717b729ae60aa63eb
Copying blob sha256:09b0ddc7b06a8bd121c5a3cea6009136b46cf4db04bd3284fe3f295a69e5bf28
Copying config sha256:10aa0a63da6452d793eb68aed324e8ec27b309f75ec739d95b19dbb26a9be042
Writing manifest to image destination
Storing signatures
[linux/amd64] [2/3] STEP 2/12: WORKDIR /opt/app-root
--> Using cache 87110b4bebf062875bbb848dcab66696e99aa2fc9c2f3afb3d0262587a00e181
--> 87110b4bebf0
[linux/amd64] [2/3] STEP 3/12: COPY Makefile Makefile
--> 44c3a91c6851
[linux/amd64] [2/3] STEP 4/12: COPY go.mod go.mod
--> f724c6b7bf02
[linux/amd64] [2/3] STEP 5/12: COPY go.sum go.sum
--> 4ee39565ff0d
[linux/amd64] [2/3] STEP 6/12: RUN make install-backend
Makefile:45: warning: overriding recipe for target 'test-backend'
Makefile:41: warning: ignoring old recipe for target 'test-backend'
go mod download
--> 674d6406b0ab
[linux/amd64] [2/3] STEP 7/12: COPY config/ config/
--> dea3afd0ce57
[linux/amd64] [2/3] STEP 8/12: COPY cmd/ cmd/
--> 35b5f07afce7
[linux/amd64] [2/3] STEP 9/12: COPY pkg/ pkg/
--> 4d05ba7d6ae4
[linux/amd64] [2/3] STEP 10/12: ENV GOEXPERIMENT=strictfipsruntime
--> 0781125079ae
[linux/amd64] [2/3] STEP 11/12: ENV CGO_ENABLED=1
--> f034a28f0076
[linux/amd64] [2/3] STEP 12/12: RUN make build-backend BUILD_OPTS="-tags strictfipsruntime"
Makefile:45: warning: overriding recipe for target 'test-backend'
Makefile:41: warning: ignoring old recipe for target 'test-backend'
go build -tags strictfipsruntime -mod=readonly -o plugin-backend cmd/plugin-backend.go
--> 0dad42fabee7
[linux/amd64] [3/3] STEP 1/5: FROM registry.access.redhat.com/ubi9/ubi-minimal
Trying to pull registry.access.redhat.com/ubi9/ubi-minimal:latest...
Getting image source signatures
Checking if image destination supports signatures
Copying blob sha256:b66f4afff961364e2b31840faeac9f4cf40a138156bc5adbd4190044ff5160c0
Copying config sha256:4fda89b89b73066be4c0eba0f9690c5ca7dd50e703a8c28e48f3b64c5d8e4782
Writing manifest to image destination
Storing signatures
[linux/amd64] [3/3] STEP 2/5: COPY --from=web-builder /opt/app-root/web/dist /opt/app-root/web/dist
--> 6d02ff5ef599
[linux/amd64] [3/3] STEP 3/5: COPY --from=go-builder /opt/app-root/plugin-backend /opt/app-root
--> a679a30f3561
[linux/amd64] [3/3] STEP 4/5: COPY --from=go-builder /opt/app-root/config /opt/app-root/config
--> ec84bcd85961
[linux/amd64] [3/3] STEP 5/5: ENTRYPOINT ["/opt/app-root/plugin-backend", "-config-path", "/opt/app-root/config", "-static-path", "/opt/app-root/web/dist"]
[linux/amd64] [3/3] COMMIT
--> f60a52b82d0e
f60a52b82d0e5196b907f0b2c3922b75d821e54f628e31b8734c82ac32a69dd4
podman manifest push quay.io/openshift-observability-ui/logging-view-plugin:v6.3.0
Getting image list signatures
Copying 2 images generated from 2 images in list
Copying image sha256:ee2eb16dc7e9e1cf9e1a7b466986151e5eee51d80f77d39fd3982d78f9155904 (1/2)
Getting image source signatures
Copying blob sha256:c89fada0265027f213a217153abe123f4307cd7fc45ec30de7160711fe94d5aa
Copying blob sha256:46f77a82cc49b9a0a224469d542c0d2285a386f28249053177f22f96b2b2288f
Copying blob sha256:cf18add68c9de8c923e56fd60753b54fb851d935bd47c9aeef30fbb9659f0085
Copying blob sha256:c233f030a4af3b65455affc2b0127cd042fb5ceeea81648deeb91e7c511b9c77
Copying config sha256:92407199442b38e19503c1dc257a47ecdcf8c592dd377d97e704c331ac8d406a
Writing manifest to image destination
Copying image sha256:487d004bfd3ecd1b9593c760b86a23414096090b962b0551c63a73472a26a596 (2/2)
Getting image source signatures
Copying blob sha256:403eb15e54578b1ab67c66ecd9b3e535627aaa3829828c40b105987b41805c1c
Copying blob sha256:fee309b2654081ab065106bc3349b159428aeddc64c4e5fccc7eb3226207ca06
Copying blob sha256:2823899961a8eb8ded5d53c5fe6bda8f64e7679032ce87cf909df59dcf2c5081
Copying blob sha256:9efcbb317aa8e57bbcf25e1acd00a51a04bd256c48503dafbfcd6c9d05de2604
Copying config sha256:f60a52b82d0e5196b907f0b2c3922b75d821e54f628e31b8734c82ac32a69dd4
Writing manifest to image destination
Writing manifest list to image destination
Storing list signatures

==========================================
  BUILD SUMMARY
==========================================
REPO                                          BRANCH                         VERSION    CHECKOUT   PULL       BRANCH     BUILD      ATTEMPTS
----                                          ------                         -------    --------   ----       ------     -----      --------
distributed-tracing-plugin                    release-coo-ocp-4.12           v0.3.4     OK         OK         OK         SUCCESS    1
logging-view-plugin                           release-coo-ocp-4.12           v6.0.6     OK         OK         OK         SUCCESS    1
distributed-tracing-plugin                    release-coo-ocp-4.15           v0.4.4     OK         OK         OK         SUCCESS    1
logging-view-plugin                           release-coo-ocp-4.15           v6.1.7     OK         OK         OK         SUCCESS    1
monitoring-plugin                             release-coo-ocp-4.15           v0.4.6     OK         OK         OK         SUCCESS    2
distributed-tracing-plugin                    release-coo-ocp-4.19           v1.0.5     OK         OK         OK         SUCCESS    1
troubleshooting-panel-plugin                  release-coo-ocp-4.19           v0.4.6     OK         OK         OK         SUCCESS    1
monitoring-plugin                             release-coo-ocp-4.19           v0.5.5     OK         OK         OK         SUCCESS    1
distributed-tracing-plugin                    release-coo-ocp-4.22           v1.2.0     OK         OK         OK         SUCCESS    1
troubleshooting-panel-plugin                  release-coo-ocp-4.22           v1.1.0     OK         OK         OK         SUCCESS    1
monitoring-plugin                             release-coo-ocp-4.22           v1.1.0     OK         OK         OK         SUCCESS    1
logging-view-plugin                           release-coo-ocp-4.22           v6.3.0     OK         OK         OK         SUCCESS    1
==========================================
Total: 12  |  Succeeded: 12  |  Skipped: 0  |  Failed: 0
==========================================

==========================================
  IMAGE SUMMARY
==========================================

✅ SUCCESSFULLY BUILT IMAGES:
   quay.io/openshift-observability-ui/distributed-tracing-console-plugin:v0.3.4
   quay.io/openshift-observability-ui/logging-view-plugin:v6.0.6
   quay.io/openshift-observability-ui/distributed-tracing-console-plugin:v0.4.4
   quay.io/openshift-observability-ui/logging-view-plugin:v6.1.7
   quay.io/openshift-observability-ui/monitoring-console-plugin:v0.4.6
   quay.io/openshift-observability-ui/distributed-tracing-console-plugin:v1.0.5
   quay.io/openshift-observability-ui/troubleshooting-panel-console-plugin:v0.4.6
   quay.io/openshift-observability-ui/monitoring-console-plugin:v0.5.5
   quay.io/openshift-observability-ui/distributed-tracing-console-plugin:v1.2.0
   quay.io/openshift-observability-ui/troubleshooting-panel-console-plugin:v1.1.0
   quay.io/openshift-observability-ui/monitoring-console-plugin:v1.1.0
   quay.io/openshift-observability-ui/logging-view-plugin:v6.3.0

⏭️  SKIPPED IMAGES (already built):
   (none)

❌ FAILED IMAGES:
   (none)

==========================================
