Logging to /Users/emurasak/workspace/harness/tasks/upstream-images/build-and-push-20260605-083215.log
Fetching all branches for each repo...
  Fetching console-dashboards-plugin...
  Fetching distributed-tracing-console-plugin...
  Fetching logging-view-plugin...
  Fetching monitoring-plugin...
  Fetching troubleshooting-panel-console-plugin...
Fetch complete.
==========================================
Building console-dashboards-plugin @ release-coo-ocp-4.12 with VERSION=v0.4.3 ORG=rh-ee-emurasak
==========================================
Already on 'release-coo-ocp-4.12'
Your branch is up to date with 'origin/release-coo-ocp-4.12'.
From https://github.com/openshift/console-dashboards-plugin
 * branch            release-coo-ocp-4.12 -> FETCH_HEAD
Already up to date.
--- Attempt 1/3 ---
podman manifest rm quay.io/rh-ee-emurasak/console-dashboards-plugin:v0.4.3 || true
Error: quay.io/rh-ee-emurasak/console-dashboards-plugin:v0.4.3: image not known
podman manifest create quay.io/rh-ee-emurasak/console-dashboards-plugin:v0.4.3
d5108dbe4b24748bbcef1ce497ef9384f1fc7f1f66c88953aca8789a61d3542b
podman build --platform=linux/arm64,linux/amd64 --manifest quay.io/rh-ee-emurasak/console-dashboards-plugin:v0.4.3 -f Dockerfile
[linux/amd64] [1/3] STEP 1/8: FROM registry.redhat.io/ubi8/nodejs-18:latest AS web-builder
Trying to pull registry.redhat.io/ubi8/nodejs-18:latest...
Getting image source signatures
Checking if image destination supports signatures
Copying blob sha256:046eb6416170db2ab33e464d04c6f7c0c8c6cc8563597aca8e9fb7736dff00f9
Copying blob sha256:43ddc3bd12b8691687c9f6c273331ca07e3a89b50a619e0db9b040a8a629386d
Copying blob sha256:b610fd6091ba2163b8943d2214e20665977bc8064dc769d47be9ae868e48a301
Copying config sha256:ab55058334c5c32969b838cea2db23ee8c69c1b742006a75c031ed4f1b286bc5
Writing manifest to image destination
Storing signatures
[linux/amd64] [1/3] STEP 2/8: WORKDIR /opt/app-root
--> b384bebb2c39
[linux/amd64] [1/3] STEP 3/8: USER 0
--> dd41695adcae
[linux/amd64] [1/3] STEP 4/8: COPY web/package*.json web/
--> ef58f2f79354
[linux/amd64] [1/3] STEP 5/8: COPY Makefile Makefile
--> 8f982b8f64d7
[linux/amd64] [1/3] STEP 6/8: RUN make install-frontend-ci-clean
cd web && npm ci --ignore-scripts

added 703 packages, and audited 704 packages in 57s

145 packages are looking for funding
  run `npm fund` for details

32 vulnerabilities (20 moderate, 12 high)

To address issues that do not require attention, run:
  npm audit fix

To address all issues (including breaking changes), run:
  npm audit fix --force

Run `npm audit` for details.
cd web && npm cache clean --force
npm warn using --force Recommended protections disabled.
--> 6be9d77a1116
[linux/amd64] [1/3] STEP 7/8: COPY web/ web/
--> 4a505256c0b9
[linux/amd64] [1/3] STEP 8/8: RUN make build-frontend
cd web && npm run build

> console-dashboards-plugin@0.1.0 build
> npm run clean && NODE_ENV=production npm run ts-node node_modules/.bin/webpack


> console-dashboards-plugin@0.1.0 clean
> rm -rf dist


> console-dashboards-plugin@0.1.0 ts-node
> ts-node -O '{"module":"commonjs"}' node_modules/.bin/webpack

assets by info 19.5 KiB [immutable]
  asset 763-chunk-85263579519beb4f771c.min.js 16.6 KiB [emitted] [immutable] [minimized] (id hint: vendors)
  asset exposed-ProxyTestPage-chunk-2f9082ef890be2ba1e5e.min.js 2.35 KiB [emitted] [immutable] [minimized] (name: exposed-ProxyTestPage)
  asset exposed-GetDatasource-chunk-71e85ff48850c9bbb80c.min.js 559 bytes [emitted] [immutable] [minimized] (name: exposed-GetDatasource)
asset plugin-entry.js 5.64 KiB [emitted] [minimized] (name: console-dashboards-plugin)
asset plugin-manifest.json 733 bytes [emitted]
runtime modules 15.6 KiB 11 modules
built modules 37.8 KiB (javascript) 42 bytes (consume-shared) [built]
  cacheable modules 37.7 KiB
    ./components/ProxyTestPage.tsx 3.73 KiB [built] [code generated]
    ./getDatasource.tsx 878 bytes [built] [code generated]
    ../node_modules/lru-cache/index.mjs 33.1 KiB [built] [code generated]
  container entry 42 bytes [built] [code generated]
  consume shared module (default) react@^17.0.1 (singleton) 42 bytes [built] [code generated]
webpack 5.105.3 compiled successfully in 4307 ms
--> 97d7ebba6901
[linux/arm64] [1/3] STEP 1/8: FROM registry.redhat.io/ubi8/nodejs-18:latest AS web-builder
Trying to pull registry.redhat.io/ubi8/nodejs-18:latest...
Getting image source signatures
Checking if image destination supports signatures
Copying blob sha256:c4fff77bc060c02d4f09680032367cb302e83402fc25b7c7ac001cb00238876f
Copying blob sha256:8fd64178c906794da03bc9b7d2d5e3b70073b47f8aa659230381d7fd897dc11b
Copying blob sha256:6ad04be99c8f2547888de53fad691136f65cf5a11c7a2567ef29477c3413f587
Copying config sha256:62a277f6499a7c210a1022190779f4387fc1294a28ea7696fc264248bf328a9b
Writing manifest to image destination
Storing signatures
[linux/arm64] [1/3] STEP 2/8: WORKDIR /opt/app-root
--> 085c566ebb49
[linux/arm64] [1/3] STEP 3/8: USER 0
--> e5410f388092
[linux/arm64] [1/3] STEP 4/8: COPY web/package*.json web/
--> 6f26d06b5834
[linux/arm64] [1/3] STEP 5/8: COPY Makefile Makefile
--> da0a1769d03f
[linux/arm64] [1/3] STEP 6/8: RUN make install-frontend-ci-clean
cd web && npm ci --ignore-scripts

added 703 packages, and audited 704 packages in 39s

145 packages are looking for funding
  run `npm fund` for details

32 vulnerabilities (20 moderate, 12 high)

To address issues that do not require attention, run:
  npm audit fix

To address all issues (including breaking changes), run:
  npm audit fix --force

Run `npm audit` for details.
cd web && npm cache clean --force
npm warn using --force Recommended protections disabled.
--> 913f0c68f77d
[linux/arm64] [1/3] STEP 7/8: COPY web/ web/
--> 69c41e6caef2
[linux/arm64] [1/3] STEP 8/8: RUN make build-frontend
cd web && npm run build

> console-dashboards-plugin@0.1.0 build
> npm run clean && NODE_ENV=production npm run ts-node node_modules/.bin/webpack


> console-dashboards-plugin@0.1.0 clean
> rm -rf dist


> console-dashboards-plugin@0.1.0 ts-node
> ts-node -O '{"module":"commonjs"}' node_modules/.bin/webpack

assets by info 19.5 KiB [immutable]
  asset 763-chunk-85263579519beb4f771c.min.js 16.6 KiB [emitted] [immutable] [minimized] (id hint: vendors)
  asset exposed-ProxyTestPage-chunk-2f9082ef890be2ba1e5e.min.js 2.35 KiB [emitted] [immutable] [minimized] (name: exposed-ProxyTestPage)
  asset exposed-GetDatasource-chunk-71e85ff48850c9bbb80c.min.js 559 bytes [emitted] [immutable] [minimized] (name: exposed-GetDatasource)
asset plugin-entry.js 5.64 KiB [emitted] [minimized] (name: console-dashboards-plugin)
asset plugin-manifest.json 733 bytes [emitted]
runtime modules 15.6 KiB 11 modules
built modules 37.8 KiB (javascript) 42 bytes (consume-shared) [built]
  cacheable modules 37.7 KiB
    ./components/ProxyTestPage.tsx 3.73 KiB [built] [code generated]
    ./getDatasource.tsx 878 bytes [built] [code generated]
    ../node_modules/lru-cache/index.mjs 33.1 KiB [built] [code generated]
  container entry 42 bytes [built] [code generated]
  consume shared module (default) react@^17.0.1 (singleton) 42 bytes [built] [code generated]
webpack 5.105.3 compiled successfully in 2510 ms
--> ca82303bd664
[linux/amd64] [2/3] STEP 1/11: FROM registry.ci.openshift.org/ocp/builder:rhel-8-golang-1.24-openshift-4.20 AS go-builder
Trying to pull registry.ci.openshift.org/ocp/builder:rhel-8-golang-1.24-openshift-4.20...
Getting image source signatures
Copying blob sha256:ad150792efc16fbb7886da9d9457d93092929426e6a9f11c6e04a563f284eacd
Copying blob sha256:c7965aa7086045a59bdb113a1fb8a19d7ccf7af4133e59af8ecefd39cda8e0b1
Copying blob sha256:32a0db6672d42bc2f63fa6c620bf354f141c2478d6ea69c2363fc3ae82cf9448
Copying config sha256:afb0ed974e4e076b1e05e106cf07c0ea3bffe26a331f278142661a821986210b
Writing manifest to image destination
[linux/amd64] [2/3] STEP 2/11: WORKDIR /opt/app-root
--> ffa429071693
[linux/amd64] [2/3] STEP 3/11: COPY Makefile Makefile
--> 163b963618f5
[linux/amd64] [2/3] STEP 4/11: COPY go.mod go.mod
--> d83a221f0818
[linux/amd64] [2/3] STEP 5/11: COPY go.sum go.sum
--> dc3b3f183f9d
[linux/amd64] [2/3] STEP 6/11: RUN go mod download
--> d29cdaabd9f5
[linux/amd64] [2/3] STEP 7/11: COPY cmd/ cmd/
--> 936785d660a2
[linux/amd64] [2/3] STEP 8/11: COPY pkg/ pkg/
--> aad1b7fd494e
[linux/amd64] [2/3] STEP 9/11: ENV GOEXPERIMENT=strictfipsruntime
--> 1a876d9f3c80
[linux/amd64] [2/3] STEP 10/11: ENV CGO_ENABLED=1
--> 627ccc478829
[linux/amd64] [2/3] STEP 11/11: RUN make build-backend BUILD_OPTS="-tags strictfipsruntime"
go build -tags strictfipsruntime -o plugin-backend -mod=readonly cmd/plugin-backend.go
--> 892500d28802
[linux/arm64] [2/3] STEP 1/11: FROM registry.ci.openshift.org/ocp/builder:rhel-8-golang-1.24-openshift-4.20 AS go-builder
Trying to pull registry.ci.openshift.org/ocp/builder:rhel-8-golang-1.24-openshift-4.20...
Getting image source signatures
Copying blob sha256:1601f0002240e476166ae25539061c09fadc016385d68cfd04c419472708f270
Copying blob sha256:abb828c6dd68e53a22f7a11904b72f9d5a7802fb5e7c380b3a22b18a02e9a463
Copying blob sha256:211523f3608ae0538e139764b42d3db023cbe3af165af43f3b35bd1008edbe2a
Copying config sha256:891a16a4d5dbbfb7e4204e6b986be2dacd9665316bcdabcec319512369b631f8
Writing manifest to image destination
[linux/arm64] [2/3] STEP 2/11: WORKDIR /opt/app-root
--> 92551abf3a85
[linux/arm64] [2/3] STEP 3/11: COPY Makefile Makefile
--> ce44709b81ef
[linux/arm64] [2/3] STEP 4/11: COPY go.mod go.mod
--> 7ee276f1bfc1
[linux/arm64] [2/3] STEP 5/11: COPY go.sum go.sum
--> 3d89e70f52c6
[linux/arm64] [2/3] STEP 6/11: RUN go mod download
--> f262a82cd052
[linux/arm64] [2/3] STEP 7/11: COPY cmd/ cmd/
--> f923ff682d26
[linux/arm64] [2/3] STEP 8/11: COPY pkg/ pkg/
--> db4ac4a2733b
[linux/arm64] [2/3] STEP 9/11: ENV GOEXPERIMENT=strictfipsruntime
--> c6a0aee08016
[linux/arm64] [2/3] STEP 10/11: ENV CGO_ENABLED=1
--> e0d2613c268a
[linux/arm64] [2/3] STEP 11/11: RUN make build-backend BUILD_OPTS="-tags strictfipsruntime"
go build -tags strictfipsruntime -o plugin-backend -mod=readonly cmd/plugin-backend.go
--> d7c5d9e6198c
[linux/amd64] [3/3] STEP 1/4: FROM registry.access.redhat.com/ubi8/ubi
Trying to pull registry.access.redhat.com/ubi8/ubi:latest...
Getting image source signatures
Checking if image destination supports signatures
Copying blob sha256:b659079ce01565873eb67c4d47f0a94a60731d09351f7acfef987e5a525230aa
Copying config sha256:f99fb4f31e6c9bf4cb236b5e086e2c29a81d0f83154bfd243334d0d29f6b8567
Writing manifest to image destination
Storing signatures
[linux/amd64] [3/3] STEP 2/4: COPY --from=web-builder /opt/app-root/web/dist /opt/app-root/web/dist
--> 1671719bbc31
[linux/amd64] [3/3] STEP 3/4: COPY --from=go-builder /opt/app-root/plugin-backend /opt/app-root
--> 11dc372f247a
[linux/amd64] [3/3] STEP 4/4: ENTRYPOINT ["/opt/app-root/plugin-backend", "-static-path", "/opt/app-root/web/dist"]
[linux/amd64] [3/3] COMMIT
--> f26e05128546
[linux/arm64] [3/3] STEP 1/4: FROM registry.access.redhat.com/ubi8/ubi
f26e0512854626afe90c35a508ab7e93e9fbcf3147f9e0c3266f80cc29887829
Trying to pull registry.access.redhat.com/ubi8/ubi:latest...
Getting image source signatures
Checking if image destination supports signatures
Copying blob sha256:be14e4bd5c48c79aa0c1bc73f7ad1515b7d2452caa02d5e74ad2e4fb3b70fa27
Copying config sha256:246c9f5c31bef2af103d26b16c4f628dfa0b4a8329a0715c2e58dd3b6c2c8d5c
Writing manifest to image destination
Storing signatures
[linux/arm64] [3/3] STEP 2/4: COPY --from=web-builder /opt/app-root/web/dist /opt/app-root/web/dist
--> d31a03af744a
[linux/arm64] [3/3] STEP 3/4: COPY --from=go-builder /opt/app-root/plugin-backend /opt/app-root
--> 2a198677a2f3
[linux/arm64] [3/3] STEP 4/4: ENTRYPOINT ["/opt/app-root/plugin-backend", "-static-path", "/opt/app-root/web/dist"]
[linux/arm64] [3/3] COMMIT
--> 6837f7597cd9
6837f7597cd9a2d2fad39a4122da846df0f459a712b91cfaef4bce8cc21cca7d
podman manifest push quay.io/rh-ee-emurasak/console-dashboards-plugin:v0.4.3
Getting image list signatures
Copying 2 images generated from 2 images in list
Copying image sha256:d887e947bea880f7e67ed1c7fd1a8c141bec802bd921ddf1034e6e141cacd801 (1/2)
Getting image source signatures
Copying blob sha256:1dbdcbb70bdf0a287d3dea99abbc4e3a69042ddddc4a9c8442aa51e50a74a19a
Copying blob sha256:2c923c599f84fd4cd0db952cf822db8018fa0a8999d214bb79962aa9b6dedeef
Copying blob sha256:b0370aeb5ab367fa9224127f6e438e6e3dd10a01981fa193f6000e914a3659c6
Copying config sha256:f26e0512854626afe90c35a508ab7e93e9fbcf3147f9e0c3266f80cc29887829
Writing manifest to image destination
Copying image sha256:0f585fb34e31240de3cec85839fd0cbc75e99721a21bd76a63afdbfe34363ebe (2/2)
Getting image source signatures
Copying blob sha256:b274f9609f6f63f91c764cb47b674b165c595f497120f7d34d7ed0e54c3c025f
Copying blob sha256:5ee16405cda585a5c4e45d562f6b4a71cdf4719ecb007d7784568830a15c64d5
Copying blob sha256:07f040a1baf45197760f201344cbdf9288715c333a7fe003e5136e989ff9a11f
Copying config sha256:6837f7597cd9a2d2fad39a4122da846df0f459a712b91cfaef4bce8cc21cca7d
Writing manifest to image destination
Writing manifest list to image destination
Storing list signatures
==========================================
Building distributed-tracing-console-plugin @ release-coo-ocp-4.12 with VERSION=v0.3.3 ORG=rh-ee-emurasak
==========================================
Switched to branch 'release-coo-ocp-4.12'
Your branch is up to date with 'origin/release-coo-ocp-4.12'.
From https://github.com/openshift/distributed-tracing-console-plugin
 * branch            release-coo-ocp-4.12 -> FETCH_HEAD
Already up to date.
--- Attempt 1/3 ---
podman manifest rm quay.io/rh-ee-emurasak/distributed-tracing-console-plugin:v0.3.3 || true
Error: quay.io/rh-ee-emurasak/distributed-tracing-console-plugin:v0.3.3: image not known
podman manifest create quay.io/rh-ee-emurasak/distributed-tracing-console-plugin:v0.3.3
0233fbe41fdd106fc97e7b0eb198ec82ec1ee44340a2adf5923486b5de6ecada
podman build --platform=linux/arm64,linux/amd64 --manifest quay.io/rh-ee-emurasak/distributed-tracing-console-plugin:v0.3.3 -f Dockerfile
[linux/arm64] [1/3] STEP 1/8: FROM registry.redhat.io/ubi8/nodejs-22:latest AS web-builder
Trying to pull registry.redhat.io/ubi8/nodejs-22:latest...
Getting image source signatures
Checking if image destination supports signatures
Copying blob sha256:061fa217b0881a08226357c52c1b20d8015686de5874fa61469c90f7b0f752a7
Copying blob sha256:be14e4bd5c48c79aa0c1bc73f7ad1515b7d2452caa02d5e74ad2e4fb3b70fa27
Copying blob sha256:e1de3abe41200e76a94241f1669175174b71b6f683a92b1d52ffc1ba0a8b8d0a
Copying config sha256:711ec0db03eb79f4fd84e49300b5ffcef0111fa55d5edc7b5743d0980aebb86f
Writing manifest to image destination
Storing signatures
[linux/arm64] [1/3] STEP 2/8: WORKDIR /opt/app-root
--> 97bf1deff719
[linux/arm64] [1/3] STEP 3/8: USER 0
--> c8d4ad6c969a
[linux/arm64] [1/3] STEP 4/8: COPY web/package*.json web/
--> 6154f49cf506
[linux/arm64] [1/3] STEP 5/8: COPY Makefile Makefile
--> 937a2609f8fd
[linux/arm64] [1/3] STEP 6/8: RUN make install-frontend-ci-clean
cd web && npm ci --ignore-scripts --omit=optional
npm warn deprecated trim@0.0.1: Use String.prototype.trim() instead
npm warn deprecated rimraf@3.0.2: Rimraf versions prior to v4 are no longer supported
npm warn deprecated mini-create-react-context@0.4.1: Package no longer supported. Contact Support at https://www.npmjs.com/support for more info.
npm warn deprecated popper.js@1.16.1: You can find the new Popper v2 at @popperjs/core, this package is dedicated to the legacy v1
npm warn deprecated inflight@1.0.6: This module is not supported, and leaks memory. Do not use it. Check out lru-cache if you want a good and tested way to coalesce async requests by a key value, which is much more comprehensive and powerful.
npm warn deprecated glob@7.2.3: Glob versions prior to v9 are no longer supported
npm warn deprecated i18next-parser@8.13.0: Project is deprecated, use i18next-cli instead
npm warn deprecated circular-json@0.3.3: CircularJSON is in maintenance only, flatted is its successor.
npm warn deprecated eslint@8.57.1: This version is no longer supported. Please see https://eslint.org/version-support for other options.
npm warn deprecated @humanwhocodes/object-schema@2.0.3: Use @eslint/object-schema instead
npm warn deprecated @humanwhocodes/config-array@0.13.0: Use @eslint/config-array instead
npm warn deprecated uuid@3.4.0: Please upgrade  to version 7 or higher.  Older versions may use Math.random() in certain circumstances, which is known to be problematic.  See https://v8.dev/blog/math-random for details.
npm warn deprecated rimraf@2.7.1: Rimraf versions prior to v4 are no longer supported
npm warn deprecated rimraf@2.6.3: Rimraf versions prior to v4 are no longer supported
npm warn deprecated browserslist@2.11.3: Browserslist 2 could fail on reading Browserslist >3.0 config used in other tools.
npm warn deprecated core-js@2.6.12: core-js@<3.23.3 is no longer maintained and not recommended for usage due to the number of issues. Because of the V8 engine whims, feature detection in old core-js versions could cause a slowdown up to 100x even if nothing is polyfilled. Some versions have web compatibility issues. Please, upgrade your dependencies to the actual version of core-js.
npm error code ECONNRESET
npm error network aborted
npm error network This is a problem related to network connectivity.
npm error network In most cases you are behind a proxy or have bad network settings.
npm error network
npm error network If you are behind a proxy, please make sure that the
npm error network 'proxy' config is set properly.  See: 'npm help config'
npm error A complete log of this run can be found in: /opt/app-root/src/.npm/_logs/2026-06-05T11_50_38_786Z-debug-0.log
make: *** [Makefile:12: install-frontend-ci] Error 1
[linux/amd64] [1/3] STEP 1/8: FROM registry.redhat.io/ubi8/nodejs-22:latest AS web-builder
Trying to pull registry.redhat.io/ubi8/nodejs-22:latest...
Getting image source signatures
Checking if image destination supports signatures
Copying blob sha256:1f445a7c58d045b44fa5a56dbb4d0e9fa03e8680db6cf9319d9d561c0191632f
Copying blob sha256:b659079ce01565873eb67c4d47f0a94a60731d09351f7acfef987e5a525230aa
Copying blob sha256:21534294e787fc96343978989fe438bd9c6b835220e7ab6102d5b3909e617005
Copying config sha256:71f7f3bc92fbe08f866a9219a974de6f048963cbb186a265c0d919db324aaf33
Writing manifest to image destination
Storing signatures
[linux/amd64] [1/3] STEP 2/8: WORKDIR /opt/app-root
--> 0571d452c708
[linux/amd64] [1/3] STEP 3/8: USER 0
--> 58b884d1f679
[linux/amd64] [1/3] STEP 4/8: COPY web/package*.json web/
--> b7623897503d
[linux/amd64] [1/3] STEP 5/8: COPY Makefile Makefile
--> 8e23f74b2144
[linux/amd64] [1/3] STEP 6/8: RUN make install-frontend-ci-clean
cd web && npm ci --ignore-scripts --omit=optional
npm warn deprecated trim@0.0.1: Use String.prototype.trim() instead
npm warn deprecated rimraf@3.0.2: Rimraf versions prior to v4 are no longer supported
npm warn deprecated mini-create-react-context@0.4.1: Package no longer supported. Contact Support at https://www.npmjs.com/support for more info.
npm warn deprecated inflight@1.0.6: This module is not supported, and leaks memory. Do not use it. Check out lru-cache if you want a good and tested way to coalesce async requests by a key value, which is much more comprehensive and powerful.
npm warn deprecated glob@7.2.3: Glob versions prior to v9 are no longer supported
npm warn deprecated i18next-parser@8.13.0: Project is deprecated, use i18next-cli instead
npm warn deprecated circular-json@0.3.3: CircularJSON is in maintenance only, flatted is its successor.
npm warn deprecated popper.js@1.16.1: You can find the new Popper v2 at @popperjs/core, this package is dedicated to the legacy v1
npm warn deprecated @humanwhocodes/config-array@0.13.0: Use @eslint/config-array instead
npm warn deprecated @humanwhocodes/object-schema@2.0.3: Use @eslint/object-schema instead
npm warn deprecated uuid@3.4.0: Please upgrade  to version 7 or higher.  Older versions may use Math.random() in certain circumstances, which is known to be problematic.  See https://v8.dev/blog/math-random for details.
npm warn deprecated rimraf@2.7.1: Rimraf versions prior to v4 are no longer supported
npm warn deprecated rimraf@2.6.3: Rimraf versions prior to v4 are no longer supported
npm warn deprecated browserslist@2.11.3: Browserslist 2 could fail on reading Browserslist >3.0 config used in other tools.
npm warn deprecated eslint@8.57.1: This version is no longer supported. Please see https://eslint.org/version-support for other options.
npm warn deprecated core-js@2.6.12: core-js@<3.23.3 is no longer maintained and not recommended for usage due to the number of issues. Because of the V8 engine whims, feature detection in old core-js versions could cause a slowdown up to 100x even if nothing is polyfilled. Some versions have web compatibility issues. Please, upgrade your dependencies to the actual version of core-js.

added 2089 packages, and audited 2090 packages in 1m

318 packages are looking for funding
  run `npm fund` for details

62 vulnerabilities (1 low, 41 moderate, 20 high)

To address issues that do not require attention, run:
  npm audit fix

To address all issues possible (including breaking changes), run:
  npm audit fix --force

Some issues need review, and may require choosing
a different dependency.

Run `npm audit` for details.
cd web && npm cache clean --force
npm warn using --force Recommended protections disabled.
--> 0d8f75f90ce4
[linux/amd64] [1/3] STEP 7/8: COPY web/ web/
--> cf370c7cf4c5
[linux/amd64] [1/3] STEP 8/8: RUN make build-frontend
cd web && npm run build

> distributed-tracing-console-plugin@0.3.0 build
> npm run clean && NODE_ENV=production npm run webpack


> distributed-tracing-console-plugin@0.3.0 clean
> rm -rf dist


> distributed-tracing-console-plugin@0.3.0 webpack
> node -r ts-node/register ./node_modules/.bin/webpack

assets by path assets/ 1.27 MiB
  assets by path assets/*.woff 740 KiB 42 assets
  assets by path assets/*.woff2 565 KiB
    asset assets/inter-latin-ext-600-normal..woff2 35.4 KiB [emitted] [from: ../node_modules/@fontsource/inter/files/inter-latin-ext-600-normal.woff2] (auxiliary id hint: vendors)
    asset assets/inter-latin-ext-700-normal..woff2 35.4 KiB [emitted] [from: ../node_modules/@fontsource/inter/files/inter-latin-ext-700-normal.woff2] (auxiliary id hint: vendors)
    + 40 assets
assets by path *.js 2.91 MiB
  assets by chunk 2.85 MiB (id hint: vendors)
    asset 231-chunk-f6f04aea9cd53f0eebdb.min.js 2.71 MiB [emitted] [immutable] [minimized] [big] (id hint: vendors) 1 related asset
    + 2 assets
  + 4 assets
asset locales/en/plugin__distributed-tracing-console-plugin.json 4.06 KiB [emitted] [from: ../locales/en/plugin__distributed-tracing-console-plugin.json] [copied]
asset plugin-manifest.json 951 bytes [emitted]
orphan modules 23.6 MiB (javascript) 168 bytes (consume-shared) [orphan] 14918 modules
runtime modules 18.8 KiB 14 modules
built modules 9.82 MiB (javascript) 1.27 MiB (asset) 1010 bytes (consume-shared) 42 bytes (share-init) [built]
  javascript modules 9.82 MiB
    modules by path ../node_modules/ 9.72 MiB 654 modules
    modules by path ./ 104 KiB 15 modules
    container entry 42 bytes [built] [code generated]
  asset modules 1.27 MiB (asset) 3.45 KiB (javascript)
    modules by path ../node_modules/@fontsource/inter/files/*.woff2 565 KiB (asset) 1.72 KiB (javascript) 42 modules
    modules by path ../node_modules/@fontsource/inter/files/*.woff 740 KiB (asset) 1.72 KiB (javascript) 42 modules
  consume-shared-module modules 1010 bytes
    modules by path *.0 (singleton) 378 bytes 9 modules
    modules by path *.1 (singleton) 84 bytes 2 modules
    + 13 modules
  provide shared module (default) react-helmet@6.1.0 = ../node_modules/react-helme...(truncated) 42 bytes [built] [code generated]

WARNING in asset size limit: The following asset(s) exceed the recommended size limit (244 KiB).
This can impact web performance.
Assets: 
  231-chunk-f6f04aea9cd53f0eebdb.min.js (2.71 MiB)

webpack 5.105.3 compiled with 1 warning in 80376 ms
--> fe388be6bb24
[linux/amd64] [2/3] STEP 1/11: FROM brew.registry.redhat.io/rh-osbs/openshift-golang-builder:rhel_9_1.25 AS go-builder
Trying to pull brew.registry.redhat.io/rh-osbs/openshift-golang-builder:rhel_9_1.25...
Getting image source signatures
Copying blob sha256:07b4b7296fb976a7b266e7a81c8e2cef5b0047bd20db6025d084fb8b608e05ed
Copying blob sha256:cb8cee91bb10a151d5f47bfaeade03a136feecdd326326b1bb7ffb26c45f6de8
Copying config sha256:e218eae4db33b56e53cba7f172626764546c2a49403ee52a4a6779724a202367
Writing manifest to image destination
[linux/amd64] [2/3] STEP 2/11: WORKDIR /opt/app-root
--> cc16369b9933
[linux/amd64] [2/3] STEP 3/11: COPY Makefile Makefile
--> 596ff433b18e
[linux/amd64] [2/3] STEP 4/11: COPY go.mod go.mod
--> 7ad538443b9b
[linux/amd64] [2/3] STEP 5/11: COPY go.sum go.sum
--> bb1e92ea2c66
[linux/amd64] [2/3] STEP 6/11: RUN go mod download
Go compliance shim [1] [rhel-9-golang-1.25][openshift-golang-builder]: assessment: CGO_ENABLED=1
Go compliance shim [1] [rhel-9-golang-1.25][openshift-golang-builder]: assessment: dynamic linking
Go compliance shim [1] [rhel-9-golang-1.25][openshift-golang-builder]: skipping forced compliance due to broad exemption
Go compliance shim [1] [rhel-9-golang-1.25][openshift-golang-builder]: EXEMPT: 1


Go compliance shim [1] [rhel-9-golang-1.25][openshift-golang-builder]: final command line arguments: "mod" "download" 

Go compliance shim [1] [rhel-9-golang-1.25][openshift-golang-builder]: invoking real go binary
Go compliance shim [1] [rhel-9-golang-1.25][openshift-golang-builder]: Exited with: 0
--> eaad72c0817c
[linux/amd64] [2/3] STEP 7/11: COPY cmd/ cmd/
--> ffc56ab0e330
[linux/amd64] [2/3] STEP 8/11: COPY pkg/ pkg/
--> 752c25f24281
[linux/amd64] [2/3] STEP 9/11: ENV GOEXPERIMENT=strictfipsruntime
--> 23cacf90b8f0
[linux/amd64] [2/3] STEP 10/11: ENV CGO_ENABLED=1
--> 115b097660b2
[linux/amd64] [2/3] STEP 11/11: RUN make build-backend BUILD_OPTS="-tags strictfipsruntime"
go build -tags strictfipsruntime -o plugin-backend -mod=readonly cmd/plugin-backend.go
Go compliance shim [2] [rhel-9-golang-1.25][openshift-golang-builder]: assessment: CGO_ENABLED=1
Go compliance shim [2] [rhel-9-golang-1.25][openshift-golang-builder]: assessment: dynamic linking
Go compliance shim [2] [rhel-9-golang-1.25][openshift-golang-builder]: skipping forced compliance due to broad exemption
Go compliance shim [2] [rhel-9-golang-1.25][openshift-golang-builder]: EXEMPT: 1


Go compliance shim [2] [rhel-9-golang-1.25][openshift-golang-builder]: final command line arguments: "build" "-tags" "strictfipsruntime" "-o" "plugin-backend" "-mod=readonly" "cmd/plugin-backend.go" 

Go compliance shim [2] [rhel-9-golang-1.25][openshift-golang-builder]: invoking real go binary
Go compliance shim [2] [rhel-9-golang-1.25][openshift-golang-builder]: Exited with: 0
--> e9a26cf53273
[linux/amd64] [3/3] STEP 1/4: FROM registry.access.redhat.com/ubi9/ubi-minimal
Trying to pull registry.access.redhat.com/ubi9/ubi-minimal:latest...
Getting image source signatures
Checking if image destination supports signatures
Copying blob sha256:dd148063a98f38d63a03cea2357d237d418889b91f204f507c033c944e443f45
Copying config sha256:6efa28c44703806c7c6ccb45ef6f4edc45ae794e0c0b28a1902cc64fece71ffc
Writing manifest to image destination
Storing signatures
[linux/amd64] [3/3] STEP 2/4: COPY --from=web-builder /opt/app-root/web/dist /opt/app-root/web/dist
--> 4c6d5043f97c
[linux/amd64] [3/3] STEP 3/4: COPY --from=go-builder /opt/app-root/plugin-backend /opt/app-root
--> ddbd93025fe3
[linux/amd64] [3/3] STEP 4/4: ENTRYPOINT ["/opt/app-root/plugin-backend", "-static-path", "/opt/app-root/web/dist", "-config-path", "/opt/app-root/web/dist"]
[linux/amd64] [3/3] COMMIT
--> ee1df9985a6c
ee1df9985a6cbf79ce76d2bdcb3c6e74aeb8d13370854a44543ef716bbbe9272
Error: [linux/arm64]: building at STEP "RUN make install-frontend-ci-clean": while running runtime: exit status 2

make: *** [podman-cross-build] Error 2
WARNING: Attempt 1 failed for distributed-tracing-console-plugin @ release-coo-ocp-4.12 (exit code 2)
--- Attempt 2/3 ---
podman manifest rm quay.io/rh-ee-emurasak/distributed-tracing-console-plugin:v0.3.3 || true
Untagged: quay.io/rh-ee-emurasak/distributed-tracing-console-plugin:v0.3.3
Deleted: 0233fbe41fdd106fc97e7b0eb198ec82ec1ee44340a2adf5923486b5de6ecada
podman manifest create quay.io/rh-ee-emurasak/distributed-tracing-console-plugin:v0.3.3
8a25e6b740f6fb010ccb583fa7d0a28346eab18af7c8eb7b94af808d7417c445
podman build --platform=linux/arm64,linux/amd64 --manifest quay.io/rh-ee-emurasak/distributed-tracing-console-plugin:v0.3.3 -f Dockerfile
[linux/arm64] [1/3] STEP 1/8: FROM registry.redhat.io/ubi8/nodejs-22:latest AS web-builder
Trying to pull registry.redhat.io/ubi8/nodejs-22:latest...
Getting image source signatures
Checking if image destination supports signatures
Copying blob sha256:061fa217b0881a08226357c52c1b20d8015686de5874fa61469c90f7b0f752a7
Copying blob sha256:e1de3abe41200e76a94241f1669175174b71b6f683a92b1d52ffc1ba0a8b8d0a
Copying blob sha256:be14e4bd5c48c79aa0c1bc73f7ad1515b7d2452caa02d5e74ad2e4fb3b70fa27
Copying config sha256:711ec0db03eb79f4fd84e49300b5ffcef0111fa55d5edc7b5743d0980aebb86f
Writing manifest to image destination
Storing signatures
[linux/arm64] [1/3] STEP 2/8: WORKDIR /opt/app-root
--> Using cache 97bf1deff719129f5b8993fe4c63cf9b4d87ea94da146894ecb0f1cd3d6282ba
--> 97bf1deff719
[linux/arm64] [1/3] STEP 3/8: USER 0
--> Using cache c8d4ad6c969a3d55347c3e1afdae3ce27cd94d1254a5fe6c33261bff41bfd57d
--> c8d4ad6c969a
[linux/arm64] [1/3] STEP 4/8: COPY web/package*.json web/
--> Using cache 6154f49cf506621c7ca40b799111f22645cc1793dd9f05ad04b5c064bfa3d995
--> 6154f49cf506
[linux/arm64] [1/3] STEP 5/8: COPY Makefile Makefile
--> Using cache 937a2609f8fdc410c3c8e37269a0a183bfd86a5c807e0e76a530376a0866c9f0
--> 937a2609f8fd
[linux/arm64] [1/3] STEP 6/8: RUN make install-frontend-ci-clean
cd web && npm ci --ignore-scripts --omit=optional
npm warn deprecated trim@0.0.1: Use String.prototype.trim() instead
npm warn deprecated rimraf@3.0.2: Rimraf versions prior to v4 are no longer supported
npm warn deprecated popper.js@1.16.1: You can find the new Popper v2 at @popperjs/core, this package is dedicated to the legacy v1
npm warn deprecated mini-create-react-context@0.4.1: Package no longer supported. Contact Support at https://www.npmjs.com/support for more info.
npm warn deprecated inflight@1.0.6: This module is not supported, and leaks memory. Do not use it. Check out lru-cache if you want a good and tested way to coalesce async requests by a key value, which is much more comprehensive and powerful.
npm warn deprecated i18next-parser@8.13.0: Project is deprecated, use i18next-cli instead
npm warn deprecated glob@7.2.3: Glob versions prior to v9 are no longer supported
npm warn deprecated circular-json@0.3.3: CircularJSON is in maintenance only, flatted is its successor.
npm warn deprecated eslint@8.57.1: This version is no longer supported. Please see https://eslint.org/version-support for other options.
npm warn deprecated core-js@2.6.12: core-js@<3.23.3 is no longer maintained and not recommended for usage due to the number of issues. Because of the V8 engine whims, feature detection in old core-js versions could cause a slowdown up to 100x even if nothing is polyfilled. Some versions have web compatibility issues. Please, upgrade your dependencies to the actual version of core-js.
npm warn deprecated @humanwhocodes/object-schema@2.0.3: Use @eslint/object-schema instead
npm warn deprecated @humanwhocodes/config-array@0.13.0: Use @eslint/config-array instead
npm warn deprecated uuid@3.4.0: Please upgrade  to version 7 or higher.  Older versions may use Math.random() in certain circumstances, which is known to be problematic.  See https://v8.dev/blog/math-random for details.
npm warn deprecated rimraf@2.7.1: Rimraf versions prior to v4 are no longer supported
npm warn deprecated rimraf@2.6.3: Rimraf versions prior to v4 are no longer supported
npm warn deprecated browserslist@2.11.3: Browserslist 2 could fail on reading Browserslist >3.0 config used in other tools.

added 2089 packages, and audited 2090 packages in 47s

318 packages are looking for funding
  run `npm fund` for details

62 vulnerabilities (1 low, 41 moderate, 20 high)

To address issues that do not require attention, run:
  npm audit fix

To address all issues possible (including breaking changes), run:
  npm audit fix --force

Some issues need review, and may require choosing
a different dependency.

Run `npm audit` for details.
cd web && npm cache clean --force
npm warn using --force Recommended protections disabled.
--> 36b255e02553
[linux/arm64] [1/3] STEP 7/8: COPY web/ web/
--> 1826ac5b96e8
[linux/arm64] [1/3] STEP 8/8: RUN make build-frontend
cd web && npm run build

> distributed-tracing-console-plugin@0.3.0 build
> npm run clean && NODE_ENV=production npm run webpack


> distributed-tracing-console-plugin@0.3.0 clean
> rm -rf dist


> distributed-tracing-console-plugin@0.3.0 webpack
> node -r ts-node/register ./node_modules/.bin/webpack

assets by path assets/ 1.27 MiB
  assets by path assets/*.woff 740 KiB 42 assets
  assets by path assets/*.woff2 565 KiB
    asset assets/inter-latin-ext-600-normal..woff2 35.4 KiB [emitted] [from: ../node_modules/@fontsource/inter/files/inter-latin-ext-600-normal.woff2] (auxiliary id hint: vendors)
    asset assets/inter-latin-ext-700-normal..woff2 35.4 KiB [emitted] [from: ../node_modules/@fontsource/inter/files/inter-latin-ext-700-normal.woff2] (auxiliary id hint: vendors)
    + 40 assets
assets by path *.js 2.91 MiB
  assets by chunk 2.85 MiB (id hint: vendors)
    asset 231-chunk-f6f04aea9cd53f0eebdb.min.js 2.71 MiB [emitted] [immutable] [minimized] [big] (id hint: vendors) 1 related asset
    + 2 assets
  + 4 assets
asset locales/en/plugin__distributed-tracing-console-plugin.json 4.06 KiB [emitted] [from: ../locales/en/plugin__distributed-tracing-console-plugin.json] [copied]
asset plugin-manifest.json 951 bytes [emitted]
orphan modules 23.6 MiB (javascript) 168 bytes (consume-shared) [orphan] 14918 modules
runtime modules 18.8 KiB 14 modules
built modules 9.82 MiB (javascript) 1.27 MiB (asset) 1010 bytes (consume-shared) 42 bytes (share-init) [built]
  javascript modules 9.82 MiB
    modules by path ../node_modules/ 9.72 MiB 654 modules
    modules by path ./ 104 KiB 15 modules
    container entry 42 bytes [built] [code generated]
  asset modules 1.27 MiB (asset) 3.45 KiB (javascript)
    modules by path ../node_modules/@fontsource/inter/files/*.woff2 565 KiB (asset) 1.72 KiB (javascript) 42 modules
    modules by path ../node_modules/@fontsource/inter/files/*.woff 740 KiB (asset) 1.72 KiB (javascript) 42 modules
  consume-shared-module modules 1010 bytes
    modules by path *.0 (singleton) 378 bytes 9 modules
    modules by path *.1 (singleton) 84 bytes 2 modules
    + 13 modules
  provide shared module (default) react-helmet@6.1.0 = ../node_modules/react-helme...(truncated) 42 bytes [built] [code generated]

WARNING in asset size limit: The following asset(s) exceed the recommended size limit (244 KiB).
This can impact web performance.
Assets: 
  231-chunk-f6f04aea9cd53f0eebdb.min.js (2.71 MiB)

webpack 5.105.3 compiled with 1 warning in 55540 ms
--> 1518ac4b860f
[linux/arm64] [2/3] STEP 1/11: FROM brew.registry.redhat.io/rh-osbs/openshift-golang-builder:rhel_9_1.25 AS go-builder
Trying to pull brew.registry.redhat.io/rh-osbs/openshift-golang-builder:rhel_9_1.25...
Getting image source signatures
Copying blob sha256:b98d37c87f15536538dc20373f6feca81ccf73779a63f168b7855ce2c2360cff
Copying blob sha256:9e9bee4738d78cc5b8c68706e99751b669394b1e52ebb360fabf583fee381119
Copying config sha256:6cc0ec0f03bcbce80b198dae197eb1ca379eb2fa2e7f2e456cf01f6464e2b1ec
Writing manifest to image destination
[linux/arm64] [2/3] STEP 2/11: WORKDIR /opt/app-root
--> 7658018d80f0
[linux/arm64] [2/3] STEP 3/11: COPY Makefile Makefile
--> 6a000c4bb7f7
[linux/arm64] [2/3] STEP 4/11: COPY go.mod go.mod
--> fd4187b3af4a
[linux/arm64] [2/3] STEP 5/11: COPY go.sum go.sum
--> e131ccc9ca20
[linux/arm64] [2/3] STEP 6/11: RUN go mod download
Go compliance shim [1] [rhel-9-golang-1.25][openshift-golang-builder]: assessment: CGO_ENABLED=1
Go compliance shim [1] [rhel-9-golang-1.25][openshift-golang-builder]: assessment: dynamic linking
Go compliance shim [1] [rhel-9-golang-1.25][openshift-golang-builder]: skipping forced compliance due to broad exemption
Go compliance shim [1] [rhel-9-golang-1.25][openshift-golang-builder]: EXEMPT: 1


Go compliance shim [1] [rhel-9-golang-1.25][openshift-golang-builder]: final command line arguments: "mod" "download" 

Go compliance shim [1] [rhel-9-golang-1.25][openshift-golang-builder]: invoking real go binary
Go compliance shim [1] [rhel-9-golang-1.25][openshift-golang-builder]: Exited with: 0
--> 6e31968cfbdb
[linux/arm64] [2/3] STEP 7/11: COPY cmd/ cmd/
--> 51a6e5d4636b
[linux/arm64] [2/3] STEP 8/11: COPY pkg/ pkg/
--> f7582632d553
[linux/arm64] [2/3] STEP 9/11: ENV GOEXPERIMENT=strictfipsruntime
--> cfc15ab74687
[linux/arm64] [2/3] STEP 10/11: ENV CGO_ENABLED=1
--> f08aaae7a57c
[linux/arm64] [2/3] STEP 11/11: RUN make build-backend BUILD_OPTS="-tags strictfipsruntime"
go build -tags strictfipsruntime -o plugin-backend -mod=readonly cmd/plugin-backend.go
Go compliance shim [2] [rhel-9-golang-1.25][openshift-golang-builder]: assessment: CGO_ENABLED=1
Go compliance shim [2] [rhel-9-golang-1.25][openshift-golang-builder]: assessment: dynamic linking
Go compliance shim [2] [rhel-9-golang-1.25][openshift-golang-builder]: skipping forced compliance due to broad exemption
Go compliance shim [2] [rhel-9-golang-1.25][openshift-golang-builder]: EXEMPT: 1


Go compliance shim [2] [rhel-9-golang-1.25][openshift-golang-builder]: final command line arguments: "build" "-tags" "strictfipsruntime" "-o" "plugin-backend" "-mod=readonly" "cmd/plugin-backend.go" 

Go compliance shim [2] [rhel-9-golang-1.25][openshift-golang-builder]: invoking real go binary
Go compliance shim [2] [rhel-9-golang-1.25][openshift-golang-builder]: Exited with: 0
--> abdf05f2ebb3
[linux/amd64] [1/3] STEP 1/8: FROM registry.redhat.io/ubi8/nodejs-22:latest AS web-builder
Trying to pull registry.redhat.io/ubi8/nodejs-22:latest...
Getting image source signatures
Checking if image destination supports signatures
Copying blob sha256:1f445a7c58d045b44fa5a56dbb4d0e9fa03e8680db6cf9319d9d561c0191632f
Copying blob sha256:b659079ce01565873eb67c4d47f0a94a60731d09351f7acfef987e5a525230aa
Copying blob sha256:21534294e787fc96343978989fe438bd9c6b835220e7ab6102d5b3909e617005
Copying config sha256:71f7f3bc92fbe08f866a9219a974de6f048963cbb186a265c0d919db324aaf33
Writing manifest to image destination
Storing signatures
[linux/amd64] [1/3] STEP 2/8: WORKDIR /opt/app-root
--> Using cache 0571d452c708d2e18e788917568657d60ae550b57347cb6bd1f848061306ff45
--> 0571d452c708
[linux/amd64] [1/3] STEP 3/8: USER 0
--> Using cache 58b884d1f679abe40ef94ac1ac3188c4651fbe2f3d91d6a731d3e8307996d9b6
--> 58b884d1f679
[linux/amd64] [1/3] STEP 4/8: COPY web/package*.json web/
--> Using cache b7623897503d9d4b5d864894f2d66b2315d49801a85a067591ecfc1903ab970b
--> b7623897503d
[linux/amd64] [1/3] STEP 5/8: COPY Makefile Makefile
--> Using cache 8e23f74b214455c95376ec5c60ae2f3599c04ef3b81f2eccf4fc67daf00e740b
--> 8e23f74b2144
[linux/amd64] [1/3] STEP 6/8: RUN make install-frontend-ci-clean
--> Using cache 0d8f75f90ce478b65da6745075c47a48b6c1b7d9ff4fb7917ce77097f6854cd3
--> 0d8f75f90ce4
[linux/amd64] [1/3] STEP 7/8: COPY web/ web/
--> Using cache cf370c7cf4c551204316b9559476177070ea9bed6811621e320c5923dc146706
--> cf370c7cf4c5
[linux/amd64] [1/3] STEP 8/8: RUN make build-frontend
--> Using cache fe388be6bb242a0a1493a1e354a62da66717568fb08926ace3c8f33a5aeabd26
--> fe388be6bb24
[linux/arm64] [3/3] STEP 1/4: FROM registry.access.redhat.com/ubi9/ubi-minimal
Trying to pull registry.access.redhat.com/ubi9/ubi-minimal:latest...
Getting image source signatures
Checking if image destination supports signatures
Copying blob sha256:7db43598c7e47cf895f880f92e3cee9c07787091c97802ea3f2bea8fa4848040
Copying config sha256:64826a3b202499f826f4af0dc0afdbd7fd6681218074b7ea7ed3969c6e12009e
Writing manifest to image destination
Storing signatures
[linux/arm64] [3/3] STEP 2/4: COPY --from=web-builder /opt/app-root/web/dist /opt/app-root/web/dist
--> 55fd5c42f2f4
[linux/arm64] [3/3] STEP 3/4: COPY --from=go-builder /opt/app-root/plugin-backend /opt/app-root
--> 5c57455c28e2
[linux/arm64] [3/3] STEP 4/4: ENTRYPOINT ["/opt/app-root/plugin-backend", "-static-path", "/opt/app-root/web/dist", "-config-path", "/opt/app-root/web/dist"]
[linux/arm64] [3/3] COMMIT
--> 62d232ac3847
[linux/amd64] [2/3] STEP 1/11: FROM brew.registry.redhat.io/rh-osbs/openshift-golang-builder:rhel_9_1.25 AS go-builder
62d232ac384786908cd218d4bbc58b85d47b52ef50e1ecbede0367f8ddbed8d2
Trying to pull brew.registry.redhat.io/rh-osbs/openshift-golang-builder:rhel_9_1.25...
Getting image source signatures
Copying blob sha256:07b4b7296fb976a7b266e7a81c8e2cef5b0047bd20db6025d084fb8b608e05ed
Copying blob sha256:cb8cee91bb10a151d5f47bfaeade03a136feecdd326326b1bb7ffb26c45f6de8
Copying config sha256:e218eae4db33b56e53cba7f172626764546c2a49403ee52a4a6779724a202367
Writing manifest to image destination
[linux/amd64] [2/3] STEP 2/11: WORKDIR /opt/app-root
--> Using cache cc16369b9933f563f2a54d6fbecb9f5bad90146b5cd6ba0bcd3ea8c6d1fcf554
--> cc16369b9933
[linux/amd64] [2/3] STEP 3/11: COPY Makefile Makefile
--> Using cache 596ff433b18e8ec5baf8dde2e74744c94786dcfc03f5e80455a8c7f8f17959b2
--> 596ff433b18e
[linux/amd64] [2/3] STEP 4/11: COPY go.mod go.mod
--> Using cache 7ad538443b9b157d633dff550d9dca5b6fb10dea92f6acc6f59d422c2eb387b1
--> 7ad538443b9b
[linux/amd64] [2/3] STEP 5/11: COPY go.sum go.sum
--> Using cache bb1e92ea2c66f046c3f95f333c2861330df2c81be2028037a7f7e2d6f2cf8ee3
--> bb1e92ea2c66
[linux/amd64] [2/3] STEP 6/11: RUN go mod download
--> Using cache eaad72c0817ca567b620ced01ee7f2769b0b6cb2de3cb9d19e325f51ff66aa38
--> eaad72c0817c
[linux/amd64] [2/3] STEP 7/11: COPY cmd/ cmd/
--> Using cache ffc56ab0e3303722723500428b3948b822314ea3ae3b998f468d91170d3a93ef
--> ffc56ab0e330
[linux/amd64] [2/3] STEP 8/11: COPY pkg/ pkg/
--> Using cache 752c25f24281a05613e790c55fbb8d2914fd7e9f79997ae16f417603d6276dbf
--> 752c25f24281
[linux/amd64] [2/3] STEP 9/11: ENV GOEXPERIMENT=strictfipsruntime
--> Using cache 23cacf90b8f06842ab41b6464242f5100a827db599a3142f92812256fc7cc278
--> 23cacf90b8f0
[linux/amd64] [2/3] STEP 10/11: ENV CGO_ENABLED=1
--> Using cache 115b097660b2221861e91e852c509b148fb8b222ec0da35af9c6fa2af8b3777c
--> 115b097660b2
[linux/amd64] [2/3] STEP 11/11: RUN make build-backend BUILD_OPTS="-tags strictfipsruntime"
--> Using cache e9a26cf532730b7a4343f99431d200602f90a2779aea47d995eb76635cbcab94
--> e9a26cf53273
[linux/amd64] [3/3] STEP 1/4: FROM registry.access.redhat.com/ubi9/ubi-minimal
Trying to pull registry.access.redhat.com/ubi9/ubi-minimal:latest...
Getting image source signatures
Checking if image destination supports signatures
Copying blob sha256:dd148063a98f38d63a03cea2357d237d418889b91f204f507c033c944e443f45
Copying config sha256:6efa28c44703806c7c6ccb45ef6f4edc45ae794e0c0b28a1902cc64fece71ffc
Writing manifest to image destination
Storing signatures
[linux/amd64] [3/3] STEP 2/4: COPY --from=web-builder /opt/app-root/web/dist /opt/app-root/web/dist
--> Using cache 4c6d5043f97c64e005d43dacb30ff5ec2ef7d68094358cdcd0870ba53ee688b8
--> 4c6d5043f97c
[linux/amd64] [3/3] STEP 3/4: COPY --from=go-builder /opt/app-root/plugin-backend /opt/app-root
--> Using cache ddbd93025fe3c0a60814d83c32636060fdb7cd6a454b8f69adf9a7f0534e3cb5
--> ddbd93025fe3
[linux/amd64] [3/3] STEP 4/4: ENTRYPOINT ["/opt/app-root/plugin-backend", "-static-path", "/opt/app-root/web/dist", "-config-path", "/opt/app-root/web/dist"]
--> Using cache ee1df9985a6cbf79ce76d2bdcb3c6e74aeb8d13370854a44543ef716bbbe9272
--> ee1df9985a6c
ee1df9985a6cbf79ce76d2bdcb3c6e74aeb8d13370854a44543ef716bbbe9272
podman manifest push quay.io/rh-ee-emurasak/distributed-tracing-console-plugin:v0.3.3
Getting image list signatures
Copying 2 images generated from 2 images in list
Copying image sha256:950e38878af613f7024aa95e5bab049eedc58986bd645584497981fcab15ad33 (1/2)
Getting image source signatures
Copying blob sha256:8880150919668e649ad5e3d747fa0eedddf66f3b5fa4d0ea7094320b27c130e0
Copying blob sha256:87ffd1222d3aba6da5d67bbd7ef9cecba3a3830806163e678ae01cc57cd03d5e
Copying blob sha256:47e689f25a886e22d0b2adbc7b99189d1607590f2cf9f1d162903481c656e45a
Copying config sha256:62d232ac384786908cd218d4bbc58b85d47b52ef50e1ecbede0367f8ddbed8d2
Writing manifest to image destination
Copying image sha256:b04401aec44fc646f2e27ca7eaeb43602f6ad81e0833adc17c264377cc1f61ad (2/2)
Getting image source signatures
Copying blob sha256:6594fdcaa7145c3e456237749edb9db36285f6cd4859fbf228085f851c75f032
Copying blob sha256:fc619adba729ec24fef75235acd9b59c5e52bdef3e16a3803a6e9e3022ba748b
Copying blob sha256:42b5950425ca18e09e33aafe05bd06a87652bfb9fa324a433d31dd5ce335657d
Copying config sha256:ee1df9985a6cbf79ce76d2bdcb3c6e74aeb8d13370854a44543ef716bbbe9272
Writing manifest to image destination
Writing manifest list to image destination
Storing list signatures
==========================================
Building logging-view-plugin @ release-coo-ocp-4.12 with VERSION=v6.0.5 ORG=rh-ee-emurasak
==========================================
Switched to branch 'release-coo-ocp-4.12'
Your branch is up to date with 'origin/release-coo-ocp-4.12'.
From https://github.com/openshift/logging-view-plugin
 * branch            release-coo-ocp-4.12 -> FETCH_HEAD
Already up to date.
--- Attempt 1/3 ---
podman manifest rm quay.io/rh-ee-emurasak/logging-view-plugin:v6.0.5 || true
Error: quay.io/rh-ee-emurasak/logging-view-plugin:v6.0.5: image not known
podman manifest create quay.io/rh-ee-emurasak/logging-view-plugin:v6.0.5
879cbd42fbeaad33cfba56d0c7d447a4c2a2c243b1030e0a6b28b01ebacd5244
podman build --platform=linux/arm64,linux/amd64 --manifest quay.io/rh-ee-emurasak/logging-view-plugin:v6.0.5 -f Dockerfile
[linux/arm64] [1/3] STEP 1/9: FROM registry.redhat.io/ubi9/nodejs-18:latest AS web-builder
Trying to pull registry.redhat.io/ubi9/nodejs-18:latest...
Getting image source signatures
Checking if image destination supports signatures
Copying blob sha256:d2d4277551d19aaf448f46617629ba5ce8decceacdd7a9e3f6d43a7763294f84
Copying blob sha256:c0c6f119f250bcd571815218a238bf91fcd968aa4bfe95c224309ec367df747e
Copying blob sha256:d92b30fd88841f53962ad35d9c474465d043b096524bdc2ef18640daf2e51e82
Copying config sha256:d561cbadf704f121dc19b5ca23115d808580ccff537c4def93fff467e1723872
Writing manifest to image destination
Storing signatures
[linux/arm64] [1/3] STEP 2/9: WORKDIR /opt/app-root
--> 119e81d009de
[linux/arm64] [1/3] STEP 3/9: USER 0
--> 85f2e2ce0cdf
[linux/arm64] [1/3] STEP 4/9: ENV HUSKY=0
--> eb2015da6433
[linux/arm64] [1/3] STEP 5/9: COPY web/package*.json web/
--> 7fa15b1b1eaa
[linux/arm64] [1/3] STEP 6/9: COPY Makefile Makefile
--> 1eb75fe4f39a
[linux/arm64] [1/3] STEP 7/9: RUN make install-frontend-ci-clean
cd web && npm ci --omit=optional --ignore-scripts

added 1436 packages, and audited 1437 packages in 49s

267 packages are looking for funding
  run `npm fund` for details

34 vulnerabilities (21 moderate, 12 high, 1 critical)

To address issues that do not require attention, run:
  npm audit fix

To address all issues (including breaking changes), run:
  npm audit fix --force

Run `npm audit` for details.
cd web && npm cache clean --force
npm warn using --force Recommended protections disabled.
--> d8299424c99b
[linux/arm64] [1/3] STEP 8/9: COPY web/ web/
--> b585505305c7
[linux/arm64] [1/3] STEP 9/9: RUN make build-frontend
cd web && npm run build

> logging-view-plugin@6.0.0 build
> npm run clean && NODE_ENV=production npm run ts-node node_modules/.bin/webpack


> logging-view-plugin@6.0.0 clean
> rm -rf dist


> logging-view-plugin@6.0.0 ts-node
> ts-node -O '{"module":"commonjs"}' node_modules/.bin/webpack

assets by info 2.55 MiB [immutable]
  assets by chunk 2.22 MiB (id hint: vendors)
    asset 198-chunk-da28374bb5b04895f8ca.min.js 1.45 MiB [emitted] [immutable] [big] (id hint: vendors) 1 related asset
    asset 924-chunk-b61cc50348712154c403.min.js 621 KiB [emitted] [immutable] [big] (id hint: vendors) 1 related asset
    asset 31-chunk-fa29db6230d9ee04494a.min.js 169 KiB [emitted] [immutable] (id hint: vendors) 1 related asset
  + 9 assets
asset plugin-entry.js 27.7 KiB [emitted] (name: logging-view-plugin) 1 related asset
asset locales/en/plugin__logging-view-plugin.json 6.89 KiB [emitted] [from: ../locales/en/plugin__logging-view-plugin.json] [copied]
asset plugin-manifest.json 2.63 KiB [emitted]
orphan modules 3.29 MiB [orphan] 2525 modules
runtime modules 17.5 KiB 14 modules
built modules 2.31 MiB (javascript) 504 bytes (consume-shared) [built]
  modules by path ../node_modules/ 2.08 MiB 375 modules
  modules by path ./ 236 KiB 44 modules
  consume-shared-module modules 504 bytes
    modules by path *.0 (singleton) 210 bytes 5 modules
    modules by path consume shared module (default) @patternfly/ 126 bytes
      consume shared module (default) @patternfly/react-core@=4.239.0 (singleton) 42 bytes [built] [code generated]
      + 2 modules
    + 4 modules
  container entry 42 bytes [built] [code generated]

WARNING in asset size limit: The following asset(s) exceed the recommended size limit (244 KiB).
This can impact web performance.
Assets: 
  198-chunk-da28374bb5b04895f8ca.min.js (1.45 MiB)
  924-chunk-b61cc50348712154c403.min.js (621 KiB)

webpack 5.105.3 compiled with 1 warning in 12972 ms
--> 3318bfe9d199
[linux/amd64] [1/3] STEP 1/9: FROM registry.redhat.io/ubi9/nodejs-18:latest AS web-builder
Trying to pull registry.redhat.io/ubi9/nodejs-18:latest...
Getting image source signatures
Checking if image destination supports signatures
Copying blob sha256:bd74b94f9d783929640d82362c5b1af55b0b7bea9405c379251f405c9c94f690
Copying blob sha256:97971704aef24e8b1129c4f1b2e2241c7800b8bb89a14e77a7efebccd4193661
Copying blob sha256:ce1770dcb97c2c062c80efe0edf0d512923b8ac34444b4f56733f446ea06ca95
Copying config sha256:dc791d1b00fc164bb81bc99a7ddadc9eef02d0042878fe62c5fd468df91b2140
Writing manifest to image destination
Storing signatures
[linux/amd64] [1/3] STEP 2/9: WORKDIR /opt/app-root
--> a7911267ba26
[linux/amd64] [1/3] STEP 3/9: USER 0
--> 6f379ed6ca33
[linux/amd64] [1/3] STEP 4/9: ENV HUSKY=0
--> 50d8350ef62c
[linux/amd64] [1/3] STEP 5/9: COPY web/package*.json web/
--> bd8596818669
[linux/amd64] [1/3] STEP 6/9: COPY Makefile Makefile
--> af76b9cd1cee
[linux/amd64] [1/3] STEP 7/9: RUN make install-frontend-ci-clean
cd web && npm ci --omit=optional --ignore-scripts

added 1436 packages, and audited 1437 packages in 1m

267 packages are looking for funding
  run `npm fund` for details

34 vulnerabilities (21 moderate, 12 high, 1 critical)

To address issues that do not require attention, run:
  npm audit fix

To address all issues (including breaking changes), run:
  npm audit fix --force

Run `npm audit` for details.
cd web && npm cache clean --force
npm warn using --force Recommended protections disabled.
--> b4aff0ce5f46
[linux/amd64] [1/3] STEP 8/9: COPY web/ web/
--> e0856bd92dee
[linux/amd64] [1/3] STEP 9/9: RUN make build-frontend
cd web && npm run build

> logging-view-plugin@6.0.0 build
> npm run clean && NODE_ENV=production npm run ts-node node_modules/.bin/webpack


> logging-view-plugin@6.0.0 clean
> rm -rf dist


> logging-view-plugin@6.0.0 ts-node
> ts-node -O '{"module":"commonjs"}' node_modules/.bin/webpack

assets by info 2.55 MiB [immutable]
  assets by chunk 2.22 MiB (id hint: vendors)
    asset 198-chunk-da28374bb5b04895f8ca.min.js 1.45 MiB [emitted] [immutable] [big] (id hint: vendors) 1 related asset
    asset 924-chunk-b61cc50348712154c403.min.js 621 KiB [emitted] [immutable] [big] (id hint: vendors) 1 related asset
    asset 31-chunk-fa29db6230d9ee04494a.min.js 169 KiB [emitted] [immutable] (id hint: vendors) 1 related asset
  + 9 assets
asset plugin-entry.js 27.7 KiB [emitted] (name: logging-view-plugin) 1 related asset
asset locales/en/plugin__logging-view-plugin.json 6.89 KiB [emitted] [from: ../locales/en/plugin__logging-view-plugin.json] [copied]
asset plugin-manifest.json 2.63 KiB [emitted]
orphan modules 3.29 MiB [orphan] 2525 modules
runtime modules 17.5 KiB 14 modules
built modules 2.31 MiB (javascript) 504 bytes (consume-shared) [built]
  modules by path ../node_modules/ 2.08 MiB 375 modules
  modules by path ./ 236 KiB 44 modules
  consume-shared-module modules 504 bytes
    modules by path *.0 (singleton) 210 bytes 5 modules
    modules by path consume shared module (default) @patternfly/ 126 bytes
      consume shared module (default) @patternfly/react-core@=4.239.0 (singleton) 42 bytes [built] [code generated]
      + 2 modules
    + 4 modules
  container entry 42 bytes [built] [code generated]

WARNING in asset size limit: The following asset(s) exceed the recommended size limit (244 KiB).
This can impact web performance.
Assets: 
  198-chunk-da28374bb5b04895f8ca.min.js (1.45 MiB)
  924-chunk-b61cc50348712154c403.min.js (621 KiB)

webpack 5.105.3 compiled with 1 warning in 25636 ms
--> 5ce1681ee935
[linux/arm64] [2/3] STEP 1/12: FROM registry.ci.openshift.org/ocp/builder:rhel-9-golang-1.22-openshift-4.17 AS go-builder
Trying to pull registry.ci.openshift.org/ocp/builder:rhel-9-golang-1.22-openshift-4.17...
Getting image source signatures
Copying blob sha256:8ce3e708c90a20445aa5ed634bef353f432bc6a558095e039e966648dfa6f8ed
Copying blob sha256:5e09f8650bc245176f116be7bf617e9ebbda9f1690adc8f25ef8cc558cd62fbf
Copying blob sha256:f04a31840d1b089a9cc978d4fe58b9fec0505cacd920346729d539c18ada52d3
Copying config sha256:137c3009ec7eeeb647eec589def99e732327dc29b7343c9f29c983be7db51142
Writing manifest to image destination
WARNING: image platform (linux/amd64) does not match the expected platform (linux/arm64)
[linux/arm64] [2/3] STEP 2/12: WORKDIR /opt/app-root
--> 1a736c10f394
[linux/arm64] [2/3] STEP 3/12: COPY Makefile Makefile
--> 6bfeb33216ff
[linux/arm64] [2/3] STEP 4/12: COPY go.mod go.mod
--> 6982615356b1
[linux/arm64] [2/3] STEP 5/12: COPY go.sum go.sum
--> 3d4c109d8a39
[linux/arm64] [2/3] STEP 6/12: RUN make install-backend
go mod download
--> a112085c6165
[linux/arm64] [2/3] STEP 7/12: COPY config/ config/
--> 3855ec6d8bd8
[linux/arm64] [2/3] STEP 8/12: COPY cmd/ cmd/
--> 690ab574985c
[linux/arm64] [2/3] STEP 9/12: COPY pkg/ pkg/
--> 13459673c007
[linux/arm64] [2/3] STEP 10/12: ENV GOEXPERIMENT=strictfipsruntime
--> ea84edb86f9c
[linux/arm64] [2/3] STEP 11/12: ENV CGO_ENABLED=1
--> 46ff50b18969
[linux/arm64] [2/3] STEP 12/12: RUN make build-backend BUILD_OPTS="-tags strictfipsruntime"
go build -tags strictfipsruntime -mod=readonly -o plugin-backend -mod=readonly cmd/plugin-backend.go
--> a45bc34a2039
[linux/amd64] [2/3] STEP 1/12: FROM registry.ci.openshift.org/ocp/builder:rhel-9-golang-1.22-openshift-4.17 AS go-builder
[linux/amd64] [2/3] STEP 2/12: WORKDIR /opt/app-root
--> Using cache 1a736c10f39497e84b0b956a2d79858421a909e0e2c46019273fd0d08ac1a9b2
--> 1a736c10f394
[linux/amd64] [2/3] STEP 3/12: COPY Makefile Makefile
--> Using cache 6bfeb33216ffc66c3907911ffe129a673b6db1e6678e1cbb201547cfa4590e26
--> 6bfeb33216ff
[linux/amd64] [2/3] STEP 4/12: COPY go.mod go.mod
--> Using cache 6982615356b19382520c45b52ea62a591ce72982b164366d35be2788d4ab26b6
--> 6982615356b1
[linux/amd64] [2/3] STEP 5/12: COPY go.sum go.sum
--> Using cache 3d4c109d8a398d9be008fe59c5d0acd13a86d397c5f78bc2d0a49a22e7479d9a
--> 3d4c109d8a39
[linux/amd64] [2/3] STEP 6/12: RUN make install-backend
--> Using cache a112085c61651bddbc51bf4bc7799895d12155b9f11d2c0423ec4cee0de598a1
--> a112085c6165
[linux/amd64] [2/3] STEP 7/12: COPY config/ config/
--> Using cache 3855ec6d8bd8281084bb82a428d96cb306e4b835753cdeb59f8ba358000abff6
--> 3855ec6d8bd8
[linux/amd64] [2/3] STEP 8/12: COPY cmd/ cmd/
--> Using cache 690ab574985cd3b2488ae0c1362e501ff2981b17e17e48921bedb8114da87807
--> 690ab574985c
[linux/amd64] [2/3] STEP 9/12: COPY pkg/ pkg/
--> Using cache 13459673c007225c20edff1fdc3e22e6197a179ce1f16df9c9f51e4007356036
--> 13459673c007
[linux/amd64] [2/3] STEP 10/12: ENV GOEXPERIMENT=strictfipsruntime
--> Using cache ea84edb86f9cf6aec77bbc6e4f1a0a2b15431eba4ff7a4e3f8ad4dbcd82a5846
--> ea84edb86f9c
[linux/amd64] [2/3] STEP 11/12: ENV CGO_ENABLED=1
--> Using cache 46ff50b189699bcea6b054574c83fd2c3c543ef61ca92af95305451a8a3b9d4f
--> 46ff50b18969
[linux/amd64] [2/3] STEP 12/12: RUN make build-backend BUILD_OPTS="-tags strictfipsruntime"
--> Using cache a45bc34a20394a4c0d186e1eaed0f415bd2591af607daa8b968fa31e1f13d76d
--> a45bc34a2039
[linux/arm64] [3/3] STEP 1/5: FROM registry.ci.openshift.org/ocp/4.17:base-rhel9
Trying to pull registry.ci.openshift.org/ocp/4.17:base-rhel9...
[linux/amd64] [3/3] STEP 1/5: FROM registry.ci.openshift.org/ocp/4.17:base-rhel9
Trying to pull registry.ci.openshift.org/ocp/4.17:base-rhel9...
Error: 2 errors occurred:
	* [linux/arm64]: creating build container: internal error: unable to copy from source docker://registry.ci.openshift.org/ocp/4.17:base-rhel9: initializing source docker://registry.ci.openshift.org/ocp/4.17:base-rhel9: reading manifest base-rhel9 in registry.ci.openshift.org/ocp/4.17: manifest unknown
	* [linux/amd64]: creating build container: internal error: unable to copy from source docker://registry.ci.openshift.org/ocp/4.17:base-rhel9: initializing source docker://registry.ci.openshift.org/ocp/4.17:base-rhel9: reading manifest base-rhel9 in registry.ci.openshift.org/ocp/4.17: manifest unknown



make: *** [podman-cross-build] Error 125
WARNING: Attempt 1 failed for logging-view-plugin @ release-coo-ocp-4.12 (exit code 2)
--- Attempt 2/3 ---
podman manifest rm quay.io/rh-ee-emurasak/logging-view-plugin:v6.0.5 || true
Untagged: quay.io/rh-ee-emurasak/logging-view-plugin:v6.0.5
Deleted: 879cbd42fbeaad33cfba56d0c7d447a4c2a2c243b1030e0a6b28b01ebacd5244
podman manifest create quay.io/rh-ee-emurasak/logging-view-plugin:v6.0.5
8c26ff8a2fc702fe11d2ffb3d62bcf06abff1afb8b2272d830550df65b361571
podman build --platform=linux/arm64,linux/amd64 --manifest quay.io/rh-ee-emurasak/logging-view-plugin:v6.0.5 -f Dockerfile
[linux/amd64] [1/3] STEP 1/9: FROM registry.redhat.io/ubi9/nodejs-18:latest AS web-builder
[linux/amd64] [1/3] STEP 2/9: WORKDIR /opt/app-root
--> Using cache a7911267ba26b5ed1ae211fc427607ab2aed3fa938511a4b3e12eabd06d802be
--> a7911267ba26
[linux/amd64] [1/3] STEP 3/9: USER 0
--> Using cache 6f379ed6ca33fd30e17889d4b723373bc5eef47bd00e8dc375793ef75bdaab07
--> 6f379ed6ca33
[linux/amd64] [1/3] STEP 4/9: ENV HUSKY=0
--> Using cache 50d8350ef62cf289955748f20dd872f7a473f2af8a62460882d316951aba4084
--> 50d8350ef62c
[linux/amd64] [1/3] STEP 5/9: COPY web/package*.json web/
--> Using cache bd85968186698d4c393364c821f30c0031c2c3767a7ed451d453df7432ebc5dd
--> bd8596818669
[linux/amd64] [1/3] STEP 6/9: COPY Makefile Makefile
--> Using cache af76b9cd1cee65b982a2f551a532e059af6a388a5d5b50594b9ae41880273939
--> af76b9cd1cee
[linux/amd64] [1/3] STEP 7/9: RUN make install-frontend-ci-clean
--> Using cache b4aff0ce5f4643d68990a3cd6e644772e55abbe4aa687bda1f1d9efb9e71b324
--> b4aff0ce5f46
[linux/amd64] [1/3] STEP 8/9: COPY web/ web/
--> Using cache e0856bd92dee4182ef13d63baa16d0dc4912c74fc9eaa1c3032ec2fe24790ab9
--> e0856bd92dee
[linux/amd64] [1/3] STEP 9/9: RUN make build-frontend
--> Using cache 5ce1681ee93582f2bf6321d6c42e1af96bc569bf8c5182d0e7dd9792d519319c
--> 5ce1681ee935
[linux/arm64] [1/3] STEP 1/9: FROM registry.redhat.io/ubi9/nodejs-18:latest AS web-builder
Trying to pull registry.redhat.io/ubi9/nodejs-18:latest...
Getting image source signatures
Checking if image destination supports signatures
Copying blob sha256:d2d4277551d19aaf448f46617629ba5ce8decceacdd7a9e3f6d43a7763294f84
Copying blob sha256:c0c6f119f250bcd571815218a238bf91fcd968aa4bfe95c224309ec367df747e
Copying blob sha256:d92b30fd88841f53962ad35d9c474465d043b096524bdc2ef18640daf2e51e82
Copying config sha256:d561cbadf704f121dc19b5ca23115d808580ccff537c4def93fff467e1723872
Writing manifest to image destination
Storing signatures
[linux/arm64] [1/3] STEP 2/9: WORKDIR /opt/app-root
--> Using cache 119e81d009de0c94507d761c95bb07c194ddf8d0c9c8e0d0dd9dcbc4ec449775
--> 119e81d009de
[linux/arm64] [1/3] STEP 3/9: USER 0
--> Using cache 85f2e2ce0cdfd6c1fe81c90a2ac2d6553b460101f04559a23d2f932164e4581e
--> 85f2e2ce0cdf
[linux/arm64] [1/3] STEP 4/9: ENV HUSKY=0
--> Using cache eb2015da64335ff1b410fde1651d59c075e43a4195689db74770b7867975919b
--> eb2015da6433
[linux/arm64] [1/3] STEP 5/9: COPY web/package*.json web/
--> Using cache 7fa15b1b1eaab93a3ca35e45690f253752495398905189ed9c840244d208c7bc
--> 7fa15b1b1eaa
[linux/arm64] [1/3] STEP 6/9: COPY Makefile Makefile
--> Using cache 1eb75fe4f39a0d7eee9d676bc171c8cc57b2e0a2571c67b95b9798263f0d135d
--> 1eb75fe4f39a
[linux/arm64] [1/3] STEP 7/9: RUN make install-frontend-ci-clean
--> Using cache d8299424c99b00dacb0dc3709a1068ca52cd56bd019ca420909201d359c9938e
--> d8299424c99b
[linux/arm64] [1/3] STEP 8/9: COPY web/ web/
--> Using cache b585505305c775ac68706993f56e66ce143d847e5866646c16ae2db85f53a784
--> b585505305c7
[linux/arm64] [1/3] STEP 9/9: RUN make build-frontend
--> Using cache 3318bfe9d199c23cb5da3c6a6598e271c9e263a5faddb4f87f7d585bdf09a277
--> 3318bfe9d199
[linux/amd64] [2/3] STEP 1/12: FROM registry.ci.openshift.org/ocp/builder:rhel-9-golang-1.22-openshift-4.17 AS go-builder
[linux/amd64] [2/3] STEP 2/12: WORKDIR /opt/app-root
--> Using cache 1a736c10f39497e84b0b956a2d79858421a909e0e2c46019273fd0d08ac1a9b2
--> 1a736c10f394
[linux/amd64] [2/3] STEP 3/12: COPY Makefile Makefile
--> Using cache 6bfeb33216ffc66c3907911ffe129a673b6db1e6678e1cbb201547cfa4590e26
--> 6bfeb33216ff
[linux/amd64] [2/3] STEP 4/12: COPY go.mod go.mod
--> Using cache 6982615356b19382520c45b52ea62a591ce72982b164366d35be2788d4ab26b6
--> 6982615356b1
[linux/amd64] [2/3] STEP 5/12: COPY go.sum go.sum
--> Using cache 3d4c109d8a398d9be008fe59c5d0acd13a86d397c5f78bc2d0a49a22e7479d9a
--> 3d4c109d8a39
[linux/amd64] [2/3] STEP 6/12: RUN make install-backend
--> Using cache a112085c61651bddbc51bf4bc7799895d12155b9f11d2c0423ec4cee0de598a1
--> a112085c6165
[linux/amd64] [2/3] STEP 7/12: COPY config/ config/
--> Using cache 3855ec6d8bd8281084bb82a428d96cb306e4b835753cdeb59f8ba358000abff6
--> 3855ec6d8bd8
[linux/amd64] [2/3] STEP 8/12: COPY cmd/ cmd/
--> Using cache 690ab574985cd3b2488ae0c1362e501ff2981b17e17e48921bedb8114da87807
--> 690ab574985c
[linux/amd64] [2/3] STEP 9/12: COPY pkg/ pkg/
--> Using cache 13459673c007225c20edff1fdc3e22e6197a179ce1f16df9c9f51e4007356036
--> 13459673c007
[linux/amd64] [2/3] STEP 10/12: ENV GOEXPERIMENT=strictfipsruntime
--> Using cache ea84edb86f9cf6aec77bbc6e4f1a0a2b15431eba4ff7a4e3f8ad4dbcd82a5846
--> ea84edb86f9c
[linux/amd64] [2/3] STEP 11/12: ENV CGO_ENABLED=1
--> Using cache 46ff50b189699bcea6b054574c83fd2c3c543ef61ca92af95305451a8a3b9d4f
--> 46ff50b18969
[linux/amd64] [2/3] STEP 12/12: RUN make build-backend BUILD_OPTS="-tags strictfipsruntime"
--> Using cache a45bc34a20394a4c0d186e1eaed0f415bd2591af607daa8b968fa31e1f13d76d
--> a45bc34a2039
[linux/arm64] [2/3] STEP 1/12: FROM registry.ci.openshift.org/ocp/builder:rhel-9-golang-1.22-openshift-4.17 AS go-builder
Trying to pull registry.ci.openshift.org/ocp/builder:rhel-9-golang-1.22-openshift-4.17...
Getting image source signatures
Copying blob sha256:8ce3e708c90a20445aa5ed634bef353f432bc6a558095e039e966648dfa6f8ed
Copying blob sha256:5e09f8650bc245176f116be7bf617e9ebbda9f1690adc8f25ef8cc558cd62fbf
Copying blob sha256:f04a31840d1b089a9cc978d4fe58b9fec0505cacd920346729d539c18ada52d3
Copying config sha256:137c3009ec7eeeb647eec589def99e732327dc29b7343c9f29c983be7db51142
Writing manifest to image destination
WARNING: image platform (linux/amd64) does not match the expected platform (linux/arm64)
[linux/arm64] [2/3] STEP 2/12: WORKDIR /opt/app-root
--> Using cache 1a736c10f39497e84b0b956a2d79858421a909e0e2c46019273fd0d08ac1a9b2
--> 1a736c10f394
[linux/arm64] [2/3] STEP 3/12: COPY Makefile Makefile
--> Using cache 6bfeb33216ffc66c3907911ffe129a673b6db1e6678e1cbb201547cfa4590e26
--> 6bfeb33216ff
[linux/arm64] [2/3] STEP 4/12: COPY go.mod go.mod
--> Using cache 6982615356b19382520c45b52ea62a591ce72982b164366d35be2788d4ab26b6
--> 6982615356b1
[linux/arm64] [2/3] STEP 5/12: COPY go.sum go.sum
--> Using cache 3d4c109d8a398d9be008fe59c5d0acd13a86d397c5f78bc2d0a49a22e7479d9a
--> 3d4c109d8a39
[linux/arm64] [2/3] STEP 6/12: RUN make install-backend
--> Using cache a112085c61651bddbc51bf4bc7799895d12155b9f11d2c0423ec4cee0de598a1
--> a112085c6165
[linux/arm64] [2/3] STEP 7/12: COPY config/ config/
--> Using cache 3855ec6d8bd8281084bb82a428d96cb306e4b835753cdeb59f8ba358000abff6
--> 3855ec6d8bd8
[linux/arm64] [2/3] STEP 8/12: COPY cmd/ cmd/
--> Using cache 690ab574985cd3b2488ae0c1362e501ff2981b17e17e48921bedb8114da87807
--> 690ab574985c
[linux/arm64] [2/3] STEP 9/12: COPY pkg/ pkg/
--> Using cache 13459673c007225c20edff1fdc3e22e6197a179ce1f16df9c9f51e4007356036
--> 13459673c007
[linux/arm64] [2/3] STEP 10/12: ENV GOEXPERIMENT=strictfipsruntime
--> Using cache ea84edb86f9cf6aec77bbc6e4f1a0a2b15431eba4ff7a4e3f8ad4dbcd82a5846
--> ea84edb86f9c
[linux/arm64] [2/3] STEP 11/12: ENV CGO_ENABLED=1
--> Using cache 46ff50b189699bcea6b054574c83fd2c3c543ef61ca92af95305451a8a3b9d4f
--> 46ff50b18969
[linux/arm64] [2/3] STEP 12/12: RUN make build-backend BUILD_OPTS="-tags strictfipsruntime"
--> Using cache a45bc34a20394a4c0d186e1eaed0f415bd2591af607daa8b968fa31e1f13d76d
--> a45bc34a2039
[linux/amd64] [3/3] STEP 1/5: FROM registry.ci.openshift.org/ocp/4.17:base-rhel9
Trying to pull registry.ci.openshift.org/ocp/4.17:base-rhel9...
[linux/arm64] [3/3] STEP 1/5: FROM registry.ci.openshift.org/ocp/4.17:base-rhel9
Trying to pull registry.ci.openshift.org/ocp/4.17:base-rhel9...
Error: 2 errors occurred:
	* [linux/amd64]: creating build container: internal error: unable to copy from source docker://registry.ci.openshift.org/ocp/4.17:base-rhel9: initializing source docker://registry.ci.openshift.org/ocp/4.17:base-rhel9: reading manifest base-rhel9 in registry.ci.openshift.org/ocp/4.17: manifest unknown
	* [linux/arm64]: creating build container: internal error: unable to copy from source docker://registry.ci.openshift.org/ocp/4.17:base-rhel9: initializing source docker://registry.ci.openshift.org/ocp/4.17:base-rhel9: reading manifest base-rhel9 in registry.ci.openshift.org/ocp/4.17: manifest unknown



make: *** [podman-cross-build] Error 125
WARNING: Attempt 2 failed for logging-view-plugin @ release-coo-ocp-4.12 (exit code 2)
--- Attempt 3/3 ---
podman manifest rm quay.io/rh-ee-emurasak/logging-view-plugin:v6.0.5 || true
Untagged: quay.io/rh-ee-emurasak/logging-view-plugin:v6.0.5
Deleted: 8c26ff8a2fc702fe11d2ffb3d62bcf06abff1afb8b2272d830550df65b361571
podman manifest create quay.io/rh-ee-emurasak/logging-view-plugin:v6.0.5
6b3fab79cb7f8c3a191477d81842aef835b6a231a8c8c08ce1d457d3710da455
podman build --platform=linux/arm64,linux/amd64 --manifest quay.io/rh-ee-emurasak/logging-view-plugin:v6.0.5 -f Dockerfile
[linux/amd64] [1/3] STEP 1/9: FROM registry.redhat.io/ubi9/nodejs-18:latest AS web-builder
Trying to pull registry.redhat.io/ubi9/nodejs-18:latest...
Getting image source signatures
Checking if image destination supports signatures
Copying blob sha256:bd74b94f9d783929640d82362c5b1af55b0b7bea9405c379251f405c9c94f690
Copying blob sha256:97971704aef24e8b1129c4f1b2e2241c7800b8bb89a14e77a7efebccd4193661
Copying blob sha256:ce1770dcb97c2c062c80efe0edf0d512923b8ac34444b4f56733f446ea06ca95
Copying config sha256:dc791d1b00fc164bb81bc99a7ddadc9eef02d0042878fe62c5fd468df91b2140
Writing manifest to image destination
Storing signatures
[linux/amd64] [1/3] STEP 2/9: WORKDIR /opt/app-root
--> Using cache a7911267ba26b5ed1ae211fc427607ab2aed3fa938511a4b3e12eabd06d802be
--> a7911267ba26
[linux/amd64] [1/3] STEP 3/9: USER 0
--> Using cache 6f379ed6ca33fd30e17889d4b723373bc5eef47bd00e8dc375793ef75bdaab07
--> 6f379ed6ca33
[linux/amd64] [1/3] STEP 4/9: ENV HUSKY=0
--> Using cache 50d8350ef62cf289955748f20dd872f7a473f2af8a62460882d316951aba4084
--> 50d8350ef62c
[linux/amd64] [1/3] STEP 5/9: COPY web/package*.json web/
--> Using cache bd85968186698d4c393364c821f30c0031c2c3767a7ed451d453df7432ebc5dd
--> bd8596818669
[linux/amd64] [1/3] STEP 6/9: COPY Makefile Makefile
--> Using cache af76b9cd1cee65b982a2f551a532e059af6a388a5d5b50594b9ae41880273939
--> af76b9cd1cee
[linux/amd64] [1/3] STEP 7/9: RUN make install-frontend-ci-clean
--> Using cache b4aff0ce5f4643d68990a3cd6e644772e55abbe4aa687bda1f1d9efb9e71b324
--> b4aff0ce5f46
[linux/amd64] [1/3] STEP 8/9: COPY web/ web/
--> Using cache e0856bd92dee4182ef13d63baa16d0dc4912c74fc9eaa1c3032ec2fe24790ab9
--> e0856bd92dee
[linux/amd64] [1/3] STEP 9/9: RUN make build-frontend
--> Using cache 5ce1681ee93582f2bf6321d6c42e1af96bc569bf8c5182d0e7dd9792d519319c
--> 5ce1681ee935
[linux/amd64] [2/3] STEP 1/12: FROM registry.ci.openshift.org/ocp/builder:rhel-9-golang-1.22-openshift-4.17 AS go-builder
[linux/amd64] [2/3] STEP 2/12: WORKDIR /opt/app-root
--> Using cache 1a736c10f39497e84b0b956a2d79858421a909e0e2c46019273fd0d08ac1a9b2
--> 1a736c10f394
[linux/amd64] [2/3] STEP 3/12: COPY Makefile Makefile
--> Using cache 6bfeb33216ffc66c3907911ffe129a673b6db1e6678e1cbb201547cfa4590e26
--> 6bfeb33216ff
[linux/amd64] [2/3] STEP 4/12: COPY go.mod go.mod
--> Using cache 6982615356b19382520c45b52ea62a591ce72982b164366d35be2788d4ab26b6
--> 6982615356b1
[linux/amd64] [2/3] STEP 5/12: COPY go.sum go.sum
--> Using cache 3d4c109d8a398d9be008fe59c5d0acd13a86d397c5f78bc2d0a49a22e7479d9a
--> 3d4c109d8a39
[linux/amd64] [2/3] STEP 6/12: RUN make install-backend
--> Using cache a112085c61651bddbc51bf4bc7799895d12155b9f11d2c0423ec4cee0de598a1
--> a112085c6165
[linux/amd64] [2/3] STEP 7/12: COPY config/ config/
--> Using cache 3855ec6d8bd8281084bb82a428d96cb306e4b835753cdeb59f8ba358000abff6
--> 3855ec6d8bd8
[linux/amd64] [2/3] STEP 8/12: COPY cmd/ cmd/
--> Using cache 690ab574985cd3b2488ae0c1362e501ff2981b17e17e48921bedb8114da87807
--> 690ab574985c
[linux/amd64] [2/3] STEP 9/12: COPY pkg/ pkg/
--> Using cache 13459673c007225c20edff1fdc3e22e6197a179ce1f16df9c9f51e4007356036
--> 13459673c007
[linux/amd64] [2/3] STEP 10/12: ENV GOEXPERIMENT=strictfipsruntime
--> Using cache ea84edb86f9cf6aec77bbc6e4f1a0a2b15431eba4ff7a4e3f8ad4dbcd82a5846
--> ea84edb86f9c
[linux/amd64] [2/3] STEP 11/12: ENV CGO_ENABLED=1
--> Using cache 46ff50b189699bcea6b054574c83fd2c3c543ef61ca92af95305451a8a3b9d4f
--> 46ff50b18969
[linux/amd64] [2/3] STEP 12/12: RUN make build-backend BUILD_OPTS="-tags strictfipsruntime"
--> Using cache a45bc34a20394a4c0d186e1eaed0f415bd2591af607daa8b968fa31e1f13d76d
--> a45bc34a2039
[linux/arm64] [1/3] STEP 1/9: FROM registry.redhat.io/ubi9/nodejs-18:latest AS web-builder
Trying to pull registry.redhat.io/ubi9/nodejs-18:latest...
Getting image source signatures
Checking if image destination supports signatures
Copying blob sha256:d2d4277551d19aaf448f46617629ba5ce8decceacdd7a9e3f6d43a7763294f84
Copying blob sha256:c0c6f119f250bcd571815218a238bf91fcd968aa4bfe95c224309ec367df747e
Copying blob sha256:d92b30fd88841f53962ad35d9c474465d043b096524bdc2ef18640daf2e51e82
Copying config sha256:d561cbadf704f121dc19b5ca23115d808580ccff537c4def93fff467e1723872
Writing manifest to image destination
Storing signatures
[linux/arm64] [1/3] STEP 2/9: WORKDIR /opt/app-root
--> Using cache 119e81d009de0c94507d761c95bb07c194ddf8d0c9c8e0d0dd9dcbc4ec449775
--> 119e81d009de
[linux/arm64] [1/3] STEP 3/9: USER 0
--> Using cache 85f2e2ce0cdfd6c1fe81c90a2ac2d6553b460101f04559a23d2f932164e4581e
--> 85f2e2ce0cdf
[linux/arm64] [1/3] STEP 4/9: ENV HUSKY=0
--> Using cache eb2015da64335ff1b410fde1651d59c075e43a4195689db74770b7867975919b
--> eb2015da6433
[linux/arm64] [1/3] STEP 5/9: COPY web/package*.json web/
--> Using cache 7fa15b1b1eaab93a3ca35e45690f253752495398905189ed9c840244d208c7bc
--> 7fa15b1b1eaa
[linux/arm64] [1/3] STEP 6/9: COPY Makefile Makefile
--> Using cache 1eb75fe4f39a0d7eee9d676bc171c8cc57b2e0a2571c67b95b9798263f0d135d
--> 1eb75fe4f39a
[linux/arm64] [1/3] STEP 7/9: RUN make install-frontend-ci-clean
--> Using cache d8299424c99b00dacb0dc3709a1068ca52cd56bd019ca420909201d359c9938e
--> d8299424c99b
[linux/arm64] [1/3] STEP 8/9: COPY web/ web/
--> Using cache b585505305c775ac68706993f56e66ce143d847e5866646c16ae2db85f53a784
--> b585505305c7
[linux/arm64] [1/3] STEP 9/9: RUN make build-frontend
--> Using cache 3318bfe9d199c23cb5da3c6a6598e271c9e263a5faddb4f87f7d585bdf09a277
--> 3318bfe9d199
[linux/amd64] [3/3] STEP 1/5: FROM registry.ci.openshift.org/ocp/4.17:base-rhel9
Trying to pull registry.ci.openshift.org/ocp/4.17:base-rhel9...
[linux/arm64] [2/3] STEP 1/12: FROM registry.ci.openshift.org/ocp/builder:rhel-9-golang-1.22-openshift-4.17 AS go-builder
Trying to pull registry.ci.openshift.org/ocp/builder:rhel-9-golang-1.22-openshift-4.17...
Getting image source signatures
Copying blob sha256:8ce3e708c90a20445aa5ed634bef353f432bc6a558095e039e966648dfa6f8ed
Copying blob sha256:5e09f8650bc245176f116be7bf617e9ebbda9f1690adc8f25ef8cc558cd62fbf
Copying blob sha256:f04a31840d1b089a9cc978d4fe58b9fec0505cacd920346729d539c18ada52d3
Copying config sha256:137c3009ec7eeeb647eec589def99e732327dc29b7343c9f29c983be7db51142
Writing manifest to image destination
WARNING: image platform (linux/amd64) does not match the expected platform (linux/arm64)
[linux/arm64] [2/3] STEP 2/12: WORKDIR /opt/app-root
--> Using cache 1a736c10f39497e84b0b956a2d79858421a909e0e2c46019273fd0d08ac1a9b2
--> 1a736c10f394
[linux/arm64] [2/3] STEP 3/12: COPY Makefile Makefile
--> Using cache 6bfeb33216ffc66c3907911ffe129a673b6db1e6678e1cbb201547cfa4590e26
--> 6bfeb33216ff
[linux/arm64] [2/3] STEP 4/12: COPY go.mod go.mod
--> Using cache 6982615356b19382520c45b52ea62a591ce72982b164366d35be2788d4ab26b6
--> 6982615356b1
[linux/arm64] [2/3] STEP 5/12: COPY go.sum go.sum
--> Using cache 3d4c109d8a398d9be008fe59c5d0acd13a86d397c5f78bc2d0a49a22e7479d9a
--> 3d4c109d8a39
[linux/arm64] [2/3] STEP 6/12: RUN make install-backend
--> Using cache a112085c61651bddbc51bf4bc7799895d12155b9f11d2c0423ec4cee0de598a1
--> a112085c6165
[linux/arm64] [2/3] STEP 7/12: COPY config/ config/
--> Using cache 3855ec6d8bd8281084bb82a428d96cb306e4b835753cdeb59f8ba358000abff6
--> 3855ec6d8bd8
[linux/arm64] [2/3] STEP 8/12: COPY cmd/ cmd/
--> Using cache 690ab574985cd3b2488ae0c1362e501ff2981b17e17e48921bedb8114da87807
--> 690ab574985c
[linux/arm64] [2/3] STEP 9/12: COPY pkg/ pkg/
--> Using cache 13459673c007225c20edff1fdc3e22e6197a179ce1f16df9c9f51e4007356036
--> 13459673c007
[linux/arm64] [2/3] STEP 10/12: ENV GOEXPERIMENT=strictfipsruntime
--> Using cache ea84edb86f9cf6aec77bbc6e4f1a0a2b15431eba4ff7a4e3f8ad4dbcd82a5846
--> ea84edb86f9c
[linux/arm64] [2/3] STEP 11/12: ENV CGO_ENABLED=1
--> Using cache 46ff50b189699bcea6b054574c83fd2c3c543ef61ca92af95305451a8a3b9d4f
--> 46ff50b18969
[linux/arm64] [2/3] STEP 12/12: RUN make build-backend BUILD_OPTS="-tags strictfipsruntime"
--> Using cache a45bc34a20394a4c0d186e1eaed0f415bd2591af607daa8b968fa31e1f13d76d
--> a45bc34a2039
[linux/arm64] [3/3] STEP 1/5: FROM registry.ci.openshift.org/ocp/4.17:base-rhel9
Trying to pull registry.ci.openshift.org/ocp/4.17:base-rhel9...
Error: 2 errors occurred:
	* [linux/amd64]: creating build container: internal error: unable to copy from source docker://registry.ci.openshift.org/ocp/4.17:base-rhel9: initializing source docker://registry.ci.openshift.org/ocp/4.17:base-rhel9: reading manifest base-rhel9 in registry.ci.openshift.org/ocp/4.17: manifest unknown
	* [linux/arm64]: creating build container: internal error: unable to copy from source docker://registry.ci.openshift.org/ocp/4.17:base-rhel9: initializing source docker://registry.ci.openshift.org/ocp/4.17:base-rhel9: reading manifest base-rhel9 in registry.ci.openshift.org/ocp/4.17: manifest unknown



make: *** [podman-cross-build] Error 125
WARNING: Attempt 3 failed for logging-view-plugin @ release-coo-ocp-4.12 (exit code 2)
WARNING: Build failed for logging-view-plugin @ release-coo-ocp-4.12 after 3 attempts, continuing...
==========================================
Building distributed-tracing-console-plugin @ release-coo-ocp-4.15 with VERSION=v0.4.3 ORG=rh-ee-emurasak
==========================================
Switched to branch 'release-coo-ocp-4.15'
Your branch is up to date with 'origin/release-coo-ocp-4.15'.
From https://github.com/openshift/distributed-tracing-console-plugin
 * branch            release-coo-ocp-4.15 -> FETCH_HEAD
Already up to date.
--- Attempt 1/3 ---
podman manifest rm quay.io/rh-ee-emurasak/distributed-tracing-console-plugin:v0.4.3 || true
Error: quay.io/rh-ee-emurasak/distributed-tracing-console-plugin:v0.4.3: image not known
podman manifest create quay.io/rh-ee-emurasak/distributed-tracing-console-plugin:v0.4.3
4656316a2138ffe2781cfdf34220cff2df935bb70537c6b42e86550453121e09
podman build --platform=linux/arm64,linux/amd64 --manifest quay.io/rh-ee-emurasak/distributed-tracing-console-plugin:v0.4.3 -f Dockerfile
[linux/amd64] [1/3] STEP 1/8: FROM registry.redhat.io/ubi8/nodejs-22:latest AS web-builder
[linux/amd64] [1/3] STEP 2/8: WORKDIR /opt/app-root
--> Using cache 0571d452c708d2e18e788917568657d60ae550b57347cb6bd1f848061306ff45
--> 0571d452c708
[linux/amd64] [1/3] STEP 3/8: USER 0
--> Using cache 58b884d1f679abe40ef94ac1ac3188c4651fbe2f3d91d6a731d3e8307996d9b6
--> 58b884d1f679
[linux/amd64] [1/3] STEP 4/8: COPY web/package*.json web/
--> 49e19f5e70a2
[linux/amd64] [1/3] STEP 5/8: COPY Makefile Makefile
--> 0b279a107f58
[linux/amd64] [1/3] STEP 6/8: RUN make install-frontend-ci-clean
cd web && npm ci --ignore-scripts --omit=optional
npm warn deprecated rimraf@3.0.2: Rimraf versions prior to v4 are no longer supported
npm warn deprecated inflight@1.0.6: This module is not supported, and leaks memory. Do not use it. Check out lru-cache if you want a good and tested way to coalesce async requests by a key value, which is much more comprehensive and powerful.
npm warn deprecated popper.js@1.16.1: You can find the new Popper v2 at @popperjs/core, this package is dedicated to the legacy v1
npm warn deprecated glob@7.2.3: Glob versions prior to v9 are no longer supported
npm warn deprecated eslint@8.57.1: This version is no longer supported. Please see https://eslint.org/version-support for other options.
npm warn deprecated @humanwhocodes/config-array@0.13.0: Use @eslint/config-array instead
npm warn deprecated @humanwhocodes/object-schema@2.0.3: Use @eslint/object-schema instead
npm warn deprecated rimraf@2.7.1: Rimraf versions prior to v4 are no longer supported

added 1815 packages, and audited 1816 packages in 1m

313 packages are looking for funding
  run `npm fund` for details

25 vulnerabilities (1 low, 20 moderate, 4 high)

To address issues that do not require attention, run:
  npm audit fix

To address all issues (including breaking changes), run:
  npm audit fix --force

Run `npm audit` for details.
cd web && npm cache clean --force
npm warn using --force Recommended protections disabled.
--> 515717dc4653
[linux/amd64] [1/3] STEP 7/8: COPY web/ web/
--> 1144c725ae6f
[linux/amd64] [1/3] STEP 8/8: RUN make build-frontend
cd web && npm run build

> distributed-tracing-console-plugin@0.4.0 build
> npm run clean && NODE_ENV=production npm run webpack


> distributed-tracing-console-plugin@0.4.0 clean
> rm -rf dist


> distributed-tracing-console-plugin@0.4.0 webpack
> node -r ts-node/register ./node_modules/.bin/webpack

assets by path assets/ 1.27 MiB
  assets by path assets/*.woff 740 KiB 42 assets
  assets by path assets/*.woff2 565 KiB
    asset assets/inter-latin-ext-600-normal..woff2 35.4 KiB [emitted] [from: ../node_modules/@fontsource/inter/files/inter-latin-ext-600-normal.woff2] (auxiliary id hint: vendors)
    + 41 assets
assets by path *.js 3.83 MiB
  assets by chunk 3.38 MiB (id hint: vendors)
    asset 1907-chunk-0d22a5aa10d0bc99f3d0.min.js 2.6 MiB [emitted] [immutable] [minimized] [big] (id hint: vendors) 1 related asset
    asset 6127-chunk-e59d7258fd384804d704.min.js 124 KiB [emitted] [immutable] [minimized] (id hint: vendors) 1 related asset
    asset 5607-chunk-fcc671a213ca68550d43.min.js 121 KiB [emitted] [immutable] [minimized] (id hint: vendors)
    + 14 assets
  + 61 assets
asset locales/en/plugin__distributed-tracing-console-plugin.json 4.29 KiB [emitted] [from: ../locales/en/plugin__distributed-tracing-console-plugin.json] [copied]
asset plugin-manifest.json 895 bytes [emitted]
orphan modules 21.9 MiB [orphan] 13315 modules
runtime modules 35.2 KiB 14 modules
built modules 10.7 MiB (javascript) 1.27 MiB (asset) 1.6 KiB (consume-shared) 1.39 KiB (share-init) [built]
  javascript modules 10.7 MiB 745 modules
  asset modules 1.27 MiB (asset) 3.45 KiB (javascript)
    modules by path ../node_modules/@fontsource/inter/files/*.woff2 565 KiB (asset) 1.72 KiB (javascript) 42 modules
    modules by path ../node_modules/@fontsource/inter/files/*.woff 740 KiB (asset) 1.72 KiB (javascript) 42 modules
  consume-shared-module modules 1.6 KiB
    modules by path consume shared module (default) @patternfly/ 1.39 KiB 34 modules
    + 5 modules
  provide-module modules 1.39 KiB
    modules by path provide shared module (default) @patternfly/react-core/dist/dynamic/ 924 bytes 22 modules
    modules by path provide shared module (default) @patternfly/react-icons/dist/dynamic/icons/ 504 bytes 12 modules

WARNING in asset size limit: The following asset(s) exceed the recommended size limit (244 KiB).
This can impact web performance.
Assets: 
  1907-chunk-0d22a5aa10d0bc99f3d0.min.js (2.6 MiB)

webpack 5.105.3 compiled with 1 warning in 127984 ms
--> 0d744e14cd0b
[linux/amd64] [2/3] STEP 1/11: FROM brew.registry.redhat.io/rh-osbs/openshift-golang-builder:rhel_9_1.25 AS go-builder
[linux/amd64] [2/3] STEP 2/11: WORKDIR /opt/app-root
--> Using cache cc16369b9933f563f2a54d6fbecb9f5bad90146b5cd6ba0bcd3ea8c6d1fcf554
--> cc16369b9933
[linux/amd64] [2/3] STEP 3/11: COPY Makefile Makefile
--> Using cache 596ff433b18e8ec5baf8dde2e74744c94786dcfc03f5e80455a8c7f8f17959b2
--> 596ff433b18e
[linux/amd64] [2/3] STEP 4/11: COPY go.mod go.mod
--> cbebf37b87d9
[linux/amd64] [2/3] STEP 5/11: COPY go.sum go.sum
--> 84c9b46ebe8d
[linux/amd64] [2/3] STEP 6/11: RUN go mod download
Go compliance shim [1] [rhel-9-golang-1.25][openshift-golang-builder]: assessment: CGO_ENABLED=1
Go compliance shim [1] [rhel-9-golang-1.25][openshift-golang-builder]: assessment: dynamic linking
Go compliance shim [1] [rhel-9-golang-1.25][openshift-golang-builder]: skipping forced compliance due to broad exemption
Go compliance shim [1] [rhel-9-golang-1.25][openshift-golang-builder]: EXEMPT: 1


Go compliance shim [1] [rhel-9-golang-1.25][openshift-golang-builder]: final command line arguments: "mod" "download" 

Go compliance shim [1] [rhel-9-golang-1.25][openshift-golang-builder]: invoking real go binary
Go compliance shim [1] [rhel-9-golang-1.25][openshift-golang-builder]: Exited with: 0
--> 28c8db55080a
[linux/amd64] [2/3] STEP 7/11: COPY cmd/ cmd/
--> d719f63f975b
[linux/amd64] [2/3] STEP 8/11: COPY pkg/ pkg/
--> eebba622b886
[linux/amd64] [2/3] STEP 9/11: ENV GOEXPERIMENT=strictfipsruntime
--> 111c21b064c0
[linux/amd64] [2/3] STEP 10/11: ENV CGO_ENABLED=1
--> 5a1ecfebe8e7
[linux/amd64] [2/3] STEP 11/11: RUN make build-backend BUILD_OPTS="-tags strictfipsruntime"
go build -tags strictfipsruntime -o plugin-backend -mod=readonly cmd/plugin-backend.go
Go compliance shim [2] [rhel-9-golang-1.25][openshift-golang-builder]: assessment: CGO_ENABLED=1
Go compliance shim [2] [rhel-9-golang-1.25][openshift-golang-builder]: assessment: dynamic linking
Go compliance shim [2] [rhel-9-golang-1.25][openshift-golang-builder]: skipping forced compliance due to broad exemption
Go compliance shim [2] [rhel-9-golang-1.25][openshift-golang-builder]: EXEMPT: 1


Go compliance shim [2] [rhel-9-golang-1.25][openshift-golang-builder]: final command line arguments: "build" "-tags" "strictfipsruntime" "-o" "plugin-backend" "-mod=readonly" "cmd/plugin-backend.go" 

Go compliance shim [2] [rhel-9-golang-1.25][openshift-golang-builder]: invoking real go binary
Go compliance shim [2] [rhel-9-golang-1.25][openshift-golang-builder]: Exited with: 0
--> a868e17ab9af
[linux/arm64] [1/3] STEP 1/8: FROM registry.redhat.io/ubi8/nodejs-22:latest AS web-builder
Trying to pull registry.redhat.io/ubi8/nodejs-22:latest...
Getting image source signatures
Checking if image destination supports signatures
Copying blob sha256:061fa217b0881a08226357c52c1b20d8015686de5874fa61469c90f7b0f752a7
Copying blob sha256:e1de3abe41200e76a94241f1669175174b71b6f683a92b1d52ffc1ba0a8b8d0a
Copying blob sha256:be14e4bd5c48c79aa0c1bc73f7ad1515b7d2452caa02d5e74ad2e4fb3b70fa27
Copying config sha256:711ec0db03eb79f4fd84e49300b5ffcef0111fa55d5edc7b5743d0980aebb86f
Writing manifest to image destination
Storing signatures
[linux/arm64] [1/3] STEP 2/8: WORKDIR /opt/app-root
--> Using cache 97bf1deff719129f5b8993fe4c63cf9b4d87ea94da146894ecb0f1cd3d6282ba
--> 97bf1deff719
[linux/arm64] [1/3] STEP 3/8: USER 0
--> Using cache c8d4ad6c969a3d55347c3e1afdae3ce27cd94d1254a5fe6c33261bff41bfd57d
--> c8d4ad6c969a
[linux/arm64] [1/3] STEP 4/8: COPY web/package*.json web/
--> faa649bfc153
[linux/arm64] [1/3] STEP 5/8: COPY Makefile Makefile
--> be07d6de3de3
[linux/arm64] [1/3] STEP 6/8: RUN make install-frontend-ci-clean
cd web && npm ci --ignore-scripts --omit=optional
npm warn deprecated rimraf@3.0.2: Rimraf versions prior to v4 are no longer supported
npm warn deprecated inflight@1.0.6: This module is not supported, and leaks memory. Do not use it. Check out lru-cache if you want a good and tested way to coalesce async requests by a key value, which is much more comprehensive and powerful.
npm warn deprecated glob@7.2.3: Glob versions prior to v9 are no longer supported
npm warn deprecated popper.js@1.16.1: You can find the new Popper v2 at @popperjs/core, this package is dedicated to the legacy v1
npm warn deprecated @humanwhocodes/object-schema@2.0.3: Use @eslint/object-schema instead
npm warn deprecated @humanwhocodes/config-array@0.13.0: Use @eslint/config-array instead
npm warn deprecated eslint@8.57.1: This version is no longer supported. Please see https://eslint.org/version-support for other options.
npm warn deprecated rimraf@2.7.1: Rimraf versions prior to v4 are no longer supported

added 1815 packages, and audited 1816 packages in 1m

313 packages are looking for funding
  run `npm fund` for details

25 vulnerabilities (1 low, 20 moderate, 4 high)

To address issues that do not require attention, run:
  npm audit fix

To address all issues (including breaking changes), run:
  npm audit fix --force

Run `npm audit` for details.
cd web && npm cache clean --force
npm warn using --force Recommended protections disabled.
--> 976b5afc286a
[linux/arm64] [1/3] STEP 7/8: COPY web/ web/
--> 9ded24ff525a
[linux/arm64] [1/3] STEP 8/8: RUN make build-frontend
cd web && npm run build

> distributed-tracing-console-plugin@0.4.0 build
> npm run clean && NODE_ENV=production npm run webpack


> distributed-tracing-console-plugin@0.4.0 clean
> rm -rf dist


> distributed-tracing-console-plugin@0.4.0 webpack
> node -r ts-node/register ./node_modules/.bin/webpack

assets by path assets/ 1.27 MiB
  assets by path assets/*.woff 740 KiB 42 assets
  assets by path assets/*.woff2 565 KiB
    asset assets/inter-latin-ext-600-normal..woff2 35.4 KiB [emitted] [from: ../node_modules/@fontsource/inter/files/inter-latin-ext-600-normal.woff2] (auxiliary id hint: vendors)
    + 41 assets
assets by path *.js 3.83 MiB
  assets by chunk 3.38 MiB (id hint: vendors)
    asset 1907-chunk-0d22a5aa10d0bc99f3d0.min.js 2.6 MiB [emitted] [immutable] [minimized] [big] (id hint: vendors) 1 related asset
    asset 6127-chunk-e59d7258fd384804d704.min.js 124 KiB [emitted] [immutable] [minimized] (id hint: vendors) 1 related asset
    asset 5607-chunk-fcc671a213ca68550d43.min.js 121 KiB [emitted] [immutable] [minimized] (id hint: vendors)
    + 14 assets
  + 61 assets
asset locales/en/plugin__distributed-tracing-console-plugin.json 4.29 KiB [emitted] [from: ../locales/en/plugin__distributed-tracing-console-plugin.json] [copied]
asset plugin-manifest.json 895 bytes [emitted]
orphan modules 21.9 MiB [orphan] 13315 modules
runtime modules 35.2 KiB 14 modules
built modules 10.7 MiB (javascript) 1.27 MiB (asset) 1.6 KiB (consume-shared) 1.39 KiB (share-init) [built]
  javascript modules 10.7 MiB 745 modules
  asset modules 1.27 MiB (asset) 3.45 KiB (javascript)
    modules by path ../node_modules/@fontsource/inter/files/*.woff2 565 KiB (asset) 1.72 KiB (javascript) 42 modules
    modules by path ../node_modules/@fontsource/inter/files/*.woff 740 KiB (asset) 1.72 KiB (javascript) 42 modules
  consume-shared-module modules 1.6 KiB
    modules by path consume shared module (default) @patternfly/ 1.39 KiB 34 modules
    + 5 modules
  provide-module modules 1.39 KiB
    modules by path provide shared module (default) @patternfly/react-core/dist/dynamic/ 924 bytes 22 modules
    modules by path provide shared module (default) @patternfly/react-icons/dist/dynamic/icons/ 504 bytes 12 modules

WARNING in asset size limit: The following asset(s) exceed the recommended size limit (244 KiB).
This can impact web performance.
Assets: 
  1907-chunk-0d22a5aa10d0bc99f3d0.min.js (2.6 MiB)

webpack 5.105.3 compiled with 1 warning in 131655 ms
--> 4a31cbb512c0
[linux/amd64] [3/3] STEP 1/4: FROM registry.access.redhat.com/ubi9/ubi-minimal
[linux/amd64] [3/3] STEP 2/4: COPY --from=web-builder /opt/app-root/web/dist /opt/app-root/web/dist
--> 8d5e05528efa
[linux/amd64] [3/3] STEP 3/4: COPY --from=go-builder /opt/app-root/plugin-backend /opt/app-root
--> 0e4aa1e16235
[linux/amd64] [3/3] STEP 4/4: ENTRYPOINT ["/opt/app-root/plugin-backend", "-static-path", "/opt/app-root/web/dist", "-config-path", "/opt/app-root/web/dist"]
[linux/amd64] [3/3] COMMIT
--> 6fd123732309
[linux/arm64] [2/3] STEP 1/11: FROM brew.registry.redhat.io/rh-osbs/openshift-golang-builder:rhel_9_1.25 AS go-builder
6fd123732309603260a4cbef28321ccdba3d5ec99b37bb91094b748445f1e169
Trying to pull brew.registry.redhat.io/rh-osbs/openshift-golang-builder:rhel_9_1.25...
Getting image source signatures
Copying blob sha256:b98d37c87f15536538dc20373f6feca81ccf73779a63f168b7855ce2c2360cff
Copying blob sha256:9e9bee4738d78cc5b8c68706e99751b669394b1e52ebb360fabf583fee381119
Copying config sha256:6cc0ec0f03bcbce80b198dae197eb1ca379eb2fa2e7f2e456cf01f6464e2b1ec
Writing manifest to image destination
[linux/arm64] [2/3] STEP 2/11: WORKDIR /opt/app-root
--> Using cache 7658018d80f0c235109d2adaf163a025de2659f44d0789a7e632cea91b13df5f
--> 7658018d80f0
[linux/arm64] [2/3] STEP 3/11: COPY Makefile Makefile
--> Using cache 6a000c4bb7f74576993cbc630bceb98a1416a6cfc44f2bd493a35318d495fb56
--> 6a000c4bb7f7
[linux/arm64] [2/3] STEP 4/11: COPY go.mod go.mod
--> ab6a862fb0cc
[linux/arm64] [2/3] STEP 5/11: COPY go.sum go.sum
--> 7b92dfc404e0
[linux/arm64] [2/3] STEP 6/11: RUN go mod download
Go compliance shim [1] [rhel-9-golang-1.25][openshift-golang-builder]: assessment: CGO_ENABLED=1
Go compliance shim [1] [rhel-9-golang-1.25][openshift-golang-builder]: assessment: dynamic linking
Go compliance shim [1] [rhel-9-golang-1.25][openshift-golang-builder]: skipping forced compliance due to broad exemption
Go compliance shim [1] [rhel-9-golang-1.25][openshift-golang-builder]: EXEMPT: 1


Go compliance shim [1] [rhel-9-golang-1.25][openshift-golang-builder]: final command line arguments: "mod" "download" 

Go compliance shim [1] [rhel-9-golang-1.25][openshift-golang-builder]: invoking real go binary
Go compliance shim [1] [rhel-9-golang-1.25][openshift-golang-builder]: Exited with: 0
--> 7540b1b1b86a
[linux/arm64] [2/3] STEP 7/11: COPY cmd/ cmd/
--> 32017f5b3010
[linux/arm64] [2/3] STEP 8/11: COPY pkg/ pkg/
--> ec6318b41b4a
[linux/arm64] [2/3] STEP 9/11: ENV GOEXPERIMENT=strictfipsruntime
--> ec0fdb5d00c5
[linux/arm64] [2/3] STEP 10/11: ENV CGO_ENABLED=1
--> 58be20e3a0da
[linux/arm64] [2/3] STEP 11/11: RUN make build-backend BUILD_OPTS="-tags strictfipsruntime"
go build -tags strictfipsruntime -o plugin-backend -mod=readonly cmd/plugin-backend.go
Go compliance shim [2] [rhel-9-golang-1.25][openshift-golang-builder]: assessment: CGO_ENABLED=1
Go compliance shim [2] [rhel-9-golang-1.25][openshift-golang-builder]: assessment: dynamic linking
Go compliance shim [2] [rhel-9-golang-1.25][openshift-golang-builder]: skipping forced compliance due to broad exemption
Go compliance shim [2] [rhel-9-golang-1.25][openshift-golang-builder]: EXEMPT: 1


Go compliance shim [2] [rhel-9-golang-1.25][openshift-golang-builder]: final command line arguments: "build" "-tags" "strictfipsruntime" "-o" "plugin-backend" "-mod=readonly" "cmd/plugin-backend.go" 

Go compliance shim [2] [rhel-9-golang-1.25][openshift-golang-builder]: invoking real go binary
Go compliance shim [2] [rhel-9-golang-1.25][openshift-golang-builder]: Exited with: 0
--> 6f78e6e5fa38
[linux/arm64] [3/3] STEP 1/4: FROM registry.access.redhat.com/ubi9/ubi-minimal
[linux/arm64] [3/3] STEP 2/4: COPY --from=web-builder /opt/app-root/web/dist /opt/app-root/web/dist
--> 31a275b66cb9
[linux/arm64] [3/3] STEP 3/4: COPY --from=go-builder /opt/app-root/plugin-backend /opt/app-root
--> 374955534196
[linux/arm64] [3/3] STEP 4/4: ENTRYPOINT ["/opt/app-root/plugin-backend", "-static-path", "/opt/app-root/web/dist", "-config-path", "/opt/app-root/web/dist"]
[linux/arm64] [3/3] COMMIT
--> c9aa43457697
c9aa434576970ab6d7dc442bc664d8bb345697271ea2a65e178c699808cf74df
podman manifest push quay.io/rh-ee-emurasak/distributed-tracing-console-plugin:v0.4.3
Getting image list signatures
Copying 2 images generated from 2 images in list
Copying image sha256:4bfdedb5dee6d762337d233235fe4fc1d25df0d4291c52106750471f74c98f29 (1/2)
Getting image source signatures
Copying blob sha256:405e0519d3ccfc4080211e0d644bd4fcd85b440c255afca474b9f57529aa82a8
Copying blob sha256:fc619adba729ec24fef75235acd9b59c5e52bdef3e16a3803a6e9e3022ba748b
Copying blob sha256:08cff815060e8c0b39aa046bfc65d133d8b643881a3bcb816ea8625d91c39ef9
Copying config sha256:6fd123732309603260a4cbef28321ccdba3d5ec99b37bb91094b748445f1e169
Writing manifest to image destination
Copying image sha256:72d8e1cee62666077a27a9fe117f37d3d5477bbb4cffa4c78f5f3b24ff549af0 (2/2)
Getting image source signatures
Copying blob sha256:1609ebbfc5bdbfe85cfb0e4a543f58a9c5f40cb3d6cbe914f8fe02d5bca5e454
Copying blob sha256:87ffd1222d3aba6da5d67bbd7ef9cecba3a3830806163e678ae01cc57cd03d5e
Copying blob sha256:8168fba93987be860ae1444acf5973aec7d54b38c5e3335e3a936b603871f7d7
Copying config sha256:c9aa434576970ab6d7dc442bc664d8bb345697271ea2a65e178c699808cf74df
Writing manifest to image destination
Writing manifest list to image destination
Storing list signatures
==========================================
Building logging-view-plugin @ release-coo-ocp-4.15 with VERSION=v6.1.6 ORG=rh-ee-emurasak
==========================================
Switched to branch 'release-coo-ocp-4.15'
Your branch is up to date with 'origin/release-coo-ocp-4.15'.
From https://github.com/openshift/logging-view-plugin
 * branch            release-coo-ocp-4.15 -> FETCH_HEAD
Already up to date.
--- Attempt 1/3 ---
podman manifest rm quay.io/rh-ee-emurasak/logging-view-plugin:latest || true
Error: quay.io/rh-ee-emurasak/logging-view-plugin:latest: image not known
podman manifest create quay.io/rh-ee-emurasak/logging-view-plugin:latest
41f6c6939e0ebdc4cd6f56d2fc0233eda435cdeddddc326547cbddec2589119a
podman build --platform=linux/arm64,linux/amd64 --manifest quay.io/rh-ee-emurasak/logging-view-plugin:latest -f Dockerfile
[linux/arm64] [1/3] STEP 1/9: FROM registry.redhat.io/ubi9/nodejs-22:latest AS web-builder
Trying to pull registry.redhat.io/ubi9/nodejs-22:latest...
Getting image source signatures
Checking if image destination supports signatures
Copying blob sha256:8cc4364173e08b740ee39103f76581907e7a0eaa07260aeb6afbbebb8dde106e
Copying blob sha256:6c68ec2cb8914dd7cd64b186ef8674ae644c890fcae14edf9a3b33fde3a76cce
Copying blob sha256:98245caf86240da0764634e4873f8d78498df819a738bee6e752ffc1dc9be497
Copying config sha256:bceceabd26d12d7ba9de7f0aad51a65d5ae092bd1ae800eb7bad9330a6a05b8e
Writing manifest to image destination
Storing signatures
[linux/arm64] [1/3] STEP 2/9: WORKDIR /opt/app-root
--> 341df505c848
[linux/arm64] [1/3] STEP 3/9: USER 0
--> b18f0caebe0a
[linux/arm64] [1/3] STEP 4/9: ENV HUSKY=0
--> d39672776a8d
[linux/arm64] [1/3] STEP 5/9: COPY web/package*.json web/
--> af8214e08c63
[linux/arm64] [1/3] STEP 6/9: COPY Makefile Makefile
--> a699937996b2
[linux/arm64] [1/3] STEP 7/9: RUN make install-frontend-ci-clean
cd web && npm ci --omit=optional --ignore-scripts

added 1523 packages, and audited 1524 packages in 37s

265 packages are looking for funding
  run `npm fund` for details

34 vulnerabilities (21 moderate, 12 high, 1 critical)

To address issues that do not require attention, run:
  npm audit fix

To address all issues (including breaking changes), run:
  npm audit fix --force

Run `npm audit` for details.
cd web && npm cache clean --force
npm warn using --force Recommended protections disabled.
--> 6ae66c744986
[linux/arm64] [1/3] STEP 8/9: COPY web/ web/
--> 7baa0f0bc77e
[linux/arm64] [1/3] STEP 9/9: RUN make build-frontend
cd web && npm run build

> logging-view-plugin@6.1.0 build
> npm run clean && NODE_ENV=production npm run ts-node node_modules/.bin/webpack


> logging-view-plugin@6.1.0 clean
> rm -rf dist


> logging-view-plugin@6.1.0 ts-node
> ts-node -O '{"module":"commonjs"}' node_modules/.bin/webpack

assets by path *.js 4.83 MiB
  assets by chunk 2.69 MiB (id hint: vendors)
    assets by status 1.83 MiB [big]
      asset 9012-chunk-baaae8eb1415a60454d4.min.js 1.12 MiB [emitted] [immutable] [big] (id hint: vendors) 1 related asset
      asset 573-chunk-6751882185f4ace03f14.min.js 462 KiB [emitted] [immutable] [big] (id hint: vendors) 1 related asset
      asset 9123-chunk-7c59f766bf5aed38d7e4.min.js 266 KiB [emitted] [immutable] [big] (id hint: vendors) 1 related asset
    + 9 assets
  + 81 assets
asset locales/en/plugin__logging-view-plugin.json 10.4 KiB [emitted] [from: ../locales/en/plugin__logging-view-plugin.json] [copied]
asset plugin-manifest.json 1.92 KiB [emitted]
orphan modules 2.72 MiB [orphan] 1566 modules
runtime modules 37.2 KiB 14 modules
built modules 2.95 MiB (javascript) 1.72 KiB (consume-shared) 1.56 KiB (share-init) [built]
  modules by path ../node_modules/ 2.65 MiB 431 modules
  modules by path ./ 306 KiB 48 modules
  consume-shared-module modules 1.72 KiB
    modules by path consume shared module (default) @patternfly/react-core/dist/dynamic/ 1.23 KiB 30 modules
    modules by path consume shared module (default) @patternfly/react-icons/dist/dynamic/icons/ 294 bytes 7 modules
    + 5 modules
  provide-module modules 1.56 KiB
    modules by path provide shared module (default) @patternfly/react-core/dist/dynamic/ 1.23 KiB 30 modules
    modules by path provide shared module (default) @patternfly/react-icons/dist/dynamic/icons/ 294 bytes 7 modules
    provide shared module (default) @patternfly/react-table/dist/dynamic/components/...(truncated) 42 bytes [built] [code generated]
  container entry 42 bytes [built] [code generated]

WARNING in asset size limit: The following asset(s) exceed the recommended size limit (244 KiB).
This can impact web performance.
Assets: 
  9123-chunk-7c59f766bf5aed38d7e4.min.js (266 KiB)
  9012-chunk-baaae8eb1415a60454d4.min.js (1.12 MiB)
  573-chunk-6751882185f4ace03f14.min.js (462 KiB)

webpack 5.105.3 compiled with 1 warning in 35948 ms
--> d8f77888817e
[linux/arm64] [2/3] STEP 1/12: FROM brew.registry.redhat.io/rh-osbs/openshift-golang-builder:rhel_9_1.24 AS go-builder
Trying to pull brew.registry.redhat.io/rh-osbs/openshift-golang-builder:rhel_9_1.24...
Getting image source signatures
Copying blob sha256:0b3425962862e4c28bb2a8c620101947643235ac8ec98ebf4dd6948f79db8178
Copying blob sha256:65442b90c1456946b65a513148c3e504c3e1ae3889d427d5b4526ba9cec3ea0e
Copying config sha256:6b75237990fc7d8f0d9c2ac0d8181360163689361a8fa8d7ae3709b82f0e5e4e
Writing manifest to image destination
[linux/arm64] [2/3] STEP 2/12: WORKDIR /opt/app-root
--> 0bb7bf034da1
[linux/arm64] [2/3] STEP 3/12: COPY Makefile Makefile
--> 6f0d740a26c7
[linux/arm64] [2/3] STEP 4/12: COPY go.mod go.mod
--> d0fcabb7b2cd
[linux/arm64] [2/3] STEP 5/12: COPY go.sum go.sum
--> d86dbecf9655
[linux/arm64] [2/3] STEP 6/12: RUN make install-backend
go mod download
Go compliance shim [2] [rhel-9-golang-1.24][openshift-golang-builder]: assessment: CGO_ENABLED=1
Go compliance shim [2] [rhel-9-golang-1.24][openshift-golang-builder]: assessment: dynamic linking
Go compliance shim [2] [rhel-9-golang-1.24][openshift-golang-builder]: skipping forced compliance due to broad exemption
Go compliance shim [2] [rhel-9-golang-1.24][openshift-golang-builder]: EXEMPT: 1


Go compliance shim [2] [rhel-9-golang-1.24][openshift-golang-builder]: final command line arguments: "mod" "download" 

Go compliance shim [2] [rhel-9-golang-1.24][openshift-golang-builder]: invoking real go binary
Go compliance shim [2] [rhel-9-golang-1.24][openshift-golang-builder]: Exited with: 0
--> b75f4097f21c
[linux/arm64] [2/3] STEP 7/12: COPY config/ config/
--> 57a3298c8db0
[linux/arm64] [2/3] STEP 8/12: COPY cmd/ cmd/
--> dda9698803e2
[linux/arm64] [2/3] STEP 9/12: COPY pkg/ pkg/
--> df7a6e8173cd
[linux/arm64] [2/3] STEP 10/12: ENV GOEXPERIMENT=strictfipsruntime
--> c0d22323ed7b
[linux/arm64] [2/3] STEP 11/12: ENV CGO_ENABLED=1
--> 98ee816e6d04
[linux/arm64] [2/3] STEP 12/12: RUN make build-backend BUILD_OPTS="-tags strictfipsruntime"
go build -tags strictfipsruntime -mod=readonly -o plugin-backend cmd/plugin-backend.go
Go compliance shim [2] [rhel-9-golang-1.24][openshift-golang-builder]: assessment: CGO_ENABLED=1
Go compliance shim [2] [rhel-9-golang-1.24][openshift-golang-builder]: assessment: dynamic linking
Go compliance shim [2] [rhel-9-golang-1.24][openshift-golang-builder]: skipping forced compliance due to broad exemption
Go compliance shim [2] [rhel-9-golang-1.24][openshift-golang-builder]: EXEMPT: 1


Go compliance shim [2] [rhel-9-golang-1.24][openshift-golang-builder]: final command line arguments: "build" "-tags" "strictfipsruntime" "-mod=readonly" "-o" "plugin-backend" "cmd/plugin-backend.go" 

Go compliance shim [2] [rhel-9-golang-1.24][openshift-golang-builder]: invoking real go binary
Go compliance shim [2] [rhel-9-golang-1.24][openshift-golang-builder]: Exited with: 0
--> efd7e8f3980b
[linux/amd64] [1/3] STEP 1/9: FROM registry.redhat.io/ubi9/nodejs-22:latest AS web-builder
Trying to pull registry.redhat.io/ubi9/nodejs-22:latest...
Getting image source signatures
Checking if image destination supports signatures
Copying blob sha256:669ecfdf872e83fa8f88dbdbe9b75f628fb72b9210cbdcce7ea0f449a74cac9e
Copying blob sha256:9a785c83dc42af66688cf5d3dd8e0500ce65bad5a679b45744d62c2fffbb60d8
Copying blob sha256:1c3800ac7d8629ddf73a031732f867dbc0c46d5a7dd1f70c0656c2e6e351e3aa
Copying config sha256:7ff8c7d7ce9b0c742c2379ee8b8206279c959b199e0e12bd8d486ef717c6da23
Writing manifest to image destination
Storing signatures
[linux/amd64] [1/3] STEP 2/9: WORKDIR /opt/app-root
--> 2103fdc2dad6
[linux/amd64] [1/3] STEP 3/9: USER 0
--> d75913f681ee
[linux/amd64] [1/3] STEP 4/9: ENV HUSKY=0
--> 9f5f3c24faf7
[linux/amd64] [1/3] STEP 5/9: COPY web/package*.json web/
--> 388ac5dab5e0
[linux/amd64] [1/3] STEP 6/9: COPY Makefile Makefile
--> e0e09460f906
[linux/amd64] [1/3] STEP 7/9: RUN make install-frontend-ci-clean
cd web && npm ci --omit=optional --ignore-scripts

added 1523 packages, and audited 1524 packages in 42s

265 packages are looking for funding
  run `npm fund` for details

34 vulnerabilities (21 moderate, 12 high, 1 critical)

To address issues that do not require attention, run:
  npm audit fix

To address all issues (including breaking changes), run:
  npm audit fix --force

Run `npm audit` for details.
cd web && npm cache clean --force
npm warn using --force Recommended protections disabled.
--> 53e6bed6b4ae
[linux/amd64] [1/3] STEP 8/9: COPY web/ web/
--> 26d62bbad49c
[linux/amd64] [1/3] STEP 9/9: RUN make build-frontend
cd web && npm run build

> logging-view-plugin@6.1.0 build
> npm run clean && NODE_ENV=production npm run ts-node node_modules/.bin/webpack


> logging-view-plugin@6.1.0 clean
> rm -rf dist


> logging-view-plugin@6.1.0 ts-node
> ts-node -O '{"module":"commonjs"}' node_modules/.bin/webpack

assets by path *.js 4.83 MiB
  assets by chunk 2.69 MiB (id hint: vendors)
    assets by status 1.83 MiB [big]
      asset 9012-chunk-baaae8eb1415a60454d4.min.js 1.12 MiB [emitted] [immutable] [big] (id hint: vendors) 1 related asset
      asset 573-chunk-6751882185f4ace03f14.min.js 462 KiB [emitted] [immutable] [big] (id hint: vendors) 1 related asset
      asset 9123-chunk-7c59f766bf5aed38d7e4.min.js 266 KiB [emitted] [immutable] [big] (id hint: vendors) 1 related asset
    + 9 assets
  + 81 assets
asset locales/en/plugin__logging-view-plugin.json 10.4 KiB [emitted] [from: ../locales/en/plugin__logging-view-plugin.json] [copied]
asset plugin-manifest.json 1.92 KiB [emitted]
orphan modules 2.72 MiB [orphan] 1566 modules
runtime modules 37.2 KiB 14 modules
built modules 2.95 MiB (javascript) 1.72 KiB (consume-shared) 1.56 KiB (share-init) [built]
  modules by path ../node_modules/ 2.65 MiB 431 modules
  modules by path ./ 306 KiB 48 modules
  consume-shared-module modules 1.72 KiB
    modules by path consume shared module (default) @patternfly/react-core/dist/dynamic/ 1.23 KiB 30 modules
    modules by path consume shared module (default) @patternfly/react-icons/dist/dynamic/icons/ 294 bytes 7 modules
    + 5 modules
  provide-module modules 1.56 KiB
    modules by path provide shared module (default) @patternfly/react-core/dist/dynamic/ 1.23 KiB 30 modules
    modules by path provide shared module (default) @patternfly/react-icons/dist/dynamic/icons/ 294 bytes 7 modules
    provide shared module (default) @patternfly/react-table/dist/dynamic/components/...(truncated) 42 bytes [built] [code generated]
  container entry 42 bytes [built] [code generated]

WARNING in asset size limit: The following asset(s) exceed the recommended size limit (244 KiB).
This can impact web performance.
Assets: 
  9123-chunk-7c59f766bf5aed38d7e4.min.js (266 KiB)
  9012-chunk-baaae8eb1415a60454d4.min.js (1.12 MiB)
  573-chunk-6751882185f4ace03f14.min.js (462 KiB)

webpack 5.105.3 compiled with 1 warning in 53887 ms
--> 296e31099bf0
[linux/arm64] [3/3] STEP 1/5: FROM registry.redhat.io/rhel9-4-els/rhel:9.4
Trying to pull registry.redhat.io/rhel9-4-els/rhel:9.4...
Getting image source signatures
Checking if image destination supports signatures
Copying blob sha256:79500177a417e8e03b63a0893e7e6b03f94ac7a605be761a51e28f082a16087f
Copying config sha256:62846c379ae900d8abe0855310d3d4e7ca7b0b21cc231d45bdfe5a0044988475
Writing manifest to image destination
Storing signatures
[linux/arm64] [3/3] STEP 2/5: COPY --from=web-builder /opt/app-root/web/dist /opt/app-root/web/dist
--> 9f3b6a96ffd4
[linux/arm64] [3/3] STEP 3/5: COPY --from=go-builder /opt/app-root/plugin-backend /opt/app-root
--> aa504f930b6e
[linux/arm64] [3/3] STEP 4/5: COPY --from=go-builder /opt/app-root/config /opt/app-root/config
--> d14c6be02349
[linux/arm64] [3/3] STEP 5/5: ENTRYPOINT ["/opt/app-root/plugin-backend", "-config-path", "/opt/app-root/config", "-static-path", "/opt/app-root/web/dist"]
[linux/arm64] [3/3] COMMIT
--> c12a3fb99fc5
[linux/amd64] [2/3] STEP 1/12: FROM brew.registry.redhat.io/rh-osbs/openshift-golang-builder:rhel_9_1.24 AS go-builder
c12a3fb99fc5fe8877cebeaeff52ef62baf7ae0806211c79ea79bb5ee7d9875a
Trying to pull brew.registry.redhat.io/rh-osbs/openshift-golang-builder:rhel_9_1.24...
Getting image source signatures
Copying blob sha256:e2e2fd836dcf8c102bc7bdec3fa60ccac6c08515308f3a3fd42a61dbecea6239
Copying blob sha256:5e09f8650bc245176f116be7bf617e9ebbda9f1690adc8f25ef8cc558cd62fbf
Copying config sha256:4110829d2ea57e0eeded3bd6d60857e756e7c4076501cd57b752f0411b653164
Writing manifest to image destination
[linux/amd64] [2/3] STEP 2/12: WORKDIR /opt/app-root
--> 3a426e9da9df
[linux/amd64] [2/3] STEP 3/12: COPY Makefile Makefile
--> 8aa2075ff0c7
[linux/amd64] [2/3] STEP 4/12: COPY go.mod go.mod
--> 1a03884ede1f
[linux/amd64] [2/3] STEP 5/12: COPY go.sum go.sum
--> 43f37a8158dc
[linux/amd64] [2/3] STEP 6/12: RUN make install-backend
go mod download
Go compliance shim [2] [rhel-9-golang-1.24][openshift-golang-builder]: assessment: CGO_ENABLED=1
Go compliance shim [2] [rhel-9-golang-1.24][openshift-golang-builder]: assessment: dynamic linking
Go compliance shim [2] [rhel-9-golang-1.24][openshift-golang-builder]: skipping forced compliance due to broad exemption
Go compliance shim [2] [rhel-9-golang-1.24][openshift-golang-builder]: EXEMPT: 1


Go compliance shim [2] [rhel-9-golang-1.24][openshift-golang-builder]: final command line arguments: "mod" "download" 

Go compliance shim [2] [rhel-9-golang-1.24][openshift-golang-builder]: invoking real go binary
Go compliance shim [2] [rhel-9-golang-1.24][openshift-golang-builder]: Exited with: 0
--> a83ce666d8ba
[linux/amd64] [2/3] STEP 7/12: COPY config/ config/
--> cbf80cc3eedb
[linux/amd64] [2/3] STEP 8/12: COPY cmd/ cmd/
--> fe9aa411d5a1
[linux/amd64] [2/3] STEP 9/12: COPY pkg/ pkg/
--> 23f41a9e3d4f
[linux/amd64] [2/3] STEP 10/12: ENV GOEXPERIMENT=strictfipsruntime
--> 774f921c12cb
[linux/amd64] [2/3] STEP 11/12: ENV CGO_ENABLED=1
--> aafa8295ec9d
[linux/amd64] [2/3] STEP 12/12: RUN make build-backend BUILD_OPTS="-tags strictfipsruntime"
go build -tags strictfipsruntime -mod=readonly -o plugin-backend cmd/plugin-backend.go
Go compliance shim [2] [rhel-9-golang-1.24][openshift-golang-builder]: assessment: CGO_ENABLED=1
Go compliance shim [2] [rhel-9-golang-1.24][openshift-golang-builder]: assessment: dynamic linking
Go compliance shim [2] [rhel-9-golang-1.24][openshift-golang-builder]: skipping forced compliance due to broad exemption
Go compliance shim [2] [rhel-9-golang-1.24][openshift-golang-builder]: EXEMPT: 1


Go compliance shim [2] [rhel-9-golang-1.24][openshift-golang-builder]: final command line arguments: "build" "-tags" "strictfipsruntime" "-mod=readonly" "-o" "plugin-backend" "cmd/plugin-backend.go" 

Go compliance shim [2] [rhel-9-golang-1.24][openshift-golang-builder]: invoking real go binary
Go compliance shim [2] [rhel-9-golang-1.24][openshift-golang-builder]: Exited with: 0
--> 3a7c0af4d635
[linux/amd64] [3/3] STEP 1/5: FROM registry.redhat.io/rhel9-4-els/rhel:9.4
Trying to pull registry.redhat.io/rhel9-4-els/rhel:9.4...
Getting image source signatures
Checking if image destination supports signatures
Copying blob sha256:9e5082548d869f2944301a153c8568183a38cf0df310a3fb0b2daf2af3b5f841
Copying config sha256:77849b1a77e7859a392840d43bed01557ec82ac0c2ac4283d962deec354ceee6
Writing manifest to image destination
Storing signatures
[linux/amd64] [3/3] STEP 2/5: COPY --from=web-builder /opt/app-root/web/dist /opt/app-root/web/dist
--> b71c00235c0d
[linux/amd64] [3/3] STEP 3/5: COPY --from=go-builder /opt/app-root/plugin-backend /opt/app-root
--> 7f5309d93bc8
[linux/amd64] [3/3] STEP 4/5: COPY --from=go-builder /opt/app-root/config /opt/app-root/config
--> 2057081a2552
[linux/amd64] [3/3] STEP 5/5: ENTRYPOINT ["/opt/app-root/plugin-backend", "-config-path", "/opt/app-root/config", "-static-path", "/opt/app-root/web/dist"]
[linux/amd64] [3/3] COMMIT
--> 2654dabe8f8e
2654dabe8f8eacc954aa56a69198ff2d6635cd6e0d2ecfb8eaba1c5d11956847
podman manifest push quay.io/rh-ee-emurasak/logging-view-plugin:latest
Getting image list signatures
Copying 2 images generated from 2 images in list
Copying image sha256:58866756a4a99da036f3ceb6099d278a1c1510181d5076edce6c8f9775338952 (1/2)
Getting image source signatures
Copying blob sha256:abdb8cc72e3424e4355a57b5eaf69a820fc9a93b5ef3124d51f184bbf887b049
Copying blob sha256:8c0195dceec4190f6142398f2aaa233407b190287d52b4ba43e7dd9087b081d5
Copying blob sha256:bacca23c3165ca294e9e93e840242f1133769cd62242fd3e721ad28b468f18fa
Copying blob sha256:d2954fd208acbab59d9ba13f53a8fd60b99bdbb3bda46d8185a5d0e6c7d4e3d7
Copying config sha256:c12a3fb99fc5fe8877cebeaeff52ef62baf7ae0806211c79ea79bb5ee7d9875a
Writing manifest to image destination
Copying image sha256:ad1486a9e2203999ffece38818fde378aad27b992d85c0e765a5cb1e90411c30 (2/2)
Getting image source signatures
Copying blob sha256:3019c9705a19ec15a1f76e91e7cc3ba57fc0ced03a947a418125087d9bfd1fb7
Copying blob sha256:74ea6a5315ac2a0a27a1e4e6f87703374739fbd596e872724a21ab09c6bdf5dd
Copying blob sha256:24c5f26c983a235fe5c258d57f24cf2822754834489ce2672da4e45f1a171c5b
Copying blob sha256:6f8f525aaf007ed918025a8548eb62e66f4a5a86c61b3ae898a159a1eb739fcb
Copying config sha256:2654dabe8f8eacc954aa56a69198ff2d6635cd6e0d2ecfb8eaba1c5d11956847
Writing manifest to image destination
Writing manifest list to image destination
Storing list signatures
==========================================
Building monitoring-plugin @ release-coo-ocp-4.15 with VERSION=v0.4.5 ORG=rh-ee-emurasak
==========================================
Switched to branch 'release-coo-ocp-4.15'
Your branch is up to date with 'origin/release-coo-ocp-4.15'.
From https://github.com/openshift/monitoring-plugin
 * branch            release-coo-ocp-4.15 -> FETCH_HEAD
Already up to date.
--- Attempt 1/3 ---
podman manifest rm quay.io/rh-ee-emurasak/monitoring-console-plugin:v0.4.5 || true
Error: quay.io/rh-ee-emurasak/monitoring-console-plugin:v0.4.5: image not known
podman manifest create quay.io/rh-ee-emurasak/monitoring-console-plugin:v0.4.5
6d85d5e8a770a37a128f136fc8c94e86efd883fb491d75c37f5a9b4764aa8dca
podman build --platform linux/arm64,linux/amd64 --manifest quay.io/rh-ee-emurasak/monitoring-console-plugin:v0.4.5 -f Dockerfile.mcp
[linux/arm64] [1/3] STEP 1/11: FROM registry.redhat.io/ubi9/nodejs-20:1-59 AS web-builder
Trying to pull registry.redhat.io/ubi9/nodejs-20:1-59...
Getting image source signatures
Checking if image destination supports signatures
Copying blob sha256:d4500cc116c35b566fa0da2cbf5b660ba4a46baf1e10af00895c93ff462305ac
Copying blob sha256:5fa3c2b243a50b3675f35932b5f4935ef65e57cddc5d4cc7ba71679269790399
Copying blob sha256:64e1bf5bb696db82701f92056c4296537d0cad1564e1e6b21d12ef94672e2151
Copying config sha256:ef61de170c3517e89e80b8172fe30f7250c126c0ca6111ac7e1ef476d74208f7
Writing manifest to image destination
Storing signatures
[linux/arm64] [1/3] STEP 2/11: USER 0
--> f451ae09602b
[linux/arm64] [1/3] STEP 3/11: WORKDIR /opt/app-root
--> 8f2c00964a25
[linux/arm64] [1/3] STEP 4/11: ENV HUSKY=0
--> 1e85db36a79f
[linux/arm64] [1/3] STEP 5/11: COPY Makefile Makefile
--> 92d7c1943f7e
[linux/arm64] [1/3] STEP 6/11: COPY scripts/update-plugin-name.sh scripts/update-plugin-name.sh
--> bef178c8da01
[linux/arm64] [1/3] STEP 7/11: COPY web/ web/
--> c1c62706cd15
[linux/arm64] [1/3] STEP 8/11: RUN make update-plugin-name
./scripts/update-plugin-name.sh
--> 5cd8914c2167
[linux/arm64] [1/3] STEP 9/11: ENV I18N_NAMESPACE="plugin__monitoring-console-plugin"
--> 0c89e3f7d7fe
[linux/arm64] [1/3] STEP 10/11: RUN make install-frontend
cd web && npm install
npm warn EBADENGINE Unsupported engine {
npm warn EBADENGINE   package: 'undici@7.24.7',
npm warn EBADENGINE   required: { node: '>=20.18.1' },
npm warn EBADENGINE   current: { node: 'v20.16.0', npm: '10.8.1' }
npm warn EBADENGINE }
npm warn EBADENGINE Unsupported engine {
npm warn EBADENGINE   package: 'cheerio@1.1.2',
npm warn EBADENGINE   required: { node: '>=20.18.1' },
npm warn EBADENGINE   current: { node: 'v20.16.0', npm: '10.8.1' }
npm warn EBADENGINE }
npm warn EBADENGINE Unsupported engine {
npm warn EBADENGINE   package: 'undici@7.25.0',
npm warn EBADENGINE   required: { node: '>=20.18.1' },
npm warn EBADENGINE   current: { node: 'v20.16.0', npm: '10.8.1' }
npm warn EBADENGINE }
npm warn deprecated rimraf@3.0.2: Rimraf versions prior to v4 are no longer supported
npm warn deprecated inflight@1.0.6: This module is not supported, and leaks memory. Do not use it. Check out lru-cache if you want a good and tested way to coalesce async requests by a key value, which is much more comprehensive and powerful.
npm warn deprecated i18next-parser@9.4.0: Project is deprecated, use i18next-cli instead
npm warn deprecated glob@7.2.3: Glob versions prior to v9 are no longer supported
npm warn deprecated @types/webpack-dev-server@4.7.2: This is a stub types definition. webpack-dev-server provides its own type definitions, so you do not need this installed.
npm warn deprecated eslint@8.44.0: This version is no longer supported. Please see https://eslint.org/version-support for other options.
npm warn deprecated @humanwhocodes/object-schema@2.0.3: Use @eslint/object-schema instead
npm warn deprecated @humanwhocodes/config-array@0.11.14: Use @eslint/config-array instead
npm warn deprecated glob@10.5.0: Old versions of glob are not supported, and contain widely publicized security vulnerabilities, which have been fixed in the current version. Please update. Support for old versions may be purchased (at exorbitant rates) by contacting i@izs.me

> monitoring-console-plugin@0.4.0 prepare
> cd .. && husky install web/.husky

husky - HUSKY env variable is set to 0, skipping install

added 1395 packages, and audited 1396 packages in 2m

285 packages are looking for funding
  run `npm fund` for details

26 vulnerabilities (1 low, 23 moderate, 2 high)

To address issues that do not require attention, run:
  npm audit fix

To address all issues (including breaking changes), run:
  npm audit fix --force

Run `npm audit` for details.
npm notice
npm notice New major version of npm available! 10.8.1 -> 11.16.0
npm notice Changelog: https://github.com/npm/cli/releases/tag/v11.16.0
npm notice To update run: npm install -g npm@11.16.0
npm notice
--> cdd15290b4cc
[linux/arm64] [1/3] STEP 11/11: RUN make build-frontend
cd web && npm run build

> monitoring-console-plugin@0.4.0 build
> npm run clean && NODE_ENV=production npm run ts-node node_modules/.bin/webpack


> monitoring-console-plugin@0.4.0 clean
> rm -rf dist


> monitoring-console-plugin@0.4.0 ts-node
> ts-node -O '{"module":"commonjs"}' node_modules/.bin/webpack

DEPRECATION WARNING [legacy-js-api]: The legacy JS API is deprecated and will be removed in Dart Sass 2.0.0.

More info: https://sass-lang.com/d/legacy-js-api

DEPRECATION WARNING [legacy-js-api]: The legacy JS API is deprecated and will be removed in Dart Sass 2.0.0.

More info: https://sass-lang.com/d/legacy-js-api

DEPRECATION WARNING [legacy-js-api]: The legacy JS API is deprecated and will be removed in Dart Sass 2.0.0.

More info: https://sass-lang.com/d/legacy-js-api

DEPRECATION WARNING [legacy-js-api]: The legacy JS API is deprecated and will be removed in Dart Sass 2.0.0.

More info: https://sass-lang.com/d/legacy-js-api

DEPRECATION WARNING [legacy-js-api]: The legacy JS API is deprecated and will be removed in Dart Sass 2.0.0.

More info: https://sass-lang.com/d/legacy-js-api

assets by path *.js 9.07 MiB
  assets by chunk 8.32 MiB (id hint: vendors)
    assets by status 7.29 MiB [big] 3 assets
    + 36 assets
  + 97 assets
assets by path assets/ 1.33 MiB
  assets by chunk 1.27 MiB (auxiliary id hint: vendors) 84 assets
  asset assets/codicon..ttf 55.2 KiB [emitted] [from: components/metrics/codicon.ttf]
  asset assets/restricted-sign..svg 2.38 KiB [emitted] [from: components/console/imgs/restricted-sign.svg] (auxiliary name: exposed-MonitoringRouter)
assets by path locales/ 59.3 KiB
  asset locales/en/plugin__monitoring-console-plugin.json 18.8 KiB [emitted] [from: ../locales/en/plugin__monitoring-console-plugin.json] [copied]
  asset locales/ja/plugin__monitoring-console-plugin.json 14.9 KiB [emitted] [from: ../locales/ja/plugin__monitoring-console-plugin.json] [copied]
  asset locales/ko/plugin__monitoring-console-plugin.json 13.6 KiB [emitted] [from: ../locales/ko/plugin__monitoring-console-plugin.json] [copied]
  asset locales/zh/plugin__monitoring-console-plugin.json 11.9 KiB [emitted] [from: ../locales/zh/plugin__monitoring-console-plugin.json] [copied]
asset plugin-manifest.json 5.41 KiB [emitted]
orphan modules 20.4 MiB [orphan] 20670 modules
runtime modules 53 KiB 15 modules
built modules 17.9 MiB (javascript) 1.33 MiB (asset) 3.04 KiB (consume-shared) 2.75 KiB (share-init) [built]
  javascript modules 17.9 MiB 1641 modules
  asset modules 1.33 MiB (asset) 3.53 KiB (javascript)
    modules by path ../node_modules/ 1.27 MiB (asset) 3.45 KiB (javascript) 84 modules
    modules by path ./components/ 57.5 KiB (asset) 84 bytes (javascript) 2 modules
  consume-shared-module modules 3.04 KiB 74 modules
  provide-module modules 2.75 KiB
    modules by path provide shared module (default) @patternfly/react-core/dist/dynamic/ 1.93 KiB 47 modules
    modules by path provide shared module (default) @patternfly/react-icons/dist/dynamic/icons/ 756 bytes 18 modules
    modules by path provide shared module (default) @patternfly/react-table/dist/dynamic/components/ 84 bytes 2 modules
  ../node_modules/tlds/index.json 10.9 KiB [built] [code generated]

WARNING in asset size limit: The following asset(s) exceed the recommended size limit (244 KiB).
This can impact web performance.
Assets: 
  6966-chunk-a961092f8109ff7abdf0.min.js (2.41 MiB)
  2608-chunk-7876e82306734b18a308.min.js (4.55 MiB)
  6898-chunk-7f02beb01f61a974566c.min.js (342 KiB)

webpack 5.105.2 compiled with 1 warning in 138432 ms
--> b8dec1aa2abb
[linux/arm64] [2/3] STEP 1/9: FROM brew.registry.redhat.io/rh-osbs/openshift-golang-builder:rhel_9_golang_1.23 AS go-builder
Trying to pull brew.registry.redhat.io/rh-osbs/openshift-golang-builder:rhel_9_golang_1.23...
Getting image source signatures
Copying blob sha256:10a820fbfa9bf553704fdab350d6257933786b946cde63407232f218a87208d0
Copying blob sha256:65442b90c1456946b65a513148c3e504c3e1ae3889d427d5b4526ba9cec3ea0e
Copying config sha256:7f90d348835f7e737efffd52afa9785160436c02c7ea5a8cf804f305ddf0c38b
Writing manifest to image destination
[linux/arm64] [2/3] STEP 2/9: WORKDIR /opt/app-root
--> d7e81d10a133
[linux/arm64] [2/3] STEP 3/9: COPY Makefile Makefile
--> e27ad071b86c
[linux/arm64] [2/3] STEP 4/9: COPY go.mod go.mod
--> 07ab7f586066
[linux/arm64] [2/3] STEP 5/9: COPY go.sum go.sum
--> e86827e62ab7
[linux/arm64] [2/3] STEP 6/9: RUN go mod download
Go compliance shim [1] [rhel-9-golang-1.23][openshift-golang-builder]: assessment: CGO_ENABLED=1
Go compliance shim [1] [rhel-9-golang-1.23][openshift-golang-builder]: assessment: dynamic linking
Go compliance shim [1] [rhel-9-golang-1.23][openshift-golang-builder]: skipping forced compliance due to broad exemption
Go compliance shim [1] [rhel-9-golang-1.23][openshift-golang-builder]: EXEMPT: 1


Go compliance shim [1] [rhel-9-golang-1.23][openshift-golang-builder]: final command line arguments: "mod" "download" 

Go compliance shim [1] [rhel-9-golang-1.23][openshift-golang-builder]: invoking real go binary
Go compliance shim [1] [rhel-9-golang-1.23][openshift-golang-builder]: Exited with: 0
--> d3ed80a6ae1c
[linux/arm64] [2/3] STEP 7/9: COPY cmd/ cmd/
--> e1ed18f1c666
[linux/arm64] [2/3] STEP 8/9: COPY pkg/ pkg/
--> 83778ac0599b
[linux/arm64] [2/3] STEP 9/9: RUN go build -mod=mod -o plugin-backend cmd/plugin-backend.go
Go compliance shim [1] [rhel-9-golang-1.23][openshift-golang-builder]: assessment: CGO_ENABLED=1
Go compliance shim [1] [rhel-9-golang-1.23][openshift-golang-builder]: assessment: dynamic linking
Go compliance shim [1] [rhel-9-golang-1.23][openshift-golang-builder]: skipping forced compliance due to broad exemption
Go compliance shim [1] [rhel-9-golang-1.23][openshift-golang-builder]: EXEMPT: 1


Go compliance shim [1] [rhel-9-golang-1.23][openshift-golang-builder]: final command line arguments: "build" "-mod=mod" "-o" "plugin-backend" "cmd/plugin-backend.go" 

Go compliance shim [1] [rhel-9-golang-1.23][openshift-golang-builder]: invoking real go binary
Go compliance shim [1] [rhel-9-golang-1.23][openshift-golang-builder]: Exited with: 0
--> ff776fc304e7
[linux/amd64] [1/3] STEP 1/11: FROM registry.redhat.io/ubi9/nodejs-20:1-59 AS web-builder
Trying to pull registry.redhat.io/ubi9/nodejs-20:1-59...
Getting image source signatures
Checking if image destination supports signatures
Copying blob sha256:f5e6502d2728ac70bea5ebf27077abc1ccfcc4b6601b93055132a1559bac5151
Copying blob sha256:94cdc3e7c5bff42dbb2c7ea912676b1b9baaa677b8c1b514f4b7a7f719d59c6a
Copying blob sha256:617256ad76f67c02baf41a3596507347f65a9c7566960e649da610cae4da591e
Copying config sha256:7697932fa5075c88fab12d0ca95acb35c325597a68f18a7cfd25d5b158f58cea
Writing manifest to image destination
Storing signatures
[linux/amd64] [1/3] STEP 2/11: USER 0
--> 55ccd8b2ed2f
[linux/amd64] [1/3] STEP 3/11: WORKDIR /opt/app-root
--> daa62b3acb3e
[linux/amd64] [1/3] STEP 4/11: ENV HUSKY=0
--> 11a9ea73a50f
[linux/amd64] [1/3] STEP 5/11: COPY Makefile Makefile
--> 286320a05b63
[linux/amd64] [1/3] STEP 6/11: COPY scripts/update-plugin-name.sh scripts/update-plugin-name.sh
--> a986f5e88e51
[linux/amd64] [1/3] STEP 7/11: COPY web/ web/
--> f750971e2e27
[linux/amd64] [1/3] STEP 8/11: RUN make update-plugin-name
./scripts/update-plugin-name.sh
--> a821abff2a4a
[linux/amd64] [1/3] STEP 9/11: ENV I18N_NAMESPACE="plugin__monitoring-console-plugin"
--> 98a314882056
[linux/amd64] [1/3] STEP 10/11: RUN make install-frontend
cd web && npm install
npm warn EBADENGINE Unsupported engine {
npm warn EBADENGINE   package: 'undici@7.24.7',
npm warn EBADENGINE   required: { node: '>=20.18.1' },
npm warn EBADENGINE   current: { node: 'v20.16.0', npm: '10.8.1' }
npm warn EBADENGINE }
npm warn EBADENGINE Unsupported engine {
npm warn EBADENGINE   package: 'cheerio@1.1.2',
npm warn EBADENGINE   required: { node: '>=20.18.1' },
npm warn EBADENGINE   current: { node: 'v20.16.0', npm: '10.8.1' }
npm warn EBADENGINE }
npm warn EBADENGINE Unsupported engine {
npm warn EBADENGINE   package: 'undici@7.25.0',
npm warn EBADENGINE   required: { node: '>=20.18.1' },
npm warn EBADENGINE   current: { node: 'v20.16.0', npm: '10.8.1' }
npm warn EBADENGINE }
npm warn deprecated rimraf@3.0.2: Rimraf versions prior to v4 are no longer supported
npm warn deprecated inflight@1.0.6: This module is not supported, and leaks memory. Do not use it. Check out lru-cache if you want a good and tested way to coalesce async requests by a key value, which is much more comprehensive and powerful.
npm warn deprecated glob@7.2.3: Glob versions prior to v9 are no longer supported
npm warn deprecated i18next-parser@9.4.0: Project is deprecated, use i18next-cli instead
npm warn deprecated @types/webpack-dev-server@4.7.2: This is a stub types definition. webpack-dev-server provides its own type definitions, so you do not need this installed.
npm warn deprecated @humanwhocodes/config-array@0.11.14: Use @eslint/config-array instead
npm warn deprecated @humanwhocodes/object-schema@2.0.3: Use @eslint/object-schema instead
npm warn deprecated glob@10.5.0: Old versions of glob are not supported, and contain widely publicized security vulnerabilities, which have been fixed in the current version. Please update. Support for old versions may be purchased (at exorbitant rates) by contacting i@izs.me
npm warn deprecated eslint@8.44.0: This version is no longer supported. Please see https://eslint.org/version-support for other options.

> monitoring-console-plugin@0.4.0 prepare
> cd .. && husky install web/.husky

husky - HUSKY env variable is set to 0, skipping install

added 1395 packages, and audited 1396 packages in 2m

285 packages are looking for funding
  run `npm fund` for details

26 vulnerabilities (1 low, 23 moderate, 2 high)

To address issues that do not require attention, run:
  npm audit fix

To address all issues (including breaking changes), run:
  npm audit fix --force

Run `npm audit` for details.
npm notice
npm notice New major version of npm available! 10.8.1 -> 11.16.0
npm notice Changelog: https://github.com/npm/cli/releases/tag/v11.16.0
npm notice To update run: npm install -g npm@11.16.0
npm notice
--> 289d526fa916
[linux/amd64] [1/3] STEP 11/11: RUN make build-frontend
cd web && npm run build

> monitoring-console-plugin@0.4.0 build
> npm run clean && NODE_ENV=production npm run ts-node node_modules/.bin/webpack


> monitoring-console-plugin@0.4.0 clean
> rm -rf dist


> monitoring-console-plugin@0.4.0 ts-node
> ts-node -O '{"module":"commonjs"}' node_modules/.bin/webpack

DEPRECATION WARNING [legacy-js-api]: The legacy JS API is deprecated and will be removed in Dart Sass 2.0.0.

More info: https://sass-lang.com/d/legacy-js-api

DEPRECATION WARNING [legacy-js-api]: The legacy JS API is deprecated and will be removed in Dart Sass 2.0.0.

More info: https://sass-lang.com/d/legacy-js-api

DEPRECATION WARNING [legacy-js-api]: The legacy JS API is deprecated and will be removed in Dart Sass 2.0.0.

More info: https://sass-lang.com/d/legacy-js-api

DEPRECATION WARNING [legacy-js-api]: The legacy JS API is deprecated and will be removed in Dart Sass 2.0.0.

More info: https://sass-lang.com/d/legacy-js-api

DEPRECATION WARNING [legacy-js-api]: The legacy JS API is deprecated and will be removed in Dart Sass 2.0.0.

More info: https://sass-lang.com/d/legacy-js-api

assets by path *.js 9.07 MiB
  assets by chunk 8.32 MiB (id hint: vendors)
    assets by status 7.29 MiB [big] 3 assets
    + 36 assets
  + 97 assets
assets by path assets/ 1.33 MiB
  assets by chunk 1.27 MiB (auxiliary id hint: vendors) 84 assets
  asset assets/codicon..ttf 55.2 KiB [emitted] [from: components/metrics/codicon.ttf]
  asset assets/restricted-sign..svg 2.38 KiB [emitted] [from: components/console/imgs/restricted-sign.svg] (auxiliary name: exposed-MonitoringRouter)
assets by path locales/ 59.3 KiB
  asset locales/en/plugin__monitoring-console-plugin.json 18.8 KiB [emitted] [from: ../locales/en/plugin__monitoring-console-plugin.json] [copied]
  asset locales/ja/plugin__monitoring-console-plugin.json 14.9 KiB [emitted] [from: ../locales/ja/plugin__monitoring-console-plugin.json] [copied]
  asset locales/ko/plugin__monitoring-console-plugin.json 13.6 KiB [emitted] [from: ../locales/ko/plugin__monitoring-console-plugin.json] [copied]
  asset locales/zh/plugin__monitoring-console-plugin.json 11.9 KiB [emitted] [from: ../locales/zh/plugin__monitoring-console-plugin.json] [copied]
asset plugin-manifest.json 5.41 KiB [emitted]
orphan modules 20.4 MiB [orphan] 20670 modules
runtime modules 53 KiB 15 modules
built modules 17.9 MiB (javascript) 1.33 MiB (asset) 3.04 KiB (consume-shared) 2.75 KiB (share-init) [built]
  javascript modules 17.9 MiB 1641 modules
  asset modules 1.33 MiB (asset) 3.53 KiB (javascript)
    modules by path ../node_modules/ 1.27 MiB (asset) 3.45 KiB (javascript) 84 modules
    modules by path ./components/ 57.5 KiB (asset) 84 bytes (javascript) 2 modules
  consume-shared-module modules 3.04 KiB 74 modules
  provide-module modules 2.75 KiB
    modules by path provide shared module (default) @patternfly/react-core/dist/dynamic/ 1.93 KiB 47 modules
    modules by path provide shared module (default) @patternfly/react-icons/dist/dynamic/icons/ 756 bytes 18 modules
    modules by path provide shared module (default) @patternfly/react-table/dist/dynamic/components/ 84 bytes 2 modules
  ../node_modules/tlds/index.json 10.9 KiB [built] [code generated]

WARNING in asset size limit: The following asset(s) exceed the recommended size limit (244 KiB).
This can impact web performance.
Assets: 
  6966-chunk-a961092f8109ff7abdf0.min.js (2.41 MiB)
  2608-chunk-7876e82306734b18a308.min.js (4.55 MiB)
  6898-chunk-7f02beb01f61a974566c.min.js (342 KiB)

webpack 5.105.2 compiled with 1 warning in 181981 ms
--> 03fa095d396a
[linux/arm64] [3/3] STEP 1/7: FROM registry.access.redhat.com/ubi9/ubi-minimal
[linux/arm64] [3/3] STEP 2/7: USER 1001
--> e5551c41da76
[linux/arm64] [3/3] STEP 3/7: COPY --from=web-builder /opt/app-root/web/dist /opt/app-root/web/dist
--> 1f969e62a7f0
[linux/arm64] [3/3] STEP 4/7: COPY --from=web-builder /opt/app-root/web/package.json /opt/app-root/web/package.json
--> d072abf87215
[linux/arm64] [3/3] STEP 5/7: COPY --from=go-builder /opt/app-root/plugin-backend /opt/app-root
--> 64a2b9864376
[linux/arm64] [3/3] STEP 6/7: COPY config/ /opt/app-root/config
--> 85826d27be27
[linux/arm64] [3/3] STEP 7/7: ENTRYPOINT ["/opt/app-root/plugin-backend", "-static-path", "/opt/app-root/web/dist", "-config-path", "/opt/app-root/config"]
[linux/arm64] [3/3] COMMIT
--> d08db2aa3309
[linux/amd64] [2/3] STEP 1/9: FROM brew.registry.redhat.io/rh-osbs/openshift-golang-builder:rhel_9_golang_1.23 AS go-builder
d08db2aa33091841b8ca370435d2f45bbf10b9f359a2d495a54af5612c083c62
Trying to pull brew.registry.redhat.io/rh-osbs/openshift-golang-builder:rhel_9_golang_1.23...
Getting image source signatures
Copying blob sha256:41e2642345fb0cc51dd8e4e60037216de84dce6e2f39b0d82165821221e8de3b
Copying blob sha256:5e09f8650bc245176f116be7bf617e9ebbda9f1690adc8f25ef8cc558cd62fbf
Copying config sha256:f3dea12931ce061bd2c181dcd80faa7303ae748e7e7e098d3a70a0d0f58161d6
Writing manifest to image destination
[linux/amd64] [2/3] STEP 2/9: WORKDIR /opt/app-root
--> 8bf9ea5a046d
[linux/amd64] [2/3] STEP 3/9: COPY Makefile Makefile
--> 5d4a2a5086df
[linux/amd64] [2/3] STEP 4/9: COPY go.mod go.mod
--> 9653542f9513
[linux/amd64] [2/3] STEP 5/9: COPY go.sum go.sum
--> d2372541b6fd
[linux/amd64] [2/3] STEP 6/9: RUN go mod download
Go compliance shim [1] [rhel-9-golang-1.23][openshift-golang-builder]: assessment: CGO_ENABLED=1
Go compliance shim [1] [rhel-9-golang-1.23][openshift-golang-builder]: assessment: dynamic linking
Go compliance shim [1] [rhel-9-golang-1.23][openshift-golang-builder]: skipping forced compliance due to broad exemption
Go compliance shim [1] [rhel-9-golang-1.23][openshift-golang-builder]: EXEMPT: 1


Go compliance shim [1] [rhel-9-golang-1.23][openshift-golang-builder]: final command line arguments: "mod" "download" 

Go compliance shim [1] [rhel-9-golang-1.23][openshift-golang-builder]: invoking real go binary
Go compliance shim [1] [rhel-9-golang-1.23][openshift-golang-builder]: Exited with: 0
--> bf487cd76a8d
[linux/amd64] [2/3] STEP 7/9: COPY cmd/ cmd/
--> a2346693654f
[linux/amd64] [2/3] STEP 8/9: COPY pkg/ pkg/
--> 7b5c65cbe3b8
[linux/amd64] [2/3] STEP 9/9: RUN go build -mod=mod -o plugin-backend cmd/plugin-backend.go
Go compliance shim [1] [rhel-9-golang-1.23][openshift-golang-builder]: assessment: CGO_ENABLED=1
Go compliance shim [1] [rhel-9-golang-1.23][openshift-golang-builder]: assessment: dynamic linking
Go compliance shim [1] [rhel-9-golang-1.23][openshift-golang-builder]: skipping forced compliance due to broad exemption
Go compliance shim [1] [rhel-9-golang-1.23][openshift-golang-builder]: EXEMPT: 1


Go compliance shim [1] [rhel-9-golang-1.23][openshift-golang-builder]: final command line arguments: "build" "-mod=mod" "-o" "plugin-backend" "cmd/plugin-backend.go" 

Go compliance shim [1] [rhel-9-golang-1.23][openshift-golang-builder]: invoking real go binary
Go compliance shim [1] [rhel-9-golang-1.23][openshift-golang-builder]: Exited with: 0
--> 51efde11fa1d
[linux/amd64] [3/3] STEP 1/7: FROM registry.access.redhat.com/ubi9/ubi-minimal
Trying to pull registry.access.redhat.com/ubi9/ubi-minimal:latest...
Getting image source signatures
Checking if image destination supports signatures
Copying blob sha256:dd148063a98f38d63a03cea2357d237d418889b91f204f507c033c944e443f45
Copying config sha256:6efa28c44703806c7c6ccb45ef6f4edc45ae794e0c0b28a1902cc64fece71ffc
Writing manifest to image destination
Storing signatures
[linux/amd64] [3/3] STEP 2/7: USER 1001
--> 529e0596ebaa
[linux/amd64] [3/3] STEP 3/7: COPY --from=web-builder /opt/app-root/web/dist /opt/app-root/web/dist
--> 9a83dfbcb46e
[linux/amd64] [3/3] STEP 4/7: COPY --from=web-builder /opt/app-root/web/package.json /opt/app-root/web/package.json
--> 5671d950ba95
[linux/amd64] [3/3] STEP 5/7: COPY --from=go-builder /opt/app-root/plugin-backend /opt/app-root
--> b1c5e378936e
[linux/amd64] [3/3] STEP 6/7: COPY config/ /opt/app-root/config
--> f6579f21d83c
[linux/amd64] [3/3] STEP 7/7: ENTRYPOINT ["/opt/app-root/plugin-backend", "-static-path", "/opt/app-root/web/dist", "-config-path", "/opt/app-root/config"]
[linux/amd64] [3/3] COMMIT
--> 899676440f11
899676440f112b0546dad761ebc0539ea863dd0054d8d74e92355cec4fd9d174
podman manifest push quay.io/rh-ee-emurasak/monitoring-console-plugin:v0.4.5
Getting image list signatures
Copying 2 images generated from 2 images in list
Copying image sha256:2bd76e05f2d80682ee166d19d63924c4e6225ce8fe1c85cf5d04cf7ef98b1273 (1/2)
Getting image source signatures
Copying blob sha256:87ffd1222d3aba6da5d67bbd7ef9cecba3a3830806163e678ae01cc57cd03d5e
Copying blob sha256:5533f75132856f1b4f334411a219f745138b47ec7252e54e40321e8125209283
Copying blob sha256:cdec615d365c38c012dd812262086b2f66b34517d2495be3870e4ff9045aaf70
Copying blob sha256:1d23cdb95a48d014f6b4c927ece27a5c009ae426e1f573eeda87adbf8488e0eb
Copying blob sha256:b868f02c8a0dfbd3220c6ed0539d83d1981f95db0038bc3e7b0ebc51803c1eac
Copying config sha256:d08db2aa33091841b8ca370435d2f45bbf10b9f359a2d495a54af5612c083c62
Writing manifest to image destination
Copying image sha256:f1c6e8a152dc297d12117f5af613437035908e6bfc74cdd18511fe6f64094b3f (2/2)
Getting image source signatures
Copying blob sha256:b705c3648525bfc90c13faeb9715c66289f14ef4150d454fcf385709864cec51
Copying blob sha256:fc619adba729ec24fef75235acd9b59c5e52bdef3e16a3803a6e9e3022ba748b
Copying blob sha256:6c2f9ebbced1dedb0d849377e1c90db1c0af0d59e214880125803d9acea27c1c
Copying blob sha256:89eee4bf8b86ac8783ef15b3dcd5940c3aeb85812d93a683ecc5b9b99430f9c9
Copying blob sha256:36554cda4989daf25f3c8f3ca1d6bcabe984b30167d83cff01a12a7f520bc278
Copying config sha256:899676440f112b0546dad761ebc0539ea863dd0054d8d74e92355cec4fd9d174
Writing manifest to image destination
Writing manifest list to image destination
Storing list signatures
==========================================
Building distributed-tracing-console-plugin @ release-coo-ocp-4.19 with VERSION=v1.0.3 ORG=rh-ee-emurasak
==========================================
Switched to branch 'release-coo-ocp-4.19'
Your branch is up to date with 'origin/release-coo-ocp-4.19'.
From https://github.com/openshift/distributed-tracing-console-plugin
 * branch            release-coo-ocp-4.19 -> FETCH_HEAD
Already up to date.
--- Attempt 1/3 ---
podman manifest rm quay.io/rh-ee-emurasak/distributed-tracing-console-plugin:v1.0.3 || true
Error: quay.io/rh-ee-emurasak/distributed-tracing-console-plugin:v1.0.3: image not known
podman manifest create quay.io/rh-ee-emurasak/distributed-tracing-console-plugin:v1.0.3
78be1a693474484456598efaef8ac13bbf2b5ffc3c7161a75960bef80f9a34df
podman build --platform=linux/arm64,linux/amd64 --manifest quay.io/rh-ee-emurasak/distributed-tracing-console-plugin:v1.0.3 -f Dockerfile
[linux/arm64] [1/3] STEP 1/8: FROM registry.redhat.io/ubi8/nodejs-22:latest AS web-builder
[linux/arm64] [1/3] STEP 2/8: WORKDIR /opt/app-root
--> Using cache 97bf1deff719129f5b8993fe4c63cf9b4d87ea94da146894ecb0f1cd3d6282ba
--> 97bf1deff719
[linux/arm64] [1/3] STEP 3/8: USER 0
--> Using cache c8d4ad6c969a3d55347c3e1afdae3ce27cd94d1254a5fe6c33261bff41bfd57d
--> c8d4ad6c969a
[linux/arm64] [1/3] STEP 4/8: COPY web/package*.json web/
--> dee6de130c21
[linux/arm64] [1/3] STEP 5/8: COPY Makefile Makefile
--> 1b12906d14b0
[linux/arm64] [1/3] STEP 6/8: RUN make install-frontend-ci-clean
cd web && npm ci --ignore-scripts --omit=optional
npm warn deprecated rimraf@3.0.2: Rimraf versions prior to v4 are no longer supported
npm warn deprecated popper.js@1.16.1: You can find the new Popper v2 at @popperjs/core, this package is dedicated to the legacy v1
npm warn deprecated inflight@1.0.6: This module is not supported, and leaks memory. Do not use it. Check out lru-cache if you want a good and tested way to coalesce async requests by a key value, which is much more comprehensive and powerful.
npm warn deprecated glob@7.2.3: Glob versions prior to v9 are no longer supported
npm warn deprecated eslint@8.57.1: This version is no longer supported. Please see https://eslint.org/version-support for other options.
npm warn deprecated @humanwhocodes/object-schema@2.0.3: Use @eslint/object-schema instead
npm warn deprecated @humanwhocodes/config-array@0.13.0: Use @eslint/config-array instead
npm warn deprecated rimraf@2.7.1: Rimraf versions prior to v4 are no longer supported

added 1811 packages, and audited 1812 packages in 50s

313 packages are looking for funding
  run `npm fund` for details

25 vulnerabilities (1 low, 20 moderate, 4 high)

To address issues that do not require attention, run:
  npm audit fix

To address all issues (including breaking changes), run:
  npm audit fix --force

Run `npm audit` for details.
cd web && npm cache clean --force
npm warn using --force Recommended protections disabled.
--> 7730f8861a60
[linux/arm64] [1/3] STEP 7/8: COPY web/ web/
--> 40422f8b34fb
[linux/arm64] [1/3] STEP 8/8: RUN make build-frontend
cd web && npm run build

> distributed-tracing-console-plugin@1.0.0 build
> npm run clean && NODE_ENV=production npm run webpack


> distributed-tracing-console-plugin@1.0.0 clean
> rm -rf dist


> distributed-tracing-console-plugin@1.0.0 webpack
> node -r ts-node/register ./node_modules/.bin/webpack

assets by path assets/ 1.27 MiB
  assets by path assets/*.woff 740 KiB 42 assets
  assets by path assets/*.woff2 565 KiB
    asset assets/inter-latin-ext-600-normal..woff2 35.4 KiB [emitted] [from: ../node_modules/@fontsource/inter/files/inter-latin-ext-600-normal.woff2] (auxiliary id hint: vendors)
    asset assets/inter-latin-ext-700-normal..woff2 35.4 KiB [emitted] [from: ../node_modules/@fontsource/inter/files/inter-latin-ext-700-normal.woff2] (auxiliary id hint: vendors)
    + 40 assets
assets by path *.js 3.28 MiB
  assets by chunk 2.92 MiB (id hint: vendors)
    asset 1907-chunk-a659e32230067e72d6a9.min.js 2.61 MiB [emitted] [immutable] [minimized] [big] (id hint: vendors) 1 related asset
    asset 3864-chunk-29ef05162fade1526552.min.js 121 KiB [emitted] [immutable] [minimized] (id hint: vendors) 1 related asset
    asset 9252-chunk-7a4ebe4030b397b180f5.min.js 40.1 KiB [emitted] [immutable] [minimized] (id hint: vendors)
    + 9 assets
  + 67 assets
asset locales/en/plugin__distributed-tracing-console-plugin.json 4.29 KiB [emitted] [from: ../locales/en/plugin__distributed-tracing-console-plugin.json] [copied]
asset plugin-manifest.json 895 bytes [emitted]
orphan modules 21.9 MiB [orphan] 13317 modules
runtime modules 34.7 KiB 14 modules
built modules 10.2 MiB (javascript) 1.27 MiB (asset) 1.6 KiB (consume-shared) 1.39 KiB (share-init) [built]
  javascript modules 10.2 MiB 721 modules
  asset modules 1.27 MiB (asset) 3.45 KiB (javascript)
    modules by path ../node_modules/@fontsource/inter/files/*.woff2 565 KiB (asset) 1.72 KiB (javascript) 42 modules
    modules by path ../node_modules/@fontsource/inter/files/*.woff 740 KiB (asset) 1.72 KiB (javascript) 42 modules
  consume-shared-module modules 1.6 KiB
    modules by path consume shared module (default) @patternfly/ 1.39 KiB 34 modules
    + 5 modules
  provide-module modules 1.39 KiB
    modules by path provide shared module (default) @patternfly/react-core/dist/dynamic/ 924 bytes 22 modules
    modules by path provide shared module (default) @patternfly/react-icons/dist/dynamic/icons/ 504 bytes 12 modules

WARNING in asset size limit: The following asset(s) exceed the recommended size limit (244 KiB).
This can impact web performance.
Assets: 
  1907-chunk-a659e32230067e72d6a9.min.js (2.61 MiB)

webpack 5.105.3 compiled with 1 warning in 107992 ms
--> a2a122d2e11c
[linux/arm64] [2/3] STEP 1/11: FROM brew.registry.redhat.io/rh-osbs/openshift-golang-builder:rhel_9_1.25 AS go-builder
[linux/arm64] [2/3] STEP 2/11: WORKDIR /opt/app-root
--> Using cache 7658018d80f0c235109d2adaf163a025de2659f44d0789a7e632cea91b13df5f
--> 7658018d80f0
[linux/arm64] [2/3] STEP 3/11: COPY Makefile Makefile
--> Using cache 6a000c4bb7f74576993cbc630bceb98a1416a6cfc44f2bd493a35318d495fb56
--> 6a000c4bb7f7
[linux/arm64] [2/3] STEP 4/11: COPY go.mod go.mod
--> Using cache ab6a862fb0cc9131830f3fd75cdfcb4c922c8c56af17f82262d1bc500811c8df
--> ab6a862fb0cc
[linux/arm64] [2/3] STEP 5/11: COPY go.sum go.sum
--> Using cache 7b92dfc404e0a255a3e3fbdf04c3f075a03ee375bc7ef80d191c3496193089b1
--> 7b92dfc404e0
[linux/arm64] [2/3] STEP 6/11: RUN go mod download
--> Using cache 7540b1b1b86af3d562e532953a7316b8c2c4a6d576b6666c3b0e4a602597d06c
--> 7540b1b1b86a
[linux/arm64] [2/3] STEP 7/11: COPY cmd/ cmd/
--> Using cache 32017f5b3010cf00c49b3c810913e57e887c71cb3bdf9a4c8eda0dec6f8add5d
--> 32017f5b3010
[linux/arm64] [2/3] STEP 8/11: COPY pkg/ pkg/
--> Using cache ec6318b41b4a6e2a1b75dae64441e6dba8e80486e2517f88ae23a4311663c00b
--> ec6318b41b4a
[linux/arm64] [2/3] STEP 9/11: ENV GOEXPERIMENT=strictfipsruntime
--> Using cache ec0fdb5d00c59fb41e8fc10bd363552eca2e3e52a91fccdd1d9ee9a05749dcc2
--> ec0fdb5d00c5
[linux/arm64] [2/3] STEP 10/11: ENV CGO_ENABLED=1
--> Using cache 58be20e3a0da79f284ff7873a42d0a6b296711f60c3539ba6649b6de8053437f
--> 58be20e3a0da
[linux/arm64] [2/3] STEP 11/11: RUN make build-backend BUILD_OPTS="-tags strictfipsruntime"
--> Using cache 6f78e6e5fa38c1437d9efeb7fd1290445bb1c2c7b099fe0d0ee6485d9268f804
--> 6f78e6e5fa38
[linux/amd64] [1/3] STEP 1/8: FROM registry.redhat.io/ubi8/nodejs-22:latest AS web-builder
Trying to pull registry.redhat.io/ubi8/nodejs-22:latest...
Getting image source signatures
Checking if image destination supports signatures
Copying blob sha256:1f445a7c58d045b44fa5a56dbb4d0e9fa03e8680db6cf9319d9d561c0191632f
Copying blob sha256:b659079ce01565873eb67c4d47f0a94a60731d09351f7acfef987e5a525230aa
Copying blob sha256:21534294e787fc96343978989fe438bd9c6b835220e7ab6102d5b3909e617005
Copying config sha256:71f7f3bc92fbe08f866a9219a974de6f048963cbb186a265c0d919db324aaf33
Writing manifest to image destination
Storing signatures
[linux/amd64] [1/3] STEP 2/8: WORKDIR /opt/app-root
--> Using cache 0571d452c708d2e18e788917568657d60ae550b57347cb6bd1f848061306ff45
--> 0571d452c708
[linux/amd64] [1/3] STEP 3/8: USER 0
--> Using cache 58b884d1f679abe40ef94ac1ac3188c4651fbe2f3d91d6a731d3e8307996d9b6
--> 58b884d1f679
[linux/amd64] [1/3] STEP 4/8: COPY web/package*.json web/
--> 9faa86ebcb8c
[linux/amd64] [1/3] STEP 5/8: COPY Makefile Makefile
--> 9b434a5bc9be
[linux/amd64] [1/3] STEP 6/8: RUN make install-frontend-ci-clean
cd web && npm ci --ignore-scripts --omit=optional
npm warn deprecated rimraf@3.0.2: Rimraf versions prior to v4 are no longer supported
npm warn deprecated inflight@1.0.6: This module is not supported, and leaks memory. Do not use it. Check out lru-cache if you want a good and tested way to coalesce async requests by a key value, which is much more comprehensive and powerful.
npm warn deprecated glob@7.2.3: Glob versions prior to v9 are no longer supported
npm warn deprecated popper.js@1.16.1: You can find the new Popper v2 at @popperjs/core, this package is dedicated to the legacy v1
npm warn deprecated @humanwhocodes/object-schema@2.0.3: Use @eslint/object-schema instead
npm warn deprecated @humanwhocodes/config-array@0.13.0: Use @eslint/config-array instead
npm warn deprecated rimraf@2.7.1: Rimraf versions prior to v4 are no longer supported
npm warn deprecated eslint@8.57.1: This version is no longer supported. Please see https://eslint.org/version-support for other options.

added 1811 packages, and audited 1812 packages in 1m

313 packages are looking for funding
  run `npm fund` for details

25 vulnerabilities (1 low, 20 moderate, 4 high)

To address issues that do not require attention, run:
  npm audit fix

To address all issues (including breaking changes), run:
  npm audit fix --force

Run `npm audit` for details.
cd web && npm cache clean --force
npm warn using --force Recommended protections disabled.
--> f4e3082893da
[linux/amd64] [1/3] STEP 7/8: COPY web/ web/
--> e8a937846125
[linux/amd64] [1/3] STEP 8/8: RUN make build-frontend
cd web && npm run build

> distributed-tracing-console-plugin@1.0.0 build
> npm run clean && NODE_ENV=production npm run webpack


> distributed-tracing-console-plugin@1.0.0 clean
> rm -rf dist


> distributed-tracing-console-plugin@1.0.0 webpack
> node -r ts-node/register ./node_modules/.bin/webpack

assets by path assets/ 1.27 MiB
  assets by path assets/*.woff 740 KiB 42 assets
  assets by path assets/*.woff2 565 KiB
    asset assets/inter-latin-ext-600-normal..woff2 35.4 KiB [emitted] [from: ../node_modules/@fontsource/inter/files/inter-latin-ext-600-normal.woff2] (auxiliary id hint: vendors)
    asset assets/inter-latin-ext-700-normal..woff2 35.4 KiB [emitted] [from: ../node_modules/@fontsource/inter/files/inter-latin-ext-700-normal.woff2] (auxiliary id hint: vendors)
    + 40 assets
assets by path *.js 3.28 MiB
  assets by chunk 2.92 MiB (id hint: vendors)
    asset 1907-chunk-a659e32230067e72d6a9.min.js 2.61 MiB [emitted] [immutable] [minimized] [big] (id hint: vendors) 1 related asset
    asset 3864-chunk-29ef05162fade1526552.min.js 121 KiB [emitted] [immutable] [minimized] (id hint: vendors) 1 related asset
    asset 9252-chunk-7a4ebe4030b397b180f5.min.js 40.1 KiB [emitted] [immutable] [minimized] (id hint: vendors)
    + 9 assets
  + 67 assets
asset locales/en/plugin__distributed-tracing-console-plugin.json 4.29 KiB [emitted] [from: ../locales/en/plugin__distributed-tracing-console-plugin.json] [copied]
asset plugin-manifest.json 895 bytes [emitted]
orphan modules 21.9 MiB [orphan] 13317 modules
runtime modules 34.7 KiB 14 modules
built modules 10.2 MiB (javascript) 1.27 MiB (asset) 1.6 KiB (consume-shared) 1.39 KiB (share-init) [built]
  javascript modules 10.2 MiB 721 modules
  asset modules 1.27 MiB (asset) 3.45 KiB (javascript)
    modules by path ../node_modules/@fontsource/inter/files/*.woff2 565 KiB (asset) 1.72 KiB (javascript) 42 modules
    modules by path ../node_modules/@fontsource/inter/files/*.woff 740 KiB (asset) 1.72 KiB (javascript) 42 modules
  consume-shared-module modules 1.6 KiB
    modules by path consume shared module (default) @patternfly/ 1.39 KiB 34 modules
    + 5 modules
  provide-module modules 1.39 KiB
    modules by path provide shared module (default) @patternfly/react-core/dist/dynamic/ 924 bytes 22 modules
    modules by path provide shared module (default) @patternfly/react-icons/dist/dynamic/icons/ 504 bytes 12 modules

WARNING in asset size limit: The following asset(s) exceed the recommended size limit (244 KiB).
This can impact web performance.
Assets: 
  1907-chunk-a659e32230067e72d6a9.min.js (2.61 MiB)

webpack 5.105.3 compiled with 1 warning in 134550 ms
--> 987a4c3ecc9f
[linux/arm64] [3/3] STEP 1/4: FROM registry.access.redhat.com/ubi9/ubi-minimal
Trying to pull registry.access.redhat.com/ubi9/ubi-minimal:latest...
Getting image source signatures
Checking if image destination supports signatures
Copying blob sha256:7db43598c7e47cf895f880f92e3cee9c07787091c97802ea3f2bea8fa4848040
Copying config sha256:64826a3b202499f826f4af0dc0afdbd7fd6681218074b7ea7ed3969c6e12009e
Writing manifest to image destination
Storing signatures
[linux/arm64] [3/3] STEP 2/4: COPY --from=web-builder /opt/app-root/web/dist /opt/app-root/web/dist
--> 9d5b88e436f1
[linux/arm64] [3/3] STEP 3/4: COPY --from=go-builder /opt/app-root/plugin-backend /opt/app-root
--> a98ac214bdbe
[linux/arm64] [3/3] STEP 4/4: ENTRYPOINT ["/opt/app-root/plugin-backend", "-static-path", "/opt/app-root/web/dist", "-config-path", "/opt/app-root/web/dist"]
[linux/arm64] [3/3] COMMIT
--> 08ddbff0978c
[linux/amd64] [2/3] STEP 1/11: FROM brew.registry.redhat.io/rh-osbs/openshift-golang-builder:rhel_9_1.25 AS go-builder
08ddbff0978c2a86b8168d9cdec3cfbde553977a49295ea2175e0d38c90b0aef
Trying to pull brew.registry.redhat.io/rh-osbs/openshift-golang-builder:rhel_9_1.25...
Getting image source signatures
Copying blob sha256:07b4b7296fb976a7b266e7a81c8e2cef5b0047bd20db6025d084fb8b608e05ed
Copying blob sha256:cb8cee91bb10a151d5f47bfaeade03a136feecdd326326b1bb7ffb26c45f6de8
Copying config sha256:e218eae4db33b56e53cba7f172626764546c2a49403ee52a4a6779724a202367
Writing manifest to image destination
[linux/amd64] [2/3] STEP 2/11: WORKDIR /opt/app-root
--> Using cache cc16369b9933f563f2a54d6fbecb9f5bad90146b5cd6ba0bcd3ea8c6d1fcf554
--> cc16369b9933
[linux/amd64] [2/3] STEP 3/11: COPY Makefile Makefile
--> Using cache 596ff433b18e8ec5baf8dde2e74744c94786dcfc03f5e80455a8c7f8f17959b2
--> 596ff433b18e
[linux/amd64] [2/3] STEP 4/11: COPY go.mod go.mod
--> Using cache cbebf37b87d9912650866a0136449f7d42696da09ecd41dfcee3f2f5250cd72e
--> cbebf37b87d9
[linux/amd64] [2/3] STEP 5/11: COPY go.sum go.sum
--> Using cache 84c9b46ebe8d08c58a9451cfe53415f7e4b42e0288a69a8583bf3db5b79f9d64
--> 84c9b46ebe8d
[linux/amd64] [2/3] STEP 6/11: RUN go mod download
--> Using cache 28c8db55080a3d18d7ae9a8d6b95c5c37fa0f9123aff034b7cc2205fe941c7e4
--> 28c8db55080a
[linux/amd64] [2/3] STEP 7/11: COPY cmd/ cmd/
--> Using cache d719f63f975b6b0d297bf7301dbd72fe889ff8aea188d7dfbd30407cdc222e8a
--> d719f63f975b
[linux/amd64] [2/3] STEP 8/11: COPY pkg/ pkg/
--> Using cache eebba622b8864474934dd1b94f9e2b8ee05cf35653aa289575ac3ac7429d6426
--> eebba622b886
[linux/amd64] [2/3] STEP 9/11: ENV GOEXPERIMENT=strictfipsruntime
--> Using cache 111c21b064c0eb2bd065f27a125b8fc3e7652f6b3a07de08c6b9d88790414bf0
--> 111c21b064c0
[linux/amd64] [2/3] STEP 10/11: ENV CGO_ENABLED=1
--> Using cache 5a1ecfebe8e7ef37bc0e8d1fa8098da28a777609ae2516afcc303d583bb66cab
--> 5a1ecfebe8e7
[linux/amd64] [2/3] STEP 11/11: RUN make build-backend BUILD_OPTS="-tags strictfipsruntime"
--> Using cache a868e17ab9af5175062c592125d53391f0661a22c787b795e8eaf7309e1d9389
--> a868e17ab9af
[linux/amd64] [3/3] STEP 1/4: FROM registry.access.redhat.com/ubi9/ubi-minimal
Trying to pull registry.access.redhat.com/ubi9/ubi-minimal:latest...
Getting image source signatures
Checking if image destination supports signatures
Copying blob sha256:dd148063a98f38d63a03cea2357d237d418889b91f204f507c033c944e443f45
Copying config sha256:6efa28c44703806c7c6ccb45ef6f4edc45ae794e0c0b28a1902cc64fece71ffc
Writing manifest to image destination
Storing signatures
[linux/amd64] [3/3] STEP 2/4: COPY --from=web-builder /opt/app-root/web/dist /opt/app-root/web/dist
--> bbccb1841d76
[linux/amd64] [3/3] STEP 3/4: COPY --from=go-builder /opt/app-root/plugin-backend /opt/app-root
--> 8a76db2ee43f
[linux/amd64] [3/3] STEP 4/4: ENTRYPOINT ["/opt/app-root/plugin-backend", "-static-path", "/opt/app-root/web/dist", "-config-path", "/opt/app-root/web/dist"]
[linux/amd64] [3/3] COMMIT
--> 751f5738106c
751f5738106ce41a32a24c6460aac3fd1192816a6bda126c16605fa3692b8a37
podman manifest push quay.io/rh-ee-emurasak/distributed-tracing-console-plugin:v1.0.3
Getting image list signatures
Copying 2 images generated from 2 images in list
Copying image sha256:44114103fbcb84a820973286461169229b0795b99c04cacfc1110802025b03c9 (1/2)
Getting image source signatures
Copying blob sha256:6f8fc84c8ef9277e2453ac46b0ad8bafac09adc64603f72175e8282b1fdafff5
Copying blob sha256:87ffd1222d3aba6da5d67bbd7ef9cecba3a3830806163e678ae01cc57cd03d5e
Copying blob sha256:f6c0435930470e2f491e5e3c0745021da8c8b8dbca4c93230fa1150867e1933e
Copying config sha256:08ddbff0978c2a86b8168d9cdec3cfbde553977a49295ea2175e0d38c90b0aef
Writing manifest to image destination
Copying image sha256:29a685f0ac72b0f939e957c2a49c7d44146e6342739db4f070196bfaeab12914 (2/2)
Getting image source signatures
Copying blob sha256:d58b276864c67d3b6ba5dd9896ca266278a23709a70490bf3b48cc23fc2cb9b4
Copying blob sha256:fc619adba729ec24fef75235acd9b59c5e52bdef3e16a3803a6e9e3022ba748b
Copying blob sha256:55de874eda32267a162e1b2b98e6fd016594e4ceee632277cc1fcf336afbd39c
Copying config sha256:751f5738106ce41a32a24c6460aac3fd1192816a6bda126c16605fa3692b8a37
Writing manifest to image destination
Writing manifest list to image destination
Storing list signatures
==========================================
Building troubleshooting-panel-console-plugin @ release-coo-ocp-4.19 with VERSION=v0.4.5 ORG=rh-ee-emurasak
==========================================
Switched to branch 'release-coo-ocp-4.19'
Your branch is up to date with 'origin/release-coo-ocp-4.19'.
From https://github.com/openshift/troubleshooting-panel-console-plugin
 * branch            release-coo-ocp-4.19 -> FETCH_HEAD
Already up to date.
--- Attempt 1/3 ---
podman manifest rm quay.io/rh-ee-emurasak/troubleshooting-panel-console-plugin:v0.4.5 || true
Error: quay.io/rh-ee-emurasak/troubleshooting-panel-console-plugin:v0.4.5: image not known
podman manifest create quay.io/rh-ee-emurasak/troubleshooting-panel-console-plugin:v0.4.5
b93677e5828be1f6c46dbfcac48e8168a895e0688c7d7b7cb0816593f0b487a0
podman build --platform=linux/arm64,linux/amd64 --manifest quay.io/rh-ee-emurasak/troubleshooting-panel-console-plugin:v0.4.5 -f Dockerfile
[linux/amd64] [1/3] STEP 1/8: FROM registry.access.redhat.com/ubi8/nodejs-22:latest AS web-builder
Trying to pull registry.access.redhat.com/ubi8/nodejs-22:latest...
Getting image source signatures
Checking if image destination supports signatures
Copying blob sha256:1f445a7c58d045b44fa5a56dbb4d0e9fa03e8680db6cf9319d9d561c0191632f
Copying blob sha256:b659079ce01565873eb67c4d47f0a94a60731d09351f7acfef987e5a525230aa
Copying blob sha256:21534294e787fc96343978989fe438bd9c6b835220e7ab6102d5b3909e617005
Copying config sha256:71f7f3bc92fbe08f866a9219a974de6f048963cbb186a265c0d919db324aaf33
Writing manifest to image destination
Storing signatures
[linux/amd64] [1/3] STEP 2/8: WORKDIR /opt/app-root
--> Using cache 0571d452c708d2e18e788917568657d60ae550b57347cb6bd1f848061306ff45
--> 0571d452c708
[linux/amd64] [1/3] STEP 3/8: USER 0
--> Using cache 58b884d1f679abe40ef94ac1ac3188c4651fbe2f3d91d6a731d3e8307996d9b6
--> 58b884d1f679
[linux/amd64] [1/3] STEP 4/8: COPY web/package*.json web/
--> 8a365d41e5c1
[linux/amd64] [1/3] STEP 5/8: COPY Makefile Makefile
--> 99502b18a4d2
[linux/amd64] [1/3] STEP 6/8: RUN make install-frontend
cd web && npm install
npm warn deprecated whatwg-encoding@3.1.1: Use @exodus/bytes instead for a more spec-conformant and faster implementation
npm warn deprecated rimraf@3.0.2: Rimraf versions prior to v4 are no longer supported
npm warn deprecated popper.js@1.16.1: You can find the new Popper v2 at @popperjs/core, this package is dedicated to the legacy v1
npm warn deprecated inflight@1.0.6: This module is not supported, and leaks memory. Do not use it. Check out lru-cache if you want a good and tested way to coalesce async requests by a key value, which is much more comprehensive and powerful.
npm warn deprecated glob@7.2.3: Glob versions prior to v9 are no longer supported
npm warn deprecated domexception@4.0.0: Use your platform's native DOMException instead
npm warn deprecated eslint@8.57.1: This version is no longer supported. Please see https://eslint.org/version-support for other options.
npm warn deprecated abab@2.0.6: Use your platform's native atob() and btoa() methods instead
npm warn deprecated @humanwhocodes/object-schema@2.0.3: Use @eslint/object-schema instead
npm warn deprecated @humanwhocodes/config-array@0.13.0: Use @eslint/config-array instead
npm warn deprecated @fortawesome/react-fontawesome@0.2.6: v0.2.x is no longer supported. Unless you are still using FontAwesome 5, please update to v3.1.1 or greater.
npm warn deprecated whatwg-encoding@2.0.0: Use @exodus/bytes instead for a more spec-conformant and faster implementation
npm warn deprecated whatwg-encoding@2.0.0: Use @exodus/bytes instead for a more spec-conformant and faster implementation

added 1696 packages, and audited 1697 packages in 2m

297 packages are looking for funding
  run `npm fund` for details

35 vulnerabilities (2 low, 21 moderate, 11 high, 1 critical)

To address issues that do not require attention, run:
  npm audit fix

To address all issues (including breaking changes), run:
  npm audit fix --force

Run `npm audit` for details.
--> 4adbdaf5ec6e
[linux/amd64] [1/3] STEP 7/8: COPY web/ web/
--> 37494a6d10b1
[linux/amd64] [1/3] STEP 8/8: RUN make build-frontend
cd web && npm run lint && npm run lint:tsc

> troubleshooting-panel-console-plugin@0.4.0 lint
> eslint ./src --fix &&  stylelint "src/**/*.css" --allow-empty-input --fix


> troubleshooting-panel-console-plugin@0.4.0 lint:tsc
> tsc --noEmit

cd web && npm run i18n && npm run build

> troubleshooting-panel-console-plugin@0.4.0 i18n
> i18n-scripts/build-i18n.sh && node i18n-scripts/set-english-defaults.js

+ FILE_PATTERN='{!(dist|node_modules)/**/*.{js,jsx,ts,tsx,json},*.{js,jsx,ts,tsx,json}}'
+ i18next '{!(dist|node_modules)/**/*.{js,jsx,ts,tsx,json},*.{js,jsx,ts,tsx,json}}' '[-oc]' -c ./i18next-parser.config.js -o 'locales/$LOCALE/$NAMESPACE.json'

  i18next Parser
  --------------
  Input:  {!(dist|node_modules)/**/*.{js,jsx,ts,tsx,json},*.{js,jsx,ts,tsx,json}}, [-oc]
  Output: locales/$LOCALE/$NAMESPACE.json

  [read]    /opt/app-root/web/console-extensions.json
  [read]    /opt/app-root/web/cypress.config.ts
  [read]    /opt/app-root/web/cypress/e2e/acceptance.cy.ts
  [read]    /opt/app-root/web/cypress/fixtures/data-test.ts
  [read]    /opt/app-root/web/cypress/support/commands/auth-commands.ts
  [read]    /opt/app-root/web/cypress/support/commands/env.ts
  [read]    /opt/app-root/web/cypress/support/commands/selector-commands.ts
  [read]    /opt/app-root/web/cypress/support/commands/troubeshoot-commands.ts
  [read]    /opt/app-root/web/cypress/support/commands/utility-commands.ts
  [read]    /opt/app-root/web/cypress/support/e2e.ts
  [read]    /opt/app-root/web/cypress/tsconfig.json
  [read]    /opt/app-root/web/cypress/views/nav.ts
  [read]    /opt/app-root/web/cypress/views/tour.ts
  [read]    /opt/app-root/web/cypress/views/utils.ts
  [read]    /opt/app-root/web/i18n-scripts/common.js
  [read]    /opt/app-root/web/i18n-scripts/set-english-defaults.js
  [read]    /opt/app-root/web/i18next-parser.config.js
  [read]    /opt/app-root/web/jest.config.js
  [read]    /opt/app-root/web/locales/en/plugin__troubleshooting-panel-console-plugin.json
  [read]    /opt/app-root/web/package-lock.json
  [read]    /opt/app-root/web/package.json
  [read]    /opt/app-root/web/src/__tests__/alert.spec.ts
  [read]    /opt/app-root/web/src/__tests__/all-domains.spec.ts
  [read]    /opt/app-root/web/src/__tests__/icons-preview.spec.tsx
  [read]    /opt/app-root/web/src/__tests__/k8s.spec.ts
  [read]    /opt/app-root/web/src/__tests__/log.spec.ts
  [read]    /opt/app-root/web/src/__tests__/metric.spec.ts
  [read]    /opt/app-root/web/src/__tests__/netflow.spec.ts
  [read]    /opt/app-root/web/src/__tests__/time.spec.ts
  [read]    /opt/app-root/web/src/__tests__/trace.spec.ts
  [read]    /opt/app-root/web/src/__tests__/types.spec.ts
  [read]    /opt/app-root/web/src/cancellable-fetch.ts
  [read]    /opt/app-root/web/src/components/AdvancedSearchForm.tsx
  [read]    /opt/app-root/web/src/components/DateTimePicker.tsx
  [read]    /opt/app-root/web/src/components/DateTimeRangePicker.tsx
  [read]    /opt/app-root/web/src/components/HelpPopover.tsx
  [read]    /opt/app-root/web/src/components/icons.tsx
  [read]    /opt/app-root/web/src/components/Korrel8rPanel.tsx
  [read]    /opt/app-root/web/src/components/KubernetesIcon.tsx
  [read]    /opt/app-root/web/src/components/NullContextProvider.tsx
  [read]    /opt/app-root/web/src/components/Popover.tsx
  [read]    /opt/app-root/web/src/components/TimeRangeDropdown.tsx
  [warning] Key is not a string literal
  [read]    /opt/app-root/web/src/components/TimeUnitPicker.tsx
  [read]    /opt/app-root/web/src/components/topology/Korrel8rTopology.tsx
  [read]    /opt/app-root/web/src/getResources.ts
  [read]    /opt/app-root/web/src/hooks/useBoolean.ts
  [read]    /opt/app-root/web/src/hooks/useDomains.tsx
  [read]    /opt/app-root/web/src/hooks/useKorrel8r.ts
  [read]    /opt/app-root/web/src/hooks/useLocationQuery.ts
  [read]    /opt/app-root/web/src/hooks/useNavigateToQuery.ts
  [read]    /opt/app-root/web/src/hooks/usePluginAvailable.ts
  [read]    /opt/app-root/web/src/hooks/usePopover.tsx
  [read]    /opt/app-root/web/src/hooks/useTroubleshootingPanel.tsx
  [read]    /opt/app-root/web/src/korrel8r-client.ts
  [read]    /opt/app-root/web/src/korrel8r/alert.ts
  [read]    /opt/app-root/web/src/korrel8r/all-domains.ts
  [read]    /opt/app-root/web/src/korrel8r/client/core/ApiError.ts
  [read]    /opt/app-root/web/src/korrel8r/client/core/ApiRequestOptions.ts
  [read]    /opt/app-root/web/src/korrel8r/client/core/ApiResult.ts
  [read]    /opt/app-root/web/src/korrel8r/client/core/BaseHttpRequest.ts
  [read]    /opt/app-root/web/src/korrel8r/client/core/CancelablePromise.ts
  [read]    /opt/app-root/web/src/korrel8r/client/core/FetchHttpRequest.ts
  [read]    /opt/app-root/web/src/korrel8r/client/core/OpenAPI.ts
  [read]    /opt/app-root/web/src/korrel8r/client/core/request.ts
  [read]    /opt/app-root/web/src/korrel8r/client/index.ts
  [read]    /opt/app-root/web/src/korrel8r/client/Korrel8rClient.ts
  [read]    /opt/app-root/web/src/korrel8r/client/models/Constraint.ts
  [read]    /opt/app-root/web/src/korrel8r/client/models/Domain.ts
  [read]    /opt/app-root/web/src/korrel8r/client/models/Edge.ts
  [read]    /opt/app-root/web/src/korrel8r/client/models/Goals.ts
  [read]    /opt/app-root/web/src/korrel8r/client/models/Graph.ts
  [read]    /opt/app-root/web/src/korrel8r/client/models/Neighbours.ts
  [read]    /opt/app-root/web/src/korrel8r/client/models/Node.ts
  [read]    /opt/app-root/web/src/korrel8r/client/models/QueryCount.ts
  [read]    /opt/app-root/web/src/korrel8r/client/models/Rule.ts
  [read]    /opt/app-root/web/src/korrel8r/client/models/Start.ts
  [read]    /opt/app-root/web/src/korrel8r/client/models/Store.ts
  [read]    /opt/app-root/web/src/korrel8r/client/services/DefaultService.ts
  [read]    /opt/app-root/web/src/korrel8r/k8s.ts
  [read]    /opt/app-root/web/src/korrel8r/log.ts
  [read]    /opt/app-root/web/src/korrel8r/metric.ts
  [read]    /opt/app-root/web/src/korrel8r/netflow.ts
  [read]    /opt/app-root/web/src/korrel8r/trace.ts
  [read]    /opt/app-root/web/src/korrel8r/types.ts
  [read]    /opt/app-root/web/src/redux-actions.ts
  [read]    /opt/app-root/web/src/redux-reducers.ts
  [read]    /opt/app-root/web/src/time.ts
  [read]    /opt/app-root/web/tsconfig.json
  [read]    /opt/app-root/web/webpack.config.ts
  [write]   /opt/app-root/web/locales/en/plugin__troubleshooting-panel-console-plugin.json

  Stats:  89 files were parsed

> troubleshooting-panel-console-plugin@0.4.0 build
> npm run clean && npm run ts-node node_modules/.bin/webpack


> troubleshooting-panel-console-plugin@0.4.0 clean
> rm -rf dist


> troubleshooting-panel-console-plugin@0.4.0 ts-node
> ts-node -O '{"module":"commonjs"}' node_modules/.bin/webpack

assets by path *.js 4.38 MiB
  assets by chunk 3.5 MiB (id hint: vendors)
    asset vendors-node_modules_fortawesome_react-fontawesome_index_es_js-node_modules_patternfly_react--e1c2c2-chunk.js 1.26 MiB [emitted] (id hint: vendors) 1 related asset
    asset vendors-node_modules_patternfly_react-core_dist_esm_helpers_Popper_Popper_js-chunk.js 1.04 MiB [emitted] (id hint: vendors) 1 related asset
    asset vendors-node_modules_immutable_dist_immutable_es_js-node_modules_typesafe-actions_dist_typesa-cdf261-chunk.js 183 KiB [emitted] (id hint: vendors) 1 related asset
    asset vendors-node_modules_openshift-console_dynamic-plugin-sdk_lib_utils_fetch_console-fetch-utils-7ba8c2-chunk.js 161 KiB [emitted] (id hint: vendors) 1 related asset
    asset vendors-node_modules_patternfly_react-core_dist_esm_components_DatePicker_index_js-chunk.js 94.8 KiB [emitted] (id hint: vendors) 1 related asset
    asset vendors-node_modules_patternfly_react-core_dist_esm_components_Menu_Menu_js-node_modules_patt-b35725-chunk.js 90.8 KiB [emitted] (id hint: vendors) 1 related asset
    asset vendors-node_modules_patternfly_react-core_dist_esm_helpers_FocusTrap_FocusTrap_js-node_modul-246622-chunk.js 80.1 KiB [emitted] (id hint: vendors) 1 related asset
    asset vendors-node_modules_patternfly_react-core_dist_esm_components_Form_index_js-chunk.js 63.3 KiB [emitted] (id hint: vendors) 1 related asset
    asset vendors-node_modules_patternfly_react-core_dist_esm_components_TimePicker_index_js-chunk.js 56.3 KiB [emitted] (id hint: vendors) 1 related asset
    + 13 assets
  + 76 assets
asset locales/en/plugin__troubleshooting-panel-console-plugin.json 3.35 KiB [emitted] [from: ../locales/en/plugin__troubleshooting-panel-console-plugin.json] [copied]
asset plugin-manifest.json 1.19 KiB [emitted]
orphan modules 13 KiB [orphan] 47 modules
runtime modules 81.9 KiB 12 modules
javascript modules 3.04 MiB 362 modules
consume-shared-module modules 1.89 KiB
  modules by path consume shared module (default) @patternfly/ 1.68 KiB 41 modules
  + 5 modules
provide-module modules 1.64 KiB
  modules by path provide shared module (default) @patternfly/react-core/dist/dynamic/ 1.11 KiB 27 modules
  modules by path provide shared module (default) @patternfly/react-icons/dist/dynamic/icons/ 546 bytes
    provide shared module (default) @patternfly/react-icons/dist/dynamic/icons/atten...(truncated) 42 bytes [built] [code generated]
    provide shared module (default) @patternfly/react-icons/dist/dynamic/icons/clust...(truncated) 42 bytes [built] [code generated]
    + 11 modules
../node_modules/@fortawesome/fontawesome-svg-core/package.json 1.39 KiB [optional] [built] [code generated]

LOG from @openshift-console/dynamic-plugin-sdk-webpack/lib/webpack/loaders/dynamic-module-import-loader ../node_modules/ts-loader/index.js??ruleSet[1].rules[0].use[0]!./components/KubernetesIcon.tsx
<w> Non-index and non-dynamic module import @patternfly/react-icons/dist/esm/createIcon

webpack 5.104.1 compiled successfully in 27008 ms
--> 25afb4071a71
[linux/arm64] [1/3] STEP 1/8: FROM registry.access.redhat.com/ubi8/nodejs-22:latest AS web-builder
Trying to pull registry.access.redhat.com/ubi8/nodejs-22:latest...
Getting image source signatures
Checking if image destination supports signatures
Copying blob sha256:be14e4bd5c48c79aa0c1bc73f7ad1515b7d2452caa02d5e74ad2e4fb3b70fa27
Copying blob sha256:061fa217b0881a08226357c52c1b20d8015686de5874fa61469c90f7b0f752a7
Copying blob sha256:e1de3abe41200e76a94241f1669175174b71b6f683a92b1d52ffc1ba0a8b8d0a
Copying config sha256:711ec0db03eb79f4fd84e49300b5ffcef0111fa55d5edc7b5743d0980aebb86f
Writing manifest to image destination
Storing signatures
[linux/arm64] [1/3] STEP 2/8: WORKDIR /opt/app-root
--> Using cache 97bf1deff719129f5b8993fe4c63cf9b4d87ea94da146894ecb0f1cd3d6282ba
--> 97bf1deff719
[linux/arm64] [1/3] STEP 3/8: USER 0
--> Using cache c8d4ad6c969a3d55347c3e1afdae3ce27cd94d1254a5fe6c33261bff41bfd57d
--> c8d4ad6c969a
[linux/arm64] [1/3] STEP 4/8: COPY web/package*.json web/
--> c29370d7c572
[linux/arm64] [1/3] STEP 5/8: COPY Makefile Makefile
--> ec1003b18359
[linux/arm64] [1/3] STEP 6/8: RUN make install-frontend
cd web && npm install
npm warn deprecated whatwg-encoding@3.1.1: Use @exodus/bytes instead for a more spec-conformant and faster implementation
npm warn deprecated rimraf@3.0.2: Rimraf versions prior to v4 are no longer supported
npm warn deprecated popper.js@1.16.1: You can find the new Popper v2 at @popperjs/core, this package is dedicated to the legacy v1
npm warn deprecated inflight@1.0.6: This module is not supported, and leaks memory. Do not use it. Check out lru-cache if you want a good and tested way to coalesce async requests by a key value, which is much more comprehensive and powerful.
npm warn deprecated glob@7.2.3: Glob versions prior to v9 are no longer supported
npm warn deprecated domexception@4.0.0: Use your platform's native DOMException instead
npm warn deprecated abab@2.0.6: Use your platform's native atob() and btoa() methods instead
npm warn deprecated eslint@8.57.1: This version is no longer supported. Please see https://eslint.org/version-support for other options.
npm warn deprecated @humanwhocodes/object-schema@2.0.3: Use @eslint/object-schema instead
npm warn deprecated @humanwhocodes/config-array@0.13.0: Use @eslint/config-array instead
npm warn deprecated @fortawesome/react-fontawesome@0.2.6: v0.2.x is no longer supported. Unless you are still using FontAwesome 5, please update to v3.1.1 or greater.
npm warn deprecated whatwg-encoding@2.0.0: Use @exodus/bytes instead for a more spec-conformant and faster implementation
npm warn deprecated whatwg-encoding@2.0.0: Use @exodus/bytes instead for a more spec-conformant and faster implementation

added 1696 packages, and audited 1697 packages in 2m

297 packages are looking for funding
  run `npm fund` for details

35 vulnerabilities (2 low, 21 moderate, 11 high, 1 critical)

To address issues that do not require attention, run:
  npm audit fix

To address all issues (including breaking changes), run:
  npm audit fix --force

Run `npm audit` for details.
--> c1781d1c5ad3
[linux/arm64] [1/3] STEP 7/8: COPY web/ web/
--> 7f69394eac54
[linux/arm64] [1/3] STEP 8/8: RUN make build-frontend
cd web && npm run lint && npm run lint:tsc

> troubleshooting-panel-console-plugin@0.4.0 lint
> eslint ./src --fix &&  stylelint "src/**/*.css" --allow-empty-input --fix


> troubleshooting-panel-console-plugin@0.4.0 lint:tsc
> tsc --noEmit

cd web && npm run i18n && npm run build

> troubleshooting-panel-console-plugin@0.4.0 i18n
> i18n-scripts/build-i18n.sh && node i18n-scripts/set-english-defaults.js

+ FILE_PATTERN='{!(dist|node_modules)/**/*.{js,jsx,ts,tsx,json},*.{js,jsx,ts,tsx,json}}'
+ i18next '{!(dist|node_modules)/**/*.{js,jsx,ts,tsx,json},*.{js,jsx,ts,tsx,json}}' '[-oc]' -c ./i18next-parser.config.js -o 'locales/$LOCALE/$NAMESPACE.json'

  i18next Parser
  --------------
  Input:  {!(dist|node_modules)/**/*.{js,jsx,ts,tsx,json},*.{js,jsx,ts,tsx,json}}, [-oc]
  Output: locales/$LOCALE/$NAMESPACE.json

  [read]    /opt/app-root/web/console-extensions.json
  [read]    /opt/app-root/web/cypress.config.ts
  [read]    /opt/app-root/web/cypress/e2e/acceptance.cy.ts
  [read]    /opt/app-root/web/cypress/fixtures/data-test.ts
  [read]    /opt/app-root/web/cypress/support/commands/auth-commands.ts
  [read]    /opt/app-root/web/cypress/support/commands/env.ts
  [read]    /opt/app-root/web/cypress/support/commands/selector-commands.ts
  [read]    /opt/app-root/web/cypress/support/commands/troubeshoot-commands.ts
  [read]    /opt/app-root/web/cypress/support/commands/utility-commands.ts
  [read]    /opt/app-root/web/cypress/support/e2e.ts
  [read]    /opt/app-root/web/cypress/tsconfig.json
  [read]    /opt/app-root/web/cypress/views/nav.ts
  [read]    /opt/app-root/web/cypress/views/tour.ts
  [read]    /opt/app-root/web/cypress/views/utils.ts
  [read]    /opt/app-root/web/i18n-scripts/common.js
  [read]    /opt/app-root/web/i18n-scripts/set-english-defaults.js
  [read]    /opt/app-root/web/i18next-parser.config.js
  [read]    /opt/app-root/web/jest.config.js
  [read]    /opt/app-root/web/locales/en/plugin__troubleshooting-panel-console-plugin.json
  [read]    /opt/app-root/web/package-lock.json
  [read]    /opt/app-root/web/package.json
  [read]    /opt/app-root/web/src/__tests__/alert.spec.ts
  [read]    /opt/app-root/web/src/__tests__/all-domains.spec.ts
  [read]    /opt/app-root/web/src/__tests__/icons-preview.spec.tsx
  [read]    /opt/app-root/web/src/__tests__/k8s.spec.ts
  [read]    /opt/app-root/web/src/__tests__/log.spec.ts
  [read]    /opt/app-root/web/src/__tests__/metric.spec.ts
  [read]    /opt/app-root/web/src/__tests__/netflow.spec.ts
  [read]    /opt/app-root/web/src/__tests__/time.spec.ts
  [read]    /opt/app-root/web/src/__tests__/trace.spec.ts
  [read]    /opt/app-root/web/src/__tests__/types.spec.ts
  [read]    /opt/app-root/web/src/cancellable-fetch.ts
  [read]    /opt/app-root/web/src/components/AdvancedSearchForm.tsx
  [read]    /opt/app-root/web/src/components/DateTimePicker.tsx
  [read]    /opt/app-root/web/src/components/DateTimeRangePicker.tsx
  [read]    /opt/app-root/web/src/components/HelpPopover.tsx
  [read]    /opt/app-root/web/src/components/icons.tsx
  [read]    /opt/app-root/web/src/components/Korrel8rPanel.tsx
  [read]    /opt/app-root/web/src/components/KubernetesIcon.tsx
  [read]    /opt/app-root/web/src/components/NullContextProvider.tsx
  [read]    /opt/app-root/web/src/components/Popover.tsx
  [read]    /opt/app-root/web/src/components/TimeRangeDropdown.tsx
  [warning] Key is not a string literal
  [read]    /opt/app-root/web/src/components/TimeUnitPicker.tsx
  [read]    /opt/app-root/web/src/components/topology/Korrel8rTopology.tsx
  [read]    /opt/app-root/web/src/getResources.ts
  [read]    /opt/app-root/web/src/hooks/useBoolean.ts
  [read]    /opt/app-root/web/src/hooks/useDomains.tsx
  [read]    /opt/app-root/web/src/hooks/useKorrel8r.ts
  [read]    /opt/app-root/web/src/hooks/useLocationQuery.ts
  [read]    /opt/app-root/web/src/hooks/useNavigateToQuery.ts
  [read]    /opt/app-root/web/src/hooks/usePluginAvailable.ts
  [read]    /opt/app-root/web/src/hooks/usePopover.tsx
  [read]    /opt/app-root/web/src/hooks/useTroubleshootingPanel.tsx
  [read]    /opt/app-root/web/src/korrel8r-client.ts
  [read]    /opt/app-root/web/src/korrel8r/alert.ts
  [read]    /opt/app-root/web/src/korrel8r/all-domains.ts
  [read]    /opt/app-root/web/src/korrel8r/client/core/ApiError.ts
  [read]    /opt/app-root/web/src/korrel8r/client/core/ApiRequestOptions.ts
  [read]    /opt/app-root/web/src/korrel8r/client/core/ApiResult.ts
  [read]    /opt/app-root/web/src/korrel8r/client/core/BaseHttpRequest.ts
  [read]    /opt/app-root/web/src/korrel8r/client/core/CancelablePromise.ts
  [read]    /opt/app-root/web/src/korrel8r/client/core/FetchHttpRequest.ts
  [read]    /opt/app-root/web/src/korrel8r/client/core/OpenAPI.ts
  [read]    /opt/app-root/web/src/korrel8r/client/core/request.ts
  [read]    /opt/app-root/web/src/korrel8r/client/index.ts
  [read]    /opt/app-root/web/src/korrel8r/client/Korrel8rClient.ts
  [read]    /opt/app-root/web/src/korrel8r/client/models/Constraint.ts
  [read]    /opt/app-root/web/src/korrel8r/client/models/Domain.ts
  [read]    /opt/app-root/web/src/korrel8r/client/models/Edge.ts
  [read]    /opt/app-root/web/src/korrel8r/client/models/Goals.ts
  [read]    /opt/app-root/web/src/korrel8r/client/models/Graph.ts
  [read]    /opt/app-root/web/src/korrel8r/client/models/Neighbours.ts
  [read]    /opt/app-root/web/src/korrel8r/client/models/Node.ts
  [read]    /opt/app-root/web/src/korrel8r/client/models/QueryCount.ts
  [read]    /opt/app-root/web/src/korrel8r/client/models/Rule.ts
  [read]    /opt/app-root/web/src/korrel8r/client/models/Start.ts
  [read]    /opt/app-root/web/src/korrel8r/client/models/Store.ts
  [read]    /opt/app-root/web/src/korrel8r/client/services/DefaultService.ts
  [read]    /opt/app-root/web/src/korrel8r/k8s.ts
  [read]    /opt/app-root/web/src/korrel8r/log.ts
  [read]    /opt/app-root/web/src/korrel8r/metric.ts
  [read]    /opt/app-root/web/src/korrel8r/netflow.ts
  [read]    /opt/app-root/web/src/korrel8r/trace.ts
  [read]    /opt/app-root/web/src/korrel8r/types.ts
  [read]    /opt/app-root/web/src/redux-actions.ts
  [read]    /opt/app-root/web/src/redux-reducers.ts
  [read]    /opt/app-root/web/src/time.ts
  [read]    /opt/app-root/web/tsconfig.json
  [read]    /opt/app-root/web/webpack.config.ts
  [write]   /opt/app-root/web/locales/en/plugin__troubleshooting-panel-console-plugin.json

  Stats:  89 files were parsed

> troubleshooting-panel-console-plugin@0.4.0 build
> npm run clean && npm run ts-node node_modules/.bin/webpack


> troubleshooting-panel-console-plugin@0.4.0 clean
> rm -rf dist


> troubleshooting-panel-console-plugin@0.4.0 ts-node
> ts-node -O '{"module":"commonjs"}' node_modules/.bin/webpack

assets by path *.js 4.38 MiB
  assets by chunk 3.5 MiB (id hint: vendors)
    asset vendors-node_modules_fortawesome_react-fontawesome_index_es_js-node_modules_patternfly_react--e1c2c2-chunk.js 1.26 MiB [emitted] (id hint: vendors) 1 related asset
    asset vendors-node_modules_patternfly_react-core_dist_esm_helpers_Popper_Popper_js-chunk.js 1.04 MiB [emitted] (id hint: vendors) 1 related asset
    asset vendors-node_modules_immutable_dist_immutable_es_js-node_modules_typesafe-actions_dist_typesa-cdf261-chunk.js 183 KiB [emitted] (id hint: vendors) 1 related asset
    asset vendors-node_modules_openshift-console_dynamic-plugin-sdk_lib_utils_fetch_console-fetch-utils-7ba8c2-chunk.js 161 KiB [emitted] (id hint: vendors) 1 related asset
    asset vendors-node_modules_patternfly_react-core_dist_esm_components_DatePicker_index_js-chunk.js 94.8 KiB [emitted] (id hint: vendors) 1 related asset
    asset vendors-node_modules_patternfly_react-core_dist_esm_components_Menu_Menu_js-node_modules_patt-b35725-chunk.js 90.8 KiB [emitted] (id hint: vendors) 1 related asset
    asset vendors-node_modules_patternfly_react-core_dist_esm_helpers_FocusTrap_FocusTrap_js-node_modul-246622-chunk.js 80.1 KiB [emitted] (id hint: vendors) 1 related asset
    asset vendors-node_modules_patternfly_react-core_dist_esm_components_Form_index_js-chunk.js 63.3 KiB [emitted] (id hint: vendors) 1 related asset
    asset vendors-node_modules_patternfly_react-core_dist_esm_components_TimePicker_index_js-chunk.js 56.3 KiB [emitted] (id hint: vendors) 1 related asset
    + 13 assets
  + 76 assets
asset locales/en/plugin__troubleshooting-panel-console-plugin.json 3.35 KiB [emitted] [from: ../locales/en/plugin__troubleshooting-panel-console-plugin.json] [copied]
asset plugin-manifest.json 1.19 KiB [emitted]
orphan modules 13 KiB [orphan] 47 modules
runtime modules 81.9 KiB 12 modules
javascript modules 3.04 MiB 362 modules
consume-shared-module modules 1.89 KiB
  modules by path consume shared module (default) @patternfly/ 1.68 KiB 41 modules
  + 5 modules
provide-module modules 1.64 KiB
  modules by path provide shared module (default) @patternfly/react-core/dist/dynamic/ 1.11 KiB 27 modules
  modules by path provide shared module (default) @patternfly/react-icons/dist/dynamic/icons/ 546 bytes
    provide shared module (default) @patternfly/react-icons/dist/dynamic/icons/atten...(truncated) 42 bytes [built] [code generated]
    provide shared module (default) @patternfly/react-icons/dist/dynamic/icons/clust...(truncated) 42 bytes [built] [code generated]
    + 11 modules
../node_modules/@fortawesome/fontawesome-svg-core/package.json 1.39 KiB [optional] [built] [code generated]

LOG from @openshift-console/dynamic-plugin-sdk-webpack/lib/webpack/loaders/dynamic-module-import-loader ../node_modules/ts-loader/index.js??ruleSet[1].rules[0].use[0]!./components/KubernetesIcon.tsx
<w> Non-index and non-dynamic module import @patternfly/react-icons/dist/esm/createIcon

webpack 5.104.1 compiled successfully in 23589 ms
--> 965ae3f3b963
[linux/amd64] [2/3] STEP 1/11: FROM registry.ci.openshift.org/ocp/builder:rhel-8-golang-1.24-openshift-4.20 AS go-builder
Trying to pull registry.ci.openshift.org/ocp/builder:rhel-8-golang-1.24-openshift-4.20...
Getting image source signatures
Copying blob sha256:ad150792efc16fbb7886da9d9457d93092929426e6a9f11c6e04a563f284eacd
Copying blob sha256:c7965aa7086045a59bdb113a1fb8a19d7ccf7af4133e59af8ecefd39cda8e0b1
Copying blob sha256:32a0db6672d42bc2f63fa6c620bf354f141c2478d6ea69c2363fc3ae82cf9448
Copying config sha256:afb0ed974e4e076b1e05e106cf07c0ea3bffe26a331f278142661a821986210b
Writing manifest to image destination
[linux/amd64] [2/3] STEP 2/11: WORKDIR /opt/app-root
--> Using cache ffa4290716935c2dd504fb4d4cdd506033c585cb273133e2b54613827b93ecc7
--> ffa429071693
[linux/amd64] [2/3] STEP 3/11: COPY Makefile Makefile
--> 4221cbe88a83
[linux/amd64] [2/3] STEP 4/11: COPY go.mod go.mod
--> b0d22b6b3fd1
[linux/amd64] [2/3] STEP 5/11: COPY go.sum go.sum
--> 7b57fbf34276
[linux/amd64] [2/3] STEP 6/11: RUN go mod download
--> c9ebe08a9453
[linux/amd64] [2/3] STEP 7/11: COPY cmd/ cmd/
--> 10cee9c01fa7
[linux/amd64] [2/3] STEP 8/11: COPY pkg/ pkg/
--> 8473abb38699
[linux/amd64] [2/3] STEP 9/11: ENV GOEXPERIMENT=strictfipsruntime
--> 63b544b67eca
[linux/amd64] [2/3] STEP 10/11: ENV CGO_ENABLED=1
--> 69741b3cc489
[linux/amd64] [2/3] STEP 11/11: RUN make build-backend BUILD_OPTS="-tags strictfipsruntime"
go build -tags strictfipsruntime -o plugin-backend -mod=readonly cmd/plugin-backend.go
--> f26e277f7e71
[linux/arm64] [2/3] STEP 1/11: FROM registry.ci.openshift.org/ocp/builder:rhel-8-golang-1.24-openshift-4.20 AS go-builder
Trying to pull registry.ci.openshift.org/ocp/builder:rhel-8-golang-1.24-openshift-4.20...
Getting image source signatures
Copying blob sha256:1601f0002240e476166ae25539061c09fadc016385d68cfd04c419472708f270
Copying blob sha256:abb828c6dd68e53a22f7a11904b72f9d5a7802fb5e7c380b3a22b18a02e9a463
Copying blob sha256:211523f3608ae0538e139764b42d3db023cbe3af165af43f3b35bd1008edbe2a
Copying config sha256:891a16a4d5dbbfb7e4204e6b986be2dacd9665316bcdabcec319512369b631f8
Writing manifest to image destination
[linux/arm64] [2/3] STEP 2/11: WORKDIR /opt/app-root
--> Using cache 92551abf3a8504f2d5f9eceb00e349b27e12b87f0a89a284c2a7fa48a6b6927b
--> 92551abf3a85
[linux/arm64] [2/3] STEP 3/11: COPY Makefile Makefile
--> 3a1511ac70ba
[linux/arm64] [2/3] STEP 4/11: COPY go.mod go.mod
--> 08fef7e9cca7
[linux/arm64] [2/3] STEP 5/11: COPY go.sum go.sum
--> 1d7f439af724
[linux/arm64] [2/3] STEP 6/11: RUN go mod download
--> 3c6e75be57e2
[linux/arm64] [2/3] STEP 7/11: COPY cmd/ cmd/
--> 262f0951ac09
[linux/arm64] [2/3] STEP 8/11: COPY pkg/ pkg/
--> 835a1f72677d
[linux/arm64] [2/3] STEP 9/11: ENV GOEXPERIMENT=strictfipsruntime
--> fad76bacb378
[linux/arm64] [2/3] STEP 10/11: ENV CGO_ENABLED=1
--> b2348481a809
[linux/arm64] [2/3] STEP 11/11: RUN make build-backend BUILD_OPTS="-tags strictfipsruntime"
go build -tags strictfipsruntime -o plugin-backend -mod=readonly cmd/plugin-backend.go
--> 72c019d4daed
[linux/amd64] [3/3] STEP 1/4: FROM registry.access.redhat.com/ubi8/ubi
Trying to pull registry.access.redhat.com/ubi8/ubi:latest...
Getting image source signatures
Checking if image destination supports signatures
Copying blob sha256:b659079ce01565873eb67c4d47f0a94a60731d09351f7acfef987e5a525230aa
Copying config sha256:f99fb4f31e6c9bf4cb236b5e086e2c29a81d0f83154bfd243334d0d29f6b8567
Writing manifest to image destination
Storing signatures
[linux/amd64] [3/3] STEP 2/4: COPY --from=web-builder /opt/app-root/web/dist /opt/app-root/web/dist
--> a136652b7955
[linux/amd64] [3/3] STEP 3/4: COPY --from=go-builder /opt/app-root/plugin-backend /opt/app-root
--> 7a10ff27293a
[linux/amd64] [3/3] STEP 4/4: ENTRYPOINT ["/opt/app-root/plugin-backend", "-static-path", "/opt/app-root/web/dist"]
[linux/amd64] [3/3] COMMIT
--> b80320b9bcda
[linux/arm64] [3/3] STEP 1/4: FROM registry.access.redhat.com/ubi8/ubi
Trying to pull registry.access.redhat.com/ubi8/ubi:latest...
b80320b9bcdaa53fbb8904a4b843eab47e8632dcdbe996a5869956e9623f5ca0
Getting image source signatures
Checking if image destination supports signatures
Copying blob sha256:be14e4bd5c48c79aa0c1bc73f7ad1515b7d2452caa02d5e74ad2e4fb3b70fa27
Copying config sha256:246c9f5c31bef2af103d26b16c4f628dfa0b4a8329a0715c2e58dd3b6c2c8d5c
Writing manifest to image destination
Storing signatures
[linux/arm64] [3/3] STEP 2/4: COPY --from=web-builder /opt/app-root/web/dist /opt/app-root/web/dist
--> 421625171d57
[linux/arm64] [3/3] STEP 3/4: COPY --from=go-builder /opt/app-root/plugin-backend /opt/app-root
--> c0c803f70579
[linux/arm64] [3/3] STEP 4/4: ENTRYPOINT ["/opt/app-root/plugin-backend", "-static-path", "/opt/app-root/web/dist"]
[linux/arm64] [3/3] COMMIT
--> e2022b30cd1f
e2022b30cd1faec55e68bb2f2e75c0c9b5cf27ae8d0cde75d0306378aa9bcd18
podman manifest push quay.io/rh-ee-emurasak/troubleshooting-panel-console-plugin:v0.4.5
Getting image list signatures
Copying 2 images generated from 2 images in list
Copying image sha256:f7306a3ad8541ba957ff6d2ec6479e3ae333cffa2665b4cefa64637df209e657 (1/2)
Getting image source signatures
Copying blob sha256:cb02e9190b7e18080d2ded35082352c3b9407974a0b79d814c775d4513a634f9
Copying blob sha256:1dbdcbb70bdf0a287d3dea99abbc4e3a69042ddddc4a9c8442aa51e50a74a19a
Copying blob sha256:eb9adc227252bf5f7708c1553386cf1aa67ae2d719f25c1f929e2c98e21b8b93
Copying config sha256:b80320b9bcdaa53fbb8904a4b843eab47e8632dcdbe996a5869956e9623f5ca0
Writing manifest to image destination
Copying image sha256:45468b25c49a43e4fe51c5f977f97209467a0cb984b2330f8bbdddf4c9ac1b41 (2/2)
Getting image source signatures
Copying blob sha256:5ee16405cda585a5c4e45d562f6b4a71cdf4719ecb007d7784568830a15c64d5
Copying blob sha256:6019af759237e6fb42c003dde4c0bb56c36eebce6429089429a4bd25e51ead7b
Copying blob sha256:465e2440c5665aef21b83722f492502f41567863eb340c616b9455eb468474dd
Copying config sha256:e2022b30cd1faec55e68bb2f2e75c0c9b5cf27ae8d0cde75d0306378aa9bcd18
Writing manifest to image destination
Writing manifest list to image destination
Storing list signatures
==========================================
Building monitoring-plugin @ release-coo-ocp-4.19 with VERSION=v0.5.4 ORG=rh-ee-emurasak
==========================================
Switched to branch 'release-coo-ocp-4.19'
Your branch is up to date with 'origin/release-coo-ocp-4.19'.
From https://github.com/openshift/monitoring-plugin
 * branch            release-coo-ocp-4.19 -> FETCH_HEAD
Already up to date.
--- Attempt 1/3 ---
podman manifest rm quay.io/rh-ee-emurasak/monitoring-console-plugin:v0.5.4 || true
Error: quay.io/rh-ee-emurasak/monitoring-console-plugin:v0.5.4: image not known
podman manifest create quay.io/rh-ee-emurasak/monitoring-console-plugin:v0.5.4
bba6e2f542e694d006dd0695e3758c2435cad4f21421e34914daec8a619b327d
podman build --platform linux/arm64,linux/amd64 --manifest quay.io/rh-ee-emurasak/monitoring-console-plugin:v0.5.4 -f Dockerfile.mcp
[linux/arm64] [1/3] STEP 1/13: FROM registry.redhat.io/ubi9/nodejs-22:latest AS web-builder
Trying to pull registry.redhat.io/ubi9/nodejs-22:latest...
Getting image source signatures
Checking if image destination supports signatures
Copying blob sha256:8cc4364173e08b740ee39103f76581907e7a0eaa07260aeb6afbbebb8dde106e
Copying blob sha256:6c68ec2cb8914dd7cd64b186ef8674ae644c890fcae14edf9a3b33fde3a76cce
Copying blob sha256:98245caf86240da0764634e4873f8d78498df819a738bee6e752ffc1dc9be497
Copying config sha256:bceceabd26d12d7ba9de7f0aad51a65d5ae092bd1ae800eb7bad9330a6a05b8e
Writing manifest to image destination
Storing signatures
[linux/arm64] [1/3] STEP 2/13: WORKDIR /opt/app-root
--> Using cache 341df505c848979d07b252f2afa3bf19f2716897102f56aefc6cc339ec8e81b3
--> 341df505c848
[linux/arm64] [1/3] STEP 3/13: USER 0
--> Using cache b18f0caebe0a1bf463ea6c922000bc7755ad92bac0b3e9af215299cfbfe7fa92
--> b18f0caebe0a
[linux/arm64] [1/3] STEP 4/13: ENV HUSKY=0
--> Using cache d39672776a8d7a61643be6c485d97b1a12d06f26978e871b99d660fbad3dfe64
--> d39672776a8d
[linux/arm64] [1/3] STEP 5/13: COPY web/package*.json web/
--> 41fec0dcb407
[linux/arm64] [1/3] STEP 6/13: COPY Makefile Makefile
--> 1e6fd9e296ac
[linux/arm64] [1/3] STEP 7/13: RUN cd web && npm ci --legacy-peer-deps --ignore-scripts
npm warn deprecated rimraf@3.0.2: Rimraf versions prior to v4 are no longer supported
npm warn deprecated popper.js@1.16.1: You can find the new Popper v2 at @popperjs/core, this package is dedicated to the legacy v1
npm warn deprecated lodash.get@4.4.2: This package is deprecated. Use the optional chaining (?.) operator instead.
npm warn deprecated inflight@1.0.6: This module is not supported, and leaks memory. Do not use it. Check out lru-cache if you want a good and tested way to coalesce async requests by a key value, which is much more comprehensive and powerful.
npm warn deprecated i18next-parser@9.4.0: Project is deprecated, use i18next-cli instead
npm warn deprecated glob@7.2.3: Glob versions prior to v9 are no longer supported
npm warn deprecated @humanwhocodes/config-array@0.13.0: Use @eslint/config-array instead
npm warn deprecated @humanwhocodes/object-schema@2.0.3: Use @eslint/object-schema instead
npm warn deprecated eslint@8.57.1: This version is no longer supported. Please see https://eslint.org/version-support for other options.
npm warn deprecated glob@10.5.0: Old versions of glob are not supported, and contain widely publicized security vulnerabilities, which have been fixed in the current version. Please update. Support for old versions may be purchased (at exorbitant rates) by contacting i@izs.me

added 1755 packages, and audited 1756 packages in 1m

305 packages are looking for funding
  run `npm fund` for details

24 vulnerabilities (22 moderate, 2 high)

To address issues that do not require attention, run:
  npm audit fix

To address all issues (including breaking changes), run:
  npm audit fix --force

Run `npm audit` for details.
--> ede63078ef24
[linux/arm64] [1/3] STEP 8/13: COPY web/ web/
--> 6d81bacc2bfb
[linux/arm64] [1/3] STEP 9/13: COPY config/ config/
--> 1179f71414e2
[linux/arm64] [1/3] STEP 10/13: COPY scripts/update-plugin-name.sh scripts/update-plugin-name.sh
--> cec89ca4935e
[linux/arm64] [1/3] STEP 11/13: RUN make update-plugin-name
./scripts/update-plugin-name.sh
--> 6675d23a5bf4
[linux/arm64] [1/3] STEP 12/13: ENV I18N_NAMESPACE="plugin__monitoring-console-plugin"
--> 51d0a9b3e4c0
[linux/arm64] [1/3] STEP 13/13: RUN make build-frontend
cd web && npm run build

> monitoring-console-plugin@0.5.0 build
> npm run clean && NODE_ENV=production npm run ts-node node_modules/.bin/webpack


> monitoring-console-plugin@0.5.0 clean
> rm -rf dist


> monitoring-console-plugin@0.5.0 ts-node
> ts-node -O '{"module":"commonjs"}' node_modules/.bin/webpack

DEPRECATION WARNING [legacy-js-api]: The legacy JS API is deprecated and will be removed in Dart Sass 2.0.0.

More info: https://sass-lang.com/d/legacy-js-api

assets by path *.js 9.58 MiB
  assets by chunk 8.27 MiB (id hint: vendors)
    assets by status 7.3 MiB [big] 4 assets
    + 38 assets
  + 165 assets
assets by path assets/ 1.28 MiB
  assets by path assets/*.woff 740 KiB 42 assets
  assets by path assets/*.woff2 565 KiB 42 assets
  asset assets/restricted-sign..svg 2.38 KiB [emitted] [from: components/console/imgs/restricted-sign.svg] (auxiliary name: CmoAlertsPage, exposed-AlertRulesDetailsPage, exposed-AlertsDetailsPage, exposed-IncidentsPage, exposed-SilenceEditPage, exposed-SilencesDetailsPage, exposed-TargetsPage)
assets by path locales/ 115 KiB
  asset locales/en/plugin__monitoring-console-plugin.json 21.8 KiB [emitted] [from: ../locales/en/plugin__monitoring-console-plugin.json] [copied]
  asset locales/ja/plugin__monitoring-console-plugin.json 20.7 KiB [emitted] [from: ../locales/ja/plugin__monitoring-console-plugin.json] [copied]
  asset locales/fr/plugin__monitoring-console-plugin.json 19.3 KiB [emitted] [from: ../locales/fr/plugin__monitoring-console-plugin.json] [copied]
  + 3 assets
asset plugin-manifest.json 7.02 KiB [emitted]
orphan modules 19.4 MiB [orphan] 20194 modules
runtime modules 59.6 KiB 15 modules
built modules 17.8 MiB (javascript) 1.28 MiB (asset) 3.28 KiB (consume-shared) 3.04 KiB (share-init) [built]
  javascript modules 17.8 MiB 1732 modules
  asset modules 1.28 MiB (asset) 3.49 KiB (javascript)
    modules by path ../node_modules/@fontsource/inter/files/*.woff2 565 KiB (asset) 1.72 KiB (javascript) 42 modules
    modules by path ../node_modules/@fontsource/inter/files/*.woff 740 KiB (asset) 1.72 KiB (javascript) 42 modules
    ./components/console/imgs/restricted-sign.svg 2.38 KiB (asset) 42 bytes (javascript) [built] [code generated]
  consume-shared-module modules 3.28 KiB 80 modules
  provide-module modules 3.04 KiB
    modules by path provide shared module (default) @patternfly/react-core/dist/dynamic/ 1.93 KiB 47 modules
    modules by path provide shared module (default) @patternfly/react-icons/dist/dynamic/icons/ 1.03 KiB 25 modules
    modules by path provide shared module (default) @patternfly/react-table/dist/dynamic/components/ 84 bytes 2 modules
  ../node_modules/tlds/index.json 10.9 KiB [built] [code generated]

WARNING in asset size limit: The following asset(s) exceed the recommended size limit (244 KiB).
This can impact web performance.
Assets: 
  4617-chunk-d26499fbc029304a133e.min.js (311 KiB)
  9810-chunk-a64b894c03accad280e9.min.js (402 KiB)
  7534-chunk-43e5a98482d88225241c.min.js (2.08 MiB)
  8433-chunk-c91222c9e2cc31b48e7d.min.js (4.53 MiB)

webpack 5.105.2 compiled with 1 warning in 336445 ms
--> 9e305cc2c806
[linux/arm64] [2/3] STEP 1/14: FROM brew.registry.redhat.io/rh-osbs/openshift-golang-builder:rhel_9_1.24 AS go-builder
Trying to pull brew.registry.redhat.io/rh-osbs/openshift-golang-builder:rhel_9_1.24...
Getting image source signatures
Copying blob sha256:65442b90c1456946b65a513148c3e504c3e1ae3889d427d5b4526ba9cec3ea0e
Copying blob sha256:0b3425962862e4c28bb2a8c620101947643235ac8ec98ebf4dd6948f79db8178
Copying config sha256:6b75237990fc7d8f0d9c2ac0d8181360163689361a8fa8d7ae3709b82f0e5e4e
Writing manifest to image destination
[linux/arm64] [2/3] STEP 2/14: WORKDIR /opt/app-root
--> Using cache 0bb7bf034da1ef4886354eb10d29e9949b07fcc248c7dc0ac711a3323550b246
--> 0bb7bf034da1
[linux/arm64] [2/3] STEP 3/14: COPY Makefile Makefile
--> 37291e669636
[linux/arm64] [2/3] STEP 4/14: COPY go.mod go.mod
--> 1042d441b534
[linux/arm64] [2/3] STEP 5/14: COPY go.sum go.sum
--> 1fb955ef175a
[linux/arm64] [2/3] STEP 6/14: RUN make install-backend
go mod download
Go compliance shim [2] [rhel-9-golang-1.24][openshift-golang-builder]: assessment: CGO_ENABLED=1
Go compliance shim [2] [rhel-9-golang-1.24][openshift-golang-builder]: assessment: dynamic linking
Go compliance shim [2] [rhel-9-golang-1.24][openshift-golang-builder]: skipping forced compliance due to broad exemption
Go compliance shim [2] [rhel-9-golang-1.24][openshift-golang-builder]: EXEMPT: 1


Go compliance shim [2] [rhel-9-golang-1.24][openshift-golang-builder]: final command line arguments: "mod" "download" 

Go compliance shim [2] [rhel-9-golang-1.24][openshift-golang-builder]: invoking real go binary
Go compliance shim [2] [rhel-9-golang-1.24][openshift-golang-builder]: Exited with: 0
--> 1cde16f84446
[linux/arm64] [2/3] STEP 7/14: COPY cmd/ cmd/
--> 7a53af0131a0
[linux/arm64] [2/3] STEP 8/14: COPY pkg/ pkg/
--> 5cda3a094b38
[linux/arm64] [2/3] STEP 9/14: ENV GOOS=${TARGETOS:-linux}
--> 38e2cece4dc7
[linux/arm64] [2/3] STEP 10/14: ENV GOARCH=${TARGETARCH}
--> 7ed6a3e6a439
[linux/arm64] [2/3] STEP 11/14: ENV GOEXPERIMENT=strictfipsruntime
--> 8802a9ca2d09
[linux/arm64] [2/3] STEP 12/14: ENV GOFLAGS=-mod=readonly
--> d31ea987dcb1
[linux/arm64] [2/3] STEP 13/14: ENV CGO_ENABLED=1
--> bc63d760bf85
[linux/arm64] [2/3] STEP 14/14: RUN make build-backend
go build  -mod=readonly -o plugin-backend cmd/plugin-backend.go
Go compliance shim [2] [rhel-9-golang-1.24][openshift-golang-builder]: assessment: CGO_ENABLED=1
Go compliance shim [2] [rhel-9-golang-1.24][openshift-golang-builder]: assessment: dynamic linking
Go compliance shim [2] [rhel-9-golang-1.24][openshift-golang-builder]: skipping forced compliance due to broad exemption
Go compliance shim [2] [rhel-9-golang-1.24][openshift-golang-builder]: EXEMPT: 1


Go compliance shim [2] [rhel-9-golang-1.24][openshift-golang-builder]: final command line arguments: "build" "-mod=readonly" "-o" "plugin-backend" "cmd/plugin-backend.go" 

Go compliance shim [2] [rhel-9-golang-1.24][openshift-golang-builder]: invoking real go binary
Go compliance shim [2] [rhel-9-golang-1.24][openshift-golang-builder]: Exited with: 0
--> b7a4eb183ea7
[linux/amd64] [1/3] STEP 1/13: FROM registry.redhat.io/ubi9/nodejs-22:latest AS web-builder
[linux/amd64] [1/3] STEP 2/13: WORKDIR /opt/app-root
--> Using cache 2103fdc2dad63a8232e8c0584a86b2dc96827c156024682409ffa8be852e3169
--> 2103fdc2dad6
[linux/amd64] [1/3] STEP 3/13: USER 0
--> Using cache d75913f681ee7145fac3bb3ab5b936682936a69ce7e594b847d30d261375b3a8
--> d75913f681ee
[linux/amd64] [1/3] STEP 4/13: ENV HUSKY=0
--> Using cache 9f5f3c24faf71a1c3ed6b9d61bbafac8459851542d7203209e80303b91e2b277
--> 9f5f3c24faf7
[linux/amd64] [1/3] STEP 5/13: COPY web/package*.json web/
--> Using cache b28b4a4c7ec98d86b3d3bb3c70e3f887dfe90712843ee4986d2ab71a7967c488
--> b28b4a4c7ec9
[linux/amd64] [1/3] STEP 6/13: COPY Makefile Makefile
--> Using cache b1d6f272716f0f6f03bb54d0344f7b17cc678cc1b43b2c8faed1794b7232a942
--> b1d6f272716f
[linux/amd64] [1/3] STEP 7/13: RUN cd web && npm ci --legacy-peer-deps --ignore-scripts
--> Using cache 2daa00d2eca986c57f6df9017d6ca46cdac6b680fdf3bd7178db0ac07ca22376
--> 2daa00d2eca9
[linux/amd64] [1/3] STEP 8/13: COPY web/ web/
--> Using cache 5e119c2f97f78028e5a6eab731d3dc9a766e19df4baf2dca022573583d425413
--> 5e119c2f97f7
[linux/amd64] [1/3] STEP 9/13: COPY config/ config/
--> Using cache f763dfb6372d5d6aeb6a51e39801b57327049e2c6b88ffddfef8bffbc38d763d
--> f763dfb6372d
[linux/amd64] [1/3] STEP 10/13: COPY scripts/update-plugin-name.sh scripts/update-plugin-name.sh
--> Using cache c51075137309d3e4c477f570b8578ba49ec855826c20b546c777b4746375fcc1
--> c51075137309
[linux/amd64] [1/3] STEP 11/13: RUN make update-plugin-name
--> Using cache d26d0d3d7ba6b1250d271705b3142833b5cccf73998c05f9dd98fdd6ecfd2ef0
--> d26d0d3d7ba6
[linux/amd64] [1/3] STEP 12/13: ENV I18N_NAMESPACE="plugin__monitoring-console-plugin"
--> Using cache 8bc2afc06e5b16224e013ec6d1d4cad884679c2f76e5a47f2a35fdb9df9ed38b
--> 8bc2afc06e5b
[linux/amd64] [1/3] STEP 13/13: RUN make build-frontend
cd web && npm run build

> monitoring-console-plugin@0.5.0 build
> npm run clean && NODE_ENV=production npm run ts-node node_modules/.bin/webpack


> monitoring-console-plugin@0.5.0 clean
> rm -rf dist


> monitoring-console-plugin@0.5.0 ts-node
> ts-node -O '{"module":"commonjs"}' node_modules/.bin/webpack

DEPRECATION WARNING [legacy-js-api]: The legacy JS API is deprecated and will be removed in Dart Sass 2.0.0.

More info: https://sass-lang.com/d/legacy-js-api

assets by path *.js 9.58 MiB
  assets by chunk 8.27 MiB (id hint: vendors)
    assets by status 7.3 MiB [big] 4 assets
    + 38 assets
  + 165 assets
assets by path assets/ 1.28 MiB
  assets by path assets/*.woff 740 KiB 42 assets
  assets by path assets/*.woff2 565 KiB 42 assets
  asset assets/restricted-sign..svg 2.38 KiB [emitted] [from: components/console/imgs/restricted-sign.svg] (auxiliary name: CmoAlertsPage, exposed-AlertRulesDetailsPage, exposed-AlertsDetailsPage, exposed-IncidentsPage, exposed-SilenceEditPage, exposed-SilencesDetailsPage, exposed-TargetsPage)
assets by path locales/ 115 KiB
  asset locales/en/plugin__monitoring-console-plugin.json 21.8 KiB [emitted] [from: ../locales/en/plugin__monitoring-console-plugin.json] [copied]
  asset locales/ja/plugin__monitoring-console-plugin.json 20.7 KiB [emitted] [from: ../locales/ja/plugin__monitoring-console-plugin.json] [copied]
  asset locales/fr/plugin__monitoring-console-plugin.json 19.3 KiB [emitted] [from: ../locales/fr/plugin__monitoring-console-plugin.json] [copied]
  + 3 assets
asset plugin-manifest.json 7.02 KiB [emitted]
orphan modules 19.4 MiB [orphan] 20194 modules
runtime modules 59.6 KiB 15 modules
built modules 17.8 MiB (javascript) 1.28 MiB (asset) 3.28 KiB (consume-shared) 3.04 KiB (share-init) [built]
  javascript modules 17.8 MiB 1732 modules
  asset modules 1.28 MiB (asset) 3.49 KiB (javascript)
    modules by path ../node_modules/@fontsource/inter/files/*.woff2 565 KiB (asset) 1.72 KiB (javascript) 42 modules
    modules by path ../node_modules/@fontsource/inter/files/*.woff 740 KiB (asset) 1.72 KiB (javascript) 42 modules
    ./components/console/imgs/restricted-sign.svg 2.38 KiB (asset) 42 bytes (javascript) [built] [code generated]
  consume-shared-module modules 3.28 KiB 80 modules
  provide-module modules 3.04 KiB
    modules by path provide shared module (default) @patternfly/react-core/dist/dynamic/ 1.93 KiB 47 modules
    modules by path provide shared module (default) @patternfly/react-icons/dist/dynamic/icons/ 1.03 KiB 25 modules
    modules by path provide shared module (default) @patternfly/react-table/dist/dynamic/components/ 84 bytes 2 modules
  ../node_modules/tlds/index.json 10.9 KiB [built] [code generated]

WARNING in asset size limit: The following asset(s) exceed the recommended size limit (244 KiB).
This can impact web performance.
Assets: 
  4617-chunk-d26499fbc029304a133e.min.js (311 KiB)
  9810-chunk-a64b894c03accad280e9.min.js (402 KiB)
  7534-chunk-43e5a98482d88225241c.min.js (2.08 MiB)
  8433-chunk-c91222c9e2cc31b48e7d.min.js (4.53 MiB)

webpack 5.105.2 compiled with 1 warning in 379930 ms
--> Using cache d10712af9c2bbc7bb0f3c9c97612d419b00edaec1ef93c97305af3c476952c86
--> d10712af9c2b
[linux/arm64] [3/3] STEP 1/8: FROM registry.redhat.io/rhel9-4-els/rhel:9.4
Trying to pull registry.redhat.io/rhel9-4-els/rhel:9.4...
Getting image source signatures
Checking if image destination supports signatures
Copying blob sha256:79500177a417e8e03b63a0893e7e6b03f94ac7a605be761a51e28f082a16087f
Copying config sha256:62846c379ae900d8abe0855310d3d4e7ca7b0b21cc231d45bdfe5a0044988475
Writing manifest to image destination
Storing signatures
[linux/arm64] [3/3] STEP 2/8: RUN mkdir /licenses
--> e766bb9ef226
[linux/arm64] [3/3] STEP 3/8: COPY LICENSE /licenses/.
--> f55b9dc1cb00
[linux/arm64] [3/3] STEP 4/8: USER 1001
--> 24a6f95bdae7
[linux/arm64] [3/3] STEP 5/8: COPY --from=web-builder /opt/app-root/web/dist /opt/app-root/web/dist
--> 95592dfe4f32
[linux/arm64] [3/3] STEP 6/8: COPY --from=go-builder /opt/app-root/plugin-backend /opt/app-root
--> 7bf24888537c
[linux/arm64] [3/3] STEP 7/8: COPY --from=web-builder /opt/app-root/config /opt/app-root/config
--> 3225ec9bd00d
[linux/arm64] [3/3] STEP 8/8: ENTRYPOINT ["/opt/app-root/plugin-backend", "-static-path", "/opt/app-root/web/dist"]
[linux/arm64] [3/3] COMMIT
--> 0c85d2fbac97
[linux/amd64] [2/3] STEP 1/14: FROM brew.registry.redhat.io/rh-osbs/openshift-golang-builder:rhel_9_1.24 AS go-builder
0c85d2fbac97fa94a66059870b776adce9192dfdf05d004f8e84530ef08aad1e
[linux/amd64] [2/3] STEP 2/14: WORKDIR /opt/app-root
--> Using cache 3a426e9da9dff13420d4f741d11654d3ec3883e2dd4eb581f98f6c51df69ed24
--> 3a426e9da9df
[linux/amd64] [2/3] STEP 3/14: COPY Makefile Makefile
--> Using cache eb18c39851fd534f2b3ba96f89d5eee52709d947de1552a56924aa213f9669b5
--> eb18c39851fd
[linux/amd64] [2/3] STEP 4/14: COPY go.mod go.mod
--> Using cache 8e6f3aade0baa4fb1a7d479c3f0a4dd7b4b4423c277f6c954ac38c27accd89a3
--> 8e6f3aade0ba
[linux/amd64] [2/3] STEP 5/14: COPY go.sum go.sum
--> Using cache 10ea3403adac9a554d272f3885bd1b2df8d157feaa5dbdc79e8421370e17f6a7
--> 10ea3403adac
[linux/amd64] [2/3] STEP 6/14: RUN make install-backend
--> Using cache ba0b9f730c15ca4d577bf23a4e13b4daac00d5014bab8fcfdce2ab5aed7817b3
--> ba0b9f730c15
[linux/amd64] [2/3] STEP 7/14: COPY cmd/ cmd/
--> Using cache 8c74ab881142d67c195bd6e7a7381fb8ab2d613bb6f1daa669231b2e349b42b0
--> 8c74ab881142
[linux/amd64] [2/3] STEP 8/14: COPY pkg/ pkg/
--> Using cache 7f33ca90e67d8f79667dd382e22bce1a22b86de3ba842468a4083e047fd87c69
--> 7f33ca90e67d
[linux/amd64] [2/3] STEP 9/14: ENV GOOS=${TARGETOS:-linux}
--> Using cache 4500e2b90febafb4acd0766a4f702dfbe2e799c27aee80685db2ac5a23b84235
--> 4500e2b90feb
[linux/amd64] [2/3] STEP 10/14: ENV GOARCH=${TARGETARCH}
--> Using cache 6ec85fdcc7ad3a10f81934f4f4d4b5be3d9284ae9924536d7b37055649fdb59b
--> 6ec85fdcc7ad
[linux/amd64] [2/3] STEP 11/14: ENV GOEXPERIMENT=strictfipsruntime
--> Using cache b72230a20fff5e27e72e6b906b74b5097988974cf359eb2f3bc00f1c88ce2ae9
--> b72230a20fff
[linux/amd64] [2/3] STEP 12/14: ENV GOFLAGS=-mod=readonly
--> Using cache c563a86faa5d876ee67ca61cc844a52961310dffb7153c1d8bcf73e2dc0994ed
--> c563a86faa5d
[linux/amd64] [2/3] STEP 13/14: ENV CGO_ENABLED=1
--> Using cache e095d27477bc1c99d697c652cb3ffd050a21b7e08608d08731772c9351f07b5e
--> e095d27477bc
[linux/amd64] [2/3] STEP 14/14: RUN make build-backend
go build  -mod=readonly -o plugin-backend cmd/plugin-backend.go
Go compliance shim [2] [rhel-9-golang-1.24][openshift-golang-builder]: assessment: CGO_ENABLED=1
Go compliance shim [2] [rhel-9-golang-1.24][openshift-golang-builder]: assessment: dynamic linking
Go compliance shim [2] [rhel-9-golang-1.24][openshift-golang-builder]: skipping forced compliance due to broad exemption
Go compliance shim [2] [rhel-9-golang-1.24][openshift-golang-builder]: EXEMPT: 1


Go compliance shim [2] [rhel-9-golang-1.24][openshift-golang-builder]: final command line arguments: "build" "-mod=readonly" "-o" "plugin-backend" "cmd/plugin-backend.go" 

Go compliance shim [2] [rhel-9-golang-1.24][openshift-golang-builder]: invoking real go binary
Go compliance shim [2] [rhel-9-golang-1.24][openshift-golang-builder]: Exited with: 0
--> Using cache 6d20017e9d064a889adc4a2bdbcd7449bee64da13d26e9212293e8cc34befa6b
--> 6d20017e9d06
[linux/amd64] [3/3] STEP 1/8: FROM registry.redhat.io/rhel9-4-els/rhel:9.4
Trying to pull registry.redhat.io/rhel9-4-els/rhel:9.4...
Getting image source signatures
Checking if image destination supports signatures
Copying blob sha256:9e5082548d869f2944301a153c8568183a38cf0df310a3fb0b2daf2af3b5f841
Copying config sha256:77849b1a77e7859a392840d43bed01557ec82ac0c2ac4283d962deec354ceee6
Writing manifest to image destination
Storing signatures
[linux/amd64] [3/3] STEP 2/8: RUN mkdir /licenses
--> Using cache 38caf7f16afe67d3c969472f04a24b21387c40f0500fa2e6bb8418e685871c7e
--> 38caf7f16afe
[linux/amd64] [3/3] STEP 3/8: COPY LICENSE /licenses/.
--> Using cache 254642a6aeb58dda6153a474dfe34732d26384cc29d15939ab1ae08046c1576c
--> 254642a6aeb5
[linux/amd64] [3/3] STEP 4/8: USER 1001
--> Using cache 214358ab8487a049faf8b742823edc08776720b90fc4c12b40cf58236a5eb0e4
--> 214358ab8487
[linux/amd64] [3/3] STEP 5/8: COPY --from=web-builder /opt/app-root/web/dist /opt/app-root/web/dist
--> Using cache e8cff5a9201ffd655082ff661d7dbde75b16f53c6cee00d8001bd5fa73b3b64f
--> e8cff5a9201f
[linux/amd64] [3/3] STEP 6/8: COPY --from=go-builder /opt/app-root/plugin-backend /opt/app-root
--> Using cache 467fcebd0b18b4207854ab7679f9cc7c6b7bdddca649e5bfd1191faf5abf3d32
--> 467fcebd0b18
[linux/amd64] [3/3] STEP 7/8: COPY --from=web-builder /opt/app-root/config /opt/app-root/config
--> Using cache a6b747f0a44f764f0561ed3df3a5798217c45139d6c61dbf284ecd00e71d6761
--> a6b747f0a44f
[linux/amd64] [3/3] STEP 8/8: ENTRYPOINT ["/opt/app-root/plugin-backend", "-static-path", "/opt/app-root/web/dist"]
--> Using cache e3f5d48a2644c08967850801d919701bcc89ab5355e72037ed005551f3e55ea6
--> e3f5d48a2644
e3f5d48a2644c08967850801d919701bcc89ab5355e72037ed005551f3e55ea6
podman manifest push quay.io/rh-ee-emurasak/monitoring-console-plugin:v0.5.4
Getting image list signatures
Copying 2 images generated from 2 images in list
Copying image sha256:9944deda72048333c7413849a3167c958fa41e54e791696c99a520369da4b2db (1/2)
Getting image source signatures
Copying blob sha256:2e3e6b9816e910909c88ab756222cfdb07b994118a4ef8a7807efae60043180a
Copying blob sha256:abdb8cc72e3424e4355a57b5eaf69a820fc9a93b5ef3124d51f184bbf887b049
Copying blob sha256:bbecbd7a3cc295d4fcf3f3d07f4fcfb692c73d8d1de0360d1a6a5b2804adc070
Copying blob sha256:4d00307ba9015a1f7ac4a1f2efa287f2271499892c6764b0de13257ac1430314
Copying blob sha256:40ab9bd49dddba8677d47ee8f66e8436dd6f79603be7fff3f386894805a91fa4
Copying blob sha256:3763de0513bfa0f97de5cdb0739cc27876993ed0e886aa9fbf8e0a6533f1766d
Copying config sha256:0c85d2fbac97fa94a66059870b776adce9192dfdf05d004f8e84530ef08aad1e
Writing manifest to image destination
Copying image sha256:c9a45c18a2b5f47a1c3b7ca91d75820375c3a08e39589df900cdc1a3b46a93a9 (2/2)
Getting image source signatures
Copying blob sha256:11a5f7b9771a0a3d580eef837fda0044af155724dfb091a0cd00bbaa25f2d4ec
Copying blob sha256:74ea6a5315ac2a0a27a1e4e6f87703374739fbd596e872724a21ab09c6bdf5dd
Copying blob sha256:c1223c39f5351413a2b6fcf78150da1d48558c0da16b049bccc742a1f50b12b4
Copying blob sha256:50fe8518c4b4913b3d10ed293279f37cba7bc5edd75a53092892899dde5fdbaf
Copying blob sha256:aef529d8de5fbf4b6f6a76d1a460f688aa8468f8845f7763a4dc577c75c68b3d
Copying blob sha256:b2f3d123bc536ad605edaad1279d690fd51f5ee128ed511c4285c80881d095be
Copying config sha256:e3f5d48a2644c08967850801d919701bcc89ab5355e72037ed005551f3e55ea6
Writing manifest to image destination
Writing manifest list to image destination
Storing list signatures
==========================================
Building distributed-tracing-console-plugin @ release-coo-ocp-4.22 with VERSION=v1.1.0 ORG=rh-ee-emurasak
==========================================
Already on 'release-coo-ocp-4.22'
Your branch is up to date with 'origin/release-coo-ocp-4.22'.
From https://github.com/openshift/distributed-tracing-console-plugin
 * branch            release-coo-ocp-4.22 -> FETCH_HEAD
Already up to date.
--- Attempt 1/3 ---
podman manifest rm quay.io/rh-ee-emurasak/distributed-tracing-console-plugin:v1.1.0 || true
Untagged: quay.io/rh-ee-emurasak/distributed-tracing-console-plugin:v1.1.0
Deleted: 46af8408608821ee39b9106f748e1ffd66e790cc068a9d379fb463bbaf23367c
podman manifest create quay.io/rh-ee-emurasak/distributed-tracing-console-plugin:v1.1.0
13cb4b6b76af248954b11b7508c0e2d1a4facbb3d740fcaa2a4a117dbb654f63
podman build --platform=linux/arm64,linux/amd64 --manifest quay.io/rh-ee-emurasak/distributed-tracing-console-plugin:v1.1.0 -f Dockerfile
[linux/amd64] [1/3] STEP 1/8: FROM registry.redhat.io/ubi8/nodejs-22:latest AS web-builder
Trying to pull registry.redhat.io/ubi8/nodejs-22:latest...
Getting image source signatures
Checking if image destination supports signatures
Copying blob sha256:1f445a7c58d045b44fa5a56dbb4d0e9fa03e8680db6cf9319d9d561c0191632f
Copying blob sha256:21534294e787fc96343978989fe438bd9c6b835220e7ab6102d5b3909e617005
Copying blob sha256:b659079ce01565873eb67c4d47f0a94a60731d09351f7acfef987e5a525230aa
Copying config sha256:71f7f3bc92fbe08f866a9219a974de6f048963cbb186a265c0d919db324aaf33
Writing manifest to image destination
Storing signatures
[linux/amd64] [1/3] STEP 2/8: WORKDIR /opt/app-root
--> Using cache 0571d452c708d2e18e788917568657d60ae550b57347cb6bd1f848061306ff45
--> 0571d452c708
[linux/amd64] [1/3] STEP 3/8: USER 0
--> Using cache 58b884d1f679abe40ef94ac1ac3188c4651fbe2f3d91d6a731d3e8307996d9b6
--> 58b884d1f679
[linux/amd64] [1/3] STEP 4/8: COPY web/package*.json web/
--> e2cfb367f32c
[linux/amd64] [1/3] STEP 5/8: COPY Makefile Makefile
--> 36a69a9af2f8
[linux/amd64] [1/3] STEP 6/8: RUN make install-frontend-ci-clean
cd web && npm ci --ignore-scripts --omit=optional
npm warn deprecated whatwg-encoding@3.1.1: Use @exodus/bytes instead for a more spec-conformant and faster implementation
npm warn deprecated rimraf@3.0.2: Rimraf versions prior to v4 are no longer supported
npm warn deprecated inflight@1.0.6: This module is not supported, and leaks memory. Do not use it. Check out lru-cache if you want a good and tested way to coalesce async requests by a key value, which is much more comprehensive and powerful.
npm warn deprecated glob@7.2.3: Glob versions prior to v9 are no longer supported
npm warn deprecated rimraf@2.7.1: Rimraf versions prior to v4 are no longer supported
npm warn deprecated glob@10.5.0: Old versions of glob are not supported, and contain widely publicized security vulnerabilities, which have been fixed in the current version. Please update. Support for old versions may be purchased (at exorbitant rates) by contacting i@izs.me
npm warn deprecated glob@10.5.0: Old versions of glob are not supported, and contain widely publicized security vulnerabilities, which have been fixed in the current version. Please update. Support for old versions may be purchased (at exorbitant rates) by contacting i@izs.me
npm warn deprecated glob@10.5.0: Old versions of glob are not supported, and contain widely publicized security vulnerabilities, which have been fixed in the current version. Please update. Support for old versions may be purchased (at exorbitant rates) by contacting i@izs.me
npm warn deprecated glob@10.5.0: Old versions of glob are not supported, and contain widely publicized security vulnerabilities, which have been fixed in the current version. Please update. Support for old versions may be purchased (at exorbitant rates) by contacting i@izs.me

added 1726 packages, and audited 1727 packages in 2m

310 packages are looking for funding
  run `npm fund` for details

27 vulnerabilities (1 low, 19 moderate, 7 high)

To address issues that do not require attention, run:
  npm audit fix

To address all issues (including breaking changes), run:
  npm audit fix --force

Run `npm audit` for details.
cd web && npm cache clean --force
npm warn using --force Recommended protections disabled.
--> 0605ebd86251
[linux/amd64] [1/3] STEP 7/8: COPY web/ web/
--> c24761f43d27
[linux/amd64] [1/3] STEP 8/8: RUN make build-frontend
cd web && npm run build

> distributed-tracing-console-plugin@1.0.0 build
> npm run clean && NODE_ENV=production npm run webpack


> distributed-tracing-console-plugin@1.0.0 clean
> rm -rf dist


> distributed-tracing-console-plugin@1.0.0 webpack
> node -r ts-node/register ./node_modules/.bin/webpack

assets by path assets/ 1.27 MiB
  assets by path assets/*.woff 740 KiB 42 assets
  assets by path assets/*.woff2 565 KiB
    asset assets/inter-latin-ext-600-normal..woff2 35.4 KiB [emitted] [from: ../node_modules/@fontsource/inter/files/inter-latin-ext-600-normal.woff2] (auxiliary id hint: vendors)
    + 41 assets
assets by path *.js 3.3 MiB
  assets by chunk 2.9 MiB (id hint: vendors)
    asset 9911-chunk-d5678a1d8861af23fdb1.min.js 2.59 MiB [emitted] [immutable] [minimized] [big] (id hint: vendors) 1 related asset
    asset 3864-chunk-a584ce5774a4b071dbe5.min.js 130 KiB [emitted] [immutable] [minimized] (id hint: vendors) 1 related asset
    asset 4123-chunk-55a800dcef5c3575529a.min.js 39.9 KiB [emitted] [immutable] [minimized] (id hint: vendors)
    + 9 assets
  + 66 assets
asset locales/en/plugin__distributed-tracing-console-plugin.json 4.29 KiB [emitted] [from: ../locales/en/plugin__distributed-tracing-console-plugin.json] [copied]
asset plugin-manifest.json 895 bytes [emitted]
orphan modules 21.1 MiB [orphan] 13444 modules
runtime modules 34.7 KiB 14 modules
built modules 10.2 MiB (javascript) 1.27 MiB (asset) 1.6 KiB (consume-shared) 1.39 KiB (share-init) [built]
  javascript modules 10.2 MiB 718 modules
  asset modules 1.27 MiB (asset) 3.45 KiB (javascript)
    modules by path ../node_modules/@fontsource/inter/files/*.woff2 565 KiB (asset) 1.72 KiB (javascript) 42 modules
    modules by path ../node_modules/@fontsource/inter/files/*.woff 740 KiB (asset) 1.72 KiB (javascript) 42 modules
  consume-shared-module modules 1.6 KiB
    modules by path consume shared module (default) @patternfly/ 1.39 KiB 34 modules
    modules by path *.1 (singleton) 84 bytes 2 modules
    + 3 modules
  provide-module modules 1.39 KiB
    modules by path provide shared module (default) @patternfly/react-core/dist/dynamic/ 924 bytes 22 modules
    modules by path provide shared module (default) @patternfly/react-icons/dist/dynamic/icons/ 504 bytes 12 modules

WARNING in asset size limit: The following asset(s) exceed the recommended size limit (244 KiB).
This can impact web performance.
Assets: 
  9911-chunk-d5678a1d8861af23fdb1.min.js (2.59 MiB)

webpack 5.106.2 compiled with 1 warning in 280480 ms
--> 37777346226a
[linux/amd64] [2/3] STEP 1/11: FROM brew.registry.redhat.io/rh-osbs/openshift-golang-builder:rhel_9_1.25 AS go-builder
Trying to pull brew.registry.redhat.io/rh-osbs/openshift-golang-builder:rhel_9_1.25...
Getting image source signatures
Copying blob sha256:07b4b7296fb976a7b266e7a81c8e2cef5b0047bd20db6025d084fb8b608e05ed
Copying blob sha256:cb8cee91bb10a151d5f47bfaeade03a136feecdd326326b1bb7ffb26c45f6de8
Copying config sha256:e218eae4db33b56e53cba7f172626764546c2a49403ee52a4a6779724a202367
Writing manifest to image destination
[linux/amd64] [2/3] STEP 2/11: WORKDIR /opt/app-root
--> Using cache cc16369b9933f563f2a54d6fbecb9f5bad90146b5cd6ba0bcd3ea8c6d1fcf554
--> cc16369b9933
[linux/amd64] [2/3] STEP 3/11: COPY Makefile Makefile
--> Using cache 596ff433b18e8ec5baf8dde2e74744c94786dcfc03f5e80455a8c7f8f17959b2
--> 596ff433b18e
[linux/amd64] [2/3] STEP 4/11: COPY go.mod go.mod
--> Using cache cbebf37b87d9912650866a0136449f7d42696da09ecd41dfcee3f2f5250cd72e
--> cbebf37b87d9
[linux/amd64] [2/3] STEP 5/11: COPY go.sum go.sum
--> Using cache 84c9b46ebe8d08c58a9451cfe53415f7e4b42e0288a69a8583bf3db5b79f9d64
--> 84c9b46ebe8d
[linux/amd64] [2/3] STEP 6/11: RUN go mod download
--> Using cache 28c8db55080a3d18d7ae9a8d6b95c5c37fa0f9123aff034b7cc2205fe941c7e4
--> 28c8db55080a
[linux/amd64] [2/3] STEP 7/11: COPY cmd/ cmd/
--> Using cache d719f63f975b6b0d297bf7301dbd72fe889ff8aea188d7dfbd30407cdc222e8a
--> d719f63f975b
[linux/amd64] [2/3] STEP 8/11: COPY pkg/ pkg/
--> Using cache eebba622b8864474934dd1b94f9e2b8ee05cf35653aa289575ac3ac7429d6426
--> eebba622b886
[linux/amd64] [2/3] STEP 9/11: ENV GOEXPERIMENT=strictfipsruntime
--> Using cache 111c21b064c0eb2bd065f27a125b8fc3e7652f6b3a07de08c6b9d88790414bf0
--> 111c21b064c0
[linux/amd64] [2/3] STEP 10/11: ENV CGO_ENABLED=1
--> Using cache 5a1ecfebe8e7ef37bc0e8d1fa8098da28a777609ae2516afcc303d583bb66cab
--> 5a1ecfebe8e7
[linux/amd64] [2/3] STEP 11/11: RUN make build-backend BUILD_OPTS="-tags strictfipsruntime"
--> Using cache a868e17ab9af5175062c592125d53391f0661a22c787b795e8eaf7309e1d9389
--> a868e17ab9af
[linux/arm64] [1/3] STEP 1/8: FROM registry.redhat.io/ubi8/nodejs-22:latest AS web-builder
Trying to pull registry.redhat.io/ubi8/nodejs-22:latest...
Getting image source signatures
Checking if image destination supports signatures
Copying blob sha256:be14e4bd5c48c79aa0c1bc73f7ad1515b7d2452caa02d5e74ad2e4fb3b70fa27
Copying blob sha256:061fa217b0881a08226357c52c1b20d8015686de5874fa61469c90f7b0f752a7
Copying blob sha256:e1de3abe41200e76a94241f1669175174b71b6f683a92b1d52ffc1ba0a8b8d0a
Copying config sha256:711ec0db03eb79f4fd84e49300b5ffcef0111fa55d5edc7b5743d0980aebb86f
Writing manifest to image destination
Storing signatures
[linux/arm64] [1/3] STEP 2/8: WORKDIR /opt/app-root
--> Using cache 97bf1deff719129f5b8993fe4c63cf9b4d87ea94da146894ecb0f1cd3d6282ba
--> 97bf1deff719
[linux/arm64] [1/3] STEP 3/8: USER 0
--> Using cache c8d4ad6c969a3d55347c3e1afdae3ce27cd94d1254a5fe6c33261bff41bfd57d
--> c8d4ad6c969a
[linux/arm64] [1/3] STEP 4/8: COPY web/package*.json web/
--> Using cache 22cf49563ee8c48d096be023d9da50123f1e5c18b919bf47726463209b08c47a
--> 22cf49563ee8
[linux/arm64] [1/3] STEP 5/8: COPY Makefile Makefile
--> Using cache d0eac15c08ea793d2603ce974ac8bdcc6da7340004de5d927b401a0017680b6e
--> d0eac15c08ea
[linux/arm64] [1/3] STEP 6/8: RUN make install-frontend-ci-clean
--> Using cache f15ed508eb89adf601662bdd6aab7971fcc998dc47a30cb112ee1bd347c2afe0
--> f15ed508eb89
[linux/arm64] [1/3] STEP 7/8: COPY web/ web/
--> Using cache 7f7ff125d9c45c9c7a3a20248011de69428133e6f2901c428267095ef68ddbef
--> 7f7ff125d9c4
[linux/arm64] [1/3] STEP 8/8: RUN make build-frontend
--> Using cache f9da891a395873d7b10981ea1fe2934a36d57ef242c151f68923782a8527eebb
--> f9da891a3958
[linux/amd64] [3/3] STEP 1/4: FROM registry.access.redhat.com/ubi9/ubi-minimal
[linux/amd64] [3/3] STEP 2/4: COPY --from=web-builder /opt/app-root/web/dist /opt/app-root/web/dist
--> Using cache 2667706d127f7428d0286072d83c7b39f1b4cb343f30e24294535dfa91b92214
--> 2667706d127f
[linux/amd64] [3/3] STEP 3/4: COPY --from=go-builder /opt/app-root/plugin-backend /opt/app-root
--> Using cache d352cf0a6b6572f68f75a1cfff4a3aed31d3182371dd7652647d7ebce0fc3cb0
--> d352cf0a6b65
[linux/amd64] [3/3] STEP 4/4: ENTRYPOINT ["/opt/app-root/plugin-backend", "-static-path", "/opt/app-root/web/dist", "-config-path", "/opt/app-root/web/dist"]
--> Using cache 0ad12f1e15569e971081d62976b5f6f2ffb753608862f1a082ea01e45a02d5cd
--> 0ad12f1e1556
[linux/arm64] [2/3] STEP 1/11: FROM brew.registry.redhat.io/rh-osbs/openshift-golang-builder:rhel_9_1.25 AS go-builder
0ad12f1e15569e971081d62976b5f6f2ffb753608862f1a082ea01e45a02d5cd
Trying to pull brew.registry.redhat.io/rh-osbs/openshift-golang-builder:rhel_9_1.25...
Getting image source signatures
Copying blob sha256:b98d37c87f15536538dc20373f6feca81ccf73779a63f168b7855ce2c2360cff
Copying blob sha256:9e9bee4738d78cc5b8c68706e99751b669394b1e52ebb360fabf583fee381119
Copying config sha256:6cc0ec0f03bcbce80b198dae197eb1ca379eb2fa2e7f2e456cf01f6464e2b1ec
Writing manifest to image destination
[linux/arm64] [2/3] STEP 2/11: WORKDIR /opt/app-root
--> Using cache 7658018d80f0c235109d2adaf163a025de2659f44d0789a7e632cea91b13df5f
--> 7658018d80f0
[linux/arm64] [2/3] STEP 3/11: COPY Makefile Makefile
--> Using cache 6a000c4bb7f74576993cbc630bceb98a1416a6cfc44f2bd493a35318d495fb56
--> 6a000c4bb7f7
[linux/arm64] [2/3] STEP 4/11: COPY go.mod go.mod
--> Using cache ab6a862fb0cc9131830f3fd75cdfcb4c922c8c56af17f82262d1bc500811c8df
--> ab6a862fb0cc
[linux/arm64] [2/3] STEP 5/11: COPY go.sum go.sum
--> Using cache 7b92dfc404e0a255a3e3fbdf04c3f075a03ee375bc7ef80d191c3496193089b1
--> 7b92dfc404e0
[linux/arm64] [2/3] STEP 6/11: RUN go mod download
--> Using cache 7540b1b1b86af3d562e532953a7316b8c2c4a6d576b6666c3b0e4a602597d06c
--> 7540b1b1b86a
[linux/arm64] [2/3] STEP 7/11: COPY cmd/ cmd/
--> Using cache 32017f5b3010cf00c49b3c810913e57e887c71cb3bdf9a4c8eda0dec6f8add5d
--> 32017f5b3010
[linux/arm64] [2/3] STEP 8/11: COPY pkg/ pkg/
--> Using cache ec6318b41b4a6e2a1b75dae64441e6dba8e80486e2517f88ae23a4311663c00b
--> ec6318b41b4a
[linux/arm64] [2/3] STEP 9/11: ENV GOEXPERIMENT=strictfipsruntime
--> Using cache ec0fdb5d00c59fb41e8fc10bd363552eca2e3e52a91fccdd1d9ee9a05749dcc2
--> ec0fdb5d00c5
[linux/arm64] [2/3] STEP 10/11: ENV CGO_ENABLED=1
--> Using cache 58be20e3a0da79f284ff7873a42d0a6b296711f60c3539ba6649b6de8053437f
--> 58be20e3a0da
[linux/arm64] [2/3] STEP 11/11: RUN make build-backend BUILD_OPTS="-tags strictfipsruntime"
--> Using cache 6f78e6e5fa38c1437d9efeb7fd1290445bb1c2c7b099fe0d0ee6485d9268f804
--> 6f78e6e5fa38
[linux/arm64] [3/3] STEP 1/4: FROM registry.access.redhat.com/ubi9/ubi-minimal
Trying to pull registry.access.redhat.com/ubi9/ubi-minimal:latest...
Getting image source signatures
Checking if image destination supports signatures
Copying blob sha256:7db43598c7e47cf895f880f92e3cee9c07787091c97802ea3f2bea8fa4848040
Copying config sha256:64826a3b202499f826f4af0dc0afdbd7fd6681218074b7ea7ed3969c6e12009e
Writing manifest to image destination
Storing signatures
[linux/arm64] [3/3] STEP 2/4: COPY --from=web-builder /opt/app-root/web/dist /opt/app-root/web/dist
--> Using cache 04a540bd2a892dcc7368126193d7c8440c8e105ddd8334a06b6ee005cfc540cd
--> 04a540bd2a89
[linux/arm64] [3/3] STEP 3/4: COPY --from=go-builder /opt/app-root/plugin-backend /opt/app-root
--> Using cache 5c9ac0a7032d4b79fde01394230526b756d1311dbe8d782b66169c2d23c0e8d8
--> 5c9ac0a7032d
[linux/arm64] [3/3] STEP 4/4: ENTRYPOINT ["/opt/app-root/plugin-backend", "-static-path", "/opt/app-root/web/dist", "-config-path", "/opt/app-root/web/dist"]
--> Using cache b21ae71d36e5adfb86726ecbab8bd32d8d0c76699a59f6ff54342fde33058d27
--> b21ae71d36e5
b21ae71d36e5adfb86726ecbab8bd32d8d0c76699a59f6ff54342fde33058d27
podman manifest push quay.io/rh-ee-emurasak/distributed-tracing-console-plugin:v1.1.0
Getting image list signatures
Copying 2 images generated from 2 images in list
Copying image sha256:eb1adaec1cfb998eba8f6b50901652fa3ec1066188fb17b75f1c9d23a7d02d75 (1/2)
Getting image source signatures
Copying blob sha256:42d3dea2407fc0dd5b9b65ceff71ccf7b1321370b611505e551343ec79e8ffd4
Copying blob sha256:fc619adba729ec24fef75235acd9b59c5e52bdef3e16a3803a6e9e3022ba748b
Copying blob sha256:9cb3415ff0edd6457e6702b680810abf7dd93bbe382ec56c95f23fac711fb03b
Copying config sha256:0ad12f1e15569e971081d62976b5f6f2ffb753608862f1a082ea01e45a02d5cd
Writing manifest to image destination
Copying image sha256:03c8bd43dcf0df9b517cc8fe974900f6a85245ee27c68ed2512bf6723931012b (2/2)
Getting image source signatures
Copying blob sha256:80e4e47ae47e055dc06eaed6fdfd1cbe90fa58175ab9c97dbbe4224c9d6026aa
Copying blob sha256:87ffd1222d3aba6da5d67bbd7ef9cecba3a3830806163e678ae01cc57cd03d5e
Copying blob sha256:660ddcc6c2c3ebc15cedd42ef5382feb710c6a9fe59ebca2cadfbead4f10d3f9
Copying config sha256:b21ae71d36e5adfb86726ecbab8bd32d8d0c76699a59f6ff54342fde33058d27
Writing manifest to image destination
Writing manifest list to image destination
Storing list signatures
==========================================
Building troubleshooting-panel-console-plugin @ release-coo-ocp-4.22 with VERSION=v1.0.0 ORG=rh-ee-emurasak
==========================================
Already on 'release-coo-ocp-4.22'
Your branch is up to date with 'origin/release-coo-ocp-4.22'.
From https://github.com/openshift/troubleshooting-panel-console-plugin
 * branch            release-coo-ocp-4.22 -> FETCH_HEAD
fatal: Cannot rebase onto multiple branches.
WARNING: pull failed for troubleshooting-panel-console-plugin @ release-coo-ocp-4.22, building with local state
--- Attempt 1/3 ---
podman manifest rm quay.io/rh-ee-emurasak/troubleshooting-panel-console-plugin:v1.0.0 || true
Error: quay.io/rh-ee-emurasak/troubleshooting-panel-console-plugin:v1.0.0: image not known
podman manifest create quay.io/rh-ee-emurasak/troubleshooting-panel-console-plugin:v1.0.0
30cc3f0c99c2e065daaa03e54bef9b0c43a8b471a4f9b8b1df7df168dc41b66a
podman build --platform=linux/arm64,linux/amd64 --manifest quay.io/rh-ee-emurasak/troubleshooting-panel-console-plugin:v1.0.0 -f Dockerfile
[linux/arm64] [1/3] STEP 1/8: FROM registry.access.redhat.com/ubi8/nodejs-22:latest AS web-builder
[linux/arm64] [1/3] STEP 2/8: WORKDIR /opt/app-root
--> Using cache 97bf1deff719129f5b8993fe4c63cf9b4d87ea94da146894ecb0f1cd3d6282ba
--> 97bf1deff719
[linux/arm64] [1/3] STEP 3/8: USER 0
--> Using cache c8d4ad6c969a3d55347c3e1afdae3ce27cd94d1254a5fe6c33261bff41bfd57d
--> c8d4ad6c969a
[linux/arm64] [1/3] STEP 4/8: COPY web/package*.json web/
--> b84a0b83bb6c
[linux/arm64] [1/3] STEP 5/8: COPY Makefile Makefile
--> 655acd237c42
[linux/arm64] [1/3] STEP 6/8: RUN make install-frontend
cd web && npm install
npm warn deprecated whatwg-encoding@3.1.1: Use @exodus/bytes instead for a more spec-conformant and faster implementation
npm warn deprecated rimraf@3.0.2: Rimraf versions prior to v4 are no longer supported
npm warn deprecated popper.js@1.16.1: You can find the new Popper v2 at @popperjs/core, this package is dedicated to the legacy v1
npm warn deprecated inflight@1.0.6: This module is not supported, and leaks memory. Do not use it. Check out lru-cache if you want a good and tested way to coalesce async requests by a key value, which is much more comprehensive and powerful.
npm warn deprecated i18next-parser@9.4.0: Project is deprecated, use i18next-cli instead
npm warn deprecated glob@7.2.3: Old versions of glob are not supported, and contain widely publicized security vulnerabilities, which have been fixed in the current version. Please update. Support for old versions may be purchased (at exorbitant rates) by contacting i@izs.me
npm warn deprecated domexception@4.0.0: Use your platform's native DOMException instead
npm warn deprecated abab@2.0.6: Use your platform's native atob() and btoa() methods instead
npm warn deprecated @fortawesome/react-fontawesome@0.2.6: v0.2.x is no longer supported. Unless you are still using FontAwesome 5, please update to v3.1.1 or greater.
npm warn deprecated glob@10.5.0: Old versions of glob are not supported, and contain widely publicized security vulnerabilities, which have been fixed in the current version. Please update. Support for old versions may be purchased (at exorbitant rates) by contacting i@izs.me
npm warn deprecated glob@10.5.0: Old versions of glob are not supported, and contain widely publicized security vulnerabilities, which have been fixed in the current version. Please update. Support for old versions may be purchased (at exorbitant rates) by contacting i@izs.me
npm warn deprecated whatwg-encoding@2.0.0: Use @exodus/bytes instead for a more spec-conformant and faster implementation
npm warn deprecated whatwg-encoding@2.0.0: Use @exodus/bytes instead for a more spec-conformant and faster implementation

added 1556 packages, and audited 1557 packages in 3m

329 packages are looking for funding
  run `npm fund` for details

28 vulnerabilities (2 low, 20 moderate, 6 high)

To address issues that do not require attention, run:
  npm audit fix

To address all issues (including breaking changes), run:
  npm audit fix --force

Run `npm audit` for details.
--> 6ff3b33009b5
[linux/arm64] [1/3] STEP 7/8: COPY web/ web/
--> 27d42ed90c78
[linux/arm64] [1/3] STEP 8/8: RUN make build-frontend
cd web && npm run lint && npm run lint:tsc

> troubleshooting-panel-console-plugin@0.4.0 lint
> eslint ./src --fix &&  stylelint "src/**/*.css" --allow-empty-input --fix


> troubleshooting-panel-console-plugin@0.4.0 lint:tsc
> tsc --noEmit

cd web && npm run i18n && npm run build

> troubleshooting-panel-console-plugin@0.4.0 i18n
> i18n-scripts/build-i18n.sh && node i18n-scripts/set-english-defaults.js

+ FILE_PATTERN='{!(dist|node_modules)/**/*.{js,jsx,ts,tsx,json},*.{js,jsx,ts,tsx,json}}'
+ i18next '{!(dist|node_modules)/**/*.{js,jsx,ts,tsx,json},*.{js,jsx,ts,tsx,json}}' '[-oc]' -c ./i18next-parser.config.js -o 'locales/$LOCALE/$NAMESPACE.json'

  i18next Parser
  --------------
  Input:  {!(dist|node_modules)/**/*.{js,jsx,ts,tsx,json},*.{js,jsx,ts,tsx,json}}, [-oc]
  Output: locales/$LOCALE/$NAMESPACE.json

  [read]    /opt/app-root/web/console-extensions.json
  [read]    /opt/app-root/web/cypress.config.ts
  [read]    /opt/app-root/web/cypress/e2e/acceptance.cy.ts
  [read]    /opt/app-root/web/cypress/fixtures/data-test.ts
  [read]    /opt/app-root/web/cypress/support/commands/auth-commands.ts
  [read]    /opt/app-root/web/cypress/support/commands/env.ts
  [read]    /opt/app-root/web/cypress/support/commands/selector-commands.ts
  [read]    /opt/app-root/web/cypress/support/commands/troubeshoot-commands.ts
  [read]    /opt/app-root/web/cypress/support/commands/utility-commands.ts
  [read]    /opt/app-root/web/cypress/support/e2e.ts
  [read]    /opt/app-root/web/cypress/tsconfig.json
  [read]    /opt/app-root/web/cypress/views/nav.ts
  [read]    /opt/app-root/web/cypress/views/tour.ts
  [read]    /opt/app-root/web/cypress/views/utils.ts
  [read]    /opt/app-root/web/eslint.config.ts
  [read]    /opt/app-root/web/i18n-scripts/common.js
  [read]    /opt/app-root/web/i18n-scripts/set-english-defaults.js
  [read]    /opt/app-root/web/i18next-parser.config.js
  [read]    /opt/app-root/web/jest.config.js
  [read]    /opt/app-root/web/locales/en/plugin__troubleshooting-panel-console-plugin.json
  [read]    /opt/app-root/web/openapi-ts.config.ts
  [read]    /opt/app-root/web/package-lock.json
  [read]    /opt/app-root/web/package.json
  [read]    /opt/app-root/web/src/__tests__/agentNavigation.spec.ts
  [read]    /opt/app-root/web/src/__tests__/alert.spec.ts
  [read]    /opt/app-root/web/src/__tests__/icons-preview.spec.tsx
  [read]    /opt/app-root/web/src/__tests__/k8s.spec.ts
  [read]    /opt/app-root/web/src/__tests__/log.spec.ts
  [read]    /opt/app-root/web/src/__tests__/metric.spec.ts
  [read]    /opt/app-root/web/src/__tests__/netflow.spec.ts
  [read]    /opt/app-root/web/src/__tests__/status.spec.ts
  [read]    /opt/app-root/web/src/__tests__/time.spec.ts
  [read]    /opt/app-root/web/src/__tests__/trace.spec.ts
  [read]    /opt/app-root/web/src/__tests__/types.spec.ts
  [read]    /opt/app-root/web/src/components/AdvancedSearchForm.tsx
  [read]    /opt/app-root/web/src/components/AgentMenu.tsx
  [read]    /opt/app-root/web/src/components/AIExperienceIcon.tsx
  [read]    /opt/app-root/web/src/components/DateTimePicker.tsx
  [read]    /opt/app-root/web/src/components/DateTimeRangePicker.tsx
  [read]    /opt/app-root/web/src/components/HelpPopover.tsx
  [read]    /opt/app-root/web/src/components/icons.tsx
  [read]    /opt/app-root/web/src/components/Korrel8rPanel.tsx
  [read]    /opt/app-root/web/src/components/KubernetesIcon.tsx
  [read]    /opt/app-root/web/src/components/NullContextProvider.tsx
  [read]    /opt/app-root/web/src/components/Popover.tsx
  [read]    /opt/app-root/web/src/components/TimeRangeDropdown.tsx
  [read]    /opt/app-root/web/src/components/TimeUnitPicker.tsx
  [read]    /opt/app-root/web/src/components/topology/Korrel8rTopology.tsx
  [read]    /opt/app-root/web/src/components/topology/status.ts
  [read]    /opt/app-root/web/src/encoder-shim.ts
  [read]    /opt/app-root/web/src/getResources.ts
  [read]    /opt/app-root/web/src/hooks/useAgentNavigation.ts
  [read]    /opt/app-root/web/src/hooks/useBoolean.ts
  [read]    /opt/app-root/web/src/hooks/useDomains.tsx
  [read]    /opt/app-root/web/src/hooks/useFeatures.ts
  [read]    /opt/app-root/web/src/hooks/useLocationQuery.ts
  [read]    /opt/app-root/web/src/hooks/useNavigateToQuery.ts
  [read]    /opt/app-root/web/src/hooks/usePluginAvailable.ts
  [read]    /opt/app-root/web/src/hooks/usePopover.tsx
  [read]    /opt/app-root/web/src/hooks/useTimeUnitLabel.tsx
  [read]    /opt/app-root/web/src/hooks/useTroubleshootingPanel.tsx
  [read]    /opt/app-root/web/src/index.d.ts
  [read]    /opt/app-root/web/src/korrel8r-client.ts
  [read]    /opt/app-root/web/src/korrel8r/alert.ts
  [read]    /opt/app-root/web/src/korrel8r/client/client.gen.ts
  [read]    /opt/app-root/web/src/korrel8r/client/client/client.gen.ts
  [read]    /opt/app-root/web/src/korrel8r/client/client/index.ts
  [read]    /opt/app-root/web/src/korrel8r/client/client/types.gen.ts
  [read]    /opt/app-root/web/src/korrel8r/client/client/utils.gen.ts
  [read]    /opt/app-root/web/src/korrel8r/client/core/auth.gen.ts
  [read]    /opt/app-root/web/src/korrel8r/client/core/bodySerializer.gen.ts
  [read]    /opt/app-root/web/src/korrel8r/client/core/params.gen.ts
  [read]    /opt/app-root/web/src/korrel8r/client/core/pathSerializer.gen.ts
  [read]    /opt/app-root/web/src/korrel8r/client/core/queryKeySerializer.gen.ts
  [read]    /opt/app-root/web/src/korrel8r/client/core/serverSentEvents.gen.ts
  [read]    /opt/app-root/web/src/korrel8r/client/core/types.gen.ts
  [read]    /opt/app-root/web/src/korrel8r/client/core/utils.gen.ts
  [read]    /opt/app-root/web/src/korrel8r/client/index.ts
  [read]    /opt/app-root/web/src/korrel8r/client/sdk.gen.ts
  [read]    /opt/app-root/web/src/korrel8r/client/types.gen.ts
  [read]    /opt/app-root/web/src/korrel8r/k8s.ts
  [read]    /opt/app-root/web/src/korrel8r/log.ts
  [read]    /opt/app-root/web/src/korrel8r/metric.ts
  [read]    /opt/app-root/web/src/korrel8r/netflow.ts
  [read]    /opt/app-root/web/src/korrel8r/trace.ts
  [read]    /opt/app-root/web/src/korrel8r/types.ts
  [read]    /opt/app-root/web/src/redux-actions.ts
  [read]    /opt/app-root/web/src/redux-reducers.ts
  [read]    /opt/app-root/web/src/sleep.ts
  [read]    /opt/app-root/web/src/time.ts
  [read]    /opt/app-root/web/tsconfig.json
  [read]    /opt/app-root/web/webpack.config.ts
  [write]   /opt/app-root/web/locales/en/plugin__troubleshooting-panel-console-plugin.json

  Stats:  92 files were parsed

> troubleshooting-panel-console-plugin@0.4.0 build
> npm run clean && npm run ts-node node_modules/.bin/webpack


> troubleshooting-panel-console-plugin@0.4.0 clean
> rm -rf dist


> troubleshooting-panel-console-plugin@0.4.0 ts-node
> ts-node -O '{"module":"commonjs"}' node_modules/.bin/webpack

assets by path *.js 4.65 MiB
  assets by chunk 3.63 MiB (id hint: vendors)
    asset vendors-node_modules_fortawesome_react-fontawesome_index_es_js-node_modules_patternfly_react--68e614-chunk.js 1.4 MiB [emitted] (id hint: vendors) 1 related asset
    asset vendors-node_modules_patternfly_react-core_dist_esm_helpers_Popper_Popper_js-chunk.js 1.16 MiB [emitted] (id hint: vendors) 1 related asset
    asset vendors-node_modules_immutable_dist_immutable_es_js-node_modules_typesafe-actions_dist_typesa-cdf261-chunk.js 183 KiB [emitted] (id hint: vendors) 1 related asset
    asset vendors-node_modules_patternfly_react-core_dist_esm_components_DatePicker_index_js-chunk.js 94.8 KiB [emitted] (id hint: vendors) 1 related asset
    asset vendors-node_modules_patternfly_react-core_dist_esm_components_Menu_Menu_js-node_modules_patt-b35725-chunk.js 90.8 KiB [emitted] (id hint: vendors) 1 related asset
    asset vendors-node_modules_patternfly_react-core_dist_esm_helpers_FocusTrap_FocusTrap_js-node_modul-246622-chunk.js 80.1 KiB [emitted] (id hint: vendors) 1 related asset
    asset vendors-node_modules_patternfly_react-core_dist_esm_components_Form_index_js-chunk.js 63.3 KiB [emitted] (id hint: vendors) 1 related asset
    asset vendors-node_modules_patternfly_react-core_dist_esm_components_TimePicker_index_js-chunk.js 56.3 KiB [emitted] (id hint: vendors) 1 related asset
    asset vendors-node_modules_patternfly_react-core_dist_esm_components_EmptyState_index_js-chunk.js 54.1 KiB [emitted] (id hint: vendors) 1 related asset
    + 13 assets
  + 80 assets
asset locales/en/plugin__troubleshooting-panel-console-plugin.json 3.63 KiB [emitted] [from: ../locales/en/plugin__troubleshooting-panel-console-plugin.json] [copied]
asset plugin-manifest.json 1.19 KiB [emitted]
orphan modules 48.9 KiB [orphan] 73 modules
runtime modules 87 KiB 12 modules
javascript modules 3.2 MiB 394 modules
consume-shared-module modules 2.01 KiB
  modules by path consume shared module (default) @patternfly/ 1.8 KiB 44 modules
  modules by path *.1 (singleton) 84 bytes 2 modules
  + 3 modules
provide-module modules 1.76 KiB
  modules by path provide shared module (default) @patternfly/react-core/dist/dynamic/ 1.19 KiB 29 modules
  modules by path provide shared module (default) @patternfly/react-icons/dist/dynamic/icons/ 588 bytes
    provide shared module (default) @patternfly/react-icons/dist/dynamic/icons/atten...(truncated) 42 bytes [built] [code generated]
    provide shared module (default) @patternfly/react-icons/dist/dynamic/icons/clust...(truncated) 42 bytes [built] [code generated]
    + 12 modules
../node_modules/@fortawesome/fontawesome-svg-core/package.json 1.39 KiB [optional] [built] [code generated]

LOG from @openshift-console/dynamic-plugin-sdk-webpack/lib/webpack/loaders/dynamic-module-import-loader ../node_modules/swc-loader/src/index.js!./components/KubernetesIcon.tsx
<w> Non-index and non-dynamic module import @patternfly/react-icons/dist/esm/createIcon

webpack 5.106.0 compiled successfully in 5386 ms
--> 89f2dc0c2f87
[linux/arm64] [2/3] STEP 1/11: FROM registry.ci.openshift.org/ocp/builder:rhel-8-golang-1.24-openshift-4.20 AS go-builder
[linux/arm64] [2/3] STEP 2/11: WORKDIR /opt/app-root
--> Using cache 92551abf3a8504f2d5f9eceb00e349b27e12b87f0a89a284c2a7fa48a6b6927b
--> 92551abf3a85
[linux/arm64] [2/3] STEP 3/11: COPY Makefile Makefile
--> 7a0af92c7a99
[linux/arm64] [2/3] STEP 4/11: COPY go.mod go.mod
--> 5057d585be52
[linux/arm64] [2/3] STEP 5/11: COPY go.sum go.sum
--> 1a10128e3536
[linux/arm64] [2/3] STEP 6/11: RUN go mod download
--> 0956023fb1df
[linux/arm64] [2/3] STEP 7/11: COPY cmd/ cmd/
--> 2994fa5fc9ad
[linux/arm64] [2/3] STEP 8/11: COPY pkg/ pkg/
--> 6edc5c0041d9
[linux/arm64] [2/3] STEP 9/11: ENV GOEXPERIMENT=strictfipsruntime
--> eae92c10ee9a
[linux/arm64] [2/3] STEP 10/11: ENV CGO_ENABLED=1
--> 1e214df71bd7
[linux/arm64] [2/3] STEP 11/11: RUN make build-backend BUILD_OPTS="-tags strictfipsruntime"
go build -tags strictfipsruntime -o plugin-backend -mod=readonly cmd/plugin-backend.go
--> de82617f3d7b
[linux/amd64] [1/3] STEP 1/8: FROM registry.access.redhat.com/ubi8/nodejs-22:latest AS web-builder
[linux/amd64] [1/3] STEP 2/8: WORKDIR /opt/app-root
--> Using cache 0571d452c708d2e18e788917568657d60ae550b57347cb6bd1f848061306ff45
--> 0571d452c708
[linux/amd64] [1/3] STEP 3/8: USER 0
--> Using cache 58b884d1f679abe40ef94ac1ac3188c4651fbe2f3d91d6a731d3e8307996d9b6
--> 58b884d1f679
[linux/amd64] [1/3] STEP 4/8: COPY web/package*.json web/
--> Using cache cbe47782b15be8d1e55423cebbd1a6dfb6d01aac4beae8c165fa2db487bce5bf
--> cbe47782b15b
[linux/amd64] [1/3] STEP 5/8: COPY Makefile Makefile
--> Using cache 8ba874b9a8713a8a7f4caa615236bf88477d9764f533dadd3234e378ca782645
--> 8ba874b9a871
[linux/amd64] [1/3] STEP 6/8: RUN make install-frontend
--> Using cache 158289a119095248699da10191f732d9791b4d919a1769c163fdcb27df9dcce8
--> 158289a11909
[linux/amd64] [1/3] STEP 7/8: COPY web/ web/
--> Using cache 932f14eaed913024fae72bb52d376a2b69879054b2a2dee9599be9894baba088
--> 932f14eaed91
[linux/amd64] [1/3] STEP 8/8: RUN make build-frontend
--> Using cache a4a17440307f064f820f60f77ff88e37ccf1a2dd781296719a9303007b688047
--> a4a17440307f
[linux/arm64] [3/3] STEP 1/4: FROM registry.access.redhat.com/ubi8/ubi
[linux/arm64] [3/3] STEP 2/4: COPY --from=web-builder /opt/app-root/web/dist /opt/app-root/web/dist
--> 733623594b86
[linux/arm64] [3/3] STEP 3/4: COPY --from=go-builder /opt/app-root/plugin-backend /opt/app-root
--> f363a75277a2
[linux/arm64] [3/3] STEP 4/4: ENTRYPOINT ["/opt/app-root/plugin-backend", "-static-path", "/opt/app-root/web/dist"]
[linux/arm64] [3/3] COMMIT
--> ba38e2b1f4b7
[linux/amd64] [2/3] STEP 1/11: FROM registry.ci.openshift.org/ocp/builder:rhel-8-golang-1.24-openshift-4.20 AS go-builder
ba38e2b1f4b7d5da45b11f035e7c2fe8d1b3ad5e3708635cf74fd90c47e6e690
[linux/amd64] [2/3] STEP 2/11: WORKDIR /opt/app-root
--> Using cache ffa4290716935c2dd504fb4d4cdd506033c585cb273133e2b54613827b93ecc7
--> ffa429071693
[linux/amd64] [2/3] STEP 3/11: COPY Makefile Makefile
--> Using cache ddfcadbf52707de168c058d9fde6482fa8ee48f370d8c754f47ff14397bc4c1c
--> ddfcadbf5270
[linux/amd64] [2/3] STEP 4/11: COPY go.mod go.mod
--> Using cache 9585af88cce16f485fb4df1f94d5a26dd3b3784d0d35b7fd1cd2b91b92ebeaca
--> 9585af88cce1
[linux/amd64] [2/3] STEP 5/11: COPY go.sum go.sum
--> Using cache 0c526754a7f2eb21647d346205b73397d452cb72282dc1a2a5a2f328ee697f54
--> 0c526754a7f2
[linux/amd64] [2/3] STEP 6/11: RUN go mod download
--> Using cache 7101e24aab1fd1098a1f5193f5ca2833faca5fedabd3bbe77be0f1c9712564be
--> 7101e24aab1f
[linux/amd64] [2/3] STEP 7/11: COPY cmd/ cmd/
--> Using cache 3c535b1c567667b300a4a7f85e30d37fe324b1606a6b39cc4f634bcecf2cda7c
--> 3c535b1c5676
[linux/amd64] [2/3] STEP 8/11: COPY pkg/ pkg/
--> Using cache 12b9f0babdda68380b122cdc8c87c272e0091ae0231d91a0ae40b3fb8bfb19d5
--> 12b9f0babdda
[linux/amd64] [2/3] STEP 9/11: ENV GOEXPERIMENT=strictfipsruntime
--> Using cache 517f8560e634c83f8a35276f152e4f45b681b6df1f5ed94999101ae90c12eeb0
--> 517f8560e634
[linux/amd64] [2/3] STEP 10/11: ENV CGO_ENABLED=1
--> Using cache 828ebbc9831895349a195cd65737a21feae30e416ac72d680653d843c040cab5
--> 828ebbc98318
[linux/amd64] [2/3] STEP 11/11: RUN make build-backend BUILD_OPTS="-tags strictfipsruntime"
go build -tags strictfipsruntime -o plugin-backend -mod=readonly cmd/plugin-backend.go
--> Using cache 1e2272e929b48365cc08799dd68d7a1b8787bb8041a067f21ecb60976bb68a67
--> 1e2272e929b4
[linux/amd64] [3/3] STEP 1/4: FROM registry.access.redhat.com/ubi8/ubi
Trying to pull registry.access.redhat.com/ubi8/ubi:latest...
Getting image source signatures
Checking if image destination supports signatures
Copying blob sha256:b659079ce01565873eb67c4d47f0a94a60731d09351f7acfef987e5a525230aa
Copying config sha256:f99fb4f31e6c9bf4cb236b5e086e2c29a81d0f83154bfd243334d0d29f6b8567
Writing manifest to image destination
Storing signatures
[linux/amd64] [3/3] STEP 2/4: COPY --from=web-builder /opt/app-root/web/dist /opt/app-root/web/dist
--> Using cache 68f5540cc58dc879851afb8d199f1d5fcbe3f5db7c41c467765ec80e2c2bbf50
--> 68f5540cc58d
[linux/amd64] [3/3] STEP 3/4: COPY --from=go-builder /opt/app-root/plugin-backend /opt/app-root
--> Using cache a484ca9c8904845eca7865954c5b876a99d487a8f9df4c602b0e9a806904f3a2
--> a484ca9c8904
[linux/amd64] [3/3] STEP 4/4: ENTRYPOINT ["/opt/app-root/plugin-backend", "-static-path", "/opt/app-root/web/dist"]
--> Using cache 7af92a89863b91ac248e46492f40195d10427265dfb0e58549257868777d5887
--> 7af92a89863b
7af92a89863b91ac248e46492f40195d10427265dfb0e58549257868777d5887
podman manifest push quay.io/rh-ee-emurasak/troubleshooting-panel-console-plugin:v1.0.0
Getting image list signatures
Copying 2 images generated from 2 images in list
Copying image sha256:e880d82a26b92a8198b18bce53e7ec59cd818a69f295cc8a54864a290107786e (1/2)
Getting image source signatures
Copying blob sha256:5ee16405cda585a5c4e45d562f6b4a71cdf4719ecb007d7784568830a15c64d5
Copying blob sha256:8cab6f35e076fa8ad1405978c85744030f3844b7503bff4da5b414a727de1952
Copying blob sha256:8997a3d4ff4f9cd18c03eb009e60c289598e695066f72afcdd7fce8757d328de
Copying config sha256:ba38e2b1f4b7d5da45b11f035e7c2fe8d1b3ad5e3708635cf74fd90c47e6e690
Writing manifest to image destination
Copying image sha256:caf511a96827eef5dadf442a95ea777948e79435a29ed9be91c44c99e8b94a58 (2/2)
Getting image source signatures
Copying blob sha256:0d9f1c28c577c505d7a226ca5836559b6dc79569e90b529ec220431e1c08bf48
Copying blob sha256:1dbdcbb70bdf0a287d3dea99abbc4e3a69042ddddc4a9c8442aa51e50a74a19a
Copying blob sha256:221a55d6f72e9c8cadab15f42b9a3d3bc902374a508fb597043a80e76d443fbc
Copying config sha256:7af92a89863b91ac248e46492f40195d10427265dfb0e58549257868777d5887
Writing manifest to image destination
Writing manifest list to image destination
Storing list signatures
==========================================
Building monitoring-plugin @ release-coo-ocp-4.22 with VERSION=v1.0.0 ORG=rh-ee-emurasak
==========================================
Switched to branch 'release-coo-ocp-4.22'
Your branch is up to date with 'origin/release-coo-ocp-4.22'.
From https://github.com/openshift/monitoring-plugin
 * branch            release-coo-ocp-4.22 -> FETCH_HEAD
Already up to date.
--- Attempt 1/3 ---
podman manifest create -a quay.io/rh-ee-emurasak/monitoring-console-plugin:v1.0.0
90b2770d76673de252f69bb72938e194b67e6e31686a549a2d5cf6a8e295f736
podman build --platform linux/arm64,linux/amd64 --manifest quay.io/rh-ee-emurasak/monitoring-console-plugin:v1.0.0 -f Dockerfile.mcp
[linux/amd64] [1/3] STEP 1/13: FROM registry.redhat.io/ubi9/nodejs-22:latest AS web-builder
Trying to pull registry.redhat.io/ubi9/nodejs-22:latest...
Getting image source signatures
Checking if image destination supports signatures
Copying blob sha256:669ecfdf872e83fa8f88dbdbe9b75f628fb72b9210cbdcce7ea0f449a74cac9e
Copying blob sha256:9a785c83dc42af66688cf5d3dd8e0500ce65bad5a679b45744d62c2fffbb60d8
Copying blob sha256:1c3800ac7d8629ddf73a031732f867dbc0c46d5a7dd1f70c0656c2e6e351e3aa
Copying config sha256:7ff8c7d7ce9b0c742c2379ee8b8206279c959b199e0e12bd8d486ef717c6da23
Writing manifest to image destination
Storing signatures
[linux/amd64] [1/3] STEP 2/13: WORKDIR /opt/app-root
--> Using cache 2103fdc2dad63a8232e8c0584a86b2dc96827c156024682409ffa8be852e3169
--> 2103fdc2dad6
[linux/amd64] [1/3] STEP 3/13: USER 0
--> Using cache d75913f681ee7145fac3bb3ab5b936682936a69ce7e594b847d30d261375b3a8
--> d75913f681ee
[linux/amd64] [1/3] STEP 4/13: ENV HUSKY=0
--> Using cache 9f5f3c24faf71a1c3ed6b9d61bbafac8459851542d7203209e80303b91e2b277
--> 9f5f3c24faf7
[linux/amd64] [1/3] STEP 5/13: COPY web/package*.json web/
--> fba9a290bbe9
[linux/amd64] [1/3] STEP 6/13: COPY Makefile Makefile
--> add611007eb2
[linux/amd64] [1/3] STEP 7/13: RUN cd web && npm ci --legacy-peer-deps --ignore-scripts
npm warn deprecated rimraf@3.0.2: Rimraf versions prior to v4 are no longer supported
npm warn deprecated lodash.get@4.4.2: This package is deprecated. Use the optional chaining (?.) operator instead.
npm warn deprecated inflight@1.0.6: This module is not supported, and leaks memory. Do not use it. Check out lru-cache if you want a good and tested way to coalesce async requests by a key value, which is much more comprehensive and powerful.
npm warn deprecated i18next-parser@9.4.0: Project is deprecated, use i18next-cli instead
npm warn deprecated glob@7.2.3: Glob versions prior to v9 are no longer supported
npm warn deprecated glob@10.5.0: Old versions of glob are not supported, and contain widely publicized security vulnerabilities, which have been fixed in the current version. Please update. Support for old versions may be purchased (at exorbitant rates) by contacting i@izs.me
npm warn deprecated glob@10.5.0: Old versions of glob are not supported, and contain widely publicized security vulnerabilities, which have been fixed in the current version. Please update. Support for old versions may be purchased (at exorbitant rates) by contacting i@izs.me
npm warn deprecated glob@10.5.0: Old versions of glob are not supported, and contain widely publicized security vulnerabilities, which have been fixed in the current version. Please update. Support for old versions may be purchased (at exorbitant rates) by contacting i@izs.me
npm warn deprecated glob@10.5.0: Old versions of glob are not supported, and contain widely publicized security vulnerabilities, which have been fixed in the current version. Please update. Support for old versions may be purchased (at exorbitant rates) by contacting i@izs.me

added 1701 packages, and audited 1702 packages in 2m

319 packages are looking for funding
  run `npm fund` for details

26 vulnerabilities (23 moderate, 3 high)

To address issues that do not require attention, run:
  npm audit fix

To address all issues (including breaking changes), run:
  npm audit fix --force

Run `npm audit` for details.
--> d0102974a44c
[linux/amd64] [1/3] STEP 8/13: COPY web/ web/
--> 8186ea3ebd69
[linux/amd64] [1/3] STEP 9/13: COPY config/ config/
--> dddab3f6a88f
[linux/amd64] [1/3] STEP 10/13: COPY scripts/update-plugin-name.sh scripts/update-plugin-name.sh
--> e0956f00de08
[linux/amd64] [1/3] STEP 11/13: RUN make update-plugin-name
./scripts/update-plugin-name.sh
--> 057bdc3fe897
[linux/amd64] [1/3] STEP 12/13: ENV I18N_NAMESPACE="plugin__monitoring-console-plugin"
--> eb4438a02366
[linux/amd64] [1/3] STEP 13/13: RUN make build-frontend
cd web && npm run build

> monitoring-console-plugin@1.0.0 build
> npm run clean && NODE_ENV=production npm run ts-node node_modules/.bin/webpack


> monitoring-console-plugin@1.0.0 clean
> rm -rf dist


> monitoring-console-plugin@1.0.0 ts-node
> ts-node -O '{"module":"commonjs"}' node_modules/.bin/webpack

assets by path *.js 9.77 MiB
  assets by chunk 8.11 MiB (id hint: vendors)
    assets by status 7.07 MiB [big] 4 assets
    + 38 assets
  + 177 assets
assets by path assets/ 1.28 MiB
  assets by path assets/*.woff 740 KiB 42 assets
  assets by path assets/*.woff2 565 KiB 42 assets
  asset assets/restricted-sign..svg 2.38 KiB [emitted] [from: components/console/imgs/restricted-sign.svg] (auxiliary name: CmoAlertsPage, exposed-AlertRulesDetailsPage, exposed-AlertsDetailsPage, exposed-IncidentsPage, exposed-SilenceEditPage, exposed-SilencesDetailsPage, exposed-TargetsPage)
assets by path locales/ 115 KiB
  asset locales/en/plugin__monitoring-console-plugin.json 22.2 KiB [emitted] [from: ../locales/en/plugin__monitoring-console-plugin.json] [copied]
  asset locales/ja/plugin__monitoring-console-plugin.json 20.7 KiB [emitted] [from: ../locales/ja/plugin__monitoring-console-plugin.json] [copied]
  asset locales/fr/plugin__monitoring-console-plugin.json 19.3 KiB [emitted] [from: ../locales/fr/plugin__monitoring-console-plugin.json] [copied]
  + 3 assets
asset plugin-manifest.json 7.89 KiB [emitted]
orphan modules 19.3 MiB [orphan] 20233 modules
runtime modules 62.1 KiB 16 modules
built modules 17.8 MiB (javascript) 1.28 MiB (asset) 3.32 KiB (consume-shared) 3.08 KiB (share-init) [built]
  modules by path ../node_modules/ 17 MiB (javascript) 1.27 MiB (asset) 1705 modules
  modules by path ./ 788 KiB (javascript) 2.38 KiB (asset) 91 modules
  consume-shared-module modules 3.32 KiB 81 modules
  provide-module modules 3.08 KiB
    modules by path provide shared module (default) @patternfly/react-core/dist/dynamic/ 1.97 KiB 48 modules
    modules by path provide shared module (default) @patternfly/react-icons/dist/dynamic/icons/ 1.03 KiB 25 modules
    modules by path provide shared module (default) @patternfly/react-table/dist/dynamic/components/ 84 bytes 2 modules
  modules by path @console/internal/ 30 bytes
    @console/internal/module/auth (ignored) 15 bytes [built] [code generated]
    @console/internal/models (ignored) 15 bytes [built] [code generated]
  container entry 42 bytes [built] [code generated]

WARNING in asset size limit: The following asset(s) exceed the recommended size limit (244 KiB).
This can impact web performance.
Assets: 
  4617-chunk-f040b4586499cba121b1.min.js (311 KiB)
  9810-chunk-a64b894c03accad280e9.min.js (402 KiB)
  1848-chunk-267f4680c378ff96ac83.min.js (1.86 MiB)
  4616-chunk-8b92f11d45652b61ae32.min.js (4.51 MiB)

webpack 5.105.4 compiled with 1 warning in 500128 ms
--> b4a18cb33dc8
[linux/arm64] [1/3] STEP 1/13: FROM registry.redhat.io/ubi9/nodejs-22:latest AS web-builder
Trying to pull registry.redhat.io/ubi9/nodejs-22:latest...
Getting image source signatures
Checking if image destination supports signatures
Copying blob sha256:6c68ec2cb8914dd7cd64b186ef8674ae644c890fcae14edf9a3b33fde3a76cce
Copying blob sha256:98245caf86240da0764634e4873f8d78498df819a738bee6e752ffc1dc9be497
Copying blob sha256:8cc4364173e08b740ee39103f76581907e7a0eaa07260aeb6afbbebb8dde106e
Copying config sha256:bceceabd26d12d7ba9de7f0aad51a65d5ae092bd1ae800eb7bad9330a6a05b8e
Writing manifest to image destination
Storing signatures
[linux/arm64] [1/3] STEP 2/13: WORKDIR /opt/app-root
--> Using cache 341df505c848979d07b252f2afa3bf19f2716897102f56aefc6cc339ec8e81b3
--> 341df505c848
[linux/arm64] [1/3] STEP 3/13: USER 0
--> Using cache b18f0caebe0a1bf463ea6c922000bc7755ad92bac0b3e9af215299cfbfe7fa92
--> b18f0caebe0a
[linux/arm64] [1/3] STEP 4/13: ENV HUSKY=0
--> Using cache d39672776a8d7a61643be6c485d97b1a12d06f26978e871b99d660fbad3dfe64
--> d39672776a8d
[linux/arm64] [1/3] STEP 5/13: COPY web/package*.json web/
--> fef72700625f
[linux/arm64] [1/3] STEP 6/13: COPY Makefile Makefile
--> a3ca3830a9eb
[linux/arm64] [1/3] STEP 7/13: RUN cd web && npm ci --legacy-peer-deps --ignore-scripts
npm warn deprecated rimraf@3.0.2: Rimraf versions prior to v4 are no longer supported
npm warn deprecated lodash.get@4.4.2: This package is deprecated. Use the optional chaining (?.) operator instead.
npm warn deprecated inflight@1.0.6: This module is not supported, and leaks memory. Do not use it. Check out lru-cache if you want a good and tested way to coalesce async requests by a key value, which is much more comprehensive and powerful.
npm warn deprecated glob@7.2.3: Glob versions prior to v9 are no longer supported
npm warn deprecated i18next-parser@9.4.0: Project is deprecated, use i18next-cli instead
npm warn deprecated glob@10.5.0: Old versions of glob are not supported, and contain widely publicized security vulnerabilities, which have been fixed in the current version. Please update. Support for old versions may be purchased (at exorbitant rates) by contacting i@izs.me
npm warn deprecated glob@10.5.0: Old versions of glob are not supported, and contain widely publicized security vulnerabilities, which have been fixed in the current version. Please update. Support for old versions may be purchased (at exorbitant rates) by contacting i@izs.me
npm warn deprecated glob@10.5.0: Old versions of glob are not supported, and contain widely publicized security vulnerabilities, which have been fixed in the current version. Please update. Support for old versions may be purchased (at exorbitant rates) by contacting i@izs.me
npm warn deprecated glob@10.5.0: Old versions of glob are not supported, and contain widely publicized security vulnerabilities, which have been fixed in the current version. Please update. Support for old versions may be purchased (at exorbitant rates) by contacting i@izs.me

added 1701 packages, and audited 1702 packages in 2m

319 packages are looking for funding
  run `npm fund` for details

26 vulnerabilities (23 moderate, 3 high)

To address issues that do not require attention, run:
  npm audit fix

To address all issues (including breaking changes), run:
  npm audit fix --force

Run `npm audit` for details.
--> f7fda92b6456
[linux/arm64] [1/3] STEP 8/13: COPY web/ web/
--> f654f48d9083
[linux/arm64] [1/3] STEP 9/13: COPY config/ config/
--> 1b1c4df0a2b9
[linux/arm64] [1/3] STEP 10/13: COPY scripts/update-plugin-name.sh scripts/update-plugin-name.sh
--> e5e0ff0ccc5f
[linux/arm64] [1/3] STEP 11/13: RUN make update-plugin-name
./scripts/update-plugin-name.sh
--> 47bdcd465a23
[linux/arm64] [1/3] STEP 12/13: ENV I18N_NAMESPACE="plugin__monitoring-console-plugin"
--> 3a979f955404
[linux/arm64] [1/3] STEP 13/13: RUN make build-frontend
cd web && npm run build

> monitoring-console-plugin@1.0.0 build
> npm run clean && NODE_ENV=production npm run ts-node node_modules/.bin/webpack


> monitoring-console-plugin@1.0.0 clean
> rm -rf dist


> monitoring-console-plugin@1.0.0 ts-node
> ts-node -O '{"module":"commonjs"}' node_modules/.bin/webpack

assets by path *.js 9.77 MiB
  assets by chunk 8.11 MiB (id hint: vendors)
    assets by status 7.07 MiB [big] 4 assets
    + 38 assets
  + 177 assets
assets by path assets/ 1.28 MiB
  assets by path assets/*.woff 740 KiB 42 assets
  assets by path assets/*.woff2 565 KiB 42 assets
  asset assets/restricted-sign..svg 2.38 KiB [emitted] [from: components/console/imgs/restricted-sign.svg] (auxiliary name: CmoAlertsPage, exposed-AlertRulesDetailsPage, exposed-AlertsDetailsPage, exposed-IncidentsPage, exposed-SilenceEditPage, exposed-SilencesDetailsPage, exposed-TargetsPage)
assets by path locales/ 115 KiB
  asset locales/en/plugin__monitoring-console-plugin.json 22.2 KiB [emitted] [from: ../locales/en/plugin__monitoring-console-plugin.json] [copied]
  asset locales/ja/plugin__monitoring-console-plugin.json 20.7 KiB [emitted] [from: ../locales/ja/plugin__monitoring-console-plugin.json] [copied]
  asset locales/fr/plugin__monitoring-console-plugin.json 19.3 KiB [emitted] [from: ../locales/fr/plugin__monitoring-console-plugin.json] [copied]
  + 3 assets
asset plugin-manifest.json 7.89 KiB [emitted]
orphan modules 19.3 MiB [orphan] 20233 modules
runtime modules 62.1 KiB 16 modules
built modules 17.8 MiB (javascript) 1.28 MiB (asset) 3.32 KiB (consume-shared) 3.08 KiB (share-init) [built]
  modules by path ../node_modules/ 17 MiB (javascript) 1.27 MiB (asset) 1705 modules
  modules by path ./ 788 KiB (javascript) 2.38 KiB (asset) 91 modules
  consume-shared-module modules 3.32 KiB 81 modules
  provide-module modules 3.08 KiB
    modules by path provide shared module (default) @patternfly/react-core/dist/dynamic/ 1.97 KiB 48 modules
    modules by path provide shared module (default) @patternfly/react-icons/dist/dynamic/icons/ 1.03 KiB 25 modules
    modules by path provide shared module (default) @patternfly/react-table/dist/dynamic/components/ 84 bytes 2 modules
  modules by path @console/internal/ 30 bytes
    @console/internal/module/auth (ignored) 15 bytes [built] [code generated]
    @console/internal/models (ignored) 15 bytes [built] [code generated]
  container entry 42 bytes [built] [code generated]

WARNING in asset size limit: The following asset(s) exceed the recommended size limit (244 KiB).
This can impact web performance.
Assets: 
  4617-chunk-f040b4586499cba121b1.min.js (311 KiB)
  9810-chunk-a64b894c03accad280e9.min.js (402 KiB)
  1848-chunk-267f4680c378ff96ac83.min.js (1.86 MiB)
  4616-chunk-8b92f11d45652b61ae32.min.js (4.51 MiB)

webpack 5.105.4 compiled with 1 warning in 334264 ms
--> ecb7f5224814
[linux/amd64] [2/3] STEP 1/14: FROM brew.registry.redhat.io/rh-osbs/openshift-golang-builder:rhel_9_1.24 AS go-builder
[linux/amd64] [2/3] STEP 2/14: WORKDIR /opt/app-root
--> Using cache 3a426e9da9dff13420d4f741d11654d3ec3883e2dd4eb581f98f6c51df69ed24
--> 3a426e9da9df
[linux/amd64] [2/3] STEP 3/14: COPY Makefile Makefile
--> Using cache 622adb25bcc74ff0f5da44ed27edb677731ccab7f7f8380d75c3b36cdc4777cc
--> 622adb25bcc7
[linux/amd64] [2/3] STEP 4/14: COPY go.mod go.mod
--> Using cache 7836241c9dc45801e9caf7da4e884ad326de594394d6a24393c5bf08c6767109
--> 7836241c9dc4
[linux/amd64] [2/3] STEP 5/14: COPY go.sum go.sum
--> Using cache 1c4b52b4bcfc096c4b6ac1c6c8772db8848c0bf523a0ed7d0759fe6eeb248982
--> 1c4b52b4bcfc
[linux/amd64] [2/3] STEP 6/14: RUN make install-backend
--> Using cache db01822056cc17da39f45d79c2a27571c6aaad8a68bc71b7419f3121e04d158f
--> db01822056cc
[linux/amd64] [2/3] STEP 7/14: COPY cmd/ cmd/
--> Using cache ade28bcc27d323344549763e04e864608ce6629e8923cb3a9eb963b0c2f5370e
--> ade28bcc27d3
[linux/amd64] [2/3] STEP 8/14: COPY pkg/ pkg/
--> Using cache 518eb02279090c2f1e6801f8ccb0c52d1a7468a60ab6c8a3fda678f8caf54d41
--> 518eb0227909
[linux/amd64] [2/3] STEP 9/14: ENV GOOS=${TARGETOS:-linux}
--> Using cache 9e4241187fa150d69293763368669b52339a88a7eaf59fa7a9f67d4b31491653
--> 9e4241187fa1
[linux/amd64] [2/3] STEP 10/14: ENV GOARCH=${TARGETARCH}
--> Using cache cc4d1fc71355ecb3112858d6afde8e09a0988199b4000e3583f9edacf49da16b
--> cc4d1fc71355
[linux/amd64] [2/3] STEP 11/14: ENV GOEXPERIMENT=strictfipsruntime
--> Using cache e811814d859e6f4f9d923763d2d4f2ff05a84fa1dcfb1414a0c2367f70f34099
--> e811814d859e
[linux/amd64] [2/3] STEP 12/14: ENV GOFLAGS=-mod=readonly
--> Using cache f38d8068d226849db2b866748b465250fac8297d53c332dbbf1b0c253476f8c9
--> f38d8068d226
[linux/amd64] [2/3] STEP 13/14: ENV CGO_ENABLED=1
--> Using cache ed3e2f5eca554f9233c70cd5a2c965fbc0749854ac160b347a02f187beb79999
--> ed3e2f5eca55
[linux/amd64] [2/3] STEP 14/14: RUN make build-backend
go build  -mod=readonly -o plugin-backend cmd/plugin-backend.go
Go compliance shim [2] [rhel-9-golang-1.24][openshift-golang-builder]: assessment: CGO_ENABLED=1
Go compliance shim [2] [rhel-9-golang-1.24][openshift-golang-builder]: assessment: dynamic linking
Go compliance shim [2] [rhel-9-golang-1.24][openshift-golang-builder]: skipping forced compliance due to broad exemption
Go compliance shim [2] [rhel-9-golang-1.24][openshift-golang-builder]: EXEMPT: 1


Go compliance shim [2] [rhel-9-golang-1.24][openshift-golang-builder]: final command line arguments: "build" "-mod=readonly" "-o" "plugin-backend" "cmd/plugin-backend.go" 

Go compliance shim [2] [rhel-9-golang-1.24][openshift-golang-builder]: invoking real go binary
Go compliance shim [2] [rhel-9-golang-1.24][openshift-golang-builder]: Exited with: 0
--> 61782abb81a5
[linux/arm64] [2/3] STEP 1/14: FROM brew.registry.redhat.io/rh-osbs/openshift-golang-builder:rhel_9_1.24 AS go-builder
Trying to pull brew.registry.redhat.io/rh-osbs/openshift-golang-builder:rhel_9_1.24...
Getting image source signatures
Copying blob sha256:0b3425962862e4c28bb2a8c620101947643235ac8ec98ebf4dd6948f79db8178
Copying blob sha256:65442b90c1456946b65a513148c3e504c3e1ae3889d427d5b4526ba9cec3ea0e
Copying config sha256:6b75237990fc7d8f0d9c2ac0d8181360163689361a8fa8d7ae3709b82f0e5e4e
Writing manifest to image destination
[linux/arm64] [2/3] STEP 2/14: WORKDIR /opt/app-root
--> Using cache 0bb7bf034da1ef4886354eb10d29e9949b07fcc248c7dc0ac711a3323550b246
--> 0bb7bf034da1
[linux/arm64] [2/3] STEP 3/14: COPY Makefile Makefile
--> 9d9196a93682
[linux/arm64] [2/3] STEP 4/14: COPY go.mod go.mod
--> 4027dbaca660
[linux/arm64] [2/3] STEP 5/14: COPY go.sum go.sum
--> fc96d4593aa2
[linux/arm64] [2/3] STEP 6/14: RUN make install-backend
go mod download
Go compliance shim [2] [rhel-9-golang-1.24][openshift-golang-builder]: assessment: CGO_ENABLED=1
Go compliance shim [2] [rhel-9-golang-1.24][openshift-golang-builder]: assessment: dynamic linking
Go compliance shim [2] [rhel-9-golang-1.24][openshift-golang-builder]: skipping forced compliance due to broad exemption
Go compliance shim [2] [rhel-9-golang-1.24][openshift-golang-builder]: EXEMPT: 1


Go compliance shim [2] [rhel-9-golang-1.24][openshift-golang-builder]: final command line arguments: "mod" "download" 

Go compliance shim [2] [rhel-9-golang-1.24][openshift-golang-builder]: invoking real go binary
Go compliance shim [2] [rhel-9-golang-1.24][openshift-golang-builder]: Exited with: 0
--> d45f1fe148c8
[linux/arm64] [2/3] STEP 7/14: COPY cmd/ cmd/
--> 40a390bdd1e1
[linux/arm64] [2/3] STEP 8/14: COPY pkg/ pkg/
--> 43152eccff80
[linux/arm64] [2/3] STEP 9/14: ENV GOOS=${TARGETOS:-linux}
--> fcec5963c677
[linux/arm64] [2/3] STEP 10/14: ENV GOARCH=${TARGETARCH}
--> 94064e931de8
[linux/arm64] [2/3] STEP 11/14: ENV GOEXPERIMENT=strictfipsruntime
--> 01e1f8dd8ac9
[linux/arm64] [2/3] STEP 12/14: ENV GOFLAGS=-mod=readonly
--> b75902da4534
[linux/arm64] [2/3] STEP 13/14: ENV CGO_ENABLED=1
--> 90768dcde59c
[linux/arm64] [2/3] STEP 14/14: RUN make build-backend
go build  -mod=readonly -o plugin-backend cmd/plugin-backend.go
Go compliance shim [2] [rhel-9-golang-1.24][openshift-golang-builder]: assessment: CGO_ENABLED=1
Go compliance shim [2] [rhel-9-golang-1.24][openshift-golang-builder]: assessment: dynamic linking
Go compliance shim [2] [rhel-9-golang-1.24][openshift-golang-builder]: skipping forced compliance due to broad exemption
Go compliance shim [2] [rhel-9-golang-1.24][openshift-golang-builder]: EXEMPT: 1


Go compliance shim [2] [rhel-9-golang-1.24][openshift-golang-builder]: final command line arguments: "build" "-mod=readonly" "-o" "plugin-backend" "cmd/plugin-backend.go" 

Go compliance shim [2] [rhel-9-golang-1.24][openshift-golang-builder]: invoking real go binary
Go compliance shim [2] [rhel-9-golang-1.24][openshift-golang-builder]: Exited with: 0
--> 88093d807d26
[linux/amd64] [3/3] STEP 1/8: FROM registry.redhat.io/rhel9-4-els/rhel:9.4
[linux/amd64] [3/3] STEP 2/8: RUN mkdir /licenses
--> Using cache 38caf7f16afe67d3c969472f04a24b21387c40f0500fa2e6bb8418e685871c7e
--> 38caf7f16afe
[linux/amd64] [3/3] STEP 3/8: COPY LICENSE /licenses/.
--> Using cache 254642a6aeb58dda6153a474dfe34732d26384cc29d15939ab1ae08046c1576c
--> 254642a6aeb5
[linux/amd64] [3/3] STEP 4/8: USER 1001
--> Using cache 214358ab8487a049faf8b742823edc08776720b90fc4c12b40cf58236a5eb0e4
--> 214358ab8487
[linux/amd64] [3/3] STEP 5/8: COPY --from=web-builder /opt/app-root/web/dist /opt/app-root/web/dist
--> 27aac11fc316
[linux/amd64] [3/3] STEP 6/8: COPY --from=go-builder /opt/app-root/plugin-backend /opt/app-root
--> c288aaa49444
[linux/amd64] [3/3] STEP 7/8: COPY --from=web-builder /opt/app-root/config /opt/app-root/config
--> 7ffd7bf51345
[linux/amd64] [3/3] STEP 8/8: ENTRYPOINT ["/opt/app-root/plugin-backend", "-static-path", "/opt/app-root/web/dist"]
[linux/amd64] [3/3] COMMIT
--> 706f08bdc337
[linux/arm64] [3/3] STEP 1/8: FROM registry.redhat.io/rhel9-4-els/rhel:9.4
706f08bdc337d7de43e3af8430d91774d8422b0ee9a1818d39b3064d2dc3ddfe
Trying to pull registry.redhat.io/rhel9-4-els/rhel:9.4...
Getting image source signatures
Checking if image destination supports signatures
Copying blob sha256:79500177a417e8e03b63a0893e7e6b03f94ac7a605be761a51e28f082a16087f
Copying config sha256:62846c379ae900d8abe0855310d3d4e7ca7b0b21cc231d45bdfe5a0044988475
Writing manifest to image destination
Storing signatures
[linux/arm64] [3/3] STEP 2/8: RUN mkdir /licenses
--> Using cache e766bb9ef226e0e09132c707bca04ffbd9c93f6afa8d8b40d66fb6b95800be1e
--> e766bb9ef226
[linux/arm64] [3/3] STEP 3/8: COPY LICENSE /licenses/.
--> Using cache f55b9dc1cb007ba2345d6fdb90ae13576dacff3da4f17bba2239426c137598d3
--> f55b9dc1cb00
[linux/arm64] [3/3] STEP 4/8: USER 1001
--> Using cache 24a6f95bdae76e15bb27acea4589ec638c4272be6758fff01d37e717847fac5b
--> 24a6f95bdae7
[linux/arm64] [3/3] STEP 5/8: COPY --from=web-builder /opt/app-root/web/dist /opt/app-root/web/dist
--> 3e8f180e5cc4
[linux/arm64] [3/3] STEP 6/8: COPY --from=go-builder /opt/app-root/plugin-backend /opt/app-root
--> 0ca757a02d49
[linux/arm64] [3/3] STEP 7/8: COPY --from=web-builder /opt/app-root/config /opt/app-root/config
--> 35aff15d04eb
[linux/arm64] [3/3] STEP 8/8: ENTRYPOINT ["/opt/app-root/plugin-backend", "-static-path", "/opt/app-root/web/dist"]
[linux/arm64] [3/3] COMMIT
--> 1f8e629e421c
1f8e629e421ce571694d260d7d8639cd9888e48c05508808836b1db3097dc56e
podman manifest push quay.io/rh-ee-emurasak/monitoring-console-plugin:v1.0.0
Getting image list signatures
Copying 2 images generated from 2 images in list
Copying image sha256:2e608680eb6bcbb18915cec0e17612bfc4b09228e88b641b902dc1794699fe1d (1/2)
Getting image source signatures
Copying blob sha256:c1223c39f5351413a2b6fcf78150da1d48558c0da16b049bccc742a1f50b12b4
Copying blob sha256:a043a34b24fa9e8cca6fcb6a492891456bdb56149022e1c71b0f62e8647a1c22
Copying blob sha256:50fe8518c4b4913b3d10ed293279f37cba7bc5edd75a53092892899dde5fdbaf
Copying blob sha256:6c2ed5de9ea020f5d3dcad7436d2dd955758319bd7f3de79bf1ede157bc0afbb
Copying blob sha256:2f8adc3c6354f89fc1e5b6030940d413aa6a1d37dcbbfe6c66828a5ba45872fe
Copying blob sha256:74ea6a5315ac2a0a27a1e4e6f87703374739fbd596e872724a21ab09c6bdf5dd
Copying config sha256:706f08bdc337d7de43e3af8430d91774d8422b0ee9a1818d39b3064d2dc3ddfe
Writing manifest to image destination
Copying image sha256:fe9ebc995a3f1b4adb4526601ea1e35a23eb3292c632be2d7ad860020dde266b (2/2)
Getting image source signatures
Copying blob sha256:4d00307ba9015a1f7ac4a1f2efa287f2271499892c6764b0de13257ac1430314
Copying blob sha256:e1953cd84187130a2483e46dd5b908e79a8d3900d9bbc181f1ae003d4d4735bc
Copying blob sha256:971151b87372b792c30e3d4fd249c35dbb41b8c8de87b8e6aa70896cead55bb2
Copying blob sha256:635970c231adee52207ddcd00fca311572c56d61288fab7a63e2d790f9066206
Copying blob sha256:abdb8cc72e3424e4355a57b5eaf69a820fc9a93b5ef3124d51f184bbf887b049
Copying blob sha256:bbecbd7a3cc295d4fcf3f3d07f4fcfb692c73d8d1de0360d1a6a5b2804adc070
Copying config sha256:1f8e629e421ce571694d260d7d8639cd9888e48c05508808836b1db3097dc56e
Writing manifest to image destination
Writing manifest list to image destination
Storing list signatures
==========================================
Building logging-view-plugin @ release-coo-ocp-4.22 with VERSION=v6.2.1 ORG=rh-ee-emurasak
==========================================
Switched to branch 'release-coo-ocp-4.22'
Your branch is up to date with 'origin/release-coo-ocp-4.22'.
From https://github.com/openshift/logging-view-plugin
 * branch            release-coo-ocp-4.22 -> FETCH_HEAD
Already up to date.
--- Attempt 1/3 ---
Makefile:45: warning: overriding commands for target `test-backend'
Makefile:41: warning: ignoring old commands for target `test-backend'
podman manifest rm quay.io/rh-ee-emurasak/logging-view-plugin:v6.2.1 || true
Error: quay.io/rh-ee-emurasak/logging-view-plugin:v6.2.1: image not known
podman manifest create quay.io/rh-ee-emurasak/logging-view-plugin:v6.2.1
c75b87ac9909fc52d2257a09249333f4410fdeebaa32d4eb6e715664f90015b4
podman build --platform linux/arm64,linux/amd64 --manifest quay.io/rh-ee-emurasak/logging-view-plugin:v6.2.1 -f Dockerfile
[linux/arm64] [1/3] STEP 1/9: FROM registry.redhat.io/ubi9/nodejs-22:latest AS web-builder
[linux/arm64] [1/3] STEP 2/9: WORKDIR /opt/app-root
--> Using cache 341df505c848979d07b252f2afa3bf19f2716897102f56aefc6cc339ec8e81b3
--> 341df505c848
[linux/arm64] [1/3] STEP 3/9: USER 0
--> Using cache b18f0caebe0a1bf463ea6c922000bc7755ad92bac0b3e9af215299cfbfe7fa92
--> b18f0caebe0a
[linux/arm64] [1/3] STEP 4/9: ENV HUSKY=0
--> Using cache d39672776a8d7a61643be6c485d97b1a12d06f26978e871b99d660fbad3dfe64
--> d39672776a8d
[linux/arm64] [1/3] STEP 5/9: COPY web/package*.json web/
--> c85ed8e72362
[linux/arm64] [1/3] STEP 6/9: COPY Makefile Makefile
--> a26ba4ba9f46
[linux/arm64] [1/3] STEP 7/9: RUN make install-frontend-ci-clean
Makefile:45: warning: overriding recipe for target 'test-backend'
Makefile:41: warning: ignoring old recipe for target 'test-backend'
cd web && npm ci --omit=optional --ignore-scripts
npm warn deprecated whatwg-encoding@3.1.1: Use @exodus/bytes instead for a more spec-conformant and faster implementation
npm warn deprecated uuid@8.3.2: uuid@10 and below is no longer supported.  For ESM codebases, update to uuid@latest.  For CommonJS codebases, use uuid@11 (but be aware this version will likely be deprecated in 2028).
npm warn deprecated rimraf@3.0.2: Rimraf versions prior to v4 are no longer supported
npm warn deprecated inflight@1.0.6: This module is not supported, and leaks memory. Do not use it. Check out lru-cache if you want a good and tested way to coalesce async requests by a key value, which is much more comprehensive and powerful.
npm warn deprecated i18next-parser@9.4.0: Project is deprecated, use i18next-cli instead
npm warn deprecated glob@7.2.3: Old versions of glob are not supported, and contain widely publicized security vulnerabilities, which have been fixed in the current version. Please update. Support for old versions may be purchased (at exorbitant rates) by contacting i@izs.me
npm warn deprecated @types/webpack-dev-server@4.7.2: This is a stub types definition. webpack-dev-server provides its own type definitions, so you do not need this installed.
npm warn deprecated glob@10.5.0: Old versions of glob are not supported, and contain widely publicized security vulnerabilities, which have been fixed in the current version. Please update. Support for old versions may be purchased (at exorbitant rates) by contacting i@izs.me
npm warn deprecated glob@10.5.0: Old versions of glob are not supported, and contain widely publicized security vulnerabilities, which have been fixed in the current version. Please update. Support for old versions may be purchased (at exorbitant rates) by contacting i@izs.me
npm warn deprecated glob@10.5.0: Old versions of glob are not supported, and contain widely publicized security vulnerabilities, which have been fixed in the current version. Please update. Support for old versions may be purchased (at exorbitant rates) by contacting i@izs.me
npm warn deprecated glob@10.5.0: Old versions of glob are not supported, and contain widely publicized security vulnerabilities, which have been fixed in the current version. Please update. Support for old versions may be purchased (at exorbitant rates) by contacting i@izs.me
npm warn deprecated glob@10.5.0: Old versions of glob are not supported, and contain widely publicized security vulnerabilities, which have been fixed in the current version. Please update. Support for old versions may be purchased (at exorbitant rates) by contacting i@izs.me

added 1554 packages, and audited 1555 packages in 28s

310 packages are looking for funding
  run `npm fund` for details

27 vulnerabilities (1 low, 20 moderate, 6 high)

To address issues that do not require attention, run:
  npm audit fix

To address all issues (including breaking changes), run:
  npm audit fix --force

Run `npm audit` for details.
cd web && npm cache clean --force
npm warn using --force Recommended protections disabled.
--> e259a46684f4
[linux/arm64] [1/3] STEP 8/9: COPY web/ web/
--> 8c39f7a7843a
[linux/arm64] [1/3] STEP 9/9: RUN make build-frontend
Makefile:45: warning: overriding recipe for target 'test-backend'
Makefile:41: warning: ignoring old recipe for target 'test-backend'
cd web && npm run build

> logging-view-plugin@6.1.0 build
> npm run clean && NODE_ENV=production npm run ts-node node_modules/.bin/webpack


> logging-view-plugin@6.1.0 clean
> rm -rf dist


> logging-view-plugin@6.1.0 ts-node
> ts-node -O '{"module":"commonjs"}' node_modules/.bin/webpack

@patternfly/react-core dynamic modules taken from dist/dynamic-modules.json
Cannot resolve base path for package @patternfly/react-data-view
@patternfly/react-icons dynamic modules taken from dist/dynamic-modules.json
@patternfly/react-table dynamic modules taken from dist/dynamic-modules.json
Cannot resolve base path for package @patternfly/react-templates
assets by path *.js 4.78 MiB
  assets by chunk 2.64 MiB (id hint: vendors)
    assets by status 1.61 MiB [big]
      asset 9666-chunk-69eed8215e04934b0b32.min.js 1.13 MiB [emitted] [immutable] [big] (id hint: vendors) 1 related asset
      asset 3076-chunk-d3dd5c0fd35e0abdbd6a.min.js 494 KiB [emitted] [immutable] [big] (id hint: vendors) 1 related asset
    + 11 assets
  + 82 assets
asset locales/en/plugin__logging-view-plugin.json 10.4 KiB [emitted] [from: ../locales/en/plugin__logging-view-plugin.json] [copied]
asset plugin-manifest.json 1.92 KiB [emitted]
orphan modules 2.59 MiB [orphan] 1519 modules
runtime modules 37.8 KiB 14 modules
built modules 2.89 MiB (javascript) 1.72 KiB (consume-shared) 1.56 KiB (share-init) [built]
  modules by path ../node_modules/ 2.6 MiB 436 modules
  modules by path ./ 299 KiB 48 modules
  consume-shared-module modules 1.72 KiB
    modules by path consume shared module (default) @patternfly/react-core/dist/dynamic/ 1.23 KiB 30 modules
    modules by path consume shared module (default) @patternfly/react-icons/dist/dynamic/icons/ 294 bytes 7 modules
    modules by path *.1 (singleton) 84 bytes 2 modules
    + 3 modules
  provide-module modules 1.56 KiB
    modules by path provide shared module (default) @patternfly/react-core/dist/dynamic/ 1.23 KiB 30 modules
    modules by path provide shared module (default) @patternfly/react-icons/dist/dynamic/icons/ 294 bytes 7 modules
    provide shared module (default) @patternfly/react-table/dist/dynamic/components/...(truncated) 42 bytes [built] [code generated]
  container entry 42 bytes [built] [code generated]

WARNING in asset size limit: The following asset(s) exceed the recommended size limit (244 KiB).
This can impact web performance.
Assets: 
  9666-chunk-69eed8215e04934b0b32.min.js (1.13 MiB)
  3076-chunk-d3dd5c0fd35e0abdbd6a.min.js (494 KiB)

webpack 5.106.2 compiled with 1 warning in 21968 ms
--> 3fef49552c83
[linux/arm64] [2/3] STEP 1/12: FROM registry.ci.openshift.org/ocp/builder:rhel-9-golang-1.25-openshift-4.22 AS go-builder
Trying to pull registry.ci.openshift.org/ocp/builder:rhel-9-golang-1.25-openshift-4.22...
Getting image source signatures
Copying blob sha256:9e9bee4738d78cc5b8c68706e99751b669394b1e52ebb360fabf583fee381119
Copying blob sha256:aa7f611a7484cb44a6e74a1b285b3a6a9e11728db8cea7bb37f5e8acf73a4a9f
Copying blob sha256:5b61c27edafe5e77ded797c82768f76bc75782d396b9df5960fa44c429b4056d
Copying config sha256:ede80f1a93c056b3fc70d2cbf3c4c891ceb9d1be73d2f25fc4269be8d3d5c3cb
Writing manifest to image destination
[linux/arm64] [2/3] STEP 2/12: WORKDIR /opt/app-root
--> 877ba39c9f40
[linux/arm64] [2/3] STEP 3/12: COPY Makefile Makefile
--> bccd07779d10
[linux/arm64] [2/3] STEP 4/12: COPY go.mod go.mod
--> 71b2c2b7b392
[linux/arm64] [2/3] STEP 5/12: COPY go.sum go.sum
--> e3969255160f
[linux/arm64] [2/3] STEP 6/12: RUN make install-backend
Makefile:45: warning: overriding recipe for target 'test-backend'
Makefile:41: warning: ignoring old recipe for target 'test-backend'
go mod download
--> c1a386e5a22e
[linux/arm64] [2/3] STEP 7/12: COPY config/ config/
--> ec0a4e1e3af7
[linux/arm64] [2/3] STEP 8/12: COPY cmd/ cmd/
--> fc5bc7109370
[linux/arm64] [2/3] STEP 9/12: COPY pkg/ pkg/
--> 781eaf938eae
[linux/arm64] [2/3] STEP 10/12: ENV GOEXPERIMENT=strictfipsruntime
--> f5be0b3494ef
[linux/arm64] [2/3] STEP 11/12: ENV CGO_ENABLED=1
--> 0b590c06c131
[linux/arm64] [2/3] STEP 12/12: RUN make build-backend BUILD_OPTS="-tags strictfipsruntime"
go build -tags strictfipsruntime -mod=readonly -o plugin-backend cmd/plugin-backend.go
Makefile:45: warning: overriding recipe for target 'test-backend'
Makefile:41: warning: ignoring old recipe for target 'test-backend'
--> b8336ceb79c4
[linux/amd64] [1/3] STEP 1/9: FROM registry.redhat.io/ubi9/nodejs-22:latest AS web-builder
Trying to pull registry.redhat.io/ubi9/nodejs-22:latest...
Getting image source signatures
Checking if image destination supports signatures
Copying blob sha256:669ecfdf872e83fa8f88dbdbe9b75f628fb72b9210cbdcce7ea0f449a74cac9e
Copying blob sha256:1c3800ac7d8629ddf73a031732f867dbc0c46d5a7dd1f70c0656c2e6e351e3aa
Copying blob sha256:9a785c83dc42af66688cf5d3dd8e0500ce65bad5a679b45744d62c2fffbb60d8
Copying config sha256:7ff8c7d7ce9b0c742c2379ee8b8206279c959b199e0e12bd8d486ef717c6da23
Writing manifest to image destination
Storing signatures
[linux/amd64] [1/3] STEP 2/9: WORKDIR /opt/app-root
--> Using cache 2103fdc2dad63a8232e8c0584a86b2dc96827c156024682409ffa8be852e3169
--> 2103fdc2dad6
[linux/amd64] [1/3] STEP 3/9: USER 0
--> Using cache d75913f681ee7145fac3bb3ab5b936682936a69ce7e594b847d30d261375b3a8
--> d75913f681ee
[linux/amd64] [1/3] STEP 4/9: ENV HUSKY=0
--> Using cache 9f5f3c24faf71a1c3ed6b9d61bbafac8459851542d7203209e80303b91e2b277
--> 9f5f3c24faf7
[linux/amd64] [1/3] STEP 5/9: COPY web/package*.json web/
--> c3ab7e894612
[linux/amd64] [1/3] STEP 6/9: COPY Makefile Makefile
--> b6c31cb1a852
[linux/amd64] [1/3] STEP 7/9: RUN make install-frontend-ci-clean
Makefile:45: warning: overriding recipe for target 'test-backend'
Makefile:41: warning: ignoring old recipe for target 'test-backend'
cd web && npm ci --omit=optional --ignore-scripts
npm warn deprecated whatwg-encoding@3.1.1: Use @exodus/bytes instead for a more spec-conformant and faster implementation
npm warn deprecated uuid@8.3.2: uuid@10 and below is no longer supported.  For ESM codebases, update to uuid@latest.  For CommonJS codebases, use uuid@11 (but be aware this version will likely be deprecated in 2028).
npm warn deprecated rimraf@3.0.2: Rimraf versions prior to v4 are no longer supported
npm warn deprecated inflight@1.0.6: This module is not supported, and leaks memory. Do not use it. Check out lru-cache if you want a good and tested way to coalesce async requests by a key value, which is much more comprehensive and powerful.
npm warn deprecated i18next-parser@9.4.0: Project is deprecated, use i18next-cli instead
npm warn deprecated glob@7.2.3: Old versions of glob are not supported, and contain widely publicized security vulnerabilities, which have been fixed in the current version. Please update. Support for old versions may be purchased (at exorbitant rates) by contacting i@izs.me
npm warn deprecated @types/webpack-dev-server@4.7.2: This is a stub types definition. webpack-dev-server provides its own type definitions, so you do not need this installed.
npm warn deprecated glob@10.5.0: Old versions of glob are not supported, and contain widely publicized security vulnerabilities, which have been fixed in the current version. Please update. Support for old versions may be purchased (at exorbitant rates) by contacting i@izs.me
npm warn deprecated glob@10.5.0: Old versions of glob are not supported, and contain widely publicized security vulnerabilities, which have been fixed in the current version. Please update. Support for old versions may be purchased (at exorbitant rates) by contacting i@izs.me
npm warn deprecated glob@10.5.0: Old versions of glob are not supported, and contain widely publicized security vulnerabilities, which have been fixed in the current version. Please update. Support for old versions may be purchased (at exorbitant rates) by contacting i@izs.me
npm warn deprecated glob@10.5.0: Old versions of glob are not supported, and contain widely publicized security vulnerabilities, which have been fixed in the current version. Please update. Support for old versions may be purchased (at exorbitant rates) by contacting i@izs.me
npm warn deprecated glob@10.5.0: Old versions of glob are not supported, and contain widely publicized security vulnerabilities, which have been fixed in the current version. Please update. Support for old versions may be purchased (at exorbitant rates) by contacting i@izs.me

added 1554 packages, and audited 1555 packages in 38s

310 packages are looking for funding
  run `npm fund` for details

27 vulnerabilities (1 low, 20 moderate, 6 high)

To address issues that do not require attention, run:
  npm audit fix

To address all issues (including breaking changes), run:
  npm audit fix --force

Run `npm audit` for details.
cd web && npm cache clean --force
npm warn using --force Recommended protections disabled.
--> 2295df647719
[linux/amd64] [1/3] STEP 8/9: COPY web/ web/
--> 5af181727620
[linux/amd64] [1/3] STEP 9/9: RUN make build-frontend
Makefile:45: warning: overriding recipe for target 'test-backend'
Makefile:41: warning: ignoring old recipe for target 'test-backend'
cd web && npm run build

> logging-view-plugin@6.1.0 build
> npm run clean && NODE_ENV=production npm run ts-node node_modules/.bin/webpack


> logging-view-plugin@6.1.0 clean
> rm -rf dist


> logging-view-plugin@6.1.0 ts-node
> ts-node -O '{"module":"commonjs"}' node_modules/.bin/webpack

@patternfly/react-core dynamic modules taken from dist/dynamic-modules.json
Cannot resolve base path for package @patternfly/react-data-view
@patternfly/react-icons dynamic modules taken from dist/dynamic-modules.json
@patternfly/react-table dynamic modules taken from dist/dynamic-modules.json
Cannot resolve base path for package @patternfly/react-templates
assets by path *.js 4.78 MiB
  assets by chunk 2.64 MiB (id hint: vendors)
    assets by status 1.61 MiB [big]
      asset 9666-chunk-69eed8215e04934b0b32.min.js 1.13 MiB [emitted] [immutable] [big] (id hint: vendors) 1 related asset
      asset 3076-chunk-d3dd5c0fd35e0abdbd6a.min.js 494 KiB [emitted] [immutable] [big] (id hint: vendors) 1 related asset
    + 11 assets
  + 82 assets
asset locales/en/plugin__logging-view-plugin.json 10.4 KiB [emitted] [from: ../locales/en/plugin__logging-view-plugin.json] [copied]
asset plugin-manifest.json 1.92 KiB [emitted]
orphan modules 2.59 MiB [orphan] 1519 modules
runtime modules 37.8 KiB 14 modules
built modules 2.89 MiB (javascript) 1.72 KiB (consume-shared) 1.56 KiB (share-init) [built]
  modules by path ../node_modules/ 2.6 MiB 436 modules
  modules by path ./ 299 KiB 48 modules
  consume-shared-module modules 1.72 KiB
    modules by path consume shared module (default) @patternfly/react-core/dist/dynamic/ 1.23 KiB 30 modules
    modules by path consume shared module (default) @patternfly/react-icons/dist/dynamic/icons/ 294 bytes 7 modules
    modules by path *.1 (singleton) 84 bytes 2 modules
    + 3 modules
  provide-module modules 1.56 KiB
    modules by path provide shared module (default) @patternfly/react-core/dist/dynamic/ 1.23 KiB 30 modules
    modules by path provide shared module (default) @patternfly/react-icons/dist/dynamic/icons/ 294 bytes 7 modules
    provide shared module (default) @patternfly/react-table/dist/dynamic/components/...(truncated) 42 bytes [built] [code generated]
  container entry 42 bytes [built] [code generated]

WARNING in asset size limit: The following asset(s) exceed the recommended size limit (244 KiB).
This can impact web performance.
Assets: 
  9666-chunk-69eed8215e04934b0b32.min.js (1.13 MiB)
  3076-chunk-d3dd5c0fd35e0abdbd6a.min.js (494 KiB)

webpack 5.106.2 compiled with 1 warning in 36632 ms
--> fe717d230387
[linux/arm64] [3/3] STEP 1/5: FROM registry.redhat.io/rhel9-4-els/rhel:9.4
[linux/arm64] [3/3] STEP 2/5: COPY --from=web-builder /opt/app-root/web/dist /opt/app-root/web/dist
--> 9aff1262c20b
[linux/arm64] [3/3] STEP 3/5: COPY --from=go-builder /opt/app-root/plugin-backend /opt/app-root
--> d07fe663e4b1
[linux/arm64] [3/3] STEP 4/5: COPY --from=go-builder /opt/app-root/config /opt/app-root/config
--> 9c8a3f0cefec
[linux/arm64] [3/3] STEP 5/5: ENTRYPOINT ["/opt/app-root/plugin-backend", "-config-path", "/opt/app-root/config", "-static-path", "/opt/app-root/web/dist"]
[linux/arm64] [3/3] COMMIT
--> f9a9beef370c
[linux/amd64] [2/3] STEP 1/12: FROM registry.ci.openshift.org/ocp/builder:rhel-9-golang-1.25-openshift-4.22 AS go-builder
Trying to pull registry.ci.openshift.org/ocp/builder:rhel-9-golang-1.25-openshift-4.22...
f9a9beef370cdcccc9937846f71de6111e8e85c3516c7ec348f2c96a982c1aaf
Getting image source signatures
Copying blob sha256:5e8b017dfce4756ad529432afc8912ae525b113ceadca335d5169773ddb98c57
Copying blob sha256:cb8cee91bb10a151d5f47bfaeade03a136feecdd326326b1bb7ffb26c45f6de8
Copying blob sha256:bdb88ac36bdf391d418c29297642f76f82d5a4d646b4962c31184290c3b2d7bf
Copying config sha256:1ab99fc2b7ca7f141f6374a943ab692108b93c5e9f343710e8245ef288da5818
Writing manifest to image destination
[linux/amd64] [2/3] STEP 2/12: WORKDIR /opt/app-root
--> b991cf499a3f
[linux/amd64] [2/3] STEP 3/12: COPY Makefile Makefile
--> eb4690c3a1b3
[linux/amd64] [2/3] STEP 4/12: COPY go.mod go.mod
--> 871dc36e0585
[linux/amd64] [2/3] STEP 5/12: COPY go.sum go.sum
--> 706be1820b79
[linux/amd64] [2/3] STEP 6/12: RUN make install-backend
Makefile:45: warning: overriding recipe for target 'test-backend'
Makefile:41: warning: ignoring old recipe for target 'test-backend'
go mod download
--> 4f0253fc10cd
[linux/amd64] [2/3] STEP 7/12: COPY config/ config/
--> a12c3a4cc779
[linux/amd64] [2/3] STEP 8/12: COPY cmd/ cmd/
--> af37c0bbf545
[linux/amd64] [2/3] STEP 9/12: COPY pkg/ pkg/
--> 9144b4f76e1d
[linux/amd64] [2/3] STEP 10/12: ENV GOEXPERIMENT=strictfipsruntime
--> 9659ea9b063a
[linux/amd64] [2/3] STEP 11/12: ENV CGO_ENABLED=1
--> b552f720d293
[linux/amd64] [2/3] STEP 12/12: RUN make build-backend BUILD_OPTS="-tags strictfipsruntime"
Makefile:45: warning: overriding recipe for target 'test-backend'
Makefile:41: warning: ignoring old recipe for target 'test-backend'
go build -tags strictfipsruntime -mod=readonly -o plugin-backend cmd/plugin-backend.go
--> c58d201086ab
[linux/amd64] [3/3] STEP 1/5: FROM registry.redhat.io/rhel9-4-els/rhel:9.4
Trying to pull registry.redhat.io/rhel9-4-els/rhel:9.4...
Getting image source signatures
Checking if image destination supports signatures
Copying blob sha256:9e5082548d869f2944301a153c8568183a38cf0df310a3fb0b2daf2af3b5f841
Copying config sha256:77849b1a77e7859a392840d43bed01557ec82ac0c2ac4283d962deec354ceee6
Writing manifest to image destination
Storing signatures
[linux/amd64] [3/3] STEP 2/5: COPY --from=web-builder /opt/app-root/web/dist /opt/app-root/web/dist
--> bb58f05f5f38
[linux/amd64] [3/3] STEP 3/5: COPY --from=go-builder /opt/app-root/plugin-backend /opt/app-root
--> 045bb0b27ef6
[linux/amd64] [3/3] STEP 4/5: COPY --from=go-builder /opt/app-root/config /opt/app-root/config
--> f3571f6b0f13
[linux/amd64] [3/3] STEP 5/5: ENTRYPOINT ["/opt/app-root/plugin-backend", "-config-path", "/opt/app-root/config", "-static-path", "/opt/app-root/web/dist"]
[linux/amd64] [3/3] COMMIT
--> a6e152c46fa7
a6e152c46fa7b2eb1720e127a780db0112c51032ac9d2ca740e46bfa9a17bc43
podman manifest push quay.io/rh-ee-emurasak/logging-view-plugin:v6.2.1
Getting image list signatures
Copying 2 images generated from 2 images in list
Copying image sha256:4edee202615bdce88af1291dc5fcd5e89a1b6fc2803a68323d65e0fd36fdda3d (1/2)
Getting image source signatures
Copying blob sha256:2d4309a5e7980a2b0a1843b4ec42d4385e85f4be6f93089dbad5fe159d3b6dd7
Copying blob sha256:abdb8cc72e3424e4355a57b5eaf69a820fc9a93b5ef3124d51f184bbf887b049
Copying blob sha256:bcb7c71835bb14ad1597691e3642ed892a9710ce5ccf37dab9a3e3b31b3967ec
Copying blob sha256:c9cbd53311ffc5a39c7288e993addadaf337c55a139a70cb0902accf18ba8ab8
Copying config sha256:f9a9beef370cdcccc9937846f71de6111e8e85c3516c7ec348f2c96a982c1aaf
Writing manifest to image destination
Copying image sha256:033757c904d958255604ef38db93809eb2eb6299dfbc5c881301ba644e2bc567 (2/2)
Getting image source signatures
Copying blob sha256:47fd154fc66c1548c77533d3e612ad8288b7f3df5f271bc242aae2d86b1c5617
Copying blob sha256:74ea6a5315ac2a0a27a1e4e6f87703374739fbd596e872724a21ab09c6bdf5dd
Copying blob sha256:adf5125edb970fab9c82a54d21c2660759f1f80aa6538ffd429c2273ff84d5a5
Copying blob sha256:e77ef42e1d2c25a8c87b48d7475b965300a03b973b7d0db09131660c587f0b2f
Copying config sha256:a6e152c46fa7b2eb1720e127a780db0112c51032ac9d2ca740e46bfa9a17bc43
Writing manifest to image destination
Writing manifest list to image destination
Storing list signatures

==========================================
  BUILD SUMMARY
==========================================
REPO                                          BRANCH                         VERSION    CHECKOUT   PULL       BRANCH     BUILD      ATTEMPTS
----                                          ------                         -------    --------   ----       ------     -----      --------
console-dashboards-plugin                     release-coo-ocp-4.12           v0.4.3     OK         OK         OK         SUCCESS    1
distributed-tracing-console-plugin            release-coo-ocp-4.12           v0.3.3     OK         OK         OK         SUCCESS    2
logging-view-plugin                           release-coo-ocp-4.12           v6.0.5     OK         OK         OK         FAILED     3
distributed-tracing-console-plugin            release-coo-ocp-4.15           v0.4.3     OK         OK         OK         SUCCESS    1
logging-view-plugin                           release-coo-ocp-4.15           v6.1.6     OK         OK         OK         SUCCESS    1
monitoring-plugin                             release-coo-ocp-4.15           v0.4.5     OK         OK         OK         SUCCESS    1
distributed-tracing-console-plugin            release-coo-ocp-4.19           v1.0.3     OK         OK         OK         SUCCESS    1
troubleshooting-panel-console-plugin          release-coo-ocp-4.19           v0.4.5     OK         OK         OK         SUCCESS    1
monitoring-plugin                             release-coo-ocp-4.19           v0.5.4     OK         OK         OK         SUCCESS    1
distributed-tracing-console-plugin            release-coo-ocp-4.22           v1.1.0     OK         OK         OK         SUCCESS    1
troubleshooting-panel-console-plugin          release-coo-ocp-4.22           v1.0.0     OK         FAILED     OK         SUCCESS    1
monitoring-plugin                             release-coo-ocp-4.22           v1.0.0     OK         OK         OK         SUCCESS    1
logging-view-plugin                           release-coo-ocp-4.22           v6.2.1     OK         OK         OK         SUCCESS    1
==========================================
Total: 13  |  Succeeded: 12  |  Failed: 1
==========================================
