Logging to /Users/emurasak/workspace/harness/tasks/upstream-images/build-and-push-20260605-182314.log
Fetching all branches for each repo...
  Fetching console-dashboards-plugin...
  Fetching distributed-tracing-console-plugin...
  Fetching logging-view-plugin...
  Fetching monitoring-plugin...
  Fetching troubleshooting-panel-console-plugin...
Fetch complete.
==========================================
Building console-dashboards-plugin @ release-coo-ocp-4.12 with VERSION=v0.4.3 ORG=rh-ee-emurasak
==========================================
Already on 'release-coo-ocp-4.12'
Your branch is up to date with 'origin/release-coo-ocp-4.12'.
From https://github.com/openshift/console-dashboards-plugin
 * branch            release-coo-ocp-4.12 -> FETCH_HEAD
Already up to date.
--- Attempt 1/3 ---
podman manifest rm quay.io/rh-ee-emurasak/console-dashboards-plugin:v0.4.3 || true
Error: quay.io/rh-ee-emurasak/console-dashboards-plugin:v0.4.3: image not known
podman manifest create quay.io/rh-ee-emurasak/console-dashboards-plugin:v0.4.3
33f83933b0718b1bc7178f5ddaecf67e2614b8c3ff592639d0d1b48cb7df9e31
podman build --platform=linux/arm64,linux/amd64 --manifest quay.io/rh-ee-emurasak/console-dashboards-plugin:v0.4.3 -f Dockerfile
[linux/arm64] [1/3] STEP 1/8: FROM registry.redhat.io/ubi8/nodejs-18:latest AS web-builder
Trying to pull registry.redhat.io/ubi8/nodejs-18:latest...
Getting image source signatures
Checking if image destination supports signatures
Copying blob sha256:8fd64178c906794da03bc9b7d2d5e3b70073b47f8aa659230381d7fd897dc11b
Copying blob sha256:c4fff77bc060c02d4f09680032367cb302e83402fc25b7c7ac001cb00238876f
Copying blob sha256:6ad04be99c8f2547888de53fad691136f65cf5a11c7a2567ef29477c3413f587
Copying config sha256:62a277f6499a7c210a1022190779f4387fc1294a28ea7696fc264248bf328a9b
Writing manifest to image destination
Storing signatures
[linux/arm64] [1/3] STEP 2/8: WORKDIR /opt/app-root
--> 6cb3309ba2c9
[linux/arm64] [1/3] STEP 3/8: USER 0
--> 5cc8421bc93f
[linux/arm64] [1/3] STEP 4/8: COPY web/package*.json web/
--> 0c298559de70
[linux/arm64] [1/3] STEP 5/8: COPY Makefile Makefile
--> b8139614feed
[linux/arm64] [1/3] STEP 6/8: RUN make install-frontend-ci-clean
cd web && npm ci --ignore-scripts

added 703 packages, and audited 704 packages in 28s

145 packages are looking for funding
  run `npm fund` for details

32 vulnerabilities (20 moderate, 12 high)

To address issues that do not require attention, run:
  npm audit fix

To address all issues (including breaking changes), run:
  npm audit fix --force

Run `npm audit` for details.
cd web && npm cache clean --force
npm warn using --force Recommended protections disabled.
--> dce113bbdfea
[linux/arm64] [1/3] STEP 7/8: COPY web/ web/
--> 284c9b791f91
[linux/arm64] [1/3] STEP 8/8: RUN make build-frontend
cd web && npm run build

> console-dashboards-plugin@0.1.0 build
> npm run clean && NODE_ENV=production npm run ts-node node_modules/.bin/webpack


> console-dashboards-plugin@0.1.0 clean
> rm -rf dist


> console-dashboards-plugin@0.1.0 ts-node
> ts-node -O '{"module":"commonjs"}' node_modules/.bin/webpack

assets by info 19.5 KiB [immutable]
  asset 763-chunk-85263579519beb4f771c.min.js 16.6 KiB [emitted] [immutable] [minimized] (id hint: vendors)
  asset exposed-ProxyTestPage-chunk-2f9082ef890be2ba1e5e.min.js 2.35 KiB [emitted] [immutable] [minimized] (name: exposed-ProxyTestPage)
  asset exposed-GetDatasource-chunk-71e85ff48850c9bbb80c.min.js 559 bytes [emitted] [immutable] [minimized] (name: exposed-GetDatasource)
asset plugin-entry.js 5.64 KiB [emitted] [minimized] (name: console-dashboards-plugin)
asset plugin-manifest.json 733 bytes [emitted]
runtime modules 15.6 KiB 11 modules
built modules 37.8 KiB (javascript) 42 bytes (consume-shared) [built]
  cacheable modules 37.7 KiB
    ./components/ProxyTestPage.tsx 3.73 KiB [built] [code generated]
    ./getDatasource.tsx 878 bytes [built] [code generated]
    ../node_modules/lru-cache/index.mjs 33.1 KiB [built] [code generated]
  container entry 42 bytes [built] [code generated]
  consume shared module (default) react@^17.0.1 (singleton) 42 bytes [built] [code generated]
webpack 5.105.3 compiled successfully in 1909 ms
--> 4d2a6ce43111
[linux/amd64] [1/3] STEP 1/8: FROM registry.redhat.io/ubi8/nodejs-18:latest AS web-builder
Trying to pull registry.redhat.io/ubi8/nodejs-18:latest...
Getting image source signatures
Checking if image destination supports signatures
Copying blob sha256:046eb6416170db2ab33e464d04c6f7c0c8c6cc8563597aca8e9fb7736dff00f9
Copying blob sha256:b610fd6091ba2163b8943d2214e20665977bc8064dc769d47be9ae868e48a301
Copying blob sha256:43ddc3bd12b8691687c9f6c273331ca07e3a89b50a619e0db9b040a8a629386d
Copying config sha256:ab55058334c5c32969b838cea2db23ee8c69c1b742006a75c031ed4f1b286bc5
Writing manifest to image destination
Storing signatures
[linux/amd64] [1/3] STEP 2/8: WORKDIR /opt/app-root
--> 686f3f73448c
[linux/amd64] [1/3] STEP 3/8: USER 0
--> fe2b05dbf588
[linux/amd64] [1/3] STEP 4/8: COPY web/package*.json web/
--> c0d5e9c98b2d
[linux/amd64] [1/3] STEP 5/8: COPY Makefile Makefile
--> 5a9cac0654f4
[linux/amd64] [1/3] STEP 6/8: RUN make install-frontend-ci-clean
cd web && npm ci --ignore-scripts

added 703 packages, and audited 704 packages in 39s

145 packages are looking for funding
  run `npm fund` for details

32 vulnerabilities (20 moderate, 12 high)

To address issues that do not require attention, run:
  npm audit fix

To address all issues (including breaking changes), run:
  npm audit fix --force

Run `npm audit` for details.
cd web && npm cache clean --force
npm warn using --force Recommended protections disabled.
--> 9d4e2d28f76e
[linux/amd64] [1/3] STEP 7/8: COPY web/ web/
--> 8ac1cfc609a0
[linux/amd64] [1/3] STEP 8/8: RUN make build-frontend
cd web && npm run build

> console-dashboards-plugin@0.1.0 build
> npm run clean && NODE_ENV=production npm run ts-node node_modules/.bin/webpack


> console-dashboards-plugin@0.1.0 clean
> rm -rf dist


> console-dashboards-plugin@0.1.0 ts-node
> ts-node -O '{"module":"commonjs"}' node_modules/.bin/webpack

assets by info 19.5 KiB [immutable]
  asset 763-chunk-85263579519beb4f771c.min.js 16.6 KiB [emitted] [immutable] [minimized] (id hint: vendors)
  asset exposed-ProxyTestPage-chunk-2f9082ef890be2ba1e5e.min.js 2.35 KiB [emitted] [immutable] [minimized] (name: exposed-ProxyTestPage)
  asset exposed-GetDatasource-chunk-71e85ff48850c9bbb80c.min.js 559 bytes [emitted] [immutable] [minimized] (name: exposed-GetDatasource)
asset plugin-entry.js 5.64 KiB [emitted] [minimized] (name: console-dashboards-plugin)
asset plugin-manifest.json 733 bytes [emitted]
runtime modules 15.6 KiB 11 modules
built modules 37.8 KiB (javascript) 42 bytes (consume-shared) [built]
  cacheable modules 37.7 KiB
    ./components/ProxyTestPage.tsx 3.73 KiB [built] [code generated]
    ./getDatasource.tsx 878 bytes [built] [code generated]
    ../node_modules/lru-cache/index.mjs 33.1 KiB [built] [code generated]
  container entry 42 bytes [built] [code generated]
  consume shared module (default) react@^17.0.1 (singleton) 42 bytes [built] [code generated]
webpack 5.105.3 compiled successfully in 4561 ms
--> 74d8536f1239
[linux/arm64] [2/3] STEP 1/11: FROM registry.ci.openshift.org/ocp/builder:rhel-8-golang-1.24-openshift-4.20 AS go-builder
Trying to pull registry.ci.openshift.org/ocp/builder:rhel-8-golang-1.24-openshift-4.20...
Getting image source signatures
Copying blob sha256:1601f0002240e476166ae25539061c09fadc016385d68cfd04c419472708f270
Copying blob sha256:abb828c6dd68e53a22f7a11904b72f9d5a7802fb5e7c380b3a22b18a02e9a463
Copying blob sha256:211523f3608ae0538e139764b42d3db023cbe3af165af43f3b35bd1008edbe2a
Copying config sha256:891a16a4d5dbbfb7e4204e6b986be2dacd9665316bcdabcec319512369b631f8
Writing manifest to image destination
[linux/arm64] [2/3] STEP 2/11: WORKDIR /opt/app-root
--> 4519ad96dd61
[linux/arm64] [2/3] STEP 3/11: COPY Makefile Makefile
--> ab3f5f9e282d
[linux/arm64] [2/3] STEP 4/11: COPY go.mod go.mod
--> 71abb1a099e7
[linux/arm64] [2/3] STEP 5/11: COPY go.sum go.sum
--> 05c957cc6526
[linux/arm64] [2/3] STEP 6/11: RUN go mod download
--> cfcdedb4d972
[linux/arm64] [2/3] STEP 7/11: COPY cmd/ cmd/
--> 23c743db6f0a
[linux/arm64] [2/3] STEP 8/11: COPY pkg/ pkg/
--> d82a2d4ece7a
[linux/arm64] [2/3] STEP 9/11: ENV GOEXPERIMENT=strictfipsruntime
--> d8fe29036b66
[linux/arm64] [2/3] STEP 10/11: ENV CGO_ENABLED=1
--> cbe8cb09847a
[linux/arm64] [2/3] STEP 11/11: RUN make build-backend BUILD_OPTS="-tags strictfipsruntime"
go build -tags strictfipsruntime -o plugin-backend -mod=readonly cmd/plugin-backend.go
--> 8d422f94e161
[linux/amd64] [2/3] STEP 1/11: FROM registry.ci.openshift.org/ocp/builder:rhel-8-golang-1.24-openshift-4.20 AS go-builder
Trying to pull registry.ci.openshift.org/ocp/builder:rhel-8-golang-1.24-openshift-4.20...
Getting image source signatures
Copying blob sha256:ad150792efc16fbb7886da9d9457d93092929426e6a9f11c6e04a563f284eacd
Copying blob sha256:c7965aa7086045a59bdb113a1fb8a19d7ccf7af4133e59af8ecefd39cda8e0b1
Copying blob sha256:32a0db6672d42bc2f63fa6c620bf354f141c2478d6ea69c2363fc3ae82cf9448
Copying config sha256:afb0ed974e4e076b1e05e106cf07c0ea3bffe26a331f278142661a821986210b
Writing manifest to image destination
[linux/amd64] [2/3] STEP 2/11: WORKDIR /opt/app-root
--> efa72313b30b
[linux/amd64] [2/3] STEP 3/11: COPY Makefile Makefile
--> a9ceceb4d991
[linux/amd64] [2/3] STEP 4/11: COPY go.mod go.mod
--> c382df612fa0
[linux/amd64] [2/3] STEP 5/11: COPY go.sum go.sum
--> 364de18d79e2
[linux/amd64] [2/3] STEP 6/11: RUN go mod download
--> e3c6869c99ad
[linux/amd64] [2/3] STEP 7/11: COPY cmd/ cmd/
--> ab063fe1916b
[linux/amd64] [2/3] STEP 8/11: COPY pkg/ pkg/
--> 1caf8ca5ebb2
[linux/amd64] [2/3] STEP 9/11: ENV GOEXPERIMENT=strictfipsruntime
--> 7f31cf41f17d
[linux/amd64] [2/3] STEP 10/11: ENV CGO_ENABLED=1
--> d10601e77a9d
[linux/amd64] [2/3] STEP 11/11: RUN make build-backend BUILD_OPTS="-tags strictfipsruntime"
go build -tags strictfipsruntime -o plugin-backend -mod=readonly cmd/plugin-backend.go
--> eaddd183c6bd
[linux/arm64] [3/3] STEP 1/4: FROM registry.access.redhat.com/ubi8/ubi
Trying to pull registry.access.redhat.com/ubi8/ubi:latest...
Getting image source signatures
Checking if image destination supports signatures
Copying blob sha256:be14e4bd5c48c79aa0c1bc73f7ad1515b7d2452caa02d5e74ad2e4fb3b70fa27
Copying config sha256:246c9f5c31bef2af103d26b16c4f628dfa0b4a8329a0715c2e58dd3b6c2c8d5c
Writing manifest to image destination
Storing signatures
[linux/arm64] [3/3] STEP 2/4: COPY --from=web-builder /opt/app-root/web/dist /opt/app-root/web/dist
--> c5abf3026eea
[linux/arm64] [3/3] STEP 3/4: COPY --from=go-builder /opt/app-root/plugin-backend /opt/app-root
--> be11934cdc73
[linux/arm64] [3/3] STEP 4/4: ENTRYPOINT ["/opt/app-root/plugin-backend", "-static-path", "/opt/app-root/web/dist"]
[linux/arm64] [3/3] COMMIT
--> 3efb66569685
[linux/amd64] [3/3] STEP 1/4: FROM registry.access.redhat.com/ubi8/ubi
3efb6656968575d3b191ce2ce3d17d62fbfb6489461b2c4d56850730c4238299
Trying to pull registry.access.redhat.com/ubi8/ubi:latest...
Getting image source signatures
Checking if image destination supports signatures
Copying blob sha256:b659079ce01565873eb67c4d47f0a94a60731d09351f7acfef987e5a525230aa
Copying config sha256:f99fb4f31e6c9bf4cb236b5e086e2c29a81d0f83154bfd243334d0d29f6b8567
Writing manifest to image destination
Storing signatures
[linux/amd64] [3/3] STEP 2/4: COPY --from=web-builder /opt/app-root/web/dist /opt/app-root/web/dist
--> 56625d421767
[linux/amd64] [3/3] STEP 3/4: COPY --from=go-builder /opt/app-root/plugin-backend /opt/app-root
--> 679a94a42cb6
[linux/amd64] [3/3] STEP 4/4: ENTRYPOINT ["/opt/app-root/plugin-backend", "-static-path", "/opt/app-root/web/dist"]
[linux/amd64] [3/3] COMMIT
--> 32063120e5db
32063120e5dbec6f414a2e5d53d85aebc73c6f1ad3497bebc55020de9bdfccf7
podman manifest push quay.io/rh-ee-emurasak/console-dashboards-plugin:v0.4.3
Getting image list signatures
Copying 2 images generated from 2 images in list
Copying image sha256:38c3e805d1396d4f1015b3d59512d0b7f742be5112fbe31ec9170b6b7a88a47c (1/2)
Getting image source signatures
Copying blob sha256:1ba6255fd73011a0927b24146a5a244e8b1ed17fa22ea7d5a48f9aa00ca23e5b
Copying blob sha256:5ee16405cda585a5c4e45d562f6b4a71cdf4719ecb007d7784568830a15c64d5
Copying blob sha256:1c549e1814b731cee75ad60229609c54972d7576b1a899ceba0a4c197968e3b8
Copying config sha256:3efb6656968575d3b191ce2ce3d17d62fbfb6489461b2c4d56850730c4238299
Writing manifest to image destination
Copying image sha256:b510b48f7182c13d307523f6d6f9a1e761f83dff427e493b4bb213747d0ccfee (2/2)
Getting image source signatures
Copying blob sha256:44ec0b153dbe006c8b454fe07f90fa665abcbe76dba2157e1a45d23c55e90668
Copying blob sha256:1dbdcbb70bdf0a287d3dea99abbc4e3a69042ddddc4a9c8442aa51e50a74a19a
Copying blob sha256:fd8091ad5d65cb337fc2391bbc2f8bbc2fd6989b91188de12d79680828b4a5c6
Copying config sha256:32063120e5dbec6f414a2e5d53d85aebc73c6f1ad3497bebc55020de9bdfccf7
Writing manifest to image destination
Writing manifest list to image destination
Storing list signatures
==========================================
Building distributed-tracing-console-plugin @ release-coo-ocp-4.12 with VERSION=v0.3.3 ORG=rh-ee-emurasak
==========================================
Switched to branch 'release-coo-ocp-4.12'
Your branch is up to date with 'origin/release-coo-ocp-4.12'.
From https://github.com/openshift/distributed-tracing-console-plugin
 * branch            release-coo-ocp-4.12 -> FETCH_HEAD
Already up to date.
--- Attempt 1/3 ---
podman manifest rm quay.io/rh-ee-emurasak/distributed-tracing-console-plugin:v0.3.3 || true
Error: quay.io/rh-ee-emurasak/distributed-tracing-console-plugin:v0.3.3: image not known
podman manifest create quay.io/rh-ee-emurasak/distributed-tracing-console-plugin:v0.3.3
7004d72c80932ee48c9b720b4dee926f5f1b32cd5bcbd94c96069fdc0b806182
podman build --platform=linux/arm64,linux/amd64 --manifest quay.io/rh-ee-emurasak/distributed-tracing-console-plugin:v0.3.3 -f Dockerfile
[linux/amd64] [1/3] STEP 1/8: FROM registry.redhat.io/ubi8/nodejs-22:latest AS web-builder
Trying to pull registry.redhat.io/ubi8/nodejs-22:latest...
Getting image source signatures
Checking if image destination supports signatures
Copying blob sha256:b659079ce01565873eb67c4d47f0a94a60731d09351f7acfef987e5a525230aa
Copying blob sha256:1f445a7c58d045b44fa5a56dbb4d0e9fa03e8680db6cf9319d9d561c0191632f
Copying blob sha256:21534294e787fc96343978989fe438bd9c6b835220e7ab6102d5b3909e617005
Copying config sha256:71f7f3bc92fbe08f866a9219a974de6f048963cbb186a265c0d919db324aaf33
Writing manifest to image destination
Storing signatures
[linux/amd64] [1/3] STEP 2/8: WORKDIR /opt/app-root
--> 5257826cd66a
[linux/amd64] [1/3] STEP 3/8: USER 0
--> 21336b8d7496
[linux/amd64] [1/3] STEP 4/8: COPY web/package*.json web/
--> 96ba854aa613
[linux/amd64] [1/3] STEP 5/8: COPY Makefile Makefile
--> 00c4107a989e
[linux/amd64] [1/3] STEP 6/8: RUN make install-frontend-ci-clean
cd web && npm ci --ignore-scripts --omit=optional
npm warn deprecated trim@0.0.1: Use String.prototype.trim() instead
npm warn deprecated rimraf@3.0.2: Rimraf versions prior to v4 are no longer supported
npm warn deprecated popper.js@1.16.1: You can find the new Popper v2 at @popperjs/core, this package is dedicated to the legacy v1
npm warn deprecated mini-create-react-context@0.4.1: Package no longer supported. Contact Support at https://www.npmjs.com/support for more info.
npm warn deprecated inflight@1.0.6: This module is not supported, and leaks memory. Do not use it. Check out lru-cache if you want a good and tested way to coalesce async requests by a key value, which is much more comprehensive and powerful.
npm warn deprecated glob@7.2.3: Glob versions prior to v9 are no longer supported
npm warn deprecated i18next-parser@8.13.0: Project is deprecated, use i18next-cli instead
npm warn deprecated circular-json@0.3.3: CircularJSON is in maintenance only, flatted is its successor.
npm warn deprecated eslint@8.57.1: This version is no longer supported. Please see https://eslint.org/version-support for other options.
npm warn deprecated core-js@2.6.12: core-js@<3.23.3 is no longer maintained and not recommended for usage due to the number of issues. Because of the V8 engine whims, feature detection in old core-js versions could cause a slowdown up to 100x even if nothing is polyfilled. Some versions have web compatibility issues. Please, upgrade your dependencies to the actual version of core-js.
npm warn deprecated @humanwhocodes/object-schema@2.0.3: Use @eslint/object-schema instead
npm warn deprecated @humanwhocodes/config-array@0.13.0: Use @eslint/config-array instead
npm warn deprecated uuid@3.4.0: Please upgrade  to version 7 or higher.  Older versions may use Math.random() in certain circumstances, which is known to be problematic.  See https://v8.dev/blog/math-random for details.
npm warn deprecated rimraf@2.7.1: Rimraf versions prior to v4 are no longer supported
npm warn deprecated rimraf@2.6.3: Rimraf versions prior to v4 are no longer supported
npm warn deprecated browserslist@2.11.3: Browserslist 2 could fail on reading Browserslist >3.0 config used in other tools.

added 2089 packages, and audited 2090 packages in 1m

318 packages are looking for funding
  run `npm fund` for details

62 vulnerabilities (1 low, 41 moderate, 20 high)

To address issues that do not require attention, run:
  npm audit fix

To address all issues possible (including breaking changes), run:
  npm audit fix --force

Some issues need review, and may require choosing
a different dependency.

Run `npm audit` for details.
cd web && npm cache clean --force
npm warn using --force Recommended protections disabled.
--> 2e5e1243187f
[linux/amd64] [1/3] STEP 7/8: COPY web/ web/
--> d1a5bcd07893
[linux/amd64] [1/3] STEP 8/8: RUN make build-frontend
cd web && npm run build

> distributed-tracing-console-plugin@0.3.0 build
> npm run clean && NODE_ENV=production npm run webpack


> distributed-tracing-console-plugin@0.3.0 clean
> rm -rf dist


> distributed-tracing-console-plugin@0.3.0 webpack
> node -r ts-node/register ./node_modules/.bin/webpack

assets by path assets/ 1.27 MiB
  assets by path assets/*.woff 740 KiB 42 assets
  assets by path assets/*.woff2 565 KiB
    asset assets/inter-latin-ext-600-normal..woff2 35.4 KiB [emitted] [from: ../node_modules/@fontsource/inter/files/inter-latin-ext-600-normal.woff2] (auxiliary id hint: vendors)
    asset assets/inter-latin-ext-700-normal..woff2 35.4 KiB [emitted] [from: ../node_modules/@fontsource/inter/files/inter-latin-ext-700-normal.woff2] (auxiliary id hint: vendors)
    + 40 assets
assets by path *.js 2.91 MiB
  assets by chunk 2.85 MiB (id hint: vendors)
    asset 231-chunk-f6f04aea9cd53f0eebdb.min.js 2.71 MiB [emitted] [immutable] [minimized] [big] (id hint: vendors) 1 related asset
    + 2 assets
  + 4 assets
asset locales/en/plugin__distributed-tracing-console-plugin.json 4.06 KiB [emitted] [from: ../locales/en/plugin__distributed-tracing-console-plugin.json] [copied]
asset plugin-manifest.json 951 bytes [emitted]
orphan modules 23.6 MiB (javascript) 168 bytes (consume-shared) [orphan] 14918 modules
runtime modules 18.8 KiB 14 modules
built modules 9.82 MiB (javascript) 1.27 MiB (asset) 1010 bytes (consume-shared) 42 bytes (share-init) [built]
  javascript modules 9.82 MiB
    modules by path ../node_modules/ 9.72 MiB 654 modules
    modules by path ./ 104 KiB 15 modules
    container entry 42 bytes [built] [code generated]
  asset modules 1.27 MiB (asset) 3.45 KiB (javascript)
    modules by path ../node_modules/@fontsource/inter/files/*.woff2 565 KiB (asset) 1.72 KiB (javascript) 42 modules
    modules by path ../node_modules/@fontsource/inter/files/*.woff 740 KiB (asset) 1.72 KiB (javascript) 42 modules
  consume-shared-module modules 1010 bytes
    modules by path *.0 (singleton) 378 bytes 9 modules
    modules by path *.1 (singleton) 84 bytes 2 modules
    + 13 modules
  provide shared module (default) react-helmet@6.1.0 = ../node_modules/react-helme...(truncated) 42 bytes [built] [code generated]

WARNING in asset size limit: The following asset(s) exceed the recommended size limit (244 KiB).
This can impact web performance.
Assets: 
  231-chunk-f6f04aea9cd53f0eebdb.min.js (2.71 MiB)

webpack 5.105.3 compiled with 1 warning in 85789 ms
--> 4d54d6a8f5a6
[linux/amd64] [2/3] STEP 1/11: FROM brew.registry.redhat.io/rh-osbs/openshift-golang-builder:rhel_9_1.25 AS go-builder
Trying to pull brew.registry.redhat.io/rh-osbs/openshift-golang-builder:rhel_9_1.25...
Getting image source signatures
Copying blob sha256:07b4b7296fb976a7b266e7a81c8e2cef5b0047bd20db6025d084fb8b608e05ed
Copying blob sha256:cb8cee91bb10a151d5f47bfaeade03a136feecdd326326b1bb7ffb26c45f6de8
Copying config sha256:e218eae4db33b56e53cba7f172626764546c2a49403ee52a4a6779724a202367
Writing manifest to image destination
[linux/amd64] [2/3] STEP 2/11: WORKDIR /opt/app-root
--> 3cec27160771
[linux/amd64] [2/3] STEP 3/11: COPY Makefile Makefile
--> 4b5aba52936a
[linux/amd64] [2/3] STEP 4/11: COPY go.mod go.mod
--> ae534a94a5c4
[linux/amd64] [2/3] STEP 5/11: COPY go.sum go.sum
--> 2b3537e70815
[linux/amd64] [2/3] STEP 6/11: RUN go mod download
Go compliance shim [1] [rhel-9-golang-1.25][openshift-golang-builder]: assessment: CGO_ENABLED=1
Go compliance shim [1] [rhel-9-golang-1.25][openshift-golang-builder]: assessment: dynamic linking
Go compliance shim [1] [rhel-9-golang-1.25][openshift-golang-builder]: skipping forced compliance due to broad exemption
Go compliance shim [1] [rhel-9-golang-1.25][openshift-golang-builder]: EXEMPT: 1


Go compliance shim [1] [rhel-9-golang-1.25][openshift-golang-builder]: final command line arguments: "mod" "download" 

Go compliance shim [1] [rhel-9-golang-1.25][openshift-golang-builder]: invoking real go binary
Go compliance shim [1] [rhel-9-golang-1.25][openshift-golang-builder]: Exited with: 0
--> cebdca7f8cdd
[linux/amd64] [2/3] STEP 7/11: COPY cmd/ cmd/
--> 61c882a0a744
[linux/amd64] [2/3] STEP 8/11: COPY pkg/ pkg/
--> b19bb6d4afff
[linux/amd64] [2/3] STEP 9/11: ENV GOEXPERIMENT=strictfipsruntime
--> 159ac9bb00ae
[linux/amd64] [2/3] STEP 10/11: ENV CGO_ENABLED=1
--> 32526918c5e8
[linux/amd64] [2/3] STEP 11/11: RUN make build-backend BUILD_OPTS="-tags strictfipsruntime"
go build -tags strictfipsruntime -o plugin-backend -mod=readonly cmd/plugin-backend.go
Go compliance shim [2] [rhel-9-golang-1.25][openshift-golang-builder]: assessment: CGO_ENABLED=1
Go compliance shim [2] [rhel-9-golang-1.25][openshift-golang-builder]: assessment: dynamic linking
Go compliance shim [2] [rhel-9-golang-1.25][openshift-golang-builder]: skipping forced compliance due to broad exemption
Go compliance shim [2] [rhel-9-golang-1.25][openshift-golang-builder]: EXEMPT: 1


Go compliance shim [2] [rhel-9-golang-1.25][openshift-golang-builder]: final command line arguments: "build" "-tags" "strictfipsruntime" "-o" "plugin-backend" "-mod=readonly" "cmd/plugin-backend.go" 

Go compliance shim [2] [rhel-9-golang-1.25][openshift-golang-builder]: invoking real go binary
Go compliance shim [2] [rhel-9-golang-1.25][openshift-golang-builder]: Exited with: 0
--> 943f3b3de708
[linux/arm64] [1/3] STEP 1/8: FROM registry.redhat.io/ubi8/nodejs-22:latest AS web-builder
Trying to pull registry.redhat.io/ubi8/nodejs-22:latest...
Getting image source signatures
Checking if image destination supports signatures
Copying blob sha256:061fa217b0881a08226357c52c1b20d8015686de5874fa61469c90f7b0f752a7
Copying blob sha256:be14e4bd5c48c79aa0c1bc73f7ad1515b7d2452caa02d5e74ad2e4fb3b70fa27
Copying blob sha256:e1de3abe41200e76a94241f1669175174b71b6f683a92b1d52ffc1ba0a8b8d0a
Copying config sha256:711ec0db03eb79f4fd84e49300b5ffcef0111fa55d5edc7b5743d0980aebb86f
Writing manifest to image destination
Storing signatures
[linux/arm64] [1/3] STEP 2/8: WORKDIR /opt/app-root
--> 6021fc743da2
[linux/arm64] [1/3] STEP 3/8: USER 0
--> 332f870d7191
[linux/arm64] [1/3] STEP 4/8: COPY web/package*.json web/
--> 31a05ef544e6
[linux/arm64] [1/3] STEP 5/8: COPY Makefile Makefile
--> 87b8038915c0
[linux/arm64] [1/3] STEP 6/8: RUN make install-frontend-ci-clean
cd web && npm ci --ignore-scripts --omit=optional
npm warn deprecated trim@0.0.1: Use String.prototype.trim() instead
npm warn deprecated rimraf@3.0.2: Rimraf versions prior to v4 are no longer supported
npm warn deprecated mini-create-react-context@0.4.1: Package no longer supported. Contact Support at https://www.npmjs.com/support for more info.
npm warn deprecated popper.js@1.16.1: You can find the new Popper v2 at @popperjs/core, this package is dedicated to the legacy v1
npm warn deprecated inflight@1.0.6: This module is not supported, and leaks memory. Do not use it. Check out lru-cache if you want a good and tested way to coalesce async requests by a key value, which is much more comprehensive and powerful.
npm warn deprecated glob@7.2.3: Glob versions prior to v9 are no longer supported
npm warn deprecated i18next-parser@8.13.0: Project is deprecated, use i18next-cli instead
npm warn deprecated circular-json@0.3.3: CircularJSON is in maintenance only, flatted is its successor.
npm warn deprecated eslint@8.57.1: This version is no longer supported. Please see https://eslint.org/version-support for other options.
npm warn deprecated @humanwhocodes/object-schema@2.0.3: Use @eslint/object-schema instead
npm warn deprecated @humanwhocodes/config-array@0.13.0: Use @eslint/config-array instead
npm warn deprecated uuid@3.4.0: Please upgrade  to version 7 or higher.  Older versions may use Math.random() in certain circumstances, which is known to be problematic.  See https://v8.dev/blog/math-random for details.
npm warn deprecated rimraf@2.7.1: Rimraf versions prior to v4 are no longer supported
npm warn deprecated rimraf@2.6.3: Rimraf versions prior to v4 are no longer supported
npm warn deprecated core-js@2.6.12: core-js@<3.23.3 is no longer maintained and not recommended for usage due to the number of issues. Because of the V8 engine whims, feature detection in old core-js versions could cause a slowdown up to 100x even if nothing is polyfilled. Some versions have web compatibility issues. Please, upgrade your dependencies to the actual version of core-js.
npm warn deprecated browserslist@2.11.3: Browserslist 2 could fail on reading Browserslist >3.0 config used in other tools.

added 2089 packages, and audited 2090 packages in 60s

318 packages are looking for funding
  run `npm fund` for details

62 vulnerabilities (1 low, 41 moderate, 20 high)

To address issues that do not require attention, run:
  npm audit fix

To address all issues possible (including breaking changes), run:
  npm audit fix --force

Some issues need review, and may require choosing
a different dependency.

Run `npm audit` for details.
cd web && npm cache clean --force
npm warn using --force Recommended protections disabled.
--> e71da90f2842
[linux/arm64] [1/3] STEP 7/8: COPY web/ web/
--> 3b4cc0bca70b
[linux/arm64] [1/3] STEP 8/8: RUN make build-frontend
cd web && npm run build

> distributed-tracing-console-plugin@0.3.0 build
> npm run clean && NODE_ENV=production npm run webpack


> distributed-tracing-console-plugin@0.3.0 clean
> rm -rf dist


> distributed-tracing-console-plugin@0.3.0 webpack
> node -r ts-node/register ./node_modules/.bin/webpack

assets by path assets/ 1.27 MiB
  assets by path assets/*.woff 740 KiB 42 assets
  assets by path assets/*.woff2 565 KiB
    asset assets/inter-latin-ext-600-normal..woff2 35.4 KiB [emitted] [from: ../node_modules/@fontsource/inter/files/inter-latin-ext-600-normal.woff2] (auxiliary id hint: vendors)
    asset assets/inter-latin-ext-700-normal..woff2 35.4 KiB [emitted] [from: ../node_modules/@fontsource/inter/files/inter-latin-ext-700-normal.woff2] (auxiliary id hint: vendors)
    + 40 assets
assets by path *.js 2.91 MiB
  assets by chunk 2.85 MiB (id hint: vendors)
    asset 231-chunk-f6f04aea9cd53f0eebdb.min.js 2.71 MiB [emitted] [immutable] [minimized] [big] (id hint: vendors) 1 related asset
    + 2 assets
  + 4 assets
asset locales/en/plugin__distributed-tracing-console-plugin.json 4.06 KiB [emitted] [from: ../locales/en/plugin__distributed-tracing-console-plugin.json] [copied]
asset plugin-manifest.json 951 bytes [emitted]
orphan modules 23.6 MiB (javascript) 168 bytes (consume-shared) [orphan] 14918 modules
runtime modules 18.8 KiB 14 modules
built modules 9.82 MiB (javascript) 1.27 MiB (asset) 1010 bytes (consume-shared) 42 bytes (share-init) [built]
  javascript modules 9.82 MiB
    modules by path ../node_modules/ 9.72 MiB 654 modules
    modules by path ./ 104 KiB 15 modules
    container entry 42 bytes [built] [code generated]
  asset modules 1.27 MiB (asset) 3.45 KiB (javascript)
    modules by path ../node_modules/@fontsource/inter/files/*.woff2 565 KiB (asset) 1.72 KiB (javascript) 42 modules
    modules by path ../node_modules/@fontsource/inter/files/*.woff 740 KiB (asset) 1.72 KiB (javascript) 42 modules
  consume-shared-module modules 1010 bytes
    modules by path *.0 (singleton) 378 bytes 9 modules
    modules by path *.1 (singleton) 84 bytes 2 modules
    + 13 modules
  provide shared module (default) react-helmet@6.1.0 = ../node_modules/react-helme...(truncated) 42 bytes [built] [code generated]

WARNING in asset size limit: The following asset(s) exceed the recommended size limit (244 KiB).
This can impact web performance.
Assets: 
  231-chunk-f6f04aea9cd53f0eebdb.min.js (2.71 MiB)

webpack 5.105.3 compiled with 1 warning in 85934 ms
--> d189e4b1f571
[linux/amd64] [3/3] STEP 1/4: FROM registry.access.redhat.com/ubi9/ubi-minimal
Trying to pull registry.access.redhat.com/ubi9/ubi-minimal:latest...
Getting image source signatures
Checking if image destination supports signatures
Copying blob sha256:dd148063a98f38d63a03cea2357d237d418889b91f204f507c033c944e443f45
Copying config sha256:6efa28c44703806c7c6ccb45ef6f4edc45ae794e0c0b28a1902cc64fece71ffc
Writing manifest to image destination
Storing signatures
[linux/amd64] [3/3] STEP 2/4: COPY --from=web-builder /opt/app-root/web/dist /opt/app-root/web/dist
--> f49faa79e04f
[linux/amd64] [3/3] STEP 3/4: COPY --from=go-builder /opt/app-root/plugin-backend /opt/app-root
--> a48105795caf
[linux/amd64] [3/3] STEP 4/4: ENTRYPOINT ["/opt/app-root/plugin-backend", "-static-path", "/opt/app-root/web/dist", "-config-path", "/opt/app-root/web/dist"]
[linux/amd64] [3/3] COMMIT
--> 49c92bf395c0
[linux/arm64] [2/3] STEP 1/11: FROM brew.registry.redhat.io/rh-osbs/openshift-golang-builder:rhel_9_1.25 AS go-builder
49c92bf395c0e50fd99abec428d4bdbe082a6f5ac3ae8e4135533c9423132e0b
Trying to pull brew.registry.redhat.io/rh-osbs/openshift-golang-builder:rhel_9_1.25...
Getting image source signatures
Copying blob sha256:b98d37c87f15536538dc20373f6feca81ccf73779a63f168b7855ce2c2360cff
Copying blob sha256:9e9bee4738d78cc5b8c68706e99751b669394b1e52ebb360fabf583fee381119
Copying config sha256:6cc0ec0f03bcbce80b198dae197eb1ca379eb2fa2e7f2e456cf01f6464e2b1ec
Writing manifest to image destination
[linux/arm64] [2/3] STEP 2/11: WORKDIR /opt/app-root
--> af15418c523c
[linux/arm64] [2/3] STEP 3/11: COPY Makefile Makefile
--> 1160819a325c
[linux/arm64] [2/3] STEP 4/11: COPY go.mod go.mod
--> 16f84b2b5617
[linux/arm64] [2/3] STEP 5/11: COPY go.sum go.sum
--> b96997728864
[linux/arm64] [2/3] STEP 6/11: RUN go mod download
Go compliance shim [1] [rhel-9-golang-1.25][openshift-golang-builder]: assessment: CGO_ENABLED=1
Go compliance shim [1] [rhel-9-golang-1.25][openshift-golang-builder]: assessment: dynamic linking
Go compliance shim [1] [rhel-9-golang-1.25][openshift-golang-builder]: skipping forced compliance due to broad exemption
Go compliance shim [1] [rhel-9-golang-1.25][openshift-golang-builder]: EXEMPT: 1


Go compliance shim [1] [rhel-9-golang-1.25][openshift-golang-builder]: final command line arguments: "mod" "download" 

Go compliance shim [1] [rhel-9-golang-1.25][openshift-golang-builder]: invoking real go binary
Go compliance shim [1] [rhel-9-golang-1.25][openshift-golang-builder]: Exited with: 0
--> fa0e8127c83d
[linux/arm64] [2/3] STEP 7/11: COPY cmd/ cmd/
--> 3073f8ba6b21
[linux/arm64] [2/3] STEP 8/11: COPY pkg/ pkg/
--> daf3ea1be070
[linux/arm64] [2/3] STEP 9/11: ENV GOEXPERIMENT=strictfipsruntime
--> da76466caa6d
[linux/arm64] [2/3] STEP 10/11: ENV CGO_ENABLED=1
--> d28b1819ac67
[linux/arm64] [2/3] STEP 11/11: RUN make build-backend BUILD_OPTS="-tags strictfipsruntime"
go build -tags strictfipsruntime -o plugin-backend -mod=readonly cmd/plugin-backend.go
Go compliance shim [2] [rhel-9-golang-1.25][openshift-golang-builder]: assessment: CGO_ENABLED=1
Go compliance shim [2] [rhel-9-golang-1.25][openshift-golang-builder]: assessment: dynamic linking
Go compliance shim [2] [rhel-9-golang-1.25][openshift-golang-builder]: skipping forced compliance due to broad exemption
Go compliance shim [2] [rhel-9-golang-1.25][openshift-golang-builder]: EXEMPT: 1


Go compliance shim [2] [rhel-9-golang-1.25][openshift-golang-builder]: final command line arguments: "build" "-tags" "strictfipsruntime" "-o" "plugin-backend" "-mod=readonly" "cmd/plugin-backend.go" 

Go compliance shim [2] [rhel-9-golang-1.25][openshift-golang-builder]: invoking real go binary
Go compliance shim [2] [rhel-9-golang-1.25][openshift-golang-builder]: Exited with: 0
--> 05fa7e63a5cb
[linux/arm64] [3/3] STEP 1/4: FROM registry.access.redhat.com/ubi9/ubi-minimal
Trying to pull registry.access.redhat.com/ubi9/ubi-minimal:latest...
Getting image source signatures
Checking if image destination supports signatures
Copying blob sha256:7db43598c7e47cf895f880f92e3cee9c07787091c97802ea3f2bea8fa4848040
Copying config sha256:64826a3b202499f826f4af0dc0afdbd7fd6681218074b7ea7ed3969c6e12009e
Writing manifest to image destination
Storing signatures
[linux/arm64] [3/3] STEP 2/4: COPY --from=web-builder /opt/app-root/web/dist /opt/app-root/web/dist
--> b563a305de5e
[linux/arm64] [3/3] STEP 3/4: COPY --from=go-builder /opt/app-root/plugin-backend /opt/app-root
--> 4c2924d73c04
[linux/arm64] [3/3] STEP 4/4: ENTRYPOINT ["/opt/app-root/plugin-backend", "-static-path", "/opt/app-root/web/dist", "-config-path", "/opt/app-root/web/dist"]
[linux/arm64] [3/3] COMMIT
--> a1795134cf37
a1795134cf37aeec0ca92ddcc0a8bfa5458572f44c92576a3192770410d56591
podman manifest push quay.io/rh-ee-emurasak/distributed-tracing-console-plugin:v0.3.3
Getting image list signatures
Copying 2 images generated from 2 images in list
Copying image sha256:fcd1a56ead691eba2c19db5ad246d0381201081d1b9989b6885736890063685d (1/2)
Getting image source signatures
Copying blob sha256:fc619adba729ec24fef75235acd9b59c5e52bdef3e16a3803a6e9e3022ba748b
Copying blob sha256:98bf902f285068c7f3bef02d1665b07c8bdc9844ebb8d9931a80307bd778a9a9
Copying blob sha256:040c0e41b50fe063e5b7449b474332a8fe959635f277f7ce64be4799a8e5e430
Copying config sha256:49c92bf395c0e50fd99abec428d4bdbe082a6f5ac3ae8e4135533c9423132e0b
Writing manifest to image destination
Copying image sha256:4a2c49502e2de0c910665754d4fdf47e9524c908715d2a0de1923ae05697c03c (2/2)
Getting image source signatures
Copying blob sha256:a9d48008bb6bd8d144cd561900a9dcc8676920a6fa152a773eaaf87c567fa668
Copying blob sha256:87ffd1222d3aba6da5d67bbd7ef9cecba3a3830806163e678ae01cc57cd03d5e
Copying blob sha256:cb5dbff94b7c3ce42abdee970a73cdf8fed2ac563ebb42a933e03fe9e9686bd3
Copying config sha256:a1795134cf37aeec0ca92ddcc0a8bfa5458572f44c92576a3192770410d56591
Writing manifest to image destination
Writing manifest list to image destination
Storing list signatures
==========================================
Building logging-view-plugin @ release-coo-ocp-4.12 with VERSION=v6.0.5 ORG=rh-ee-emurasak
==========================================
Switched to branch 'release-coo-ocp-4.12'
Your branch is up to date with 'origin/release-coo-ocp-4.12'.
From https://github.com/openshift/logging-view-plugin
 * branch            release-coo-ocp-4.12 -> FETCH_HEAD
Already up to date.
--- Attempt 1/3 ---
podman manifest rm quay.io/rh-ee-emurasak/logging-view-plugin:v6.0.5 || true
Error: quay.io/rh-ee-emurasak/logging-view-plugin:v6.0.5: image not known
podman manifest create quay.io/rh-ee-emurasak/logging-view-plugin:v6.0.5
06350a1bf8666678852ff4ec31bb7dd14a250a46dbf72e3f80758e5bc83c164f
podman build --platform=linux/arm64,linux/amd64 --manifest quay.io/rh-ee-emurasak/logging-view-plugin:v6.0.5 -f Dockerfile
[linux/arm64] [1/3] STEP 1/9: FROM registry.redhat.io/ubi9/nodejs-18:latest AS web-builder
Trying to pull registry.redhat.io/ubi9/nodejs-18:latest...
Getting image source signatures
Checking if image destination supports signatures
Copying blob sha256:d2d4277551d19aaf448f46617629ba5ce8decceacdd7a9e3f6d43a7763294f84
Copying blob sha256:c0c6f119f250bcd571815218a238bf91fcd968aa4bfe95c224309ec367df747e
Copying blob sha256:d92b30fd88841f53962ad35d9c474465d043b096524bdc2ef18640daf2e51e82
Copying config sha256:d561cbadf704f121dc19b5ca23115d808580ccff537c4def93fff467e1723872
Writing manifest to image destination
Storing signatures
[linux/arm64] [1/3] STEP 2/9: WORKDIR /opt/app-root
--> b174281ecfe0
[linux/arm64] [1/3] STEP 3/9: USER 0
--> c71c08de4b05
[linux/arm64] [1/3] STEP 4/9: ENV HUSKY=0
--> 20ec80384143
[linux/arm64] [1/3] STEP 5/9: COPY web/package*.json web/
--> f3097d403ada
[linux/arm64] [1/3] STEP 6/9: COPY Makefile Makefile
--> 187b2d8b170f
[linux/arm64] [1/3] STEP 7/9: RUN make install-frontend-ci-clean
cd web && npm ci --omit=optional --ignore-scripts

added 1436 packages, and audited 1437 packages in 57s

267 packages are looking for funding
  run `npm fund` for details

34 vulnerabilities (21 moderate, 12 high, 1 critical)

To address issues that do not require attention, run:
  npm audit fix

To address all issues (including breaking changes), run:
  npm audit fix --force

Run `npm audit` for details.
cd web && npm cache clean --force
npm warn using --force Recommended protections disabled.
--> 249babd95b5c
[linux/arm64] [1/3] STEP 8/9: COPY web/ web/
--> be88a127e646
[linux/arm64] [1/3] STEP 9/9: RUN make build-frontend
cd web && npm run build

> logging-view-plugin@6.0.0 build
> npm run clean && NODE_ENV=production npm run ts-node node_modules/.bin/webpack


> logging-view-plugin@6.0.0 clean
> rm -rf dist


> logging-view-plugin@6.0.0 ts-node
> ts-node -O '{"module":"commonjs"}' node_modules/.bin/webpack

assets by info 2.55 MiB [immutable]
  assets by chunk 2.22 MiB (id hint: vendors)
    asset 198-chunk-da28374bb5b04895f8ca.min.js 1.45 MiB [emitted] [immutable] [big] (id hint: vendors) 1 related asset
    asset 924-chunk-b61cc50348712154c403.min.js 621 KiB [emitted] [immutable] [big] (id hint: vendors) 1 related asset
    asset 31-chunk-fa29db6230d9ee04494a.min.js 169 KiB [emitted] [immutable] (id hint: vendors) 1 related asset
  + 9 assets
asset plugin-entry.js 27.7 KiB [emitted] (name: logging-view-plugin) 1 related asset
asset locales/en/plugin__logging-view-plugin.json 6.89 KiB [emitted] [from: ../locales/en/plugin__logging-view-plugin.json] [copied]
asset plugin-manifest.json 2.63 KiB [emitted]
orphan modules 3.29 MiB [orphan] 2525 modules
runtime modules 17.5 KiB 14 modules
built modules 2.31 MiB (javascript) 504 bytes (consume-shared) [built]
  modules by path ../node_modules/ 2.08 MiB 375 modules
  modules by path ./ 236 KiB 44 modules
  consume-shared-module modules 504 bytes
    modules by path *.0 (singleton) 210 bytes 5 modules
    modules by path consume shared module (default) @patternfly/ 126 bytes
      consume shared module (default) @patternfly/react-core@=4.239.0 (singleton) 42 bytes [built] [code generated]
      + 2 modules
    + 4 modules
  container entry 42 bytes [built] [code generated]

WARNING in asset size limit: The following asset(s) exceed the recommended size limit (244 KiB).
This can impact web performance.
Assets: 
  198-chunk-da28374bb5b04895f8ca.min.js (1.45 MiB)
  924-chunk-b61cc50348712154c403.min.js (621 KiB)

webpack 5.105.3 compiled with 1 warning in 20522 ms
--> f85d12c6b450
[linux/arm64] [2/3] STEP 1/12: FROM registry.ci.openshift.org/ocp/builder:rhel-9-golang-1.22-openshift-4.17 AS go-builder
Trying to pull registry.ci.openshift.org/ocp/builder:rhel-9-golang-1.22-openshift-4.17...
Getting image source signatures
Copying blob sha256:8ce3e708c90a20445aa5ed634bef353f432bc6a558095e039e966648dfa6f8ed
Copying blob sha256:5e09f8650bc245176f116be7bf617e9ebbda9f1690adc8f25ef8cc558cd62fbf
Copying blob sha256:f04a31840d1b089a9cc978d4fe58b9fec0505cacd920346729d539c18ada52d3
Copying config sha256:137c3009ec7eeeb647eec589def99e732327dc29b7343c9f29c983be7db51142
Writing manifest to image destination
WARNING: image platform (linux/amd64) does not match the expected platform (linux/arm64)
[linux/arm64] [2/3] STEP 2/12: WORKDIR /opt/app-root
--> 5f9ad9670dc4
[linux/arm64] [2/3] STEP 3/12: COPY Makefile Makefile
--> 39b86e5177a0
[linux/arm64] [2/3] STEP 4/12: COPY go.mod go.mod
--> 63cae258f859
[linux/arm64] [2/3] STEP 5/12: COPY go.sum go.sum
--> 0ea259e00168
[linux/arm64] [2/3] STEP 6/12: RUN make install-backend
go mod download
--> cb746d25f556
[linux/arm64] [2/3] STEP 7/12: COPY config/ config/
--> ca5fcc62dcda
[linux/arm64] [2/3] STEP 8/12: COPY cmd/ cmd/
--> f6102b961fa8
[linux/arm64] [2/3] STEP 9/12: COPY pkg/ pkg/
--> 50788a835fdd
[linux/arm64] [2/3] STEP 10/12: ENV GOEXPERIMENT=strictfipsruntime
--> ef07612f4b88
[linux/arm64] [2/3] STEP 11/12: ENV CGO_ENABLED=1
--> 670cfb5ef9f3
[linux/arm64] [2/3] STEP 12/12: RUN make build-backend BUILD_OPTS="-tags strictfipsruntime"
go build -tags strictfipsruntime -mod=readonly -o plugin-backend -mod=readonly cmd/plugin-backend.go
--> b9f6da60387e
[linux/amd64] [1/3] STEP 1/9: FROM registry.redhat.io/ubi9/nodejs-18:latest AS web-builder
Trying to pull registry.redhat.io/ubi9/nodejs-18:latest...
Getting image source signatures
Checking if image destination supports signatures
Copying blob sha256:97971704aef24e8b1129c4f1b2e2241c7800b8bb89a14e77a7efebccd4193661
Copying blob sha256:bd74b94f9d783929640d82362c5b1af55b0b7bea9405c379251f405c9c94f690
Copying blob sha256:ce1770dcb97c2c062c80efe0edf0d512923b8ac34444b4f56733f446ea06ca95
Copying config sha256:dc791d1b00fc164bb81bc99a7ddadc9eef02d0042878fe62c5fd468df91b2140
Writing manifest to image destination
Storing signatures
[linux/amd64] [1/3] STEP 2/9: WORKDIR /opt/app-root
--> 8ea0188ca6ae
[linux/amd64] [1/3] STEP 3/9: USER 0
--> 4df8ff349e9f
[linux/amd64] [1/3] STEP 4/9: ENV HUSKY=0
--> 093eb1be03bb
[linux/amd64] [1/3] STEP 5/9: COPY web/package*.json web/
--> e5771388492d
[linux/amd64] [1/3] STEP 6/9: COPY Makefile Makefile
--> 626c199b51df
[linux/amd64] [1/3] STEP 7/9: RUN make install-frontend-ci-clean
cd web && npm ci --omit=optional --ignore-scripts

added 1436 packages, and audited 1437 packages in 4m

267 packages are looking for funding
  run `npm fund` for details

34 vulnerabilities (21 moderate, 12 high, 1 critical)

To address issues that do not require attention, run:
  npm audit fix

To address all issues (including breaking changes), run:
  npm audit fix --force

Run `npm audit` for details.
cd web && npm cache clean --force
npm warn using --force Recommended protections disabled.
--> 83d8ae8fef0b
[linux/amd64] [1/3] STEP 8/9: COPY web/ web/
--> 4f30d9512af9
[linux/amd64] [1/3] STEP 9/9: RUN make build-frontend
cd web && npm run build

> logging-view-plugin@6.0.0 build
> npm run clean && NODE_ENV=production npm run ts-node node_modules/.bin/webpack


> logging-view-plugin@6.0.0 clean
> rm -rf dist


> logging-view-plugin@6.0.0 ts-node
> ts-node -O '{"module":"commonjs"}' node_modules/.bin/webpack

assets by info 2.55 MiB [immutable]
  assets by chunk 2.22 MiB (id hint: vendors)
    asset 198-chunk-da28374bb5b04895f8ca.min.js 1.45 MiB [emitted] [immutable] [big] (id hint: vendors) 1 related asset
    asset 924-chunk-b61cc50348712154c403.min.js 621 KiB [emitted] [immutable] [big] (id hint: vendors) 1 related asset
    asset 31-chunk-fa29db6230d9ee04494a.min.js 169 KiB [emitted] [immutable] (id hint: vendors) 1 related asset
  + 9 assets
asset plugin-entry.js 27.7 KiB [emitted] (name: logging-view-plugin) 1 related asset
asset locales/en/plugin__logging-view-plugin.json 6.89 KiB [emitted] [from: ../locales/en/plugin__logging-view-plugin.json] [copied]
asset plugin-manifest.json 2.63 KiB [emitted]
orphan modules 3.29 MiB [orphan] 2525 modules
runtime modules 17.5 KiB 14 modules
built modules 2.31 MiB (javascript) 504 bytes (consume-shared) [built]
  modules by path ../node_modules/ 2.08 MiB 375 modules
  modules by path ./ 236 KiB 44 modules
  consume-shared-module modules 504 bytes
    modules by path *.0 (singleton) 210 bytes 5 modules
    modules by path consume shared module (default) @patternfly/ 126 bytes
      consume shared module (default) @patternfly/react-core@=4.239.0 (singleton) 42 bytes [built] [code generated]
      + 2 modules
    + 4 modules
  container entry 42 bytes [built] [code generated]

WARNING in asset size limit: The following asset(s) exceed the recommended size limit (244 KiB).
This can impact web performance.
Assets: 
  198-chunk-da28374bb5b04895f8ca.min.js (1.45 MiB)
  924-chunk-b61cc50348712154c403.min.js (621 KiB)

webpack 5.105.3 compiled with 1 warning in 48274 ms
--> f3b8d7b094fb
[linux/arm64] [3/3] STEP 1/5: FROM registry.access.redhat.com/ubi9/ubi-minimal
[linux/arm64] [3/3] STEP 2/5: COPY --from=web-builder /opt/app-root/web/dist /opt/app-root/web/dist
--> fee122d338c3
[linux/arm64] [3/3] STEP 3/5: COPY --from=go-builder /opt/app-root/plugin-backend /opt/app-root
--> aaa969499c40
[linux/arm64] [3/3] STEP 4/5: COPY --from=go-builder /opt/app-root/config /opt/app-root/config
--> 88d5284d081b
[linux/arm64] [3/3] STEP 5/5: ENTRYPOINT ["/opt/app-root/plugin-backend", "-config-path", "/opt/app-root/config", "-static-path", "/opt/app-root/web/dist"]
[linux/arm64] [3/3] COMMIT
--> 2bfeac177802
[linux/amd64] [2/3] STEP 1/12: FROM registry.ci.openshift.org/ocp/builder:rhel-9-golang-1.22-openshift-4.17 AS go-builder
2bfeac177802b89fe32a38c010630f634a67c7ca8bac8047e57ade1de8e661ee
[linux/amd64] [2/3] STEP 2/12: WORKDIR /opt/app-root
--> Using cache 5f9ad9670dc42b78e9bedabd4b3887c31db31872580ab4aeb4529f52e5921a88
--> 5f9ad9670dc4
[linux/amd64] [2/3] STEP 3/12: COPY Makefile Makefile
--> Using cache 39b86e5177a0629bbc8ef0b8479c6a78f93e2a81596f92107e591927e7714eeb
--> 39b86e5177a0
[linux/amd64] [2/3] STEP 4/12: COPY go.mod go.mod
--> Using cache 63cae258f859d90643e7cf3bd67bf7d17ed3ba20f211a20762b2b168b7310f1d
--> 63cae258f859
[linux/amd64] [2/3] STEP 5/12: COPY go.sum go.sum
--> Using cache 0ea259e0016821e92935a188cb5f358c45b55b8ac6916bd8560c3fb00cd91e08
--> 0ea259e00168
[linux/amd64] [2/3] STEP 6/12: RUN make install-backend
--> Using cache cb746d25f556b4b61bc3d4e5ddc335bab0b506b28e34f346542a369360f5d9c5
--> cb746d25f556
[linux/amd64] [2/3] STEP 7/12: COPY config/ config/
--> Using cache ca5fcc62dcdaaa958470ab248dd3714a402fe5bb3a9d4b048ea3550d5113c029
--> ca5fcc62dcda
[linux/amd64] [2/3] STEP 8/12: COPY cmd/ cmd/
--> Using cache f6102b961fa816738089592a71148c431d25f45b1cc56b8fe1a7945f519f0e49
--> f6102b961fa8
[linux/amd64] [2/3] STEP 9/12: COPY pkg/ pkg/
--> Using cache 50788a835fddb3ba21f8c53eea379f556122fb30b301c523b35b8105925810b6
--> 50788a835fdd
[linux/amd64] [2/3] STEP 10/12: ENV GOEXPERIMENT=strictfipsruntime
--> Using cache ef07612f4b88ef2b5b52033b78528c48cd06d237a39f98b92da90a6d97b021b5
--> ef07612f4b88
[linux/amd64] [2/3] STEP 11/12: ENV CGO_ENABLED=1
--> Using cache 670cfb5ef9f39be32a916998d729e8f00a4a08ab26982843266401980f5979c4
--> 670cfb5ef9f3
[linux/amd64] [2/3] STEP 12/12: RUN make build-backend BUILD_OPTS="-tags strictfipsruntime"
--> Using cache b9f6da60387e37dbb861b27b38830ce288add42b6a157b0937984ad049634e43
--> b9f6da60387e
[linux/amd64] [3/3] STEP 1/5: FROM registry.access.redhat.com/ubi9/ubi-minimal
Trying to pull registry.access.redhat.com/ubi9/ubi-minimal:latest...
Getting image source signatures
Checking if image destination supports signatures
Copying blob sha256:dd148063a98f38d63a03cea2357d237d418889b91f204f507c033c944e443f45
Copying config sha256:6efa28c44703806c7c6ccb45ef6f4edc45ae794e0c0b28a1902cc64fece71ffc
Writing manifest to image destination
Storing signatures
[linux/amd64] [3/3] STEP 2/5: COPY --from=web-builder /opt/app-root/web/dist /opt/app-root/web/dist
--> c5993ae9cfc0
[linux/amd64] [3/3] STEP 3/5: COPY --from=go-builder /opt/app-root/plugin-backend /opt/app-root
--> 2f021c8e5538
[linux/amd64] [3/3] STEP 4/5: COPY --from=go-builder /opt/app-root/config /opt/app-root/config
--> 6ab6761dd75e
[linux/amd64] [3/3] STEP 5/5: ENTRYPOINT ["/opt/app-root/plugin-backend", "-config-path", "/opt/app-root/config", "-static-path", "/opt/app-root/web/dist"]
[linux/amd64] [3/3] COMMIT
--> b1b62774ee21
b1b62774ee21b44745ff85fcfdb7723f41d521bb7274232098ff6a03c926d1a4
podman manifest push quay.io/rh-ee-emurasak/logging-view-plugin:v6.0.5
Getting image list signatures
Copying 2 images generated from 2 images in list
Copying image sha256:bdecc4dbe5fd3c056642a00c40522415134026810432cf75a244833427636609 (1/2)
Getting image source signatures
Copying blob sha256:87ffd1222d3aba6da5d67bbd7ef9cecba3a3830806163e678ae01cc57cd03d5e
Copying blob sha256:6459e1097932511712913cb79a9bcab37fd9fc63c37de4a3a71dc1f668dfb9da
Copying blob sha256:8213819733abd1f761c163d3d18cd0c30d1cf2e0664ab89389963d6533e30c21
Copying blob sha256:83e14a7320a8ea28e27b202da1e3713885ef3563c1b880931ca4873d5a81b1ec
Copying config sha256:2bfeac177802b89fe32a38c010630f634a67c7ca8bac8047e57ade1de8e661ee
Writing manifest to image destination
Copying image sha256:f3fbd28c51bd897fd4c711f56c6604324005c1d107f145eee690abed4db75bed (2/2)
Getting image source signatures
Copying blob sha256:2ffe90ce6d4948c8c380d3a1c68b6603e433b8c81a6209bc1e5169112fd19d1c
Copying blob sha256:183a27243f2970a9ba43c136ef6d524c7110143dbe133155dfcb232ef0ac9ff7
Copying blob sha256:fc619adba729ec24fef75235acd9b59c5e52bdef3e16a3803a6e9e3022ba748b
Copying blob sha256:1f694b243d7741667037be39d6d599e0557a06db66b2da593b3628c3ec86d250
Copying config sha256:b1b62774ee21b44745ff85fcfdb7723f41d521bb7274232098ff6a03c926d1a4
Writing manifest to image destination
Writing manifest list to image destination
Storing list signatures
==========================================
Building distributed-tracing-console-plugin @ release-coo-ocp-4.15 with VERSION=v0.4.3 ORG=rh-ee-emurasak
==========================================
Switched to branch 'release-coo-ocp-4.15'
Your branch is up to date with 'origin/release-coo-ocp-4.15'.
From https://github.com/openshift/distributed-tracing-console-plugin
 * branch            release-coo-ocp-4.15 -> FETCH_HEAD
Already up to date.
--- Attempt 1/3 ---
podman manifest rm quay.io/rh-ee-emurasak/distributed-tracing-console-plugin:v0.4.3 || true
Error: quay.io/rh-ee-emurasak/distributed-tracing-console-plugin:v0.4.3: image not known
podman manifest create quay.io/rh-ee-emurasak/distributed-tracing-console-plugin:v0.4.3
dbfb5d37224b252488368b7e8a70bd9863bb776f4b72ed5469af9f21ac5506e3
podman build --platform=linux/arm64,linux/amd64 --manifest quay.io/rh-ee-emurasak/distributed-tracing-console-plugin:v0.4.3 -f Dockerfile
[linux/arm64] [1/3] STEP 1/8: FROM registry.redhat.io/ubi8/nodejs-22:latest AS web-builder
[linux/arm64] [1/3] STEP 2/8: WORKDIR /opt/app-root
--> Using cache 6021fc743da2c270e56a41e84aa72d866c3ba57bf63917be68cd120813ed9026
--> 6021fc743da2
[linux/arm64] [1/3] STEP 3/8: USER 0
--> Using cache 332f870d7191280f6392190a04360edc9db948f0d85d754a619fa7d83cc7269f
--> 332f870d7191
[linux/arm64] [1/3] STEP 4/8: COPY web/package*.json web/
--> bd0b10688066
[linux/arm64] [1/3] STEP 5/8: COPY Makefile Makefile
--> b8e03c0fc673
[linux/arm64] [1/3] STEP 6/8: RUN make install-frontend-ci-clean
cd web && npm ci --ignore-scripts --omit=optional
npm warn deprecated rimraf@3.0.2: Rimraf versions prior to v4 are no longer supported
npm warn deprecated popper.js@1.16.1: You can find the new Popper v2 at @popperjs/core, this package is dedicated to the legacy v1
npm warn deprecated inflight@1.0.6: This module is not supported, and leaks memory. Do not use it. Check out lru-cache if you want a good and tested way to coalesce async requests by a key value, which is much more comprehensive and powerful.
npm warn deprecated glob@7.2.3: Glob versions prior to v9 are no longer supported
npm warn deprecated eslint@8.57.1: This version is no longer supported. Please see https://eslint.org/version-support for other options.
npm warn deprecated @humanwhocodes/config-array@0.13.0: Use @eslint/config-array instead
npm warn deprecated @humanwhocodes/object-schema@2.0.3: Use @eslint/object-schema instead
npm warn deprecated rimraf@2.7.1: Rimraf versions prior to v4 are no longer supported

added 1815 packages, and audited 1816 packages in 2m

313 packages are looking for funding
  run `npm fund` for details

25 vulnerabilities (1 low, 20 moderate, 4 high)

To address issues that do not require attention, run:
  npm audit fix

To address all issues (including breaking changes), run:
  npm audit fix --force

Run `npm audit` for details.
cd web && npm cache clean --force
npm warn using --force Recommended protections disabled.
--> b90da327afa1
[linux/arm64] [1/3] STEP 7/8: COPY web/ web/
--> 96c8b4f34403
[linux/arm64] [1/3] STEP 8/8: RUN make build-frontend
cd web && npm run build

> distributed-tracing-console-plugin@0.4.0 build
> npm run clean && NODE_ENV=production npm run webpack


> distributed-tracing-console-plugin@0.4.0 clean
> rm -rf dist


> distributed-tracing-console-plugin@0.4.0 webpack
> node -r ts-node/register ./node_modules/.bin/webpack

assets by path assets/ 1.27 MiB
  assets by path assets/*.woff 740 KiB 42 assets
  assets by path assets/*.woff2 565 KiB
    asset assets/inter-latin-ext-600-normal..woff2 35.4 KiB [emitted] [from: ../node_modules/@fontsource/inter/files/inter-latin-ext-600-normal.woff2] (auxiliary id hint: vendors)
    + 41 assets
assets by path *.js 3.83 MiB
  assets by chunk 3.38 MiB (id hint: vendors)
    asset 1907-chunk-0d22a5aa10d0bc99f3d0.min.js 2.6 MiB [emitted] [immutable] [minimized] [big] (id hint: vendors) 1 related asset
    asset 6127-chunk-e59d7258fd384804d704.min.js 124 KiB [emitted] [immutable] [minimized] (id hint: vendors) 1 related asset
    asset 5607-chunk-fcc671a213ca68550d43.min.js 121 KiB [emitted] [immutable] [minimized] (id hint: vendors)
    + 14 assets
  + 61 assets
asset locales/en/plugin__distributed-tracing-console-plugin.json 4.29 KiB [emitted] [from: ../locales/en/plugin__distributed-tracing-console-plugin.json] [copied]
asset plugin-manifest.json 895 bytes [emitted]
orphan modules 21.9 MiB [orphan] 13315 modules
runtime modules 35.2 KiB 14 modules
built modules 10.7 MiB (javascript) 1.27 MiB (asset) 1.6 KiB (consume-shared) 1.39 KiB (share-init) [built]
  javascript modules 10.7 MiB 745 modules
  asset modules 1.27 MiB (asset) 3.45 KiB (javascript)
    modules by path ../node_modules/@fontsource/inter/files/*.woff2 565 KiB (asset) 1.72 KiB (javascript) 42 modules
    modules by path ../node_modules/@fontsource/inter/files/*.woff 740 KiB (asset) 1.72 KiB (javascript) 42 modules
  consume-shared-module modules 1.6 KiB
    modules by path consume shared module (default) @patternfly/ 1.39 KiB 34 modules
    + 5 modules
  provide-module modules 1.39 KiB
    modules by path provide shared module (default) @patternfly/react-core/dist/dynamic/ 924 bytes 22 modules
    modules by path provide shared module (default) @patternfly/react-icons/dist/dynamic/icons/ 504 bytes 12 modules

WARNING in asset size limit: The following asset(s) exceed the recommended size limit (244 KiB).
This can impact web performance.
Assets: 
  1907-chunk-0d22a5aa10d0bc99f3d0.min.js (2.6 MiB)

webpack 5.105.3 compiled with 1 warning in 113589 ms
--> 9dbcec947e54
[linux/amd64] [1/3] STEP 1/8: FROM registry.redhat.io/ubi8/nodejs-22:latest AS web-builder
Trying to pull registry.redhat.io/ubi8/nodejs-22:latest...
Getting image source signatures
Checking if image destination supports signatures
Copying blob sha256:1f445a7c58d045b44fa5a56dbb4d0e9fa03e8680db6cf9319d9d561c0191632f
Copying blob sha256:b659079ce01565873eb67c4d47f0a94a60731d09351f7acfef987e5a525230aa
Copying blob sha256:21534294e787fc96343978989fe438bd9c6b835220e7ab6102d5b3909e617005
Copying config sha256:71f7f3bc92fbe08f866a9219a974de6f048963cbb186a265c0d919db324aaf33
Writing manifest to image destination
Storing signatures
[linux/amd64] [1/3] STEP 2/8: WORKDIR /opt/app-root
--> Using cache 5257826cd66a6b8fb36255b1e8ea10e438500446849dbcd90b30b8db2433aa8e
--> 5257826cd66a
[linux/amd64] [1/3] STEP 3/8: USER 0
--> Using cache 21336b8d74967a5a8a3e9824f9a28ffd284544c25d2ae0ee7324f6f47a05268e
--> 21336b8d7496
[linux/amd64] [1/3] STEP 4/8: COPY web/package*.json web/
--> e767afb5272f
[linux/amd64] [1/3] STEP 5/8: COPY Makefile Makefile
--> 2d84e990701b
[linux/amd64] [1/3] STEP 6/8: RUN make install-frontend-ci-clean
cd web && npm ci --ignore-scripts --omit=optional
npm warn deprecated rimraf@3.0.2: Rimraf versions prior to v4 are no longer supported
npm warn deprecated inflight@1.0.6: This module is not supported, and leaks memory. Do not use it. Check out lru-cache if you want a good and tested way to coalesce async requests by a key value, which is much more comprehensive and powerful.
npm warn deprecated glob@7.2.3: Glob versions prior to v9 are no longer supported
npm warn deprecated popper.js@1.16.1: You can find the new Popper v2 at @popperjs/core, this package is dedicated to the legacy v1
npm warn deprecated @humanwhocodes/config-array@0.13.0: Use @eslint/config-array instead
npm warn deprecated @humanwhocodes/object-schema@2.0.3: Use @eslint/object-schema instead
npm warn deprecated rimraf@2.7.1: Rimraf versions prior to v4 are no longer supported
npm warn deprecated eslint@8.57.1: This version is no longer supported. Please see https://eslint.org/version-support for other options.

added 1815 packages, and audited 1816 packages in 2m

313 packages are looking for funding
  run `npm fund` for details

25 vulnerabilities (1 low, 20 moderate, 4 high)

To address issues that do not require attention, run:
  npm audit fix

To address all issues (including breaking changes), run:
  npm audit fix --force

Run `npm audit` for details.
cd web && npm cache clean --force
npm warn using --force Recommended protections disabled.
--> 756be69f2788
[linux/amd64] [1/3] STEP 7/8: COPY web/ web/
--> 368d83d74d29
[linux/amd64] [1/3] STEP 8/8: RUN make build-frontend
cd web && npm run build

> distributed-tracing-console-plugin@0.4.0 build
> npm run clean && NODE_ENV=production npm run webpack


> distributed-tracing-console-plugin@0.4.0 clean
> rm -rf dist


> distributed-tracing-console-plugin@0.4.0 webpack
> node -r ts-node/register ./node_modules/.bin/webpack

assets by path assets/ 1.27 MiB
  assets by path assets/*.woff 740 KiB 42 assets
  assets by path assets/*.woff2 565 KiB
    asset assets/inter-latin-ext-600-normal..woff2 35.4 KiB [emitted] [from: ../node_modules/@fontsource/inter/files/inter-latin-ext-600-normal.woff2] (auxiliary id hint: vendors)
    + 41 assets
assets by path *.js 3.83 MiB
  assets by chunk 3.38 MiB (id hint: vendors)
    asset 1907-chunk-0d22a5aa10d0bc99f3d0.min.js 2.6 MiB [emitted] [immutable] [minimized] [big] (id hint: vendors) 1 related asset
    asset 6127-chunk-e59d7258fd384804d704.min.js 124 KiB [emitted] [immutable] [minimized] (id hint: vendors) 1 related asset
    asset 5607-chunk-fcc671a213ca68550d43.min.js 121 KiB [emitted] [immutable] [minimized] (id hint: vendors)
    + 14 assets
  + 61 assets
asset locales/en/plugin__distributed-tracing-console-plugin.json 4.29 KiB [emitted] [from: ../locales/en/plugin__distributed-tracing-console-plugin.json] [copied]
asset plugin-manifest.json 895 bytes [emitted]
orphan modules 21.9 MiB [orphan] 13315 modules
runtime modules 35.2 KiB 14 modules
built modules 10.7 MiB (javascript) 1.27 MiB (asset) 1.6 KiB (consume-shared) 1.39 KiB (share-init) [built]
  javascript modules 10.7 MiB 745 modules
  asset modules 1.27 MiB (asset) 3.45 KiB (javascript)
    modules by path ../node_modules/@fontsource/inter/files/*.woff2 565 KiB (asset) 1.72 KiB (javascript) 42 modules
    modules by path ../node_modules/@fontsource/inter/files/*.woff 740 KiB (asset) 1.72 KiB (javascript) 42 modules
  consume-shared-module modules 1.6 KiB
    modules by path consume shared module (default) @patternfly/ 1.39 KiB 34 modules
    + 5 modules
  provide-module modules 1.39 KiB
    modules by path provide shared module (default) @patternfly/react-core/dist/dynamic/ 924 bytes 22 modules
    modules by path provide shared module (default) @patternfly/react-icons/dist/dynamic/icons/ 504 bytes 12 modules

WARNING in asset size limit: The following asset(s) exceed the recommended size limit (244 KiB).
This can impact web performance.
Assets: 
  1907-chunk-0d22a5aa10d0bc99f3d0.min.js (2.6 MiB)

webpack 5.105.3 compiled with 1 warning in 123613 ms
--> b662755d78f6
[linux/arm64] [2/3] STEP 1/11: FROM brew.registry.redhat.io/rh-osbs/openshift-golang-builder:rhel_9_1.25 AS go-builder
[linux/arm64] [2/3] STEP 2/11: WORKDIR /opt/app-root
--> Using cache af15418c523c6ae5be063fbd248ca6446c99a7221939395a2d0d9bca5f7146f0
--> af15418c523c
[linux/arm64] [2/3] STEP 3/11: COPY Makefile Makefile
--> Using cache 1160819a325ca7d07edb09242f48d7d5863d88eb07f37fc10e0368240f084c92
--> 1160819a325c
[linux/arm64] [2/3] STEP 4/11: COPY go.mod go.mod
--> 35a119f700e7
[linux/arm64] [2/3] STEP 5/11: COPY go.sum go.sum
--> a86493e19e3b
[linux/arm64] [2/3] STEP 6/11: RUN go mod download
Go compliance shim [1] [rhel-9-golang-1.25][openshift-golang-builder]: assessment: CGO_ENABLED=1
Go compliance shim [1] [rhel-9-golang-1.25][openshift-golang-builder]: assessment: dynamic linking
Go compliance shim [1] [rhel-9-golang-1.25][openshift-golang-builder]: skipping forced compliance due to broad exemption
Go compliance shim [1] [rhel-9-golang-1.25][openshift-golang-builder]: EXEMPT: 1


Go compliance shim [1] [rhel-9-golang-1.25][openshift-golang-builder]: final command line arguments: "mod" "download" 

Go compliance shim [1] [rhel-9-golang-1.25][openshift-golang-builder]: invoking real go binary
Go compliance shim [1] [rhel-9-golang-1.25][openshift-golang-builder]: Exited with: 0
--> 2f79576227aa
[linux/arm64] [2/3] STEP 7/11: COPY cmd/ cmd/
--> 5b74cd20fc76
[linux/arm64] [2/3] STEP 8/11: COPY pkg/ pkg/
--> e3caecdb459a
[linux/arm64] [2/3] STEP 9/11: ENV GOEXPERIMENT=strictfipsruntime
--> 7f2ce3f8daa2
[linux/arm64] [2/3] STEP 10/11: ENV CGO_ENABLED=1
--> 4e7c2a207b4f
[linux/arm64] [2/3] STEP 11/11: RUN make build-backend BUILD_OPTS="-tags strictfipsruntime"
go build -tags strictfipsruntime -o plugin-backend -mod=readonly cmd/plugin-backend.go
Go compliance shim [2] [rhel-9-golang-1.25][openshift-golang-builder]: assessment: CGO_ENABLED=1
Go compliance shim [2] [rhel-9-golang-1.25][openshift-golang-builder]: assessment: dynamic linking
Go compliance shim [2] [rhel-9-golang-1.25][openshift-golang-builder]: skipping forced compliance due to broad exemption
Go compliance shim [2] [rhel-9-golang-1.25][openshift-golang-builder]: EXEMPT: 1


Go compliance shim [2] [rhel-9-golang-1.25][openshift-golang-builder]: final command line arguments: "build" "-tags" "strictfipsruntime" "-o" "plugin-backend" "-mod=readonly" "cmd/plugin-backend.go" 

Go compliance shim [2] [rhel-9-golang-1.25][openshift-golang-builder]: invoking real go binary
Go compliance shim [2] [rhel-9-golang-1.25][openshift-golang-builder]: Exited with: 0
--> 26448eb85d5c
[linux/amd64] [2/3] STEP 1/11: FROM brew.registry.redhat.io/rh-osbs/openshift-golang-builder:rhel_9_1.25 AS go-builder
Trying to pull brew.registry.redhat.io/rh-osbs/openshift-golang-builder:rhel_9_1.25...
Getting image source signatures
Copying blob sha256:cb8cee91bb10a151d5f47bfaeade03a136feecdd326326b1bb7ffb26c45f6de8
Copying blob sha256:07b4b7296fb976a7b266e7a81c8e2cef5b0047bd20db6025d084fb8b608e05ed
Copying config sha256:e218eae4db33b56e53cba7f172626764546c2a49403ee52a4a6779724a202367
Writing manifest to image destination
[linux/amd64] [2/3] STEP 2/11: WORKDIR /opt/app-root
--> Using cache 3cec27160771f62f005ada8116e7b9de5fb43ccce71f22fcd7cd65c1dfe7da23
--> 3cec27160771
[linux/amd64] [2/3] STEP 3/11: COPY Makefile Makefile
--> Using cache 4b5aba52936a7a461f2d9fb250aaaac868d1b31d677d9cba1fc6a1582c7c4552
--> 4b5aba52936a
[linux/amd64] [2/3] STEP 4/11: COPY go.mod go.mod
--> 17584e8fa8f8
[linux/amd64] [2/3] STEP 5/11: COPY go.sum go.sum
--> f0f8130cd802
[linux/amd64] [2/3] STEP 6/11: RUN go mod download
Go compliance shim [1] [rhel-9-golang-1.25][openshift-golang-builder]: assessment: CGO_ENABLED=1
Go compliance shim [1] [rhel-9-golang-1.25][openshift-golang-builder]: assessment: dynamic linking
Go compliance shim [1] [rhel-9-golang-1.25][openshift-golang-builder]: skipping forced compliance due to broad exemption
Go compliance shim [1] [rhel-9-golang-1.25][openshift-golang-builder]: EXEMPT: 1


Go compliance shim [1] [rhel-9-golang-1.25][openshift-golang-builder]: final command line arguments: "mod" "download" 

Go compliance shim [1] [rhel-9-golang-1.25][openshift-golang-builder]: invoking real go binary
Go compliance shim [1] [rhel-9-golang-1.25][openshift-golang-builder]: Exited with: 0
--> d6e5c57a98bd
[linux/amd64] [2/3] STEP 7/11: COPY cmd/ cmd/
--> 05f04af49c39
[linux/amd64] [2/3] STEP 8/11: COPY pkg/ pkg/
--> 5e38f2d208a0
[linux/amd64] [2/3] STEP 9/11: ENV GOEXPERIMENT=strictfipsruntime
--> 6ca39e9a863e
[linux/amd64] [2/3] STEP 10/11: ENV CGO_ENABLED=1
--> 779f4ef8fd47
[linux/amd64] [2/3] STEP 11/11: RUN make build-backend BUILD_OPTS="-tags strictfipsruntime"
go build -tags strictfipsruntime -o plugin-backend -mod=readonly cmd/plugin-backend.go
Go compliance shim [2] [rhel-9-golang-1.25][openshift-golang-builder]: assessment: CGO_ENABLED=1
Go compliance shim [2] [rhel-9-golang-1.25][openshift-golang-builder]: assessment: dynamic linking
Go compliance shim [2] [rhel-9-golang-1.25][openshift-golang-builder]: skipping forced compliance due to broad exemption
Go compliance shim [2] [rhel-9-golang-1.25][openshift-golang-builder]: EXEMPT: 1


Go compliance shim [2] [rhel-9-golang-1.25][openshift-golang-builder]: final command line arguments: "build" "-tags" "strictfipsruntime" "-o" "plugin-backend" "-mod=readonly" "cmd/plugin-backend.go" 

Go compliance shim [2] [rhel-9-golang-1.25][openshift-golang-builder]: invoking real go binary
Go compliance shim [2] [rhel-9-golang-1.25][openshift-golang-builder]: Exited with: 0
--> c85c72ec097a
[linux/arm64] [3/3] STEP 1/4: FROM registry.access.redhat.com/ubi9/ubi-minimal
Trying to pull registry.access.redhat.com/ubi9/ubi-minimal:latest...
Getting image source signatures
Checking if image destination supports signatures
Copying blob sha256:7db43598c7e47cf895f880f92e3cee9c07787091c97802ea3f2bea8fa4848040
Copying config sha256:64826a3b202499f826f4af0dc0afdbd7fd6681218074b7ea7ed3969c6e12009e
Writing manifest to image destination
Storing signatures
[linux/arm64] [3/3] STEP 2/4: COPY --from=web-builder /opt/app-root/web/dist /opt/app-root/web/dist
--> bca129817aa6
[linux/arm64] [3/3] STEP 3/4: COPY --from=go-builder /opt/app-root/plugin-backend /opt/app-root
--> 0bf74b9d9821
[linux/arm64] [3/3] STEP 4/4: ENTRYPOINT ["/opt/app-root/plugin-backend", "-static-path", "/opt/app-root/web/dist", "-config-path", "/opt/app-root/web/dist"]
[linux/arm64] [3/3] COMMIT
--> 871d52eaf3e9
[linux/amd64] [3/3] STEP 1/4: FROM registry.access.redhat.com/ubi9/ubi-minimal
871d52eaf3e9b7f25c3a86e65dff93dd8708935a812b385d041b45b00d1065e3
Trying to pull registry.access.redhat.com/ubi9/ubi-minimal:latest...
Getting image source signatures
Checking if image destination supports signatures
Copying blob sha256:dd148063a98f38d63a03cea2357d237d418889b91f204f507c033c944e443f45
Copying config sha256:6efa28c44703806c7c6ccb45ef6f4edc45ae794e0c0b28a1902cc64fece71ffc
Writing manifest to image destination
Storing signatures
[linux/amd64] [3/3] STEP 2/4: COPY --from=web-builder /opt/app-root/web/dist /opt/app-root/web/dist
--> 7f08884e3c34
[linux/amd64] [3/3] STEP 3/4: COPY --from=go-builder /opt/app-root/plugin-backend /opt/app-root
--> 3fdf716f0cc9
[linux/amd64] [3/3] STEP 4/4: ENTRYPOINT ["/opt/app-root/plugin-backend", "-static-path", "/opt/app-root/web/dist", "-config-path", "/opt/app-root/web/dist"]
[linux/amd64] [3/3] COMMIT
--> e8f85d58fc0e
e8f85d58fc0efdfba4c132f0ef7fef0859630d1c6c06ea18f3de4d2e19724a72
podman manifest push quay.io/rh-ee-emurasak/distributed-tracing-console-plugin:v0.4.3
Getting image list signatures
Copying 2 images generated from 2 images in list
Copying image sha256:017b881fdf6a5028aaa719bb2baa50410415400313629b5c899e158db903f75a (1/2)
Getting image source signatures
Copying blob sha256:8995ee04f3583542f9d72c7410bee003bd5d0b73ef94abbea5a9329d6a1f014b
Copying blob sha256:87ffd1222d3aba6da5d67bbd7ef9cecba3a3830806163e678ae01cc57cd03d5e
Copying blob sha256:24da00118b3cdee3cf7338113f19829d06fad0f372da489321725a3b3d381410
Copying config sha256:871d52eaf3e9b7f25c3a86e65dff93dd8708935a812b385d041b45b00d1065e3
Writing manifest to image destination
Copying image sha256:a88625c1be57cd4b84a84da82ebf994d2ffc96f832d1165674599644cf686791 (2/2)
Getting image source signatures
Copying blob sha256:778ea52a0485f254fbb53e7883153aa431ef10f47141b7d9ca1754be9235f1b9
Copying blob sha256:fc619adba729ec24fef75235acd9b59c5e52bdef3e16a3803a6e9e3022ba748b
Copying blob sha256:6a938d97ea27b55eb8a79440f2d3685235b1f6c549ee6419a5a6316f767f45b6
Copying config sha256:e8f85d58fc0efdfba4c132f0ef7fef0859630d1c6c06ea18f3de4d2e19724a72
Writing manifest to image destination
Writing manifest list to image destination
Storing list signatures
==========================================
Building logging-view-plugin @ release-coo-ocp-4.15 with VERSION=v6.1.6 ORG=rh-ee-emurasak
==========================================
Switched to branch 'release-coo-ocp-4.15'
Your branch is up to date with 'origin/release-coo-ocp-4.15'.
From https://github.com/openshift/logging-view-plugin
 * branch            release-coo-ocp-4.15 -> FETCH_HEAD
Already up to date.
--- Attempt 1/3 ---
podman manifest rm quay.io/rh-ee-emurasak/logging-view-plugin:latest || true
Error: quay.io/rh-ee-emurasak/logging-view-plugin:latest: image not known
podman manifest create quay.io/rh-ee-emurasak/logging-view-plugin:latest
acf9d8deb21984eba3cac9110610d2ad9615c9e7b684f91c0745fcc41eff00bc
podman build --platform=linux/arm64,linux/amd64 --manifest quay.io/rh-ee-emurasak/logging-view-plugin:latest -f Dockerfile
[linux/arm64] [1/3] STEP 1/9: FROM registry.redhat.io/ubi9/nodejs-22:latest AS web-builder
Trying to pull registry.redhat.io/ubi9/nodejs-22:latest...
Getting image source signatures
Checking if image destination supports signatures
Copying blob sha256:8cc4364173e08b740ee39103f76581907e7a0eaa07260aeb6afbbebb8dde106e
Copying blob sha256:6c68ec2cb8914dd7cd64b186ef8674ae644c890fcae14edf9a3b33fde3a76cce
Copying blob sha256:98245caf86240da0764634e4873f8d78498df819a738bee6e752ffc1dc9be497
Copying config sha256:bceceabd26d12d7ba9de7f0aad51a65d5ae092bd1ae800eb7bad9330a6a05b8e
Writing manifest to image destination
Storing signatures
[linux/arm64] [1/3] STEP 2/9: WORKDIR /opt/app-root
--> ea32d62a2847
[linux/arm64] [1/3] STEP 3/9: USER 0
--> e547dead689f
[linux/arm64] [1/3] STEP 4/9: ENV HUSKY=0
--> 13503f311860
[linux/arm64] [1/3] STEP 5/9: COPY web/package*.json web/
--> 5312f81711ed
[linux/arm64] [1/3] STEP 6/9: COPY Makefile Makefile
--> 22684a4006af
[linux/arm64] [1/3] STEP 7/9: RUN make install-frontend-ci-clean
cd web && npm ci --omit=optional --ignore-scripts

added 1523 packages, and audited 1524 packages in 35s

265 packages are looking for funding
  run `npm fund` for details

34 vulnerabilities (21 moderate, 12 high, 1 critical)

To address issues that do not require attention, run:
  npm audit fix

To address all issues (including breaking changes), run:
  npm audit fix --force

Run `npm audit` for details.
cd web && npm cache clean --force
npm warn using --force Recommended protections disabled.
--> 9c51aa197107
[linux/arm64] [1/3] STEP 8/9: COPY web/ web/
--> 396e64526d5b
[linux/arm64] [1/3] STEP 9/9: RUN make build-frontend
cd web && npm run build

> logging-view-plugin@6.1.0 build
> npm run clean && NODE_ENV=production npm run ts-node node_modules/.bin/webpack


> logging-view-plugin@6.1.0 clean
> rm -rf dist


> logging-view-plugin@6.1.0 ts-node
> ts-node -O '{"module":"commonjs"}' node_modules/.bin/webpack

assets by path *.js 4.83 MiB
  assets by chunk 2.69 MiB (id hint: vendors)
    assets by status 1.83 MiB [big]
      asset 9012-chunk-baaae8eb1415a60454d4.min.js 1.12 MiB [emitted] [immutable] [big] (id hint: vendors) 1 related asset
      asset 573-chunk-6751882185f4ace03f14.min.js 462 KiB [emitted] [immutable] [big] (id hint: vendors) 1 related asset
      asset 9123-chunk-7c59f766bf5aed38d7e4.min.js 266 KiB [emitted] [immutable] [big] (id hint: vendors) 1 related asset
    + 9 assets
  + 81 assets
asset locales/en/plugin__logging-view-plugin.json 10.4 KiB [emitted] [from: ../locales/en/plugin__logging-view-plugin.json] [copied]
asset plugin-manifest.json 1.92 KiB [emitted]
orphan modules 2.72 MiB [orphan] 1566 modules
runtime modules 37.2 KiB 14 modules
built modules 2.95 MiB (javascript) 1.72 KiB (consume-shared) 1.56 KiB (share-init) [built]
  modules by path ../node_modules/ 2.65 MiB 431 modules
  modules by path ./ 306 KiB 48 modules
  consume-shared-module modules 1.72 KiB
    modules by path consume shared module (default) @patternfly/react-core/dist/dynamic/ 1.23 KiB 30 modules
    modules by path consume shared module (default) @patternfly/react-icons/dist/dynamic/icons/ 294 bytes 7 modules
    + 5 modules
  provide-module modules 1.56 KiB
    modules by path provide shared module (default) @patternfly/react-core/dist/dynamic/ 1.23 KiB 30 modules
    modules by path provide shared module (default) @patternfly/react-icons/dist/dynamic/icons/ 294 bytes 7 modules
    provide shared module (default) @patternfly/react-table/dist/dynamic/components/...(truncated) 42 bytes [built] [code generated]
  container entry 42 bytes [built] [code generated]

WARNING in asset size limit: The following asset(s) exceed the recommended size limit (244 KiB).
This can impact web performance.
Assets: 
  9123-chunk-7c59f766bf5aed38d7e4.min.js (266 KiB)
  9012-chunk-baaae8eb1415a60454d4.min.js (1.12 MiB)
  573-chunk-6751882185f4ace03f14.min.js (462 KiB)

webpack 5.105.3 compiled with 1 warning in 38908 ms
--> 81ff039d391a
[linux/arm64] [2/3] STEP 1/12: FROM brew.registry.redhat.io/rh-osbs/openshift-golang-builder:rhel_9_1.24 AS go-builder
Trying to pull brew.registry.redhat.io/rh-osbs/openshift-golang-builder:rhel_9_1.24...
Getting image source signatures
Copying blob sha256:0b3425962862e4c28bb2a8c620101947643235ac8ec98ebf4dd6948f79db8178
Copying blob sha256:65442b90c1456946b65a513148c3e504c3e1ae3889d427d5b4526ba9cec3ea0e
Copying config sha256:6b75237990fc7d8f0d9c2ac0d8181360163689361a8fa8d7ae3709b82f0e5e4e
Writing manifest to image destination
[linux/arm64] [2/3] STEP 2/12: WORKDIR /opt/app-root
--> aea9d94c2242
[linux/arm64] [2/3] STEP 3/12: COPY Makefile Makefile
--> 0d04e0194a0c
[linux/arm64] [2/3] STEP 4/12: COPY go.mod go.mod
--> 1c7db77be717
[linux/arm64] [2/3] STEP 5/12: COPY go.sum go.sum
--> 3cb6f900775f
[linux/arm64] [2/3] STEP 6/12: RUN make install-backend
go mod download
Go compliance shim [2] [rhel-9-golang-1.24][openshift-golang-builder]: assessment: CGO_ENABLED=1
Go compliance shim [2] [rhel-9-golang-1.24][openshift-golang-builder]: assessment: dynamic linking
Go compliance shim [2] [rhel-9-golang-1.24][openshift-golang-builder]: skipping forced compliance due to broad exemption
Go compliance shim [2] [rhel-9-golang-1.24][openshift-golang-builder]: EXEMPT: 1


Go compliance shim [2] [rhel-9-golang-1.24][openshift-golang-builder]: final command line arguments: "mod" "download" 

Go compliance shim [2] [rhel-9-golang-1.24][openshift-golang-builder]: invoking real go binary
Go compliance shim [2] [rhel-9-golang-1.24][openshift-golang-builder]: Exited with: 0
--> 4ba598700a62
[linux/arm64] [2/3] STEP 7/12: COPY config/ config/
--> d9a7a53c66af
[linux/arm64] [2/3] STEP 8/12: COPY cmd/ cmd/
--> 79111d1f9037
[linux/arm64] [2/3] STEP 9/12: COPY pkg/ pkg/
--> 014a32a03042
[linux/arm64] [2/3] STEP 10/12: ENV GOEXPERIMENT=strictfipsruntime
--> b2f39ed909c6
[linux/arm64] [2/3] STEP 11/12: ENV CGO_ENABLED=1
--> 1a6d99496398
[linux/arm64] [2/3] STEP 12/12: RUN make build-backend BUILD_OPTS="-tags strictfipsruntime"
go build -tags strictfipsruntime -mod=readonly -o plugin-backend cmd/plugin-backend.go
Go compliance shim [2] [rhel-9-golang-1.24][openshift-golang-builder]: assessment: CGO_ENABLED=1
Go compliance shim [2] [rhel-9-golang-1.24][openshift-golang-builder]: assessment: dynamic linking
Go compliance shim [2] [rhel-9-golang-1.24][openshift-golang-builder]: skipping forced compliance due to broad exemption
Go compliance shim [2] [rhel-9-golang-1.24][openshift-golang-builder]: EXEMPT: 1


Go compliance shim [2] [rhel-9-golang-1.24][openshift-golang-builder]: final command line arguments: "build" "-tags" "strictfipsruntime" "-mod=readonly" "-o" "plugin-backend" "cmd/plugin-backend.go" 

Go compliance shim [2] [rhel-9-golang-1.24][openshift-golang-builder]: invoking real go binary
Go compliance shim [2] [rhel-9-golang-1.24][openshift-golang-builder]: Exited with: 0
--> b6171b8b824b
[linux/amd64] [1/3] STEP 1/9: FROM registry.redhat.io/ubi9/nodejs-22:latest AS web-builder
Trying to pull registry.redhat.io/ubi9/nodejs-22:latest...
Getting image source signatures
Checking if image destination supports signatures
Copying blob sha256:669ecfdf872e83fa8f88dbdbe9b75f628fb72b9210cbdcce7ea0f449a74cac9e
Copying blob sha256:9a785c83dc42af66688cf5d3dd8e0500ce65bad5a679b45744d62c2fffbb60d8
Copying blob sha256:1c3800ac7d8629ddf73a031732f867dbc0c46d5a7dd1f70c0656c2e6e351e3aa
Copying config sha256:7ff8c7d7ce9b0c742c2379ee8b8206279c959b199e0e12bd8d486ef717c6da23
Writing manifest to image destination
Storing signatures
[linux/amd64] [1/3] STEP 2/9: WORKDIR /opt/app-root
--> 8e5151ef23e4
[linux/amd64] [1/3] STEP 3/9: USER 0
--> 6ff5dfbc5a35
[linux/amd64] [1/3] STEP 4/9: ENV HUSKY=0
--> 9eee59c09681
[linux/amd64] [1/3] STEP 5/9: COPY web/package*.json web/
--> faa175b43e71
[linux/amd64] [1/3] STEP 6/9: COPY Makefile Makefile
--> ebdede763a77
[linux/amd64] [1/3] STEP 7/9: RUN make install-frontend-ci-clean
cd web && npm ci --omit=optional --ignore-scripts

added 1523 packages, and audited 1524 packages in 52s

265 packages are looking for funding
  run `npm fund` for details

34 vulnerabilities (21 moderate, 12 high, 1 critical)

To address issues that do not require attention, run:
  npm audit fix

To address all issues (including breaking changes), run:
  npm audit fix --force

Run `npm audit` for details.
cd web && npm cache clean --force
npm warn using --force Recommended protections disabled.
--> 8b7db61dc6f7
[linux/amd64] [1/3] STEP 8/9: COPY web/ web/
--> fad4f05276d5
[linux/amd64] [1/3] STEP 9/9: RUN make build-frontend
cd web && npm run build

> logging-view-plugin@6.1.0 build
> npm run clean && NODE_ENV=production npm run ts-node node_modules/.bin/webpack


> logging-view-plugin@6.1.0 clean
> rm -rf dist


> logging-view-plugin@6.1.0 ts-node
> ts-node -O '{"module":"commonjs"}' node_modules/.bin/webpack

assets by path *.js 4.83 MiB
  assets by chunk 2.69 MiB (id hint: vendors)
    assets by status 1.83 MiB [big]
      asset 9012-chunk-baaae8eb1415a60454d4.min.js 1.12 MiB [emitted] [immutable] [big] (id hint: vendors) 1 related asset
      asset 573-chunk-6751882185f4ace03f14.min.js 462 KiB [emitted] [immutable] [big] (id hint: vendors) 1 related asset
      asset 9123-chunk-7c59f766bf5aed38d7e4.min.js 266 KiB [emitted] [immutable] [big] (id hint: vendors) 1 related asset
    + 9 assets
  + 81 assets
asset locales/en/plugin__logging-view-plugin.json 10.4 KiB [emitted] [from: ../locales/en/plugin__logging-view-plugin.json] [copied]
asset plugin-manifest.json 1.92 KiB [emitted]
orphan modules 2.72 MiB [orphan] 1566 modules
runtime modules 37.2 KiB 14 modules
built modules 2.95 MiB (javascript) 1.72 KiB (consume-shared) 1.56 KiB (share-init) [built]
  modules by path ../node_modules/ 2.65 MiB 431 modules
  modules by path ./ 306 KiB 48 modules
  consume-shared-module modules 1.72 KiB
    modules by path consume shared module (default) @patternfly/react-core/dist/dynamic/ 1.23 KiB 30 modules
    modules by path consume shared module (default) @patternfly/react-icons/dist/dynamic/icons/ 294 bytes 7 modules
    + 5 modules
  provide-module modules 1.56 KiB
    modules by path provide shared module (default) @patternfly/react-core/dist/dynamic/ 1.23 KiB 30 modules
    modules by path provide shared module (default) @patternfly/react-icons/dist/dynamic/icons/ 294 bytes 7 modules
    provide shared module (default) @patternfly/react-table/dist/dynamic/components/...(truncated) 42 bytes [built] [code generated]
  container entry 42 bytes [built] [code generated]

WARNING in asset size limit: The following asset(s) exceed the recommended size limit (244 KiB).
This can impact web performance.
Assets: 
  9123-chunk-7c59f766bf5aed38d7e4.min.js (266 KiB)
  9012-chunk-baaae8eb1415a60454d4.min.js (1.12 MiB)
  573-chunk-6751882185f4ace03f14.min.js (462 KiB)

webpack 5.105.3 compiled with 1 warning in 65794 ms
--> 88459650270a
[linux/arm64] [3/3] STEP 1/5: FROM registry.redhat.io/rhel9-4-els/rhel:9.4
Trying to pull registry.redhat.io/rhel9-4-els/rhel:9.4...
Getting image source signatures
Checking if image destination supports signatures
Copying blob sha256:79500177a417e8e03b63a0893e7e6b03f94ac7a605be761a51e28f082a16087f
Copying config sha256:62846c379ae900d8abe0855310d3d4e7ca7b0b21cc231d45bdfe5a0044988475
Writing manifest to image destination
Storing signatures
[linux/arm64] [3/3] STEP 2/5: COPY --from=web-builder /opt/app-root/web/dist /opt/app-root/web/dist
--> e720b98ab223
[linux/arm64] [3/3] STEP 3/5: COPY --from=go-builder /opt/app-root/plugin-backend /opt/app-root
--> a279bb66ef25
[linux/arm64] [3/3] STEP 4/5: COPY --from=go-builder /opt/app-root/config /opt/app-root/config
--> dbd75b7811b9
[linux/arm64] [3/3] STEP 5/5: ENTRYPOINT ["/opt/app-root/plugin-backend", "-config-path", "/opt/app-root/config", "-static-path", "/opt/app-root/web/dist"]
[linux/arm64] [3/3] COMMIT
--> a98f3e4d13fe
[linux/amd64] [2/3] STEP 1/12: FROM brew.registry.redhat.io/rh-osbs/openshift-golang-builder:rhel_9_1.24 AS go-builder
a98f3e4d13fe13a275ecfd15fc851a06fc4475198ca5e13c98ebc7dc5ede7ef9
Trying to pull brew.registry.redhat.io/rh-osbs/openshift-golang-builder:rhel_9_1.24...
Getting image source signatures
Copying blob sha256:e2e2fd836dcf8c102bc7bdec3fa60ccac6c08515308f3a3fd42a61dbecea6239
Copying blob sha256:5e09f8650bc245176f116be7bf617e9ebbda9f1690adc8f25ef8cc558cd62fbf
Copying config sha256:4110829d2ea57e0eeded3bd6d60857e756e7c4076501cd57b752f0411b653164
Writing manifest to image destination
[linux/amd64] [2/3] STEP 2/12: WORKDIR /opt/app-root
--> 7deb3efd4e58
[linux/amd64] [2/3] STEP 3/12: COPY Makefile Makefile
--> 597b634d9448
[linux/amd64] [2/3] STEP 4/12: COPY go.mod go.mod
--> 4a3c233b71a6
[linux/amd64] [2/3] STEP 5/12: COPY go.sum go.sum
--> b78a3cf277e9
[linux/amd64] [2/3] STEP 6/12: RUN make install-backend
go mod download
Go compliance shim [2] [rhel-9-golang-1.24][openshift-golang-builder]: assessment: CGO_ENABLED=1
Go compliance shim [2] [rhel-9-golang-1.24][openshift-golang-builder]: assessment: dynamic linking
Go compliance shim [2] [rhel-9-golang-1.24][openshift-golang-builder]: skipping forced compliance due to broad exemption
Go compliance shim [2] [rhel-9-golang-1.24][openshift-golang-builder]: EXEMPT: 1


Go compliance shim [2] [rhel-9-golang-1.24][openshift-golang-builder]: final command line arguments: "mod" "download" 

Go compliance shim [2] [rhel-9-golang-1.24][openshift-golang-builder]: invoking real go binary
Go compliance shim [2] [rhel-9-golang-1.24][openshift-golang-builder]: Exited with: 0
--> baf33363b8ad
[linux/amd64] [2/3] STEP 7/12: COPY config/ config/
--> 047b9690271e
[linux/amd64] [2/3] STEP 8/12: COPY cmd/ cmd/
--> 2d5340233f4a
[linux/amd64] [2/3] STEP 9/12: COPY pkg/ pkg/
--> 7d99602d586a
[linux/amd64] [2/3] STEP 10/12: ENV GOEXPERIMENT=strictfipsruntime
--> 751b90a002a0
[linux/amd64] [2/3] STEP 11/12: ENV CGO_ENABLED=1
--> 4fb79bf47bcc
[linux/amd64] [2/3] STEP 12/12: RUN make build-backend BUILD_OPTS="-tags strictfipsruntime"
go build -tags strictfipsruntime -mod=readonly -o plugin-backend cmd/plugin-backend.go
Go compliance shim [2] [rhel-9-golang-1.24][openshift-golang-builder]: assessment: CGO_ENABLED=1
Go compliance shim [2] [rhel-9-golang-1.24][openshift-golang-builder]: assessment: dynamic linking
Go compliance shim [2] [rhel-9-golang-1.24][openshift-golang-builder]: skipping forced compliance due to broad exemption
Go compliance shim [2] [rhel-9-golang-1.24][openshift-golang-builder]: EXEMPT: 1


Go compliance shim [2] [rhel-9-golang-1.24][openshift-golang-builder]: final command line arguments: "build" "-tags" "strictfipsruntime" "-mod=readonly" "-o" "plugin-backend" "cmd/plugin-backend.go" 

Go compliance shim [2] [rhel-9-golang-1.24][openshift-golang-builder]: invoking real go binary
Go compliance shim [2] [rhel-9-golang-1.24][openshift-golang-builder]: Exited with: 0
--> 40b71af3acc1
[linux/amd64] [3/3] STEP 1/5: FROM registry.redhat.io/rhel9-4-els/rhel:9.4
Trying to pull registry.redhat.io/rhel9-4-els/rhel:9.4...
Getting image source signatures
Checking if image destination supports signatures
Copying blob sha256:9e5082548d869f2944301a153c8568183a38cf0df310a3fb0b2daf2af3b5f841
Copying config sha256:77849b1a77e7859a392840d43bed01557ec82ac0c2ac4283d962deec354ceee6
Writing manifest to image destination
Storing signatures
[linux/amd64] [3/3] STEP 2/5: COPY --from=web-builder /opt/app-root/web/dist /opt/app-root/web/dist
--> 0443956e1526
[linux/amd64] [3/3] STEP 3/5: COPY --from=go-builder /opt/app-root/plugin-backend /opt/app-root
--> 20059d0d4135
[linux/amd64] [3/3] STEP 4/5: COPY --from=go-builder /opt/app-root/config /opt/app-root/config
--> ae3b93a9c76f
[linux/amd64] [3/3] STEP 5/5: ENTRYPOINT ["/opt/app-root/plugin-backend", "-config-path", "/opt/app-root/config", "-static-path", "/opt/app-root/web/dist"]
[linux/amd64] [3/3] COMMIT
--> 6e49e3b5a127
6e49e3b5a1278117daa5b31400ee60dd6283c7986505b1318ffb1e0659077503
podman manifest push quay.io/rh-ee-emurasak/logging-view-plugin:latest
Getting image list signatures
Copying 2 images generated from 2 images in list
Copying image sha256:c3426b2a233b4a4c6724638208d99cfa7f0312f2a7becbb3510424ab72d082d6 (1/2)
Getting image source signatures
Copying blob sha256:1748512c43f66154caa0ec9b69b6fa4d9adf9b94c97f68724b134f357d040e68
Copying blob sha256:abdb8cc72e3424e4355a57b5eaf69a820fc9a93b5ef3124d51f184bbf887b049
Copying blob sha256:2026eb098e5383b689882ff47a002d6c83f500b4ed31ffa2f936f6a3ce620f3e
Copying blob sha256:fc80dc246a455bf72d7eccfa9d143ed8b62f932827bfe76c353eb6eda9d8f363
Copying config sha256:a98f3e4d13fe13a275ecfd15fc851a06fc4475198ca5e13c98ebc7dc5ede7ef9
Writing manifest to image destination
Copying image sha256:78c7c71c7585bd24fd79c247f2b9735643b9c6d29a1e0492c70d222ad2802e3f (2/2)
Getting image source signatures
Copying blob sha256:3c13af60950e80a3523e828dd0a8ec10e3bb296d088ee9ce885b430c6ffd07e5
Copying blob sha256:74ea6a5315ac2a0a27a1e4e6f87703374739fbd596e872724a21ab09c6bdf5dd
Copying blob sha256:2b01a987a67549251900be1a979c755cb474e4536bf509d38fb2efc5823e49d3
Copying blob sha256:dc05e04bf28cdef4817486d0c8b9b851e818484697225528f40fc453eb52a8f7
Copying config sha256:6e49e3b5a1278117daa5b31400ee60dd6283c7986505b1318ffb1e0659077503
Writing manifest to image destination
Writing manifest list to image destination
Storing list signatures
==========================================
Building monitoring-plugin @ release-coo-ocp-4.15 with VERSION=v0.4.5 ORG=rh-ee-emurasak
==========================================
Switched to branch 'release-coo-ocp-4.15'
Your branch is up to date with 'origin/release-coo-ocp-4.15'.
From https://github.com/openshift/monitoring-plugin
 * branch            release-coo-ocp-4.15 -> FETCH_HEAD
Already up to date.
--- Attempt 1/3 ---
podman manifest rm quay.io/rh-ee-emurasak/monitoring-console-plugin:v0.4.5 || true
Error: quay.io/rh-ee-emurasak/monitoring-console-plugin:v0.4.5: image not known
podman manifest create quay.io/rh-ee-emurasak/monitoring-console-plugin:v0.4.5
b62a17a0b78d8bd68164d128ee6d390ff72b4305d24d7918bbc8cc9b53a4f6b1
podman build --platform linux/arm64,linux/amd64 --manifest quay.io/rh-ee-emurasak/monitoring-console-plugin:v0.4.5 -f Dockerfile.mcp
[linux/arm64] [1/3] STEP 1/11: FROM registry.redhat.io/ubi9/nodejs-20:1-59 AS web-builder
Trying to pull registry.redhat.io/ubi9/nodejs-20:1-59...
Getting image source signatures
Checking if image destination supports signatures
Copying blob sha256:5fa3c2b243a50b3675f35932b5f4935ef65e57cddc5d4cc7ba71679269790399
Copying blob sha256:d4500cc116c35b566fa0da2cbf5b660ba4a46baf1e10af00895c93ff462305ac
Copying blob sha256:64e1bf5bb696db82701f92056c4296537d0cad1564e1e6b21d12ef94672e2151
Copying config sha256:ef61de170c3517e89e80b8172fe30f7250c126c0ca6111ac7e1ef476d74208f7
Writing manifest to image destination
Storing signatures
[linux/arm64] [1/3] STEP 2/11: USER 0
--> d6f7bb729b86
[linux/arm64] [1/3] STEP 3/11: WORKDIR /opt/app-root
--> 88d4b77c6bb9
[linux/arm64] [1/3] STEP 4/11: ENV HUSKY=0
--> c0a564ad596f
[linux/arm64] [1/3] STEP 5/11: COPY Makefile Makefile
--> 6e5ea3728dd8
[linux/arm64] [1/3] STEP 6/11: COPY scripts/update-plugin-name.sh scripts/update-plugin-name.sh
--> a9dcba3781de
[linux/arm64] [1/3] STEP 7/11: COPY web/ web/
--> 18cb44cd010d
[linux/arm64] [1/3] STEP 8/11: RUN make update-plugin-name
./scripts/update-plugin-name.sh
--> 9dd0a1277809
[linux/arm64] [1/3] STEP 9/11: ENV I18N_NAMESPACE="plugin__monitoring-console-plugin"
--> 6371e06fd516
[linux/arm64] [1/3] STEP 10/11: RUN make install-frontend
cd web && npm install
npm warn EBADENGINE Unsupported engine {
npm warn EBADENGINE   package: 'undici@7.24.7',
npm warn EBADENGINE   required: { node: '>=20.18.1' },
npm warn EBADENGINE   current: { node: 'v20.16.0', npm: '10.8.1' }
npm warn EBADENGINE }
npm warn EBADENGINE Unsupported engine {
npm warn EBADENGINE   package: 'cheerio@1.1.2',
npm warn EBADENGINE   required: { node: '>=20.18.1' },
npm warn EBADENGINE   current: { node: 'v20.16.0', npm: '10.8.1' }
npm warn EBADENGINE }
npm warn EBADENGINE Unsupported engine {
npm warn EBADENGINE   package: 'undici@7.25.0',
npm warn EBADENGINE   required: { node: '>=20.18.1' },
npm warn EBADENGINE   current: { node: 'v20.16.0', npm: '10.8.1' }
npm warn EBADENGINE }
npm warn deprecated rimraf@3.0.2: Rimraf versions prior to v4 are no longer supported
npm warn deprecated inflight@1.0.6: This module is not supported, and leaks memory. Do not use it. Check out lru-cache if you want a good and tested way to coalesce async requests by a key value, which is much more comprehensive and powerful.
npm warn deprecated i18next-parser@9.4.0: Project is deprecated, use i18next-cli instead
npm warn deprecated glob@7.2.3: Glob versions prior to v9 are no longer supported
npm warn deprecated eslint@8.44.0: This version is no longer supported. Please see https://eslint.org/version-support for other options.
npm warn deprecated @types/webpack-dev-server@4.7.2: This is a stub types definition. webpack-dev-server provides its own type definitions, so you do not need this installed.
npm warn deprecated @humanwhocodes/config-array@0.11.14: Use @eslint/config-array instead
npm warn deprecated @humanwhocodes/object-schema@2.0.3: Use @eslint/object-schema instead
npm warn deprecated glob@10.5.0: Old versions of glob are not supported, and contain widely publicized security vulnerabilities, which have been fixed in the current version. Please update. Support for old versions may be purchased (at exorbitant rates) by contacting i@izs.me

> monitoring-console-plugin@0.4.0 prepare
> cd .. && husky install web/.husky

husky - HUSKY env variable is set to 0, skipping install

added 1395 packages, and audited 1396 packages in 2m

285 packages are looking for funding
  run `npm fund` for details

26 vulnerabilities (1 low, 23 moderate, 2 high)

To address issues that do not require attention, run:
  npm audit fix

To address all issues (including breaking changes), run:
  npm audit fix --force

Run `npm audit` for details.
npm notice
npm notice New major version of npm available! 10.8.1 -> 11.16.0
npm notice Changelog: https://github.com/npm/cli/releases/tag/v11.16.0
npm notice To update run: npm install -g npm@11.16.0
npm notice
--> 1ee3a765a0cc
[linux/arm64] [1/3] STEP 11/11: RUN make build-frontend
cd web && npm run build

> monitoring-console-plugin@0.4.0 build
> npm run clean && NODE_ENV=production npm run ts-node node_modules/.bin/webpack


> monitoring-console-plugin@0.4.0 clean
> rm -rf dist


> monitoring-console-plugin@0.4.0 ts-node
> ts-node -O '{"module":"commonjs"}' node_modules/.bin/webpack

DEPRECATION WARNING [legacy-js-api]: The legacy JS API is deprecated and will be removed in Dart Sass 2.0.0.

More info: https://sass-lang.com/d/legacy-js-api

DEPRECATION WARNING [legacy-js-api]: The legacy JS API is deprecated and will be removed in Dart Sass 2.0.0.

More info: https://sass-lang.com/d/legacy-js-api

DEPRECATION WARNING [legacy-js-api]: The legacy JS API is deprecated and will be removed in Dart Sass 2.0.0.

More info: https://sass-lang.com/d/legacy-js-api

DEPRECATION WARNING [legacy-js-api]: The legacy JS API is deprecated and will be removed in Dart Sass 2.0.0.

More info: https://sass-lang.com/d/legacy-js-api

DEPRECATION WARNING [legacy-js-api]: The legacy JS API is deprecated and will be removed in Dart Sass 2.0.0.

More info: https://sass-lang.com/d/legacy-js-api

assets by path *.js 9.07 MiB
  assets by chunk 8.32 MiB (id hint: vendors)
    assets by status 7.29 MiB [big] 3 assets
    + 36 assets
  + 97 assets
assets by path assets/ 1.33 MiB
  assets by chunk 1.27 MiB (auxiliary id hint: vendors) 84 assets
  asset assets/codicon..ttf 55.2 KiB [emitted] [from: components/metrics/codicon.ttf]
  asset assets/restricted-sign..svg 2.38 KiB [emitted] [from: components/console/imgs/restricted-sign.svg] (auxiliary name: exposed-MonitoringRouter)
assets by path locales/ 59.3 KiB
  asset locales/en/plugin__monitoring-console-plugin.json 18.8 KiB [emitted] [from: ../locales/en/plugin__monitoring-console-plugin.json] [copied]
  asset locales/ja/plugin__monitoring-console-plugin.json 14.9 KiB [emitted] [from: ../locales/ja/plugin__monitoring-console-plugin.json] [copied]
  asset locales/ko/plugin__monitoring-console-plugin.json 13.6 KiB [emitted] [from: ../locales/ko/plugin__monitoring-console-plugin.json] [copied]
  asset locales/zh/plugin__monitoring-console-plugin.json 11.9 KiB [emitted] [from: ../locales/zh/plugin__monitoring-console-plugin.json] [copied]
asset plugin-manifest.json 5.41 KiB [emitted]
orphan modules 20.4 MiB [orphan] 20670 modules
runtime modules 53 KiB 15 modules
built modules 17.9 MiB (javascript) 1.33 MiB (asset) 3.04 KiB (consume-shared) 2.75 KiB (share-init) [built]
  javascript modules 17.9 MiB 1641 modules
  asset modules 1.33 MiB (asset) 3.53 KiB (javascript)
    modules by path ../node_modules/ 1.27 MiB (asset) 3.45 KiB (javascript) 84 modules
    modules by path ./components/ 57.5 KiB (asset) 84 bytes (javascript) 2 modules
  consume-shared-module modules 3.04 KiB 74 modules
  provide-module modules 2.75 KiB
    modules by path provide shared module (default) @patternfly/react-core/dist/dynamic/ 1.93 KiB 47 modules
    modules by path provide shared module (default) @patternfly/react-icons/dist/dynamic/icons/ 756 bytes 18 modules
    modules by path provide shared module (default) @patternfly/react-table/dist/dynamic/components/ 84 bytes 2 modules
  ../node_modules/tlds/index.json 10.9 KiB [built] [code generated]

WARNING in asset size limit: The following asset(s) exceed the recommended size limit (244 KiB).
This can impact web performance.
Assets: 
  6966-chunk-a961092f8109ff7abdf0.min.js (2.41 MiB)
  2608-chunk-7876e82306734b18a308.min.js (4.55 MiB)
  6898-chunk-7f02beb01f61a974566c.min.js (342 KiB)

webpack 5.105.2 compiled with 1 warning in 145365 ms
--> ca1f90b6eb1c
[linux/arm64] [2/3] STEP 1/9: FROM brew.registry.redhat.io/rh-osbs/openshift-golang-builder:rhel_9_golang_1.23 AS go-builder
Trying to pull brew.registry.redhat.io/rh-osbs/openshift-golang-builder:rhel_9_golang_1.23...
Getting image source signatures
Copying blob sha256:10a820fbfa9bf553704fdab350d6257933786b946cde63407232f218a87208d0
Copying blob sha256:65442b90c1456946b65a513148c3e504c3e1ae3889d427d5b4526ba9cec3ea0e
Copying config sha256:7f90d348835f7e737efffd52afa9785160436c02c7ea5a8cf804f305ddf0c38b
Writing manifest to image destination
[linux/arm64] [2/3] STEP 2/9: WORKDIR /opt/app-root
--> b6749bdaa79a
[linux/arm64] [2/3] STEP 3/9: COPY Makefile Makefile
--> e89e55452610
[linux/arm64] [2/3] STEP 4/9: COPY go.mod go.mod
--> ee3079faa708
[linux/arm64] [2/3] STEP 5/9: COPY go.sum go.sum
--> 094432df2179
[linux/arm64] [2/3] STEP 6/9: RUN go mod download
Go compliance shim [1] [rhel-9-golang-1.23][openshift-golang-builder]: assessment: CGO_ENABLED=1
Go compliance shim [1] [rhel-9-golang-1.23][openshift-golang-builder]: assessment: dynamic linking
Go compliance shim [1] [rhel-9-golang-1.23][openshift-golang-builder]: skipping forced compliance due to broad exemption
Go compliance shim [1] [rhel-9-golang-1.23][openshift-golang-builder]: EXEMPT: 1


Go compliance shim [1] [rhel-9-golang-1.23][openshift-golang-builder]: final command line arguments: "mod" "download" 

Go compliance shim [1] [rhel-9-golang-1.23][openshift-golang-builder]: invoking real go binary
Go compliance shim [1] [rhel-9-golang-1.23][openshift-golang-builder]: Exited with: 0
--> 54e6083a57f6
[linux/arm64] [2/3] STEP 7/9: COPY cmd/ cmd/
--> 39e8f41d1c6b
[linux/arm64] [2/3] STEP 8/9: COPY pkg/ pkg/
--> 61bfd6f56959
[linux/arm64] [2/3] STEP 9/9: RUN go build -mod=mod -o plugin-backend cmd/plugin-backend.go
Go compliance shim [1] [rhel-9-golang-1.23][openshift-golang-builder]: assessment: CGO_ENABLED=1
Go compliance shim [1] [rhel-9-golang-1.23][openshift-golang-builder]: assessment: dynamic linking
Go compliance shim [1] [rhel-9-golang-1.23][openshift-golang-builder]: skipping forced compliance due to broad exemption
Go compliance shim [1] [rhel-9-golang-1.23][openshift-golang-builder]: EXEMPT: 1


Go compliance shim [1] [rhel-9-golang-1.23][openshift-golang-builder]: final command line arguments: "build" "-mod=mod" "-o" "plugin-backend" "cmd/plugin-backend.go" 

Go compliance shim [1] [rhel-9-golang-1.23][openshift-golang-builder]: invoking real go binary
Go compliance shim [1] [rhel-9-golang-1.23][openshift-golang-builder]: Exited with: 0
--> 92df5672d03f
[linux/amd64] [1/3] STEP 1/11: FROM registry.redhat.io/ubi9/nodejs-20:1-59 AS web-builder
Trying to pull registry.redhat.io/ubi9/nodejs-20:1-59...
Getting image source signatures
Checking if image destination supports signatures
Copying blob sha256:94cdc3e7c5bff42dbb2c7ea912676b1b9baaa677b8c1b514f4b7a7f719d59c6a
Copying blob sha256:f5e6502d2728ac70bea5ebf27077abc1ccfcc4b6601b93055132a1559bac5151
Copying blob sha256:617256ad76f67c02baf41a3596507347f65a9c7566960e649da610cae4da591e
Copying config sha256:7697932fa5075c88fab12d0ca95acb35c325597a68f18a7cfd25d5b158f58cea
Writing manifest to image destination
Storing signatures
[linux/amd64] [1/3] STEP 2/11: USER 0
--> fd2ab4b8d4a5
[linux/amd64] [1/3] STEP 3/11: WORKDIR /opt/app-root
--> 61489dfbd5c1
[linux/amd64] [1/3] STEP 4/11: ENV HUSKY=0
--> 427707d30b06
[linux/amd64] [1/3] STEP 5/11: COPY Makefile Makefile
--> 715c048239a1
[linux/amd64] [1/3] STEP 6/11: COPY scripts/update-plugin-name.sh scripts/update-plugin-name.sh
--> 76d8273dbb57
[linux/amd64] [1/3] STEP 7/11: COPY web/ web/
--> 75c68ff60f57
[linux/amd64] [1/3] STEP 8/11: RUN make update-plugin-name
./scripts/update-plugin-name.sh
--> 9d7e56b56748
[linux/amd64] [1/3] STEP 9/11: ENV I18N_NAMESPACE="plugin__monitoring-console-plugin"
--> fb2e909c2934
[linux/amd64] [1/3] STEP 10/11: RUN make install-frontend
cd web && npm install
npm warn EBADENGINE Unsupported engine {
npm warn EBADENGINE   package: 'undici@7.24.7',
npm warn EBADENGINE   required: { node: '>=20.18.1' },
npm warn EBADENGINE   current: { node: 'v20.16.0', npm: '10.8.1' }
npm warn EBADENGINE }
npm warn EBADENGINE Unsupported engine {
npm warn EBADENGINE   package: 'cheerio@1.1.2',
npm warn EBADENGINE   required: { node: '>=20.18.1' },
npm warn EBADENGINE   current: { node: 'v20.16.0', npm: '10.8.1' }
npm warn EBADENGINE }
npm warn EBADENGINE Unsupported engine {
npm warn EBADENGINE   package: 'undici@7.25.0',
npm warn EBADENGINE   required: { node: '>=20.18.1' },
npm warn EBADENGINE   current: { node: 'v20.16.0', npm: '10.8.1' }
npm warn EBADENGINE }
npm warn deprecated rimraf@3.0.2: Rimraf versions prior to v4 are no longer supported
npm warn deprecated inflight@1.0.6: This module is not supported, and leaks memory. Do not use it. Check out lru-cache if you want a good and tested way to coalesce async requests by a key value, which is much more comprehensive and powerful.
npm warn deprecated glob@7.2.3: Glob versions prior to v9 are no longer supported
npm warn deprecated i18next-parser@9.4.0: Project is deprecated, use i18next-cli instead
npm warn deprecated @types/webpack-dev-server@4.7.2: This is a stub types definition. webpack-dev-server provides its own type definitions, so you do not need this installed.
npm warn deprecated eslint@8.44.0: This version is no longer supported. Please see https://eslint.org/version-support for other options.
npm warn deprecated @humanwhocodes/config-array@0.11.14: Use @eslint/config-array instead
npm warn deprecated @humanwhocodes/object-schema@2.0.3: Use @eslint/object-schema instead
npm warn deprecated glob@10.5.0: Old versions of glob are not supported, and contain widely publicized security vulnerabilities, which have been fixed in the current version. Please update. Support for old versions may be purchased (at exorbitant rates) by contacting i@izs.me

> monitoring-console-plugin@0.4.0 prepare
> cd .. && husky install web/.husky

husky - HUSKY env variable is set to 0, skipping install

added 1395 packages, and audited 1396 packages in 3m

285 packages are looking for funding
  run `npm fund` for details

26 vulnerabilities (1 low, 23 moderate, 2 high)

To address issues that do not require attention, run:
  npm audit fix

To address all issues (including breaking changes), run:
  npm audit fix --force

Run `npm audit` for details.
npm notice
npm notice New major version of npm available! 10.8.1 -> 11.16.0
npm notice Changelog: https://github.com/npm/cli/releases/tag/v11.16.0
npm notice To update run: npm install -g npm@11.16.0
npm notice
--> d52599715920
[linux/amd64] [1/3] STEP 11/11: RUN make build-frontend
cd web && npm run build

> monitoring-console-plugin@0.4.0 build
> npm run clean && NODE_ENV=production npm run ts-node node_modules/.bin/webpack


> monitoring-console-plugin@0.4.0 clean
> rm -rf dist


> monitoring-console-plugin@0.4.0 ts-node
> ts-node -O '{"module":"commonjs"}' node_modules/.bin/webpack

DEPRECATION WARNING [legacy-js-api]: The legacy JS API is deprecated and will be removed in Dart Sass 2.0.0.

More info: https://sass-lang.com/d/legacy-js-api

DEPRECATION WARNING [legacy-js-api]: The legacy JS API is deprecated and will be removed in Dart Sass 2.0.0.

More info: https://sass-lang.com/d/legacy-js-api

DEPRECATION WARNING [legacy-js-api]: The legacy JS API is deprecated and will be removed in Dart Sass 2.0.0.

More info: https://sass-lang.com/d/legacy-js-api

DEPRECATION WARNING [legacy-js-api]: The legacy JS API is deprecated and will be removed in Dart Sass 2.0.0.

More info: https://sass-lang.com/d/legacy-js-api

DEPRECATION WARNING [legacy-js-api]: The legacy JS API is deprecated and will be removed in Dart Sass 2.0.0.

More info: https://sass-lang.com/d/legacy-js-api

assets by path *.js 9.07 MiB
  assets by chunk 8.32 MiB (id hint: vendors)
    assets by status 7.29 MiB [big] 3 assets
    + 36 assets
  + 97 assets
assets by path assets/ 1.33 MiB
  assets by chunk 1.27 MiB (auxiliary id hint: vendors) 84 assets
  asset assets/codicon..ttf 55.2 KiB [emitted] [from: components/metrics/codicon.ttf]
  asset assets/restricted-sign..svg 2.38 KiB [emitted] [from: components/console/imgs/restricted-sign.svg] (auxiliary name: exposed-MonitoringRouter)
assets by path locales/ 59.3 KiB
  asset locales/en/plugin__monitoring-console-plugin.json 18.8 KiB [emitted] [from: ../locales/en/plugin__monitoring-console-plugin.json] [copied]
  asset locales/ja/plugin__monitoring-console-plugin.json 14.9 KiB [emitted] [from: ../locales/ja/plugin__monitoring-console-plugin.json] [copied]
  asset locales/ko/plugin__monitoring-console-plugin.json 13.6 KiB [emitted] [from: ../locales/ko/plugin__monitoring-console-plugin.json] [copied]
  asset locales/zh/plugin__monitoring-console-plugin.json 11.9 KiB [emitted] [from: ../locales/zh/plugin__monitoring-console-plugin.json] [copied]
asset plugin-manifest.json 5.41 KiB [emitted]
orphan modules 20.4 MiB [orphan] 20670 modules
runtime modules 53 KiB 15 modules
built modules 17.9 MiB (javascript) 1.33 MiB (asset) 3.04 KiB (consume-shared) 2.75 KiB (share-init) [built]
  javascript modules 17.9 MiB 1641 modules
  asset modules 1.33 MiB (asset) 3.53 KiB (javascript)
    modules by path ../node_modules/ 1.27 MiB (asset) 3.45 KiB (javascript) 84 modules
    modules by path ./components/ 57.5 KiB (asset) 84 bytes (javascript) 2 modules
  consume-shared-module modules 3.04 KiB 74 modules
  provide-module modules 2.75 KiB
    modules by path provide shared module (default) @patternfly/react-core/dist/dynamic/ 1.93 KiB 47 modules
    modules by path provide shared module (default) @patternfly/react-icons/dist/dynamic/icons/ 756 bytes 18 modules
    modules by path provide shared module (default) @patternfly/react-table/dist/dynamic/components/ 84 bytes 2 modules
  ../node_modules/tlds/index.json 10.9 KiB [built] [code generated]

WARNING in asset size limit: The following asset(s) exceed the recommended size limit (244 KiB).
This can impact web performance.
Assets: 
  6966-chunk-a961092f8109ff7abdf0.min.js (2.41 MiB)
  2608-chunk-7876e82306734b18a308.min.js (4.55 MiB)
  6898-chunk-7f02beb01f61a974566c.min.js (342 KiB)

webpack 5.105.2 compiled with 1 warning in 213996 ms
--> d6b9bb542eac
[linux/arm64] [3/3] STEP 1/7: FROM registry.access.redhat.com/ubi9/ubi-minimal
Trying to pull registry.access.redhat.com/ubi9/ubi-minimal:latest...
Getting image source signatures
Checking if image destination supports signatures
Copying blob sha256:7db43598c7e47cf895f880f92e3cee9c07787091c97802ea3f2bea8fa4848040
Copying config sha256:64826a3b202499f826f4af0dc0afdbd7fd6681218074b7ea7ed3969c6e12009e
Writing manifest to image destination
Storing signatures
[linux/arm64] [3/3] STEP 2/7: USER 1001
--> 721251aea6cb
[linux/arm64] [3/3] STEP 3/7: COPY --from=web-builder /opt/app-root/web/dist /opt/app-root/web/dist
--> 21b5fce59d56
[linux/arm64] [3/3] STEP 4/7: COPY --from=web-builder /opt/app-root/web/package.json /opt/app-root/web/package.json
--> 9999ddf89528
[linux/arm64] [3/3] STEP 5/7: COPY --from=go-builder /opt/app-root/plugin-backend /opt/app-root
--> 853ba0d6cdbb
[linux/arm64] [3/3] STEP 6/7: COPY config/ /opt/app-root/config
--> 618876e0b5a4
[linux/arm64] [3/3] STEP 7/7: ENTRYPOINT ["/opt/app-root/plugin-backend", "-static-path", "/opt/app-root/web/dist", "-config-path", "/opt/app-root/config"]
[linux/arm64] [3/3] COMMIT
--> 609cc8bc93c7
[linux/amd64] [2/3] STEP 1/9: FROM brew.registry.redhat.io/rh-osbs/openshift-golang-builder:rhel_9_golang_1.23 AS go-builder
609cc8bc93c7526226188b26f9e2266ac42c561aac0c4795bb17e27c99300ea0
Trying to pull brew.registry.redhat.io/rh-osbs/openshift-golang-builder:rhel_9_golang_1.23...
Getting image source signatures
Copying blob sha256:41e2642345fb0cc51dd8e4e60037216de84dce6e2f39b0d82165821221e8de3b
Copying blob sha256:5e09f8650bc245176f116be7bf617e9ebbda9f1690adc8f25ef8cc558cd62fbf
Copying config sha256:f3dea12931ce061bd2c181dcd80faa7303ae748e7e7e098d3a70a0d0f58161d6
Writing manifest to image destination
[linux/amd64] [2/3] STEP 2/9: WORKDIR /opt/app-root
--> 9b830cdb734f
[linux/amd64] [2/3] STEP 3/9: COPY Makefile Makefile
--> 38f072d35153
[linux/amd64] [2/3] STEP 4/9: COPY go.mod go.mod
--> 07ff591ab309
[linux/amd64] [2/3] STEP 5/9: COPY go.sum go.sum
--> 67d962f555ed
[linux/amd64] [2/3] STEP 6/9: RUN go mod download
Go compliance shim [1] [rhel-9-golang-1.23][openshift-golang-builder]: assessment: CGO_ENABLED=1
Go compliance shim [1] [rhel-9-golang-1.23][openshift-golang-builder]: assessment: dynamic linking
Go compliance shim [1] [rhel-9-golang-1.23][openshift-golang-builder]: skipping forced compliance due to broad exemption
Go compliance shim [1] [rhel-9-golang-1.23][openshift-golang-builder]: EXEMPT: 1


Go compliance shim [1] [rhel-9-golang-1.23][openshift-golang-builder]: final command line arguments: "mod" "download" 

Go compliance shim [1] [rhel-9-golang-1.23][openshift-golang-builder]: invoking real go binary
Go compliance shim [1] [rhel-9-golang-1.23][openshift-golang-builder]: Exited with: 0
--> a61437d56c07
[linux/amd64] [2/3] STEP 7/9: COPY cmd/ cmd/
--> ccc2c1700e17
[linux/amd64] [2/3] STEP 8/9: COPY pkg/ pkg/
--> 11d4acdafd7e
[linux/amd64] [2/3] STEP 9/9: RUN go build -mod=mod -o plugin-backend cmd/plugin-backend.go
Go compliance shim [1] [rhel-9-golang-1.23][openshift-golang-builder]: assessment: CGO_ENABLED=1
Go compliance shim [1] [rhel-9-golang-1.23][openshift-golang-builder]: assessment: dynamic linking
Go compliance shim [1] [rhel-9-golang-1.23][openshift-golang-builder]: skipping forced compliance due to broad exemption
Go compliance shim [1] [rhel-9-golang-1.23][openshift-golang-builder]: EXEMPT: 1


Go compliance shim [1] [rhel-9-golang-1.23][openshift-golang-builder]: final command line arguments: "build" "-mod=mod" "-o" "plugin-backend" "cmd/plugin-backend.go" 

Go compliance shim [1] [rhel-9-golang-1.23][openshift-golang-builder]: invoking real go binary
Go compliance shim [1] [rhel-9-golang-1.23][openshift-golang-builder]: Exited with: 0
--> 64f02002fd9d
[linux/amd64] [3/3] STEP 1/7: FROM registry.access.redhat.com/ubi9/ubi-minimal
Trying to pull registry.access.redhat.com/ubi9/ubi-minimal:latest...
Getting image source signatures
Checking if image destination supports signatures
Copying blob sha256:dd148063a98f38d63a03cea2357d237d418889b91f204f507c033c944e443f45
Copying config sha256:6efa28c44703806c7c6ccb45ef6f4edc45ae794e0c0b28a1902cc64fece71ffc
Writing manifest to image destination
Storing signatures
[linux/amd64] [3/3] STEP 2/7: USER 1001
--> a05237147aef
[linux/amd64] [3/3] STEP 3/7: COPY --from=web-builder /opt/app-root/web/dist /opt/app-root/web/dist
--> 6d0d2d128c08
[linux/amd64] [3/3] STEP 4/7: COPY --from=web-builder /opt/app-root/web/package.json /opt/app-root/web/package.json
--> 18db03b6d6f2
[linux/amd64] [3/3] STEP 5/7: COPY --from=go-builder /opt/app-root/plugin-backend /opt/app-root
--> d2bd1357ea55
[linux/amd64] [3/3] STEP 6/7: COPY config/ /opt/app-root/config
--> ff4b13d3f806
[linux/amd64] [3/3] STEP 7/7: ENTRYPOINT ["/opt/app-root/plugin-backend", "-static-path", "/opt/app-root/web/dist", "-config-path", "/opt/app-root/config"]
[linux/amd64] [3/3] COMMIT
--> aac600142900
aac60014290029696bc404d28f943f0c209fc5194557c8b1dd030a48d7acb090
podman manifest push quay.io/rh-ee-emurasak/monitoring-console-plugin:v0.4.5
Getting image list signatures
Copying 2 images generated from 2 images in list
Copying image sha256:2686de9e8e7ba6ea2413da889f9f5d9c70e5d38d6384a6dfd489603a80c983e1 (1/2)
Getting image source signatures
Copying blob sha256:937c315f4e539d38c6e978e5e8e4f4ea8bf349888716ab2ba05eabebbf22be20
Copying blob sha256:1f6e1ff2f68835f444bfc98f10f267491445a213281ef76df24bff5569a4ded9
Copying blob sha256:87ffd1222d3aba6da5d67bbd7ef9cecba3a3830806163e678ae01cc57cd03d5e
Copying blob sha256:db6f2b550efd0f35e88eefe93e1692d22002590dd4dfae299de5d609ffbcee00
Copying blob sha256:7148d221baed7d7cd25c18828e3586ba08843516511b59bcbbecb455fb2fadb7
Copying config sha256:609cc8bc93c7526226188b26f9e2266ac42c561aac0c4795bb17e27c99300ea0
Writing manifest to image destination
Copying image sha256:ddfcee5376cd77eb4e2c66294f91b6041b12a91e2dd16cda711b1a9998d71f24 (2/2)
Getting image source signatures
Copying blob sha256:2cffd3c4c35cc090bde976267cd188913b2bbed19aefa607521820e1e910fed9
Copying blob sha256:fc619adba729ec24fef75235acd9b59c5e52bdef3e16a3803a6e9e3022ba748b
Copying blob sha256:330ff3ca3f4a3daa40c2b3682f9640d6b9ad0e1b1edf0e23d095cf4dd6e49b70
Copying blob sha256:afd1b778cab8b90554ca348197f126c46a86fb0077235ec35c4c7da6427df789
Copying blob sha256:6e1572b32f3b9d9de86cd0a5a9277ef327d48d26c63d918b6838b606550e8585
Copying config sha256:aac60014290029696bc404d28f943f0c209fc5194557c8b1dd030a48d7acb090
Writing manifest to image destination
Writing manifest list to image destination
Storing list signatures
==========================================
Building distributed-tracing-console-plugin @ release-coo-ocp-4.19 with VERSION=v1.0.3 ORG=rh-ee-emurasak
==========================================
Switched to branch 'release-coo-ocp-4.19'
Your branch is up to date with 'origin/release-coo-ocp-4.19'.
From https://github.com/openshift/distributed-tracing-console-plugin
 * branch            release-coo-ocp-4.19 -> FETCH_HEAD
Already up to date.
--- Attempt 1/3 ---
podman manifest rm quay.io/rh-ee-emurasak/distributed-tracing-console-plugin:v1.0.3 || true
Error: quay.io/rh-ee-emurasak/distributed-tracing-console-plugin:v1.0.3: image not known
podman manifest create quay.io/rh-ee-emurasak/distributed-tracing-console-plugin:v1.0.3
682e8a848808e0a7769c9051e7075a9a8965fa6c20bc456c9266821ca8e34f86
podman build --platform=linux/arm64,linux/amd64 --manifest quay.io/rh-ee-emurasak/distributed-tracing-console-plugin:v1.0.3 -f Dockerfile
[linux/arm64] [1/3] STEP 1/8: FROM registry.redhat.io/ubi8/nodejs-22:latest AS web-builder
Trying to pull registry.redhat.io/ubi8/nodejs-22:latest...
Getting image source signatures
Checking if image destination supports signatures
Copying blob sha256:061fa217b0881a08226357c52c1b20d8015686de5874fa61469c90f7b0f752a7
Copying blob sha256:be14e4bd5c48c79aa0c1bc73f7ad1515b7d2452caa02d5e74ad2e4fb3b70fa27
Copying blob sha256:e1de3abe41200e76a94241f1669175174b71b6f683a92b1d52ffc1ba0a8b8d0a
Copying config sha256:711ec0db03eb79f4fd84e49300b5ffcef0111fa55d5edc7b5743d0980aebb86f
Writing manifest to image destination
Storing signatures
[linux/arm64] [1/3] STEP 2/8: WORKDIR /opt/app-root
--> Using cache 6021fc743da2c270e56a41e84aa72d866c3ba57bf63917be68cd120813ed9026
--> 6021fc743da2
[linux/arm64] [1/3] STEP 3/8: USER 0
--> Using cache 332f870d7191280f6392190a04360edc9db948f0d85d754a619fa7d83cc7269f
--> 332f870d7191
[linux/arm64] [1/3] STEP 4/8: COPY web/package*.json web/
--> 58d6a18437e2
[linux/arm64] [1/3] STEP 5/8: COPY Makefile Makefile
--> 71f2faaf2829
[linux/arm64] [1/3] STEP 6/8: RUN make install-frontend-ci-clean
cd web && npm ci --ignore-scripts --omit=optional
npm warn deprecated rimraf@3.0.2: Rimraf versions prior to v4 are no longer supported
npm warn deprecated popper.js@1.16.1: You can find the new Popper v2 at @popperjs/core, this package is dedicated to the legacy v1
npm warn deprecated inflight@1.0.6: This module is not supported, and leaks memory. Do not use it. Check out lru-cache if you want a good and tested way to coalesce async requests by a key value, which is much more comprehensive and powerful.
npm warn deprecated glob@7.2.3: Glob versions prior to v9 are no longer supported
npm warn deprecated eslint@8.57.1: This version is no longer supported. Please see https://eslint.org/version-support for other options.
npm warn deprecated @humanwhocodes/object-schema@2.0.3: Use @eslint/object-schema instead
npm warn deprecated @humanwhocodes/config-array@0.13.0: Use @eslint/config-array instead
npm warn deprecated rimraf@2.7.1: Rimraf versions prior to v4 are no longer supported

added 1811 packages, and audited 1812 packages in 1m

313 packages are looking for funding
  run `npm fund` for details

25 vulnerabilities (1 low, 20 moderate, 4 high)

To address issues that do not require attention, run:
  npm audit fix

To address all issues (including breaking changes), run:
  npm audit fix --force

Run `npm audit` for details.
cd web && npm cache clean --force
npm warn using --force Recommended protections disabled.
--> ba0c20358e0c
[linux/arm64] [1/3] STEP 7/8: COPY web/ web/
--> 16c0839f5144
[linux/arm64] [1/3] STEP 8/8: RUN make build-frontend
cd web && npm run build

> distributed-tracing-console-plugin@1.0.0 build
> npm run clean && NODE_ENV=production npm run webpack


> distributed-tracing-console-plugin@1.0.0 clean
> rm -rf dist


> distributed-tracing-console-plugin@1.0.0 webpack
> node -r ts-node/register ./node_modules/.bin/webpack

assets by path assets/ 1.27 MiB
  assets by path assets/*.woff 740 KiB 42 assets
  assets by path assets/*.woff2 565 KiB
    asset assets/inter-latin-ext-600-normal..woff2 35.4 KiB [emitted] [from: ../node_modules/@fontsource/inter/files/inter-latin-ext-600-normal.woff2] (auxiliary id hint: vendors)
    asset assets/inter-latin-ext-700-normal..woff2 35.4 KiB [emitted] [from: ../node_modules/@fontsource/inter/files/inter-latin-ext-700-normal.woff2] (auxiliary id hint: vendors)
    + 40 assets
assets by path *.js 3.28 MiB
  assets by chunk 2.92 MiB (id hint: vendors)
    asset 1907-chunk-a659e32230067e72d6a9.min.js 2.61 MiB [emitted] [immutable] [minimized] [big] (id hint: vendors) 1 related asset
    asset 3864-chunk-29ef05162fade1526552.min.js 121 KiB [emitted] [immutable] [minimized] (id hint: vendors) 1 related asset
    asset 9252-chunk-7a4ebe4030b397b180f5.min.js 40.1 KiB [emitted] [immutable] [minimized] (id hint: vendors)
    + 9 assets
  + 67 assets
asset locales/en/plugin__distributed-tracing-console-plugin.json 4.29 KiB [emitted] [from: ../locales/en/plugin__distributed-tracing-console-plugin.json] [copied]
asset plugin-manifest.json 895 bytes [emitted]
orphan modules 21.9 MiB [orphan] 13317 modules
runtime modules 34.7 KiB 14 modules
built modules 10.2 MiB (javascript) 1.27 MiB (asset) 1.6 KiB (consume-shared) 1.39 KiB (share-init) [built]
  javascript modules 10.2 MiB 721 modules
  asset modules 1.27 MiB (asset) 3.45 KiB (javascript)
    modules by path ../node_modules/@fontsource/inter/files/*.woff2 565 KiB (asset) 1.72 KiB (javascript) 42 modules
    modules by path ../node_modules/@fontsource/inter/files/*.woff 740 KiB (asset) 1.72 KiB (javascript) 42 modules
  consume-shared-module modules 1.6 KiB
    modules by path consume shared module (default) @patternfly/ 1.39 KiB 34 modules
    + 5 modules
  provide-module modules 1.39 KiB
    modules by path provide shared module (default) @patternfly/react-core/dist/dynamic/ 924 bytes 22 modules
    modules by path provide shared module (default) @patternfly/react-icons/dist/dynamic/icons/ 504 bytes 12 modules

WARNING in asset size limit: The following asset(s) exceed the recommended size limit (244 KiB).
This can impact web performance.
Assets: 
  1907-chunk-a659e32230067e72d6a9.min.js (2.61 MiB)

webpack 5.105.3 compiled with 1 warning in 117934 ms
--> 986b3e97fe6b
[linux/arm64] [2/3] STEP 1/11: FROM brew.registry.redhat.io/rh-osbs/openshift-golang-builder:rhel_9_1.25 AS go-builder
Trying to pull brew.registry.redhat.io/rh-osbs/openshift-golang-builder:rhel_9_1.25...
Getting image source signatures
Copying blob sha256:b98d37c87f15536538dc20373f6feca81ccf73779a63f168b7855ce2c2360cff
Copying blob sha256:9e9bee4738d78cc5b8c68706e99751b669394b1e52ebb360fabf583fee381119
Copying config sha256:6cc0ec0f03bcbce80b198dae197eb1ca379eb2fa2e7f2e456cf01f6464e2b1ec
Writing manifest to image destination
[linux/arm64] [2/3] STEP 2/11: WORKDIR /opt/app-root
--> Using cache af15418c523c6ae5be063fbd248ca6446c99a7221939395a2d0d9bca5f7146f0
--> af15418c523c
[linux/arm64] [2/3] STEP 3/11: COPY Makefile Makefile
--> Using cache 1160819a325ca7d07edb09242f48d7d5863d88eb07f37fc10e0368240f084c92
--> 1160819a325c
[linux/arm64] [2/3] STEP 4/11: COPY go.mod go.mod
--> Using cache 35a119f700e76a3a3565111d5e5539d57b520492b9e9e4f7a998f0da2f221648
--> 35a119f700e7
[linux/arm64] [2/3] STEP 5/11: COPY go.sum go.sum
--> Using cache a86493e19e3befe4da5d8166c2b3c7a5e21526950ea9d99d8872c95bf388bc98
--> a86493e19e3b
[linux/arm64] [2/3] STEP 6/11: RUN go mod download
--> Using cache 2f79576227aa429b0ed81ad946f7428ed45a678732c725854aef0fd59a69db0a
--> 2f79576227aa
[linux/arm64] [2/3] STEP 7/11: COPY cmd/ cmd/
--> Using cache 5b74cd20fc76c69a6d92cd05a2040496e038903a856d3275467a8b6524de61d4
--> 5b74cd20fc76
[linux/arm64] [2/3] STEP 8/11: COPY pkg/ pkg/
--> Using cache e3caecdb459ac48c491c4b7c690f3939581b931164611e79a1fed68d34105117
--> e3caecdb459a
[linux/arm64] [2/3] STEP 9/11: ENV GOEXPERIMENT=strictfipsruntime
--> Using cache 7f2ce3f8daa22e7d26d47b4542dbb624ff592b29c668e5657b1e921bac9a63f9
--> 7f2ce3f8daa2
[linux/arm64] [2/3] STEP 10/11: ENV CGO_ENABLED=1
--> Using cache 4e7c2a207b4f66bedf87c35b93cc395cf2a5f0e9ee9a3f3bec660c6f244f4887
--> 4e7c2a207b4f
[linux/arm64] [2/3] STEP 11/11: RUN make build-backend BUILD_OPTS="-tags strictfipsruntime"
--> Using cache 26448eb85d5cb0d6d82696f4223bb3935c5e25992775b4040e3188b8150d8770
--> 26448eb85d5c
[linux/amd64] [1/3] STEP 1/8: FROM registry.redhat.io/ubi8/nodejs-22:latest AS web-builder
Trying to pull registry.redhat.io/ubi8/nodejs-22:latest...
Getting image source signatures
Checking if image destination supports signatures
Copying blob sha256:1f445a7c58d045b44fa5a56dbb4d0e9fa03e8680db6cf9319d9d561c0191632f
Copying blob sha256:b659079ce01565873eb67c4d47f0a94a60731d09351f7acfef987e5a525230aa
Copying blob sha256:21534294e787fc96343978989fe438bd9c6b835220e7ab6102d5b3909e617005
Copying config sha256:71f7f3bc92fbe08f866a9219a974de6f048963cbb186a265c0d919db324aaf33
Writing manifest to image destination
Storing signatures
[linux/amd64] [1/3] STEP 2/8: WORKDIR /opt/app-root
--> Using cache 5257826cd66a6b8fb36255b1e8ea10e438500446849dbcd90b30b8db2433aa8e
--> 5257826cd66a
[linux/amd64] [1/3] STEP 3/8: USER 0
--> Using cache 21336b8d74967a5a8a3e9824f9a28ffd284544c25d2ae0ee7324f6f47a05268e
--> 21336b8d7496
[linux/amd64] [1/3] STEP 4/8: COPY web/package*.json web/
--> ef0a20d36eff
[linux/amd64] [1/3] STEP 5/8: COPY Makefile Makefile
--> cb59221b3ea8
[linux/amd64] [1/3] STEP 6/8: RUN make install-frontend-ci-clean
cd web && npm ci --ignore-scripts --omit=optional
npm warn deprecated rimraf@3.0.2: Rimraf versions prior to v4 are no longer supported
npm warn deprecated popper.js@1.16.1: You can find the new Popper v2 at @popperjs/core, this package is dedicated to the legacy v1
npm warn deprecated inflight@1.0.6: This module is not supported, and leaks memory. Do not use it. Check out lru-cache if you want a good and tested way to coalesce async requests by a key value, which is much more comprehensive and powerful.
npm warn deprecated glob@7.2.3: Glob versions prior to v9 are no longer supported
npm warn deprecated eslint@8.57.1: This version is no longer supported. Please see https://eslint.org/version-support for other options.
npm warn deprecated @humanwhocodes/object-schema@2.0.3: Use @eslint/object-schema instead
npm warn deprecated @humanwhocodes/config-array@0.13.0: Use @eslint/config-array instead
npm warn deprecated rimraf@2.7.1: Rimraf versions prior to v4 are no longer supported

added 1811 packages, and audited 1812 packages in 1m

313 packages are looking for funding
  run `npm fund` for details

25 vulnerabilities (1 low, 20 moderate, 4 high)

To address issues that do not require attention, run:
  npm audit fix

To address all issues (including breaking changes), run:
  npm audit fix --force

Run `npm audit` for details.
cd web && npm cache clean --force
npm warn using --force Recommended protections disabled.
--> f3550d436676
[linux/amd64] [1/3] STEP 7/8: COPY web/ web/
--> fa91459af0f6
[linux/amd64] [1/3] STEP 8/8: RUN make build-frontend
cd web && npm run build

> distributed-tracing-console-plugin@1.0.0 build
> npm run clean && NODE_ENV=production npm run webpack


> distributed-tracing-console-plugin@1.0.0 clean
> rm -rf dist


> distributed-tracing-console-plugin@1.0.0 webpack
> node -r ts-node/register ./node_modules/.bin/webpack

assets by path assets/ 1.27 MiB
  assets by path assets/*.woff 740 KiB 42 assets
  assets by path assets/*.woff2 565 KiB
    asset assets/inter-latin-ext-600-normal..woff2 35.4 KiB [emitted] [from: ../node_modules/@fontsource/inter/files/inter-latin-ext-600-normal.woff2] (auxiliary id hint: vendors)
    asset assets/inter-latin-ext-700-normal..woff2 35.4 KiB [emitted] [from: ../node_modules/@fontsource/inter/files/inter-latin-ext-700-normal.woff2] (auxiliary id hint: vendors)
    + 40 assets
assets by path *.js 3.28 MiB
  assets by chunk 2.92 MiB (id hint: vendors)
    asset 1907-chunk-a659e32230067e72d6a9.min.js 2.61 MiB [emitted] [immutable] [minimized] [big] (id hint: vendors) 1 related asset
    asset 3864-chunk-29ef05162fade1526552.min.js 121 KiB [emitted] [immutable] [minimized] (id hint: vendors) 1 related asset
    asset 9252-chunk-7a4ebe4030b397b180f5.min.js 40.1 KiB [emitted] [immutable] [minimized] (id hint: vendors)
    + 9 assets
  + 67 assets
asset locales/en/plugin__distributed-tracing-console-plugin.json 4.29 KiB [emitted] [from: ../locales/en/plugin__distributed-tracing-console-plugin.json] [copied]
asset plugin-manifest.json 895 bytes [emitted]
orphan modules 21.9 MiB [orphan] 13317 modules
runtime modules 34.7 KiB 14 modules
built modules 10.2 MiB (javascript) 1.27 MiB (asset) 1.6 KiB (consume-shared) 1.39 KiB (share-init) [built]
  javascript modules 10.2 MiB 721 modules
  asset modules 1.27 MiB (asset) 3.45 KiB (javascript)
    modules by path ../node_modules/@fontsource/inter/files/*.woff2 565 KiB (asset) 1.72 KiB (javascript) 42 modules
    modules by path ../node_modules/@fontsource/inter/files/*.woff 740 KiB (asset) 1.72 KiB (javascript) 42 modules
  consume-shared-module modules 1.6 KiB
    modules by path consume shared module (default) @patternfly/ 1.39 KiB 34 modules
    + 5 modules
  provide-module modules 1.39 KiB
    modules by path provide shared module (default) @patternfly/react-core/dist/dynamic/ 924 bytes 22 modules
    modules by path provide shared module (default) @patternfly/react-icons/dist/dynamic/icons/ 504 bytes 12 modules

WARNING in asset size limit: The following asset(s) exceed the recommended size limit (244 KiB).
This can impact web performance.
Assets: 
  1907-chunk-a659e32230067e72d6a9.min.js (2.61 MiB)

webpack 5.105.3 compiled with 1 warning in 136311 ms
--> 256be17c7e10
[linux/arm64] [3/3] STEP 1/4: FROM registry.access.redhat.com/ubi9/ubi-minimal
Trying to pull registry.access.redhat.com/ubi9/ubi-minimal:latest...
Getting image source signatures
Checking if image destination supports signatures
Copying blob sha256:7db43598c7e47cf895f880f92e3cee9c07787091c97802ea3f2bea8fa4848040
Copying config sha256:64826a3b202499f826f4af0dc0afdbd7fd6681218074b7ea7ed3969c6e12009e
Writing manifest to image destination
Storing signatures
[linux/arm64] [3/3] STEP 2/4: COPY --from=web-builder /opt/app-root/web/dist /opt/app-root/web/dist
--> d0b5c0ce31a4
[linux/arm64] [3/3] STEP 3/4: COPY --from=go-builder /opt/app-root/plugin-backend /opt/app-root
--> 268f4cf81ef4
[linux/arm64] [3/3] STEP 4/4: ENTRYPOINT ["/opt/app-root/plugin-backend", "-static-path", "/opt/app-root/web/dist", "-config-path", "/opt/app-root/web/dist"]
[linux/arm64] [3/3] COMMIT
--> 2ac5e56f15e9
[linux/amd64] [2/3] STEP 1/11: FROM brew.registry.redhat.io/rh-osbs/openshift-golang-builder:rhel_9_1.25 AS go-builder
2ac5e56f15e9dfef6118c17a03cc0cdb61c81213353c454b89d4bb537ae6d95c
Trying to pull brew.registry.redhat.io/rh-osbs/openshift-golang-builder:rhel_9_1.25...
Getting image source signatures
Copying blob sha256:07b4b7296fb976a7b266e7a81c8e2cef5b0047bd20db6025d084fb8b608e05ed
Copying blob sha256:cb8cee91bb10a151d5f47bfaeade03a136feecdd326326b1bb7ffb26c45f6de8
Copying config sha256:e218eae4db33b56e53cba7f172626764546c2a49403ee52a4a6779724a202367
Writing manifest to image destination
[linux/amd64] [2/3] STEP 2/11: WORKDIR /opt/app-root
--> Using cache 3cec27160771f62f005ada8116e7b9de5fb43ccce71f22fcd7cd65c1dfe7da23
--> 3cec27160771
[linux/amd64] [2/3] STEP 3/11: COPY Makefile Makefile
--> Using cache 4b5aba52936a7a461f2d9fb250aaaac868d1b31d677d9cba1fc6a1582c7c4552
--> 4b5aba52936a
[linux/amd64] [2/3] STEP 4/11: COPY go.mod go.mod
--> Using cache 17584e8fa8f8b4d06cc6ddfb2cb2f1be3574b7e40d5aa5d913f2d9dec3b8fdc5
--> 17584e8fa8f8
[linux/amd64] [2/3] STEP 5/11: COPY go.sum go.sum
--> Using cache f0f8130cd8028d9f860b3dc23eca14d4a7f0f352b0f8bd8bc0a5471d59fb9b78
--> f0f8130cd802
[linux/amd64] [2/3] STEP 6/11: RUN go mod download
--> Using cache d6e5c57a98bdeb62685166a8b29550f4cf3c2b813e0dac1cffcb2a5246411881
--> d6e5c57a98bd
[linux/amd64] [2/3] STEP 7/11: COPY cmd/ cmd/
--> Using cache 05f04af49c397b0fb318279bde9875854d63e2b0ed314261f9dd19768170d66f
--> 05f04af49c39
[linux/amd64] [2/3] STEP 8/11: COPY pkg/ pkg/
--> Using cache 5e38f2d208a0d258d52b156e7716a09d1d8d31536123c51531c92ad7d6daa046
--> 5e38f2d208a0
[linux/amd64] [2/3] STEP 9/11: ENV GOEXPERIMENT=strictfipsruntime
--> Using cache 6ca39e9a863e51f01e457c420ec45ef82240508e489635f3c3bef03c95a095c1
--> 6ca39e9a863e
[linux/amd64] [2/3] STEP 10/11: ENV CGO_ENABLED=1
--> Using cache 779f4ef8fd477e341d23635ca03c95fefa24a5cee918a95b33b91c36f15da975
--> 779f4ef8fd47
[linux/amd64] [2/3] STEP 11/11: RUN make build-backend BUILD_OPTS="-tags strictfipsruntime"
--> Using cache c85c72ec097a23175386999f6d2bd9beb683f211b06657e219801886d532582f
--> c85c72ec097a
[linux/amd64] [3/3] STEP 1/4: FROM registry.access.redhat.com/ubi9/ubi-minimal
Trying to pull registry.access.redhat.com/ubi9/ubi-minimal:latest...
Getting image source signatures
Checking if image destination supports signatures
Copying blob sha256:dd148063a98f38d63a03cea2357d237d418889b91f204f507c033c944e443f45
Copying config sha256:6efa28c44703806c7c6ccb45ef6f4edc45ae794e0c0b28a1902cc64fece71ffc
Writing manifest to image destination
Storing signatures
[linux/amd64] [3/3] STEP 2/4: COPY --from=web-builder /opt/app-root/web/dist /opt/app-root/web/dist
--> 202d8f22aa3a
[linux/amd64] [3/3] STEP 3/4: COPY --from=go-builder /opt/app-root/plugin-backend /opt/app-root
--> 9e4663787dd5
[linux/amd64] [3/3] STEP 4/4: ENTRYPOINT ["/opt/app-root/plugin-backend", "-static-path", "/opt/app-root/web/dist", "-config-path", "/opt/app-root/web/dist"]
[linux/amd64] [3/3] COMMIT
--> e2441ad35a8e
e2441ad35a8e72343533b3115c54425ec570c6ed137effeaa46b8c0cf85f7433
podman manifest push quay.io/rh-ee-emurasak/distributed-tracing-console-plugin:v1.0.3
Getting image list signatures
Copying 2 images generated from 2 images in list
Copying image sha256:3247633fe007b5d685155c12f1a4e2222a1c131989fb92859dad7f4793286d37 (1/2)
Getting image source signatures
Copying blob sha256:479cfb108668e7f489a902b1632eac5fe72abb8b0700df014e2525347a0e1bea
Copying blob sha256:87ffd1222d3aba6da5d67bbd7ef9cecba3a3830806163e678ae01cc57cd03d5e
Copying blob sha256:06899c6670b54b35162f0b7b9dc1efd33666766c42c221a1ac868ce78db58888
Copying config sha256:2ac5e56f15e9dfef6118c17a03cc0cdb61c81213353c454b89d4bb537ae6d95c
Writing manifest to image destination
Copying image sha256:f525a9052c85de43c8c56905ccaff33e293e9e4d45f6d9c4b87372bd7513cc13 (2/2)
Getting image source signatures
Copying blob sha256:fc619adba729ec24fef75235acd9b59c5e52bdef3e16a3803a6e9e3022ba748b
Copying blob sha256:f29e6be34ed5af2232b111ac140bb7c70de7d6f879318d287a74ac9f62946bab
Copying blob sha256:da2177774c98e1b74bcc1dbb72e704357188ed38cdbed328c976b982faaa594b
Copying config sha256:e2441ad35a8e72343533b3115c54425ec570c6ed137effeaa46b8c0cf85f7433
Writing manifest to image destination
Writing manifest list to image destination
Storing list signatures
==========================================
Building troubleshooting-panel-console-plugin @ release-coo-ocp-4.19 with VERSION=v0.4.5 ORG=rh-ee-emurasak
==========================================
Switched to branch 'release-coo-ocp-4.19'
Your branch is up to date with 'origin/release-coo-ocp-4.19'.
From https://github.com/openshift/troubleshooting-panel-console-plugin
 * branch            release-coo-ocp-4.19 -> FETCH_HEAD
Already up to date.
--- Attempt 1/3 ---
podman manifest rm quay.io/rh-ee-emurasak/troubleshooting-panel-console-plugin:v0.4.5 || true
Error: quay.io/rh-ee-emurasak/troubleshooting-panel-console-plugin:v0.4.5: image not known
podman manifest create quay.io/rh-ee-emurasak/troubleshooting-panel-console-plugin:v0.4.5
df23e1551daaefb098c383bbd9039b80df15fdd9a1380d93edf87a735fab93b0
podman build --platform=linux/arm64,linux/amd64 --manifest quay.io/rh-ee-emurasak/troubleshooting-panel-console-plugin:v0.4.5 -f Dockerfile
[linux/amd64] [1/3] STEP 1/8: FROM registry.access.redhat.com/ubi8/nodejs-22:latest AS web-builder
Trying to pull registry.access.redhat.com/ubi8/nodejs-22:latest...
Getting image source signatures
Checking if image destination supports signatures
Copying blob sha256:1f445a7c58d045b44fa5a56dbb4d0e9fa03e8680db6cf9319d9d561c0191632f
Copying blob sha256:21534294e787fc96343978989fe438bd9c6b835220e7ab6102d5b3909e617005
Copying blob sha256:b659079ce01565873eb67c4d47f0a94a60731d09351f7acfef987e5a525230aa
Copying config sha256:71f7f3bc92fbe08f866a9219a974de6f048963cbb186a265c0d919db324aaf33
Writing manifest to image destination
Storing signatures
[linux/amd64] [1/3] STEP 2/8: WORKDIR /opt/app-root
--> Using cache 5257826cd66a6b8fb36255b1e8ea10e438500446849dbcd90b30b8db2433aa8e
--> 5257826cd66a
[linux/amd64] [1/3] STEP 3/8: USER 0
--> Using cache 21336b8d74967a5a8a3e9824f9a28ffd284544c25d2ae0ee7324f6f47a05268e
--> 21336b8d7496
[linux/amd64] [1/3] STEP 4/8: COPY web/package*.json web/
--> 4abb3cff3ba0
[linux/amd64] [1/3] STEP 5/8: COPY Makefile Makefile
--> 66f908b7ec54
[linux/amd64] [1/3] STEP 6/8: RUN make install-frontend
cd web && npm install
npm warn deprecated whatwg-encoding@3.1.1: Use @exodus/bytes instead for a more spec-conformant and faster implementation
npm warn deprecated rimraf@3.0.2: Rimraf versions prior to v4 are no longer supported
npm warn deprecated popper.js@1.16.1: You can find the new Popper v2 at @popperjs/core, this package is dedicated to the legacy v1
npm warn deprecated inflight@1.0.6: This module is not supported, and leaks memory. Do not use it. Check out lru-cache if you want a good and tested way to coalesce async requests by a key value, which is much more comprehensive and powerful.
npm warn deprecated glob@7.2.3: Glob versions prior to v9 are no longer supported
npm warn deprecated domexception@4.0.0: Use your platform's native DOMException instead
npm warn deprecated eslint@8.57.1: This version is no longer supported. Please see https://eslint.org/version-support for other options.
npm warn deprecated abab@2.0.6: Use your platform's native atob() and btoa() methods instead
npm warn deprecated @humanwhocodes/object-schema@2.0.3: Use @eslint/object-schema instead
npm warn deprecated @fortawesome/react-fontawesome@0.2.6: v0.2.x is no longer supported. Unless you are still using FontAwesome 5, please update to v3.1.1 or greater.
npm warn deprecated @humanwhocodes/config-array@0.13.0: Use @eslint/config-array instead
npm warn deprecated whatwg-encoding@2.0.0: Use @exodus/bytes instead for a more spec-conformant and faster implementation
npm warn deprecated whatwg-encoding@2.0.0: Use @exodus/bytes instead for a more spec-conformant and faster implementation

added 1696 packages, and audited 1697 packages in 3m

297 packages are looking for funding
  run `npm fund` for details

35 vulnerabilities (2 low, 21 moderate, 11 high, 1 critical)

To address issues that do not require attention, run:
  npm audit fix

To address all issues (including breaking changes), run:
  npm audit fix --force

Run `npm audit` for details.
--> abeb135ad137
[linux/amd64] [1/3] STEP 7/8: COPY web/ web/
--> 4a13acd29ed0
[linux/amd64] [1/3] STEP 8/8: RUN make build-frontend
cd web && npm run lint && npm run lint:tsc

> troubleshooting-panel-console-plugin@0.4.0 lint
> eslint ./src --fix &&  stylelint "src/**/*.css" --allow-empty-input --fix


> troubleshooting-panel-console-plugin@0.4.0 lint:tsc
> tsc --noEmit

cd web && npm run i18n && npm run build

> troubleshooting-panel-console-plugin@0.4.0 i18n
> i18n-scripts/build-i18n.sh && node i18n-scripts/set-english-defaults.js

+ FILE_PATTERN='{!(dist|node_modules)/**/*.{js,jsx,ts,tsx,json},*.{js,jsx,ts,tsx,json}}'
+ i18next '{!(dist|node_modules)/**/*.{js,jsx,ts,tsx,json},*.{js,jsx,ts,tsx,json}}' '[-oc]' -c ./i18next-parser.config.js -o 'locales/$LOCALE/$NAMESPACE.json'

  i18next Parser
  --------------
  Input:  {!(dist|node_modules)/**/*.{js,jsx,ts,tsx,json},*.{js,jsx,ts,tsx,json}}, [-oc]
  Output: locales/$LOCALE/$NAMESPACE.json

  [read]    /opt/app-root/web/console-extensions.json
  [read]    /opt/app-root/web/cypress.config.ts
  [read]    /opt/app-root/web/cypress/e2e/acceptance.cy.ts
  [read]    /opt/app-root/web/cypress/fixtures/data-test.ts
  [read]    /opt/app-root/web/cypress/support/commands/auth-commands.ts
  [read]    /opt/app-root/web/cypress/support/commands/env.ts
  [read]    /opt/app-root/web/cypress/support/commands/selector-commands.ts
  [read]    /opt/app-root/web/cypress/support/commands/troubeshoot-commands.ts
  [read]    /opt/app-root/web/cypress/support/commands/utility-commands.ts
  [read]    /opt/app-root/web/cypress/support/e2e.ts
  [read]    /opt/app-root/web/cypress/tsconfig.json
  [read]    /opt/app-root/web/cypress/views/nav.ts
  [read]    /opt/app-root/web/cypress/views/tour.ts
  [read]    /opt/app-root/web/cypress/views/utils.ts
  [read]    /opt/app-root/web/i18n-scripts/common.js
  [read]    /opt/app-root/web/i18n-scripts/set-english-defaults.js
  [read]    /opt/app-root/web/i18next-parser.config.js
  [read]    /opt/app-root/web/jest.config.js
  [read]    /opt/app-root/web/locales/en/plugin__troubleshooting-panel-console-plugin.json
  [read]    /opt/app-root/web/package-lock.json
  [read]    /opt/app-root/web/package.json
  [read]    /opt/app-root/web/src/__tests__/alert.spec.ts
  [read]    /opt/app-root/web/src/__tests__/all-domains.spec.ts
  [read]    /opt/app-root/web/src/__tests__/icons-preview.spec.tsx
  [read]    /opt/app-root/web/src/__tests__/k8s.spec.ts
  [read]    /opt/app-root/web/src/__tests__/log.spec.ts
  [read]    /opt/app-root/web/src/__tests__/metric.spec.ts
  [read]    /opt/app-root/web/src/__tests__/netflow.spec.ts
  [read]    /opt/app-root/web/src/__tests__/time.spec.ts
  [read]    /opt/app-root/web/src/__tests__/trace.spec.ts
  [read]    /opt/app-root/web/src/__tests__/types.spec.ts
  [read]    /opt/app-root/web/src/cancellable-fetch.ts
  [read]    /opt/app-root/web/src/components/AdvancedSearchForm.tsx
  [read]    /opt/app-root/web/src/components/DateTimePicker.tsx
  [read]    /opt/app-root/web/src/components/DateTimeRangePicker.tsx
  [read]    /opt/app-root/web/src/components/HelpPopover.tsx
  [read]    /opt/app-root/web/src/components/icons.tsx
  [read]    /opt/app-root/web/src/components/Korrel8rPanel.tsx
  [read]    /opt/app-root/web/src/components/KubernetesIcon.tsx
  [read]    /opt/app-root/web/src/components/NullContextProvider.tsx
  [read]    /opt/app-root/web/src/components/Popover.tsx
  [read]    /opt/app-root/web/src/components/TimeRangeDropdown.tsx
  [warning] Key is not a string literal
  [read]    /opt/app-root/web/src/components/TimeUnitPicker.tsx
  [read]    /opt/app-root/web/src/components/topology/Korrel8rTopology.tsx
  [read]    /opt/app-root/web/src/getResources.ts
  [read]    /opt/app-root/web/src/hooks/useBoolean.ts
  [read]    /opt/app-root/web/src/hooks/useDomains.tsx
  [read]    /opt/app-root/web/src/hooks/useKorrel8r.ts
  [read]    /opt/app-root/web/src/hooks/useLocationQuery.ts
  [read]    /opt/app-root/web/src/hooks/useNavigateToQuery.ts
  [read]    /opt/app-root/web/src/hooks/usePluginAvailable.ts
  [read]    /opt/app-root/web/src/hooks/usePopover.tsx
  [read]    /opt/app-root/web/src/hooks/useTroubleshootingPanel.tsx
  [read]    /opt/app-root/web/src/korrel8r-client.ts
  [read]    /opt/app-root/web/src/korrel8r/alert.ts
  [read]    /opt/app-root/web/src/korrel8r/all-domains.ts
  [read]    /opt/app-root/web/src/korrel8r/client/core/ApiError.ts
  [read]    /opt/app-root/web/src/korrel8r/client/core/ApiRequestOptions.ts
  [read]    /opt/app-root/web/src/korrel8r/client/core/ApiResult.ts
  [read]    /opt/app-root/web/src/korrel8r/client/core/BaseHttpRequest.ts
  [read]    /opt/app-root/web/src/korrel8r/client/core/CancelablePromise.ts
  [read]    /opt/app-root/web/src/korrel8r/client/core/FetchHttpRequest.ts
  [read]    /opt/app-root/web/src/korrel8r/client/core/OpenAPI.ts
  [read]    /opt/app-root/web/src/korrel8r/client/core/request.ts
  [read]    /opt/app-root/web/src/korrel8r/client/index.ts
  [read]    /opt/app-root/web/src/korrel8r/client/Korrel8rClient.ts
  [read]    /opt/app-root/web/src/korrel8r/client/models/Constraint.ts
  [read]    /opt/app-root/web/src/korrel8r/client/models/Domain.ts
  [read]    /opt/app-root/web/src/korrel8r/client/models/Edge.ts
  [read]    /opt/app-root/web/src/korrel8r/client/models/Goals.ts
  [read]    /opt/app-root/web/src/korrel8r/client/models/Graph.ts
  [read]    /opt/app-root/web/src/korrel8r/client/models/Neighbours.ts
  [read]    /opt/app-root/web/src/korrel8r/client/models/Node.ts
  [read]    /opt/app-root/web/src/korrel8r/client/models/QueryCount.ts
  [read]    /opt/app-root/web/src/korrel8r/client/models/Rule.ts
  [read]    /opt/app-root/web/src/korrel8r/client/models/Start.ts
  [read]    /opt/app-root/web/src/korrel8r/client/models/Store.ts
  [read]    /opt/app-root/web/src/korrel8r/client/services/DefaultService.ts
  [read]    /opt/app-root/web/src/korrel8r/k8s.ts
  [read]    /opt/app-root/web/src/korrel8r/log.ts
  [read]    /opt/app-root/web/src/korrel8r/metric.ts
  [read]    /opt/app-root/web/src/korrel8r/netflow.ts
  [read]    /opt/app-root/web/src/korrel8r/trace.ts
  [read]    /opt/app-root/web/src/korrel8r/types.ts
  [read]    /opt/app-root/web/src/redux-actions.ts
  [read]    /opt/app-root/web/src/redux-reducers.ts
  [read]    /opt/app-root/web/src/time.ts
  [read]    /opt/app-root/web/tsconfig.json
  [read]    /opt/app-root/web/webpack.config.ts
  [write]   /opt/app-root/web/locales/en/plugin__troubleshooting-panel-console-plugin.json

  Stats:  89 files were parsed

> troubleshooting-panel-console-plugin@0.4.0 build
> npm run clean && npm run ts-node node_modules/.bin/webpack


> troubleshooting-panel-console-plugin@0.4.0 clean
> rm -rf dist


> troubleshooting-panel-console-plugin@0.4.0 ts-node
> ts-node -O '{"module":"commonjs"}' node_modules/.bin/webpack

assets by path *.js 4.38 MiB
  assets by chunk 3.5 MiB (id hint: vendors)
    asset vendors-node_modules_fortawesome_react-fontawesome_index_es_js-node_modules_patternfly_react--e1c2c2-chunk.js 1.26 MiB [emitted] (id hint: vendors) 1 related asset
    asset vendors-node_modules_patternfly_react-core_dist_esm_helpers_Popper_Popper_js-chunk.js 1.04 MiB [emitted] (id hint: vendors) 1 related asset
    asset vendors-node_modules_immutable_dist_immutable_es_js-node_modules_typesafe-actions_dist_typesa-cdf261-chunk.js 183 KiB [emitted] (id hint: vendors) 1 related asset
    asset vendors-node_modules_openshift-console_dynamic-plugin-sdk_lib_utils_fetch_console-fetch-utils-7ba8c2-chunk.js 161 KiB [emitted] (id hint: vendors) 1 related asset
    asset vendors-node_modules_patternfly_react-core_dist_esm_components_DatePicker_index_js-chunk.js 94.8 KiB [emitted] (id hint: vendors) 1 related asset
    asset vendors-node_modules_patternfly_react-core_dist_esm_components_Menu_Menu_js-node_modules_patt-b35725-chunk.js 90.8 KiB [emitted] (id hint: vendors) 1 related asset
    asset vendors-node_modules_patternfly_react-core_dist_esm_helpers_FocusTrap_FocusTrap_js-node_modul-246622-chunk.js 80.1 KiB [emitted] (id hint: vendors) 1 related asset
    asset vendors-node_modules_patternfly_react-core_dist_esm_components_Form_index_js-chunk.js 63.3 KiB [emitted] (id hint: vendors) 1 related asset
    asset vendors-node_modules_patternfly_react-core_dist_esm_components_TimePicker_index_js-chunk.js 56.3 KiB [emitted] (id hint: vendors) 1 related asset
    + 13 assets
  + 76 assets
asset locales/en/plugin__troubleshooting-panel-console-plugin.json 3.35 KiB [emitted] [from: ../locales/en/plugin__troubleshooting-panel-console-plugin.json] [copied]
asset plugin-manifest.json 1.19 KiB [emitted]
orphan modules 13 KiB [orphan] 47 modules
runtime modules 81.9 KiB 12 modules
javascript modules 3.04 MiB 362 modules
consume-shared-module modules 1.89 KiB
  modules by path consume shared module (default) @patternfly/ 1.68 KiB 41 modules
  + 5 modules
provide-module modules 1.64 KiB
  modules by path provide shared module (default) @patternfly/react-core/dist/dynamic/ 1.11 KiB 27 modules
  modules by path provide shared module (default) @patternfly/react-icons/dist/dynamic/icons/ 546 bytes
    provide shared module (default) @patternfly/react-icons/dist/dynamic/icons/atten...(truncated) 42 bytes [built] [code generated]
    provide shared module (default) @patternfly/react-icons/dist/dynamic/icons/clust...(truncated) 42 bytes [built] [code generated]
    + 11 modules
../node_modules/@fortawesome/fontawesome-svg-core/package.json 1.39 KiB [optional] [built] [code generated]

LOG from @openshift-console/dynamic-plugin-sdk-webpack/lib/webpack/loaders/dynamic-module-import-loader ../node_modules/ts-loader/index.js??ruleSet[1].rules[0].use[0]!./components/KubernetesIcon.tsx
<w> Non-index and non-dynamic module import @patternfly/react-icons/dist/esm/createIcon

webpack 5.104.1 compiled successfully in 27513 ms
--> 79c97bcd8d35
[linux/amd64] [2/3] STEP 1/11: FROM registry.ci.openshift.org/ocp/builder:rhel-8-golang-1.24-openshift-4.20 AS go-builder
[linux/amd64] [2/3] STEP 2/11: WORKDIR /opt/app-root
--> Using cache efa72313b30be0cda4d677cedd6108cd7991f157aa45e0aab525cc124b40c342
--> efa72313b30b
[linux/amd64] [2/3] STEP 3/11: COPY Makefile Makefile
--> 3c65c9468755
[linux/amd64] [2/3] STEP 4/11: COPY go.mod go.mod
--> 563548c13b94
[linux/amd64] [2/3] STEP 5/11: COPY go.sum go.sum
--> 83cd11339561
[linux/amd64] [2/3] STEP 6/11: RUN go mod download
--> f03043410ca7
[linux/amd64] [2/3] STEP 7/11: COPY cmd/ cmd/
--> 28c4d717b809
[linux/amd64] [2/3] STEP 8/11: COPY pkg/ pkg/
--> dfbe58aaf90e
[linux/amd64] [2/3] STEP 9/11: ENV GOEXPERIMENT=strictfipsruntime
--> 40ec0f77f6e0
[linux/amd64] [2/3] STEP 10/11: ENV CGO_ENABLED=1
--> 40aec5de8f18
[linux/amd64] [2/3] STEP 11/11: RUN make build-backend BUILD_OPTS="-tags strictfipsruntime"
go build -tags strictfipsruntime -o plugin-backend -mod=readonly cmd/plugin-backend.go
--> d28d7c9c03c4
[linux/arm64] [1/3] STEP 1/8: FROM registry.access.redhat.com/ubi8/nodejs-22:latest AS web-builder
Trying to pull registry.access.redhat.com/ubi8/nodejs-22:latest...
Getting image source signatures
Checking if image destination supports signatures
Copying blob sha256:061fa217b0881a08226357c52c1b20d8015686de5874fa61469c90f7b0f752a7
Copying blob sha256:be14e4bd5c48c79aa0c1bc73f7ad1515b7d2452caa02d5e74ad2e4fb3b70fa27
Copying blob sha256:e1de3abe41200e76a94241f1669175174b71b6f683a92b1d52ffc1ba0a8b8d0a
Copying config sha256:711ec0db03eb79f4fd84e49300b5ffcef0111fa55d5edc7b5743d0980aebb86f
Writing manifest to image destination
Storing signatures
[linux/arm64] [1/3] STEP 2/8: WORKDIR /opt/app-root
--> Using cache 6021fc743da2c270e56a41e84aa72d866c3ba57bf63917be68cd120813ed9026
--> 6021fc743da2
[linux/arm64] [1/3] STEP 3/8: USER 0
--> Using cache 332f870d7191280f6392190a04360edc9db948f0d85d754a619fa7d83cc7269f
--> 332f870d7191
[linux/arm64] [1/3] STEP 4/8: COPY web/package*.json web/
--> fa83167becf4
[linux/arm64] [1/3] STEP 5/8: COPY Makefile Makefile
--> cf0c453963e8
[linux/arm64] [1/3] STEP 6/8: RUN make install-frontend
cd web && npm install
npm warn deprecated whatwg-encoding@3.1.1: Use @exodus/bytes instead for a more spec-conformant and faster implementation
npm warn deprecated rimraf@3.0.2: Rimraf versions prior to v4 are no longer supported
npm warn deprecated popper.js@1.16.1: You can find the new Popper v2 at @popperjs/core, this package is dedicated to the legacy v1
npm warn deprecated inflight@1.0.6: This module is not supported, and leaks memory. Do not use it. Check out lru-cache if you want a good and tested way to coalesce async requests by a key value, which is much more comprehensive and powerful.
npm warn deprecated glob@7.2.3: Glob versions prior to v9 are no longer supported
npm warn deprecated domexception@4.0.0: Use your platform's native DOMException instead
npm warn deprecated eslint@8.57.1: This version is no longer supported. Please see https://eslint.org/version-support for other options.
npm warn deprecated abab@2.0.6: Use your platform's native atob() and btoa() methods instead
npm warn deprecated @humanwhocodes/config-array@0.13.0: Use @eslint/config-array instead
npm warn deprecated @humanwhocodes/object-schema@2.0.3: Use @eslint/object-schema instead
npm warn deprecated @fortawesome/react-fontawesome@0.2.6: v0.2.x is no longer supported. Unless you are still using FontAwesome 5, please update to v3.1.1 or greater.
npm warn deprecated whatwg-encoding@2.0.0: Use @exodus/bytes instead for a more spec-conformant and faster implementation
npm warn deprecated whatwg-encoding@2.0.0: Use @exodus/bytes instead for a more spec-conformant and faster implementation

added 1696 packages, and audited 1697 packages in 4m

297 packages are looking for funding
  run `npm fund` for details

35 vulnerabilities (2 low, 21 moderate, 11 high, 1 critical)

To address issues that do not require attention, run:
  npm audit fix

To address all issues (including breaking changes), run:
  npm audit fix --force

Run `npm audit` for details.
--> 2d1851ebc9c3
[linux/arm64] [1/3] STEP 7/8: COPY web/ web/
--> 7778916760ff
[linux/arm64] [1/3] STEP 8/8: RUN make build-frontend
cd web && npm run lint && npm run lint:tsc

> troubleshooting-panel-console-plugin@0.4.0 lint
> eslint ./src --fix &&  stylelint "src/**/*.css" --allow-empty-input --fix


> troubleshooting-panel-console-plugin@0.4.0 lint:tsc
> tsc --noEmit

cd web && npm run i18n && npm run build

> troubleshooting-panel-console-plugin@0.4.0 i18n
> i18n-scripts/build-i18n.sh && node i18n-scripts/set-english-defaults.js

+ FILE_PATTERN='{!(dist|node_modules)/**/*.{js,jsx,ts,tsx,json},*.{js,jsx,ts,tsx,json}}'
+ i18next '{!(dist|node_modules)/**/*.{js,jsx,ts,tsx,json},*.{js,jsx,ts,tsx,json}}' '[-oc]' -c ./i18next-parser.config.js -o 'locales/$LOCALE/$NAMESPACE.json'

  i18next Parser
  --------------
  Input:  {!(dist|node_modules)/**/*.{js,jsx,ts,tsx,json},*.{js,jsx,ts,tsx,json}}, [-oc]
  Output: locales/$LOCALE/$NAMESPACE.json

  [read]    /opt/app-root/web/console-extensions.json
  [read]    /opt/app-root/web/cypress.config.ts
  [read]    /opt/app-root/web/cypress/e2e/acceptance.cy.ts
  [read]    /opt/app-root/web/cypress/fixtures/data-test.ts
  [read]    /opt/app-root/web/cypress/support/commands/auth-commands.ts
  [read]    /opt/app-root/web/cypress/support/commands/env.ts
  [read]    /opt/app-root/web/cypress/support/commands/selector-commands.ts
  [read]    /opt/app-root/web/cypress/support/commands/troubeshoot-commands.ts
  [read]    /opt/app-root/web/cypress/support/commands/utility-commands.ts
  [read]    /opt/app-root/web/cypress/support/e2e.ts
  [read]    /opt/app-root/web/cypress/tsconfig.json
  [read]    /opt/app-root/web/cypress/views/nav.ts
  [read]    /opt/app-root/web/cypress/views/tour.ts
  [read]    /opt/app-root/web/cypress/views/utils.ts
  [read]    /opt/app-root/web/i18n-scripts/common.js
  [read]    /opt/app-root/web/i18n-scripts/set-english-defaults.js
  [read]    /opt/app-root/web/i18next-parser.config.js
  [read]    /opt/app-root/web/jest.config.js
  [read]    /opt/app-root/web/locales/en/plugin__troubleshooting-panel-console-plugin.json
  [read]    /opt/app-root/web/package-lock.json
  [read]    /opt/app-root/web/package.json
  [read]    /opt/app-root/web/src/__tests__/alert.spec.ts
  [read]    /opt/app-root/web/src/__tests__/all-domains.spec.ts
  [read]    /opt/app-root/web/src/__tests__/icons-preview.spec.tsx
  [read]    /opt/app-root/web/src/__tests__/k8s.spec.ts
  [read]    /opt/app-root/web/src/__tests__/log.spec.ts
  [read]    /opt/app-root/web/src/__tests__/metric.spec.ts
  [read]    /opt/app-root/web/src/__tests__/netflow.spec.ts
  [read]    /opt/app-root/web/src/__tests__/time.spec.ts
  [read]    /opt/app-root/web/src/__tests__/trace.spec.ts
  [read]    /opt/app-root/web/src/__tests__/types.spec.ts
  [read]    /opt/app-root/web/src/cancellable-fetch.ts
  [read]    /opt/app-root/web/src/components/AdvancedSearchForm.tsx
  [read]    /opt/app-root/web/src/components/DateTimePicker.tsx
  [read]    /opt/app-root/web/src/components/DateTimeRangePicker.tsx
  [read]    /opt/app-root/web/src/components/HelpPopover.tsx
  [read]    /opt/app-root/web/src/components/icons.tsx
  [read]    /opt/app-root/web/src/components/Korrel8rPanel.tsx
  [read]    /opt/app-root/web/src/components/KubernetesIcon.tsx
  [read]    /opt/app-root/web/src/components/NullContextProvider.tsx
  [read]    /opt/app-root/web/src/components/Popover.tsx
  [read]    /opt/app-root/web/src/components/TimeRangeDropdown.tsx
  [warning] Key is not a string literal
  [read]    /opt/app-root/web/src/components/TimeUnitPicker.tsx
  [read]    /opt/app-root/web/src/components/topology/Korrel8rTopology.tsx
  [read]    /opt/app-root/web/src/getResources.ts
  [read]    /opt/app-root/web/src/hooks/useBoolean.ts
  [read]    /opt/app-root/web/src/hooks/useDomains.tsx
  [read]    /opt/app-root/web/src/hooks/useKorrel8r.ts
  [read]    /opt/app-root/web/src/hooks/useLocationQuery.ts
  [read]    /opt/app-root/web/src/hooks/useNavigateToQuery.ts
  [read]    /opt/app-root/web/src/hooks/usePluginAvailable.ts
  [read]    /opt/app-root/web/src/hooks/usePopover.tsx
  [read]    /opt/app-root/web/src/hooks/useTroubleshootingPanel.tsx
  [read]    /opt/app-root/web/src/korrel8r-client.ts
  [read]    /opt/app-root/web/src/korrel8r/alert.ts
  [read]    /opt/app-root/web/src/korrel8r/all-domains.ts
  [read]    /opt/app-root/web/src/korrel8r/client/core/ApiError.ts
  [read]    /opt/app-root/web/src/korrel8r/client/core/ApiRequestOptions.ts
  [read]    /opt/app-root/web/src/korrel8r/client/core/ApiResult.ts
  [read]    /opt/app-root/web/src/korrel8r/client/core/BaseHttpRequest.ts
  [read]    /opt/app-root/web/src/korrel8r/client/core/CancelablePromise.ts
  [read]    /opt/app-root/web/src/korrel8r/client/core/FetchHttpRequest.ts
  [read]    /opt/app-root/web/src/korrel8r/client/core/OpenAPI.ts
  [read]    /opt/app-root/web/src/korrel8r/client/core/request.ts
  [read]    /opt/app-root/web/src/korrel8r/client/index.ts
  [read]    /opt/app-root/web/src/korrel8r/client/Korrel8rClient.ts
  [read]    /opt/app-root/web/src/korrel8r/client/models/Constraint.ts
  [read]    /opt/app-root/web/src/korrel8r/client/models/Domain.ts
  [read]    /opt/app-root/web/src/korrel8r/client/models/Edge.ts
  [read]    /opt/app-root/web/src/korrel8r/client/models/Goals.ts
  [read]    /opt/app-root/web/src/korrel8r/client/models/Graph.ts
  [read]    /opt/app-root/web/src/korrel8r/client/models/Neighbours.ts
  [read]    /opt/app-root/web/src/korrel8r/client/models/Node.ts
  [read]    /opt/app-root/web/src/korrel8r/client/models/QueryCount.ts
  [read]    /opt/app-root/web/src/korrel8r/client/models/Rule.ts
  [read]    /opt/app-root/web/src/korrel8r/client/models/Start.ts
  [read]    /opt/app-root/web/src/korrel8r/client/models/Store.ts
  [read]    /opt/app-root/web/src/korrel8r/client/services/DefaultService.ts
  [read]    /opt/app-root/web/src/korrel8r/k8s.ts
  [read]    /opt/app-root/web/src/korrel8r/log.ts
  [read]    /opt/app-root/web/src/korrel8r/metric.ts
  [read]    /opt/app-root/web/src/korrel8r/netflow.ts
  [read]    /opt/app-root/web/src/korrel8r/trace.ts
  [read]    /opt/app-root/web/src/korrel8r/types.ts
  [read]    /opt/app-root/web/src/redux-actions.ts
  [read]    /opt/app-root/web/src/redux-reducers.ts
  [read]    /opt/app-root/web/src/time.ts
  [read]    /opt/app-root/web/tsconfig.json
  [read]    /opt/app-root/web/webpack.config.ts
  [write]   /opt/app-root/web/locales/en/plugin__troubleshooting-panel-console-plugin.json

  Stats:  89 files were parsed

> troubleshooting-panel-console-plugin@0.4.0 build
> npm run clean && npm run ts-node node_modules/.bin/webpack


> troubleshooting-panel-console-plugin@0.4.0 clean
> rm -rf dist


> troubleshooting-panel-console-plugin@0.4.0 ts-node
> ts-node -O '{"module":"commonjs"}' node_modules/.bin/webpack

assets by path *.js 4.38 MiB
  assets by chunk 3.5 MiB (id hint: vendors)
    asset vendors-node_modules_fortawesome_react-fontawesome_index_es_js-node_modules_patternfly_react--e1c2c2-chunk.js 1.26 MiB [emitted] (id hint: vendors) 1 related asset
    asset vendors-node_modules_patternfly_react-core_dist_esm_helpers_Popper_Popper_js-chunk.js 1.04 MiB [emitted] (id hint: vendors) 1 related asset
    asset vendors-node_modules_immutable_dist_immutable_es_js-node_modules_typesafe-actions_dist_typesa-cdf261-chunk.js 183 KiB [emitted] (id hint: vendors) 1 related asset
    asset vendors-node_modules_openshift-console_dynamic-plugin-sdk_lib_utils_fetch_console-fetch-utils-7ba8c2-chunk.js 161 KiB [emitted] (id hint: vendors) 1 related asset
    asset vendors-node_modules_patternfly_react-core_dist_esm_components_DatePicker_index_js-chunk.js 94.8 KiB [emitted] (id hint: vendors) 1 related asset
    asset vendors-node_modules_patternfly_react-core_dist_esm_components_Menu_Menu_js-node_modules_patt-b35725-chunk.js 90.8 KiB [emitted] (id hint: vendors) 1 related asset
    asset vendors-node_modules_patternfly_react-core_dist_esm_helpers_FocusTrap_FocusTrap_js-node_modul-246622-chunk.js 80.1 KiB [emitted] (id hint: vendors) 1 related asset
    asset vendors-node_modules_patternfly_react-core_dist_esm_components_Form_index_js-chunk.js 63.3 KiB [emitted] (id hint: vendors) 1 related asset
    asset vendors-node_modules_patternfly_react-core_dist_esm_components_TimePicker_index_js-chunk.js 56.3 KiB [emitted] (id hint: vendors) 1 related asset
    + 13 assets
  + 76 assets
asset locales/en/plugin__troubleshooting-panel-console-plugin.json 3.35 KiB [emitted] [from: ../locales/en/plugin__troubleshooting-panel-console-plugin.json] [copied]
asset plugin-manifest.json 1.19 KiB [emitted]
orphan modules 13 KiB [orphan] 47 modules
runtime modules 81.9 KiB 12 modules
javascript modules 3.04 MiB 362 modules
consume-shared-module modules 1.89 KiB
  modules by path consume shared module (default) @patternfly/ 1.68 KiB 41 modules
  + 5 modules
provide-module modules 1.64 KiB
  modules by path provide shared module (default) @patternfly/react-core/dist/dynamic/ 1.11 KiB 27 modules
  modules by path provide shared module (default) @patternfly/react-icons/dist/dynamic/icons/ 546 bytes
    provide shared module (default) @patternfly/react-icons/dist/dynamic/icons/atten...(truncated) 42 bytes [built] [code generated]
    provide shared module (default) @patternfly/react-icons/dist/dynamic/icons/clust...(truncated) 42 bytes [built] [code generated]
    + 11 modules
../node_modules/@fortawesome/fontawesome-svg-core/package.json 1.39 KiB [optional] [built] [code generated]

LOG from @openshift-console/dynamic-plugin-sdk-webpack/lib/webpack/loaders/dynamic-module-import-loader ../node_modules/ts-loader/index.js??ruleSet[1].rules[0].use[0]!./components/KubernetesIcon.tsx
<w> Non-index and non-dynamic module import @patternfly/react-icons/dist/esm/createIcon

webpack 5.104.1 compiled successfully in 18014 ms
--> 77b6e7b4637e
[linux/amd64] [3/3] STEP 1/4: FROM registry.access.redhat.com/ubi8/ubi
[linux/amd64] [3/3] STEP 2/4: COPY --from=web-builder /opt/app-root/web/dist /opt/app-root/web/dist
--> c44dd15db16c
[linux/amd64] [3/3] STEP 3/4: COPY --from=go-builder /opt/app-root/plugin-backend /opt/app-root
--> 32f70e241f78
[linux/amd64] [3/3] STEP 4/4: ENTRYPOINT ["/opt/app-root/plugin-backend", "-static-path", "/opt/app-root/web/dist"]
[linux/amd64] [3/3] COMMIT
--> f760e4ed3938
[linux/arm64] [2/3] STEP 1/11: FROM registry.ci.openshift.org/ocp/builder:rhel-8-golang-1.24-openshift-4.20 AS go-builder
f760e4ed3938282f6d942492d981823490c2a518c1c58b346787bb4166fce9f2
Trying to pull registry.ci.openshift.org/ocp/builder:rhel-8-golang-1.24-openshift-4.20...
Getting image source signatures
Copying blob sha256:1601f0002240e476166ae25539061c09fadc016385d68cfd04c419472708f270
Copying blob sha256:211523f3608ae0538e139764b42d3db023cbe3af165af43f3b35bd1008edbe2a
Copying blob sha256:abb828c6dd68e53a22f7a11904b72f9d5a7802fb5e7c380b3a22b18a02e9a463
Copying config sha256:891a16a4d5dbbfb7e4204e6b986be2dacd9665316bcdabcec319512369b631f8
Writing manifest to image destination
[linux/arm64] [2/3] STEP 2/11: WORKDIR /opt/app-root
--> Using cache 4519ad96dd61bdfa77f26946b3f4f1b8f1d69f3c66351b4028d380a58c6ec5b7
--> 4519ad96dd61
[linux/arm64] [2/3] STEP 3/11: COPY Makefile Makefile
--> c95834c208f1
[linux/arm64] [2/3] STEP 4/11: COPY go.mod go.mod
--> bc8810959c57
[linux/arm64] [2/3] STEP 5/11: COPY go.sum go.sum
--> bcb726bf958b
[linux/arm64] [2/3] STEP 6/11: RUN go mod download
--> d3e03bce587b
[linux/arm64] [2/3] STEP 7/11: COPY cmd/ cmd/
--> 87602ee44262
[linux/arm64] [2/3] STEP 8/11: COPY pkg/ pkg/
--> a79c774d7b23
[linux/arm64] [2/3] STEP 9/11: ENV GOEXPERIMENT=strictfipsruntime
--> 09fae111f1f8
[linux/arm64] [2/3] STEP 10/11: ENV CGO_ENABLED=1
--> 0d016f0bf5e4
[linux/arm64] [2/3] STEP 11/11: RUN make build-backend BUILD_OPTS="-tags strictfipsruntime"
go build -tags strictfipsruntime -o plugin-backend -mod=readonly cmd/plugin-backend.go
--> 8166b3cd6904
[linux/arm64] [3/3] STEP 1/4: FROM registry.access.redhat.com/ubi8/ubi
Trying to pull registry.access.redhat.com/ubi8/ubi:latest...
Getting image source signatures
Checking if image destination supports signatures
Copying blob sha256:be14e4bd5c48c79aa0c1bc73f7ad1515b7d2452caa02d5e74ad2e4fb3b70fa27
Copying config sha256:246c9f5c31bef2af103d26b16c4f628dfa0b4a8329a0715c2e58dd3b6c2c8d5c
Writing manifest to image destination
Storing signatures
[linux/arm64] [3/3] STEP 2/4: COPY --from=web-builder /opt/app-root/web/dist /opt/app-root/web/dist
--> 196632e7a377
[linux/arm64] [3/3] STEP 3/4: COPY --from=go-builder /opt/app-root/plugin-backend /opt/app-root
--> 3b6100e0d9d3
[linux/arm64] [3/3] STEP 4/4: ENTRYPOINT ["/opt/app-root/plugin-backend", "-static-path", "/opt/app-root/web/dist"]
[linux/arm64] [3/3] COMMIT
--> afcf2b8f49af
afcf2b8f49af0c68ef4b33ed0091f806a8b269a0c2bc7333ca790b932efec095
podman manifest push quay.io/rh-ee-emurasak/troubleshooting-panel-console-plugin:v0.4.5
Getting image list signatures
Copying 2 images generated from 2 images in list
Copying image sha256:129e0ee4b637c7ad74838507b940c0d310da8ca8944b0cd962cd3e6560bdc469 (1/2)
Getting image source signatures
Copying blob sha256:40174140049a5d31ab8649bac5c24e0a3b69bd4e0106ec082e1126157cac7673
Copying blob sha256:1dbdcbb70bdf0a287d3dea99abbc4e3a69042ddddc4a9c8442aa51e50a74a19a
Copying blob sha256:b6eb6e60502faf21018ad3d7b3ea4905300e93f054fb082d29b4c33b6aa721bf
Copying config sha256:f760e4ed3938282f6d942492d981823490c2a518c1c58b346787bb4166fce9f2
Writing manifest to image destination
Copying image sha256:f677307b8ef28cb49fe3924bd955c85d98b7d457f543482bd43e0960f89fbea3 (2/2)
Getting image source signatures
Copying blob sha256:84da14c4d357c12efb076d29f2fc370b6a520d59dcdbb771e082b8a0c1eae7ac
Copying blob sha256:5ee16405cda585a5c4e45d562f6b4a71cdf4719ecb007d7784568830a15c64d5
Copying blob sha256:462a09c57062128d1789a93604a805175cb2a34684e8eb166a6747c42afd603f
Copying config sha256:afcf2b8f49af0c68ef4b33ed0091f806a8b269a0c2bc7333ca790b932efec095
Writing manifest to image destination
Writing manifest list to image destination
Storing list signatures
==========================================
Building monitoring-plugin @ release-coo-ocp-4.19 with VERSION=v0.5.4 ORG=rh-ee-emurasak
==========================================
Switched to branch 'release-coo-ocp-4.19'
Your branch is up to date with 'origin/release-coo-ocp-4.19'.
From https://github.com/openshift/monitoring-plugin
 * branch            release-coo-ocp-4.19 -> FETCH_HEAD
Already up to date.
--- Attempt 1/3 ---
podman manifest rm quay.io/rh-ee-emurasak/monitoring-console-plugin:v0.5.4 || true
Error: quay.io/rh-ee-emurasak/monitoring-console-plugin:v0.5.4: image not known
podman manifest create quay.io/rh-ee-emurasak/monitoring-console-plugin:v0.5.4
73496698a631e5039b44ddd26958923c90cd8e7a2b49998503004199790b031f
podman build --platform linux/arm64,linux/amd64 --manifest quay.io/rh-ee-emurasak/monitoring-console-plugin:v0.5.4 -f Dockerfile.mcp
[linux/amd64] [1/3] STEP 1/13: FROM registry.redhat.io/ubi9/nodejs-22:latest AS web-builder
[linux/amd64] [1/3] STEP 2/13: WORKDIR /opt/app-root
--> Using cache 8e5151ef23e4c2143b56c28a6233213144e54b94b1ac8c61ab33ce0bce2a593a
--> 8e5151ef23e4
[linux/amd64] [1/3] STEP 3/13: USER 0
--> Using cache 6ff5dfbc5a35e69db058f7339e0fb46a54a5fca230232623e3c4b91abe631dfc
--> 6ff5dfbc5a35
[linux/amd64] [1/3] STEP 4/13: ENV HUSKY=0
--> Using cache 9eee59c09681303bb25e9ee890dd26b21589464e4f24d6db5f344d114e5c07f2
--> 9eee59c09681
[linux/amd64] [1/3] STEP 5/13: COPY web/package*.json web/
--> af48e60d853a
[linux/amd64] [1/3] STEP 6/13: COPY Makefile Makefile
--> 30b88abc1f91
[linux/amd64] [1/3] STEP 7/13: RUN cd web && npm ci --legacy-peer-deps --ignore-scripts
npm warn deprecated rimraf@3.0.2: Rimraf versions prior to v4 are no longer supported
npm warn deprecated lodash.get@4.4.2: This package is deprecated. Use the optional chaining (?.) operator instead.
npm warn deprecated popper.js@1.16.1: You can find the new Popper v2 at @popperjs/core, this package is dedicated to the legacy v1
npm warn deprecated inflight@1.0.6: This module is not supported, and leaks memory. Do not use it. Check out lru-cache if you want a good and tested way to coalesce async requests by a key value, which is much more comprehensive and powerful.
npm warn deprecated i18next-parser@9.4.0: Project is deprecated, use i18next-cli instead
npm warn deprecated glob@7.2.3: Glob versions prior to v9 are no longer supported
npm warn deprecated eslint@8.57.1: This version is no longer supported. Please see https://eslint.org/version-support for other options.
npm warn deprecated @humanwhocodes/object-schema@2.0.3: Use @eslint/object-schema instead
npm warn deprecated @humanwhocodes/config-array@0.13.0: Use @eslint/config-array instead
npm warn deprecated glob@10.5.0: Old versions of glob are not supported, and contain widely publicized security vulnerabilities, which have been fixed in the current version. Please update. Support for old versions may be purchased (at exorbitant rates) by contacting i@izs.me

added 1755 packages, and audited 1756 packages in 2m

305 packages are looking for funding
  run `npm fund` for details

24 vulnerabilities (22 moderate, 2 high)

To address issues that do not require attention, run:
  npm audit fix

To address all issues (including breaking changes), run:
  npm audit fix --force

Run `npm audit` for details.
--> 784de3efd3ab
[linux/amd64] [1/3] STEP 8/13: COPY web/ web/
--> 8c82181ba5e6
[linux/amd64] [1/3] STEP 9/13: COPY config/ config/
--> c120f171ec2e
[linux/amd64] [1/3] STEP 10/13: COPY scripts/update-plugin-name.sh scripts/update-plugin-name.sh
--> c982de1f0914
[linux/amd64] [1/3] STEP 11/13: RUN make update-plugin-name
./scripts/update-plugin-name.sh
--> 9fda3b92f9c2
[linux/amd64] [1/3] STEP 12/13: ENV I18N_NAMESPACE="plugin__monitoring-console-plugin"
--> 74eaa83fd951
[linux/amd64] [1/3] STEP 13/13: RUN make build-frontend
cd web && npm run build

> monitoring-console-plugin@0.5.0 build
> npm run clean && NODE_ENV=production npm run ts-node node_modules/.bin/webpack


> monitoring-console-plugin@0.5.0 clean
> rm -rf dist


> monitoring-console-plugin@0.5.0 ts-node
> ts-node -O '{"module":"commonjs"}' node_modules/.bin/webpack

DEPRECATION WARNING [legacy-js-api]: The legacy JS API is deprecated and will be removed in Dart Sass 2.0.0.

More info: https://sass-lang.com/d/legacy-js-api

assets by path *.js 9.58 MiB
  assets by chunk 8.27 MiB (id hint: vendors)
    assets by status 7.3 MiB [big] 4 assets
    + 38 assets
  + 165 assets
assets by path assets/ 1.28 MiB
  assets by path assets/*.woff 740 KiB 42 assets
  assets by path assets/*.woff2 565 KiB 42 assets
  asset assets/restricted-sign..svg 2.38 KiB [emitted] [from: components/console/imgs/restricted-sign.svg] (auxiliary name: CmoAlertsPage, exposed-AlertRulesDetailsPage, exposed-AlertsDetailsPage, exposed-IncidentsPage, exposed-SilenceEditPage, exposed-SilencesDetailsPage, exposed-TargetsPage)
assets by path locales/ 115 KiB
  asset locales/en/plugin__monitoring-console-plugin.json 21.8 KiB [emitted] [from: ../locales/en/plugin__monitoring-console-plugin.json] [copied]
  asset locales/ja/plugin__monitoring-console-plugin.json 20.7 KiB [emitted] [from: ../locales/ja/plugin__monitoring-console-plugin.json] [copied]
  asset locales/fr/plugin__monitoring-console-plugin.json 19.3 KiB [emitted] [from: ../locales/fr/plugin__monitoring-console-plugin.json] [copied]
  + 3 assets
asset plugin-manifest.json 7.02 KiB [emitted]
orphan modules 19.4 MiB [orphan] 20194 modules
runtime modules 59.6 KiB 15 modules
built modules 17.8 MiB (javascript) 1.28 MiB (asset) 3.28 KiB (consume-shared) 3.04 KiB (share-init) [built]
  javascript modules 17.8 MiB 1732 modules
  asset modules 1.28 MiB (asset) 3.49 KiB (javascript)
    modules by path ../node_modules/@fontsource/inter/files/*.woff2 565 KiB (asset) 1.72 KiB (javascript) 42 modules
    modules by path ../node_modules/@fontsource/inter/files/*.woff 740 KiB (asset) 1.72 KiB (javascript) 42 modules
    ./components/console/imgs/restricted-sign.svg 2.38 KiB (asset) 42 bytes (javascript) [built] [code generated]
  consume-shared-module modules 3.28 KiB 80 modules
  provide-module modules 3.04 KiB
    modules by path provide shared module (default) @patternfly/react-core/dist/dynamic/ 1.93 KiB 47 modules
    modules by path provide shared module (default) @patternfly/react-icons/dist/dynamic/icons/ 1.03 KiB 25 modules
    modules by path provide shared module (default) @patternfly/react-table/dist/dynamic/components/ 84 bytes 2 modules
  ../node_modules/tlds/index.json 10.9 KiB [built] [code generated]

WARNING in asset size limit: The following asset(s) exceed the recommended size limit (244 KiB).
This can impact web performance.
Assets: 
  4617-chunk-d26499fbc029304a133e.min.js (311 KiB)
  9810-chunk-a64b894c03accad280e9.min.js (402 KiB)
  7534-chunk-43e5a98482d88225241c.min.js (2.08 MiB)
  8433-chunk-c91222c9e2cc31b48e7d.min.js (4.53 MiB)

webpack 5.105.2 compiled with 1 warning in 198731 ms
--> df596f1bce31
[linux/amd64] [2/3] STEP 1/14: FROM brew.registry.redhat.io/rh-osbs/openshift-golang-builder:rhel_9_1.24 AS go-builder
[linux/amd64] [2/3] STEP 2/14: WORKDIR /opt/app-root
--> Using cache 7deb3efd4e58a78bc8e5cb83aca62733c6857a67ae192624f9ea3015f29775df
--> 7deb3efd4e58
[linux/amd64] [2/3] STEP 3/14: COPY Makefile Makefile
--> d87d8c0e2f17
[linux/amd64] [2/3] STEP 4/14: COPY go.mod go.mod
--> 1bbc24682be2
[linux/amd64] [2/3] STEP 5/14: COPY go.sum go.sum
--> ac3e84ce5eb0
[linux/amd64] [2/3] STEP 6/14: RUN make install-backend
go mod download
Go compliance shim [2] [rhel-9-golang-1.24][openshift-golang-builder]: assessment: CGO_ENABLED=1
Go compliance shim [2] [rhel-9-golang-1.24][openshift-golang-builder]: assessment: dynamic linking
Go compliance shim [2] [rhel-9-golang-1.24][openshift-golang-builder]: skipping forced compliance due to broad exemption
Go compliance shim [2] [rhel-9-golang-1.24][openshift-golang-builder]: EXEMPT: 1


Go compliance shim [2] [rhel-9-golang-1.24][openshift-golang-builder]: final command line arguments: "mod" "download" 

Go compliance shim [2] [rhel-9-golang-1.24][openshift-golang-builder]: invoking real go binary
Go compliance shim [2] [rhel-9-golang-1.24][openshift-golang-builder]: Exited with: 0
--> c1397040dd2d
[linux/amd64] [2/3] STEP 7/14: COPY cmd/ cmd/
--> c7aa23862de7
[linux/amd64] [2/3] STEP 8/14: COPY pkg/ pkg/
--> fd387240e57c
[linux/amd64] [2/3] STEP 9/14: ENV GOOS=${TARGETOS:-linux}
--> 3a43612299cd
[linux/amd64] [2/3] STEP 10/14: ENV GOARCH=${TARGETARCH}
--> ba9162efc3a9
[linux/amd64] [2/3] STEP 11/14: ENV GOEXPERIMENT=strictfipsruntime
--> 772580f1ccbd
[linux/amd64] [2/3] STEP 12/14: ENV GOFLAGS=-mod=readonly
--> 5dfe5386e344
[linux/amd64] [2/3] STEP 13/14: ENV CGO_ENABLED=1
--> 0b97712ec929
[linux/amd64] [2/3] STEP 14/14: RUN make build-backend
go build  -mod=readonly -o plugin-backend cmd/plugin-backend.go
Go compliance shim [2] [rhel-9-golang-1.24][openshift-golang-builder]: assessment: CGO_ENABLED=1
Go compliance shim [2] [rhel-9-golang-1.24][openshift-golang-builder]: assessment: dynamic linking
Go compliance shim [2] [rhel-9-golang-1.24][openshift-golang-builder]: skipping forced compliance due to broad exemption
Go compliance shim [2] [rhel-9-golang-1.24][openshift-golang-builder]: EXEMPT: 1


Go compliance shim [2] [rhel-9-golang-1.24][openshift-golang-builder]: final command line arguments: "build" "-mod=readonly" "-o" "plugin-backend" "cmd/plugin-backend.go" 

Go compliance shim [2] [rhel-9-golang-1.24][openshift-golang-builder]: invoking real go binary
Go compliance shim [2] [rhel-9-golang-1.24][openshift-golang-builder]: Exited with: 0
--> 7061159b384d
[linux/arm64] [1/3] STEP 1/13: FROM registry.redhat.io/ubi9/nodejs-22:latest AS web-builder
Trying to pull registry.redhat.io/ubi9/nodejs-22:latest...
Getting image source signatures
Checking if image destination supports signatures
Copying blob sha256:8cc4364173e08b740ee39103f76581907e7a0eaa07260aeb6afbbebb8dde106e
Copying blob sha256:6c68ec2cb8914dd7cd64b186ef8674ae644c890fcae14edf9a3b33fde3a76cce
Copying blob sha256:98245caf86240da0764634e4873f8d78498df819a738bee6e752ffc1dc9be497
Copying config sha256:bceceabd26d12d7ba9de7f0aad51a65d5ae092bd1ae800eb7bad9330a6a05b8e
Writing manifest to image destination
Storing signatures
[linux/arm64] [1/3] STEP 2/13: WORKDIR /opt/app-root
--> Using cache ea32d62a2847d7d06ac4acfdcdef1e1326aba72ddcbe57ae396184815464e18e
--> ea32d62a2847
[linux/arm64] [1/3] STEP 3/13: USER 0
--> Using cache e547dead689f14cc6501309c062ab6ae2cbb3e68752a410aba70dd69465bcc1c
--> e547dead689f
[linux/arm64] [1/3] STEP 4/13: ENV HUSKY=0
--> Using cache 13503f31186008618312dc6891c4fa8e9571fffe610e0f472db58fdf6e46fc7f
--> 13503f311860
[linux/arm64] [1/3] STEP 5/13: COPY web/package*.json web/
--> aab2e78c8631
[linux/arm64] [1/3] STEP 6/13: COPY Makefile Makefile
--> ecce4b46532f
[linux/arm64] [1/3] STEP 7/13: RUN cd web && npm ci --legacy-peer-deps --ignore-scripts
npm warn deprecated rimraf@3.0.2: Rimraf versions prior to v4 are no longer supported
npm warn deprecated popper.js@1.16.1: You can find the new Popper v2 at @popperjs/core, this package is dedicated to the legacy v1
npm warn deprecated lodash.get@4.4.2: This package is deprecated. Use the optional chaining (?.) operator instead.
npm warn deprecated inflight@1.0.6: This module is not supported, and leaks memory. Do not use it. Check out lru-cache if you want a good and tested way to coalesce async requests by a key value, which is much more comprehensive and powerful.
npm warn deprecated i18next-parser@9.4.0: Project is deprecated, use i18next-cli instead
npm warn deprecated glob@7.2.3: Glob versions prior to v9 are no longer supported
npm warn deprecated eslint@8.57.1: This version is no longer supported. Please see https://eslint.org/version-support for other options.
npm warn deprecated @humanwhocodes/object-schema@2.0.3: Use @eslint/object-schema instead
npm warn deprecated @humanwhocodes/config-array@0.13.0: Use @eslint/config-array instead
npm warn deprecated glob@10.5.0: Old versions of glob are not supported, and contain widely publicized security vulnerabilities, which have been fixed in the current version. Please update. Support for old versions may be purchased (at exorbitant rates) by contacting i@izs.me

added 1755 packages, and audited 1756 packages in 2m

305 packages are looking for funding
  run `npm fund` for details

24 vulnerabilities (22 moderate, 2 high)

To address issues that do not require attention, run:
  npm audit fix

To address all issues (including breaking changes), run:
  npm audit fix --force

Run `npm audit` for details.
--> 67554728f75b
[linux/arm64] [1/3] STEP 8/13: COPY web/ web/
--> 56f6cc0e37e0
[linux/arm64] [1/3] STEP 9/13: COPY config/ config/
--> 8f50975723ab
[linux/arm64] [1/3] STEP 10/13: COPY scripts/update-plugin-name.sh scripts/update-plugin-name.sh
--> 2d130daa10cd
[linux/arm64] [1/3] STEP 11/13: RUN make update-plugin-name
./scripts/update-plugin-name.sh
--> b4ad53364a8c
[linux/arm64] [1/3] STEP 12/13: ENV I18N_NAMESPACE="plugin__monitoring-console-plugin"
--> 4749d76f9886
[linux/arm64] [1/3] STEP 13/13: RUN make build-frontend
cd web && npm run build

> monitoring-console-plugin@0.5.0 build
> npm run clean && NODE_ENV=production npm run ts-node node_modules/.bin/webpack


> monitoring-console-plugin@0.5.0 clean
> rm -rf dist


> monitoring-console-plugin@0.5.0 ts-node
> ts-node -O '{"module":"commonjs"}' node_modules/.bin/webpack

DEPRECATION WARNING [legacy-js-api]: The legacy JS API is deprecated and will be removed in Dart Sass 2.0.0.

More info: https://sass-lang.com/d/legacy-js-api

assets by path *.js 9.58 MiB
  assets by chunk 8.27 MiB (id hint: vendors)
    assets by status 7.3 MiB [big] 4 assets
    + 38 assets
  + 165 assets
assets by path assets/ 1.28 MiB
  assets by path assets/*.woff 740 KiB 42 assets
  assets by path assets/*.woff2 565 KiB 42 assets
  asset assets/restricted-sign..svg 2.38 KiB [emitted] [from: components/console/imgs/restricted-sign.svg] (auxiliary name: CmoAlertsPage, exposed-AlertRulesDetailsPage, exposed-AlertsDetailsPage, exposed-IncidentsPage, exposed-SilenceEditPage, exposed-SilencesDetailsPage, exposed-TargetsPage)
assets by path locales/ 115 KiB
  asset locales/en/plugin__monitoring-console-plugin.json 21.8 KiB [emitted] [from: ../locales/en/plugin__monitoring-console-plugin.json] [copied]
  asset locales/ja/plugin__monitoring-console-plugin.json 20.7 KiB [emitted] [from: ../locales/ja/plugin__monitoring-console-plugin.json] [copied]
  asset locales/fr/plugin__monitoring-console-plugin.json 19.3 KiB [emitted] [from: ../locales/fr/plugin__monitoring-console-plugin.json] [copied]
  + 3 assets
asset plugin-manifest.json 7.02 KiB [emitted]
orphan modules 19.4 MiB [orphan] 20194 modules
runtime modules 59.6 KiB 15 modules
built modules 17.8 MiB (javascript) 1.28 MiB (asset) 3.28 KiB (consume-shared) 3.04 KiB (share-init) [built]
  javascript modules 17.8 MiB 1732 modules
  asset modules 1.28 MiB (asset) 3.49 KiB (javascript)
    modules by path ../node_modules/@fontsource/inter/files/*.woff2 565 KiB (asset) 1.72 KiB (javascript) 42 modules
    modules by path ../node_modules/@fontsource/inter/files/*.woff 740 KiB (asset) 1.72 KiB (javascript) 42 modules
    ./components/console/imgs/restricted-sign.svg 2.38 KiB (asset) 42 bytes (javascript) [built] [code generated]
  consume-shared-module modules 3.28 KiB 80 modules
  provide-module modules 3.04 KiB
    modules by path provide shared module (default) @patternfly/react-core/dist/dynamic/ 1.93 KiB 47 modules
    modules by path provide shared module (default) @patternfly/react-icons/dist/dynamic/icons/ 1.03 KiB 25 modules
    modules by path provide shared module (default) @patternfly/react-table/dist/dynamic/components/ 84 bytes 2 modules
  ../node_modules/tlds/index.json 10.9 KiB [built] [code generated]

WARNING in asset size limit: The following asset(s) exceed the recommended size limit (244 KiB).
This can impact web performance.
Assets: 
  4617-chunk-d26499fbc029304a133e.min.js (311 KiB)
  9810-chunk-a64b894c03accad280e9.min.js (402 KiB)
  7534-chunk-43e5a98482d88225241c.min.js (2.08 MiB)
  8433-chunk-c91222c9e2cc31b48e7d.min.js (4.53 MiB)

webpack 5.105.2 compiled with 1 warning in 144101 ms
--> 182376872598
[linux/amd64] [3/3] STEP 1/8: FROM registry.redhat.io/rhel9-4-els/rhel:9.4
[linux/amd64] [3/3] STEP 2/8: RUN mkdir /licenses
--> 23975a9de2d1
[linux/amd64] [3/3] STEP 3/8: COPY LICENSE /licenses/.
--> 4f233d5682d9
[linux/amd64] [3/3] STEP 4/8: USER 1001
--> 8b903f9f583a
[linux/amd64] [3/3] STEP 5/8: COPY --from=web-builder /opt/app-root/web/dist /opt/app-root/web/dist
--> 713f9bb29726
[linux/amd64] [3/3] STEP 6/8: COPY --from=go-builder /opt/app-root/plugin-backend /opt/app-root
--> 9070311fc0a8
[linux/amd64] [3/3] STEP 7/8: COPY --from=web-builder /opt/app-root/config /opt/app-root/config
--> 0bb5290587c5
[linux/amd64] [3/3] STEP 8/8: ENTRYPOINT ["/opt/app-root/plugin-backend", "-static-path", "/opt/app-root/web/dist"]
[linux/amd64] [3/3] COMMIT
--> 6cd11612b848
[linux/arm64] [2/3] STEP 1/14: FROM brew.registry.redhat.io/rh-osbs/openshift-golang-builder:rhel_9_1.24 AS go-builder
6cd11612b8484e232dec93ee2a41dcb50ee7514384b8c5ed4b9c31746c505240
Trying to pull brew.registry.redhat.io/rh-osbs/openshift-golang-builder:rhel_9_1.24...
Getting image source signatures
Copying blob sha256:0b3425962862e4c28bb2a8c620101947643235ac8ec98ebf4dd6948f79db8178
Copying blob sha256:65442b90c1456946b65a513148c3e504c3e1ae3889d427d5b4526ba9cec3ea0e
Copying config sha256:6b75237990fc7d8f0d9c2ac0d8181360163689361a8fa8d7ae3709b82f0e5e4e
Writing manifest to image destination
[linux/arm64] [2/3] STEP 2/14: WORKDIR /opt/app-root
--> Using cache aea9d94c2242de8ddf13c9c1515d267f355a44b7072a087baf0ce923a7b09a4a
--> aea9d94c2242
[linux/arm64] [2/3] STEP 3/14: COPY Makefile Makefile
--> b39880f55328
[linux/arm64] [2/3] STEP 4/14: COPY go.mod go.mod
--> ff1e94eb5425
[linux/arm64] [2/3] STEP 5/14: COPY go.sum go.sum
--> 9a7c57f49eaf
[linux/arm64] [2/3] STEP 6/14: RUN make install-backend
go mod download
Go compliance shim [2] [rhel-9-golang-1.24][openshift-golang-builder]: assessment: CGO_ENABLED=1
Go compliance shim [2] [rhel-9-golang-1.24][openshift-golang-builder]: assessment: dynamic linking
Go compliance shim [2] [rhel-9-golang-1.24][openshift-golang-builder]: skipping forced compliance due to broad exemption
Go compliance shim [2] [rhel-9-golang-1.24][openshift-golang-builder]: EXEMPT: 1


Go compliance shim [2] [rhel-9-golang-1.24][openshift-golang-builder]: final command line arguments: "mod" "download" 

Go compliance shim [2] [rhel-9-golang-1.24][openshift-golang-builder]: invoking real go binary
Go compliance shim [2] [rhel-9-golang-1.24][openshift-golang-builder]: Exited with: 0
--> 00a93f6bbdba
[linux/arm64] [2/3] STEP 7/14: COPY cmd/ cmd/
--> b383249c3a80
[linux/arm64] [2/3] STEP 8/14: COPY pkg/ pkg/
--> e62a210015e9
[linux/arm64] [2/3] STEP 9/14: ENV GOOS=${TARGETOS:-linux}
--> bb97cd3d1f46
[linux/arm64] [2/3] STEP 10/14: ENV GOARCH=${TARGETARCH}
--> 1b12d6bc6df4
[linux/arm64] [2/3] STEP 11/14: ENV GOEXPERIMENT=strictfipsruntime
--> 2e5e075c91fd
[linux/arm64] [2/3] STEP 12/14: ENV GOFLAGS=-mod=readonly
--> ddcc9fe3ea91
[linux/arm64] [2/3] STEP 13/14: ENV CGO_ENABLED=1
--> 14893086f958
[linux/arm64] [2/3] STEP 14/14: RUN make build-backend
go build  -mod=readonly -o plugin-backend cmd/plugin-backend.go
Go compliance shim [2] [rhel-9-golang-1.24][openshift-golang-builder]: assessment: CGO_ENABLED=1
Go compliance shim [2] [rhel-9-golang-1.24][openshift-golang-builder]: assessment: dynamic linking
Go compliance shim [2] [rhel-9-golang-1.24][openshift-golang-builder]: skipping forced compliance due to broad exemption
Go compliance shim [2] [rhel-9-golang-1.24][openshift-golang-builder]: EXEMPT: 1


Go compliance shim [2] [rhel-9-golang-1.24][openshift-golang-builder]: final command line arguments: "build" "-mod=readonly" "-o" "plugin-backend" "cmd/plugin-backend.go" 

Go compliance shim [2] [rhel-9-golang-1.24][openshift-golang-builder]: invoking real go binary
Go compliance shim [2] [rhel-9-golang-1.24][openshift-golang-builder]: Exited with: 0
--> a57c3f0a58f9
[linux/arm64] [3/3] STEP 1/8: FROM registry.redhat.io/rhel9-4-els/rhel:9.4
Trying to pull registry.redhat.io/rhel9-4-els/rhel:9.4...
Getting image source signatures
Checking if image destination supports signatures
Copying blob sha256:79500177a417e8e03b63a0893e7e6b03f94ac7a605be761a51e28f082a16087f
Copying config sha256:62846c379ae900d8abe0855310d3d4e7ca7b0b21cc231d45bdfe5a0044988475
Writing manifest to image destination
Storing signatures
[linux/arm64] [3/3] STEP 2/8: RUN mkdir /licenses
--> f8dc51b9259e
[linux/arm64] [3/3] STEP 3/8: COPY LICENSE /licenses/.
--> 718c0742f682
[linux/arm64] [3/3] STEP 4/8: USER 1001
--> 84dd772af146
[linux/arm64] [3/3] STEP 5/8: COPY --from=web-builder /opt/app-root/web/dist /opt/app-root/web/dist
--> 622ef05a31a0
[linux/arm64] [3/3] STEP 6/8: COPY --from=go-builder /opt/app-root/plugin-backend /opt/app-root
--> 7ca5e6bb6d12
[linux/arm64] [3/3] STEP 7/8: COPY --from=web-builder /opt/app-root/config /opt/app-root/config
--> 60ed8eaa4104
[linux/arm64] [3/3] STEP 8/8: ENTRYPOINT ["/opt/app-root/plugin-backend", "-static-path", "/opt/app-root/web/dist"]
[linux/arm64] [3/3] COMMIT
--> a853b163ec73
a853b163ec73997ba2d2a95b861211a5104d91a05e3c91d3f7de32b3f71d86f8
podman manifest push quay.io/rh-ee-emurasak/monitoring-console-plugin:v0.5.4
Getting image list signatures
Copying 2 images generated from 2 images in list
Copying image sha256:2feedcdccdc103fcfdb65da8f47a16b77d4a9a788dfe00ac8d8b2e44b2252afd (1/2)
Getting image source signatures
Copying blob sha256:db9d7aca9b5bb9937f00b00bfbd2c34aebd4f366c6c2ac69014b3783749f82f2
Copying blob sha256:5b385a2e213ab300a5dda48d03be48202869c6a75f5e5d9a41b1764d67c8a1db
Copying blob sha256:74ea6a5315ac2a0a27a1e4e6f87703374739fbd596e872724a21ab09c6bdf5dd
Copying blob sha256:288514070483f8f2283f423a1e30054414a7eaa4cacee269a2321694ec65db17
Copying blob sha256:b1110c842c41cd606f32c61e6401c321e57851365ebb32ddbf438b953146c15d
Copying blob sha256:a4fecc59ab0011431ec3b27642658168ce3a7884abcf7d4faa78d98f25c95a8a
Copying config sha256:6cd11612b8484e232dec93ee2a41dcb50ee7514384b8c5ed4b9c31746c505240
Writing manifest to image destination
Copying image sha256:3536970712af7ad1628940b9bd5da04209393073bebf123f5a04a154eeb6aa79 (2/2)
Getting image source signatures
Copying blob sha256:abdb8cc72e3424e4355a57b5eaf69a820fc9a93b5ef3124d51f184bbf887b049
Copying blob sha256:fa2dbd6f83f6216b1873e5471dc52a57f50676fcfe0a359b60301e80d01224fa
Copying blob sha256:3428c013719eec72c7c519a66181e295369b598da6621dec8ff25ad8fefcfe6d
Copying blob sha256:56f087c15b8726b702af9aed7b85a8b6b03b09850482d47a86e44fe345db8052
Copying blob sha256:9d3fa088d4ef0414048c029bd6b97e3a22ed622a25c94e549cefffc5501d95ca
Copying blob sha256:fe5bfc4199e25cc47e11dd60ae3d83e4816584cd5f54a0dec556496a016b3fa3
Copying config sha256:a853b163ec73997ba2d2a95b861211a5104d91a05e3c91d3f7de32b3f71d86f8
Writing manifest to image destination
Writing manifest list to image destination
Storing list signatures
==========================================
Building distributed-tracing-console-plugin @ release-coo-ocp-4.22 with VERSION=v1.1.0 ORG=rh-ee-emurasak
==========================================
Switched to branch 'release-coo-ocp-4.22'
Your branch is up to date with 'origin/release-coo-ocp-4.22'.
From https://github.com/openshift/distributed-tracing-console-plugin
 * branch            release-coo-ocp-4.22 -> FETCH_HEAD
Already up to date.
--- Attempt 1/3 ---
podman manifest rm quay.io/rh-ee-emurasak/distributed-tracing-console-plugin:v1.1.0 || true
Error: quay.io/rh-ee-emurasak/distributed-tracing-console-plugin:v1.1.0: image not known
podman manifest create quay.io/rh-ee-emurasak/distributed-tracing-console-plugin:v1.1.0
ea5dd9ccc718f8b455292340c84e991e4ac0a63fb87e453d0ecb31ddc1293205
podman build --platform=linux/arm64,linux/amd64 --manifest quay.io/rh-ee-emurasak/distributed-tracing-console-plugin:v1.1.0 -f Dockerfile
[linux/arm64] [1/3] STEP 1/8: FROM registry.redhat.io/ubi8/nodejs-22:latest AS web-builder
Trying to pull registry.redhat.io/ubi8/nodejs-22:latest...
Getting image source signatures
Checking if image destination supports signatures
Copying blob sha256:061fa217b0881a08226357c52c1b20d8015686de5874fa61469c90f7b0f752a7
Copying blob sha256:e1de3abe41200e76a94241f1669175174b71b6f683a92b1d52ffc1ba0a8b8d0a
Copying blob sha256:be14e4bd5c48c79aa0c1bc73f7ad1515b7d2452caa02d5e74ad2e4fb3b70fa27
Copying config sha256:711ec0db03eb79f4fd84e49300b5ffcef0111fa55d5edc7b5743d0980aebb86f
Writing manifest to image destination
Storing signatures
[linux/arm64] [1/3] STEP 2/8: WORKDIR /opt/app-root
--> Using cache 6021fc743da2c270e56a41e84aa72d866c3ba57bf63917be68cd120813ed9026
--> 6021fc743da2
[linux/arm64] [1/3] STEP 3/8: USER 0
--> Using cache 332f870d7191280f6392190a04360edc9db948f0d85d754a619fa7d83cc7269f
--> 332f870d7191
[linux/arm64] [1/3] STEP 4/8: COPY web/package*.json web/
--> 070049e074ea
[linux/arm64] [1/3] STEP 5/8: COPY Makefile Makefile
--> 7f4d92c886c3
[linux/arm64] [1/3] STEP 6/8: RUN make install-frontend-ci-clean
cd web && npm ci --ignore-scripts --omit=optional
npm warn deprecated whatwg-encoding@3.1.1: Use @exodus/bytes instead for a more spec-conformant and faster implementation
npm warn deprecated rimraf@3.0.2: Rimraf versions prior to v4 are no longer supported
npm warn deprecated inflight@1.0.6: This module is not supported, and leaks memory. Do not use it. Check out lru-cache if you want a good and tested way to coalesce async requests by a key value, which is much more comprehensive and powerful.
npm warn deprecated glob@7.2.3: Glob versions prior to v9 are no longer supported
npm warn deprecated rimraf@2.7.1: Rimraf versions prior to v4 are no longer supported
npm warn deprecated glob@10.5.0: Old versions of glob are not supported, and contain widely publicized security vulnerabilities, which have been fixed in the current version. Please update. Support for old versions may be purchased (at exorbitant rates) by contacting i@izs.me
npm warn deprecated glob@10.5.0: Old versions of glob are not supported, and contain widely publicized security vulnerabilities, which have been fixed in the current version. Please update. Support for old versions may be purchased (at exorbitant rates) by contacting i@izs.me
npm warn deprecated glob@10.5.0: Old versions of glob are not supported, and contain widely publicized security vulnerabilities, which have been fixed in the current version. Please update. Support for old versions may be purchased (at exorbitant rates) by contacting i@izs.me
npm warn deprecated glob@10.5.0: Old versions of glob are not supported, and contain widely publicized security vulnerabilities, which have been fixed in the current version. Please update. Support for old versions may be purchased (at exorbitant rates) by contacting i@izs.me

added 1726 packages, and audited 1727 packages in 1m

310 packages are looking for funding
  run `npm fund` for details

27 vulnerabilities (1 low, 19 moderate, 7 high)

To address issues that do not require attention, run:
  npm audit fix

To address all issues (including breaking changes), run:
  npm audit fix --force

Run `npm audit` for details.
cd web && npm cache clean --force
npm warn using --force Recommended protections disabled.
--> 073db3cb112e
[linux/arm64] [1/3] STEP 7/8: COPY web/ web/
--> 369d22f2a00b
[linux/arm64] [1/3] STEP 8/8: RUN make build-frontend
cd web && npm run build

> distributed-tracing-console-plugin@1.0.0 build
> npm run clean && NODE_ENV=production npm run webpack


> distributed-tracing-console-plugin@1.0.0 clean
> rm -rf dist


> distributed-tracing-console-plugin@1.0.0 webpack
> node -r ts-node/register ./node_modules/.bin/webpack

assets by path assets/ 1.27 MiB
  assets by path assets/*.woff 740 KiB 42 assets
  assets by path assets/*.woff2 565 KiB
    asset assets/inter-latin-ext-600-normal..woff2 35.4 KiB [emitted] [from: ../node_modules/@fontsource/inter/files/inter-latin-ext-600-normal.woff2] (auxiliary id hint: vendors)
    + 41 assets
assets by path *.js 3.3 MiB
  assets by chunk 2.9 MiB (id hint: vendors)
    asset 9911-chunk-d5678a1d8861af23fdb1.min.js 2.59 MiB [emitted] [immutable] [minimized] [big] (id hint: vendors) 1 related asset
    asset 3864-chunk-a584ce5774a4b071dbe5.min.js 130 KiB [emitted] [immutable] [minimized] (id hint: vendors) 1 related asset
    asset 4123-chunk-55a800dcef5c3575529a.min.js 39.9 KiB [emitted] [immutable] [minimized] (id hint: vendors)
    + 9 assets
  + 66 assets
asset locales/en/plugin__distributed-tracing-console-plugin.json 4.29 KiB [emitted] [from: ../locales/en/plugin__distributed-tracing-console-plugin.json] [copied]
asset plugin-manifest.json 895 bytes [emitted]
orphan modules 21.1 MiB [orphan] 13444 modules
runtime modules 34.7 KiB 14 modules
built modules 10.2 MiB (javascript) 1.27 MiB (asset) 1.6 KiB (consume-shared) 1.39 KiB (share-init) [built]
  javascript modules 10.2 MiB 718 modules
  asset modules 1.27 MiB (asset) 3.45 KiB (javascript)
    modules by path ../node_modules/@fontsource/inter/files/*.woff2 565 KiB (asset) 1.72 KiB (javascript) 42 modules
    modules by path ../node_modules/@fontsource/inter/files/*.woff 740 KiB (asset) 1.72 KiB (javascript) 42 modules
  consume-shared-module modules 1.6 KiB
    modules by path consume shared module (default) @patternfly/ 1.39 KiB 34 modules
    modules by path *.1 (singleton) 84 bytes 2 modules
    + 3 modules
  provide-module modules 1.39 KiB
    modules by path provide shared module (default) @patternfly/react-core/dist/dynamic/ 924 bytes 22 modules
    modules by path provide shared module (default) @patternfly/react-icons/dist/dynamic/icons/ 504 bytes 12 modules

WARNING in asset size limit: The following asset(s) exceed the recommended size limit (244 KiB).
This can impact web performance.
Assets: 
  9911-chunk-d5678a1d8861af23fdb1.min.js (2.59 MiB)

webpack 5.106.2 compiled with 1 warning in 121338 ms
--> a1fcf6d85163
[linux/arm64] [2/3] STEP 1/11: FROM brew.registry.redhat.io/rh-osbs/openshift-golang-builder:rhel_9_1.25 AS go-builder
Trying to pull brew.registry.redhat.io/rh-osbs/openshift-golang-builder:rhel_9_1.25...
Getting image source signatures
Copying blob sha256:b98d37c87f15536538dc20373f6feca81ccf73779a63f168b7855ce2c2360cff
Copying blob sha256:9e9bee4738d78cc5b8c68706e99751b669394b1e52ebb360fabf583fee381119
Copying config sha256:6cc0ec0f03bcbce80b198dae197eb1ca379eb2fa2e7f2e456cf01f6464e2b1ec
Writing manifest to image destination
[linux/arm64] [2/3] STEP 2/11: WORKDIR /opt/app-root
--> Using cache af15418c523c6ae5be063fbd248ca6446c99a7221939395a2d0d9bca5f7146f0
--> af15418c523c
[linux/arm64] [2/3] STEP 3/11: COPY Makefile Makefile
--> Using cache 1160819a325ca7d07edb09242f48d7d5863d88eb07f37fc10e0368240f084c92
--> 1160819a325c
[linux/arm64] [2/3] STEP 4/11: COPY go.mod go.mod
--> Using cache 35a119f700e76a3a3565111d5e5539d57b520492b9e9e4f7a998f0da2f221648
--> 35a119f700e7
[linux/arm64] [2/3] STEP 5/11: COPY go.sum go.sum
--> Using cache a86493e19e3befe4da5d8166c2b3c7a5e21526950ea9d99d8872c95bf388bc98
--> a86493e19e3b
[linux/arm64] [2/3] STEP 6/11: RUN go mod download
--> Using cache 2f79576227aa429b0ed81ad946f7428ed45a678732c725854aef0fd59a69db0a
--> 2f79576227aa
[linux/arm64] [2/3] STEP 7/11: COPY cmd/ cmd/
--> Using cache 5b74cd20fc76c69a6d92cd05a2040496e038903a856d3275467a8b6524de61d4
--> 5b74cd20fc76
[linux/arm64] [2/3] STEP 8/11: COPY pkg/ pkg/
--> Using cache e3caecdb459ac48c491c4b7c690f3939581b931164611e79a1fed68d34105117
--> e3caecdb459a
[linux/arm64] [2/3] STEP 9/11: ENV GOEXPERIMENT=strictfipsruntime
--> Using cache 7f2ce3f8daa22e7d26d47b4542dbb624ff592b29c668e5657b1e921bac9a63f9
--> 7f2ce3f8daa2
[linux/arm64] [2/3] STEP 10/11: ENV CGO_ENABLED=1
--> Using cache 4e7c2a207b4f66bedf87c35b93cc395cf2a5f0e9ee9a3f3bec660c6f244f4887
--> 4e7c2a207b4f
[linux/arm64] [2/3] STEP 11/11: RUN make build-backend BUILD_OPTS="-tags strictfipsruntime"
--> Using cache 26448eb85d5cb0d6d82696f4223bb3935c5e25992775b4040e3188b8150d8770
--> 26448eb85d5c
[linux/amd64] [1/3] STEP 1/8: FROM registry.redhat.io/ubi8/nodejs-22:latest AS web-builder
Trying to pull registry.redhat.io/ubi8/nodejs-22:latest...
Getting image source signatures
Checking if image destination supports signatures
Copying blob sha256:1f445a7c58d045b44fa5a56dbb4d0e9fa03e8680db6cf9319d9d561c0191632f
Copying blob sha256:b659079ce01565873eb67c4d47f0a94a60731d09351f7acfef987e5a525230aa
Copying blob sha256:21534294e787fc96343978989fe438bd9c6b835220e7ab6102d5b3909e617005
Copying config sha256:71f7f3bc92fbe08f866a9219a974de6f048963cbb186a265c0d919db324aaf33
Writing manifest to image destination
Storing signatures
[linux/amd64] [1/3] STEP 2/8: WORKDIR /opt/app-root
--> Using cache 5257826cd66a6b8fb36255b1e8ea10e438500446849dbcd90b30b8db2433aa8e
--> 5257826cd66a
[linux/amd64] [1/3] STEP 3/8: USER 0
--> Using cache 21336b8d74967a5a8a3e9824f9a28ffd284544c25d2ae0ee7324f6f47a05268e
--> 21336b8d7496
[linux/amd64] [1/3] STEP 4/8: COPY web/package*.json web/
--> 0d78dbdb05d8
[linux/amd64] [1/3] STEP 5/8: COPY Makefile Makefile
--> 5458fcfbfaef
[linux/amd64] [1/3] STEP 6/8: RUN make install-frontend-ci-clean
cd web && npm ci --ignore-scripts --omit=optional
npm warn deprecated whatwg-encoding@3.1.1: Use @exodus/bytes instead for a more spec-conformant and faster implementation
npm warn deprecated rimraf@3.0.2: Rimraf versions prior to v4 are no longer supported
npm warn deprecated inflight@1.0.6: This module is not supported, and leaks memory. Do not use it. Check out lru-cache if you want a good and tested way to coalesce async requests by a key value, which is much more comprehensive and powerful.
npm warn deprecated glob@7.2.3: Glob versions prior to v9 are no longer supported
npm warn deprecated rimraf@2.7.1: Rimraf versions prior to v4 are no longer supported
npm warn deprecated glob@10.5.0: Old versions of glob are not supported, and contain widely publicized security vulnerabilities, which have been fixed in the current version. Please update. Support for old versions may be purchased (at exorbitant rates) by contacting i@izs.me
npm warn deprecated glob@10.5.0: Old versions of glob are not supported, and contain widely publicized security vulnerabilities, which have been fixed in the current version. Please update. Support for old versions may be purchased (at exorbitant rates) by contacting i@izs.me
npm warn deprecated glob@10.5.0: Old versions of glob are not supported, and contain widely publicized security vulnerabilities, which have been fixed in the current version. Please update. Support for old versions may be purchased (at exorbitant rates) by contacting i@izs.me
npm warn deprecated glob@10.5.0: Old versions of glob are not supported, and contain widely publicized security vulnerabilities, which have been fixed in the current version. Please update. Support for old versions may be purchased (at exorbitant rates) by contacting i@izs.me

added 1726 packages, and audited 1727 packages in 1m

310 packages are looking for funding
  run `npm fund` for details

27 vulnerabilities (1 low, 19 moderate, 7 high)

To address issues that do not require attention, run:
  npm audit fix

To address all issues (including breaking changes), run:
  npm audit fix --force

Run `npm audit` for details.
cd web && npm cache clean --force
npm warn using --force Recommended protections disabled.
--> c9db90bd538c
[linux/amd64] [1/3] STEP 7/8: COPY web/ web/
--> ea7b96889530
[linux/amd64] [1/3] STEP 8/8: RUN make build-frontend
cd web && npm run build

> distributed-tracing-console-plugin@1.0.0 build
> npm run clean && NODE_ENV=production npm run webpack


> distributed-tracing-console-plugin@1.0.0 clean
> rm -rf dist


> distributed-tracing-console-plugin@1.0.0 webpack
> node -r ts-node/register ./node_modules/.bin/webpack

assets by path assets/ 1.27 MiB
  assets by path assets/*.woff 740 KiB 42 assets
  assets by path assets/*.woff2 565 KiB
    asset assets/inter-latin-ext-600-normal..woff2 35.4 KiB [emitted] [from: ../node_modules/@fontsource/inter/files/inter-latin-ext-600-normal.woff2] (auxiliary id hint: vendors)
    + 41 assets
assets by path *.js 3.3 MiB
  assets by chunk 2.9 MiB (id hint: vendors)
    asset 9911-chunk-d5678a1d8861af23fdb1.min.js 2.59 MiB [emitted] [immutable] [minimized] [big] (id hint: vendors) 1 related asset
    asset 3864-chunk-a584ce5774a4b071dbe5.min.js 130 KiB [emitted] [immutable] [minimized] (id hint: vendors) 1 related asset
    asset 4123-chunk-55a800dcef5c3575529a.min.js 39.9 KiB [emitted] [immutable] [minimized] (id hint: vendors)
    + 9 assets
  + 66 assets
asset locales/en/plugin__distributed-tracing-console-plugin.json 4.29 KiB [emitted] [from: ../locales/en/plugin__distributed-tracing-console-plugin.json] [copied]
asset plugin-manifest.json 895 bytes [emitted]
orphan modules 21.1 MiB [orphan] 13444 modules
runtime modules 34.7 KiB 14 modules
built modules 10.2 MiB (javascript) 1.27 MiB (asset) 1.6 KiB (consume-shared) 1.39 KiB (share-init) [built]
  javascript modules 10.2 MiB 718 modules
  asset modules 1.27 MiB (asset) 3.45 KiB (javascript)
    modules by path ../node_modules/@fontsource/inter/files/*.woff2 565 KiB (asset) 1.72 KiB (javascript) 42 modules
    modules by path ../node_modules/@fontsource/inter/files/*.woff 740 KiB (asset) 1.72 KiB (javascript) 42 modules
  consume-shared-module modules 1.6 KiB
    modules by path consume shared module (default) @patternfly/ 1.39 KiB 34 modules
    modules by path *.1 (singleton) 84 bytes 2 modules
    + 3 modules
  provide-module modules 1.39 KiB
    modules by path provide shared module (default) @patternfly/react-core/dist/dynamic/ 924 bytes 22 modules
    modules by path provide shared module (default) @patternfly/react-icons/dist/dynamic/icons/ 504 bytes 12 modules

WARNING in asset size limit: The following asset(s) exceed the recommended size limit (244 KiB).
This can impact web performance.
Assets: 
  9911-chunk-d5678a1d8861af23fdb1.min.js (2.59 MiB)

webpack 5.106.2 compiled with 1 warning in 144982 ms
--> 937adda54193
[linux/arm64] [3/3] STEP 1/4: FROM registry.access.redhat.com/ubi9/ubi-minimal
Trying to pull registry.access.redhat.com/ubi9/ubi-minimal:latest...
Getting image source signatures
Checking if image destination supports signatures
Copying blob sha256:7db43598c7e47cf895f880f92e3cee9c07787091c97802ea3f2bea8fa4848040
Copying config sha256:64826a3b202499f826f4af0dc0afdbd7fd6681218074b7ea7ed3969c6e12009e
Writing manifest to image destination
Storing signatures
[linux/arm64] [3/3] STEP 2/4: COPY --from=web-builder /opt/app-root/web/dist /opt/app-root/web/dist
--> 4ea699a2bdd4
[linux/arm64] [3/3] STEP 3/4: COPY --from=go-builder /opt/app-root/plugin-backend /opt/app-root
--> 5f790845478c
[linux/arm64] [3/3] STEP 4/4: ENTRYPOINT ["/opt/app-root/plugin-backend", "-static-path", "/opt/app-root/web/dist", "-config-path", "/opt/app-root/web/dist"]
[linux/arm64] [3/3] COMMIT
--> 70252b57e4f7
[linux/amd64] [2/3] STEP 1/11: FROM brew.registry.redhat.io/rh-osbs/openshift-golang-builder:rhel_9_1.25 AS go-builder
70252b57e4f7d8ec195ccb1048a39ee4bead588215c95d340912dfb203b4226a
Trying to pull brew.registry.redhat.io/rh-osbs/openshift-golang-builder:rhel_9_1.25...
Getting image source signatures
Copying blob sha256:07b4b7296fb976a7b266e7a81c8e2cef5b0047bd20db6025d084fb8b608e05ed
Copying blob sha256:cb8cee91bb10a151d5f47bfaeade03a136feecdd326326b1bb7ffb26c45f6de8
Copying config sha256:e218eae4db33b56e53cba7f172626764546c2a49403ee52a4a6779724a202367
Writing manifest to image destination
[linux/amd64] [2/3] STEP 2/11: WORKDIR /opt/app-root
--> Using cache 3cec27160771f62f005ada8116e7b9de5fb43ccce71f22fcd7cd65c1dfe7da23
--> 3cec27160771
[linux/amd64] [2/3] STEP 3/11: COPY Makefile Makefile
--> Using cache 4b5aba52936a7a461f2d9fb250aaaac868d1b31d677d9cba1fc6a1582c7c4552
--> 4b5aba52936a
[linux/amd64] [2/3] STEP 4/11: COPY go.mod go.mod
--> Using cache 17584e8fa8f8b4d06cc6ddfb2cb2f1be3574b7e40d5aa5d913f2d9dec3b8fdc5
--> 17584e8fa8f8
[linux/amd64] [2/3] STEP 5/11: COPY go.sum go.sum
--> Using cache f0f8130cd8028d9f860b3dc23eca14d4a7f0f352b0f8bd8bc0a5471d59fb9b78
--> f0f8130cd802
[linux/amd64] [2/3] STEP 6/11: RUN go mod download
--> Using cache d6e5c57a98bdeb62685166a8b29550f4cf3c2b813e0dac1cffcb2a5246411881
--> d6e5c57a98bd
[linux/amd64] [2/3] STEP 7/11: COPY cmd/ cmd/
--> Using cache 05f04af49c397b0fb318279bde9875854d63e2b0ed314261f9dd19768170d66f
--> 05f04af49c39
[linux/amd64] [2/3] STEP 8/11: COPY pkg/ pkg/
--> Using cache 5e38f2d208a0d258d52b156e7716a09d1d8d31536123c51531c92ad7d6daa046
--> 5e38f2d208a0
[linux/amd64] [2/3] STEP 9/11: ENV GOEXPERIMENT=strictfipsruntime
--> Using cache 6ca39e9a863e51f01e457c420ec45ef82240508e489635f3c3bef03c95a095c1
--> 6ca39e9a863e
[linux/amd64] [2/3] STEP 10/11: ENV CGO_ENABLED=1
--> Using cache 779f4ef8fd477e341d23635ca03c95fefa24a5cee918a95b33b91c36f15da975
--> 779f4ef8fd47
[linux/amd64] [2/3] STEP 11/11: RUN make build-backend BUILD_OPTS="-tags strictfipsruntime"
--> Using cache c85c72ec097a23175386999f6d2bd9beb683f211b06657e219801886d532582f
--> c85c72ec097a
[linux/amd64] [3/3] STEP 1/4: FROM registry.access.redhat.com/ubi9/ubi-minimal
Trying to pull registry.access.redhat.com/ubi9/ubi-minimal:latest...
Getting image source signatures
Checking if image destination supports signatures
Copying blob sha256:dd148063a98f38d63a03cea2357d237d418889b91f204f507c033c944e443f45
Copying config sha256:6efa28c44703806c7c6ccb45ef6f4edc45ae794e0c0b28a1902cc64fece71ffc
Writing manifest to image destination
Storing signatures
[linux/amd64] [3/3] STEP 2/4: COPY --from=web-builder /opt/app-root/web/dist /opt/app-root/web/dist
--> 459aab1a5283
[linux/amd64] [3/3] STEP 3/4: COPY --from=go-builder /opt/app-root/plugin-backend /opt/app-root
--> 6ae774239df3
[linux/amd64] [3/3] STEP 4/4: ENTRYPOINT ["/opt/app-root/plugin-backend", "-static-path", "/opt/app-root/web/dist", "-config-path", "/opt/app-root/web/dist"]
[linux/amd64] [3/3] COMMIT
--> e27a6e81894b
e27a6e81894b9807b5458f65d692af9c760746891ad42486da48d3ca229a91a5
podman manifest push quay.io/rh-ee-emurasak/distributed-tracing-console-plugin:v1.1.0
Getting image list signatures
Copying 2 images generated from 2 images in list
Copying image sha256:ef2755dee8d54ed86d714233ce167c192ae8fbc7c7d6e9c448d1f4ef82ca695e (1/2)
Getting image source signatures
Copying blob sha256:ecea82ec9ba8bf2fa439ebb080ea1de54295f1cf63c5b086b5542bd7290ab71d
Copying blob sha256:87ffd1222d3aba6da5d67bbd7ef9cecba3a3830806163e678ae01cc57cd03d5e
Copying blob sha256:22aaa94be16c0431ea38fcac29a1ff4a59fffbf160a52c9957ea016a0593ec50
Copying config sha256:70252b57e4f7d8ec195ccb1048a39ee4bead588215c95d340912dfb203b4226a
Writing manifest to image destination
Copying image sha256:aeed2f8e887fb142bcac3fdfa67a3f50f479d6d1bf56c96f997f99579bb0ac3b (2/2)
Getting image source signatures
Copying blob sha256:d648cd96a504e791c1b23e59b44c896648fa302ad36e4b6ce134d12a4ac0c420
Copying blob sha256:fc619adba729ec24fef75235acd9b59c5e52bdef3e16a3803a6e9e3022ba748b
Copying blob sha256:9296e40754c24287ef4f2264696eac844f2461d7f753a4f2b95a95c88c5e5b8a
Copying config sha256:e27a6e81894b9807b5458f65d692af9c760746891ad42486da48d3ca229a91a5
Writing manifest to image destination
Writing manifest list to image destination
Storing list signatures
==========================================
Building troubleshooting-panel-console-plugin @ release-coo-ocp-4.22 with VERSION=v1.0.0 ORG=rh-ee-emurasak
==========================================
Switched to branch 'release-coo-ocp-4.22'
Your branch is up to date with 'origin/release-coo-ocp-4.22'.
From https://github.com/openshift/troubleshooting-panel-console-plugin
 * branch            release-coo-ocp-4.22 -> FETCH_HEAD
Already up to date.
--- Attempt 1/3 ---
podman manifest rm quay.io/rh-ee-emurasak/troubleshooting-panel-console-plugin:v1.0.0 || true
Error: quay.io/rh-ee-emurasak/troubleshooting-panel-console-plugin:v1.0.0: image not known
podman manifest create quay.io/rh-ee-emurasak/troubleshooting-panel-console-plugin:v1.0.0
07d1cda7f542eb4a2da3839b0e702c56494cafc867d8400bc120a2e1d81d4420
podman build --platform=linux/arm64,linux/amd64 --manifest quay.io/rh-ee-emurasak/troubleshooting-panel-console-plugin:v1.0.0 -f Dockerfile
[linux/amd64] [1/3] STEP 1/8: FROM registry.access.redhat.com/ubi8/nodejs-22:latest AS web-builder
Trying to pull registry.access.redhat.com/ubi8/nodejs-22:latest...
Getting image source signatures
Checking if image destination supports signatures
Copying blob sha256:1f445a7c58d045b44fa5a56dbb4d0e9fa03e8680db6cf9319d9d561c0191632f
Copying blob sha256:b659079ce01565873eb67c4d47f0a94a60731d09351f7acfef987e5a525230aa
Copying blob sha256:21534294e787fc96343978989fe438bd9c6b835220e7ab6102d5b3909e617005
Copying config sha256:71f7f3bc92fbe08f866a9219a974de6f048963cbb186a265c0d919db324aaf33
Writing manifest to image destination
Storing signatures
[linux/amd64] [1/3] STEP 2/8: WORKDIR /opt/app-root
--> Using cache 5257826cd66a6b8fb36255b1e8ea10e438500446849dbcd90b30b8db2433aa8e
--> 5257826cd66a
[linux/amd64] [1/3] STEP 3/8: USER 0
--> Using cache 21336b8d74967a5a8a3e9824f9a28ffd284544c25d2ae0ee7324f6f47a05268e
--> 21336b8d7496
[linux/amd64] [1/3] STEP 4/8: COPY web/package*.json web/
--> b875260efce0
[linux/amd64] [1/3] STEP 5/8: COPY Makefile Makefile
--> 2a11d49bf05f
[linux/amd64] [1/3] STEP 6/8: RUN make install-frontend
cd web && npm install
npm warn deprecated whatwg-encoding@3.1.1: Use @exodus/bytes instead for a more spec-conformant and faster implementation
npm warn deprecated rimraf@3.0.2: Rimraf versions prior to v4 are no longer supported
npm warn deprecated popper.js@1.16.1: You can find the new Popper v2 at @popperjs/core, this package is dedicated to the legacy v1
npm warn deprecated inflight@1.0.6: This module is not supported, and leaks memory. Do not use it. Check out lru-cache if you want a good and tested way to coalesce async requests by a key value, which is much more comprehensive and powerful.
npm warn deprecated i18next-parser@9.4.0: Project is deprecated, use i18next-cli instead
npm warn deprecated glob@7.2.3: Old versions of glob are not supported, and contain widely publicized security vulnerabilities, which have been fixed in the current version. Please update. Support for old versions may be purchased (at exorbitant rates) by contacting i@izs.me
npm warn deprecated domexception@4.0.0: Use your platform's native DOMException instead
npm warn deprecated abab@2.0.6: Use your platform's native atob() and btoa() methods instead
npm warn deprecated @fortawesome/react-fontawesome@0.2.6: v0.2.x is no longer supported. Unless you are still using FontAwesome 5, please update to v3.1.1 or greater.
npm warn deprecated glob@10.5.0: Old versions of glob are not supported, and contain widely publicized security vulnerabilities, which have been fixed in the current version. Please update. Support for old versions may be purchased (at exorbitant rates) by contacting i@izs.me
npm warn deprecated whatwg-encoding@2.0.0: Use @exodus/bytes instead for a more spec-conformant and faster implementation
npm warn deprecated whatwg-encoding@2.0.0: Use @exodus/bytes instead for a more spec-conformant and faster implementation
npm warn deprecated glob@10.5.0: Old versions of glob are not supported, and contain widely publicized security vulnerabilities, which have been fixed in the current version. Please update. Support for old versions may be purchased (at exorbitant rates) by contacting i@izs.me

added 1556 packages, and audited 1557 packages in 2m

329 packages are looking for funding
  run `npm fund` for details

28 vulnerabilities (2 low, 20 moderate, 6 high)

To address issues that do not require attention, run:
  npm audit fix

To address all issues (including breaking changes), run:
  npm audit fix --force

Run `npm audit` for details.
--> 2bff1e8feb0a
[linux/amd64] [1/3] STEP 7/8: COPY web/ web/
--> a2a558955779
[linux/amd64] [1/3] STEP 8/8: RUN make build-frontend
cd web && npm run lint && npm run lint:tsc

> troubleshooting-panel-console-plugin@0.4.0 lint
> eslint ./src --fix &&  stylelint "src/**/*.css" --allow-empty-input --fix


> troubleshooting-panel-console-plugin@0.4.0 lint:tsc
> tsc --noEmit

cd web && npm run i18n && npm run build

> troubleshooting-panel-console-plugin@0.4.0 i18n
> i18n-scripts/build-i18n.sh && node i18n-scripts/set-english-defaults.js

+ FILE_PATTERN='{!(dist|node_modules)/**/*.{js,jsx,ts,tsx,json},*.{js,jsx,ts,tsx,json}}'
+ i18next '{!(dist|node_modules)/**/*.{js,jsx,ts,tsx,json},*.{js,jsx,ts,tsx,json}}' '[-oc]' -c ./i18next-parser.config.js -o 'locales/$LOCALE/$NAMESPACE.json'

  i18next Parser
  --------------
  Input:  {!(dist|node_modules)/**/*.{js,jsx,ts,tsx,json},*.{js,jsx,ts,tsx,json}}, [-oc]
  Output: locales/$LOCALE/$NAMESPACE.json

  [read]    /opt/app-root/web/console-extensions.json
  [read]    /opt/app-root/web/cypress.config.ts
  [read]    /opt/app-root/web/cypress/e2e/acceptance.cy.ts
  [read]    /opt/app-root/web/cypress/fixtures/data-test.ts
  [read]    /opt/app-root/web/cypress/support/commands/auth-commands.ts
  [read]    /opt/app-root/web/cypress/support/commands/env.ts
  [read]    /opt/app-root/web/cypress/support/commands/selector-commands.ts
  [read]    /opt/app-root/web/cypress/support/commands/troubeshoot-commands.ts
  [read]    /opt/app-root/web/cypress/support/commands/utility-commands.ts
  [read]    /opt/app-root/web/cypress/support/e2e.ts
  [read]    /opt/app-root/web/cypress/tsconfig.json
  [read]    /opt/app-root/web/cypress/views/nav.ts
  [read]    /opt/app-root/web/cypress/views/tour.ts
  [read]    /opt/app-root/web/cypress/views/utils.ts
  [read]    /opt/app-root/web/eslint.config.ts
  [read]    /opt/app-root/web/i18n-scripts/common.js
  [read]    /opt/app-root/web/i18n-scripts/set-english-defaults.js
  [read]    /opt/app-root/web/i18next-parser.config.js
  [read]    /opt/app-root/web/jest.config.js
  [read]    /opt/app-root/web/locales/en/plugin__troubleshooting-panel-console-plugin.json
  [read]    /opt/app-root/web/openapi-ts.config.ts
  [read]    /opt/app-root/web/package-lock.json
  [read]    /opt/app-root/web/package.json
  [read]    /opt/app-root/web/src/__tests__/agentNavigation.spec.ts
  [read]    /opt/app-root/web/src/__tests__/alert.spec.ts
  [read]    /opt/app-root/web/src/__tests__/icons-preview.spec.tsx
  [read]    /opt/app-root/web/src/__tests__/k8s.spec.ts
  [read]    /opt/app-root/web/src/__tests__/log.spec.ts
  [read]    /opt/app-root/web/src/__tests__/metric.spec.ts
  [read]    /opt/app-root/web/src/__tests__/netflow.spec.ts
  [read]    /opt/app-root/web/src/__tests__/status.spec.ts
  [read]    /opt/app-root/web/src/__tests__/time.spec.ts
  [read]    /opt/app-root/web/src/__tests__/trace.spec.ts
  [read]    /opt/app-root/web/src/__tests__/types.spec.ts
  [read]    /opt/app-root/web/src/components/AdvancedSearchForm.tsx
  [read]    /opt/app-root/web/src/components/AgentMenu.tsx
  [read]    /opt/app-root/web/src/components/AIExperienceIcon.tsx
  [read]    /opt/app-root/web/src/components/DateTimePicker.tsx
  [read]    /opt/app-root/web/src/components/DateTimeRangePicker.tsx
  [read]    /opt/app-root/web/src/components/HelpPopover.tsx
  [read]    /opt/app-root/web/src/components/icons.tsx
  [read]    /opt/app-root/web/src/components/Korrel8rPanel.tsx
  [read]    /opt/app-root/web/src/components/KubernetesIcon.tsx
  [read]    /opt/app-root/web/src/components/NullContextProvider.tsx
  [read]    /opt/app-root/web/src/components/Popover.tsx
  [read]    /opt/app-root/web/src/components/TimeRangeDropdown.tsx
  [read]    /opt/app-root/web/src/components/TimeUnitPicker.tsx
  [read]    /opt/app-root/web/src/components/topology/Korrel8rTopology.tsx
  [read]    /opt/app-root/web/src/components/topology/status.ts
  [read]    /opt/app-root/web/src/encoder-shim.ts
  [read]    /opt/app-root/web/src/getResources.ts
  [read]    /opt/app-root/web/src/hooks/useAgentNavigation.ts
  [read]    /opt/app-root/web/src/hooks/useBoolean.ts
  [read]    /opt/app-root/web/src/hooks/useDomains.tsx
  [read]    /opt/app-root/web/src/hooks/useFeatures.ts
  [read]    /opt/app-root/web/src/hooks/useLocationQuery.ts
  [read]    /opt/app-root/web/src/hooks/useNavigateToQuery.ts
  [read]    /opt/app-root/web/src/hooks/usePluginAvailable.ts
  [read]    /opt/app-root/web/src/hooks/usePopover.tsx
  [read]    /opt/app-root/web/src/hooks/useTimeUnitLabel.tsx
  [read]    /opt/app-root/web/src/hooks/useTroubleshootingPanel.tsx
  [read]    /opt/app-root/web/src/index.d.ts
  [read]    /opt/app-root/web/src/korrel8r-client.ts
  [read]    /opt/app-root/web/src/korrel8r/alert.ts
  [read]    /opt/app-root/web/src/korrel8r/client/client.gen.ts
  [read]    /opt/app-root/web/src/korrel8r/client/client/client.gen.ts
  [read]    /opt/app-root/web/src/korrel8r/client/client/index.ts
  [read]    /opt/app-root/web/src/korrel8r/client/client/types.gen.ts
  [read]    /opt/app-root/web/src/korrel8r/client/client/utils.gen.ts
  [read]    /opt/app-root/web/src/korrel8r/client/core/auth.gen.ts
  [read]    /opt/app-root/web/src/korrel8r/client/core/bodySerializer.gen.ts
  [read]    /opt/app-root/web/src/korrel8r/client/core/params.gen.ts
  [read]    /opt/app-root/web/src/korrel8r/client/core/pathSerializer.gen.ts
  [read]    /opt/app-root/web/src/korrel8r/client/core/queryKeySerializer.gen.ts
  [read]    /opt/app-root/web/src/korrel8r/client/core/serverSentEvents.gen.ts
  [read]    /opt/app-root/web/src/korrel8r/client/core/types.gen.ts
  [read]    /opt/app-root/web/src/korrel8r/client/core/utils.gen.ts
  [read]    /opt/app-root/web/src/korrel8r/client/index.ts
  [read]    /opt/app-root/web/src/korrel8r/client/sdk.gen.ts
  [read]    /opt/app-root/web/src/korrel8r/client/types.gen.ts
  [read]    /opt/app-root/web/src/korrel8r/k8s.ts
  [read]    /opt/app-root/web/src/korrel8r/log.ts
  [read]    /opt/app-root/web/src/korrel8r/metric.ts
  [read]    /opt/app-root/web/src/korrel8r/netflow.ts
  [read]    /opt/app-root/web/src/korrel8r/trace.ts
  [read]    /opt/app-root/web/src/korrel8r/types.ts
  [read]    /opt/app-root/web/src/redux-actions.ts
  [read]    /opt/app-root/web/src/redux-reducers.ts
  [read]    /opt/app-root/web/src/sleep.ts
  [read]    /opt/app-root/web/src/time.ts
  [read]    /opt/app-root/web/tsconfig.json
  [read]    /opt/app-root/web/webpack.config.ts
  [write]   /opt/app-root/web/locales/en/plugin__troubleshooting-panel-console-plugin.json

  Stats:  92 files were parsed

> troubleshooting-panel-console-plugin@0.4.0 build
> npm run clean && npm run ts-node node_modules/.bin/webpack


> troubleshooting-panel-console-plugin@0.4.0 clean
> rm -rf dist


> troubleshooting-panel-console-plugin@0.4.0 ts-node
> ts-node -O '{"module":"commonjs"}' node_modules/.bin/webpack

assets by path *.js 4.65 MiB
  assets by chunk 3.63 MiB (id hint: vendors)
    asset vendors-node_modules_fortawesome_react-fontawesome_index_es_js-node_modules_patternfly_react--68e614-chunk.js 1.4 MiB [emitted] (id hint: vendors) 1 related asset
    asset vendors-node_modules_patternfly_react-core_dist_esm_helpers_Popper_Popper_js-chunk.js 1.16 MiB [emitted] (id hint: vendors) 1 related asset
    asset vendors-node_modules_immutable_dist_immutable_es_js-node_modules_typesafe-actions_dist_typesa-cdf261-chunk.js 183 KiB [emitted] (id hint: vendors) 1 related asset
    asset vendors-node_modules_patternfly_react-core_dist_esm_components_DatePicker_index_js-chunk.js 94.8 KiB [emitted] (id hint: vendors) 1 related asset
    asset vendors-node_modules_patternfly_react-core_dist_esm_components_Menu_Menu_js-node_modules_patt-b35725-chunk.js 90.8 KiB [emitted] (id hint: vendors) 1 related asset
    asset vendors-node_modules_patternfly_react-core_dist_esm_helpers_FocusTrap_FocusTrap_js-node_modul-246622-chunk.js 80.1 KiB [emitted] (id hint: vendors) 1 related asset
    asset vendors-node_modules_patternfly_react-core_dist_esm_components_Form_index_js-chunk.js 63.3 KiB [emitted] (id hint: vendors) 1 related asset
    asset vendors-node_modules_patternfly_react-core_dist_esm_components_TimePicker_index_js-chunk.js 56.3 KiB [emitted] (id hint: vendors) 1 related asset
    asset vendors-node_modules_patternfly_react-core_dist_esm_components_EmptyState_index_js-chunk.js 54.1 KiB [emitted] (id hint: vendors) 1 related asset
    + 13 assets
  + 80 assets
asset locales/en/plugin__troubleshooting-panel-console-plugin.json 3.63 KiB [emitted] [from: ../locales/en/plugin__troubleshooting-panel-console-plugin.json] [copied]
asset plugin-manifest.json 1.19 KiB [emitted]
orphan modules 48.9 KiB [orphan] 73 modules
runtime modules 87 KiB 12 modules
javascript modules 3.2 MiB 394 modules
consume-shared-module modules 2.01 KiB
  modules by path consume shared module (default) @patternfly/ 1.8 KiB 44 modules
  modules by path *.1 (singleton) 84 bytes 2 modules
  + 3 modules
provide-module modules 1.76 KiB
  modules by path provide shared module (default) @patternfly/react-core/dist/dynamic/ 1.19 KiB 29 modules
  modules by path provide shared module (default) @patternfly/react-icons/dist/dynamic/icons/ 588 bytes
    provide shared module (default) @patternfly/react-icons/dist/dynamic/icons/atten...(truncated) 42 bytes [built] [code generated]
    provide shared module (default) @patternfly/react-icons/dist/dynamic/icons/clust...(truncated) 42 bytes [built] [code generated]
    + 12 modules
../node_modules/@fortawesome/fontawesome-svg-core/package.json 1.39 KiB [optional] [built] [code generated]

LOG from @openshift-console/dynamic-plugin-sdk-webpack/lib/webpack/loaders/dynamic-module-import-loader ../node_modules/swc-loader/src/index.js!./components/KubernetesIcon.tsx
<w> Non-index and non-dynamic module import @patternfly/react-icons/dist/esm/createIcon

webpack 5.106.0 compiled successfully in 4347 ms
--> a0fd1a48f8de
[linux/amd64] [2/3] STEP 1/11: FROM registry.ci.openshift.org/ocp/builder:rhel-8-golang-1.24-openshift-4.20 AS go-builder
Trying to pull registry.ci.openshift.org/ocp/builder:rhel-8-golang-1.24-openshift-4.20...
Getting image source signatures
Copying blob sha256:ad150792efc16fbb7886da9d9457d93092929426e6a9f11c6e04a563f284eacd
Copying blob sha256:c7965aa7086045a59bdb113a1fb8a19d7ccf7af4133e59af8ecefd39cda8e0b1
Copying blob sha256:32a0db6672d42bc2f63fa6c620bf354f141c2478d6ea69c2363fc3ae82cf9448
Copying config sha256:afb0ed974e4e076b1e05e106cf07c0ea3bffe26a331f278142661a821986210b
Writing manifest to image destination
[linux/amd64] [2/3] STEP 2/11: WORKDIR /opt/app-root
--> Using cache efa72313b30be0cda4d677cedd6108cd7991f157aa45e0aab525cc124b40c342
--> efa72313b30b
[linux/amd64] [2/3] STEP 3/11: COPY Makefile Makefile
--> 52458120cafd
[linux/amd64] [2/3] STEP 4/11: COPY go.mod go.mod
--> d4ffe9453871
[linux/amd64] [2/3] STEP 5/11: COPY go.sum go.sum
--> b245998519eb
[linux/amd64] [2/3] STEP 6/11: RUN go mod download
--> 6444f21ae0e3
[linux/amd64] [2/3] STEP 7/11: COPY cmd/ cmd/
--> 2f3f60c13363
[linux/amd64] [2/3] STEP 8/11: COPY pkg/ pkg/
--> 997a7a504a83
[linux/amd64] [2/3] STEP 9/11: ENV GOEXPERIMENT=strictfipsruntime
--> 517fd0c91067
[linux/amd64] [2/3] STEP 10/11: ENV CGO_ENABLED=1
--> 152c0942e7fe
[linux/amd64] [2/3] STEP 11/11: RUN make build-backend BUILD_OPTS="-tags strictfipsruntime"
go build -tags strictfipsruntime -o plugin-backend -mod=readonly cmd/plugin-backend.go
--> 87207c2231ec
[linux/arm64] [1/3] STEP 1/8: FROM registry.access.redhat.com/ubi8/nodejs-22:latest AS web-builder
Trying to pull registry.access.redhat.com/ubi8/nodejs-22:latest...
Getting image source signatures
Checking if image destination supports signatures
Copying blob sha256:061fa217b0881a08226357c52c1b20d8015686de5874fa61469c90f7b0f752a7
Copying blob sha256:be14e4bd5c48c79aa0c1bc73f7ad1515b7d2452caa02d5e74ad2e4fb3b70fa27
Copying blob sha256:e1de3abe41200e76a94241f1669175174b71b6f683a92b1d52ffc1ba0a8b8d0a
Copying config sha256:711ec0db03eb79f4fd84e49300b5ffcef0111fa55d5edc7b5743d0980aebb86f
Writing manifest to image destination
Storing signatures
[linux/arm64] [1/3] STEP 2/8: WORKDIR /opt/app-root
--> Using cache 6021fc743da2c270e56a41e84aa72d866c3ba57bf63917be68cd120813ed9026
--> 6021fc743da2
[linux/arm64] [1/3] STEP 3/8: USER 0
--> Using cache 332f870d7191280f6392190a04360edc9db948f0d85d754a619fa7d83cc7269f
--> 332f870d7191
[linux/arm64] [1/3] STEP 4/8: COPY web/package*.json web/
--> d1af6ea95659
[linux/arm64] [1/3] STEP 5/8: COPY Makefile Makefile
--> b7cfe1537e9e
[linux/arm64] [1/3] STEP 6/8: RUN make install-frontend
cd web && npm install
npm warn deprecated whatwg-encoding@3.1.1: Use @exodus/bytes instead for a more spec-conformant and faster implementation
npm warn deprecated rimraf@3.0.2: Rimraf versions prior to v4 are no longer supported
npm warn deprecated popper.js@1.16.1: You can find the new Popper v2 at @popperjs/core, this package is dedicated to the legacy v1
npm warn deprecated inflight@1.0.6: This module is not supported, and leaks memory. Do not use it. Check out lru-cache if you want a good and tested way to coalesce async requests by a key value, which is much more comprehensive and powerful.
npm warn deprecated i18next-parser@9.4.0: Project is deprecated, use i18next-cli instead
npm warn deprecated glob@7.2.3: Old versions of glob are not supported, and contain widely publicized security vulnerabilities, which have been fixed in the current version. Please update. Support for old versions may be purchased (at exorbitant rates) by contacting i@izs.me
npm warn deprecated domexception@4.0.0: Use your platform's native DOMException instead
npm warn deprecated abab@2.0.6: Use your platform's native atob() and btoa() methods instead
npm warn deprecated @fortawesome/react-fontawesome@0.2.6: v0.2.x is no longer supported. Unless you are still using FontAwesome 5, please update to v3.1.1 or greater.
npm warn deprecated glob@10.5.0: Old versions of glob are not supported, and contain widely publicized security vulnerabilities, which have been fixed in the current version. Please update. Support for old versions may be purchased (at exorbitant rates) by contacting i@izs.me
npm warn deprecated whatwg-encoding@2.0.0: Use @exodus/bytes instead for a more spec-conformant and faster implementation
npm warn deprecated whatwg-encoding@2.0.0: Use @exodus/bytes instead for a more spec-conformant and faster implementation
npm warn deprecated glob@10.5.0: Old versions of glob are not supported, and contain widely publicized security vulnerabilities, which have been fixed in the current version. Please update. Support for old versions may be purchased (at exorbitant rates) by contacting i@izs.me
npm error code 1
npm error path /opt/app-root/web/node_modules/cypress
npm error command failed
npm error command sh -c node index.js --exec install
npm error Installing Cypress (version: 14.5.4)
npm error
npm error [STARTED] Task without title.
npm error [TITLE]  Downloading Cypress      0% 0s
npm error [TITLE]  Downloading Cypress      1% 31s
npm error [TITLE]  Downloading Cypress      1% 41s
npm error [TITLE]  Downloading Cypress      1% 52s
npm error [TITLE]  Downloading Cypress      2% 30s
npm error [TITLE]  Downloading Cypress      2% 36s
npm error [TITLE]  Downloading Cypress      2% 41s
npm error [TITLE]  Downloading Cypress      2% 46s
npm error [TITLE]  Downloading Cypress      2% 51s
npm error [TITLE]  Downloading Cypress      3% 37s
npm error [TITLE]  Downloading Cypress      3% 40s
npm error [TITLE]  Downloading Cypress      3% 44s
npm error [TITLE]  Downloading Cypress      4% 35s
npm error [TITLE]  Downloading Cypress      4% 37s
npm error [TITLE]  Downloading Cypress      4% 40s
npm error [TITLE]  Downloading Cypress      4% 42s
npm error [TITLE]  Downloading Cypress      5% 35s
npm error [TITLE]  Downloading Cypress      5% 37s
npm error [TITLE]  Downloading Cypress      5% 39s
npm error [TITLE]  Downloading Cypress      5% 41s
npm error [TITLE]  Downloading Cypress      5% 43s
npm error [TITLE]  Downloading Cypress      6% 37s
npm error [TITLE]  Downloading Cypress      6% 39s
npm error [TITLE]  Downloading Cypress      6% 40s
npm error [TITLE]  Downloading Cypress      6% 42s
npm error [TITLE]  Downloading Cypress      6% 44s
npm error [TITLE]  Downloading Cypress      7% 38s
npm error [TITLE]  Downloading Cypress      7% 40s
npm error [TITLE]  Downloading Cypress      7% 41s
npm error [TITLE]  Downloading Cypress      7% 42s
npm error [TITLE]  Downloading Cypress      7% 44s
npm error [TITLE]  Downloading Cypress      8% 39s
npm error [TITLE]  Downloading Cypress      8% 40s
npm error [TITLE]  Downloading Cypress      8% 41s
npm error [TITLE]  Downloading Cypress      8% 43s
npm error [TITLE]  Downloading Cypress      8% 44s
npm error [TITLE]  Downloading Cypress      9% 39s
npm error [TITLE]  Downloading Cypress      9% 40s
npm error [TITLE]  Downloading Cypress      9% 41s
npm error [TITLE]  Downloading Cypress      9% 43s
npm error [TITLE]  Downloading Cypress      9% 44s
npm error [TITLE]  Downloading Cypress      9% 45s
npm error The Cypress App could not be downloaded.
npm error
npm error Does your workplace require a proxy to be used to access the Internet? If so, you must configure the HTTP_PROXY environment variable before downloading Cypress. Read more: https://on.cypress.io/proxy-configuration
npm error
npm error Otherwise, please check network connectivity and try again:
npm error
npm error ----------
npm error
npm error URL: https://download.cypress.io/desktop/14.5.4?platform=linux&arch=arm64
npm error Error: Corrupted download
npm error
npm error Expected downloaded file to have checksum: 2a9689db8e122b3259d5daa59468224784c4fa1cb265bbd06ae5079696436c3dba8c52a2b2da2616135322c61da2436a55843495aff6af187724cb820eddf593
npm error Computed checksum: 6f872a1d7b704f09c53fbc36562bbdd66aace02add75e3ac1c91d8ae8deb4c1528e1c89f27980c04ec347a23e211a0ee3145232022dddeacd2dd7ae2ab5ea2ff
npm error
npm error Expected downloaded file to have size: 191116666
npm error Computed size: 17472896
npm error
npm error ----------
npm error
npm error Platform: linux-arm64 (Red Hat Linux - 8.10)
npm error Cypress Version: 14.5.4
npm error [FAILED] The Cypress App could not be downloaded.
npm error [FAILED] 
npm error [FAILED] Does your workplace require a proxy to be used to access the Internet? If so, you must configure the HTTP_PROXY environment variable before downloading Cypress. Read more: https://on.cypress.io/proxy-configuration
npm error [FAILED] 
npm error [FAILED] Otherwise, please check network connectivity and try again:
npm error [FAILED] 
npm error [FAILED] ----------
npm error [FAILED] 
npm error [FAILED] URL: https://download.cypress.io/desktop/14.5.4?platform=linux&arch=arm64
npm error [FAILED] Error: Corrupted download
npm error [FAILED] 
npm error [FAILED] Expected downloaded file to have checksum: 2a9689db8e122b3259d5daa59468224784c4fa1cb265bbd06ae5079696436c3dba8c52a2b2da2616135322c61da2436a55843495aff6af187724cb820eddf593
npm error [FAILED] Computed checksum: 6f872a1d7b704f09c53fbc36562bbdd66aace02add75e3ac1c91d8ae8deb4c1528e1c89f27980c04ec347a23e211a0ee3145232022dddeacd2dd7ae2ab5ea2ff
npm error [FAILED] 
npm error [FAILED] Expected downloaded file to have size: 191116666
npm error [FAILED] Computed size: 17472896
npm error [FAILED] 
npm error [FAILED] ----------
npm error [FAILED] 
npm error [FAILED] Platform: linux-arm64 (Red Hat Linux - 8.10)
npm error [FAILED] Cypress Version: 14.5.4
npm error A complete log of this run can be found in: /opt/app-root/src/.npm/_logs/2026-06-06T00_52_52_164Z-debug-0.log
make: *** [Makefile:24: install-frontend] Error 1
[linux/amd64] [3/3] STEP 1/4: FROM registry.access.redhat.com/ubi8/ubi
Trying to pull registry.access.redhat.com/ubi8/ubi:latest...
Getting image source signatures
Checking if image destination supports signatures
Copying blob sha256:b659079ce01565873eb67c4d47f0a94a60731d09351f7acfef987e5a525230aa
Copying config sha256:f99fb4f31e6c9bf4cb236b5e086e2c29a81d0f83154bfd243334d0d29f6b8567
Writing manifest to image destination
Storing signatures
[linux/amd64] [3/3] STEP 2/4: COPY --from=web-builder /opt/app-root/web/dist /opt/app-root/web/dist
--> 9d4f482e5306
[linux/amd64] [3/3] STEP 3/4: COPY --from=go-builder /opt/app-root/plugin-backend /opt/app-root
--> 832d826eb897
[linux/amd64] [3/3] STEP 4/4: ENTRYPOINT ["/opt/app-root/plugin-backend", "-static-path", "/opt/app-root/web/dist"]
[linux/amd64] [3/3] COMMIT
--> e03b42dc0480
e03b42dc04801ccf62aa6d3ac336d75feb7a0e20e5087c465219820b5e99a540
Error: [linux/arm64]: building at STEP "RUN make install-frontend": while running runtime: exit status 2

make: *** [podman-cross-build] Error 2
WARNING: Attempt 1 failed for troubleshooting-panel-console-plugin @ release-coo-ocp-4.22 (exit code 2)
--- Attempt 2/3 ---
podman manifest rm quay.io/rh-ee-emurasak/troubleshooting-panel-console-plugin:v1.0.0 || true
Untagged: quay.io/rh-ee-emurasak/troubleshooting-panel-console-plugin:v1.0.0
Deleted: 07d1cda7f542eb4a2da3839b0e702c56494cafc867d8400bc120a2e1d81d4420
podman manifest create quay.io/rh-ee-emurasak/troubleshooting-panel-console-plugin:v1.0.0
c43ccb0d4e7c5735c0843b2b7c02dea4f4b6661a44fafea19bf4e9e7344e2b31
podman build --platform=linux/arm64,linux/amd64 --manifest quay.io/rh-ee-emurasak/troubleshooting-panel-console-plugin:v1.0.0 -f Dockerfile
[linux/arm64] [1/3] STEP 1/8: FROM registry.access.redhat.com/ubi8/nodejs-22:latest AS web-builder
[linux/arm64] [1/3] STEP 2/8: WORKDIR /opt/app-root
--> Using cache 6021fc743da2c270e56a41e84aa72d866c3ba57bf63917be68cd120813ed9026
--> 6021fc743da2
[linux/arm64] [1/3] STEP 3/8: USER 0
--> Using cache 332f870d7191280f6392190a04360edc9db948f0d85d754a619fa7d83cc7269f
--> 332f870d7191
[linux/arm64] [1/3] STEP 4/8: COPY web/package*.json web/
--> Using cache d1af6ea95659b4d7106e9c093382dc03fe0c10af79fa2424a109cbf091ca4faa
--> d1af6ea95659
[linux/arm64] [1/3] STEP 5/8: COPY Makefile Makefile
--> Using cache b7cfe1537e9e9c91ba541231a54c6a15045899b18b62b7654e673d49e466e7e7
--> b7cfe1537e9e
[linux/arm64] [1/3] STEP 6/8: RUN make install-frontend
cd web && npm install
npm warn deprecated whatwg-encoding@3.1.1: Use @exodus/bytes instead for a more spec-conformant and faster implementation
npm warn deprecated rimraf@3.0.2: Rimraf versions prior to v4 are no longer supported
npm warn deprecated popper.js@1.16.1: You can find the new Popper v2 at @popperjs/core, this package is dedicated to the legacy v1
npm warn deprecated inflight@1.0.6: This module is not supported, and leaks memory. Do not use it. Check out lru-cache if you want a good and tested way to coalesce async requests by a key value, which is much more comprehensive and powerful.
npm warn deprecated i18next-parser@9.4.0: Project is deprecated, use i18next-cli instead
npm warn deprecated glob@7.2.3: Old versions of glob are not supported, and contain widely publicized security vulnerabilities, which have been fixed in the current version. Please update. Support for old versions may be purchased (at exorbitant rates) by contacting i@izs.me
npm warn deprecated domexception@4.0.0: Use your platform's native DOMException instead
npm warn deprecated abab@2.0.6: Use your platform's native atob() and btoa() methods instead
npm warn deprecated @fortawesome/react-fontawesome@0.2.6: v0.2.x is no longer supported. Unless you are still using FontAwesome 5, please update to v3.1.1 or greater.
npm warn deprecated glob@10.5.0: Old versions of glob are not supported, and contain widely publicized security vulnerabilities, which have been fixed in the current version. Please update. Support for old versions may be purchased (at exorbitant rates) by contacting i@izs.me
npm warn deprecated whatwg-encoding@2.0.0: Use @exodus/bytes instead for a more spec-conformant and faster implementation
npm warn deprecated glob@10.5.0: Old versions of glob are not supported, and contain widely publicized security vulnerabilities, which have been fixed in the current version. Please update. Support for old versions may be purchased (at exorbitant rates) by contacting i@izs.me
npm warn deprecated whatwg-encoding@2.0.0: Use @exodus/bytes instead for a more spec-conformant and faster implementation
npm error code ECONNRESET
npm error network aborted
npm error network This is a problem related to network connectivity.
npm error network In most cases you are behind a proxy or have bad network settings.
npm error network
npm error network If you are behind a proxy, please make sure that the
npm error network 'proxy' config is set properly.  See: 'npm help config'
npm error A complete log of this run can be found in: /opt/app-root/src/.npm/_logs/2026-06-06T00_54_57_028Z-debug-0.log
make: *** [Makefile:24: install-frontend] Error 1
[linux/amd64] [1/3] STEP 1/8: FROM registry.access.redhat.com/ubi8/nodejs-22:latest AS web-builder
Trying to pull registry.access.redhat.com/ubi8/nodejs-22:latest...
Getting image source signatures
Checking if image destination supports signatures
Copying blob sha256:b659079ce01565873eb67c4d47f0a94a60731d09351f7acfef987e5a525230aa
Copying blob sha256:21534294e787fc96343978989fe438bd9c6b835220e7ab6102d5b3909e617005
Copying blob sha256:1f445a7c58d045b44fa5a56dbb4d0e9fa03e8680db6cf9319d9d561c0191632f
Copying config sha256:71f7f3bc92fbe08f866a9219a974de6f048963cbb186a265c0d919db324aaf33
Writing manifest to image destination
Storing signatures
[linux/amd64] [1/3] STEP 2/8: WORKDIR /opt/app-root
--> Using cache 5257826cd66a6b8fb36255b1e8ea10e438500446849dbcd90b30b8db2433aa8e
--> 5257826cd66a
[linux/amd64] [1/3] STEP 3/8: USER 0
--> Using cache 21336b8d74967a5a8a3e9824f9a28ffd284544c25d2ae0ee7324f6f47a05268e
--> 21336b8d7496
[linux/amd64] [1/3] STEP 4/8: COPY web/package*.json web/
--> Using cache b875260efce0b9103a8fc9b47fe8ebf2f9e3a110f1615ae88e4e9a97a1c200ba
--> b875260efce0
[linux/amd64] [1/3] STEP 5/8: COPY Makefile Makefile
--> Using cache 2a11d49bf05f8ee59c0f77ec424d8020f1b5021c98dd49f10a8549096c508cf2
--> 2a11d49bf05f
[linux/amd64] [1/3] STEP 6/8: RUN make install-frontend
--> Using cache 2bff1e8feb0aeebb804cc35e952063c8febf6d7095400119024df5f1d9b43e7e
--> 2bff1e8feb0a
[linux/amd64] [1/3] STEP 7/8: COPY web/ web/
--> Using cache a2a558955779bb128d2c50a867e80f1d2f203bfe9d171cb7b1d68063d80cd324
--> a2a558955779
[linux/amd64] [1/3] STEP 8/8: RUN make build-frontend
--> Using cache a0fd1a48f8de9b2c72a23b58d7bcc62497697a91b1da88e6ef9743c486885538
--> a0fd1a48f8de
[linux/amd64] [2/3] STEP 1/11: FROM registry.ci.openshift.org/ocp/builder:rhel-8-golang-1.24-openshift-4.20 AS go-builder
[linux/amd64] [2/3] STEP 2/11: WORKDIR /opt/app-root
--> Using cache efa72313b30be0cda4d677cedd6108cd7991f157aa45e0aab525cc124b40c342
--> efa72313b30b
[linux/amd64] [2/3] STEP 3/11: COPY Makefile Makefile
--> Using cache 52458120cafd9a7e3f7add6593fdf5eebe34267a8b2dac3701ec2c27a353e98a
--> 52458120cafd
[linux/amd64] [2/3] STEP 4/11: COPY go.mod go.mod
--> Using cache d4ffe945387181188755f23a40533e7083fc56852731bcaa165c36d31cc958f5
--> d4ffe9453871
[linux/amd64] [2/3] STEP 5/11: COPY go.sum go.sum
--> Using cache b245998519ebe47396160892b3db953e63791ab2b29e290990df608046874e35
--> b245998519eb
[linux/amd64] [2/3] STEP 6/11: RUN go mod download
--> Using cache 6444f21ae0e39028a6ff8e3747ad1025c13fdbe932e3b4198e5a5851ac947e33
--> 6444f21ae0e3
[linux/amd64] [2/3] STEP 7/11: COPY cmd/ cmd/
--> Using cache 2f3f60c13363d9fe6851a8efa7560b76490a9feb6524bf2998d474b0a0a617c6
--> 2f3f60c13363
[linux/amd64] [2/3] STEP 8/11: COPY pkg/ pkg/
--> Using cache 997a7a504a83ebd39e024f7a837940d5c2df73d357a064c95318b808f8135420
--> 997a7a504a83
[linux/amd64] [2/3] STEP 9/11: ENV GOEXPERIMENT=strictfipsruntime
--> Using cache 517fd0c9106778cbbe5cb519ecfa57454372b30006d52ab438699186e3db1bbd
--> 517fd0c91067
[linux/amd64] [2/3] STEP 10/11: ENV CGO_ENABLED=1
--> Using cache 152c0942e7fe68415c3a61f1ea8c9b754dfedbae55233afbb2424a1db1fc7e68
--> 152c0942e7fe
[linux/amd64] [2/3] STEP 11/11: RUN make build-backend BUILD_OPTS="-tags strictfipsruntime"
--> Using cache 87207c2231ec2ee1d90329cb326d09a9f745de37672559c8eb838eeb61e8a783
--> 87207c2231ec
[linux/amd64] [3/3] STEP 1/4: FROM registry.access.redhat.com/ubi8/ubi
[linux/amd64] [3/3] STEP 2/4: COPY --from=web-builder /opt/app-root/web/dist /opt/app-root/web/dist
--> Using cache 9d4f482e530636674fdb473b5b668e45ed09b5b6ac47b535e2f2768c45020b10
--> 9d4f482e5306
[linux/amd64] [3/3] STEP 3/4: COPY --from=go-builder /opt/app-root/plugin-backend /opt/app-root
--> Using cache 832d826eb897b9405671bc58a13506757c71f849ef1226c2acbef50a8e17cf2b
--> 832d826eb897
[linux/amd64] [3/3] STEP 4/4: ENTRYPOINT ["/opt/app-root/plugin-backend", "-static-path", "/opt/app-root/web/dist"]
--> Using cache e03b42dc04801ccf62aa6d3ac336d75feb7a0e20e5087c465219820b5e99a540
--> e03b42dc0480
e03b42dc04801ccf62aa6d3ac336d75feb7a0e20e5087c465219820b5e99a540
Error: [linux/arm64]: building at STEP "RUN make install-frontend": while running runtime: exit status 2

make: *** [podman-cross-build] Error 2
WARNING: Attempt 2 failed for troubleshooting-panel-console-plugin @ release-coo-ocp-4.22 (exit code 2)
--- Attempt 3/3 ---
podman manifest rm quay.io/rh-ee-emurasak/troubleshooting-panel-console-plugin:v1.0.0 || true
Untagged: quay.io/rh-ee-emurasak/troubleshooting-panel-console-plugin:v1.0.0
Deleted: c43ccb0d4e7c5735c0843b2b7c02dea4f4b6661a44fafea19bf4e9e7344e2b31
podman manifest create quay.io/rh-ee-emurasak/troubleshooting-panel-console-plugin:v1.0.0
dd49f619cc416fb12dd7d4ba7753dc2fab70317d210f75c671904041ba028e9a
podman build --platform=linux/arm64,linux/amd64 --manifest quay.io/rh-ee-emurasak/troubleshooting-panel-console-plugin:v1.0.0 -f Dockerfile
[linux/amd64] [1/3] STEP 1/8: FROM registry.access.redhat.com/ubi8/nodejs-22:latest AS web-builder
[linux/amd64] [1/3] STEP 2/8: WORKDIR /opt/app-root
--> Using cache 5257826cd66a6b8fb36255b1e8ea10e438500446849dbcd90b30b8db2433aa8e
--> 5257826cd66a
[linux/amd64] [1/3] STEP 3/8: USER 0
--> Using cache 21336b8d74967a5a8a3e9824f9a28ffd284544c25d2ae0ee7324f6f47a05268e
--> 21336b8d7496
[linux/amd64] [1/3] STEP 4/8: COPY web/package*.json web/
--> Using cache b875260efce0b9103a8fc9b47fe8ebf2f9e3a110f1615ae88e4e9a97a1c200ba
--> b875260efce0
[linux/amd64] [1/3] STEP 5/8: COPY Makefile Makefile
--> Using cache 2a11d49bf05f8ee59c0f77ec424d8020f1b5021c98dd49f10a8549096c508cf2
--> 2a11d49bf05f
[linux/amd64] [1/3] STEP 6/8: RUN make install-frontend
--> Using cache 2bff1e8feb0aeebb804cc35e952063c8febf6d7095400119024df5f1d9b43e7e
--> 2bff1e8feb0a
[linux/amd64] [1/3] STEP 7/8: COPY web/ web/
--> Using cache a2a558955779bb128d2c50a867e80f1d2f203bfe9d171cb7b1d68063d80cd324
--> a2a558955779
[linux/amd64] [1/3] STEP 8/8: RUN make build-frontend
--> Using cache a0fd1a48f8de9b2c72a23b58d7bcc62497697a91b1da88e6ef9743c486885538
--> a0fd1a48f8de
[linux/amd64] [2/3] STEP 1/11: FROM registry.ci.openshift.org/ocp/builder:rhel-8-golang-1.24-openshift-4.20 AS go-builder
[linux/amd64] [2/3] STEP 2/11: WORKDIR /opt/app-root
--> Using cache efa72313b30be0cda4d677cedd6108cd7991f157aa45e0aab525cc124b40c342
--> efa72313b30b
[linux/amd64] [2/3] STEP 3/11: COPY Makefile Makefile
--> Using cache 52458120cafd9a7e3f7add6593fdf5eebe34267a8b2dac3701ec2c27a353e98a
--> 52458120cafd
[linux/amd64] [2/3] STEP 4/11: COPY go.mod go.mod
--> Using cache d4ffe945387181188755f23a40533e7083fc56852731bcaa165c36d31cc958f5
--> d4ffe9453871
[linux/amd64] [2/3] STEP 5/11: COPY go.sum go.sum
--> Using cache b245998519ebe47396160892b3db953e63791ab2b29e290990df608046874e35
--> b245998519eb
[linux/amd64] [2/3] STEP 6/11: RUN go mod download
--> Using cache 6444f21ae0e39028a6ff8e3747ad1025c13fdbe932e3b4198e5a5851ac947e33
--> 6444f21ae0e3
[linux/amd64] [2/3] STEP 7/11: COPY cmd/ cmd/
--> Using cache 2f3f60c13363d9fe6851a8efa7560b76490a9feb6524bf2998d474b0a0a617c6
--> 2f3f60c13363
[linux/amd64] [2/3] STEP 8/11: COPY pkg/ pkg/
--> Using cache 997a7a504a83ebd39e024f7a837940d5c2df73d357a064c95318b808f8135420
--> 997a7a504a83
[linux/amd64] [2/3] STEP 9/11: ENV GOEXPERIMENT=strictfipsruntime
--> Using cache 517fd0c9106778cbbe5cb519ecfa57454372b30006d52ab438699186e3db1bbd
--> 517fd0c91067
[linux/amd64] [2/3] STEP 10/11: ENV CGO_ENABLED=1
--> Using cache 152c0942e7fe68415c3a61f1ea8c9b754dfedbae55233afbb2424a1db1fc7e68
--> 152c0942e7fe
[linux/amd64] [2/3] STEP 11/11: RUN make build-backend BUILD_OPTS="-tags strictfipsruntime"
--> Using cache 87207c2231ec2ee1d90329cb326d09a9f745de37672559c8eb838eeb61e8a783
--> 87207c2231ec
[linux/arm64] [1/3] STEP 1/8: FROM registry.access.redhat.com/ubi8/nodejs-22:latest AS web-builder
Trying to pull registry.access.redhat.com/ubi8/nodejs-22:latest...
Getting image source signatures
Checking if image destination supports signatures
Copying blob sha256:061fa217b0881a08226357c52c1b20d8015686de5874fa61469c90f7b0f752a7
Copying blob sha256:e1de3abe41200e76a94241f1669175174b71b6f683a92b1d52ffc1ba0a8b8d0a
Copying blob sha256:be14e4bd5c48c79aa0c1bc73f7ad1515b7d2452caa02d5e74ad2e4fb3b70fa27
Copying config sha256:711ec0db03eb79f4fd84e49300b5ffcef0111fa55d5edc7b5743d0980aebb86f
Writing manifest to image destination
Storing signatures
[linux/arm64] [1/3] STEP 2/8: WORKDIR /opt/app-root
--> Using cache 6021fc743da2c270e56a41e84aa72d866c3ba57bf63917be68cd120813ed9026
--> 6021fc743da2
[linux/arm64] [1/3] STEP 3/8: USER 0
--> Using cache 332f870d7191280f6392190a04360edc9db948f0d85d754a619fa7d83cc7269f
--> 332f870d7191
[linux/arm64] [1/3] STEP 4/8: COPY web/package*.json web/
--> Using cache d1af6ea95659b4d7106e9c093382dc03fe0c10af79fa2424a109cbf091ca4faa
--> d1af6ea95659
[linux/arm64] [1/3] STEP 5/8: COPY Makefile Makefile
--> Using cache b7cfe1537e9e9c91ba541231a54c6a15045899b18b62b7654e673d49e466e7e7
--> b7cfe1537e9e
[linux/arm64] [1/3] STEP 6/8: RUN make install-frontend
cd web && npm install
npm warn deprecated whatwg-encoding@3.1.1: Use @exodus/bytes instead for a more spec-conformant and faster implementation
npm warn deprecated rimraf@3.0.2: Rimraf versions prior to v4 are no longer supported
npm warn deprecated popper.js@1.16.1: You can find the new Popper v2 at @popperjs/core, this package is dedicated to the legacy v1
npm warn deprecated inflight@1.0.6: This module is not supported, and leaks memory. Do not use it. Check out lru-cache if you want a good and tested way to coalesce async requests by a key value, which is much more comprehensive and powerful.
npm warn deprecated i18next-parser@9.4.0: Project is deprecated, use i18next-cli instead
npm warn deprecated glob@7.2.3: Old versions of glob are not supported, and contain widely publicized security vulnerabilities, which have been fixed in the current version. Please update. Support for old versions may be purchased (at exorbitant rates) by contacting i@izs.me
npm warn deprecated domexception@4.0.0: Use your platform's native DOMException instead
npm warn deprecated abab@2.0.6: Use your platform's native atob() and btoa() methods instead
npm warn deprecated @fortawesome/react-fontawesome@0.2.6: v0.2.x is no longer supported. Unless you are still using FontAwesome 5, please update to v3.1.1 or greater.
npm warn deprecated glob@10.5.0: Old versions of glob are not supported, and contain widely publicized security vulnerabilities, which have been fixed in the current version. Please update. Support for old versions may be purchased (at exorbitant rates) by contacting i@izs.me
npm warn deprecated glob@10.5.0: Old versions of glob are not supported, and contain widely publicized security vulnerabilities, which have been fixed in the current version. Please update. Support for old versions may be purchased (at exorbitant rates) by contacting i@izs.me
npm warn deprecated whatwg-encoding@2.0.0: Use @exodus/bytes instead for a more spec-conformant and faster implementation
npm warn deprecated whatwg-encoding@2.0.0: Use @exodus/bytes instead for a more spec-conformant and faster implementation

added 1556 packages, and audited 1557 packages in 1m

329 packages are looking for funding
  run `npm fund` for details

28 vulnerabilities (2 low, 20 moderate, 6 high)

To address issues that do not require attention, run:
  npm audit fix

To address all issues (including breaking changes), run:
  npm audit fix --force

Run `npm audit` for details.
--> 622e855827f3
[linux/arm64] [1/3] STEP 7/8: COPY web/ web/
--> df85d1056f56
[linux/arm64] [1/3] STEP 8/8: RUN make build-frontend
cd web && npm run lint && npm run lint:tsc

> troubleshooting-panel-console-plugin@0.4.0 lint
> eslint ./src --fix &&  stylelint "src/**/*.css" --allow-empty-input --fix


> troubleshooting-panel-console-plugin@0.4.0 lint:tsc
> tsc --noEmit

cd web && npm run i18n && npm run build

> troubleshooting-panel-console-plugin@0.4.0 i18n
> i18n-scripts/build-i18n.sh && node i18n-scripts/set-english-defaults.js

+ FILE_PATTERN='{!(dist|node_modules)/**/*.{js,jsx,ts,tsx,json},*.{js,jsx,ts,tsx,json}}'
+ i18next '{!(dist|node_modules)/**/*.{js,jsx,ts,tsx,json},*.{js,jsx,ts,tsx,json}}' '[-oc]' -c ./i18next-parser.config.js -o 'locales/$LOCALE/$NAMESPACE.json'

  i18next Parser
  --------------
  Input:  {!(dist|node_modules)/**/*.{js,jsx,ts,tsx,json},*.{js,jsx,ts,tsx,json}}, [-oc]
  Output: locales/$LOCALE/$NAMESPACE.json

  [read]    /opt/app-root/web/console-extensions.json
  [read]    /opt/app-root/web/cypress.config.ts
  [read]    /opt/app-root/web/cypress/e2e/acceptance.cy.ts
  [read]    /opt/app-root/web/cypress/fixtures/data-test.ts
  [read]    /opt/app-root/web/cypress/support/commands/auth-commands.ts
  [read]    /opt/app-root/web/cypress/support/commands/env.ts
  [read]    /opt/app-root/web/cypress/support/commands/selector-commands.ts
  [read]    /opt/app-root/web/cypress/support/commands/troubeshoot-commands.ts
  [read]    /opt/app-root/web/cypress/support/commands/utility-commands.ts
  [read]    /opt/app-root/web/cypress/support/e2e.ts
  [read]    /opt/app-root/web/cypress/tsconfig.json
  [read]    /opt/app-root/web/cypress/views/nav.ts
  [read]    /opt/app-root/web/cypress/views/tour.ts
  [read]    /opt/app-root/web/cypress/views/utils.ts
  [read]    /opt/app-root/web/eslint.config.ts
  [read]    /opt/app-root/web/i18n-scripts/common.js
  [read]    /opt/app-root/web/i18n-scripts/set-english-defaults.js
  [read]    /opt/app-root/web/i18next-parser.config.js
  [read]    /opt/app-root/web/jest.config.js
  [read]    /opt/app-root/web/locales/en/plugin__troubleshooting-panel-console-plugin.json
  [read]    /opt/app-root/web/openapi-ts.config.ts
  [read]    /opt/app-root/web/package-lock.json
  [read]    /opt/app-root/web/package.json
  [read]    /opt/app-root/web/src/__tests__/agentNavigation.spec.ts
  [read]    /opt/app-root/web/src/__tests__/alert.spec.ts
  [read]    /opt/app-root/web/src/__tests__/icons-preview.spec.tsx
  [read]    /opt/app-root/web/src/__tests__/k8s.spec.ts
  [read]    /opt/app-root/web/src/__tests__/log.spec.ts
  [read]    /opt/app-root/web/src/__tests__/metric.spec.ts
  [read]    /opt/app-root/web/src/__tests__/netflow.spec.ts
  [read]    /opt/app-root/web/src/__tests__/status.spec.ts
  [read]    /opt/app-root/web/src/__tests__/time.spec.ts
  [read]    /opt/app-root/web/src/__tests__/trace.spec.ts
  [read]    /opt/app-root/web/src/__tests__/types.spec.ts
  [read]    /opt/app-root/web/src/components/AdvancedSearchForm.tsx
  [read]    /opt/app-root/web/src/components/AgentMenu.tsx
  [read]    /opt/app-root/web/src/components/AIExperienceIcon.tsx
  [read]    /opt/app-root/web/src/components/DateTimePicker.tsx
  [read]    /opt/app-root/web/src/components/DateTimeRangePicker.tsx
  [read]    /opt/app-root/web/src/components/HelpPopover.tsx
  [read]    /opt/app-root/web/src/components/icons.tsx
  [read]    /opt/app-root/web/src/components/Korrel8rPanel.tsx
  [read]    /opt/app-root/web/src/components/KubernetesIcon.tsx
  [read]    /opt/app-root/web/src/components/NullContextProvider.tsx
  [read]    /opt/app-root/web/src/components/Popover.tsx
  [read]    /opt/app-root/web/src/components/TimeRangeDropdown.tsx
  [read]    /opt/app-root/web/src/components/TimeUnitPicker.tsx
  [read]    /opt/app-root/web/src/components/topology/Korrel8rTopology.tsx
  [read]    /opt/app-root/web/src/components/topology/status.ts
  [read]    /opt/app-root/web/src/encoder-shim.ts
  [read]    /opt/app-root/web/src/getResources.ts
  [read]    /opt/app-root/web/src/hooks/useAgentNavigation.ts
  [read]    /opt/app-root/web/src/hooks/useBoolean.ts
  [read]    /opt/app-root/web/src/hooks/useDomains.tsx
  [read]    /opt/app-root/web/src/hooks/useFeatures.ts
  [read]    /opt/app-root/web/src/hooks/useLocationQuery.ts
  [read]    /opt/app-root/web/src/hooks/useNavigateToQuery.ts
  [read]    /opt/app-root/web/src/hooks/usePluginAvailable.ts
  [read]    /opt/app-root/web/src/hooks/usePopover.tsx
  [read]    /opt/app-root/web/src/hooks/useTimeUnitLabel.tsx
  [read]    /opt/app-root/web/src/hooks/useTroubleshootingPanel.tsx
  [read]    /opt/app-root/web/src/index.d.ts
  [read]    /opt/app-root/web/src/korrel8r-client.ts
  [read]    /opt/app-root/web/src/korrel8r/alert.ts
  [read]    /opt/app-root/web/src/korrel8r/client/client.gen.ts
  [read]    /opt/app-root/web/src/korrel8r/client/client/client.gen.ts
  [read]    /opt/app-root/web/src/korrel8r/client/client/index.ts
  [read]    /opt/app-root/web/src/korrel8r/client/client/types.gen.ts
  [read]    /opt/app-root/web/src/korrel8r/client/client/utils.gen.ts
  [read]    /opt/app-root/web/src/korrel8r/client/core/auth.gen.ts
  [read]    /opt/app-root/web/src/korrel8r/client/core/bodySerializer.gen.ts
  [read]    /opt/app-root/web/src/korrel8r/client/core/params.gen.ts
  [read]    /opt/app-root/web/src/korrel8r/client/core/pathSerializer.gen.ts
  [read]    /opt/app-root/web/src/korrel8r/client/core/queryKeySerializer.gen.ts
  [read]    /opt/app-root/web/src/korrel8r/client/core/serverSentEvents.gen.ts
  [read]    /opt/app-root/web/src/korrel8r/client/core/types.gen.ts
  [read]    /opt/app-root/web/src/korrel8r/client/core/utils.gen.ts
  [read]    /opt/app-root/web/src/korrel8r/client/index.ts
  [read]    /opt/app-root/web/src/korrel8r/client/sdk.gen.ts
  [read]    /opt/app-root/web/src/korrel8r/client/types.gen.ts
  [read]    /opt/app-root/web/src/korrel8r/k8s.ts
  [read]    /opt/app-root/web/src/korrel8r/log.ts
  [read]    /opt/app-root/web/src/korrel8r/metric.ts
  [read]    /opt/app-root/web/src/korrel8r/netflow.ts
  [read]    /opt/app-root/web/src/korrel8r/trace.ts
  [read]    /opt/app-root/web/src/korrel8r/types.ts
  [read]    /opt/app-root/web/src/redux-actions.ts
  [read]    /opt/app-root/web/src/redux-reducers.ts
  [read]    /opt/app-root/web/src/sleep.ts
  [read]    /opt/app-root/web/src/time.ts
  [read]    /opt/app-root/web/tsconfig.json
  [read]    /opt/app-root/web/webpack.config.ts
  [write]   /opt/app-root/web/locales/en/plugin__troubleshooting-panel-console-plugin.json

  Stats:  92 files were parsed

> troubleshooting-panel-console-plugin@0.4.0 build
> npm run clean && npm run ts-node node_modules/.bin/webpack


> troubleshooting-panel-console-plugin@0.4.0 clean
> rm -rf dist


> troubleshooting-panel-console-plugin@0.4.0 ts-node
> ts-node -O '{"module":"commonjs"}' node_modules/.bin/webpack

assets by path *.js 4.65 MiB
  assets by chunk 3.63 MiB (id hint: vendors)
    asset vendors-node_modules_fortawesome_react-fontawesome_index_es_js-node_modules_patternfly_react--68e614-chunk.js 1.4 MiB [emitted] (id hint: vendors) 1 related asset
    asset vendors-node_modules_patternfly_react-core_dist_esm_helpers_Popper_Popper_js-chunk.js 1.16 MiB [emitted] (id hint: vendors) 1 related asset
    asset vendors-node_modules_immutable_dist_immutable_es_js-node_modules_typesafe-actions_dist_typesa-cdf261-chunk.js 183 KiB [emitted] (id hint: vendors) 1 related asset
    asset vendors-node_modules_patternfly_react-core_dist_esm_components_DatePicker_index_js-chunk.js 94.8 KiB [emitted] (id hint: vendors) 1 related asset
    asset vendors-node_modules_patternfly_react-core_dist_esm_components_Menu_Menu_js-node_modules_patt-b35725-chunk.js 90.8 KiB [emitted] (id hint: vendors) 1 related asset
    asset vendors-node_modules_patternfly_react-core_dist_esm_helpers_FocusTrap_FocusTrap_js-node_modul-246622-chunk.js 80.1 KiB [emitted] (id hint: vendors) 1 related asset
    asset vendors-node_modules_patternfly_react-core_dist_esm_components_Form_index_js-chunk.js 63.3 KiB [emitted] (id hint: vendors) 1 related asset
    asset vendors-node_modules_patternfly_react-core_dist_esm_components_TimePicker_index_js-chunk.js 56.3 KiB [emitted] (id hint: vendors) 1 related asset
    asset vendors-node_modules_patternfly_react-core_dist_esm_components_EmptyState_index_js-chunk.js 54.1 KiB [emitted] (id hint: vendors) 1 related asset
    + 13 assets
  + 80 assets
asset locales/en/plugin__troubleshooting-panel-console-plugin.json 3.63 KiB [emitted] [from: ../locales/en/plugin__troubleshooting-panel-console-plugin.json] [copied]
asset plugin-manifest.json 1.19 KiB [emitted]
orphan modules 48.9 KiB [orphan] 73 modules
runtime modules 87 KiB 12 modules
javascript modules 3.2 MiB 394 modules
consume-shared-module modules 2.01 KiB
  modules by path consume shared module (default) @patternfly/ 1.8 KiB 44 modules
  modules by path *.1 (singleton) 84 bytes 2 modules
  + 3 modules
provide-module modules 1.76 KiB
  modules by path provide shared module (default) @patternfly/react-core/dist/dynamic/ 1.19 KiB 29 modules
  modules by path provide shared module (default) @patternfly/react-icons/dist/dynamic/icons/ 588 bytes
    provide shared module (default) @patternfly/react-icons/dist/dynamic/icons/atten...(truncated) 42 bytes [built] [code generated]
    provide shared module (default) @patternfly/react-icons/dist/dynamic/icons/clust...(truncated) 42 bytes [built] [code generated]
    + 12 modules
../node_modules/@fortawesome/fontawesome-svg-core/package.json 1.39 KiB [optional] [built] [code generated]

LOG from @openshift-console/dynamic-plugin-sdk-webpack/lib/webpack/loaders/dynamic-module-import-loader ../node_modules/swc-loader/src/index.js!./components/KubernetesIcon.tsx
<w> Non-index and non-dynamic module import @patternfly/react-icons/dist/esm/createIcon

webpack 5.106.0 compiled successfully in 2390 ms
--> 34c8dc589fc5
[linux/amd64] [3/3] STEP 1/4: FROM registry.access.redhat.com/ubi8/ubi
[linux/amd64] [3/3] STEP 2/4: COPY --from=web-builder /opt/app-root/web/dist /opt/app-root/web/dist
--> Using cache 9d4f482e530636674fdb473b5b668e45ed09b5b6ac47b535e2f2768c45020b10
--> 9d4f482e5306
[linux/amd64] [3/3] STEP 3/4: COPY --from=go-builder /opt/app-root/plugin-backend /opt/app-root
--> Using cache 832d826eb897b9405671bc58a13506757c71f849ef1226c2acbef50a8e17cf2b
--> 832d826eb897
[linux/amd64] [3/3] STEP 4/4: ENTRYPOINT ["/opt/app-root/plugin-backend", "-static-path", "/opt/app-root/web/dist"]
--> Using cache e03b42dc04801ccf62aa6d3ac336d75feb7a0e20e5087c465219820b5e99a540
--> e03b42dc0480
[linux/arm64] [2/3] STEP 1/11: FROM registry.ci.openshift.org/ocp/builder:rhel-8-golang-1.24-openshift-4.20 AS go-builder
e03b42dc04801ccf62aa6d3ac336d75feb7a0e20e5087c465219820b5e99a540
Trying to pull registry.ci.openshift.org/ocp/builder:rhel-8-golang-1.24-openshift-4.20...
Getting image source signatures
Copying blob sha256:1601f0002240e476166ae25539061c09fadc016385d68cfd04c419472708f270
Copying blob sha256:abb828c6dd68e53a22f7a11904b72f9d5a7802fb5e7c380b3a22b18a02e9a463
Copying blob sha256:211523f3608ae0538e139764b42d3db023cbe3af165af43f3b35bd1008edbe2a
Copying config sha256:891a16a4d5dbbfb7e4204e6b986be2dacd9665316bcdabcec319512369b631f8
Writing manifest to image destination
[linux/arm64] [2/3] STEP 2/11: WORKDIR /opt/app-root
--> Using cache 4519ad96dd61bdfa77f26946b3f4f1b8f1d69f3c66351b4028d380a58c6ec5b7
--> 4519ad96dd61
[linux/arm64] [2/3] STEP 3/11: COPY Makefile Makefile
--> 6459eb0d2140
[linux/arm64] [2/3] STEP 4/11: COPY go.mod go.mod
--> c117dc6527ac
[linux/arm64] [2/3] STEP 5/11: COPY go.sum go.sum
--> 6c82407ca65e
[linux/arm64] [2/3] STEP 6/11: RUN go mod download
--> b161119d652e
[linux/arm64] [2/3] STEP 7/11: COPY cmd/ cmd/
--> 6d99e9ab8183
[linux/arm64] [2/3] STEP 8/11: COPY pkg/ pkg/
--> 70e5d7466e67
[linux/arm64] [2/3] STEP 9/11: ENV GOEXPERIMENT=strictfipsruntime
--> d11062d94747
[linux/arm64] [2/3] STEP 10/11: ENV CGO_ENABLED=1
--> 84133e758ae1
[linux/arm64] [2/3] STEP 11/11: RUN make build-backend BUILD_OPTS="-tags strictfipsruntime"
go build -tags strictfipsruntime -o plugin-backend -mod=readonly cmd/plugin-backend.go
--> 9d6383c44810
[linux/arm64] [3/3] STEP 1/4: FROM registry.access.redhat.com/ubi8/ubi
Trying to pull registry.access.redhat.com/ubi8/ubi:latest...
Getting image source signatures
Checking if image destination supports signatures
Copying blob sha256:be14e4bd5c48c79aa0c1bc73f7ad1515b7d2452caa02d5e74ad2e4fb3b70fa27
Copying config sha256:246c9f5c31bef2af103d26b16c4f628dfa0b4a8329a0715c2e58dd3b6c2c8d5c
Writing manifest to image destination
Storing signatures
[linux/arm64] [3/3] STEP 2/4: COPY --from=web-builder /opt/app-root/web/dist /opt/app-root/web/dist
--> d845f7c9bd3e
[linux/arm64] [3/3] STEP 3/4: COPY --from=go-builder /opt/app-root/plugin-backend /opt/app-root
--> 62f6dfd092d3
[linux/arm64] [3/3] STEP 4/4: ENTRYPOINT ["/opt/app-root/plugin-backend", "-static-path", "/opt/app-root/web/dist"]
[linux/arm64] [3/3] COMMIT
--> 5f43dd3d8bc9
5f43dd3d8bc9e753d5dbf2750e942670e59dd79ca5a3eb0a90dc579bd70e272b
podman manifest push quay.io/rh-ee-emurasak/troubleshooting-panel-console-plugin:v1.0.0
Getting image list signatures
Copying 2 images generated from 2 images in list
Copying image sha256:a2741e3cd891de78b6b307244cecaf0132a5815a1fada8162287623c786884c7 (1/2)
Getting image source signatures
Copying blob sha256:2b4590da16ca437a555ced4e8631c535f03cdd73a1bd3fe012f416a30b6465fd
Copying blob sha256:1dbdcbb70bdf0a287d3dea99abbc4e3a69042ddddc4a9c8442aa51e50a74a19a
Copying blob sha256:9d7b662823519598f86a521678edfefbcc5fe441a469212c7599ee19145e773c
Copying config sha256:e03b42dc04801ccf62aa6d3ac336d75feb7a0e20e5087c465219820b5e99a540
Writing manifest to image destination
Copying image sha256:efeb7a9499f7ab97836bf31d5e49be5913cde1708fa74591eb56797d562539a1 (2/2)
Getting image source signatures
Copying blob sha256:f0de1200ee45d2ac29e0b108e372118712c39482e9faac10242e512953dc1908
Copying blob sha256:5ee16405cda585a5c4e45d562f6b4a71cdf4719ecb007d7784568830a15c64d5
Copying blob sha256:36f6b22ac574ada22b2ca927026b58a9e35cecdd7a7c03f889413b1670d9b039
Copying config sha256:5f43dd3d8bc9e753d5dbf2750e942670e59dd79ca5a3eb0a90dc579bd70e272b
Writing manifest to image destination
Writing manifest list to image destination
Storing list signatures
==========================================
Building monitoring-plugin @ release-coo-ocp-4.22 with VERSION=v1.0.0 ORG=rh-ee-emurasak
==========================================
Switched to branch 'release-coo-ocp-4.22'
Your branch is up to date with 'origin/release-coo-ocp-4.22'.
From https://github.com/openshift/monitoring-plugin
 * branch            release-coo-ocp-4.22 -> FETCH_HEAD
Already up to date.
--- Attempt 1/3 ---
podman manifest create -a quay.io/rh-ee-emurasak/monitoring-console-plugin:v1.0.0
466b5e6f2669e29ee6497b3b8cf5ada448a0d5ba1bd5fe80ce0361532d56d824
podman build --platform linux/arm64,linux/amd64 --manifest quay.io/rh-ee-emurasak/monitoring-console-plugin:v1.0.0 -f Dockerfile.mcp
[linux/arm64] [1/3] STEP 1/13: FROM registry.redhat.io/ubi9/nodejs-22:latest AS web-builder
[linux/arm64] [1/3] STEP 2/13: WORKDIR /opt/app-root
--> Using cache ea32d62a2847d7d06ac4acfdcdef1e1326aba72ddcbe57ae396184815464e18e
--> ea32d62a2847
[linux/arm64] [1/3] STEP 3/13: USER 0
--> Using cache e547dead689f14cc6501309c062ab6ae2cbb3e68752a410aba70dd69465bcc1c
--> e547dead689f
[linux/arm64] [1/3] STEP 4/13: ENV HUSKY=0
--> Using cache 13503f31186008618312dc6891c4fa8e9571fffe610e0f472db58fdf6e46fc7f
--> 13503f311860
[linux/arm64] [1/3] STEP 5/13: COPY web/package*.json web/
--> 24622c551554
[linux/arm64] [1/3] STEP 6/13: COPY Makefile Makefile
--> 9c1a97e27105
[linux/arm64] [1/3] STEP 7/13: RUN cd web && npm ci --legacy-peer-deps --ignore-scripts
npm warn deprecated rimraf@3.0.2: Rimraf versions prior to v4 are no longer supported
npm warn deprecated lodash.get@4.4.2: This package is deprecated. Use the optional chaining (?.) operator instead.
npm warn deprecated inflight@1.0.6: This module is not supported, and leaks memory. Do not use it. Check out lru-cache if you want a good and tested way to coalesce async requests by a key value, which is much more comprehensive and powerful.
npm warn deprecated glob@7.2.3: Glob versions prior to v9 are no longer supported
npm warn deprecated i18next-parser@9.4.0: Project is deprecated, use i18next-cli instead
npm warn deprecated glob@10.5.0: Old versions of glob are not supported, and contain widely publicized security vulnerabilities, which have been fixed in the current version. Please update. Support for old versions may be purchased (at exorbitant rates) by contacting i@izs.me
npm warn deprecated glob@10.5.0: Old versions of glob are not supported, and contain widely publicized security vulnerabilities, which have been fixed in the current version. Please update. Support for old versions may be purchased (at exorbitant rates) by contacting i@izs.me
npm warn deprecated glob@10.5.0: Old versions of glob are not supported, and contain widely publicized security vulnerabilities, which have been fixed in the current version. Please update. Support for old versions may be purchased (at exorbitant rates) by contacting i@izs.me
npm warn deprecated glob@10.5.0: Old versions of glob are not supported, and contain widely publicized security vulnerabilities, which have been fixed in the current version. Please update. Support for old versions may be purchased (at exorbitant rates) by contacting i@izs.me

added 1701 packages, and audited 1702 packages in 41s

319 packages are looking for funding
  run `npm fund` for details

26 vulnerabilities (23 moderate, 3 high)

To address issues that do not require attention, run:
  npm audit fix

To address all issues (including breaking changes), run:
  npm audit fix --force

Run `npm audit` for details.
--> 4f4c40f27bd0
[linux/arm64] [1/3] STEP 8/13: COPY web/ web/
--> 58985e885adf
[linux/arm64] [1/3] STEP 9/13: COPY config/ config/
--> 406309a0413a
[linux/arm64] [1/3] STEP 10/13: COPY scripts/update-plugin-name.sh scripts/update-plugin-name.sh
--> 7d229f8418eb
[linux/arm64] [1/3] STEP 11/13: RUN make update-plugin-name
make: Warning: File 'Makefile' has modification time 4785 s in the future
./scripts/update-plugin-name.sh
make: warning:  Clock skew detected.  Your build may be incomplete.
--> cad9e890bc9d
[linux/arm64] [1/3] STEP 12/13: ENV I18N_NAMESPACE="plugin__monitoring-console-plugin"
--> 9f65530b15e5
[linux/arm64] [1/3] STEP 13/13: RUN make build-frontend
make: Warning: File 'Makefile' has modification time 4785 s in the future
cd web && npm run build

> monitoring-console-plugin@1.0.0 build
> npm run clean && NODE_ENV=production npm run ts-node node_modules/.bin/webpack


> monitoring-console-plugin@1.0.0 clean
> rm -rf dist


> monitoring-console-plugin@1.0.0 ts-node
> ts-node -O '{"module":"commonjs"}' node_modules/.bin/webpack

assets by path *.js 9.77 MiB
  assets by chunk 8.11 MiB (id hint: vendors)
    assets by status 7.07 MiB [big] 4 assets
    + 38 assets
  + 177 assets
assets by path assets/ 1.28 MiB
  assets by path assets/*.woff 740 KiB 42 assets
  assets by path assets/*.woff2 565 KiB 42 assets
  asset assets/restricted-sign..svg 2.38 KiB [emitted] [from: components/console/imgs/restricted-sign.svg] (auxiliary name: CmoAlertsPage, exposed-AlertRulesDetailsPage, exposed-AlertsDetailsPage, exposed-IncidentsPage, exposed-SilenceEditPage, exposed-SilencesDetailsPage, exposed-TargetsPage)
assets by path locales/ 115 KiB
  asset locales/en/plugin__monitoring-console-plugin.json 22.2 KiB [emitted] [from: ../locales/en/plugin__monitoring-console-plugin.json] [copied]
  asset locales/ja/plugin__monitoring-console-plugin.json 20.7 KiB [emitted] [from: ../locales/ja/plugin__monitoring-console-plugin.json] [copied]
  asset locales/fr/plugin__monitoring-console-plugin.json 19.3 KiB [emitted] [from: ../locales/fr/plugin__monitoring-console-plugin.json] [copied]
  + 3 assets
asset plugin-manifest.json 7.89 KiB [emitted]
orphan modules 19.3 MiB [orphan] 20233 modules
runtime modules 62.1 KiB 16 modules
built modules 17.8 MiB (javascript) 1.28 MiB (asset) 3.32 KiB (consume-shared) 3.08 KiB (share-init) [built]
  modules by path ../node_modules/ 17 MiB (javascript) 1.27 MiB (asset) 1705 modules
  modules by path ./ 788 KiB (javascript) 2.38 KiB (asset) 91 modules
  consume-shared-module modules 3.32 KiB 81 modules
  provide-module modules 3.08 KiB
    modules by path provide shared module (default) @patternfly/react-core/dist/dynamic/ 1.97 KiB 48 modules
    modules by path provide shared module (default) @patternfly/react-icons/dist/dynamic/icons/ 1.03 KiB 25 modules
    modules by path provide shared module (default) @patternfly/react-table/dist/dynamic/components/ 84 bytes 2 modules
  modules by path @console/internal/ 30 bytes
    @console/internal/module/auth (ignored) 15 bytes [built] [code generated]
    @console/internal/models (ignored) 15 bytes [built] [code generated]
  container entry 42 bytes [built] [code generated]

WARNING in asset size limit: The following asset(s) exceed the recommended size limit (244 KiB).
This can impact web performance.
Assets: 
  4617-chunk-f040b4586499cba121b1.min.js (311 KiB)
  9810-chunk-a64b894c03accad280e9.min.js (402 KiB)
  1848-chunk-267f4680c378ff96ac83.min.js (1.86 MiB)
  4616-chunk-8b92f11d45652b61ae32.min.js (4.51 MiB)

webpack 5.105.4 compiled with 1 warning in 4984758 ms
make: warning:  Clock skew detected.  Your build may be incomplete.
--> cda3a3f9037a
[linux/arm64] [2/3] STEP 1/14: FROM brew.registry.redhat.io/rh-osbs/openshift-golang-builder:rhel_9_1.24 AS go-builder
[linux/arm64] [2/3] STEP 2/14: WORKDIR /opt/app-root
--> Using cache aea9d94c2242de8ddf13c9c1515d267f355a44b7072a087baf0ce923a7b09a4a
--> aea9d94c2242
[linux/arm64] [2/3] STEP 3/14: COPY Makefile Makefile
--> ab9a83b49172
[linux/arm64] [2/3] STEP 4/14: COPY go.mod go.mod
--> 324796da07c0
[linux/arm64] [2/3] STEP 5/14: COPY go.sum go.sum
--> b62ddf2a5127
[linux/arm64] [2/3] STEP 6/14: RUN make install-backend
go mod download
Go compliance shim [2] [rhel-9-golang-1.24][openshift-golang-builder]: assessment: CGO_ENABLED=1
Go compliance shim [2] [rhel-9-golang-1.24][openshift-golang-builder]: assessment: dynamic linking
Go compliance shim [2] [rhel-9-golang-1.24][openshift-golang-builder]: skipping forced compliance due to broad exemption
Go compliance shim [2] [rhel-9-golang-1.24][openshift-golang-builder]: EXEMPT: 1


Go compliance shim [2] [rhel-9-golang-1.24][openshift-golang-builder]: final command line arguments: "mod" "download" 

Go compliance shim [2] [rhel-9-golang-1.24][openshift-golang-builder]: invoking real go binary
Go compliance shim [2] [rhel-9-golang-1.24][openshift-golang-builder]: Exited with: 0
--> 5749f75f3c1b
[linux/arm64] [2/3] STEP 7/14: COPY cmd/ cmd/
--> 02c5f310bce1
[linux/arm64] [2/3] STEP 8/14: COPY pkg/ pkg/
--> cba2e644d4e8
[linux/arm64] [2/3] STEP 9/14: ENV GOOS=${TARGETOS:-linux}
--> 6e06c591b827
[linux/arm64] [2/3] STEP 10/14: ENV GOARCH=${TARGETARCH}
--> da4d7aa75b0d
[linux/arm64] [2/3] STEP 11/14: ENV GOEXPERIMENT=strictfipsruntime
--> a77bd5b24be7
[linux/arm64] [2/3] STEP 12/14: ENV GOFLAGS=-mod=readonly
--> 548a6338f40f
[linux/arm64] [2/3] STEP 13/14: ENV CGO_ENABLED=1
--> 193dbab91a74
[linux/arm64] [2/3] STEP 14/14: RUN make build-backend
go build  -mod=readonly -o plugin-backend cmd/plugin-backend.go
Go compliance shim [2] [rhel-9-golang-1.24][openshift-golang-builder]: assessment: CGO_ENABLED=1
Go compliance shim [2] [rhel-9-golang-1.24][openshift-golang-builder]: assessment: dynamic linking
Go compliance shim [2] [rhel-9-golang-1.24][openshift-golang-builder]: skipping forced compliance due to broad exemption
Go compliance shim [2] [rhel-9-golang-1.24][openshift-golang-builder]: EXEMPT: 1


Go compliance shim [2] [rhel-9-golang-1.24][openshift-golang-builder]: final command line arguments: "build" "-mod=readonly" "-o" "plugin-backend" "cmd/plugin-backend.go" 

Go compliance shim [2] [rhel-9-golang-1.24][openshift-golang-builder]: invoking real go binary
Go compliance shim [2] [rhel-9-golang-1.24][openshift-golang-builder]: Exited with: 0
--> c858486c2374
[linux/amd64] [1/3] STEP 1/13: FROM registry.redhat.io/ubi9/nodejs-22:latest AS web-builder
Trying to pull registry.redhat.io/ubi9/nodejs-22:latest...
Getting image source signatures
Checking if image destination supports signatures
Copying blob sha256:669ecfdf872e83fa8f88dbdbe9b75f628fb72b9210cbdcce7ea0f449a74cac9e
Copying blob sha256:9a785c83dc42af66688cf5d3dd8e0500ce65bad5a679b45744d62c2fffbb60d8
Copying blob sha256:1c3800ac7d8629ddf73a031732f867dbc0c46d5a7dd1f70c0656c2e6e351e3aa
Copying config sha256:7ff8c7d7ce9b0c742c2379ee8b8206279c959b199e0e12bd8d486ef717c6da23
Writing manifest to image destination
Storing signatures
[linux/amd64] [1/3] STEP 2/13: WORKDIR /opt/app-root
--> Using cache 8e5151ef23e4c2143b56c28a6233213144e54b94b1ac8c61ab33ce0bce2a593a
--> 8e5151ef23e4
[linux/amd64] [1/3] STEP 3/13: USER 0
--> Using cache 6ff5dfbc5a35e69db058f7339e0fb46a54a5fca230232623e3c4b91abe631dfc
--> 6ff5dfbc5a35
[linux/amd64] [1/3] STEP 4/13: ENV HUSKY=0
--> Using cache 9eee59c09681303bb25e9ee890dd26b21589464e4f24d6db5f344d114e5c07f2
--> 9eee59c09681
[linux/amd64] [1/3] STEP 5/13: COPY web/package*.json web/
--> d6aef3f80859
[linux/amd64] [1/3] STEP 6/13: COPY Makefile Makefile
--> a979ba890e9d
[linux/amd64] [1/3] STEP 7/13: RUN cd web && npm ci --legacy-peer-deps --ignore-scripts
npm warn deprecated rimraf@3.0.2: Rimraf versions prior to v4 are no longer supported
npm warn deprecated lodash.get@4.4.2: This package is deprecated. Use the optional chaining (?.) operator instead.
npm warn deprecated inflight@1.0.6: This module is not supported, and leaks memory. Do not use it. Check out lru-cache if you want a good and tested way to coalesce async requests by a key value, which is much more comprehensive and powerful.
npm warn deprecated glob@7.2.3: Glob versions prior to v9 are no longer supported
npm warn deprecated i18next-parser@9.4.0: Project is deprecated, use i18next-cli instead
npm warn deprecated glob@10.5.0: Old versions of glob are not supported, and contain widely publicized security vulnerabilities, which have been fixed in the current version. Please update. Support for old versions may be purchased (at exorbitant rates) by contacting i@izs.me
npm warn deprecated glob@10.5.0: Old versions of glob are not supported, and contain widely publicized security vulnerabilities, which have been fixed in the current version. Please update. Support for old versions may be purchased (at exorbitant rates) by contacting i@izs.me
npm warn deprecated glob@10.5.0: Old versions of glob are not supported, and contain widely publicized security vulnerabilities, which have been fixed in the current version. Please update. Support for old versions may be purchased (at exorbitant rates) by contacting i@izs.me
npm warn deprecated glob@10.5.0: Old versions of glob are not supported, and contain widely publicized security vulnerabilities, which have been fixed in the current version. Please update. Support for old versions may be purchased (at exorbitant rates) by contacting i@izs.me

added 1701 packages, and audited 1702 packages in 47s

319 packages are looking for funding
  run `npm fund` for details

26 vulnerabilities (23 moderate, 3 high)

To address issues that do not require attention, run:
  npm audit fix

To address all issues (including breaking changes), run:
  npm audit fix --force

Run `npm audit` for details.
--> bf6a8f194429
[linux/amd64] [1/3] STEP 8/13: COPY web/ web/
--> 68d1a8eea62c
[linux/amd64] [1/3] STEP 9/13: COPY config/ config/
--> ad6d36ffe5ce
[linux/amd64] [1/3] STEP 10/13: COPY scripts/update-plugin-name.sh scripts/update-plugin-name.sh
--> 5a40735c85b3
[linux/amd64] [1/3] STEP 11/13: RUN make update-plugin-name
./scripts/update-plugin-name.sh
--> af67372457ce
[linux/amd64] [1/3] STEP 12/13: ENV I18N_NAMESPACE="plugin__monitoring-console-plugin"
--> 117b3416a43e
[linux/amd64] [1/3] STEP 13/13: RUN make build-frontend
cd web && npm run build

> monitoring-console-plugin@1.0.0 build
> npm run clean && NODE_ENV=production npm run ts-node node_modules/.bin/webpack


> monitoring-console-plugin@1.0.0 clean
> rm -rf dist


> monitoring-console-plugin@1.0.0 ts-node
> ts-node -O '{"module":"commonjs"}' node_modules/.bin/webpack

assets by path *.js 9.77 MiB
  assets by chunk 8.11 MiB (id hint: vendors)
    assets by status 7.07 MiB [big] 4 assets
    + 38 assets
  + 177 assets
assets by path assets/ 1.28 MiB
  assets by path assets/*.woff 740 KiB 42 assets
  assets by path assets/*.woff2 565 KiB 42 assets
  asset assets/restricted-sign..svg 2.38 KiB [emitted] [from: components/console/imgs/restricted-sign.svg] (auxiliary name: CmoAlertsPage, exposed-AlertRulesDetailsPage, exposed-AlertsDetailsPage, exposed-IncidentsPage, exposed-SilenceEditPage, exposed-SilencesDetailsPage, exposed-TargetsPage)
assets by path locales/ 115 KiB
  asset locales/en/plugin__monitoring-console-plugin.json 22.2 KiB [emitted] [from: ../locales/en/plugin__monitoring-console-plugin.json] [copied]
  asset locales/ja/plugin__monitoring-console-plugin.json 20.7 KiB [emitted] [from: ../locales/ja/plugin__monitoring-console-plugin.json] [copied]
  asset locales/fr/plugin__monitoring-console-plugin.json 19.3 KiB [emitted] [from: ../locales/fr/plugin__monitoring-console-plugin.json] [copied]
  + 3 assets
asset plugin-manifest.json 7.89 KiB [emitted]
orphan modules 19.3 MiB [orphan] 20233 modules
runtime modules 62.1 KiB 16 modules
built modules 17.8 MiB (javascript) 1.28 MiB (asset) 3.32 KiB (consume-shared) 3.08 KiB (share-init) [built]
  modules by path ../node_modules/ 17 MiB (javascript) 1.27 MiB (asset) 1705 modules
  modules by path ./ 788 KiB (javascript) 2.38 KiB (asset) 91 modules
  consume-shared-module modules 3.32 KiB 81 modules
  provide-module modules 3.08 KiB
    modules by path provide shared module (default) @patternfly/react-core/dist/dynamic/ 1.97 KiB 48 modules
    modules by path provide shared module (default) @patternfly/react-icons/dist/dynamic/icons/ 1.03 KiB 25 modules
    modules by path provide shared module (default) @patternfly/react-table/dist/dynamic/components/ 84 bytes 2 modules
  modules by path @console/internal/ 30 bytes
    @console/internal/module/auth (ignored) 15 bytes [built] [code generated]
    @console/internal/models (ignored) 15 bytes [built] [code generated]
  container entry 42 bytes [built] [code generated]

WARNING in asset size limit: The following asset(s) exceed the recommended size limit (244 KiB).
This can impact web performance.
Assets: 
  4617-chunk-f040b4586499cba121b1.min.js (311 KiB)
  9810-chunk-a64b894c03accad280e9.min.js (402 KiB)
  1848-chunk-267f4680c378ff96ac83.min.js (1.86 MiB)
  4616-chunk-8b92f11d45652b61ae32.min.js (4.51 MiB)

webpack 5.105.4 compiled with 1 warning in 271831 ms
--> ff19c73400eb
[linux/arm64] [3/3] STEP 1/8: FROM registry.redhat.io/rhel9-4-els/rhel:9.4
[linux/arm64] [3/3] STEP 2/8: RUN mkdir /licenses
--> Using cache f8dc51b9259e2e69d5c9561437140229643e587dd4544adb26b55a354a8e04bc
--> f8dc51b9259e
[linux/arm64] [3/3] STEP 3/8: COPY LICENSE /licenses/.
--> Using cache 718c0742f682d73881fa2624ea95b951d1d873b17a7f0b0f882e2f117110e75b
--> 718c0742f682
[linux/arm64] [3/3] STEP 4/8: USER 1001
--> Using cache 84dd772af1466fc3198025f6df6bae0c144bed1d1f6d0d9f9543a63a27b3c4e3
--> 84dd772af146
[linux/arm64] [3/3] STEP 5/8: COPY --from=web-builder /opt/app-root/web/dist /opt/app-root/web/dist
--> c085adcd359f
[linux/arm64] [3/3] STEP 6/8: COPY --from=go-builder /opt/app-root/plugin-backend /opt/app-root
--> d06800e6c4c3
[linux/arm64] [3/3] STEP 7/8: COPY --from=web-builder /opt/app-root/config /opt/app-root/config
--> 9aa446d11179
[linux/arm64] [3/3] STEP 8/8: ENTRYPOINT ["/opt/app-root/plugin-backend", "-static-path", "/opt/app-root/web/dist"]
[linux/arm64] [3/3] COMMIT
--> 543e5e6bc8ac
[linux/amd64] [2/3] STEP 1/14: FROM brew.registry.redhat.io/rh-osbs/openshift-golang-builder:rhel_9_1.24 AS go-builder
543e5e6bc8acae51c8a5b1dedd19f510b1a3f8acb5f1fdfc96430765f16d9e22
Trying to pull brew.registry.redhat.io/rh-osbs/openshift-golang-builder:rhel_9_1.24...
Getting image source signatures
Copying blob sha256:e2e2fd836dcf8c102bc7bdec3fa60ccac6c08515308f3a3fd42a61dbecea6239
Copying blob sha256:5e09f8650bc245176f116be7bf617e9ebbda9f1690adc8f25ef8cc558cd62fbf
Copying config sha256:4110829d2ea57e0eeded3bd6d60857e756e7c4076501cd57b752f0411b653164
Writing manifest to image destination
[linux/amd64] [2/3] STEP 2/14: WORKDIR /opt/app-root
--> Using cache 7deb3efd4e58a78bc8e5cb83aca62733c6857a67ae192624f9ea3015f29775df
--> 7deb3efd4e58
[linux/amd64] [2/3] STEP 3/14: COPY Makefile Makefile
--> bb58470361f9
[linux/amd64] [2/3] STEP 4/14: COPY go.mod go.mod
--> dd23f2928488
[linux/amd64] [2/3] STEP 5/14: COPY go.sum go.sum
--> 23e6261fe56d
[linux/amd64] [2/3] STEP 6/14: RUN make install-backend
go mod download
Go compliance shim [2] [rhel-9-golang-1.24][openshift-golang-builder]: assessment: CGO_ENABLED=1
Go compliance shim [2] [rhel-9-golang-1.24][openshift-golang-builder]: assessment: dynamic linking
Go compliance shim [2] [rhel-9-golang-1.24][openshift-golang-builder]: skipping forced compliance due to broad exemption
Go compliance shim [2] [rhel-9-golang-1.24][openshift-golang-builder]: EXEMPT: 1


Go compliance shim [2] [rhel-9-golang-1.24][openshift-golang-builder]: final command line arguments: "mod" "download" 

Go compliance shim [2] [rhel-9-golang-1.24][openshift-golang-builder]: invoking real go binary
Go compliance shim [2] [rhel-9-golang-1.24][openshift-golang-builder]: Exited with: 0
--> dcb356b1e72c
[linux/amd64] [2/3] STEP 7/14: COPY cmd/ cmd/
--> 0b12e6dd9646
[linux/amd64] [2/3] STEP 8/14: COPY pkg/ pkg/
--> 3eab31c0cd85
[linux/amd64] [2/3] STEP 9/14: ENV GOOS=${TARGETOS:-linux}
--> 6bbc81de3df2
[linux/amd64] [2/3] STEP 10/14: ENV GOARCH=${TARGETARCH}
--> 8c1188c1bd71
[linux/amd64] [2/3] STEP 11/14: ENV GOEXPERIMENT=strictfipsruntime
--> 7f81401187fb
[linux/amd64] [2/3] STEP 12/14: ENV GOFLAGS=-mod=readonly
--> e4172ec6e11f
[linux/amd64] [2/3] STEP 13/14: ENV CGO_ENABLED=1
--> 413271eb5038
[linux/amd64] [2/3] STEP 14/14: RUN make build-backend
go build  -mod=readonly -o plugin-backend cmd/plugin-backend.go
Go compliance shim [2] [rhel-9-golang-1.24][openshift-golang-builder]: assessment: CGO_ENABLED=1
Go compliance shim [2] [rhel-9-golang-1.24][openshift-golang-builder]: assessment: dynamic linking
Go compliance shim [2] [rhel-9-golang-1.24][openshift-golang-builder]: skipping forced compliance due to broad exemption
Go compliance shim [2] [rhel-9-golang-1.24][openshift-golang-builder]: EXEMPT: 1


Go compliance shim [2] [rhel-9-golang-1.24][openshift-golang-builder]: final command line arguments: "build" "-mod=readonly" "-o" "plugin-backend" "cmd/plugin-backend.go" 

Go compliance shim [2] [rhel-9-golang-1.24][openshift-golang-builder]: invoking real go binary
Go compliance shim [2] [rhel-9-golang-1.24][openshift-golang-builder]: Exited with: 0
--> 6fea70124999
[linux/amd64] [3/3] STEP 1/8: FROM registry.redhat.io/rhel9-4-els/rhel:9.4
Trying to pull registry.redhat.io/rhel9-4-els/rhel:9.4...
Getting image source signatures
Checking if image destination supports signatures
Copying blob sha256:9e5082548d869f2944301a153c8568183a38cf0df310a3fb0b2daf2af3b5f841
Copying config sha256:77849b1a77e7859a392840d43bed01557ec82ac0c2ac4283d962deec354ceee6
Writing manifest to image destination
Storing signatures
[linux/amd64] [3/3] STEP 2/8: RUN mkdir /licenses
--> Using cache 23975a9de2d1ef14b8126c42154e6c0756d57e96e2dd86554800f1ceccd58542
--> 23975a9de2d1
[linux/amd64] [3/3] STEP 3/8: COPY LICENSE /licenses/.
--> Using cache 4f233d5682d981c388b4753710c2e93bf8b1cc8b363b54c35ae425c3a0d38a6e
--> 4f233d5682d9
[linux/amd64] [3/3] STEP 4/8: USER 1001
--> Using cache 8b903f9f583ace4651b59d0229d579b6974493b55c1e1632dbf00a89d9ac6f19
--> 8b903f9f583a
[linux/amd64] [3/3] STEP 5/8: COPY --from=web-builder /opt/app-root/web/dist /opt/app-root/web/dist
--> 66d7f61a9c01
[linux/amd64] [3/3] STEP 6/8: COPY --from=go-builder /opt/app-root/plugin-backend /opt/app-root
--> 0094c962a6f8
[linux/amd64] [3/3] STEP 7/8: COPY --from=web-builder /opt/app-root/config /opt/app-root/config
--> 346a6798dc8e
[linux/amd64] [3/3] STEP 8/8: ENTRYPOINT ["/opt/app-root/plugin-backend", "-static-path", "/opt/app-root/web/dist"]
[linux/amd64] [3/3] COMMIT
--> 6aa8cb615d85
6aa8cb615d85566f1a44309f0b645455a64e3622596d12e85ab5d855ccf71906
podman manifest push quay.io/rh-ee-emurasak/monitoring-console-plugin:v1.0.0
Getting image list signatures
Copying 2 images generated from 2 images in list
Copying image sha256:050bb488f3e55ed253b34d828c70105fdf5275ad75621e15d2692f9637299e93 (1/2)
Getting image source signatures
Copying blob sha256:7445b1c6a3940778ba4b6fc11fd580e5a3046016568ca87eba0ba827df2f3d05
Copying blob sha256:56f087c15b8726b702af9aed7b85a8b6b03b09850482d47a86e44fe345db8052
Copying blob sha256:abdb8cc72e3424e4355a57b5eaf69a820fc9a93b5ef3124d51f184bbf887b049
Copying blob sha256:3428c013719eec72c7c519a66181e295369b598da6621dec8ff25ad8fefcfe6d
Copying blob sha256:903dccfcfb486b84cff3af9a1e3119838b6836528fca5c8cb31b879877b8913e
Copying blob sha256:553427bd0efd0587880638a3cc097e998aa134f7e575e1dc2dae842ead25f6b8
Copying config sha256:543e5e6bc8acae51c8a5b1dedd19f510b1a3f8acb5f1fdfc96430765f16d9e22
Writing manifest to image destination
Copying image sha256:aeafe5cbbf8935ec89014451230a0e9475629843497a59d960cd87a6804efe49 (2/2)
Getting image source signatures
Copying blob sha256:c2e87fe271c8197ba658999afaba416f0b3235b6d20155d3c87ba88d61fc9fd7
Copying blob sha256:74ea6a5315ac2a0a27a1e4e6f87703374739fbd596e872724a21ab09c6bdf5dd
Copying blob sha256:5b385a2e213ab300a5dda48d03be48202869c6a75f5e5d9a41b1764d67c8a1db
Copying blob sha256:b1110c842c41cd606f32c61e6401c321e57851365ebb32ddbf438b953146c15d
Copying blob sha256:cb1459e6aa72d32f76bcc0f2c31d619cc6de500aea04d4a5ad4897504a9d2c82
Copying blob sha256:d6acab178d9d5c3533322f7bf6bd0f104cefa6bbdcc8f68d82e46215c449c4eb
Copying config sha256:6aa8cb615d85566f1a44309f0b645455a64e3622596d12e85ab5d855ccf71906
Writing manifest to image destination
Writing manifest list to image destination
Storing list signatures
==========================================
Building logging-view-plugin @ release-coo-ocp-4.22 with VERSION=v6.2.1 ORG=rh-ee-emurasak
==========================================
Switched to branch 'release-coo-ocp-4.22'
Your branch is up to date with 'origin/release-coo-ocp-4.22'.
From https://github.com/openshift/logging-view-plugin
 * branch            release-coo-ocp-4.22 -> FETCH_HEAD
Already up to date.
--- Attempt 1/3 ---
Makefile:45: warning: overriding commands for target `test-backend'
Makefile:41: warning: ignoring old commands for target `test-backend'
podman manifest rm quay.io/rh-ee-emurasak/logging-view-plugin:v6.2.1 || true
Error: quay.io/rh-ee-emurasak/logging-view-plugin:v6.2.1: image not known
podman manifest create quay.io/rh-ee-emurasak/logging-view-plugin:v6.2.1
efb2afbad779d1bdf6e18b724efd4d262ba05579fe60fbd7418e12646ae049a7
podman build --platform linux/arm64,linux/amd64 --manifest quay.io/rh-ee-emurasak/logging-view-plugin:v6.2.1 -f Dockerfile
[linux/arm64] [1/3] STEP 1/9: FROM registry.redhat.io/ubi9/nodejs-22:latest AS web-builder
Trying to pull registry.redhat.io/ubi9/nodejs-22:latest...
Getting image source signatures
Checking if image destination supports signatures
Copying blob sha256:8cc4364173e08b740ee39103f76581907e7a0eaa07260aeb6afbbebb8dde106e
Copying blob sha256:6c68ec2cb8914dd7cd64b186ef8674ae644c890fcae14edf9a3b33fde3a76cce
Copying blob sha256:98245caf86240da0764634e4873f8d78498df819a738bee6e752ffc1dc9be497
Copying config sha256:bceceabd26d12d7ba9de7f0aad51a65d5ae092bd1ae800eb7bad9330a6a05b8e
Writing manifest to image destination
Storing signatures
[linux/arm64] [1/3] STEP 2/9: WORKDIR /opt/app-root
--> Using cache ea32d62a2847d7d06ac4acfdcdef1e1326aba72ddcbe57ae396184815464e18e
--> ea32d62a2847
[linux/arm64] [1/3] STEP 3/9: USER 0
--> Using cache e547dead689f14cc6501309c062ab6ae2cbb3e68752a410aba70dd69465bcc1c
--> e547dead689f
[linux/arm64] [1/3] STEP 4/9: ENV HUSKY=0
--> Using cache 13503f31186008618312dc6891c4fa8e9571fffe610e0f472db58fdf6e46fc7f
--> 13503f311860
[linux/arm64] [1/3] STEP 5/9: COPY web/package*.json web/
--> 4b5dcc5dc2b5
[linux/arm64] [1/3] STEP 6/9: COPY Makefile Makefile
--> f3a454b47ea8
[linux/arm64] [1/3] STEP 7/9: RUN make install-frontend-ci-clean
Makefile:45: warning: overriding recipe for target 'test-backend'
Makefile:41: warning: ignoring old recipe for target 'test-backend'
cd web && npm ci --omit=optional --ignore-scripts
npm warn deprecated whatwg-encoding@3.1.1: Use @exodus/bytes instead for a more spec-conformant and faster implementation
npm warn deprecated uuid@8.3.2: uuid@10 and below is no longer supported.  For ESM codebases, update to uuid@latest.  For CommonJS codebases, use uuid@11 (but be aware this version will likely be deprecated in 2028).
npm warn deprecated rimraf@3.0.2: Rimraf versions prior to v4 are no longer supported
npm warn deprecated inflight@1.0.6: This module is not supported, and leaks memory. Do not use it. Check out lru-cache if you want a good and tested way to coalesce async requests by a key value, which is much more comprehensive and powerful.
npm warn deprecated i18next-parser@9.4.0: Project is deprecated, use i18next-cli instead
npm warn deprecated glob@7.2.3: Old versions of glob are not supported, and contain widely publicized security vulnerabilities, which have been fixed in the current version. Please update. Support for old versions may be purchased (at exorbitant rates) by contacting i@izs.me
npm warn deprecated @types/webpack-dev-server@4.7.2: This is a stub types definition. webpack-dev-server provides its own type definitions, so you do not need this installed.
npm warn deprecated glob@10.5.0: Old versions of glob are not supported, and contain widely publicized security vulnerabilities, which have been fixed in the current version. Please update. Support for old versions may be purchased (at exorbitant rates) by contacting i@izs.me
npm warn deprecated glob@10.5.0: Old versions of glob are not supported, and contain widely publicized security vulnerabilities, which have been fixed in the current version. Please update. Support for old versions may be purchased (at exorbitant rates) by contacting i@izs.me
npm warn deprecated glob@10.5.0: Old versions of glob are not supported, and contain widely publicized security vulnerabilities, which have been fixed in the current version. Please update. Support for old versions may be purchased (at exorbitant rates) by contacting i@izs.me
npm warn deprecated glob@10.5.0: Old versions of glob are not supported, and contain widely publicized security vulnerabilities, which have been fixed in the current version. Please update. Support for old versions may be purchased (at exorbitant rates) by contacting i@izs.me
npm warn deprecated glob@10.5.0: Old versions of glob are not supported, and contain widely publicized security vulnerabilities, which have been fixed in the current version. Please update. Support for old versions may be purchased (at exorbitant rates) by contacting i@izs.me

added 1554 packages, and audited 1555 packages in 37s

310 packages are looking for funding
  run `npm fund` for details

27 vulnerabilities (1 low, 20 moderate, 6 high)

To address issues that do not require attention, run:
  npm audit fix

To address all issues (including breaking changes), run:
  npm audit fix --force

Run `npm audit` for details.
cd web && npm cache clean --force
npm warn using --force Recommended protections disabled.
--> 18b97bc89754
[linux/arm64] [1/3] STEP 8/9: COPY web/ web/
--> 3636ee8193e6
[linux/arm64] [1/3] STEP 9/9: RUN make build-frontend
Makefile:45: warning: overriding recipe for target 'test-backend'
Makefile:41: warning: ignoring old recipe for target 'test-backend'
cd web && npm run build

> logging-view-plugin@6.1.0 build
> npm run clean && NODE_ENV=production npm run ts-node node_modules/.bin/webpack


> logging-view-plugin@6.1.0 clean
> rm -rf dist


> logging-view-plugin@6.1.0 ts-node
> ts-node -O '{"module":"commonjs"}' node_modules/.bin/webpack

@patternfly/react-core dynamic modules taken from dist/dynamic-modules.json
Cannot resolve base path for package @patternfly/react-data-view
@patternfly/react-icons dynamic modules taken from dist/dynamic-modules.json
@patternfly/react-table dynamic modules taken from dist/dynamic-modules.json
Cannot resolve base path for package @patternfly/react-templates
assets by path *.js 4.78 MiB
  assets by chunk 2.64 MiB (id hint: vendors)
    assets by status 1.61 MiB [big]
      asset 9666-chunk-69eed8215e04934b0b32.min.js 1.13 MiB [emitted] [immutable] [big] (id hint: vendors) 1 related asset
      asset 3076-chunk-d3dd5c0fd35e0abdbd6a.min.js 494 KiB [emitted] [immutable] [big] (id hint: vendors) 1 related asset
    + 11 assets
  + 82 assets
asset locales/en/plugin__logging-view-plugin.json 10.4 KiB [emitted] [from: ../locales/en/plugin__logging-view-plugin.json] [copied]
asset plugin-manifest.json 1.92 KiB [emitted]
orphan modules 2.59 MiB [orphan] 1519 modules
runtime modules 37.8 KiB 14 modules
built modules 2.89 MiB (javascript) 1.72 KiB (consume-shared) 1.56 KiB (share-init) [built]
  modules by path ../node_modules/ 2.6 MiB 436 modules
  modules by path ./ 299 KiB 48 modules
  consume-shared-module modules 1.72 KiB
    modules by path consume shared module (default) @patternfly/react-core/dist/dynamic/ 1.23 KiB 30 modules
    modules by path consume shared module (default) @patternfly/react-icons/dist/dynamic/icons/ 294 bytes 7 modules
    modules by path *.1 (singleton) 84 bytes 2 modules
    + 3 modules
  provide-module modules 1.56 KiB
    modules by path provide shared module (default) @patternfly/react-core/dist/dynamic/ 1.23 KiB 30 modules
    modules by path provide shared module (default) @patternfly/react-icons/dist/dynamic/icons/ 294 bytes 7 modules
    provide shared module (default) @patternfly/react-table/dist/dynamic/components/...(truncated) 42 bytes [built] [code generated]
  container entry 42 bytes [built] [code generated]

WARNING in asset size limit: The following asset(s) exceed the recommended size limit (244 KiB).
This can impact web performance.
Assets: 
  9666-chunk-69eed8215e04934b0b32.min.js (1.13 MiB)
  3076-chunk-d3dd5c0fd35e0abdbd6a.min.js (494 KiB)

webpack 5.106.2 compiled with 1 warning in 54194 ms
--> 82a5a7c38ad6
[linux/arm64] [2/3] STEP 1/12: FROM registry.ci.openshift.org/ocp/builder:rhel-9-golang-1.25-openshift-4.22 AS go-builder
Trying to pull registry.ci.openshift.org/ocp/builder:rhel-9-golang-1.25-openshift-4.22...
Getting image source signatures
Copying blob sha256:aa7f611a7484cb44a6e74a1b285b3a6a9e11728db8cea7bb37f5e8acf73a4a9f
Copying blob sha256:9e9bee4738d78cc5b8c68706e99751b669394b1e52ebb360fabf583fee381119
Copying blob sha256:5b61c27edafe5e77ded797c82768f76bc75782d396b9df5960fa44c429b4056d
Copying config sha256:ede80f1a93c056b3fc70d2cbf3c4c891ceb9d1be73d2f25fc4269be8d3d5c3cb
Writing manifest to image destination
[linux/arm64] [2/3] STEP 2/12: WORKDIR /opt/app-root
--> 7e8281c13a2d
[linux/arm64] [2/3] STEP 3/12: COPY Makefile Makefile
--> 9b3039720667
[linux/arm64] [2/3] STEP 4/12: COPY go.mod go.mod
--> 1ba73847b349
[linux/arm64] [2/3] STEP 5/12: COPY go.sum go.sum
--> 463d4edfce06
[linux/arm64] [2/3] STEP 6/12: RUN make install-backend
go mod download
Makefile:45: warning: overriding recipe for target 'test-backend'
Makefile:41: warning: ignoring old recipe for target 'test-backend'
--> 7c0e66fda6a5
[linux/arm64] [2/3] STEP 7/12: COPY config/ config/
--> 9afd2e3a84de
[linux/arm64] [2/3] STEP 8/12: COPY cmd/ cmd/
--> f10e02fbfc13
[linux/arm64] [2/3] STEP 9/12: COPY pkg/ pkg/
--> cbd011b5daa2
[linux/arm64] [2/3] STEP 10/12: ENV GOEXPERIMENT=strictfipsruntime
--> e42ffe5a4dd0
[linux/arm64] [2/3] STEP 11/12: ENV CGO_ENABLED=1
--> df25d610249e
[linux/arm64] [2/3] STEP 12/12: RUN make build-backend BUILD_OPTS="-tags strictfipsruntime"
Makefile:45: warning: overriding recipe for target 'test-backend'
Makefile:41: warning: ignoring old recipe for target 'test-backend'
go build -tags strictfipsruntime -mod=readonly -o plugin-backend cmd/plugin-backend.go
--> 90050cacb0f2
[linux/amd64] [1/3] STEP 1/9: FROM registry.redhat.io/ubi9/nodejs-22:latest AS web-builder
Trying to pull registry.redhat.io/ubi9/nodejs-22:latest...
Getting image source signatures
Checking if image destination supports signatures
Copying blob sha256:669ecfdf872e83fa8f88dbdbe9b75f628fb72b9210cbdcce7ea0f449a74cac9e
Copying blob sha256:9a785c83dc42af66688cf5d3dd8e0500ce65bad5a679b45744d62c2fffbb60d8
Copying blob sha256:1c3800ac7d8629ddf73a031732f867dbc0c46d5a7dd1f70c0656c2e6e351e3aa
Copying config sha256:7ff8c7d7ce9b0c742c2379ee8b8206279c959b199e0e12bd8d486ef717c6da23
Writing manifest to image destination
Storing signatures
[linux/amd64] [1/3] STEP 2/9: WORKDIR /opt/app-root
--> Using cache 8e5151ef23e4c2143b56c28a6233213144e54b94b1ac8c61ab33ce0bce2a593a
--> 8e5151ef23e4
[linux/amd64] [1/3] STEP 3/9: USER 0
--> Using cache 6ff5dfbc5a35e69db058f7339e0fb46a54a5fca230232623e3c4b91abe631dfc
--> 6ff5dfbc5a35
[linux/amd64] [1/3] STEP 4/9: ENV HUSKY=0
--> Using cache 9eee59c09681303bb25e9ee890dd26b21589464e4f24d6db5f344d114e5c07f2
--> 9eee59c09681
[linux/amd64] [1/3] STEP 5/9: COPY web/package*.json web/
--> 0e6ea8db8c6e
[linux/amd64] [1/3] STEP 6/9: COPY Makefile Makefile
--> 13ccf2b931f0
[linux/amd64] [1/3] STEP 7/9: RUN make install-frontend-ci-clean
Makefile:45: warning: overriding recipe for target 'test-backend'
Makefile:41: warning: ignoring old recipe for target 'test-backend'
cd web && npm ci --omit=optional --ignore-scripts
npm warn deprecated whatwg-encoding@3.1.1: Use @exodus/bytes instead for a more spec-conformant and faster implementation
npm warn deprecated rimraf@3.0.2: Rimraf versions prior to v4 are no longer supported
npm warn deprecated inflight@1.0.6: This module is not supported, and leaks memory. Do not use it. Check out lru-cache if you want a good and tested way to coalesce async requests by a key value, which is much more comprehensive and powerful.
npm warn deprecated glob@7.2.3: Old versions of glob are not supported, and contain widely publicized security vulnerabilities, which have been fixed in the current version. Please update. Support for old versions may be purchased (at exorbitant rates) by contacting i@izs.me
npm warn deprecated @types/webpack-dev-server@4.7.2: This is a stub types definition. webpack-dev-server provides its own type definitions, so you do not need this installed.
npm warn deprecated i18next-parser@9.4.0: Project is deprecated, use i18next-cli instead
npm warn deprecated uuid@8.3.2: uuid@10 and below is no longer supported.  For ESM codebases, update to uuid@latest.  For CommonJS codebases, use uuid@11 (but be aware this version will likely be deprecated in 2028).
npm warn deprecated glob@10.5.0: Old versions of glob are not supported, and contain widely publicized security vulnerabilities, which have been fixed in the current version. Please update. Support for old versions may be purchased (at exorbitant rates) by contacting i@izs.me
npm warn deprecated glob@10.5.0: Old versions of glob are not supported, and contain widely publicized security vulnerabilities, which have been fixed in the current version. Please update. Support for old versions may be purchased (at exorbitant rates) by contacting i@izs.me
npm warn deprecated glob@10.5.0: Old versions of glob are not supported, and contain widely publicized security vulnerabilities, which have been fixed in the current version. Please update. Support for old versions may be purchased (at exorbitant rates) by contacting i@izs.me
npm warn deprecated glob@10.5.0: Old versions of glob are not supported, and contain widely publicized security vulnerabilities, which have been fixed in the current version. Please update. Support for old versions may be purchased (at exorbitant rates) by contacting i@izs.me
npm warn deprecated glob@10.5.0: Old versions of glob are not supported, and contain widely publicized security vulnerabilities, which have been fixed in the current version. Please update. Support for old versions may be purchased (at exorbitant rates) by contacting i@izs.me

added 1554 packages, and audited 1555 packages in 1m

310 packages are looking for funding
  run `npm fund` for details

27 vulnerabilities (1 low, 20 moderate, 6 high)

To address issues that do not require attention, run:
  npm audit fix

To address all issues (including breaking changes), run:
  npm audit fix --force

Run `npm audit` for details.
cd web && npm cache clean --force
npm warn using --force Recommended protections disabled.
--> c67dab973146
[linux/amd64] [1/3] STEP 8/9: COPY web/ web/
--> 358299d90540
[linux/amd64] [1/3] STEP 9/9: RUN make build-frontend
Makefile:45: warning: overriding recipe for target 'test-backend'
Makefile:41: warning: ignoring old recipe for target 'test-backend'
cd web && npm run build

> logging-view-plugin@6.1.0 build
> npm run clean && NODE_ENV=production npm run ts-node node_modules/.bin/webpack


> logging-view-plugin@6.1.0 clean
> rm -rf dist


> logging-view-plugin@6.1.0 ts-node
> ts-node -O '{"module":"commonjs"}' node_modules/.bin/webpack

@patternfly/react-core dynamic modules taken from dist/dynamic-modules.json
Cannot resolve base path for package @patternfly/react-data-view
@patternfly/react-icons dynamic modules taken from dist/dynamic-modules.json
@patternfly/react-table dynamic modules taken from dist/dynamic-modules.json
Cannot resolve base path for package @patternfly/react-templates
assets by path *.js 4.78 MiB
  assets by chunk 2.64 MiB (id hint: vendors)
    assets by status 1.61 MiB [big]
      asset 9666-chunk-69eed8215e04934b0b32.min.js 1.13 MiB [emitted] [immutable] [big] (id hint: vendors) 1 related asset
      asset 3076-chunk-d3dd5c0fd35e0abdbd6a.min.js 494 KiB [emitted] [immutable] [big] (id hint: vendors) 1 related asset
    + 11 assets
  + 82 assets
asset locales/en/plugin__logging-view-plugin.json 10.4 KiB [emitted] [from: ../locales/en/plugin__logging-view-plugin.json] [copied]
asset plugin-manifest.json 1.92 KiB [emitted]
orphan modules 2.59 MiB [orphan] 1519 modules
runtime modules 37.8 KiB 14 modules
built modules 2.89 MiB (javascript) 1.72 KiB (consume-shared) 1.56 KiB (share-init) [built]
  modules by path ../node_modules/ 2.6 MiB 436 modules
  modules by path ./ 299 KiB 48 modules
  consume-shared-module modules 1.72 KiB
    modules by path consume shared module (default) @patternfly/react-core/dist/dynamic/ 1.23 KiB 30 modules
    modules by path consume shared module (default) @patternfly/react-icons/dist/dynamic/icons/ 294 bytes 7 modules
    modules by path *.1 (singleton) 84 bytes 2 modules
    + 3 modules
  provide-module modules 1.56 KiB
    modules by path provide shared module (default) @patternfly/react-core/dist/dynamic/ 1.23 KiB 30 modules
    modules by path provide shared module (default) @patternfly/react-icons/dist/dynamic/icons/ 294 bytes 7 modules
    provide shared module (default) @patternfly/react-table/dist/dynamic/components/...(truncated) 42 bytes [built] [code generated]
  container entry 42 bytes [built] [code generated]

WARNING in asset size limit: The following asset(s) exceed the recommended size limit (244 KiB).
This can impact web performance.
Assets: 
  9666-chunk-69eed8215e04934b0b32.min.js (1.13 MiB)
  3076-chunk-d3dd5c0fd35e0abdbd6a.min.js (494 KiB)

webpack 5.106.2 compiled with 1 warning in 69745 ms
--> 71ee13c611db
[linux/arm64] [3/3] STEP 1/5: FROM registry.redhat.io/rhel9-4-els/rhel:9.4
Trying to pull registry.redhat.io/rhel9-4-els/rhel:9.4...
Getting image source signatures
Checking if image destination supports signatures
Copying blob sha256:79500177a417e8e03b63a0893e7e6b03f94ac7a605be761a51e28f082a16087f
Copying config sha256:62846c379ae900d8abe0855310d3d4e7ca7b0b21cc231d45bdfe5a0044988475
Writing manifest to image destination
Storing signatures
[linux/arm64] [3/3] STEP 2/5: COPY --from=web-builder /opt/app-root/web/dist /opt/app-root/web/dist
--> 51864ce12a62
[linux/arm64] [3/3] STEP 3/5: COPY --from=go-builder /opt/app-root/plugin-backend /opt/app-root
--> db2fae18896c
[linux/arm64] [3/3] STEP 4/5: COPY --from=go-builder /opt/app-root/config /opt/app-root/config
--> 8c526bdd72dd
[linux/arm64] [3/3] STEP 5/5: ENTRYPOINT ["/opt/app-root/plugin-backend", "-config-path", "/opt/app-root/config", "-static-path", "/opt/app-root/web/dist"]
[linux/arm64] [3/3] COMMIT
--> 23e422953ce5
[linux/amd64] [2/3] STEP 1/12: FROM registry.ci.openshift.org/ocp/builder:rhel-9-golang-1.25-openshift-4.22 AS go-builder
23e422953ce50e60ef942fb5304307551a269bd5b90dfb0d057936026365b5af
Trying to pull registry.ci.openshift.org/ocp/builder:rhel-9-golang-1.25-openshift-4.22...
Getting image source signatures
Copying blob sha256:5e8b017dfce4756ad529432afc8912ae525b113ceadca335d5169773ddb98c57
Copying blob sha256:cb8cee91bb10a151d5f47bfaeade03a136feecdd326326b1bb7ffb26c45f6de8
Copying blob sha256:bdb88ac36bdf391d418c29297642f76f82d5a4d646b4962c31184290c3b2d7bf
Copying config sha256:1ab99fc2b7ca7f141f6374a943ab692108b93c5e9f343710e8245ef288da5818
Writing manifest to image destination
[linux/amd64] [2/3] STEP 2/12: WORKDIR /opt/app-root
--> b7e9f71b15de
[linux/amd64] [2/3] STEP 3/12: COPY Makefile Makefile
--> ea2c2e464e2c
[linux/amd64] [2/3] STEP 4/12: COPY go.mod go.mod
--> 8e35d55e0791
[linux/amd64] [2/3] STEP 5/12: COPY go.sum go.sum
--> 1417b5983fcf
[linux/amd64] [2/3] STEP 6/12: RUN make install-backend
Makefile:45: warning: overriding recipe for target 'test-backend'
Makefile:41: warning: ignoring old recipe for target 'test-backend'
go mod download
--> ae341220964f
[linux/amd64] [2/3] STEP 7/12: COPY config/ config/
--> 3ae57c5f8977
[linux/amd64] [2/3] STEP 8/12: COPY cmd/ cmd/
--> 9700e48b9a78
[linux/amd64] [2/3] STEP 9/12: COPY pkg/ pkg/
--> 52c489e73735
[linux/amd64] [2/3] STEP 10/12: ENV GOEXPERIMENT=strictfipsruntime
--> 4475467d063e
[linux/amd64] [2/3] STEP 11/12: ENV CGO_ENABLED=1
--> b0b37fe7f35e
[linux/amd64] [2/3] STEP 12/12: RUN make build-backend BUILD_OPTS="-tags strictfipsruntime"
Makefile:45: warning: overriding recipe for target 'test-backend'
Makefile:41: warning: ignoring old recipe for target 'test-backend'
go build -tags strictfipsruntime -mod=readonly -o plugin-backend cmd/plugin-backend.go
--> 6f7f1a861b95
[linux/amd64] [3/3] STEP 1/5: FROM registry.redhat.io/rhel9-4-els/rhel:9.4
Trying to pull registry.redhat.io/rhel9-4-els/rhel:9.4...
Getting image source signatures
Checking if image destination supports signatures
Copying blob sha256:9e5082548d869f2944301a153c8568183a38cf0df310a3fb0b2daf2af3b5f841
Copying config sha256:77849b1a77e7859a392840d43bed01557ec82ac0c2ac4283d962deec354ceee6
Writing manifest to image destination
Storing signatures
[linux/amd64] [3/3] STEP 2/5: COPY --from=web-builder /opt/app-root/web/dist /opt/app-root/web/dist
--> 4d986ba3f7d6
[linux/amd64] [3/3] STEP 3/5: COPY --from=go-builder /opt/app-root/plugin-backend /opt/app-root
--> 786105aadcf2
[linux/amd64] [3/3] STEP 4/5: COPY --from=go-builder /opt/app-root/config /opt/app-root/config
--> cf2020989aff
[linux/amd64] [3/3] STEP 5/5: ENTRYPOINT ["/opt/app-root/plugin-backend", "-config-path", "/opt/app-root/config", "-static-path", "/opt/app-root/web/dist"]
[linux/amd64] [3/3] COMMIT
--> 19e4ed2e78b8
19e4ed2e78b822111d46668f2360931243eaff902bcd1c88e3f90d31c9b0daf5
podman manifest push quay.io/rh-ee-emurasak/logging-view-plugin:v6.2.1
Getting image list signatures
Copying 2 images generated from 2 images in list
Copying image sha256:96bbbbe8dd0564a9ae92e55d02ebda047f8204e1691c97f153b1c1e04a0c5f40 (1/2)
Getting image source signatures
Copying blob sha256:abdb8cc72e3424e4355a57b5eaf69a820fc9a93b5ef3124d51f184bbf887b049
Copying blob sha256:c02de86054dbf3f7e9c8e7ec59079341a2de973a94d8bfa3a3305970f454fd06
Copying blob sha256:917941748f04cbc7a00eeabfb6258794b14577dc3890acb2d26a1a8b57e101e2
Copying blob sha256:3aaa003cf65e9d662d6747c74e0180f19284f8a33a12dd213025e67d93e1ce90
Copying config sha256:23e422953ce50e60ef942fb5304307551a269bd5b90dfb0d057936026365b5af
Writing manifest to image destination
Copying image sha256:45b664f4ddb4178b34cd86e3ede8d8584ccb6b4f5e6174db3c4c24494853ee00 (2/2)
Getting image source signatures
Copying blob sha256:74ea6a5315ac2a0a27a1e4e6f87703374739fbd596e872724a21ab09c6bdf5dd
Copying blob sha256:fb7faee65d62ec2114794e97b79311b17ed885dec29d198d6aa5ac71ff1c236a
Copying blob sha256:8d4fa4440ca2f0087e714aa90217769b608a4c04550ac9aa10dfffbadcd2b329
Copying blob sha256:3e2d9bfdba2c979147496ef82dd79c5151c33157751ec10ded99d350d370f4d1
Copying config sha256:19e4ed2e78b822111d46668f2360931243eaff902bcd1c88e3f90d31c9b0daf5
Writing manifest to image destination
Writing manifest list to image destination
Storing list signatures

==========================================
  BUILD SUMMARY
==========================================
REPO                                          BRANCH                         VERSION    CHECKOUT   PULL       BRANCH     BUILD      ATTEMPTS
----                                          ------                         -------    --------   ----       ------     -----      --------
console-dashboards-plugin                     release-coo-ocp-4.12           v0.4.3     OK         OK         OK         SUCCESS    1
distributed-tracing-console-plugin            release-coo-ocp-4.12           v0.3.3     OK         OK         OK         SUCCESS    1
logging-view-plugin                           release-coo-ocp-4.12           v6.0.5     OK         OK         OK         SUCCESS    1
distributed-tracing-console-plugin            release-coo-ocp-4.15           v0.4.3     OK         OK         OK         SUCCESS    1
logging-view-plugin                           release-coo-ocp-4.15           v6.1.6     OK         OK         OK         SUCCESS    1
monitoring-plugin                             release-coo-ocp-4.15           v0.4.5     OK         OK         OK         SUCCESS    1
distributed-tracing-console-plugin            release-coo-ocp-4.19           v1.0.3     OK         OK         OK         SUCCESS    1
troubleshooting-panel-console-plugin          release-coo-ocp-4.19           v0.4.5     OK         OK         OK         SUCCESS    1
monitoring-plugin                             release-coo-ocp-4.19           v0.5.4     OK         OK         OK         SUCCESS    1
distributed-tracing-console-plugin            release-coo-ocp-4.22           v1.1.0     OK         OK         OK         SUCCESS    1
troubleshooting-panel-console-plugin          release-coo-ocp-4.22           v1.0.0     OK         OK         OK         SUCCESS    3
monitoring-plugin                             release-coo-ocp-4.22           v1.0.0     OK         OK         OK         SUCCESS    1
logging-view-plugin                           release-coo-ocp-4.22           v6.2.1     OK         OK         OK         SUCCESS    1
==========================================
Total: 13  |  Succeeded: 13  |  Failed: 0
==========================================
