Logging to /Users/emurasak/workspace/harness/tasks/upstream-images/build-and-push-20260630-194350.log
Fetching all branches for each repo...
  Fetching console-dashboards-plugin...
  Fetching distributed-tracing-console-plugin...
  Fetching logging-view-plugin...
  Fetching monitoring-plugin...
  Fetching troubleshooting-panel-console-plugin...
Fetch complete.
==========================================
Building console-dashboards-plugin @ release-coo-ocp-4.12 with VERSION=v0.4.3 ORG=rh-ee-emurasak
==========================================
Already on 'release-coo-ocp-4.12'
Your branch is up to date with 'origin/release-coo-ocp-4.12'.
From https://github.com/openshift/console-dashboards-plugin
 * branch            release-coo-ocp-4.12 -> FETCH_HEAD
Already up to date.
--- Attempt 1/3 ---
podman manifest rm quay.io/rh-ee-emurasak/console-dashboards-plugin:v0.4.3 || true
Untagged: quay.io/rh-ee-emurasak/console-dashboards-plugin:v0.4.3
Deleted: 282ff3cdc194935ba7685315d359c18f00a1a9009831bfbd409ed2d754b3f9bf
podman manifest create quay.io/rh-ee-emurasak/console-dashboards-plugin:v0.4.3
12b3ac88b58ef49b9b975922c56e001f11235f71a120fd9263d3fbb071d93222
podman build --platform=linux/arm64,linux/amd64 --manifest quay.io/rh-ee-emurasak/console-dashboards-plugin:v0.4.3 -f Dockerfile
[linux/arm64] [1/3] STEP 1/8: FROM registry.redhat.io/ubi8/nodejs-18:latest AS web-builder
[linux/arm64] [1/3] STEP 2/8: WORKDIR /opt/app-root
--> Using cache 3a04ce32e7bc50cb84da7cd07dc4c7d6ab5eab63f0dc9d77b097f4a793bce657
--> 3a04ce32e7bc
[linux/arm64] [1/3] STEP 3/8: USER 0
--> Using cache 5612b35b38e026cb55402b3cbca1b44760992030a2263662076d090e1ff44049
--> 5612b35b38e0
[linux/arm64] [1/3] STEP 4/8: COPY web/package*.json web/
--> Using cache 7fad47df41fb0416aae629027b46d8cd5032bad3093cb1ed40b3e5742383f77c
--> 7fad47df41fb
[linux/arm64] [1/3] STEP 5/8: COPY Makefile Makefile
--> Using cache 289147822189771057028fb887acc57536022a1c51dae85b9ee3086456465d71
--> 289147822189
[linux/arm64] [1/3] STEP 6/8: RUN make install-frontend-ci-clean
--> Using cache 7d907c8ee3ea04af5e68357f3c02ab219c2e796ed1f0ef0a9c685620595065c4
--> 7d907c8ee3ea
[linux/arm64] [1/3] STEP 7/8: COPY web/ web/
--> Using cache b7bc209bc825b3561e3fc31ce045db7d1347948ec4697510217c3d8cab4bfbe3
--> b7bc209bc825
[linux/arm64] [1/3] STEP 8/8: RUN make build-frontend
--> Using cache d37afecf01105b74608d939d645aaa9ceff3c7cba5e93b7c92c930430d0597c4
--> d37afecf0110
[linux/arm64] [2/3] STEP 1/11: FROM registry.ci.openshift.org/ocp/builder:rhel-8-golang-1.24-openshift-4.20 AS go-builder
Trying to pull registry.ci.openshift.org/ocp/builder:rhel-8-golang-1.24-openshift-4.20...
[linux/amd64] [1/3] STEP 1/8: FROM registry.redhat.io/ubi8/nodejs-18:latest AS web-builder
Trying to pull registry.redhat.io/ubi8/nodejs-18:latest...
Getting image source signatures
Checking if image destination supports signatures
Copying blob sha256:046eb6416170db2ab33e464d04c6f7c0c8c6cc8563597aca8e9fb7736dff00f9
Copying blob sha256:43ddc3bd12b8691687c9f6c273331ca07e3a89b50a619e0db9b040a8a629386d
Copying blob sha256:b610fd6091ba2163b8943d2214e20665977bc8064dc769d47be9ae868e48a301
Copying config sha256:ab55058334c5c32969b838cea2db23ee8c69c1b742006a75c031ed4f1b286bc5
Writing manifest to image destination
Storing signatures
[linux/amd64] [1/3] STEP 2/8: WORKDIR /opt/app-root
--> Using cache 3e6c8fef9f0db81f076f7c17f99adfad90d540dbfad328d4d108a3a1d21cf92e
--> 3e6c8fef9f0d
[linux/amd64] [1/3] STEP 3/8: USER 0
--> Using cache 74db39ef43293c846556d3d8aaafeef2ad2cab22e2dd02605273426e0c50fda6
--> 74db39ef4329
[linux/amd64] [1/3] STEP 4/8: COPY web/package*.json web/
--> Using cache 73eef413178b69264fc91b4cbe383a50706790e1b0b9091bfc7a931d4e4b1abe
--> 73eef413178b
[linux/amd64] [1/3] STEP 5/8: COPY Makefile Makefile
--> Using cache af1a4c6af546abdac94cbfb723406ba6aea572fd1795d14c7a47b02585860ac3
--> af1a4c6af546
[linux/amd64] [1/3] STEP 6/8: RUN make install-frontend-ci-clean
--> Using cache 718268d5473eb480b1f143205712bae3145d1b9d864903281cd33e73d4eb5ede
--> 718268d5473e
[linux/amd64] [1/3] STEP 7/8: COPY web/ web/
--> Using cache 1bcbfe35cd8a0c28d998bd2d325b91bcb12d144a401520f7ffb533fa9b66efc9
--> 1bcbfe35cd8a
[linux/amd64] [1/3] STEP 8/8: RUN make build-frontend
--> Using cache a46c8b267cf62fbd97141aa9cd3392584c19471f93ddcdf73564fcbf13e6672d
--> a46c8b267cf6
[linux/amd64] [2/3] STEP 1/11: FROM registry.ci.openshift.org/ocp/builder:rhel-8-golang-1.24-openshift-4.20 AS go-builder
Trying to pull registry.ci.openshift.org/ocp/builder:rhel-8-golang-1.24-openshift-4.20...
Error: 2 errors occurred:
	* [linux/arm64]: creating build container: internal error: unable to copy from source docker://registry.ci.openshift.org/ocp/builder:rhel-8-golang-1.24-openshift-4.20: initializing source docker://registry.ci.openshift.org/ocp/builder:rhel-8-golang-1.24-openshift-4.20: reading manifest rhel-8-golang-1.24-openshift-4.20 in registry.ci.openshift.org/ocp/builder: manifest unknown
	* [linux/amd64]: creating build container: internal error: unable to copy from source docker://registry.ci.openshift.org/ocp/builder:rhel-8-golang-1.24-openshift-4.20: initializing source docker://registry.ci.openshift.org/ocp/builder:rhel-8-golang-1.24-openshift-4.20: reading manifest rhel-8-golang-1.24-openshift-4.20 in registry.ci.openshift.org/ocp/builder: manifest unknown



make: *** [podman-cross-build] Error 125
WARNING: Attempt 1 failed for console-dashboards-plugin @ release-coo-ocp-4.12 (exit code 2)
--- Attempt 2/3 ---
podman manifest rm quay.io/rh-ee-emurasak/console-dashboards-plugin:v0.4.3 || true
Untagged: quay.io/rh-ee-emurasak/console-dashboards-plugin:v0.4.3
Deleted: 12b3ac88b58ef49b9b975922c56e001f11235f71a120fd9263d3fbb071d93222
podman manifest create quay.io/rh-ee-emurasak/console-dashboards-plugin:v0.4.3
b22985f1c9d692e77ab70386b7b8d9e296270e26ed56e2aa97fe0d8a45d412b5
podman build --platform=linux/arm64,linux/amd64 --manifest quay.io/rh-ee-emurasak/console-dashboards-plugin:v0.4.3 -f Dockerfile
[linux/arm64] [1/3] STEP 1/8: FROM registry.redhat.io/ubi8/nodejs-18:latest AS web-builder
Trying to pull registry.redhat.io/ubi8/nodejs-18:latest...
Getting image source signatures
Checking if image destination supports signatures
Copying blob sha256:c4fff77bc060c02d4f09680032367cb302e83402fc25b7c7ac001cb00238876f
Copying blob sha256:8fd64178c906794da03bc9b7d2d5e3b70073b47f8aa659230381d7fd897dc11b
Copying blob sha256:6ad04be99c8f2547888de53fad691136f65cf5a11c7a2567ef29477c3413f587
Copying config sha256:62a277f6499a7c210a1022190779f4387fc1294a28ea7696fc264248bf328a9b
Writing manifest to image destination
Storing signatures
[linux/arm64] [1/3] STEP 2/8: WORKDIR /opt/app-root
--> Using cache 3a04ce32e7bc50cb84da7cd07dc4c7d6ab5eab63f0dc9d77b097f4a793bce657
--> 3a04ce32e7bc
[linux/arm64] [1/3] STEP 3/8: USER 0
--> Using cache 5612b35b38e026cb55402b3cbca1b44760992030a2263662076d090e1ff44049
--> 5612b35b38e0
[linux/arm64] [1/3] STEP 4/8: COPY web/package*.json web/
--> Using cache 7fad47df41fb0416aae629027b46d8cd5032bad3093cb1ed40b3e5742383f77c
--> 7fad47df41fb
[linux/arm64] [1/3] STEP 5/8: COPY Makefile Makefile
--> Using cache 289147822189771057028fb887acc57536022a1c51dae85b9ee3086456465d71
--> 289147822189
[linux/arm64] [1/3] STEP 6/8: RUN make install-frontend-ci-clean
--> Using cache 7d907c8ee3ea04af5e68357f3c02ab219c2e796ed1f0ef0a9c685620595065c4
--> 7d907c8ee3ea
[linux/arm64] [1/3] STEP 7/8: COPY web/ web/
--> Using cache b7bc209bc825b3561e3fc31ce045db7d1347948ec4697510217c3d8cab4bfbe3
--> b7bc209bc825
[linux/arm64] [1/3] STEP 8/8: RUN make build-frontend
--> Using cache d37afecf01105b74608d939d645aaa9ceff3c7cba5e93b7c92c930430d0597c4
--> d37afecf0110
[linux/arm64] [2/3] STEP 1/11: FROM registry.ci.openshift.org/ocp/builder:rhel-8-golang-1.24-openshift-4.20 AS go-builder
Trying to pull registry.ci.openshift.org/ocp/builder:rhel-8-golang-1.24-openshift-4.20...
[linux/amd64] [1/3] STEP 1/8: FROM registry.redhat.io/ubi8/nodejs-18:latest AS web-builder
Trying to pull registry.redhat.io/ubi8/nodejs-18:latest...
Getting image source signatures
Checking if image destination supports signatures
Copying blob sha256:046eb6416170db2ab33e464d04c6f7c0c8c6cc8563597aca8e9fb7736dff00f9
Copying blob sha256:43ddc3bd12b8691687c9f6c273331ca07e3a89b50a619e0db9b040a8a629386d
Copying blob sha256:b610fd6091ba2163b8943d2214e20665977bc8064dc769d47be9ae868e48a301
Copying config sha256:ab55058334c5c32969b838cea2db23ee8c69c1b742006a75c031ed4f1b286bc5
Writing manifest to image destination
Storing signatures
[linux/amd64] [1/3] STEP 2/8: WORKDIR /opt/app-root
--> Using cache 3e6c8fef9f0db81f076f7c17f99adfad90d540dbfad328d4d108a3a1d21cf92e
--> 3e6c8fef9f0d
[linux/amd64] [1/3] STEP 3/8: USER 0
--> Using cache 74db39ef43293c846556d3d8aaafeef2ad2cab22e2dd02605273426e0c50fda6
--> 74db39ef4329
[linux/amd64] [1/3] STEP 4/8: COPY web/package*.json web/
--> Using cache 73eef413178b69264fc91b4cbe383a50706790e1b0b9091bfc7a931d4e4b1abe
--> 73eef413178b
[linux/amd64] [1/3] STEP 5/8: COPY Makefile Makefile
--> Using cache af1a4c6af546abdac94cbfb723406ba6aea572fd1795d14c7a47b02585860ac3
--> af1a4c6af546
[linux/amd64] [1/3] STEP 6/8: RUN make install-frontend-ci-clean
--> Using cache 718268d5473eb480b1f143205712bae3145d1b9d864903281cd33e73d4eb5ede
--> 718268d5473e
[linux/amd64] [1/3] STEP 7/8: COPY web/ web/
--> Using cache 1bcbfe35cd8a0c28d998bd2d325b91bcb12d144a401520f7ffb533fa9b66efc9
--> 1bcbfe35cd8a
[linux/amd64] [1/3] STEP 8/8: RUN make build-frontend
--> Using cache a46c8b267cf62fbd97141aa9cd3392584c19471f93ddcdf73564fcbf13e6672d
--> a46c8b267cf6
[linux/amd64] [2/3] STEP 1/11: FROM registry.ci.openshift.org/ocp/builder:rhel-8-golang-1.24-openshift-4.20 AS go-builder
Trying to pull registry.ci.openshift.org/ocp/builder:rhel-8-golang-1.24-openshift-4.20...
Error: 2 errors occurred:
	* [linux/arm64]: creating build container: internal error: unable to copy from source docker://registry.ci.openshift.org/ocp/builder:rhel-8-golang-1.24-openshift-4.20: initializing source docker://registry.ci.openshift.org/ocp/builder:rhel-8-golang-1.24-openshift-4.20: reading manifest rhel-8-golang-1.24-openshift-4.20 in registry.ci.openshift.org/ocp/builder: manifest unknown
	* [linux/amd64]: creating build container: internal error: unable to copy from source docker://registry.ci.openshift.org/ocp/builder:rhel-8-golang-1.24-openshift-4.20: initializing source docker://registry.ci.openshift.org/ocp/builder:rhel-8-golang-1.24-openshift-4.20: reading manifest rhel-8-golang-1.24-openshift-4.20 in registry.ci.openshift.org/ocp/builder: manifest unknown



make: *** [podman-cross-build] Error 125
WARNING: Attempt 2 failed for console-dashboards-plugin @ release-coo-ocp-4.12 (exit code 2)
--- Attempt 3/3 ---
podman manifest rm quay.io/rh-ee-emurasak/console-dashboards-plugin:v0.4.3 || true
Untagged: quay.io/rh-ee-emurasak/console-dashboards-plugin:v0.4.3
Deleted: b22985f1c9d692e77ab70386b7b8d9e296270e26ed56e2aa97fe0d8a45d412b5
podman manifest create quay.io/rh-ee-emurasak/console-dashboards-plugin:v0.4.3
787a9b3f36420f2cad3d998ed670f06769ecf6ca28d717bf449f033981df4922
podman build --platform=linux/arm64,linux/amd64 --manifest quay.io/rh-ee-emurasak/console-dashboards-plugin:v0.4.3 -f Dockerfile
[linux/amd64] [1/3] STEP 1/8: FROM registry.redhat.io/ubi8/nodejs-18:latest AS web-builder
[linux/amd64] [1/3] STEP 2/8: WORKDIR /opt/app-root
--> Using cache 3e6c8fef9f0db81f076f7c17f99adfad90d540dbfad328d4d108a3a1d21cf92e
--> 3e6c8fef9f0d
[linux/amd64] [1/3] STEP 3/8: USER 0
--> Using cache 74db39ef43293c846556d3d8aaafeef2ad2cab22e2dd02605273426e0c50fda6
--> 74db39ef4329
[linux/amd64] [1/3] STEP 4/8: COPY web/package*.json web/
--> Using cache 73eef413178b69264fc91b4cbe383a50706790e1b0b9091bfc7a931d4e4b1abe
--> 73eef413178b
[linux/amd64] [1/3] STEP 5/8: COPY Makefile Makefile
--> Using cache af1a4c6af546abdac94cbfb723406ba6aea572fd1795d14c7a47b02585860ac3
--> af1a4c6af546
[linux/amd64] [1/3] STEP 6/8: RUN make install-frontend-ci-clean
--> Using cache 718268d5473eb480b1f143205712bae3145d1b9d864903281cd33e73d4eb5ede
--> 718268d5473e
[linux/amd64] [1/3] STEP 7/8: COPY web/ web/
--> Using cache 1bcbfe35cd8a0c28d998bd2d325b91bcb12d144a401520f7ffb533fa9b66efc9
--> 1bcbfe35cd8a
[linux/amd64] [1/3] STEP 8/8: RUN make build-frontend
--> Using cache a46c8b267cf62fbd97141aa9cd3392584c19471f93ddcdf73564fcbf13e6672d
--> a46c8b267cf6
[linux/amd64] [2/3] STEP 1/11: FROM registry.ci.openshift.org/ocp/builder:rhel-8-golang-1.24-openshift-4.20 AS go-builder
Trying to pull registry.ci.openshift.org/ocp/builder:rhel-8-golang-1.24-openshift-4.20...
[linux/arm64] [1/3] STEP 1/8: FROM registry.redhat.io/ubi8/nodejs-18:latest AS web-builder
Trying to pull registry.redhat.io/ubi8/nodejs-18:latest...
Getting image source signatures
Checking if image destination supports signatures
Copying blob sha256:c4fff77bc060c02d4f09680032367cb302e83402fc25b7c7ac001cb00238876f
Copying blob sha256:8fd64178c906794da03bc9b7d2d5e3b70073b47f8aa659230381d7fd897dc11b
Copying blob sha256:6ad04be99c8f2547888de53fad691136f65cf5a11c7a2567ef29477c3413f587
Copying config sha256:62a277f6499a7c210a1022190779f4387fc1294a28ea7696fc264248bf328a9b
Writing manifest to image destination
Storing signatures
[linux/arm64] [1/3] STEP 2/8: WORKDIR /opt/app-root
--> Using cache 3a04ce32e7bc50cb84da7cd07dc4c7d6ab5eab63f0dc9d77b097f4a793bce657
--> 3a04ce32e7bc
[linux/arm64] [1/3] STEP 3/8: USER 0
--> Using cache 5612b35b38e026cb55402b3cbca1b44760992030a2263662076d090e1ff44049
--> 5612b35b38e0
[linux/arm64] [1/3] STEP 4/8: COPY web/package*.json web/
--> Using cache 7fad47df41fb0416aae629027b46d8cd5032bad3093cb1ed40b3e5742383f77c
--> 7fad47df41fb
[linux/arm64] [1/3] STEP 5/8: COPY Makefile Makefile
--> Using cache 289147822189771057028fb887acc57536022a1c51dae85b9ee3086456465d71
--> 289147822189
[linux/arm64] [1/3] STEP 6/8: RUN make install-frontend-ci-clean
--> Using cache 7d907c8ee3ea04af5e68357f3c02ab219c2e796ed1f0ef0a9c685620595065c4
--> 7d907c8ee3ea
[linux/arm64] [1/3] STEP 7/8: COPY web/ web/
--> Using cache b7bc209bc825b3561e3fc31ce045db7d1347948ec4697510217c3d8cab4bfbe3
--> b7bc209bc825
[linux/arm64] [1/3] STEP 8/8: RUN make build-frontend
--> Using cache d37afecf01105b74608d939d645aaa9ceff3c7cba5e93b7c92c930430d0597c4
--> d37afecf0110
[linux/arm64] [2/3] STEP 1/11: FROM registry.ci.openshift.org/ocp/builder:rhel-8-golang-1.24-openshift-4.20 AS go-builder
Trying to pull registry.ci.openshift.org/ocp/builder:rhel-8-golang-1.24-openshift-4.20...
Error: 2 errors occurred:
	* [linux/amd64]: creating build container: internal error: unable to copy from source docker://registry.ci.openshift.org/ocp/builder:rhel-8-golang-1.24-openshift-4.20: initializing source docker://registry.ci.openshift.org/ocp/builder:rhel-8-golang-1.24-openshift-4.20: reading manifest rhel-8-golang-1.24-openshift-4.20 in registry.ci.openshift.org/ocp/builder: manifest unknown
	* [linux/arm64]: creating build container: internal error: unable to copy from source docker://registry.ci.openshift.org/ocp/builder:rhel-8-golang-1.24-openshift-4.20: initializing source docker://registry.ci.openshift.org/ocp/builder:rhel-8-golang-1.24-openshift-4.20: reading manifest rhel-8-golang-1.24-openshift-4.20 in registry.ci.openshift.org/ocp/builder: manifest unknown



make: *** [podman-cross-build] Error 125
WARNING: Attempt 3 failed for console-dashboards-plugin @ release-coo-ocp-4.12 (exit code 2)
WARNING: Build failed for console-dashboards-plugin @ release-coo-ocp-4.12 after 3 attempts, continuing...
==========================================
Building distributed-tracing-console-plugin @ release-coo-ocp-4.12 with VERSION=v0.3.3 ORG=rh-ee-emurasak
==========================================
Already on 'release-coo-ocp-4.12'
Your branch is up to date with 'origin/release-coo-ocp-4.12'.
From https://github.com/openshift/distributed-tracing-console-plugin
 * branch            release-coo-ocp-4.12 -> FETCH_HEAD
Already up to date.
--- Attempt 1/3 ---
podman manifest rm quay.io/rh-ee-emurasak/distributed-tracing-console-plugin:v0.3.3 || true
Untagged: quay.io/rh-ee-emurasak/distributed-tracing-console-plugin:v0.3.3
Deleted: c2e1c4fb6f0c483f89a39e082b7880ad0118fd1b31ba1c33080a3e19fcd44f54
podman manifest create quay.io/rh-ee-emurasak/distributed-tracing-console-plugin:v0.3.3
35d5da03d94bd967f7bdb7808a7c8f90f11184fbb25eaac7830439b884e02599
podman build --platform=linux/arm64,linux/amd64 --manifest quay.io/rh-ee-emurasak/distributed-tracing-console-plugin:v0.3.3 -f Dockerfile
[linux/amd64] [1/3] STEP 1/8: FROM registry.redhat.io/ubi9/nodejs-22:latest AS web-builder
Trying to pull registry.redhat.io/ubi9/nodejs-22:latest...
Getting image source signatures
Checking if image destination supports signatures
Copying blob sha256:282d0d24d7fbf867c5fcf0074ef814120603d793df3c6b07803f4fe4f13e8364
Copying blob sha256:a65b1d5fa71f2275b83830542c74d937ba4151138631910bd375d577f8ceeed8
Copying blob sha256:7e1f79224b0668cff86172f85305621504ef2f1a15768b9ed272ea1f1a0e4e4d
Copying config sha256:0ccc4acadf8fe652aee3bd1e9b848aa1ddb72cc4db9269dc719a72a71892e157
Writing manifest to image destination
Storing signatures
[linux/amd64] [1/3] STEP 2/8: WORKDIR /opt/app-root
--> Using cache 25f952364c18dec697621ccdf03fe10655339de2dbbbf27c4486edb5a1c24341
--> 25f952364c18
[linux/amd64] [1/3] STEP 3/8: USER 0
--> Using cache 7b8705aab315b50a437e2e7c2f502baa54d72938a85870d51e91af51dabda800
--> 7b8705aab315
[linux/amd64] [1/3] STEP 4/8: COPY web/package*.json web/
--> Using cache 31b2906b7c1e01af26673b5168bb7930375ec1ba96950cd3c3653e7eee4252bf
--> 31b2906b7c1e
[linux/amd64] [1/3] STEP 5/8: COPY Makefile Makefile
--> Using cache 8f7f981d9d3f4ded6596f3691fa43d4a09b94323167c406209b05a1a8714aa9d
--> 8f7f981d9d3f
[linux/amd64] [1/3] STEP 6/8: RUN make install-frontend-ci-clean
--> Using cache 22307e39d92ae57e8602040e18f604f649071e9b1c4aa824b32063a9479905bb
--> 22307e39d92a
[linux/amd64] [1/3] STEP 7/8: COPY web/ web/
--> Using cache f4c42c055846188307256dd2fc76c8a5c487bafab6a7baee843a5a0fa79897d1
--> f4c42c055846
[linux/amd64] [1/3] STEP 8/8: RUN make build-frontend
--> Using cache cb43d07acc92105904a6adb19225884025f2678a9921045c09e5fd459e982d80
--> cb43d07acc92
[linux/amd64] [2/3] STEP 1/11: FROM registry.access.redhat.com/ubi9/go-toolset:1.26 AS go-builder
Trying to pull registry.access.redhat.com/ubi9/go-toolset:1.26...
Getting image source signatures
Checking if image destination supports signatures
Copying blob sha256:0ec1bd88359812933b0ba0e75439a71d63e9a10034f1bc489df98137109e1e08
Copying blob sha256:a65b1d5fa71f2275b83830542c74d937ba4151138631910bd375d577f8ceeed8
Copying blob sha256:7e1f79224b0668cff86172f85305621504ef2f1a15768b9ed272ea1f1a0e4e4d
Copying blob sha256:81fb8485f71b9b1b67e6a4f55d93267dbaceb0a70c9d7dacee471b3e22139f07
Copying config sha256:9461fa637917224d2441e03a60a9ad427e5c71adf1da9ca8849aea138a2f68db
Writing manifest to image destination
Storing signatures
[linux/amd64] [2/3] STEP 2/11: WORKDIR /opt/app-root
--> Using cache ce0c099c1ac65e60609036a97c69fa61e1feb21a21c11c036b16977d797c2a60
--> ce0c099c1ac6
[linux/amd64] [2/3] STEP 3/11: COPY Makefile Makefile
--> Using cache 702d25d035cc160414faf4e9fa41e09b417cc2af455c2311aee9ce52e9e03442
--> 702d25d035cc
[linux/amd64] [2/3] STEP 4/11: COPY go.mod go.mod
--> Using cache 67e27b36f92a44c94fd822d6a491c19f4e0a676068e6abf2b18a4b185d09fa19
--> 67e27b36f92a
[linux/amd64] [2/3] STEP 5/11: COPY go.sum go.sum
--> Using cache 6b05501e950de8e39ad93b31b11b062d66322b6a9dd27e80fd126b884a527935
--> 6b05501e950d
[linux/amd64] [2/3] STEP 6/11: RUN go mod download
--> Using cache 016039a646573bc8222cf83be83d312e185bd449cebf243017fd26de12c0f545
--> 016039a64657
[linux/amd64] [2/3] STEP 7/11: COPY cmd/ cmd/
--> Using cache 5e139102f0d48075cd8f1f8bd3536b3ac829718eacfa8e2ea7b2d95af3a4450c
--> 5e139102f0d4
[linux/amd64] [2/3] STEP 8/11: COPY pkg/ pkg/
--> Using cache 72df2a073bbcf44893ec5f861316071952acb0c968fb39dbfb1121ec9d5a2058
--> 72df2a073bbc
[linux/amd64] [2/3] STEP 9/11: ENV GOEXPERIMENT=strictfipsruntime
--> Using cache b092dac2a70c5ee365432bcf194ef517c6b581f14b3e3bff44b18ed4638f1016
--> b092dac2a70c
[linux/amd64] [2/3] STEP 10/11: ENV CGO_ENABLED=1
--> Using cache 4dd68c72ac128381dcab4322d59ef061fdad2e02f6235733dfd5d55d8def7b08
--> 4dd68c72ac12
[linux/amd64] [2/3] STEP 11/11: RUN make build-backend BUILD_OPTS="-tags strictfipsruntime"
--> Using cache ea9c1d2a3bed8471f520b146413c67f31b04c3c4e48ee81542e37d8eee190d38
--> ea9c1d2a3bed
[linux/arm64] [1/3] STEP 1/8: FROM registry.redhat.io/ubi9/nodejs-22:latest AS web-builder
Trying to pull registry.redhat.io/ubi9/nodejs-22:latest...
Getting image source signatures
Checking if image destination supports signatures
Copying blob sha256:9646992efe070a3bd6c556d5bfd825b8ffbc51f371288f7eb152d2d852939056
Copying blob sha256:f00a3ea30fea862d594c88740f011c234eb0b745138910c83abb92b28517593d
Copying blob sha256:9f54e374b06db8429b62d91af166f6a7caa34095b474b38a6853f75e9501072e
Copying config sha256:404bfb706f719cb0fdb063441e6c5404e5ce5228389a38c0ab4dda7570ece9f6
Writing manifest to image destination
Storing signatures
[linux/arm64] [1/3] STEP 2/8: WORKDIR /opt/app-root
--> Using cache 8d7f4d666d8b2966000dfdbddaf0f201f102b80d182b42918646bca008497d32
--> 8d7f4d666d8b
[linux/arm64] [1/3] STEP 3/8: USER 0
--> Using cache ab40718f6d3d3469511e8bdb5e14133d0b8570fbf01d414c2b0398600f6e9b81
--> ab40718f6d3d
[linux/arm64] [1/3] STEP 4/8: COPY web/package*.json web/
--> Using cache 0181054d4bc4b746abcb0d7ecbf150c732735626352715af66000fbbac8f6722
--> 0181054d4bc4
[linux/arm64] [1/3] STEP 5/8: COPY Makefile Makefile
--> Using cache 0140fb81746976fd37a98024bd79c24ba7285f08931f18a0d7d1390bd2972828
--> 0140fb817469
[linux/arm64] [1/3] STEP 6/8: RUN make install-frontend-ci-clean
--> Using cache 25ef410cbd4a2da11188517912e4a49cf99ffe448e5b022e0cb89a99ce8ff021
--> 25ef410cbd4a
[linux/arm64] [1/3] STEP 7/8: COPY web/ web/
--> Using cache e21eb07a2f5ddd78504a2255bdec83ed6353daf2c0296917a00171e3dc7ac67f
--> e21eb07a2f5d
[linux/arm64] [1/3] STEP 8/8: RUN make build-frontend
--> Using cache 5327997cadc02bb404fbdaaf9d377ae22d732bc844d82510e0595016a54d5ec5
--> 5327997cadc0
[linux/amd64] [3/3] STEP 1/4: FROM registry.access.redhat.com/ubi9/ubi-minimal
Trying to pull registry.access.redhat.com/ubi9/ubi-minimal:latest...
Getting image source signatures
Checking if image destination supports signatures
Copying blob sha256:8af57f051b373375a1be8f892172089259ad624ed8452291226c539055e60228
Copying config sha256:659f819f47f8e8d2348bd9243d2ef17f39a9cc97ee1964b1cf1f83d428090213
Writing manifest to image destination
Storing signatures
[linux/amd64] [3/3] STEP 2/4: COPY --from=web-builder /opt/app-root/web/dist /opt/app-root/web/dist
--> Using cache 5e4d6b5dd292833d0cef7958913042458eb07fd98036262805ff2c8aceba9c9f
--> 5e4d6b5dd292
[linux/amd64] [3/3] STEP 3/4: COPY --from=go-builder /opt/app-root/plugin-backend /opt/app-root
--> Using cache 662e75137b70630ea45b18ddcd3fb5dde321865527e020723d7046e069260f40
--> 662e75137b70
[linux/amd64] [3/3] STEP 4/4: ENTRYPOINT ["/opt/app-root/plugin-backend", "-static-path", "/opt/app-root/web/dist", "-config-path", "/opt/app-root/web/dist"]
--> Using cache 4896fae83ac70d8fe3f26cef2d55b3272b4736fe48a276306ac65a6b67bad287
--> 4896fae83ac7
[linux/arm64] [2/3] STEP 1/11: FROM registry.access.redhat.com/ubi9/go-toolset:1.26 AS go-builder
4896fae83ac70d8fe3f26cef2d55b3272b4736fe48a276306ac65a6b67bad287
Trying to pull registry.access.redhat.com/ubi9/go-toolset:1.26...
Getting image source signatures
Checking if image destination supports signatures
Copying blob sha256:7d2f4b5635369ce22bd53c0abd715a3d88bcf3772bbeb64d554a7cf58a23ac22
Copying blob sha256:f00a3ea30fea862d594c88740f011c234eb0b745138910c83abb92b28517593d
Copying blob sha256:9f54e374b06db8429b62d91af166f6a7caa34095b474b38a6853f75e9501072e
Copying blob sha256:8bfc33a51149ff1a53ed0e2c6d2de2fb2ffba75fed1afcb20cbdcccfb29f49eb
Copying config sha256:dc5055708341f2b27d0c7fb9e53460c35e81432d572c9c878e0d399bf169f9b3
Writing manifest to image destination
Storing signatures
[linux/arm64] [2/3] STEP 2/11: WORKDIR /opt/app-root
--> Using cache 376c7299ff8905d639f558aa3bc3f2740a622c4f9c53e2aba639a77fd0c132e1
--> 376c7299ff89
[linux/arm64] [2/3] STEP 3/11: COPY Makefile Makefile
--> Using cache f83f2132f98003aace665ae7aa9b3782f8974a29c968c1a9d7e9207d5d203e8f
--> f83f2132f980
[linux/arm64] [2/3] STEP 4/11: COPY go.mod go.mod
--> Using cache d9d4e911fd64f627d5aee8a1380c2e7aad7e292141facfe55166d36f396c1b40
--> d9d4e911fd64
[linux/arm64] [2/3] STEP 5/11: COPY go.sum go.sum
--> Using cache be45e2ee6b68e3b721b4f1b458c1182c3a05be9e0b4859725c15efea7c4e418f
--> be45e2ee6b68
[linux/arm64] [2/3] STEP 6/11: RUN go mod download
--> Using cache 7d0d5df2ea23906ccbd721faa6ec9346be1f4334f0e0a73984e4959eff25de4e
--> 7d0d5df2ea23
[linux/arm64] [2/3] STEP 7/11: COPY cmd/ cmd/
--> Using cache ad722e86dc3cb1ac7e5ca12ead2f0542d25156326400cbbd87f5968a49b32009
--> ad722e86dc3c
[linux/arm64] [2/3] STEP 8/11: COPY pkg/ pkg/
--> Using cache 6092b57ff9592c348e7ae61ccc69ea713ee8cc386fd0b3fc9b3146ade806bd31
--> 6092b57ff959
[linux/arm64] [2/3] STEP 9/11: ENV GOEXPERIMENT=strictfipsruntime
--> Using cache ff8727c1312870aabbd4ae917897c61859b0b993f04e2b300bda7aa49854477d
--> ff8727c13128
[linux/arm64] [2/3] STEP 10/11: ENV CGO_ENABLED=1
--> Using cache d994cfad624f706678d699a7ea9ac49096c5b1b8f83e49e7a86fdff90e18ea0e
--> d994cfad624f
[linux/arm64] [2/3] STEP 11/11: RUN make build-backend BUILD_OPTS="-tags strictfipsruntime"
--> Using cache 59487826546e58bae67051bb32ebb1bd63d769b34cd30caa237cfb43cc861cd1
--> 59487826546e
[linux/arm64] [3/3] STEP 1/4: FROM registry.access.redhat.com/ubi9/ubi-minimal
Trying to pull registry.access.redhat.com/ubi9/ubi-minimal:latest...
Getting image source signatures
Checking if image destination supports signatures
Copying blob sha256:96c16ad0505847764761c5c4d0a82cd8a619f3e93c57f6a4b081cb9d4d0dd3e7
Copying config sha256:dc66a34eca2d77aebb3d6349e06bbb118c0571f172e297eea776d8aa352899e7
Writing manifest to image destination
Storing signatures
[linux/arm64] [3/3] STEP 2/4: COPY --from=web-builder /opt/app-root/web/dist /opt/app-root/web/dist
--> Using cache 9c7bd144d6dd07a4c2508d2ed8adaa5d3ab32b2ab16c12cc4eec70664e6b7023
--> 9c7bd144d6dd
[linux/arm64] [3/3] STEP 3/4: COPY --from=go-builder /opt/app-root/plugin-backend /opt/app-root
--> Using cache 5ecd1a379cb78240e72218da9bf812e1fe2bcf3f52a4b71dbf373cec112da791
--> 5ecd1a379cb7
[linux/arm64] [3/3] STEP 4/4: ENTRYPOINT ["/opt/app-root/plugin-backend", "-static-path", "/opt/app-root/web/dist", "-config-path", "/opt/app-root/web/dist"]
--> Using cache 39a8fb8845f41f45a1acfc4a6de90b4649699946c3c8ac07bf27824fc41ee08f
--> 39a8fb8845f4
39a8fb8845f41f45a1acfc4a6de90b4649699946c3c8ac07bf27824fc41ee08f
podman manifest push quay.io/rh-ee-emurasak/distributed-tracing-console-plugin:v0.3.3
Getting image list signatures
Copying 2 images generated from 2 images in list
Copying image sha256:4d8258363653d7b06726ae4ec3685dd04da436b3445399601e8056b9d88290f6 (1/2)
Getting image source signatures
Copying blob sha256:99967028dd504c0d65aabceb91553812e1a88a65a4224edd279acf657a6c708a
Copying blob sha256:eb31fffb4653a560fe98f0cdf1563599483471410f682eef43f925913573d867
Copying blob sha256:10b0b77a07519aa28df766977fb2c5701cd53b8dc1891c43630f45679581c3f4
Copying config sha256:4896fae83ac70d8fe3f26cef2d55b3272b4736fe48a276306ac65a6b67bad287
Writing manifest to image destination
Copying image sha256:64c256df60b169c8cb8a7739e9f3302678fdc1729d12a0df9df40a17b548818b (2/2)
Getting image source signatures
Copying blob sha256:c71503c1156d30a62dc9ef83dc22fc996417d2dbc2dc0bf62033862f7cd62853
Copying blob sha256:228d3d093b243661f2bbd4be6cc0e4a91af886b882ca37d67a2522d8dc67af93
Copying blob sha256:6bb0225cc193fc2687af07cbb5182e5efd2a3e9512fcaa3a40e8b9b502410e5f
Copying config sha256:39a8fb8845f41f45a1acfc4a6de90b4649699946c3c8ac07bf27824fc41ee08f
Writing manifest to image destination
Writing manifest list to image destination
Storing list signatures
==========================================
Building logging-view-plugin @ release-coo-ocp-4.12 with VERSION=v6.0.5 ORG=rh-ee-emurasak
==========================================
Already on 'release-coo-ocp-4.12'
Your branch is up to date with 'origin/release-coo-ocp-4.12'.
From https://github.com/openshift/logging-view-plugin
 * branch            release-coo-ocp-4.12 -> FETCH_HEAD
Already up to date.
--- Attempt 1/3 ---
podman manifest rm quay.io/rh-ee-emurasak/logging-view-plugin:v6.0.5 || true
Untagged: quay.io/rh-ee-emurasak/logging-view-plugin:v6.0.5
Deleted: 35f393769a8b4be90c0a9b149ba9cd7cdd81538c7a8aba48e7306ed9b8886776
podman manifest create quay.io/rh-ee-emurasak/logging-view-plugin:v6.0.5
bb6328b540cae97ac8c4160b6dd05ef99f770db18635eb7932201a33665b832c
podman build --platform=linux/arm64,linux/amd64 --manifest quay.io/rh-ee-emurasak/logging-view-plugin:v6.0.5 -f Dockerfile
[linux/arm64] [1/3] STEP 1/9: FROM registry.redhat.io/ubi9/nodejs-18:latest AS web-builder
Trying to pull registry.redhat.io/ubi9/nodejs-18:latest...
Getting image source signatures
Checking if image destination supports signatures
Copying blob sha256:d2d4277551d19aaf448f46617629ba5ce8decceacdd7a9e3f6d43a7763294f84
Copying blob sha256:c0c6f119f250bcd571815218a238bf91fcd968aa4bfe95c224309ec367df747e
Copying blob sha256:d92b30fd88841f53962ad35d9c474465d043b096524bdc2ef18640daf2e51e82
Copying config sha256:d561cbadf704f121dc19b5ca23115d808580ccff537c4def93fff467e1723872
Writing manifest to image destination
Storing signatures
[linux/arm64] [1/3] STEP 2/9: WORKDIR /opt/app-root
--> Using cache dfa7ac49c2dc872eb22a00ffa7e4fe3e0d6f88784e4c23092347d0a33595306f
--> dfa7ac49c2dc
[linux/arm64] [1/3] STEP 3/9: USER 0
--> Using cache 2320e81a48b79caa878a481cac213ec5e1a6178add248503955987764eb42558
--> 2320e81a48b7
[linux/arm64] [1/3] STEP 4/9: ENV HUSKY=0
--> Using cache e7d32f84af4126829711c35cf6b59f75033d56bc14f5cbbd5b0f6b01fb813676
--> e7d32f84af41
[linux/arm64] [1/3] STEP 5/9: COPY web/package*.json web/
--> Using cache 40309120bad57e3c40fddea0f81c03bf2ca55a0a378fc91efb55cce85c4b6eb8
--> 40309120bad5
[linux/arm64] [1/3] STEP 6/9: COPY Makefile Makefile
--> Using cache d68d3e1b603ecb1649e997605d29f0a567c8edeecb852e9463d4eb6ab7c005bf
--> d68d3e1b603e
[linux/arm64] [1/3] STEP 7/9: RUN make install-frontend-ci-clean
--> Using cache 7b97e15d6203239170c35befdf5635883272a93f33e7a9f851a505ae709f7488
--> 7b97e15d6203
[linux/arm64] [1/3] STEP 8/9: COPY web/ web/
--> Using cache 8e755a5dd3bbe50d229f6b9b8a3a807b238e4dcb091c99acabb932a61e470c32
--> 8e755a5dd3bb
[linux/arm64] [1/3] STEP 9/9: RUN make build-frontend
cd web && npm run build

> logging-view-plugin@6.0.0 build
> npm run clean && NODE_ENV=production npm run ts-node node_modules/.bin/webpack


> logging-view-plugin@6.0.0 clean
> rm -rf dist


> logging-view-plugin@6.0.0 ts-node
> ts-node -O '{"module":"commonjs"}' node_modules/.bin/webpack

TypeError: [(...copiedResultMap.entries(...))].toSorted is not a function
    at /opt/app-root/web/node_modules/copy-webpack-plugin/dist/index.js:747:61
make: *** [Makefile:41: build-frontend] Error 1
[linux/amd64] [1/3] STEP 1/9: FROM registry.redhat.io/ubi9/nodejs-18:latest AS web-builder
Trying to pull registry.redhat.io/ubi9/nodejs-18:latest...
Getting image source signatures
Checking if image destination supports signatures
Copying blob sha256:97971704aef24e8b1129c4f1b2e2241c7800b8bb89a14e77a7efebccd4193661
Copying blob sha256:ce1770dcb97c2c062c80efe0edf0d512923b8ac34444b4f56733f446ea06ca95
Copying blob sha256:bd74b94f9d783929640d82362c5b1af55b0b7bea9405c379251f405c9c94f690
Copying config sha256:dc791d1b00fc164bb81bc99a7ddadc9eef02d0042878fe62c5fd468df91b2140
Writing manifest to image destination
Storing signatures
[linux/amd64] [1/3] STEP 2/9: WORKDIR /opt/app-root
--> Using cache 21284eb9bf8c29bd9fd2c14ad913f4ce724bf799d1b7aed0b791ee22b54cd741
--> 21284eb9bf8c
[linux/amd64] [1/3] STEP 3/9: USER 0
--> Using cache e4607401235d2219f41aedae14a2b91f057afcedfe75b452e81d5ea8dfff35ec
--> e4607401235d
[linux/amd64] [1/3] STEP 4/9: ENV HUSKY=0
--> Using cache b520a56d39c09f98aca73aa48de3be3727f47c123ad337137250ba143690f780
--> b520a56d39c0
[linux/amd64] [1/3] STEP 5/9: COPY web/package*.json web/
--> Using cache ab362fa4ed33ae09d41c92d4d3277f50801918593d1152185896d5a97457a4c2
--> ab362fa4ed33
[linux/amd64] [1/3] STEP 6/9: COPY Makefile Makefile
--> Using cache 87a502bb09fe859a5a30e5590fb4b70f0e0247e83d9d599bd76c7f23ca5882c5
--> 87a502bb09fe
[linux/amd64] [1/3] STEP 7/9: RUN make install-frontend-ci-clean
--> Using cache 25dcc0f4a40bb0b4b77ac16d26e5a547b65e5f87f41ef7bd1651f1595f878823
--> 25dcc0f4a40b
[linux/amd64] [1/3] STEP 8/9: COPY web/ web/
--> Using cache 6967b3033d20e7f357b675a835814f039bba3e25d9c0ebed6615e1bc2ef38901
--> 6967b3033d20
[linux/amd64] [1/3] STEP 9/9: RUN make build-frontend
cd web && npm run build

> logging-view-plugin@6.0.0 build
> npm run clean && NODE_ENV=production npm run ts-node node_modules/.bin/webpack


> logging-view-plugin@6.0.0 clean
> rm -rf dist


> logging-view-plugin@6.0.0 ts-node
> ts-node -O '{"module":"commonjs"}' node_modules/.bin/webpack

TypeError: [(...copiedResultMap.entries(...))].toSorted is not a function
    at /opt/app-root/web/node_modules/copy-webpack-plugin/dist/index.js:747:61
make: *** [Makefile:41: build-frontend] Error 1
Error: 2 errors occurred:
	* [linux/arm64]: building at STEP "RUN make build-frontend": while running runtime: exit status 2
	* [linux/amd64]: building at STEP "RUN make build-frontend": while running runtime: exit status 2



make: *** [podman-cross-build] Error 2
WARNING: Attempt 1 failed for logging-view-plugin @ release-coo-ocp-4.12 (exit code 2)
--- Attempt 2/3 ---
podman manifest rm quay.io/rh-ee-emurasak/logging-view-plugin:v6.0.5 || true
Untagged: quay.io/rh-ee-emurasak/logging-view-plugin:v6.0.5
Deleted: bb6328b540cae97ac8c4160b6dd05ef99f770db18635eb7932201a33665b832c
podman manifest create quay.io/rh-ee-emurasak/logging-view-plugin:v6.0.5
ca356dc4af63c5c188daa72da251e715770bb2e1feb04dfd836ba64904d2b59a
podman build --platform=linux/arm64,linux/amd64 --manifest quay.io/rh-ee-emurasak/logging-view-plugin:v6.0.5 -f Dockerfile
[linux/arm64] [1/3] STEP 1/9: FROM registry.redhat.io/ubi9/nodejs-18:latest AS web-builder
Trying to pull registry.redhat.io/ubi9/nodejs-18:latest...
Getting image source signatures
Checking if image destination supports signatures
Copying blob sha256:d2d4277551d19aaf448f46617629ba5ce8decceacdd7a9e3f6d43a7763294f84
Copying blob sha256:c0c6f119f250bcd571815218a238bf91fcd968aa4bfe95c224309ec367df747e
Copying blob sha256:d92b30fd88841f53962ad35d9c474465d043b096524bdc2ef18640daf2e51e82
Copying config sha256:d561cbadf704f121dc19b5ca23115d808580ccff537c4def93fff467e1723872
Writing manifest to image destination
Storing signatures
[linux/arm64] [1/3] STEP 2/9: WORKDIR /opt/app-root
--> Using cache dfa7ac49c2dc872eb22a00ffa7e4fe3e0d6f88784e4c23092347d0a33595306f
--> dfa7ac49c2dc
[linux/arm64] [1/3] STEP 3/9: USER 0
--> Using cache 2320e81a48b79caa878a481cac213ec5e1a6178add248503955987764eb42558
--> 2320e81a48b7
[linux/arm64] [1/3] STEP 4/9: ENV HUSKY=0
--> Using cache e7d32f84af4126829711c35cf6b59f75033d56bc14f5cbbd5b0f6b01fb813676
--> e7d32f84af41
[linux/arm64] [1/3] STEP 5/9: COPY web/package*.json web/
--> Using cache 40309120bad57e3c40fddea0f81c03bf2ca55a0a378fc91efb55cce85c4b6eb8
--> 40309120bad5
[linux/arm64] [1/3] STEP 6/9: COPY Makefile Makefile
--> Using cache d68d3e1b603ecb1649e997605d29f0a567c8edeecb852e9463d4eb6ab7c005bf
--> d68d3e1b603e
[linux/arm64] [1/3] STEP 7/9: RUN make install-frontend-ci-clean
--> Using cache 7b97e15d6203239170c35befdf5635883272a93f33e7a9f851a505ae709f7488
--> 7b97e15d6203
[linux/arm64] [1/3] STEP 8/9: COPY web/ web/
--> Using cache 8e755a5dd3bbe50d229f6b9b8a3a807b238e4dcb091c99acabb932a61e470c32
--> 8e755a5dd3bb
[linux/arm64] [1/3] STEP 9/9: RUN make build-frontend
cd web && npm run build

> logging-view-plugin@6.0.0 build
> npm run clean && NODE_ENV=production npm run ts-node node_modules/.bin/webpack


> logging-view-plugin@6.0.0 clean
> rm -rf dist


> logging-view-plugin@6.0.0 ts-node
> ts-node -O '{"module":"commonjs"}' node_modules/.bin/webpack

TypeError: [(...copiedResultMap.entries(...))].toSorted is not a function
    at /opt/app-root/web/node_modules/copy-webpack-plugin/dist/index.js:747:61
make: *** [Makefile:41: build-frontend] Error 1
[linux/amd64] [1/3] STEP 1/9: FROM registry.redhat.io/ubi9/nodejs-18:latest AS web-builder
Trying to pull registry.redhat.io/ubi9/nodejs-18:latest...
Getting image source signatures
Checking if image destination supports signatures
Copying blob sha256:bd74b94f9d783929640d82362c5b1af55b0b7bea9405c379251f405c9c94f690
Copying blob sha256:97971704aef24e8b1129c4f1b2e2241c7800b8bb89a14e77a7efebccd4193661
Copying blob sha256:ce1770dcb97c2c062c80efe0edf0d512923b8ac34444b4f56733f446ea06ca95
Copying config sha256:dc791d1b00fc164bb81bc99a7ddadc9eef02d0042878fe62c5fd468df91b2140
Writing manifest to image destination
Storing signatures
[linux/amd64] [1/3] STEP 2/9: WORKDIR /opt/app-root
--> Using cache 21284eb9bf8c29bd9fd2c14ad913f4ce724bf799d1b7aed0b791ee22b54cd741
--> 21284eb9bf8c
[linux/amd64] [1/3] STEP 3/9: USER 0
--> Using cache e4607401235d2219f41aedae14a2b91f057afcedfe75b452e81d5ea8dfff35ec
--> e4607401235d
[linux/amd64] [1/3] STEP 4/9: ENV HUSKY=0
--> Using cache b520a56d39c09f98aca73aa48de3be3727f47c123ad337137250ba143690f780
--> b520a56d39c0
[linux/amd64] [1/3] STEP 5/9: COPY web/package*.json web/
--> Using cache ab362fa4ed33ae09d41c92d4d3277f50801918593d1152185896d5a97457a4c2
--> ab362fa4ed33
[linux/amd64] [1/3] STEP 6/9: COPY Makefile Makefile
--> Using cache 87a502bb09fe859a5a30e5590fb4b70f0e0247e83d9d599bd76c7f23ca5882c5
--> 87a502bb09fe
[linux/amd64] [1/3] STEP 7/9: RUN make install-frontend-ci-clean
--> Using cache 25dcc0f4a40bb0b4b77ac16d26e5a547b65e5f87f41ef7bd1651f1595f878823
--> 25dcc0f4a40b
[linux/amd64] [1/3] STEP 8/9: COPY web/ web/
--> Using cache 6967b3033d20e7f357b675a835814f039bba3e25d9c0ebed6615e1bc2ef38901
--> 6967b3033d20
[linux/amd64] [1/3] STEP 9/9: RUN make build-frontend
cd web && npm run build

> logging-view-plugin@6.0.0 build
> npm run clean && NODE_ENV=production npm run ts-node node_modules/.bin/webpack


> logging-view-plugin@6.0.0 clean
> rm -rf dist


> logging-view-plugin@6.0.0 ts-node
> ts-node -O '{"module":"commonjs"}' node_modules/.bin/webpack

TypeError: [(...copiedResultMap.entries(...))].toSorted is not a function
    at /opt/app-root/web/node_modules/copy-webpack-plugin/dist/index.js:747:61
make: *** [Makefile:41: build-frontend] Error 1
Error: 2 errors occurred:
	* [linux/arm64]: building at STEP "RUN make build-frontend": while running runtime: exit status 2
	* [linux/amd64]: building at STEP "RUN make build-frontend": while running runtime: exit status 2



make: *** [podman-cross-build] Error 2
WARNING: Attempt 2 failed for logging-view-plugin @ release-coo-ocp-4.12 (exit code 2)
--- Attempt 3/3 ---
podman manifest rm quay.io/rh-ee-emurasak/logging-view-plugin:v6.0.5 || true
Untagged: quay.io/rh-ee-emurasak/logging-view-plugin:v6.0.5
Deleted: ca356dc4af63c5c188daa72da251e715770bb2e1feb04dfd836ba64904d2b59a
podman manifest create quay.io/rh-ee-emurasak/logging-view-plugin:v6.0.5
751fe186a7db32f26b8423216d2395c7504a585b2d90306a638f168616b1ce3b
podman build --platform=linux/arm64,linux/amd64 --manifest quay.io/rh-ee-emurasak/logging-view-plugin:v6.0.5 -f Dockerfile
[linux/amd64] [1/3] STEP 1/9: FROM registry.redhat.io/ubi9/nodejs-18:latest AS web-builder
[linux/amd64] [1/3] STEP 2/9: WORKDIR /opt/app-root
--> Using cache 21284eb9bf8c29bd9fd2c14ad913f4ce724bf799d1b7aed0b791ee22b54cd741
--> 21284eb9bf8c
[linux/amd64] [1/3] STEP 3/9: USER 0
--> Using cache e4607401235d2219f41aedae14a2b91f057afcedfe75b452e81d5ea8dfff35ec
--> e4607401235d
[linux/amd64] [1/3] STEP 4/9: ENV HUSKY=0
--> Using cache b520a56d39c09f98aca73aa48de3be3727f47c123ad337137250ba143690f780
--> b520a56d39c0
[linux/amd64] [1/3] STEP 5/9: COPY web/package*.json web/
--> Using cache ab362fa4ed33ae09d41c92d4d3277f50801918593d1152185896d5a97457a4c2
--> ab362fa4ed33
[linux/amd64] [1/3] STEP 6/9: COPY Makefile Makefile
--> Using cache 87a502bb09fe859a5a30e5590fb4b70f0e0247e83d9d599bd76c7f23ca5882c5
--> 87a502bb09fe
[linux/amd64] [1/3] STEP 7/9: RUN make install-frontend-ci-clean
--> Using cache 25dcc0f4a40bb0b4b77ac16d26e5a547b65e5f87f41ef7bd1651f1595f878823
--> 25dcc0f4a40b
[linux/amd64] [1/3] STEP 8/9: COPY web/ web/
--> Using cache 6967b3033d20e7f357b675a835814f039bba3e25d9c0ebed6615e1bc2ef38901
--> 6967b3033d20
[linux/amd64] [1/3] STEP 9/9: RUN make build-frontend
cd web && npm run build

> logging-view-plugin@6.0.0 build
> npm run clean && NODE_ENV=production npm run ts-node node_modules/.bin/webpack


> logging-view-plugin@6.0.0 clean
> rm -rf dist


> logging-view-plugin@6.0.0 ts-node
> ts-node -O '{"module":"commonjs"}' node_modules/.bin/webpack

TypeError: [(...copiedResultMap.entries(...))].toSorted is not a function
    at /opt/app-root/web/node_modules/copy-webpack-plugin/dist/index.js:747:61
make: *** [Makefile:41: build-frontend] Error 1
[linux/arm64] [1/3] STEP 1/9: FROM registry.redhat.io/ubi9/nodejs-18:latest AS web-builder
Trying to pull registry.redhat.io/ubi9/nodejs-18:latest...
Getting image source signatures
Checking if image destination supports signatures
Copying blob sha256:d2d4277551d19aaf448f46617629ba5ce8decceacdd7a9e3f6d43a7763294f84
Copying blob sha256:c0c6f119f250bcd571815218a238bf91fcd968aa4bfe95c224309ec367df747e
Copying blob sha256:d92b30fd88841f53962ad35d9c474465d043b096524bdc2ef18640daf2e51e82
Copying config sha256:d561cbadf704f121dc19b5ca23115d808580ccff537c4def93fff467e1723872
Writing manifest to image destination
Storing signatures
[linux/arm64] [1/3] STEP 2/9: WORKDIR /opt/app-root
--> Using cache dfa7ac49c2dc872eb22a00ffa7e4fe3e0d6f88784e4c23092347d0a33595306f
--> dfa7ac49c2dc
[linux/arm64] [1/3] STEP 3/9: USER 0
--> Using cache 2320e81a48b79caa878a481cac213ec5e1a6178add248503955987764eb42558
--> 2320e81a48b7
[linux/arm64] [1/3] STEP 4/9: ENV HUSKY=0
--> Using cache e7d32f84af4126829711c35cf6b59f75033d56bc14f5cbbd5b0f6b01fb813676
--> e7d32f84af41
[linux/arm64] [1/3] STEP 5/9: COPY web/package*.json web/
--> Using cache 40309120bad57e3c40fddea0f81c03bf2ca55a0a378fc91efb55cce85c4b6eb8
--> 40309120bad5
[linux/arm64] [1/3] STEP 6/9: COPY Makefile Makefile
--> Using cache d68d3e1b603ecb1649e997605d29f0a567c8edeecb852e9463d4eb6ab7c005bf
--> d68d3e1b603e
[linux/arm64] [1/3] STEP 7/9: RUN make install-frontend-ci-clean
--> Using cache 7b97e15d6203239170c35befdf5635883272a93f33e7a9f851a505ae709f7488
--> 7b97e15d6203
[linux/arm64] [1/3] STEP 8/9: COPY web/ web/
--> Using cache 8e755a5dd3bbe50d229f6b9b8a3a807b238e4dcb091c99acabb932a61e470c32
--> 8e755a5dd3bb
[linux/arm64] [1/3] STEP 9/9: RUN make build-frontend
cd web && npm run build

> logging-view-plugin@6.0.0 build
> npm run clean && NODE_ENV=production npm run ts-node node_modules/.bin/webpack


> logging-view-plugin@6.0.0 clean
> rm -rf dist


> logging-view-plugin@6.0.0 ts-node
> ts-node -O '{"module":"commonjs"}' node_modules/.bin/webpack

TypeError: [(...copiedResultMap.entries(...))].toSorted is not a function
    at /opt/app-root/web/node_modules/copy-webpack-plugin/dist/index.js:747:61
make: *** [Makefile:41: build-frontend] Error 1
Error: 2 errors occurred:
	* [linux/amd64]: building at STEP "RUN make build-frontend": while running runtime: exit status 2
	* [linux/arm64]: building at STEP "RUN make build-frontend": while running runtime: exit status 2



make: *** [podman-cross-build] Error 2
WARNING: Attempt 3 failed for logging-view-plugin @ release-coo-ocp-4.12 (exit code 2)
WARNING: Build failed for logging-view-plugin @ release-coo-ocp-4.12 after 3 attempts, continuing...
==========================================
Building distributed-tracing-console-plugin @ release-coo-ocp-4.15 with VERSION=v0.4.3 ORG=rh-ee-emurasak
==========================================
Switched to branch 'release-coo-ocp-4.15'
Your branch is up to date with 'origin/release-coo-ocp-4.15'.
From https://github.com/openshift/distributed-tracing-console-plugin
 * branch            release-coo-ocp-4.15 -> FETCH_HEAD
Already up to date.
--- Attempt 1/3 ---
podman manifest rm quay.io/rh-ee-emurasak/distributed-tracing-console-plugin:v0.4.3 || true
Untagged: quay.io/rh-ee-emurasak/distributed-tracing-console-plugin:v0.4.3
Deleted: 17c7447f371a3d8fc0dd76b4f02dbe39b722aabf957d9edbf71fa5e17557b1ee
podman manifest create quay.io/rh-ee-emurasak/distributed-tracing-console-plugin:v0.4.3
5d0c5a017c3e4833d4b53c4e68e630b67ed568866b983e4fb8dbcfba708e4426
podman build --platform=linux/arm64,linux/amd64 --manifest quay.io/rh-ee-emurasak/distributed-tracing-console-plugin:v0.4.3 -f Dockerfile
[linux/amd64] [1/3] STEP 1/8: FROM registry.redhat.io/ubi9/nodejs-22:latest AS web-builder
Trying to pull registry.redhat.io/ubi9/nodejs-22:latest...
Getting image source signatures
Checking if image destination supports signatures
Copying blob sha256:282d0d24d7fbf867c5fcf0074ef814120603d793df3c6b07803f4fe4f13e8364
Copying blob sha256:a65b1d5fa71f2275b83830542c74d937ba4151138631910bd375d577f8ceeed8
Copying blob sha256:7e1f79224b0668cff86172f85305621504ef2f1a15768b9ed272ea1f1a0e4e4d
Copying config sha256:0ccc4acadf8fe652aee3bd1e9b848aa1ddb72cc4db9269dc719a72a71892e157
Writing manifest to image destination
Storing signatures
[linux/amd64] [1/3] STEP 2/8: WORKDIR /opt/app-root
--> Using cache 25f952364c18dec697621ccdf03fe10655339de2dbbbf27c4486edb5a1c24341
--> 25f952364c18
[linux/amd64] [1/3] STEP 3/8: USER 0
--> Using cache 7b8705aab315b50a437e2e7c2f502baa54d72938a85870d51e91af51dabda800
--> 7b8705aab315
[linux/amd64] [1/3] STEP 4/8: COPY web/package*.json web/
--> Using cache d23cef284ff542c1284da0158ef0c558da1dcd8ca80876a36fafe03445f0dcff
--> d23cef284ff5
[linux/amd64] [1/3] STEP 5/8: COPY Makefile Makefile
--> Using cache b48abb5d80c7851506e53f30048a959b841c6f0891ba935735707ed9e2436e5e
--> b48abb5d80c7
[linux/amd64] [1/3] STEP 6/8: RUN make install-frontend-ci-clean
--> Using cache 2d6de247cc648a35e8c80027400875de84ad1575cb0d6c21848cbff41954a4f4
--> 2d6de247cc64
[linux/amd64] [1/3] STEP 7/8: COPY web/ web/
--> Using cache a97d591fe0aa4a1cffa3c8de7a73f86ba7ec4333a9f2feed4b26f1389d632bbe
--> a97d591fe0aa
[linux/amd64] [1/3] STEP 8/8: RUN make build-frontend
--> Using cache 3cae1831188d2ae17fa2601b1c358a69ceec79c0fae50a8a8c84a7da5c19802a
--> 3cae1831188d
[linux/amd64] [2/3] STEP 1/11: FROM registry.access.redhat.com/ubi9/go-toolset:1.26 AS go-builder
Trying to pull registry.access.redhat.com/ubi9/go-toolset:1.26...
Getting image source signatures
Checking if image destination supports signatures
Copying blob sha256:0ec1bd88359812933b0ba0e75439a71d63e9a10034f1bc489df98137109e1e08
Copying blob sha256:7e1f79224b0668cff86172f85305621504ef2f1a15768b9ed272ea1f1a0e4e4d
Copying blob sha256:a65b1d5fa71f2275b83830542c74d937ba4151138631910bd375d577f8ceeed8
Copying blob sha256:81fb8485f71b9b1b67e6a4f55d93267dbaceb0a70c9d7dacee471b3e22139f07
Copying config sha256:9461fa637917224d2441e03a60a9ad427e5c71adf1da9ca8849aea138a2f68db
Writing manifest to image destination
Storing signatures
[linux/amd64] [2/3] STEP 2/11: WORKDIR /opt/app-root
--> Using cache ce0c099c1ac65e60609036a97c69fa61e1feb21a21c11c036b16977d797c2a60
--> ce0c099c1ac6
[linux/amd64] [2/3] STEP 3/11: COPY Makefile Makefile
--> Using cache 702d25d035cc160414faf4e9fa41e09b417cc2af455c2311aee9ce52e9e03442
--> 702d25d035cc
[linux/amd64] [2/3] STEP 4/11: COPY go.mod go.mod
--> 872fb79e4930
[linux/amd64] [2/3] STEP 5/11: COPY go.sum go.sum
--> 5386d8bb83b5
[linux/amd64] [2/3] STEP 6/11: RUN go mod download
--> 034eacda5ec7
[linux/amd64] [2/3] STEP 7/11: COPY cmd/ cmd/
--> 76ba77806187
[linux/amd64] [2/3] STEP 8/11: COPY pkg/ pkg/
--> f33e20ece804
[linux/amd64] [2/3] STEP 9/11: ENV GOEXPERIMENT=strictfipsruntime
--> 93cfbbb7cc27
[linux/amd64] [2/3] STEP 10/11: ENV CGO_ENABLED=1
--> cb56f36eb474
[linux/amd64] [2/3] STEP 11/11: RUN make build-backend BUILD_OPTS="-tags strictfipsruntime"
go build -tags strictfipsruntime -o plugin-backend -mod=readonly cmd/plugin-backend.go
--> 95b18b500e07
[linux/arm64] [1/3] STEP 1/8: FROM registry.redhat.io/ubi9/nodejs-22:latest AS web-builder
Trying to pull registry.redhat.io/ubi9/nodejs-22:latest...
Getting image source signatures
Checking if image destination supports signatures
Copying blob sha256:9646992efe070a3bd6c556d5bfd825b8ffbc51f371288f7eb152d2d852939056
Copying blob sha256:f00a3ea30fea862d594c88740f011c234eb0b745138910c83abb92b28517593d
Copying blob sha256:9f54e374b06db8429b62d91af166f6a7caa34095b474b38a6853f75e9501072e
Copying config sha256:404bfb706f719cb0fdb063441e6c5404e5ce5228389a38c0ab4dda7570ece9f6
Writing manifest to image destination
Storing signatures
[linux/arm64] [1/3] STEP 2/8: WORKDIR /opt/app-root
--> Using cache 8d7f4d666d8b2966000dfdbddaf0f201f102b80d182b42918646bca008497d32
--> 8d7f4d666d8b
[linux/arm64] [1/3] STEP 3/8: USER 0
--> Using cache ab40718f6d3d3469511e8bdb5e14133d0b8570fbf01d414c2b0398600f6e9b81
--> ab40718f6d3d
[linux/arm64] [1/3] STEP 4/8: COPY web/package*.json web/
--> Using cache 22931396cfeff041fd40b06841a475aab187ed95258f8ff220aa7b0ce71c26ed
--> 22931396cfef
[linux/arm64] [1/3] STEP 5/8: COPY Makefile Makefile
--> Using cache 7d1eba04884bf6546688cb08d29a9c0f387e3213270fb5d3c4e0c407ed506b88
--> 7d1eba04884b
[linux/arm64] [1/3] STEP 6/8: RUN make install-frontend-ci-clean
--> Using cache 3ba6fd836bce9b55e17912f31a2c0ab65acdc4720e82663f2784730fb0ca2ff6
--> 3ba6fd836bce
[linux/arm64] [1/3] STEP 7/8: COPY web/ web/
--> Using cache bf96163841bb81f3b5aa3e8779af81e33a5d847910e52589da8c611db91e2f14
--> bf96163841bb
[linux/arm64] [1/3] STEP 8/8: RUN make build-frontend
--> Using cache 36c0192d130f6b9fdcb30173af3c54210ef016b3b3e47be22447926b18f4da82
--> 36c0192d130f
[linux/amd64] [3/3] STEP 1/4: FROM registry.access.redhat.com/ubi9/ubi-minimal
[linux/amd64] [3/3] STEP 2/4: COPY --from=web-builder /opt/app-root/web/dist /opt/app-root/web/dist
--> Using cache f8385b6642c19f4c7693787c5581592a3ebbf5e029d5f19a6fc53613d585c4fd
--> f8385b6642c1
[linux/amd64] [3/3] STEP 3/4: COPY --from=go-builder /opt/app-root/plugin-backend /opt/app-root
--> Using cache 3bf93c24b61f69efc22ab6c9e83b7d102aceb8a392a0f2db920552cdd9ed8273
--> 3bf93c24b61f
[linux/amd64] [3/3] STEP 4/4: ENTRYPOINT ["/opt/app-root/plugin-backend", "-static-path", "/opt/app-root/web/dist", "-config-path", "/opt/app-root/web/dist"]
--> Using cache ce1ee52361c5f8003e03489d580ef7eb938f4837aae0c00311097e446ae756fe
--> ce1ee52361c5
[linux/arm64] [2/3] STEP 1/11: FROM registry.access.redhat.com/ubi9/go-toolset:1.26 AS go-builder
ce1ee52361c5f8003e03489d580ef7eb938f4837aae0c00311097e446ae756fe
Trying to pull registry.access.redhat.com/ubi9/go-toolset:1.26...
Getting image source signatures
Checking if image destination supports signatures
Copying blob sha256:7d2f4b5635369ce22bd53c0abd715a3d88bcf3772bbeb64d554a7cf58a23ac22
Copying blob sha256:9f54e374b06db8429b62d91af166f6a7caa34095b474b38a6853f75e9501072e
Copying blob sha256:f00a3ea30fea862d594c88740f011c234eb0b745138910c83abb92b28517593d
Copying blob sha256:8bfc33a51149ff1a53ed0e2c6d2de2fb2ffba75fed1afcb20cbdcccfb29f49eb
Copying config sha256:dc5055708341f2b27d0c7fb9e53460c35e81432d572c9c878e0d399bf169f9b3
Writing manifest to image destination
Storing signatures
[linux/arm64] [2/3] STEP 2/11: WORKDIR /opt/app-root
--> Using cache 376c7299ff8905d639f558aa3bc3f2740a622c4f9c53e2aba639a77fd0c132e1
--> 376c7299ff89
[linux/arm64] [2/3] STEP 3/11: COPY Makefile Makefile
--> Using cache f83f2132f98003aace665ae7aa9b3782f8974a29c968c1a9d7e9207d5d203e8f
--> f83f2132f980
[linux/arm64] [2/3] STEP 4/11: COPY go.mod go.mod
--> 7d18e0c39f7d
[linux/arm64] [2/3] STEP 5/11: COPY go.sum go.sum
--> 737679e0df3b
[linux/arm64] [2/3] STEP 6/11: RUN go mod download
--> 4ef2afdf14b1
[linux/arm64] [2/3] STEP 7/11: COPY cmd/ cmd/
--> 815d7987005d
[linux/arm64] [2/3] STEP 8/11: COPY pkg/ pkg/
--> 5e69abde205b
[linux/arm64] [2/3] STEP 9/11: ENV GOEXPERIMENT=strictfipsruntime
--> 69fc3cec9f0c
[linux/arm64] [2/3] STEP 10/11: ENV CGO_ENABLED=1
--> 7159d40b8385
[linux/arm64] [2/3] STEP 11/11: RUN make build-backend BUILD_OPTS="-tags strictfipsruntime"
go build -tags strictfipsruntime -o plugin-backend -mod=readonly cmd/plugin-backend.go
--> fbc94e44ab26
[linux/arm64] [3/3] STEP 1/4: FROM registry.access.redhat.com/ubi9/ubi-minimal
Trying to pull registry.access.redhat.com/ubi9/ubi-minimal:latest...
Getting image source signatures
Checking if image destination supports signatures
Copying blob sha256:96c16ad0505847764761c5c4d0a82cd8a619f3e93c57f6a4b081cb9d4d0dd3e7
Copying config sha256:dc66a34eca2d77aebb3d6349e06bbb118c0571f172e297eea776d8aa352899e7
Writing manifest to image destination
Storing signatures
[linux/arm64] [3/3] STEP 2/4: COPY --from=web-builder /opt/app-root/web/dist /opt/app-root/web/dist
--> Using cache 469328150925e50ede16d403c03daef8f61b4c70b1328631492234c19cf5c15f
--> 469328150925
[linux/arm64] [3/3] STEP 3/4: COPY --from=go-builder /opt/app-root/plugin-backend /opt/app-root
--> Using cache 71cfa5a8e5557bba2ca96b76beab879f451fca8c258e5ec05253f73d5a4b196e
--> 71cfa5a8e555
[linux/arm64] [3/3] STEP 4/4: ENTRYPOINT ["/opt/app-root/plugin-backend", "-static-path", "/opt/app-root/web/dist", "-config-path", "/opt/app-root/web/dist"]
--> Using cache d7fcf5681612b30326e1effa23b100dd1ac8663d4416e295d190f46ba70eb2a9
--> d7fcf5681612
d7fcf5681612b30326e1effa23b100dd1ac8663d4416e295d190f46ba70eb2a9
podman manifest push quay.io/rh-ee-emurasak/distributed-tracing-console-plugin:v0.4.3
Getting image list signatures
Copying 2 images generated from 2 images in list
Copying image sha256:0c407f9974d4eb0906dc10873130343cff8e91192889c0db2170153760411bfa (1/2)
Getting image source signatures
Copying blob sha256:2fd670574d6e9562249ae5f21bafee71514419560c83718fbf98975fc570cf21
Copying blob sha256:eb31fffb4653a560fe98f0cdf1563599483471410f682eef43f925913573d867
Copying blob sha256:690880d4f742eea745937d9635fc54b88f491025707237aef0b626fe7d221d54
Copying config sha256:ce1ee52361c5f8003e03489d580ef7eb938f4837aae0c00311097e446ae756fe
Writing manifest to image destination
Copying image sha256:296033d1387675753198f62603dea68ac56d69c099dc418a0e6991b0fee85437 (2/2)
Getting image source signatures
Copying blob sha256:c5c547b47399abb4c246be7224d995b466efab863ff3ec51f13f94eeddafa802
Copying blob sha256:228d3d093b243661f2bbd4be6cc0e4a91af886b882ca37d67a2522d8dc67af93
Copying blob sha256:642fb54e8eadc39df95bd3a3b1ca23bfe965300a09e2e366a9a942a83dac2815
Copying config sha256:d7fcf5681612b30326e1effa23b100dd1ac8663d4416e295d190f46ba70eb2a9
Writing manifest to image destination
Writing manifest list to image destination
Storing list signatures
==========================================
Building logging-view-plugin @ release-coo-ocp-4.15 with VERSION=v6.1.6 ORG=rh-ee-emurasak
==========================================
Switched to branch 'release-coo-ocp-4.15'
Your branch is up to date with 'origin/release-coo-ocp-4.15'.
From https://github.com/openshift/logging-view-plugin
 * branch            release-coo-ocp-4.15 -> FETCH_HEAD
Already up to date.
--- Attempt 1/3 ---
podman manifest rm quay.io/rh-ee-emurasak/logging-view-plugin:v6.1.6 || true
Untagged: quay.io/rh-ee-emurasak/logging-view-plugin:v6.1.6
Deleted: f63675722e5162abfb6e63c427171a0a19faabef9adb5a606b21c2247d87d198
podman manifest create quay.io/rh-ee-emurasak/logging-view-plugin:v6.1.6
1f2ac490b043be8c7105d23848dc163989a435c174061881ad9a6c9289b4a0a0
podman build --platform=linux/arm64,linux/amd64 --manifest quay.io/rh-ee-emurasak/logging-view-plugin:v6.1.6 -f Dockerfile
[linux/amd64] [1/3] STEP 1/9: FROM registry.redhat.io/ubi9/nodejs-22:latest AS web-builder
Trying to pull registry.redhat.io/ubi9/nodejs-22:latest...
Getting image source signatures
Checking if image destination supports signatures
Copying blob sha256:282d0d24d7fbf867c5fcf0074ef814120603d793df3c6b07803f4fe4f13e8364
Copying blob sha256:a65b1d5fa71f2275b83830542c74d937ba4151138631910bd375d577f8ceeed8
Copying blob sha256:7e1f79224b0668cff86172f85305621504ef2f1a15768b9ed272ea1f1a0e4e4d
Copying config sha256:0ccc4acadf8fe652aee3bd1e9b848aa1ddb72cc4db9269dc719a72a71892e157
Writing manifest to image destination
Storing signatures
[linux/amd64] [1/3] STEP 2/9: WORKDIR /opt/app-root
--> Using cache 25f952364c18dec697621ccdf03fe10655339de2dbbbf27c4486edb5a1c24341
--> 25f952364c18
[linux/amd64] [1/3] STEP 3/9: USER 0
--> Using cache 7b8705aab315b50a437e2e7c2f502baa54d72938a85870d51e91af51dabda800
--> 7b8705aab315
[linux/amd64] [1/3] STEP 4/9: ENV HUSKY=0
--> Using cache 480c099274eaede57407f65dab14be61ff11be4c766a88c25c81c8f647d27cc1
--> 480c099274ea
[linux/amd64] [1/3] STEP 5/9: COPY web/package*.json web/
--> Using cache 8ae0ac41198eb78d89e0daeb15ba9015dcfd37ccf3ad515fc39ae9709a79764c
--> 8ae0ac41198e
[linux/amd64] [1/3] STEP 6/9: COPY Makefile Makefile
--> Using cache 2cbf3546e8aabe23e833e07f6fde801b158cfe699298ce7e2aa0261e034995c2
--> 2cbf3546e8aa
[linux/amd64] [1/3] STEP 7/9: RUN make install-frontend-ci-clean
--> Using cache c398219df7411b66bd801d6ad1cb8d36cd48c1e7353377b89933ff052f2c92f3
--> c398219df741
[linux/amd64] [1/3] STEP 8/9: COPY web/ web/
--> Using cache 5ccaf99435047ad1cd785930ebdd14a5ca2916f48addda5a137ed35fa28e1814
--> 5ccaf9943504
[linux/amd64] [1/3] STEP 9/9: RUN make build-frontend
--> Using cache f034591960647dbaa11575b1f913a2018e0b9b04d0b4283abf5e764b8c487b80
--> f03459196064
[linux/amd64] [2/3] STEP 1/12: FROM registry.access.redhat.com/ubi9/go-toolset:1.26 AS go-builder
Trying to pull registry.access.redhat.com/ubi9/go-toolset:1.26...
Getting image source signatures
Checking if image destination supports signatures
Copying blob sha256:0ec1bd88359812933b0ba0e75439a71d63e9a10034f1bc489df98137109e1e08
Copying blob sha256:a65b1d5fa71f2275b83830542c74d937ba4151138631910bd375d577f8ceeed8
Copying blob sha256:7e1f79224b0668cff86172f85305621504ef2f1a15768b9ed272ea1f1a0e4e4d
Copying blob sha256:81fb8485f71b9b1b67e6a4f55d93267dbaceb0a70c9d7dacee471b3e22139f07
Copying config sha256:9461fa637917224d2441e03a60a9ad427e5c71adf1da9ca8849aea138a2f68db
Writing manifest to image destination
Storing signatures
[linux/amd64] [2/3] STEP 2/12: WORKDIR /opt/app-root
--> Using cache ce0c099c1ac65e60609036a97c69fa61e1feb21a21c11c036b16977d797c2a60
--> ce0c099c1ac6
[linux/amd64] [2/3] STEP 3/12: COPY Makefile Makefile
--> 342deefc08db
[linux/amd64] [2/3] STEP 4/12: COPY go.mod go.mod
--> 0047e1b87ceb
[linux/amd64] [2/3] STEP 5/12: COPY go.sum go.sum
--> 4d0ada82c659
[linux/amd64] [2/3] STEP 6/12: RUN make install-backend
go mod download
--> 49e175dc8c8e
[linux/amd64] [2/3] STEP 7/12: COPY config/ config/
--> 241fee456833
[linux/amd64] [2/3] STEP 8/12: COPY cmd/ cmd/
--> e7dac19c0701
[linux/amd64] [2/3] STEP 9/12: COPY pkg/ pkg/
--> 82bdbd857643
[linux/amd64] [2/3] STEP 10/12: ENV GOEXPERIMENT=strictfipsruntime
--> 1862b93268f4
[linux/amd64] [2/3] STEP 11/12: ENV CGO_ENABLED=1
--> c9c97cd0ea89
[linux/amd64] [2/3] STEP 12/12: RUN make build-backend BUILD_OPTS="-tags strictfipsruntime"
go build -tags strictfipsruntime -mod=readonly -o plugin-backend cmd/plugin-backend.go
--> e7dbdb14417e
[linux/arm64] [1/3] STEP 1/9: FROM registry.redhat.io/ubi9/nodejs-22:latest AS web-builder
Trying to pull registry.redhat.io/ubi9/nodejs-22:latest...
Getting image source signatures
Checking if image destination supports signatures
Copying blob sha256:9646992efe070a3bd6c556d5bfd825b8ffbc51f371288f7eb152d2d852939056
Copying blob sha256:f00a3ea30fea862d594c88740f011c234eb0b745138910c83abb92b28517593d
Copying blob sha256:9f54e374b06db8429b62d91af166f6a7caa34095b474b38a6853f75e9501072e
Copying config sha256:404bfb706f719cb0fdb063441e6c5404e5ce5228389a38c0ab4dda7570ece9f6
Writing manifest to image destination
Storing signatures
[linux/arm64] [1/3] STEP 2/9: WORKDIR /opt/app-root
--> Using cache 8d7f4d666d8b2966000dfdbddaf0f201f102b80d182b42918646bca008497d32
--> 8d7f4d666d8b
[linux/arm64] [1/3] STEP 3/9: USER 0
--> Using cache ab40718f6d3d3469511e8bdb5e14133d0b8570fbf01d414c2b0398600f6e9b81
--> ab40718f6d3d
[linux/arm64] [1/3] STEP 4/9: ENV HUSKY=0
--> Using cache c4956a0743f1e9d016ec7fbcdfa4c2110fa4eb83bdbf78c328ec9d2829e6824c
--> c4956a0743f1
[linux/arm64] [1/3] STEP 5/9: COPY web/package*.json web/
--> Using cache 32b42328126c61df2face62e7c8aeb8753de5329b497780cedc7b943bc0af5cd
--> 32b42328126c
[linux/arm64] [1/3] STEP 6/9: COPY Makefile Makefile
--> Using cache 59003bed93da1df6f872f02f8c223272702579b807fa5e33d21ae6a3c8177998
--> 59003bed93da
[linux/arm64] [1/3] STEP 7/9: RUN make install-frontend-ci-clean
--> Using cache 022639fa0335a0ff3ce9cb0b782be22452b45381127033a804134d773f2e4251
--> 022639fa0335
[linux/arm64] [1/3] STEP 8/9: COPY web/ web/
--> Using cache cf87d2a9212f14f1d202b830188a0b937ee4a2052abf469f4fbbd263ae6e60c6
--> cf87d2a9212f
[linux/arm64] [1/3] STEP 9/9: RUN make build-frontend
--> Using cache 9910dcf4371918ef3cda2ae1afd36c08838e3d9ed8696a8a0206815fe06b049e
--> 9910dcf43719
[linux/amd64] [3/3] STEP 1/5: FROM registry.access.redhat.com/ubi9/ubi-minimal
Trying to pull registry.access.redhat.com/ubi9/ubi-minimal:latest...
Getting image source signatures
Checking if image destination supports signatures
Copying blob sha256:8af57f051b373375a1be8f892172089259ad624ed8452291226c539055e60228
Copying config sha256:659f819f47f8e8d2348bd9243d2ef17f39a9cc97ee1964b1cf1f83d428090213
Writing manifest to image destination
Storing signatures
[linux/amd64] [3/3] STEP 2/5: COPY --from=web-builder /opt/app-root/web/dist /opt/app-root/web/dist
--> Using cache 562c7ea3345302b8ef6fc2943bda1a1c1c75abf84d73e33605c136184ee812b1
--> 562c7ea33453
[linux/amd64] [3/3] STEP 3/5: COPY --from=go-builder /opt/app-root/plugin-backend /opt/app-root
--> Using cache ba7135a4566bb0d105956971c48471ef98c29ba5b4a3603658b230b9ea4912d5
--> ba7135a4566b
[linux/amd64] [3/3] STEP 4/5: COPY --from=go-builder /opt/app-root/config /opt/app-root/config
--> Using cache aa17dc863daf79b964dce86d610e6a70f4c3e46ee31376e87ba7578e63cabe0c
--> aa17dc863daf
[linux/amd64] [3/3] STEP 5/5: ENTRYPOINT ["/opt/app-root/plugin-backend", "-config-path", "/opt/app-root/config", "-static-path", "/opt/app-root/web/dist"]
--> Using cache c3814c49ffff9f45e3ff602ccc3bb19b25c5f69a131b606a2cde7080c61a89e7
--> c3814c49ffff
[linux/arm64] [2/3] STEP 1/12: FROM registry.access.redhat.com/ubi9/go-toolset:1.26 AS go-builder
c3814c49ffff9f45e3ff602ccc3bb19b25c5f69a131b606a2cde7080c61a89e7
Trying to pull registry.access.redhat.com/ubi9/go-toolset:1.26...
Getting image source signatures
Checking if image destination supports signatures
Copying blob sha256:7d2f4b5635369ce22bd53c0abd715a3d88bcf3772bbeb64d554a7cf58a23ac22
Copying blob sha256:9f54e374b06db8429b62d91af166f6a7caa34095b474b38a6853f75e9501072e
Copying blob sha256:f00a3ea30fea862d594c88740f011c234eb0b745138910c83abb92b28517593d
Copying blob sha256:8bfc33a51149ff1a53ed0e2c6d2de2fb2ffba75fed1afcb20cbdcccfb29f49eb
Copying config sha256:dc5055708341f2b27d0c7fb9e53460c35e81432d572c9c878e0d399bf169f9b3
Writing manifest to image destination
Storing signatures
[linux/arm64] [2/3] STEP 2/12: WORKDIR /opt/app-root
--> Using cache 376c7299ff8905d639f558aa3bc3f2740a622c4f9c53e2aba639a77fd0c132e1
--> 376c7299ff89
[linux/arm64] [2/3] STEP 3/12: COPY Makefile Makefile
--> 004cdeabe4c8
[linux/arm64] [2/3] STEP 4/12: COPY go.mod go.mod
--> 9649be179e0a
[linux/arm64] [2/3] STEP 5/12: COPY go.sum go.sum
--> d274aa03bdf5
[linux/arm64] [2/3] STEP 6/12: RUN make install-backend
go mod download
--> 51584e729daf
[linux/arm64] [2/3] STEP 7/12: COPY config/ config/
--> 19144c2b6f70
[linux/arm64] [2/3] STEP 8/12: COPY cmd/ cmd/
--> bb351b1c96e1
[linux/arm64] [2/3] STEP 9/12: COPY pkg/ pkg/
--> c3518ae341eb
[linux/arm64] [2/3] STEP 10/12: ENV GOEXPERIMENT=strictfipsruntime
--> f05a245acbea
[linux/arm64] [2/3] STEP 11/12: ENV CGO_ENABLED=1
--> 90148d8aa633
[linux/arm64] [2/3] STEP 12/12: RUN make build-backend BUILD_OPTS="-tags strictfipsruntime"
go build -tags strictfipsruntime -mod=readonly -o plugin-backend cmd/plugin-backend.go
--> df1665a23a4c
[linux/arm64] [3/3] STEP 1/5: FROM registry.access.redhat.com/ubi9/ubi-minimal
Trying to pull registry.access.redhat.com/ubi9/ubi-minimal:latest...
Getting image source signatures
Checking if image destination supports signatures
Copying blob sha256:96c16ad0505847764761c5c4d0a82cd8a619f3e93c57f6a4b081cb9d4d0dd3e7
Copying config sha256:dc66a34eca2d77aebb3d6349e06bbb118c0571f172e297eea776d8aa352899e7
Writing manifest to image destination
Storing signatures
[linux/arm64] [3/3] STEP 2/5: COPY --from=web-builder /opt/app-root/web/dist /opt/app-root/web/dist
--> Using cache 8b9778f34c806ee1582c0bd06e55c4b09c4abe5e5c497be15cb2cd4b7ca364f2
--> 8b9778f34c80
[linux/arm64] [3/3] STEP 3/5: COPY --from=go-builder /opt/app-root/plugin-backend /opt/app-root
--> Using cache 5b38ca75b909b1355f5460a2ec90cfadf22ff8379731e16db35514adebf77153
--> 5b38ca75b909
[linux/arm64] [3/3] STEP 4/5: COPY --from=go-builder /opt/app-root/config /opt/app-root/config
--> Using cache d7c9fe7a0c40475be624698752dfc87704e60cb54cc7dd214e3f84cc5aa3040b
--> d7c9fe7a0c40
[linux/arm64] [3/3] STEP 5/5: ENTRYPOINT ["/opt/app-root/plugin-backend", "-config-path", "/opt/app-root/config", "-static-path", "/opt/app-root/web/dist"]
--> Using cache ba2d389e66fb4f305914658570b73ddd564fcd8b9111ca7e44e141071933a827
--> ba2d389e66fb
ba2d389e66fb4f305914658570b73ddd564fcd8b9111ca7e44e141071933a827
podman manifest push quay.io/rh-ee-emurasak/logging-view-plugin:v6.1.6
Getting image list signatures
Copying 2 images generated from 2 images in list
Copying image sha256:1231ef7907a1c03cc0685f01aba831dc36af4091da6c2f7b53aaff2f2ca42391 (1/2)
Getting image source signatures
Copying blob sha256:4a44b910b3098a00f97c48f53b7d7e5e1952fdcfb2848df1b51f505e696eee36
Copying blob sha256:eb31fffb4653a560fe98f0cdf1563599483471410f682eef43f925913573d867
Copying blob sha256:070b9c077529f74fb57f1aca590ae842d3ce125154dbb0ed703b44401ac343c9
Copying blob sha256:59155cbb8408d5ceafe90f2ff42e9ece5e3135d09b3229ffc5c1aafc779f80c8
Copying config sha256:c3814c49ffff9f45e3ff602ccc3bb19b25c5f69a131b606a2cde7080c61a89e7
Writing manifest to image destination
Copying image sha256:e3f90b74c8819f36b9e76253be805b34eb959e4549d255fe060026f3cb2cbd77 (2/2)
Getting image source signatures
Copying blob sha256:30b4a1f8a086cfab43634ac6ed33cee9a9b49182396c8b48f0240124fa0c49e9
Copying blob sha256:228d3d093b243661f2bbd4be6cc0e4a91af886b882ca37d67a2522d8dc67af93
Copying blob sha256:556409b12d2d9b2740a4fe024d46a818a1b383aeca467bd10b60060862cd5b7d
Copying blob sha256:b3ab2d005629ddb2d325924191d5141ff114bd2c325be75533fdd2b5c1d7e471
Copying config sha256:ba2d389e66fb4f305914658570b73ddd564fcd8b9111ca7e44e141071933a827
Writing manifest to image destination
Writing manifest list to image destination
Storing list signatures
==========================================
Building monitoring-plugin @ release-coo-ocp-4.15 with VERSION=v0.4.5 ORG=rh-ee-emurasak
==========================================
Switched to branch 'release-coo-ocp-4.15'
Your branch is up to date with 'origin/release-coo-ocp-4.15'.
From https://github.com/openshift/monitoring-plugin
 * branch            release-coo-ocp-4.15 -> FETCH_HEAD
Already up to date.
--- Attempt 1/3 ---
podman manifest rm quay.io/rh-ee-emurasak/monitoring-console-plugin:v0.4.5 || true
Untagged: quay.io/rh-ee-emurasak/monitoring-console-plugin:v0.4.5
Deleted: 45a38bf8aaa3847c170f0dbc44914dbe8dc7b963778d9e14cdf71d535f51c0a6
podman manifest create quay.io/rh-ee-emurasak/monitoring-console-plugin:v0.4.5
5df1f38b97d242ed9a9356c94be33344e311516f531bd5cec62f16ed80f927cd
podman build --platform linux/arm64,linux/amd64 --manifest quay.io/rh-ee-emurasak/monitoring-console-plugin:v0.4.5 -f Dockerfile.mcp
[linux/amd64] [1/3] STEP 1/11: FROM registry.redhat.io/ubi9/nodejs-22:latest AS web-builder
Trying to pull registry.redhat.io/ubi9/nodejs-22:latest...
Getting image source signatures
Checking if image destination supports signatures
Copying blob sha256:282d0d24d7fbf867c5fcf0074ef814120603d793df3c6b07803f4fe4f13e8364
Copying blob sha256:a65b1d5fa71f2275b83830542c74d937ba4151138631910bd375d577f8ceeed8
Copying blob sha256:7e1f79224b0668cff86172f85305621504ef2f1a15768b9ed272ea1f1a0e4e4d
Copying config sha256:0ccc4acadf8fe652aee3bd1e9b848aa1ddb72cc4db9269dc719a72a71892e157
Writing manifest to image destination
Storing signatures
[linux/amd64] [1/3] STEP 2/11: USER 0
--> Using cache 6160bc7455908914f12008c8ab01d31e7ccf3f97a2ad71b6e09251568a26183b
--> 6160bc745590
[linux/amd64] [1/3] STEP 3/11: WORKDIR /opt/app-root
--> Using cache 117feb1b357dcf1b489e6b4f016f5a79994aa106690681668aff891098fc0342
--> 117feb1b357d
[linux/amd64] [1/3] STEP 4/11: ENV HUSKY=0
--> Using cache c81479492045000971aa0dc901f87450526524d9efc4fb3690c1b4856d8def6e
--> c81479492045
[linux/amd64] [1/3] STEP 5/11: COPY Makefile Makefile
--> Using cache ea373b320b37535a028e03b2f6cd176d9cbe51b741fa9b9e3a7c142103d98cf2
--> ea373b320b37
[linux/amd64] [1/3] STEP 6/11: COPY scripts/update-plugin-name.sh scripts/update-plugin-name.sh
--> Using cache 92aac39fb124c4370fa380bf856590519d09557d843c25cc4c110c069720f5a0
--> 92aac39fb124
[linux/amd64] [1/3] STEP 7/11: COPY web/ web/
--> Using cache cd2e36c646da9e2fa0ca191b83eb585180cd0401f7cb50a2777d2763b3755538
--> cd2e36c646da
[linux/amd64] [1/3] STEP 8/11: RUN make update-plugin-name
--> Using cache 8014aa23070c1d666556782d5bbfc8a4d50d42770b2b8936b0ba5e41fd96b115
--> 8014aa23070c
[linux/amd64] [1/3] STEP 9/11: ENV I18N_NAMESPACE="plugin__monitoring-console-plugin"
--> Using cache 1ecaae39540e9d3d8a61d526a3a0f18573be4f91fc2576a350c566b570b37abc
--> 1ecaae39540e
[linux/amd64] [1/3] STEP 10/11: RUN make install-frontend
--> Using cache d39ee89199031d3604eca318c8b6219a4c28a7c0a6f3a8f44e174f0581d96c2a
--> d39ee8919903
[linux/amd64] [1/3] STEP 11/11: RUN make build-frontend
--> Using cache fe914d828711e7c3c07208a9d7f82261c6f3d24ad272be390340e9cf91c5214d
--> fe914d828711
[linux/amd64] [2/3] STEP 1/9: FROM registry.access.redhat.com/ubi9/go-toolset:1.26 AS go-builder
Trying to pull registry.access.redhat.com/ubi9/go-toolset:1.26...
Getting image source signatures
Checking if image destination supports signatures
Copying blob sha256:0ec1bd88359812933b0ba0e75439a71d63e9a10034f1bc489df98137109e1e08
Copying blob sha256:a65b1d5fa71f2275b83830542c74d937ba4151138631910bd375d577f8ceeed8
Copying blob sha256:7e1f79224b0668cff86172f85305621504ef2f1a15768b9ed272ea1f1a0e4e4d
Copying blob sha256:81fb8485f71b9b1b67e6a4f55d93267dbaceb0a70c9d7dacee471b3e22139f07
Copying config sha256:9461fa637917224d2441e03a60a9ad427e5c71adf1da9ca8849aea138a2f68db
Writing manifest to image destination
Storing signatures
[linux/amd64] [2/3] STEP 2/9: WORKDIR /opt/app-root
--> Using cache ce0c099c1ac65e60609036a97c69fa61e1feb21a21c11c036b16977d797c2a60
--> ce0c099c1ac6
[linux/amd64] [2/3] STEP 3/9: COPY Makefile Makefile
--> 49f7b9fc569f
[linux/amd64] [2/3] STEP 4/9: COPY go.mod go.mod
--> 6d2eafab8352
[linux/amd64] [2/3] STEP 5/9: COPY go.sum go.sum
--> 009ea71aef21
[linux/amd64] [2/3] STEP 6/9: RUN go mod download
--> 1674cc15f561
[linux/amd64] [2/3] STEP 7/9: COPY cmd/ cmd/
--> 8a69506c10f6
[linux/amd64] [2/3] STEP 8/9: COPY pkg/ pkg/
--> cb7a8e8a5a0a
[linux/amd64] [2/3] STEP 9/9: RUN go build -mod=mod -o plugin-backend cmd/plugin-backend.go
--> ecd2e2a30921
[linux/arm64] [1/3] STEP 1/11: FROM registry.redhat.io/ubi9/nodejs-22:latest AS web-builder
Trying to pull registry.redhat.io/ubi9/nodejs-22:latest...
Getting image source signatures
Checking if image destination supports signatures
Copying blob sha256:9646992efe070a3bd6c556d5bfd825b8ffbc51f371288f7eb152d2d852939056
Copying blob sha256:9f54e374b06db8429b62d91af166f6a7caa34095b474b38a6853f75e9501072e
Copying blob sha256:f00a3ea30fea862d594c88740f011c234eb0b745138910c83abb92b28517593d
Copying config sha256:404bfb706f719cb0fdb063441e6c5404e5ce5228389a38c0ab4dda7570ece9f6
Writing manifest to image destination
Storing signatures
[linux/arm64] [1/3] STEP 2/11: USER 0
--> Using cache f15023fd50daf227c792a29ef71681834c2a801738577c1490c3822a5a48032f
--> f15023fd50da
[linux/arm64] [1/3] STEP 3/11: WORKDIR /opt/app-root
--> Using cache 5c0c88494e0fbd3daafae39b55f13e70551f325f3f5cb9ea59a3fd12c477d5c7
--> 5c0c88494e0f
[linux/arm64] [1/3] STEP 4/11: ENV HUSKY=0
--> Using cache ccc72ffa47f9820b4dbbda7945e43877c8c7d2cdb0f9a87329106f5a84820663
--> ccc72ffa47f9
[linux/arm64] [1/3] STEP 5/11: COPY Makefile Makefile
--> Using cache 2960727a627c29f5a43b5119fbe19001fc198673832d380ebe4e68a408544da1
--> 2960727a627c
[linux/arm64] [1/3] STEP 6/11: COPY scripts/update-plugin-name.sh scripts/update-plugin-name.sh
--> Using cache 6a45d32abeceb388870250e25811d6630a474f1f977b5ca3d0f87031293d102c
--> 6a45d32abece
[linux/arm64] [1/3] STEP 7/11: COPY web/ web/
--> Using cache 808a81942c4e0f07df8e4adb501820e0ddc615a8bd014c3978bc532b2b3f67aa
--> 808a81942c4e
[linux/arm64] [1/3] STEP 8/11: RUN make update-plugin-name
--> Using cache 4ec4168abbcd9aac7595a5b624b8f8dd697505c2cb4158a1780b23ad4ec58b4e
--> 4ec4168abbcd
[linux/arm64] [1/3] STEP 9/11: ENV I18N_NAMESPACE="plugin__monitoring-console-plugin"
--> Using cache 2296da350bc96a56a2b87de0c95901ec40f884108fddde1c2a82e878c0557083
--> 2296da350bc9
[linux/arm64] [1/3] STEP 10/11: RUN make install-frontend
--> Using cache 8d4f3dd4213ab0204b5fa0fcf5a473ba9345e07b6a4f009bed2643d8e3bd3674
--> 8d4f3dd4213a
[linux/arm64] [1/3] STEP 11/11: RUN make build-frontend
--> Using cache ad6c6b5b7a48d6a05f168b7ab47d35f773304b3201a3ff8b104c6bb83effd42b
--> ad6c6b5b7a48
[linux/amd64] [3/3] STEP 1/7: FROM registry.access.redhat.com/ubi9/ubi-minimal
Trying to pull registry.access.redhat.com/ubi9/ubi-minimal:latest...
Getting image source signatures
Checking if image destination supports signatures
Copying blob sha256:8af57f051b373375a1be8f892172089259ad624ed8452291226c539055e60228
Copying config sha256:659f819f47f8e8d2348bd9243d2ef17f39a9cc97ee1964b1cf1f83d428090213
Writing manifest to image destination
Storing signatures
[linux/amd64] [3/3] STEP 2/7: USER 1001
--> Using cache 60e9912268b7aaeae89f000f7e70e7e9f10d57c5bd21c9a9241ba6b30c5cad62
--> 60e9912268b7
[linux/amd64] [3/3] STEP 3/7: COPY --from=web-builder /opt/app-root/web/dist /opt/app-root/web/dist
--> Using cache c67c26a8413c4bad1b828661e5e3f5d70d4ab0025459c6f26647c368887c9257
--> c67c26a8413c
[linux/amd64] [3/3] STEP 4/7: COPY --from=web-builder /opt/app-root/web/package.json /opt/app-root/web/package.json
--> Using cache b9c2cd3d61bc502869a3f1b3119b9962b56e9ab8b164aa0e794277cdfcc7b15f
--> b9c2cd3d61bc
[linux/amd64] [3/3] STEP 5/7: COPY --from=go-builder /opt/app-root/plugin-backend /opt/app-root
--> Using cache 6fc4738ee45925681ed88341cb26ccd4e895072fe040ee9f90d3675b2ad3d0aa
--> 6fc4738ee459
[linux/amd64] [3/3] STEP 6/7: COPY config/ /opt/app-root/config
--> Using cache dcaa0c7d5f1381871f69ee1984c3d11b342e43f961a14ee478b5a1ca8ed50827
--> dcaa0c7d5f13
[linux/amd64] [3/3] STEP 7/7: ENTRYPOINT ["/opt/app-root/plugin-backend", "-static-path", "/opt/app-root/web/dist", "-config-path", "/opt/app-root/config"]
--> Using cache a4e8c9dc2075231ab5e5d2d9ff2482d5f70a12b4b15e3759382e7f303d876db2
--> a4e8c9dc2075
[linux/arm64] [2/3] STEP 1/9: FROM registry.access.redhat.com/ubi9/go-toolset:1.26 AS go-builder
a4e8c9dc2075231ab5e5d2d9ff2482d5f70a12b4b15e3759382e7f303d876db2
Trying to pull registry.access.redhat.com/ubi9/go-toolset:1.26...
Getting image source signatures
Checking if image destination supports signatures
Copying blob sha256:7d2f4b5635369ce22bd53c0abd715a3d88bcf3772bbeb64d554a7cf58a23ac22
Copying blob sha256:f00a3ea30fea862d594c88740f011c234eb0b745138910c83abb92b28517593d
Copying blob sha256:9f54e374b06db8429b62d91af166f6a7caa34095b474b38a6853f75e9501072e
Copying blob sha256:8bfc33a51149ff1a53ed0e2c6d2de2fb2ffba75fed1afcb20cbdcccfb29f49eb
Copying config sha256:dc5055708341f2b27d0c7fb9e53460c35e81432d572c9c878e0d399bf169f9b3
Writing manifest to image destination
Storing signatures
[linux/arm64] [2/3] STEP 2/9: WORKDIR /opt/app-root
--> Using cache 376c7299ff8905d639f558aa3bc3f2740a622c4f9c53e2aba639a77fd0c132e1
--> 376c7299ff89
[linux/arm64] [2/3] STEP 3/9: COPY Makefile Makefile
--> c9b41a3c443e
[linux/arm64] [2/3] STEP 4/9: COPY go.mod go.mod
--> 07dba9097ac3
[linux/arm64] [2/3] STEP 5/9: COPY go.sum go.sum
--> 9d6f10fb8472
[linux/arm64] [2/3] STEP 6/9: RUN go mod download
--> b22763ba117e
[linux/arm64] [2/3] STEP 7/9: COPY cmd/ cmd/
--> 8cf648e35da3
[linux/arm64] [2/3] STEP 8/9: COPY pkg/ pkg/
--> e86752d30b23
[linux/arm64] [2/3] STEP 9/9: RUN go build -mod=mod -o plugin-backend cmd/plugin-backend.go
--> c76a98a08ac2
[linux/arm64] [3/3] STEP 1/7: FROM registry.access.redhat.com/ubi9/ubi-minimal
Trying to pull registry.access.redhat.com/ubi9/ubi-minimal:latest...
Getting image source signatures
Checking if image destination supports signatures
Copying blob sha256:96c16ad0505847764761c5c4d0a82cd8a619f3e93c57f6a4b081cb9d4d0dd3e7
Copying config sha256:dc66a34eca2d77aebb3d6349e06bbb118c0571f172e297eea776d8aa352899e7
Writing manifest to image destination
Storing signatures
[linux/arm64] [3/3] STEP 2/7: USER 1001
--> Using cache 60311acada0b164cea1f0606a6a604b93e8785f366c81e987220e3a03efb6cd6
--> 60311acada0b
[linux/arm64] [3/3] STEP 3/7: COPY --from=web-builder /opt/app-root/web/dist /opt/app-root/web/dist
--> Using cache b62ccd72d1834f3509fb6474f95d28ff0ca2e644f8f68fe4f4602ff4a336e607
--> b62ccd72d183
[linux/arm64] [3/3] STEP 4/7: COPY --from=web-builder /opt/app-root/web/package.json /opt/app-root/web/package.json
--> Using cache b0627e62f7930c701d56fce49d042b6f7b7c565332f2260860b4af30135937e1
--> b0627e62f793
[linux/arm64] [3/3] STEP 5/7: COPY --from=go-builder /opt/app-root/plugin-backend /opt/app-root
--> Using cache 13d210338b70b1e37ce5b41d727215d039f8799e9d115f30f53aca2dbd74941c
--> 13d210338b70
[linux/arm64] [3/3] STEP 6/7: COPY config/ /opt/app-root/config
--> Using cache 47080e60400aa24206b6dfe0f467634f530a52e22f0a6a328fd8127481e6b86b
--> 47080e60400a
[linux/arm64] [3/3] STEP 7/7: ENTRYPOINT ["/opt/app-root/plugin-backend", "-static-path", "/opt/app-root/web/dist", "-config-path", "/opt/app-root/config"]
--> Using cache 504a6170d043ec6dd3f3cbe98625a7f893363e212118425bdbfd164e1837659d
--> 504a6170d043
504a6170d043ec6dd3f3cbe98625a7f893363e212118425bdbfd164e1837659d
podman manifest push quay.io/rh-ee-emurasak/monitoring-console-plugin:v0.4.5
Getting image list signatures
Copying 2 images generated from 2 images in list
Copying image sha256:c966703739f7dccdebf1d589f73ad8af80cd3e69d3473c650d484a9848881c0a (1/2)
Getting image source signatures
Copying blob sha256:eb31fffb4653a560fe98f0cdf1563599483471410f682eef43f925913573d867
Copying blob sha256:9c843137d6dbefb807610acdad7e0672d419ba4a6b56057f4b36408e6433cedd
Copying blob sha256:858d59fabcfbb1b72ac6b81b9ed0f0b34de2194711066cd22ff3bfa504d5f263
Copying blob sha256:284a0ce2ab0c2ea1b5cb61d4392a2d1ade3e8becc098e1e2ff34e548f9a6a70c
Copying blob sha256:32d1d71c5087382117c2060a8bb583bc014d37e50f89ad3d683a5a0453783ffb
Copying config sha256:a4e8c9dc2075231ab5e5d2d9ff2482d5f70a12b4b15e3759382e7f303d876db2
Writing manifest to image destination
Copying image sha256:77bd309f81b2d48246b652def3a802c4173a62af117d9f5959a641bca1437d9a (2/2)
Getting image source signatures
Copying blob sha256:554f12c56a8dacce685353def92780eeb31d720f4878f3bb4b1a42774245d36d
Copying blob sha256:228d3d093b243661f2bbd4be6cc0e4a91af886b882ca37d67a2522d8dc67af93
Copying blob sha256:f7c0167f0f3a5b2b5a9bf34c918b480f995d3607294e5e2171d07d699121e410
Copying blob sha256:a306d3ac859dede156939eb6e41756e3c26075adaf747b89a75764084974dce8
Copying blob sha256:3ff870a7c383abc3e42722314175c6b0624363412f5b2571442499c8c93e7951
Copying config sha256:504a6170d043ec6dd3f3cbe98625a7f893363e212118425bdbfd164e1837659d
Writing manifest to image destination
Writing manifest list to image destination
Storing list signatures
==========================================
Building distributed-tracing-console-plugin @ release-coo-ocp-4.19 with VERSION=v1.0.3 ORG=rh-ee-emurasak
==========================================
Switched to branch 'release-coo-ocp-4.19'
Your branch is up to date with 'origin/release-coo-ocp-4.19'.
From https://github.com/openshift/distributed-tracing-console-plugin
 * branch            release-coo-ocp-4.19 -> FETCH_HEAD
Already up to date.
--- Attempt 1/3 ---
podman manifest rm quay.io/rh-ee-emurasak/distributed-tracing-console-plugin:v1.0.3 || true
Untagged: quay.io/rh-ee-emurasak/distributed-tracing-console-plugin:v1.0.3
Deleted: 50a8d5eb13dfcd6c3e291e1fcc2d1d007f8a36d5cb006b34194f253ce10161d1
podman manifest create quay.io/rh-ee-emurasak/distributed-tracing-console-plugin:v1.0.3
ab1962720255a00f387c59d7af3b59747320252545857c5fad9d62b8cd1cc193
podman build --platform=linux/arm64,linux/amd64 --manifest quay.io/rh-ee-emurasak/distributed-tracing-console-plugin:v1.0.3 -f Dockerfile
[linux/arm64] [1/3] STEP 1/8: FROM registry.redhat.io/ubi9/nodejs-22:latest AS web-builder
[linux/arm64] [1/3] STEP 2/8: WORKDIR /opt/app-root
--> Using cache 8d7f4d666d8b2966000dfdbddaf0f201f102b80d182b42918646bca008497d32
--> 8d7f4d666d8b
[linux/arm64] [1/3] STEP 3/8: USER 0
--> Using cache ab40718f6d3d3469511e8bdb5e14133d0b8570fbf01d414c2b0398600f6e9b81
--> ab40718f6d3d
[linux/arm64] [1/3] STEP 4/8: COPY web/package*.json web/
--> Using cache c44bfc83e79a8ac79c25bcc32d7291ae8b2bd10706f9b67f7a8fef68736a6a7a
--> c44bfc83e79a
[linux/arm64] [1/3] STEP 5/8: COPY Makefile Makefile
--> Using cache 6d8448b316ccffafaac2b78d8ed0b1624222f13b2850341475d82b91e35f5d28
--> 6d8448b316cc
[linux/arm64] [1/3] STEP 6/8: RUN make install-frontend-ci-clean
--> Using cache 9613d457e86c684c7d94f5ab04b7cf34a3a3a87ecf00dc0adc607e63d0bd7d18
--> 9613d457e86c
[linux/arm64] [1/3] STEP 7/8: COPY web/ web/
--> Using cache 4aecae04c687eaaa2cf3fe1667b7e79a2247bbd65737a9435a7b20c389541de1
--> 4aecae04c687
[linux/arm64] [1/3] STEP 8/8: RUN make build-frontend
--> Using cache c7a5e08bc3dd2e997d13f6f14e880d07eaef45140467aca5991528eb42c69e76
--> c7a5e08bc3dd
[linux/arm64] [2/3] STEP 1/11: FROM registry.access.redhat.com/ubi9/go-toolset:1.26 AS go-builder
[linux/arm64] [2/3] STEP 2/11: WORKDIR /opt/app-root
--> Using cache 376c7299ff8905d639f558aa3bc3f2740a622c4f9c53e2aba639a77fd0c132e1
--> 376c7299ff89
[linux/arm64] [2/3] STEP 3/11: COPY Makefile Makefile
--> Using cache f83f2132f98003aace665ae7aa9b3782f8974a29c968c1a9d7e9207d5d203e8f
--> f83f2132f980
[linux/arm64] [2/3] STEP 4/11: COPY go.mod go.mod
--> d6cc1e98bdeb
[linux/arm64] [2/3] STEP 5/11: COPY go.sum go.sum
--> 6b5dc5cd73fb
[linux/arm64] [2/3] STEP 6/11: RUN go mod download
--> 9df3132c3dde
[linux/arm64] [2/3] STEP 7/11: COPY cmd/ cmd/
--> 0dc8959578d9
[linux/arm64] [2/3] STEP 8/11: COPY pkg/ pkg/
--> 7cb5241be382
[linux/arm64] [2/3] STEP 9/11: ENV GOEXPERIMENT=strictfipsruntime
--> 2c695d6ee527
[linux/arm64] [2/3] STEP 10/11: ENV CGO_ENABLED=1
--> 059763e65778
[linux/arm64] [2/3] STEP 11/11: RUN make build-backend BUILD_OPTS="-tags strictfipsruntime"
go build -tags strictfipsruntime -o plugin-backend -mod=readonly cmd/plugin-backend.go
--> fdddccb4600b
[linux/amd64] [1/3] STEP 1/8: FROM registry.redhat.io/ubi9/nodejs-22:latest AS web-builder
Trying to pull registry.redhat.io/ubi9/nodejs-22:latest...
Getting image source signatures
Checking if image destination supports signatures
Copying blob sha256:a65b1d5fa71f2275b83830542c74d937ba4151138631910bd375d577f8ceeed8
Copying blob sha256:282d0d24d7fbf867c5fcf0074ef814120603d793df3c6b07803f4fe4f13e8364
Copying blob sha256:7e1f79224b0668cff86172f85305621504ef2f1a15768b9ed272ea1f1a0e4e4d
Copying config sha256:0ccc4acadf8fe652aee3bd1e9b848aa1ddb72cc4db9269dc719a72a71892e157
Writing manifest to image destination
Storing signatures
[linux/amd64] [1/3] STEP 2/8: WORKDIR /opt/app-root
--> Using cache 25f952364c18dec697621ccdf03fe10655339de2dbbbf27c4486edb5a1c24341
--> 25f952364c18
[linux/amd64] [1/3] STEP 3/8: USER 0
--> Using cache 7b8705aab315b50a437e2e7c2f502baa54d72938a85870d51e91af51dabda800
--> 7b8705aab315
[linux/amd64] [1/3] STEP 4/8: COPY web/package*.json web/
--> Using cache 8c3daa4aa60a7e07e2a243317aacd375ad566bd5bbdd27a6057cb02c3419aa84
--> 8c3daa4aa60a
[linux/amd64] [1/3] STEP 5/8: COPY Makefile Makefile
--> Using cache caffff5840abd0b86d9c90a45312affce682422a2bca8b3b3e2b029083f37fac
--> caffff5840ab
[linux/amd64] [1/3] STEP 6/8: RUN make install-frontend-ci-clean
--> Using cache 31e646063024364f59136c60024a719fe5a758c62651f1e49f377828277c5219
--> 31e646063024
[linux/amd64] [1/3] STEP 7/8: COPY web/ web/
--> Using cache 9e9a265fd1c8564ed8cbf530934e148909b77b6c261af954ac7f77b0068e59af
--> 9e9a265fd1c8
[linux/amd64] [1/3] STEP 8/8: RUN make build-frontend
--> Using cache 93cfbfa839cbbbf2c43bbaa8f8acf2311f1e4ec7e2726d4b6dc140de5ba25f67
--> 93cfbfa839cb
[linux/arm64] [3/3] STEP 1/4: FROM registry.access.redhat.com/ubi9/ubi-minimal
[linux/arm64] [3/3] STEP 2/4: COPY --from=web-builder /opt/app-root/web/dist /opt/app-root/web/dist
--> Using cache 3a566cda3990a97b6ed8488a82caca98eb14127294e4c169294414dc25b216a0
--> 3a566cda3990
[linux/arm64] [3/3] STEP 3/4: COPY --from=go-builder /opt/app-root/plugin-backend /opt/app-root
--> Using cache 54ea1cc7199bf2a7de60ecbcfe51e0939a28e90285c8e0099107f220ce2a9be5
--> 54ea1cc7199b
[linux/arm64] [3/3] STEP 4/4: ENTRYPOINT ["/opt/app-root/plugin-backend", "-static-path", "/opt/app-root/web/dist", "-config-path", "/opt/app-root/web/dist"]
--> Using cache 6a606c6e4f456195ea0ae54c01f7a3d996af097897170087791d210ecc1a73bd
--> 6a606c6e4f45
[linux/amd64] [2/3] STEP 1/11: FROM registry.access.redhat.com/ubi9/go-toolset:1.26 AS go-builder
6a606c6e4f456195ea0ae54c01f7a3d996af097897170087791d210ecc1a73bd
Trying to pull registry.access.redhat.com/ubi9/go-toolset:1.26...
Getting image source signatures
Checking if image destination supports signatures
Copying blob sha256:0ec1bd88359812933b0ba0e75439a71d63e9a10034f1bc489df98137109e1e08
Copying blob sha256:a65b1d5fa71f2275b83830542c74d937ba4151138631910bd375d577f8ceeed8
Copying blob sha256:7e1f79224b0668cff86172f85305621504ef2f1a15768b9ed272ea1f1a0e4e4d
Copying blob sha256:81fb8485f71b9b1b67e6a4f55d93267dbaceb0a70c9d7dacee471b3e22139f07
Copying config sha256:9461fa637917224d2441e03a60a9ad427e5c71adf1da9ca8849aea138a2f68db
Writing manifest to image destination
Storing signatures
[linux/amd64] [2/3] STEP 2/11: WORKDIR /opt/app-root
--> Using cache ce0c099c1ac65e60609036a97c69fa61e1feb21a21c11c036b16977d797c2a60
--> ce0c099c1ac6
[linux/amd64] [2/3] STEP 3/11: COPY Makefile Makefile
--> Using cache 702d25d035cc160414faf4e9fa41e09b417cc2af455c2311aee9ce52e9e03442
--> 702d25d035cc
[linux/amd64] [2/3] STEP 4/11: COPY go.mod go.mod
--> 2c10881416be
[linux/amd64] [2/3] STEP 5/11: COPY go.sum go.sum
--> 2955010dc24d
[linux/amd64] [2/3] STEP 6/11: RUN go mod download
--> 6bc3513fc787
[linux/amd64] [2/3] STEP 7/11: COPY cmd/ cmd/
--> 379639491ecb
[linux/amd64] [2/3] STEP 8/11: COPY pkg/ pkg/
--> e6773f4d91b4
[linux/amd64] [2/3] STEP 9/11: ENV GOEXPERIMENT=strictfipsruntime
--> 48e27f3550df
[linux/amd64] [2/3] STEP 10/11: ENV CGO_ENABLED=1
--> d3572e2f7934
[linux/amd64] [2/3] STEP 11/11: RUN make build-backend BUILD_OPTS="-tags strictfipsruntime"
go build -tags strictfipsruntime -o plugin-backend -mod=readonly cmd/plugin-backend.go
--> e8179be097fc
[linux/amd64] [3/3] STEP 1/4: FROM registry.access.redhat.com/ubi9/ubi-minimal
Trying to pull registry.access.redhat.com/ubi9/ubi-minimal:latest...
Getting image source signatures
Checking if image destination supports signatures
Copying blob sha256:8af57f051b373375a1be8f892172089259ad624ed8452291226c539055e60228
Copying config sha256:659f819f47f8e8d2348bd9243d2ef17f39a9cc97ee1964b1cf1f83d428090213
Writing manifest to image destination
Storing signatures
[linux/amd64] [3/3] STEP 2/4: COPY --from=web-builder /opt/app-root/web/dist /opt/app-root/web/dist
--> Using cache 5f4580a16f93c0d8b983a305a9eb9fe3742eab03e47506da258afdd5cbd2048f
--> 5f4580a16f93
[linux/amd64] [3/3] STEP 3/4: COPY --from=go-builder /opt/app-root/plugin-backend /opt/app-root
--> Using cache a06fcfff60bd945c62efe505eb30bac5bbc9fd92d406fa71ae7de437e6b5f357
--> a06fcfff60bd
[linux/amd64] [3/3] STEP 4/4: ENTRYPOINT ["/opt/app-root/plugin-backend", "-static-path", "/opt/app-root/web/dist", "-config-path", "/opt/app-root/web/dist"]
--> Using cache b4813fe13ce8a42daa831570a4aea89d121ba539e506475b43d6ea651187ad88
--> b4813fe13ce8
b4813fe13ce8a42daa831570a4aea89d121ba539e506475b43d6ea651187ad88
podman manifest push quay.io/rh-ee-emurasak/distributed-tracing-console-plugin:v1.0.3
Getting image list signatures
Copying 2 images generated from 2 images in list
Copying image sha256:40ee8c25fcd765f2d7366e99f27e50fc4e40a6f592e74c14bd71f3daa85bc81d (1/2)
Getting image source signatures
Copying blob sha256:434d9d031a838ca410c0173fd7f434495853ac39f4256678ef0f42ca2eed6417
Copying blob sha256:228d3d093b243661f2bbd4be6cc0e4a91af886b882ca37d67a2522d8dc67af93
Copying blob sha256:313ac0dd82ce1d970244659ad4347fd8116d5614af5ae163e99d5adb900fecaa
Copying config sha256:6a606c6e4f456195ea0ae54c01f7a3d996af097897170087791d210ecc1a73bd
Writing manifest to image destination
Copying image sha256:cec7877a47a6467315845fd106aaade723ff443e25bdef53430267502712d8af (2/2)
Getting image source signatures
Copying blob sha256:78498703f0e5c55704b5dc6a7d5599672013a169074313fb9681dde868c53d16
Copying blob sha256:eb31fffb4653a560fe98f0cdf1563599483471410f682eef43f925913573d867
Copying blob sha256:cce12dfa7754f20c982dd29d5e86fcfbe0009a304affdf24cc1885b44c9f8613
Copying config sha256:b4813fe13ce8a42daa831570a4aea89d121ba539e506475b43d6ea651187ad88
Writing manifest to image destination
Writing manifest list to image destination
Storing list signatures
==========================================
Building troubleshooting-panel-console-plugin @ release-coo-ocp-4.19 with VERSION=v0.4.5 ORG=rh-ee-emurasak
==========================================
Switched to branch 'release-coo-ocp-4.19'
Your branch is up to date with 'origin/release-coo-ocp-4.19'.
From https://github.com/openshift/troubleshooting-panel-console-plugin
 * branch            release-coo-ocp-4.19 -> FETCH_HEAD
Already up to date.
--- Attempt 1/3 ---
podman manifest rm quay.io/rh-ee-emurasak/troubleshooting-panel-console-plugin:v0.4.5 || true
Untagged: quay.io/rh-ee-emurasak/troubleshooting-panel-console-plugin:v0.4.5
Deleted: db66c24e070218fdc86b640acaa0b69daa877bb6764ebf3e039b59948be80e62
podman manifest create quay.io/rh-ee-emurasak/troubleshooting-panel-console-plugin:v0.4.5
3ef3f0c46bb6620f41c5da35c677febb4eade6eb31f31ac7e67a403782011997
podman build --platform=linux/arm64,linux/amd64 --manifest quay.io/rh-ee-emurasak/troubleshooting-panel-console-plugin:v0.4.5 -f Dockerfile
[linux/amd64] [1/3] STEP 1/8: FROM registry.access.redhat.com/ubi9/nodejs-22:latest AS web-builder
Trying to pull registry.access.redhat.com/ubi9/nodejs-22:latest...
Getting image source signatures
Checking if image destination supports signatures
Copying blob sha256:282d0d24d7fbf867c5fcf0074ef814120603d793df3c6b07803f4fe4f13e8364
Copying blob sha256:a65b1d5fa71f2275b83830542c74d937ba4151138631910bd375d577f8ceeed8
Copying blob sha256:7e1f79224b0668cff86172f85305621504ef2f1a15768b9ed272ea1f1a0e4e4d
Copying config sha256:0ccc4acadf8fe652aee3bd1e9b848aa1ddb72cc4db9269dc719a72a71892e157
Writing manifest to image destination
Storing signatures
[linux/amd64] [1/3] STEP 2/8: WORKDIR /opt/app-root
--> Using cache 25f952364c18dec697621ccdf03fe10655339de2dbbbf27c4486edb5a1c24341
--> 25f952364c18
[linux/amd64] [1/3] STEP 3/8: USER 0
--> Using cache 7b8705aab315b50a437e2e7c2f502baa54d72938a85870d51e91af51dabda800
--> 7b8705aab315
[linux/amd64] [1/3] STEP 4/8: COPY web/package*.json web/
--> Using cache c06d4374480f22c35d74bda81e139562d9c06b50f1bcc7e11472d226e28b6605
--> c06d4374480f
[linux/amd64] [1/3] STEP 5/8: COPY Makefile Makefile
--> Using cache ec83df97001cd0f26fc6c04ef0d75701186ef7d9c22349ca51f32d3a1b5f27e4
--> ec83df97001c
[linux/amd64] [1/3] STEP 6/8: RUN make install-frontend
--> Using cache 84c7aef9dae810c70cfdd707961cb6b5f3969cac630bf1a5011a970cda2c93a8
--> 84c7aef9dae8
[linux/amd64] [1/3] STEP 7/8: COPY web/ web/
--> Using cache 6b1da14006a26069aecbd6dc5c1f6eb9f9b810abd031726b5c851724eba6eac3
--> 6b1da14006a2
[linux/amd64] [1/3] STEP 8/8: RUN make build-frontend
--> Using cache ee96dee6bd54ecb9c9e3797f53f0d97edb5f99dd679a750b3d4c825e2af5a514
--> ee96dee6bd54
[linux/amd64] [2/3] STEP 1/11: FROM registry.access.redhat.com/ubi9/go-toolset:1.26 AS go-builder
[linux/amd64] [2/3] STEP 2/11: WORKDIR /opt/app-root
--> Using cache ce0c099c1ac65e60609036a97c69fa61e1feb21a21c11c036b16977d797c2a60
--> ce0c099c1ac6
[linux/amd64] [2/3] STEP 3/11: COPY Makefile Makefile
--> 12f282adf582
[linux/amd64] [2/3] STEP 4/11: COPY go.mod go.mod
--> 8af397669f9c
[linux/amd64] [2/3] STEP 5/11: COPY go.sum go.sum
--> b4766acc5458
[linux/amd64] [2/3] STEP 6/11: RUN go mod download
--> 6c76ac6625c3
[linux/amd64] [2/3] STEP 7/11: COPY cmd/ cmd/
--> 059539657f92
[linux/amd64] [2/3] STEP 8/11: COPY pkg/ pkg/
--> e5170f3966fb
[linux/amd64] [2/3] STEP 9/11: ENV GOEXPERIMENT=strictfipsruntime
--> c6dab2f3f0a8
[linux/amd64] [2/3] STEP 10/11: ENV CGO_ENABLED=1
--> e262b64eecf1
[linux/amd64] [2/3] STEP 11/11: RUN make build-backend BUILD_OPTS="-tags strictfipsruntime"
go build -tags strictfipsruntime -o plugin-backend -mod=readonly cmd/plugin-backend.go
--> bc0a1b29fa12
[linux/arm64] [1/3] STEP 1/8: FROM registry.access.redhat.com/ubi9/nodejs-22:latest AS web-builder
Trying to pull registry.access.redhat.com/ubi9/nodejs-22:latest...
Getting image source signatures
Checking if image destination supports signatures
Copying blob sha256:9646992efe070a3bd6c556d5bfd825b8ffbc51f371288f7eb152d2d852939056
Copying blob sha256:f00a3ea30fea862d594c88740f011c234eb0b745138910c83abb92b28517593d
Copying blob sha256:9f54e374b06db8429b62d91af166f6a7caa34095b474b38a6853f75e9501072e
Copying config sha256:404bfb706f719cb0fdb063441e6c5404e5ce5228389a38c0ab4dda7570ece9f6
Writing manifest to image destination
Storing signatures
[linux/arm64] [1/3] STEP 2/8: WORKDIR /opt/app-root
--> Using cache 8d7f4d666d8b2966000dfdbddaf0f201f102b80d182b42918646bca008497d32
--> 8d7f4d666d8b
[linux/arm64] [1/3] STEP 3/8: USER 0
--> Using cache ab40718f6d3d3469511e8bdb5e14133d0b8570fbf01d414c2b0398600f6e9b81
--> ab40718f6d3d
[linux/arm64] [1/3] STEP 4/8: COPY web/package*.json web/
--> Using cache 16e9d8df9d753180794d30e16a0383635b96b8b7e6a148ba62990f748f495d25
--> 16e9d8df9d75
[linux/arm64] [1/3] STEP 5/8: COPY Makefile Makefile
--> Using cache dddc3db87b172e37c39e8d19352c9feec3d12d564759d8cdb618ad3dc7a409c8
--> dddc3db87b17
[linux/arm64] [1/3] STEP 6/8: RUN make install-frontend
--> Using cache 1527203a287b1ef0f00ae4e546d118ebadbea25055db2278caff3812b6ca4801
--> 1527203a287b
[linux/arm64] [1/3] STEP 7/8: COPY web/ web/
--> Using cache 0256c43d92a6e801aebbd96a8898a5f854ee59dbccacb933a25895145e0aa49e
--> 0256c43d92a6
[linux/arm64] [1/3] STEP 8/8: RUN make build-frontend
--> Using cache 136e11d21a25ffd14b9fd5bd2392fb6da43706f5d3496d44ba8321fdd3eb84c7
--> 136e11d21a25
[linux/amd64] [3/3] STEP 1/4: FROM registry.access.redhat.com/ubi9/ubi-minimal
[linux/amd64] [3/3] STEP 2/4: COPY --from=web-builder /opt/app-root/web/dist /opt/app-root/web/dist
--> Using cache 2a7e66118e32c5c08a12b6292e89c6c3e5dcc446a4e3907712e787661d5045d9
--> 2a7e66118e32
[linux/amd64] [3/3] STEP 3/4: COPY --from=go-builder /opt/app-root/plugin-backend /opt/app-root
--> Using cache 76f9e55bee02253aad1e93d86ed0e5e17bf137f37954b7b8b71a8ead00736b69
--> 76f9e55bee02
[linux/amd64] [3/3] STEP 4/4: ENTRYPOINT ["/opt/app-root/plugin-backend", "-static-path", "/opt/app-root/web/dist"]
--> Using cache 6918bcc251525003acb3948c819daa11c0583e8cd74aade6d9f8eeae1b133bb7
--> 6918bcc25152
[linux/arm64] [2/3] STEP 1/11: FROM registry.access.redhat.com/ubi9/go-toolset:1.26 AS go-builder
6918bcc251525003acb3948c819daa11c0583e8cd74aade6d9f8eeae1b133bb7
Trying to pull registry.access.redhat.com/ubi9/go-toolset:1.26...
Getting image source signatures
Checking if image destination supports signatures
Copying blob sha256:7d2f4b5635369ce22bd53c0abd715a3d88bcf3772bbeb64d554a7cf58a23ac22
Copying blob sha256:f00a3ea30fea862d594c88740f011c234eb0b745138910c83abb92b28517593d
Copying blob sha256:9f54e374b06db8429b62d91af166f6a7caa34095b474b38a6853f75e9501072e
Copying blob sha256:8bfc33a51149ff1a53ed0e2c6d2de2fb2ffba75fed1afcb20cbdcccfb29f49eb
Copying config sha256:dc5055708341f2b27d0c7fb9e53460c35e81432d572c9c878e0d399bf169f9b3
Writing manifest to image destination
Storing signatures
[linux/arm64] [2/3] STEP 2/11: WORKDIR /opt/app-root
--> Using cache 376c7299ff8905d639f558aa3bc3f2740a622c4f9c53e2aba639a77fd0c132e1
--> 376c7299ff89
[linux/arm64] [2/3] STEP 3/11: COPY Makefile Makefile
--> 6d9919372f9c
[linux/arm64] [2/3] STEP 4/11: COPY go.mod go.mod
--> 07e04256cf4f
[linux/arm64] [2/3] STEP 5/11: COPY go.sum go.sum
--> d8a3c782517e
[linux/arm64] [2/3] STEP 6/11: RUN go mod download
--> fed3282c80d2
[linux/arm64] [2/3] STEP 7/11: COPY cmd/ cmd/
--> 6b906edc9ae5
[linux/arm64] [2/3] STEP 8/11: COPY pkg/ pkg/
--> 0b8e25e0932e
[linux/arm64] [2/3] STEP 9/11: ENV GOEXPERIMENT=strictfipsruntime
--> 9d7fa4ce763d
[linux/arm64] [2/3] STEP 10/11: ENV CGO_ENABLED=1
--> a4bcdb9bbb11
[linux/arm64] [2/3] STEP 11/11: RUN make build-backend BUILD_OPTS="-tags strictfipsruntime"
go build -tags strictfipsruntime -o plugin-backend -mod=readonly cmd/plugin-backend.go
--> 07c5f7ca039f
[linux/arm64] [3/3] STEP 1/4: FROM registry.access.redhat.com/ubi9/ubi-minimal
Trying to pull registry.access.redhat.com/ubi9/ubi-minimal:latest...
Getting image source signatures
Checking if image destination supports signatures
Copying blob sha256:96c16ad0505847764761c5c4d0a82cd8a619f3e93c57f6a4b081cb9d4d0dd3e7
Copying config sha256:dc66a34eca2d77aebb3d6349e06bbb118c0571f172e297eea776d8aa352899e7
Writing manifest to image destination
Storing signatures
[linux/arm64] [3/3] STEP 2/4: COPY --from=web-builder /opt/app-root/web/dist /opt/app-root/web/dist
--> Using cache 107aefc47012e97e71f5fe520b09efccbeeeaaaa19fdc01a877e8bc007e710fa
--> 107aefc47012
[linux/arm64] [3/3] STEP 3/4: COPY --from=go-builder /opt/app-root/plugin-backend /opt/app-root
--> Using cache f1a03a07fdc3b26fa019fe46a37a5524325898452dc2c0a2075f6c28a3919106
--> f1a03a07fdc3
[linux/arm64] [3/3] STEP 4/4: ENTRYPOINT ["/opt/app-root/plugin-backend", "-static-path", "/opt/app-root/web/dist"]
--> Using cache ada99273b124ffabce372d9b613d1e59f1b3a6f6c913dc5d42c9fe741b533fa5
--> ada99273b124
ada99273b124ffabce372d9b613d1e59f1b3a6f6c913dc5d42c9fe741b533fa5
podman manifest push quay.io/rh-ee-emurasak/troubleshooting-panel-console-plugin:v0.4.5
Getting image list signatures
Copying 2 images generated from 2 images in list
Copying image sha256:5bdfd9028a5eaf12c72c00c2ff370be564ffae5532e9f60a20dcca60bbbddf8f (1/2)
Getting image source signatures
Copying blob sha256:850494a67fa82d9a5d813fe0906da25b44502c89036759b918ce30ecbd6248df
Copying blob sha256:eb31fffb4653a560fe98f0cdf1563599483471410f682eef43f925913573d867
Copying blob sha256:a3a529fa99aad3e13ae540ecf5bab65f0a1c99d33bcf4f5eb648d6fca1b24b40
Copying config sha256:6918bcc251525003acb3948c819daa11c0583e8cd74aade6d9f8eeae1b133bb7
Writing manifest to image destination
Copying image sha256:9178420c3807a87c953ec68dd1f90b90a3323c401097fe6fab5df46e93eb8a51 (2/2)
Getting image source signatures
Copying blob sha256:e087678bfba345ab26c6d1db0a9254d6f6959c7ba3eae0511ae371e3bdcd6435
Copying blob sha256:228d3d093b243661f2bbd4be6cc0e4a91af886b882ca37d67a2522d8dc67af93
Copying blob sha256:6cea63671734bdedab86bfcf72def5de5e069ac29c0c4877781872327f5676d2
Copying config sha256:ada99273b124ffabce372d9b613d1e59f1b3a6f6c913dc5d42c9fe741b533fa5
Writing manifest to image destination
Writing manifest list to image destination
Storing list signatures
==========================================
Building monitoring-plugin @ release-coo-ocp-4.19 with VERSION=v0.5.4 ORG=rh-ee-emurasak
==========================================
Switched to branch 'release-coo-ocp-4.19'
Your branch is up to date with 'origin/release-coo-ocp-4.19'.
From https://github.com/openshift/monitoring-plugin
 * branch            release-coo-ocp-4.19 -> FETCH_HEAD
Already up to date.
--- Attempt 1/3 ---
podman manifest rm quay.io/rh-ee-emurasak/monitoring-console-plugin:v0.5.4 || true
Untagged: quay.io/rh-ee-emurasak/monitoring-console-plugin:v0.5.4
Deleted: 647d7e1877fd23f9b1572d8d86f43b709dc90cf010c9457e500883b9bcf0bff7
podman manifest create quay.io/rh-ee-emurasak/monitoring-console-plugin:v0.5.4
bb937e5b7ad6d037dde6dd115c66910494dd3e037c14522b90fc57e291306f74
podman build --platform linux/arm64,linux/amd64 --manifest quay.io/rh-ee-emurasak/monitoring-console-plugin:v0.5.4 -f Dockerfile.mcp
[linux/amd64] [1/3] STEP 1/13: FROM registry.redhat.io/ubi9/nodejs-22:latest AS web-builder
[linux/amd64] [1/3] STEP 2/13: WORKDIR /opt/app-root
--> Using cache 25f952364c18dec697621ccdf03fe10655339de2dbbbf27c4486edb5a1c24341
--> 25f952364c18
[linux/amd64] [1/3] STEP 3/13: USER 0
--> Using cache 7b8705aab315b50a437e2e7c2f502baa54d72938a85870d51e91af51dabda800
--> 7b8705aab315
[linux/amd64] [1/3] STEP 4/13: ENV HUSKY=0
--> Using cache 480c099274eaede57407f65dab14be61ff11be4c766a88c25c81c8f647d27cc1
--> 480c099274ea
[linux/amd64] [1/3] STEP 5/13: COPY web/package*.json web/
--> Using cache 8929455ade56faf9a2e1aba6fc27652812efb0054c638f44f22a4d5ff05d4521
--> 8929455ade56
[linux/amd64] [1/3] STEP 6/13: COPY Makefile Makefile
--> Using cache b14b57d6af289459486a31068fb4734c78f9826f625a4931272c038d820bda13
--> b14b57d6af28
[linux/amd64] [1/3] STEP 7/13: RUN cd web && npm ci --legacy-peer-deps --ignore-scripts
--> Using cache feb2c7a51e54234ce91b77f3a7eb8712d89b7f6f7c19ae809e5da1d6fc374dd2
--> feb2c7a51e54
[linux/amd64] [1/3] STEP 8/13: COPY web/ web/
--> Using cache c14343b53fc0ae5f1ad3902fc0cb378067c18fdac4e0decece57c4a5a441ba6a
--> c14343b53fc0
[linux/amd64] [1/3] STEP 9/13: COPY config/ config/
--> Using cache 65f5844ed9f9129cb5b899e06963c342028088b091a39e343f67ef835ade5c71
--> 65f5844ed9f9
[linux/amd64] [1/3] STEP 10/13: COPY scripts/update-plugin-name.sh scripts/update-plugin-name.sh
--> Using cache 6a746aa30c943a308c87139856c50196dad86a42c91cec13e4c763d81ae5bfd2
--> 6a746aa30c94
[linux/amd64] [1/3] STEP 11/13: RUN make update-plugin-name
--> Using cache 9e3d54092bde8c028c75a0ba364cd7c24b26402bd52d3bf1f539474a1648bbdc
--> 9e3d54092bde
[linux/amd64] [1/3] STEP 12/13: ENV I18N_NAMESPACE="plugin__monitoring-console-plugin"
--> Using cache ed0a21385e9409743a49a380d59fa0e60523f69e17a175dccc2e676dfef0562a
--> ed0a21385e94
[linux/amd64] [1/3] STEP 13/13: RUN make build-frontend
--> Using cache 2909498e2be3a7faeb369a6f60e68ad0debbcaa8d3055e8ba4a5ff17dd234b04
--> 2909498e2be3
[linux/amd64] [2/3] STEP 1/14: FROM registry.access.redhat.com/ubi9/go-toolset:1.26 AS go-builder
Trying to pull registry.access.redhat.com/ubi9/go-toolset:1.26...
Getting image source signatures
Checking if image destination supports signatures
Copying blob sha256:0ec1bd88359812933b0ba0e75439a71d63e9a10034f1bc489df98137109e1e08
Copying blob sha256:a65b1d5fa71f2275b83830542c74d937ba4151138631910bd375d577f8ceeed8
Copying blob sha256:7e1f79224b0668cff86172f85305621504ef2f1a15768b9ed272ea1f1a0e4e4d
Copying blob sha256:81fb8485f71b9b1b67e6a4f55d93267dbaceb0a70c9d7dacee471b3e22139f07
Copying config sha256:9461fa637917224d2441e03a60a9ad427e5c71adf1da9ca8849aea138a2f68db
Writing manifest to image destination
Storing signatures
[linux/amd64] [2/3] STEP 2/14: WORKDIR /opt/app-root
--> Using cache ce0c099c1ac65e60609036a97c69fa61e1feb21a21c11c036b16977d797c2a60
--> ce0c099c1ac6
[linux/amd64] [2/3] STEP 3/14: COPY Makefile Makefile
--> 86fad214fad6
[linux/amd64] [2/3] STEP 4/14: COPY go.mod go.mod
--> e6870292e15e
[linux/amd64] [2/3] STEP 5/14: COPY go.sum go.sum
--> 113fd35790c6
[linux/amd64] [2/3] STEP 6/14: RUN make install-backend
go mod download
--> dd3f1878cfae
[linux/amd64] [2/3] STEP 7/14: COPY cmd/ cmd/
--> 6767ebeaafa7
[linux/amd64] [2/3] STEP 8/14: COPY pkg/ pkg/
--> 46449f8728d6
[linux/amd64] [2/3] STEP 9/14: ENV GOOS=${TARGETOS:-linux}
--> 30084dc2eb99
[linux/amd64] [2/3] STEP 10/14: ENV GOARCH=${TARGETARCH}
--> 9dc736bdb648
[linux/amd64] [2/3] STEP 11/14: ENV GOEXPERIMENT=strictfipsruntime
--> d1de84d34e8d
[linux/amd64] [2/3] STEP 12/14: ENV GOFLAGS=-mod=readonly
--> a038c1280ed7
[linux/amd64] [2/3] STEP 13/14: ENV CGO_ENABLED=1
--> 6d52c19af43d
[linux/amd64] [2/3] STEP 14/14: RUN make build-backend
go build  -mod=readonly -o plugin-backend cmd/plugin-backend.go
--> 70aa30f1f9dd
[linux/arm64] [1/3] STEP 1/13: FROM registry.redhat.io/ubi9/nodejs-22:latest AS web-builder
Trying to pull registry.redhat.io/ubi9/nodejs-22:latest...
Getting image source signatures
Checking if image destination supports signatures
Copying blob sha256:9646992efe070a3bd6c556d5bfd825b8ffbc51f371288f7eb152d2d852939056
Copying blob sha256:9f54e374b06db8429b62d91af166f6a7caa34095b474b38a6853f75e9501072e
Copying blob sha256:f00a3ea30fea862d594c88740f011c234eb0b745138910c83abb92b28517593d
Copying config sha256:404bfb706f719cb0fdb063441e6c5404e5ce5228389a38c0ab4dda7570ece9f6
Writing manifest to image destination
Storing signatures
[linux/arm64] [1/3] STEP 2/13: WORKDIR /opt/app-root
--> Using cache 8d7f4d666d8b2966000dfdbddaf0f201f102b80d182b42918646bca008497d32
--> 8d7f4d666d8b
[linux/arm64] [1/3] STEP 3/13: USER 0
--> Using cache ab40718f6d3d3469511e8bdb5e14133d0b8570fbf01d414c2b0398600f6e9b81
--> ab40718f6d3d
[linux/arm64] [1/3] STEP 4/13: ENV HUSKY=0
--> Using cache c4956a0743f1e9d016ec7fbcdfa4c2110fa4eb83bdbf78c328ec9d2829e6824c
--> c4956a0743f1
[linux/arm64] [1/3] STEP 5/13: COPY web/package*.json web/
--> Using cache 7a2f953d85b47acfee979da4298b8bfb8dad623259c0fc31a8c8f489775e4824
--> 7a2f953d85b4
[linux/arm64] [1/3] STEP 6/13: COPY Makefile Makefile
--> Using cache 0bf59f36f58f74d42b879499869f376ee7f5975d9f1cf94507a85fc46ce22e33
--> 0bf59f36f58f
[linux/arm64] [1/3] STEP 7/13: RUN cd web && npm ci --legacy-peer-deps --ignore-scripts
--> Using cache a97a82f1b0bb5d2b82d4fda07ebdefb3a316c537a972fc4352831daf4162d75a
--> a97a82f1b0bb
[linux/arm64] [1/3] STEP 8/13: COPY web/ web/
--> Using cache 28cda68f15f7fc84892a1b1af8ada893cff6202b38d4374de7f794089ee5ee2d
--> 28cda68f15f7
[linux/arm64] [1/3] STEP 9/13: COPY config/ config/
--> Using cache 09da8ff8ac8fde1493f715b030a0dc04ad5500a3b07caba3c72b610a28298d0b
--> 09da8ff8ac8f
[linux/arm64] [1/3] STEP 10/13: COPY scripts/update-plugin-name.sh scripts/update-plugin-name.sh
--> Using cache 547c96faeb27cc576711a295e2b4fb3aa503dcff6dad53b83940be589ab05e3b
--> 547c96faeb27
[linux/arm64] [1/3] STEP 11/13: RUN make update-plugin-name
--> Using cache 19a467ad636258fb8503ba8c040925c19dcfb3ce02729b67401e7b085c08704e
--> 19a467ad6362
[linux/arm64] [1/3] STEP 12/13: ENV I18N_NAMESPACE="plugin__monitoring-console-plugin"
--> Using cache b40ad1183eba1653c93e378a2d5eb86145cc75619168b7d9d53df1e4cdd4dec7
--> b40ad1183eba
[linux/arm64] [1/3] STEP 13/13: RUN make build-frontend
--> Using cache c400b83f36f7040383f3af208fe6d64063c7532d89f3c61a6dde582b20fac382
--> c400b83f36f7
[linux/amd64] [3/3] STEP 1/8: FROM registry.access.redhat.com/ubi9/ubi-minimal
Trying to pull registry.access.redhat.com/ubi9/ubi-minimal:latest...
Getting image source signatures
Checking if image destination supports signatures
Copying blob sha256:8af57f051b373375a1be8f892172089259ad624ed8452291226c539055e60228
Copying config sha256:659f819f47f8e8d2348bd9243d2ef17f39a9cc97ee1964b1cf1f83d428090213
Writing manifest to image destination
Storing signatures
[linux/amd64] [3/3] STEP 2/8: RUN mkdir /licenses
--> Using cache d559d744f028170036dccf09cd6cb876b262ddddd4833bd8558dcbba562dabc2
--> d559d744f028
[linux/amd64] [3/3] STEP 3/8: COPY LICENSE /licenses/.
--> Using cache 8f5adf2eb0e8be4be35f481cf2bf9f18639a3a0dfedf16b5aad629cbd7fef3d9
--> 8f5adf2eb0e8
[linux/amd64] [3/3] STEP 4/8: USER 1001
--> Using cache 4c26688bd643e28da1150f24cee03c34dca7b0d50fcfa4237e85c1ff2659f12d
--> 4c26688bd643
[linux/amd64] [3/3] STEP 5/8: COPY --from=web-builder /opt/app-root/web/dist /opt/app-root/web/dist
--> Using cache 1cdb3c087a283a5b9c4fc7dfecafd0b458df9fe91591155464e8beaab256857b
--> 1cdb3c087a28
[linux/amd64] [3/3] STEP 6/8: COPY --from=go-builder /opt/app-root/plugin-backend /opt/app-root
--> Using cache 0106815cd8d14ae3b84d1bc6fd7928e702d7ccb3c0ca8c8debed631c8bf40f00
--> 0106815cd8d1
[linux/amd64] [3/3] STEP 7/8: COPY --from=web-builder /opt/app-root/config /opt/app-root/config
--> Using cache 761a6a32475e3e6fd645f3684b38e264a67ba4b2e1f01f49e809a768f576a734
--> 761a6a32475e
[linux/amd64] [3/3] STEP 8/8: ENTRYPOINT ["/opt/app-root/plugin-backend", "-static-path", "/opt/app-root/web/dist"]
--> Using cache 569c3c3a2356decd1a5a0a032e7f042f50f2ad012d9bba1bfb12921d641c0678
--> 569c3c3a2356
[linux/arm64] [2/3] STEP 1/14: FROM registry.access.redhat.com/ubi9/go-toolset:1.26 AS go-builder
569c3c3a2356decd1a5a0a032e7f042f50f2ad012d9bba1bfb12921d641c0678
Trying to pull registry.access.redhat.com/ubi9/go-toolset:1.26...
Getting image source signatures
Checking if image destination supports signatures
Copying blob sha256:7d2f4b5635369ce22bd53c0abd715a3d88bcf3772bbeb64d554a7cf58a23ac22
Copying blob sha256:f00a3ea30fea862d594c88740f011c234eb0b745138910c83abb92b28517593d
Copying blob sha256:9f54e374b06db8429b62d91af166f6a7caa34095b474b38a6853f75e9501072e
Copying blob sha256:8bfc33a51149ff1a53ed0e2c6d2de2fb2ffba75fed1afcb20cbdcccfb29f49eb
Copying config sha256:dc5055708341f2b27d0c7fb9e53460c35e81432d572c9c878e0d399bf169f9b3
Writing manifest to image destination
Storing signatures
[linux/arm64] [2/3] STEP 2/14: WORKDIR /opt/app-root
--> Using cache 376c7299ff8905d639f558aa3bc3f2740a622c4f9c53e2aba639a77fd0c132e1
--> 376c7299ff89
[linux/arm64] [2/3] STEP 3/14: COPY Makefile Makefile
--> df68d0285e63
[linux/arm64] [2/3] STEP 4/14: COPY go.mod go.mod
--> e9ba76bc2f12
[linux/arm64] [2/3] STEP 5/14: COPY go.sum go.sum
--> 17dc0487bd48
[linux/arm64] [2/3] STEP 6/14: RUN make install-backend
go mod download
--> 06c6e16a83be
[linux/arm64] [2/3] STEP 7/14: COPY cmd/ cmd/
--> 7550cce8ee0c
[linux/arm64] [2/3] STEP 8/14: COPY pkg/ pkg/
--> ef4816e5cd4e
[linux/arm64] [2/3] STEP 9/14: ENV GOOS=${TARGETOS:-linux}
--> b925241a8839
[linux/arm64] [2/3] STEP 10/14: ENV GOARCH=${TARGETARCH}
--> 8a74abf675b3
[linux/arm64] [2/3] STEP 11/14: ENV GOEXPERIMENT=strictfipsruntime
--> 995b8f24200f
[linux/arm64] [2/3] STEP 12/14: ENV GOFLAGS=-mod=readonly
--> 5e9f096782b0
[linux/arm64] [2/3] STEP 13/14: ENV CGO_ENABLED=1
--> ff610fd4610c
[linux/arm64] [2/3] STEP 14/14: RUN make build-backend
go build  -mod=readonly -o plugin-backend cmd/plugin-backend.go
--> 7f5fb2ad5369
[linux/arm64] [3/3] STEP 1/8: FROM registry.access.redhat.com/ubi9/ubi-minimal
Trying to pull registry.access.redhat.com/ubi9/ubi-minimal:latest...
Getting image source signatures
Checking if image destination supports signatures
Copying blob sha256:96c16ad0505847764761c5c4d0a82cd8a619f3e93c57f6a4b081cb9d4d0dd3e7
Copying config sha256:dc66a34eca2d77aebb3d6349e06bbb118c0571f172e297eea776d8aa352899e7
Writing manifest to image destination
Storing signatures
[linux/arm64] [3/3] STEP 2/8: RUN mkdir /licenses
--> Using cache df678ee72b55e8117f4d9b21d6d7c3925b06b3cbb3d65dc9ad500cc4aaa085ed
--> df678ee72b55
[linux/arm64] [3/3] STEP 3/8: COPY LICENSE /licenses/.
--> Using cache e0cca532c7d9aaea96a8b648e325b95fc8bf3faeb8dc11e67b1b370255413242
--> e0cca532c7d9
[linux/arm64] [3/3] STEP 4/8: USER 1001
--> Using cache 9a4e4e9ef14b0e554eb7f7578fbf99e0411548214a1b8ce67361b31aed866748
--> 9a4e4e9ef14b
[linux/arm64] [3/3] STEP 5/8: COPY --from=web-builder /opt/app-root/web/dist /opt/app-root/web/dist
--> Using cache 9eabb3ab146175a7150673361ab5e1cecfff9f222ea1c55d59e858096a4a67c7
--> 9eabb3ab1461
[linux/arm64] [3/3] STEP 6/8: COPY --from=go-builder /opt/app-root/plugin-backend /opt/app-root
--> Using cache 95dbb008bc39f7471fc6f82b6210d491bdec24c81b6a257b3e5c45f4e02ca17c
--> 95dbb008bc39
[linux/arm64] [3/3] STEP 7/8: COPY --from=web-builder /opt/app-root/config /opt/app-root/config
--> Using cache 337ff58442aecc72e3ad819285c0be79604fa9c436b1d21987ff1ae1a78baefa
--> 337ff58442ae
[linux/arm64] [3/3] STEP 8/8: ENTRYPOINT ["/opt/app-root/plugin-backend", "-static-path", "/opt/app-root/web/dist"]
--> Using cache 81b8d48543ac2adcdb0b47c51227f3cbdb8d6bd85f4efdf7b1087322f8f6f5f1
--> 81b8d48543ac
81b8d48543ac2adcdb0b47c51227f3cbdb8d6bd85f4efdf7b1087322f8f6f5f1
podman manifest push quay.io/rh-ee-emurasak/monitoring-console-plugin:v0.5.4
Getting image list signatures
Copying 2 images generated from 2 images in list
Copying image sha256:39d393427e0b22e8b05ab5ccd3ca5bc2c18a7838c4ac9ac765b744d668b50d3e (1/2)
Getting image source signatures
Copying blob sha256:ac298e9f9575bae3364ab4a3505be10bca8efbd01b8023fd3661b18fa015a9ec
Copying blob sha256:6e64393e6aec83a33cdeb3194d60dc8ea40e7dcfa0b9b9b47e6a76fe1cf2919a
Copying blob sha256:eb31fffb4653a560fe98f0cdf1563599483471410f682eef43f925913573d867
Copying blob sha256:52bcfbabcb4b65c05bdea2fd0fca0a5f116460123293269b331c57a35a215ae0
Copying blob sha256:0e9d93dc55fb9ef608c9235786a8d2cd87295ef4ceffb9fff76a94094c5cedae
Copying blob sha256:6b52c83b285b0f51d9fd4039e742d1f5dc83c920daf07e790db27a8ebe90bb50
Copying config sha256:569c3c3a2356decd1a5a0a032e7f042f50f2ad012d9bba1bfb12921d641c0678
Writing manifest to image destination
Copying image sha256:b878877056371d7a04d180a09fa234de282ad61996eb58d7cf4e9fa26789fba1 (2/2)
Getting image source signatures
Copying blob sha256:af81352e94b92d87e663c7632268eba374704e9bdcb2d4f53c7c4ffcfed75584
Copying blob sha256:eb6134be52bbd73ae0aabaad558a3617932f0b4822955d7219e2d9d8afc174f1
Copying blob sha256:228d3d093b243661f2bbd4be6cc0e4a91af886b882ca37d67a2522d8dc67af93
Copying blob sha256:272d910659f7fab70f6131b8ff7714b7c2297b95404b408610bd4bdc937e50e3
Copying blob sha256:1b6e5de6429cbbc104e8c5129dfd550b354325dea6192c6b93364cee401216d4
Copying blob sha256:f14d6ae466e5f641615d5fdb515585b5a60f845628f5228c44033adcedc7ff47
Copying config sha256:81b8d48543ac2adcdb0b47c51227f3cbdb8d6bd85f4efdf7b1087322f8f6f5f1
Writing manifest to image destination
Writing manifest list to image destination
Storing list signatures
==========================================
Building distributed-tracing-console-plugin @ release-coo-ocp-4.22 with VERSION=v1.1.0 ORG=rh-ee-emurasak
==========================================
Switched to branch 'release-coo-ocp-4.22'
Your branch is up to date with 'origin/release-coo-ocp-4.22'.
From https://github.com/openshift/distributed-tracing-console-plugin
 * branch            release-coo-ocp-4.22 -> FETCH_HEAD
Already up to date.
--- Attempt 1/3 ---
podman manifest rm quay.io/rh-ee-emurasak/distributed-tracing-console-plugin:v1.1.0 || true
Untagged: quay.io/rh-ee-emurasak/distributed-tracing-console-plugin:v1.1.0
Deleted: af0add7a01b511656c2a32b4f003949bea780c88dcf0a98967052326614b7ad6
podman manifest create quay.io/rh-ee-emurasak/distributed-tracing-console-plugin:v1.1.0
23d6720568f6d5d67ad8ecbe14f1ba4aa2aeb8268040a56e1dcb705e718ec1b3
podman build --platform=linux/arm64,linux/amd64 --manifest quay.io/rh-ee-emurasak/distributed-tracing-console-plugin:v1.1.0 -f Dockerfile
[linux/amd64] [1/3] STEP 1/8: FROM registry.redhat.io/ubi9/nodejs-22:latest AS web-builder
Trying to pull registry.redhat.io/ubi9/nodejs-22:latest...
Getting image source signatures
Checking if image destination supports signatures
Copying blob sha256:282d0d24d7fbf867c5fcf0074ef814120603d793df3c6b07803f4fe4f13e8364
Copying blob sha256:a65b1d5fa71f2275b83830542c74d937ba4151138631910bd375d577f8ceeed8
Copying blob sha256:7e1f79224b0668cff86172f85305621504ef2f1a15768b9ed272ea1f1a0e4e4d
Copying config sha256:0ccc4acadf8fe652aee3bd1e9b848aa1ddb72cc4db9269dc719a72a71892e157
Writing manifest to image destination
Storing signatures
[linux/amd64] [1/3] STEP 2/8: WORKDIR /opt/app-root
--> Using cache 25f952364c18dec697621ccdf03fe10655339de2dbbbf27c4486edb5a1c24341
--> 25f952364c18
[linux/amd64] [1/3] STEP 3/8: USER 0
--> Using cache 7b8705aab315b50a437e2e7c2f502baa54d72938a85870d51e91af51dabda800
--> 7b8705aab315
[linux/amd64] [1/3] STEP 4/8: COPY web/package*.json web/
--> Using cache e197461b544fc09e255199247320e97e7e7a6d67f5be9d5832b779fe075b2dc4
--> e197461b544f
[linux/amd64] [1/3] STEP 5/8: COPY Makefile Makefile
--> Using cache 045bd8ef6f6fa7a9be6e9d1945c68bbac44292351e35877c710f35e534dfddc7
--> 045bd8ef6f6f
[linux/amd64] [1/3] STEP 6/8: RUN make install-frontend-ci-clean
--> Using cache 69119befa6d56d9c8640feecbb677be99160f2870b30ae4d407fcc269172484a
--> 69119befa6d5
[linux/amd64] [1/3] STEP 7/8: COPY web/ web/
--> Using cache e8fc396c6f848e8b5188b586da241a8fad9521cd62aa03336dec5a3416ab72b7
--> e8fc396c6f84
[linux/amd64] [1/3] STEP 8/8: RUN make build-frontend
--> Using cache 887c67435b59ff5e6cac10cc0149947f9087abfa73b502bdd86e326c5530868c
--> 887c67435b59
[linux/amd64] [2/3] STEP 1/11: FROM registry.access.redhat.com/ubi9/go-toolset:1.26 AS go-builder
Trying to pull registry.access.redhat.com/ubi9/go-toolset:1.26...
Getting image source signatures
Checking if image destination supports signatures
Copying blob sha256:0ec1bd88359812933b0ba0e75439a71d63e9a10034f1bc489df98137109e1e08
Copying blob sha256:a65b1d5fa71f2275b83830542c74d937ba4151138631910bd375d577f8ceeed8
Copying blob sha256:7e1f79224b0668cff86172f85305621504ef2f1a15768b9ed272ea1f1a0e4e4d
Copying blob sha256:81fb8485f71b9b1b67e6a4f55d93267dbaceb0a70c9d7dacee471b3e22139f07
Copying config sha256:9461fa637917224d2441e03a60a9ad427e5c71adf1da9ca8849aea138a2f68db
Writing manifest to image destination
Storing signatures
[linux/amd64] [2/3] STEP 2/11: WORKDIR /opt/app-root
--> Using cache ce0c099c1ac65e60609036a97c69fa61e1feb21a21c11c036b16977d797c2a60
--> ce0c099c1ac6
[linux/amd64] [2/3] STEP 3/11: COPY Makefile Makefile
--> Using cache 702d25d035cc160414faf4e9fa41e09b417cc2af455c2311aee9ce52e9e03442
--> 702d25d035cc
[linux/amd64] [2/3] STEP 4/11: COPY go.mod go.mod
--> Using cache 872fb79e49309020d492aae44ba962034ce2edba69b868401896df6403a044fb
--> 872fb79e4930
[linux/amd64] [2/3] STEP 5/11: COPY go.sum go.sum
--> Using cache 5386d8bb83b5a7f738a56cc97d43859d5228ee59734c774ff4c1bdcc3c34d122
--> 5386d8bb83b5
[linux/amd64] [2/3] STEP 6/11: RUN go mod download
--> Using cache 034eacda5ec7eb5edb16a93f7eacf48f57e1485e76014ff95eac1061eb8e549f
--> 034eacda5ec7
[linux/amd64] [2/3] STEP 7/11: COPY cmd/ cmd/
--> Using cache 76ba77806187c18658b269b2869c05b94f16bd560a24de578a76b077964d9517
--> 76ba77806187
[linux/amd64] [2/3] STEP 8/11: COPY pkg/ pkg/
--> Using cache f33e20ece8049b2054d828393b221d22afea6fd5b162ed883911a7923c7ae44f
--> f33e20ece804
[linux/amd64] [2/3] STEP 9/11: ENV GOEXPERIMENT=strictfipsruntime
--> Using cache 93cfbbb7cc27ca78d428514662ac9e99541dbd8643d0120f711cf55916384c0c
--> 93cfbbb7cc27
[linux/amd64] [2/3] STEP 10/11: ENV CGO_ENABLED=1
--> Using cache cb56f36eb474c047a44e68533a381df633d694288371def5c8839d4ca063c56a
--> cb56f36eb474
[linux/amd64] [2/3] STEP 11/11: RUN make build-backend BUILD_OPTS="-tags strictfipsruntime"
--> Using cache 95b18b500e072fd32e610f4f1091070b4bfe20ea7d2e90db82bd74d893c2dec9
--> 95b18b500e07
[linux/arm64] [1/3] STEP 1/8: FROM registry.redhat.io/ubi9/nodejs-22:latest AS web-builder
Trying to pull registry.redhat.io/ubi9/nodejs-22:latest...
Getting image source signatures
Checking if image destination supports signatures
Copying blob sha256:9646992efe070a3bd6c556d5bfd825b8ffbc51f371288f7eb152d2d852939056
Copying blob sha256:f00a3ea30fea862d594c88740f011c234eb0b745138910c83abb92b28517593d
Copying blob sha256:9f54e374b06db8429b62d91af166f6a7caa34095b474b38a6853f75e9501072e
Copying config sha256:404bfb706f719cb0fdb063441e6c5404e5ce5228389a38c0ab4dda7570ece9f6
Writing manifest to image destination
Storing signatures
[linux/arm64] [1/3] STEP 2/8: WORKDIR /opt/app-root
--> Using cache 8d7f4d666d8b2966000dfdbddaf0f201f102b80d182b42918646bca008497d32
--> 8d7f4d666d8b
[linux/arm64] [1/3] STEP 3/8: USER 0
--> Using cache ab40718f6d3d3469511e8bdb5e14133d0b8570fbf01d414c2b0398600f6e9b81
--> ab40718f6d3d
[linux/arm64] [1/3] STEP 4/8: COPY web/package*.json web/
--> Using cache 14734f4737e15decfcee7a726211f4536998fcc9a6907582945c76b83187eaa5
--> 14734f4737e1
[linux/arm64] [1/3] STEP 5/8: COPY Makefile Makefile
--> Using cache 412d1a6ce19ffa177d81000c8fbda50f6786d0cc9e8285550e0c801290983cab
--> 412d1a6ce19f
[linux/arm64] [1/3] STEP 6/8: RUN make install-frontend-ci-clean
--> Using cache 48c0c3aee16b0ba59766ec2bf4c31548e5c2269b10918cfd2f8942bf18226db1
--> 48c0c3aee16b
[linux/arm64] [1/3] STEP 7/8: COPY web/ web/
--> Using cache 47d7f29becaaa9f1469efd2e6c7c40133160b695d5d0d047774a293131475a65
--> 47d7f29becaa
[linux/arm64] [1/3] STEP 8/8: RUN make build-frontend
--> Using cache 20f9f795b00e5d8595f54e38d3bbb53df6963b4c0daf2b7a79ed19f2804b0c4e
--> 20f9f795b00e
[linux/amd64] [3/3] STEP 1/4: FROM registry.access.redhat.com/ubi9/ubi-minimal
Trying to pull registry.access.redhat.com/ubi9/ubi-minimal:latest...
Getting image source signatures
Checking if image destination supports signatures
Copying blob sha256:8af57f051b373375a1be8f892172089259ad624ed8452291226c539055e60228
Copying config sha256:659f819f47f8e8d2348bd9243d2ef17f39a9cc97ee1964b1cf1f83d428090213
Writing manifest to image destination
Storing signatures
[linux/amd64] [3/3] STEP 2/4: COPY --from=web-builder /opt/app-root/web/dist /opt/app-root/web/dist
--> Using cache b8351ab06fcc05cbbb77969d5ca27960524fec5360e89d94aaab68ba5b66f803
--> b8351ab06fcc
[linux/amd64] [3/3] STEP 3/4: COPY --from=go-builder /opt/app-root/plugin-backend /opt/app-root
--> Using cache 8c3bb711ebf546d9f67b624493105a01b9fc6490eb47daf0fbb5a9a4071289ee
--> 8c3bb711ebf5
[linux/amd64] [3/3] STEP 4/4: ENTRYPOINT ["/opt/app-root/plugin-backend", "-static-path", "/opt/app-root/web/dist", "-config-path", "/opt/app-root/web/dist"]
--> Using cache 50306d66d88b63af4f2fca8faa81e749b1953019e67a21fd95aa8cefae1c53c2
--> 50306d66d88b
[linux/arm64] [2/3] STEP 1/11: FROM registry.access.redhat.com/ubi9/go-toolset:1.26 AS go-builder
50306d66d88b63af4f2fca8faa81e749b1953019e67a21fd95aa8cefae1c53c2
Trying to pull registry.access.redhat.com/ubi9/go-toolset:1.26...
Getting image source signatures
Checking if image destination supports signatures
Copying blob sha256:7d2f4b5635369ce22bd53c0abd715a3d88bcf3772bbeb64d554a7cf58a23ac22
Copying blob sha256:f00a3ea30fea862d594c88740f011c234eb0b745138910c83abb92b28517593d
Copying blob sha256:9f54e374b06db8429b62d91af166f6a7caa34095b474b38a6853f75e9501072e
Copying blob sha256:8bfc33a51149ff1a53ed0e2c6d2de2fb2ffba75fed1afcb20cbdcccfb29f49eb
Copying config sha256:dc5055708341f2b27d0c7fb9e53460c35e81432d572c9c878e0d399bf169f9b3
Writing manifest to image destination
Storing signatures
[linux/arm64] [2/3] STEP 2/11: WORKDIR /opt/app-root
--> Using cache 376c7299ff8905d639f558aa3bc3f2740a622c4f9c53e2aba639a77fd0c132e1
--> 376c7299ff89
[linux/arm64] [2/3] STEP 3/11: COPY Makefile Makefile
--> Using cache f83f2132f98003aace665ae7aa9b3782f8974a29c968c1a9d7e9207d5d203e8f
--> f83f2132f980
[linux/arm64] [2/3] STEP 4/11: COPY go.mod go.mod
--> Using cache 7d18e0c39f7d4758cc9a4c02f9a212a3b2a048aef617bcbd47abdcceaab5b072
--> 7d18e0c39f7d
[linux/arm64] [2/3] STEP 5/11: COPY go.sum go.sum
--> Using cache 737679e0df3b1f28404090b071443b9e5c7b389d72dae7043546a8f6abfb5ec5
--> 737679e0df3b
[linux/arm64] [2/3] STEP 6/11: RUN go mod download
--> Using cache 4ef2afdf14b146ac1e6323f1c00bdbfd9878a0d3f14fa57ca4edc88334a07eee
--> 4ef2afdf14b1
[linux/arm64] [2/3] STEP 7/11: COPY cmd/ cmd/
--> Using cache 815d7987005d17c6af38fae9bead73cc2ee86c68e71a6d0c0777e986ad285e5f
--> 815d7987005d
[linux/arm64] [2/3] STEP 8/11: COPY pkg/ pkg/
--> Using cache 5e69abde205bf50fdd79652cbce32b0abb2e5302247aefa592ffacdc75c86dc3
--> 5e69abde205b
[linux/arm64] [2/3] STEP 9/11: ENV GOEXPERIMENT=strictfipsruntime
--> Using cache 69fc3cec9f0c6be575a18586c2e22bd854b41d1583ec0bc18af43f4a2f836aae
--> 69fc3cec9f0c
[linux/arm64] [2/3] STEP 10/11: ENV CGO_ENABLED=1
--> Using cache 7159d40b83853b79fbecd575515a5be660aed48195649ab294356814db61a819
--> 7159d40b8385
[linux/arm64] [2/3] STEP 11/11: RUN make build-backend BUILD_OPTS="-tags strictfipsruntime"
--> Using cache fbc94e44ab26c5dc0604539279899303ee1245de7998afedf18d61f7d751a3e1
--> fbc94e44ab26
[linux/arm64] [3/3] STEP 1/4: FROM registry.access.redhat.com/ubi9/ubi-minimal
Trying to pull registry.access.redhat.com/ubi9/ubi-minimal:latest...
Getting image source signatures
Checking if image destination supports signatures
Copying blob sha256:96c16ad0505847764761c5c4d0a82cd8a619f3e93c57f6a4b081cb9d4d0dd3e7
Copying config sha256:dc66a34eca2d77aebb3d6349e06bbb118c0571f172e297eea776d8aa352899e7
Writing manifest to image destination
Storing signatures
[linux/arm64] [3/3] STEP 2/4: COPY --from=web-builder /opt/app-root/web/dist /opt/app-root/web/dist
--> Using cache 1a6223d87dceeb649945cf31a07b4b0cfef88a9033032f4e580c0ec684722c70
--> 1a6223d87dce
[linux/arm64] [3/3] STEP 3/4: COPY --from=go-builder /opt/app-root/plugin-backend /opt/app-root
--> Using cache 71c8a06bbd2a0804b46b4a2b095823d58e24b8aa30a23ae286071cd391065e2c
--> 71c8a06bbd2a
[linux/arm64] [3/3] STEP 4/4: ENTRYPOINT ["/opt/app-root/plugin-backend", "-static-path", "/opt/app-root/web/dist", "-config-path", "/opt/app-root/web/dist"]
--> Using cache dd4a9ba9dce22d0fe9deb3550fda225c72adc82193ae65a8e8a95e7a6067e735
--> dd4a9ba9dce2
dd4a9ba9dce22d0fe9deb3550fda225c72adc82193ae65a8e8a95e7a6067e735
podman manifest push quay.io/rh-ee-emurasak/distributed-tracing-console-plugin:v1.1.0
Getting image list signatures
Copying 2 images generated from 2 images in list
Copying image sha256:f4bfae8825b1a49a6886ff547944e2bb47cf6cc24930a04aee8e32b6a7262a91 (1/2)
Getting image source signatures
Copying blob sha256:1c0dc3d8c2ef999c5318c969e8b468826d381d0f01516dbbc8040ebe54df1185
Copying blob sha256:eb31fffb4653a560fe98f0cdf1563599483471410f682eef43f925913573d867
Copying blob sha256:bca80227b12788ea76036eaa83a6d1756ac1ef86eb22a11497b81bfa808d4a24
Copying config sha256:50306d66d88b63af4f2fca8faa81e749b1953019e67a21fd95aa8cefae1c53c2
Writing manifest to image destination
Copying image sha256:0e2967c3b1f685bb50b921b2dc5e4797e4d7f61ecdd8a5436eceef203e69549a (2/2)
Getting image source signatures
Copying blob sha256:58cfc98343864a59a359ead5ac8542fe6ccc60ee326aa7dd9d558a469fb219f1
Copying blob sha256:228d3d093b243661f2bbd4be6cc0e4a91af886b882ca37d67a2522d8dc67af93
Copying blob sha256:13cc3db2af3547d85b283bde965043d87e02350a35143484c843e524798b5dbf
Copying config sha256:dd4a9ba9dce22d0fe9deb3550fda225c72adc82193ae65a8e8a95e7a6067e735
Writing manifest to image destination
Writing manifest list to image destination
Storing list signatures
==========================================
Building troubleshooting-panel-console-plugin @ release-coo-ocp-4.22 with VERSION=v1.0.0 ORG=rh-ee-emurasak
==========================================
Switched to branch 'release-coo-ocp-4.22'
Your branch is up to date with 'origin/release-coo-ocp-4.22'.
From https://github.com/openshift/troubleshooting-panel-console-plugin
 * branch            release-coo-ocp-4.22 -> FETCH_HEAD
Already up to date.
--- Attempt 1/3 ---
podman manifest rm quay.io/rh-ee-emurasak/troubleshooting-panel-console-plugin:v1.0.0 || true
Untagged: quay.io/rh-ee-emurasak/troubleshooting-panel-console-plugin:v1.0.0
Deleted: 93b2c68002bae0dde8c6310417064903b23e6cdeef816356217a1240661ec3db
podman manifest create quay.io/rh-ee-emurasak/troubleshooting-panel-console-plugin:v1.0.0
2f041a648ef6643acdb820205c08a6101a8a9bd8adb86317a4a337e3293b52a9
podman build --platform=linux/arm64,linux/amd64 --manifest quay.io/rh-ee-emurasak/troubleshooting-panel-console-plugin:v1.0.0 -f Dockerfile
[linux/amd64] [1/3] STEP 1/8: FROM registry.access.redhat.com/ubi9/nodejs-22:latest AS web-builder
Trying to pull registry.access.redhat.com/ubi9/nodejs-22:latest...
Getting image source signatures
Checking if image destination supports signatures
Copying blob sha256:282d0d24d7fbf867c5fcf0074ef814120603d793df3c6b07803f4fe4f13e8364
Copying blob sha256:a65b1d5fa71f2275b83830542c74d937ba4151138631910bd375d577f8ceeed8
Copying blob sha256:7e1f79224b0668cff86172f85305621504ef2f1a15768b9ed272ea1f1a0e4e4d
Copying config sha256:0ccc4acadf8fe652aee3bd1e9b848aa1ddb72cc4db9269dc719a72a71892e157
Writing manifest to image destination
Storing signatures
[linux/amd64] [1/3] STEP 2/8: WORKDIR /opt/app-root
--> Using cache 25f952364c18dec697621ccdf03fe10655339de2dbbbf27c4486edb5a1c24341
--> 25f952364c18
[linux/amd64] [1/3] STEP 3/8: USER 0
--> Using cache 7b8705aab315b50a437e2e7c2f502baa54d72938a85870d51e91af51dabda800
--> 7b8705aab315
[linux/amd64] [1/3] STEP 4/8: COPY web/package*.json web/
--> Using cache d2191c9df61bcbf5012f8a0696651a336c61cec62c01dd16b54867e3a276e21b
--> d2191c9df61b
[linux/amd64] [1/3] STEP 5/8: COPY Makefile Makefile
--> Using cache 905e924bf1df8ff8ae477b90983a38b5eeda2876510a3fbd51c14b07557096b4
--> 905e924bf1df
[linux/amd64] [1/3] STEP 6/8: RUN make install-frontend
--> Using cache 10fdf448e0311ebfe578c88ccc6d32df5a07dbd2178d8880ae0befcd0181ebc5
--> 10fdf448e031
[linux/amd64] [1/3] STEP 7/8: COPY web/ web/
--> Using cache a81d4312f2a78b9ea302e20b60451076fe58fbece50c146fe02bd6166cf3f0df
--> a81d4312f2a7
[linux/amd64] [1/3] STEP 8/8: RUN make build-frontend
--> Using cache 2ffe77c91013efa949ebb9b17c6295ee6c2cb041429b8646bbe91d0f752b41b5
--> 2ffe77c91013
[linux/amd64] [2/3] STEP 1/11: FROM registry.access.redhat.com/ubi9/go-toolset:1.26 AS go-builder
Trying to pull registry.access.redhat.com/ubi9/go-toolset:1.26...
Getting image source signatures
Checking if image destination supports signatures
Copying blob sha256:0ec1bd88359812933b0ba0e75439a71d63e9a10034f1bc489df98137109e1e08
Copying blob sha256:a65b1d5fa71f2275b83830542c74d937ba4151138631910bd375d577f8ceeed8
Copying blob sha256:7e1f79224b0668cff86172f85305621504ef2f1a15768b9ed272ea1f1a0e4e4d
Copying blob sha256:81fb8485f71b9b1b67e6a4f55d93267dbaceb0a70c9d7dacee471b3e22139f07
Copying config sha256:9461fa637917224d2441e03a60a9ad427e5c71adf1da9ca8849aea138a2f68db
Writing manifest to image destination
Storing signatures
[linux/amd64] [2/3] STEP 2/11: WORKDIR /opt/app-root
--> Using cache ce0c099c1ac65e60609036a97c69fa61e1feb21a21c11c036b16977d797c2a60
--> ce0c099c1ac6
[linux/amd64] [2/3] STEP 3/11: COPY Makefile Makefile
--> 4c17364ed497
[linux/amd64] [2/3] STEP 4/11: COPY go.mod go.mod
--> 4386e3b6c265
[linux/amd64] [2/3] STEP 5/11: COPY go.sum go.sum
--> e64f5def640b
[linux/amd64] [2/3] STEP 6/11: RUN go mod download
--> ff1eb014e161
[linux/amd64] [2/3] STEP 7/11: COPY cmd/ cmd/
--> 4d71e5da28e4
[linux/amd64] [2/3] STEP 8/11: COPY pkg/ pkg/
--> 0a9b98a98c18
[linux/amd64] [2/3] STEP 9/11: ENV GOEXPERIMENT=strictfipsruntime
--> 9c89b16cca01
[linux/amd64] [2/3] STEP 10/11: ENV CGO_ENABLED=1
--> 4e732026d4e1
[linux/amd64] [2/3] STEP 11/11: RUN make build-backend BUILD_OPTS="-tags strictfipsruntime"
go build -tags strictfipsruntime -o plugin-backend -mod=readonly cmd/plugin-backend.go
--> f67851a6c65e
[linux/arm64] [1/3] STEP 1/8: FROM registry.access.redhat.com/ubi9/nodejs-22:latest AS web-builder
Trying to pull registry.access.redhat.com/ubi9/nodejs-22:latest...
Getting image source signatures
Checking if image destination supports signatures
Copying blob sha256:9646992efe070a3bd6c556d5bfd825b8ffbc51f371288f7eb152d2d852939056
Copying blob sha256:f00a3ea30fea862d594c88740f011c234eb0b745138910c83abb92b28517593d
Copying blob sha256:9f54e374b06db8429b62d91af166f6a7caa34095b474b38a6853f75e9501072e
Copying config sha256:404bfb706f719cb0fdb063441e6c5404e5ce5228389a38c0ab4dda7570ece9f6
Writing manifest to image destination
Storing signatures
[linux/arm64] [1/3] STEP 2/8: WORKDIR /opt/app-root
--> Using cache 8d7f4d666d8b2966000dfdbddaf0f201f102b80d182b42918646bca008497d32
--> 8d7f4d666d8b
[linux/arm64] [1/3] STEP 3/8: USER 0
--> Using cache ab40718f6d3d3469511e8bdb5e14133d0b8570fbf01d414c2b0398600f6e9b81
--> ab40718f6d3d
[linux/arm64] [1/3] STEP 4/8: COPY web/package*.json web/
--> Using cache 8a1ee49d215537dea56fc7142577bc43bbc8511b3dc5ac6559161dad465a360c
--> 8a1ee49d2155
[linux/arm64] [1/3] STEP 5/8: COPY Makefile Makefile
--> Using cache e66e279fc5cadebb8e9bee600d4a2a3bef5f79168f4b7a4c1d91a55c139268f1
--> e66e279fc5ca
[linux/arm64] [1/3] STEP 6/8: RUN make install-frontend
--> Using cache 35b6591c961232098f9537f6a63dce2f86d40fdd634bca1bc0234abdda1ac18b
--> 35b6591c9612
[linux/arm64] [1/3] STEP 7/8: COPY web/ web/
--> Using cache 8cbff0b7bd22438ae1298236c62895d7b94682f5efca0cfe671a368150540ca6
--> 8cbff0b7bd22
[linux/arm64] [1/3] STEP 8/8: RUN make build-frontend
--> Using cache 424b9951e9dcf6fb1f6bbef51e9e3018bad3582086ce6e22a4202a9aa36e39a1
--> 424b9951e9dc
[linux/amd64] [3/3] STEP 1/4: FROM registry.access.redhat.com/ubi9/ubi-minimal
Trying to pull registry.access.redhat.com/ubi9/ubi-minimal:latest...
Getting image source signatures
Checking if image destination supports signatures
Copying blob sha256:8af57f051b373375a1be8f892172089259ad624ed8452291226c539055e60228
Copying config sha256:659f819f47f8e8d2348bd9243d2ef17f39a9cc97ee1964b1cf1f83d428090213
Writing manifest to image destination
Storing signatures
[linux/amd64] [3/3] STEP 2/4: COPY --from=web-builder /opt/app-root/web/dist /opt/app-root/web/dist
--> Using cache 7f0a083470f58d9d4320bea27de20882addec47fd3b79e374dfe6793fad49b91
--> 7f0a083470f5
[linux/amd64] [3/3] STEP 3/4: COPY --from=go-builder /opt/app-root/plugin-backend /opt/app-root
--> Using cache d10d80a680e84dab8c26f92741cfa1962f0e178d3fd8e53519f3fbf2fd12958b
--> d10d80a680e8
[linux/amd64] [3/3] STEP 4/4: ENTRYPOINT ["/opt/app-root/plugin-backend", "-static-path", "/opt/app-root/web/dist"]
--> Using cache a5ec05cc85530f3792eda982f242f78e04ccbb035b26024a407915abee48c37f
--> a5ec05cc8553
[linux/arm64] [2/3] STEP 1/11: FROM registry.access.redhat.com/ubi9/go-toolset:1.26 AS go-builder
a5ec05cc85530f3792eda982f242f78e04ccbb035b26024a407915abee48c37f
Trying to pull registry.access.redhat.com/ubi9/go-toolset:1.26...
Getting image source signatures
Checking if image destination supports signatures
Copying blob sha256:7d2f4b5635369ce22bd53c0abd715a3d88bcf3772bbeb64d554a7cf58a23ac22
Copying blob sha256:9f54e374b06db8429b62d91af166f6a7caa34095b474b38a6853f75e9501072e
Copying blob sha256:8bfc33a51149ff1a53ed0e2c6d2de2fb2ffba75fed1afcb20cbdcccfb29f49eb
Copying blob sha256:f00a3ea30fea862d594c88740f011c234eb0b745138910c83abb92b28517593d
Copying config sha256:dc5055708341f2b27d0c7fb9e53460c35e81432d572c9c878e0d399bf169f9b3
Writing manifest to image destination
Storing signatures
[linux/arm64] [2/3] STEP 2/11: WORKDIR /opt/app-root
--> Using cache 376c7299ff8905d639f558aa3bc3f2740a622c4f9c53e2aba639a77fd0c132e1
--> 376c7299ff89
[linux/arm64] [2/3] STEP 3/11: COPY Makefile Makefile
--> 4b4cc4c41dc6
[linux/arm64] [2/3] STEP 4/11: COPY go.mod go.mod
--> ed9a6046ff12
[linux/arm64] [2/3] STEP 5/11: COPY go.sum go.sum
--> 8f28c9cb4af5
[linux/arm64] [2/3] STEP 6/11: RUN go mod download
--> a662adbc2af7
[linux/arm64] [2/3] STEP 7/11: COPY cmd/ cmd/
--> 223e6ddd14e0
[linux/arm64] [2/3] STEP 8/11: COPY pkg/ pkg/
--> 0188e1a58f5b
[linux/arm64] [2/3] STEP 9/11: ENV GOEXPERIMENT=strictfipsruntime
--> 2d17b960c18c
[linux/arm64] [2/3] STEP 10/11: ENV CGO_ENABLED=1
--> 47f732f113ed
[linux/arm64] [2/3] STEP 11/11: RUN make build-backend BUILD_OPTS="-tags strictfipsruntime"
go build -tags strictfipsruntime -o plugin-backend -mod=readonly cmd/plugin-backend.go
--> 6823dfea27ce
[linux/arm64] [3/3] STEP 1/4: FROM registry.access.redhat.com/ubi9/ubi-minimal
Trying to pull registry.access.redhat.com/ubi9/ubi-minimal:latest...
Getting image source signatures
Checking if image destination supports signatures
Copying blob sha256:96c16ad0505847764761c5c4d0a82cd8a619f3e93c57f6a4b081cb9d4d0dd3e7
Copying config sha256:dc66a34eca2d77aebb3d6349e06bbb118c0571f172e297eea776d8aa352899e7
Writing manifest to image destination
Storing signatures
[linux/arm64] [3/3] STEP 2/4: COPY --from=web-builder /opt/app-root/web/dist /opt/app-root/web/dist
--> Using cache d7b33356bee5d2a29100456e7a38dff268386a52e46c50cc414315e5a9675f44
--> d7b33356bee5
[linux/arm64] [3/3] STEP 3/4: COPY --from=go-builder /opt/app-root/plugin-backend /opt/app-root
--> Using cache 355f08fb627c891e22c3b94d33f9a334ce0c25732f653af6d58c95114517f893
--> 355f08fb627c
[linux/arm64] [3/3] STEP 4/4: ENTRYPOINT ["/opt/app-root/plugin-backend", "-static-path", "/opt/app-root/web/dist"]
--> Using cache 858daad26de38c66fc270630cd1c11e08a6f93305644bb4ca8e1df051d50c7e2
--> 858daad26de3
858daad26de38c66fc270630cd1c11e08a6f93305644bb4ca8e1df051d50c7e2
podman manifest push quay.io/rh-ee-emurasak/troubleshooting-panel-console-plugin:v1.0.0
Getting image list signatures
Copying 2 images generated from 2 images in list
Copying image sha256:2e4ef39b302fa4849da525d40990b280877ea9612a436eaf534198fe037a2006 (1/2)
Getting image source signatures
Copying blob sha256:99451383abfabb702f40eb5f462993ccecbd71f480ea24e05fc3b46d5ebb250a
Copying blob sha256:eb31fffb4653a560fe98f0cdf1563599483471410f682eef43f925913573d867
Copying blob sha256:5b015173bcf3ccdc36dc7f31c621ab6ea71ab1b3063539af7a241a96d2e07a3e
Copying config sha256:a5ec05cc85530f3792eda982f242f78e04ccbb035b26024a407915abee48c37f
Writing manifest to image destination
Copying image sha256:f4ade0f8427c64fd9f1f7fbd9c1fcc20cd2641c8e0f8376d35e36f19092a31bf (2/2)
Getting image source signatures
Copying blob sha256:1b95467578d932bc99a593b4c14988c8daeb041e826959b3c1e3c426de3f0ac8
Copying blob sha256:228d3d093b243661f2bbd4be6cc0e4a91af886b882ca37d67a2522d8dc67af93
Copying blob sha256:99849b76a74d4bf4f833440a0018814b12c5d83fb60fc9d35c47f15dee59dd48
Copying config sha256:858daad26de38c66fc270630cd1c11e08a6f93305644bb4ca8e1df051d50c7e2
Writing manifest to image destination
Writing manifest list to image destination
Storing list signatures
==========================================
Building monitoring-plugin @ release-coo-ocp-4.22 with VERSION=v1.0.0 ORG=rh-ee-emurasak
==========================================
Switched to branch 'release-coo-ocp-4.22'
Your branch is up to date with 'origin/release-coo-ocp-4.22'.
From https://github.com/openshift/monitoring-plugin
 * branch            release-coo-ocp-4.22 -> FETCH_HEAD
Already up to date.
--- Attempt 1/3 ---
podman manifest create -a quay.io/rh-ee-emurasak/monitoring-console-plugin:v1.0.0
693ec3ab612b250e555f09b91fe833ebc82fc06aa4d4d89b46ec27e1536da94c
podman build --platform linux/arm64,linux/amd64 --manifest quay.io/rh-ee-emurasak/monitoring-console-plugin:v1.0.0 -f Dockerfile.mcp
[linux/amd64] [1/3] STEP 1/13: FROM registry.redhat.io/ubi9/nodejs-22:latest AS web-builder
Trying to pull registry.redhat.io/ubi9/nodejs-22:latest...
Getting image source signatures
Checking if image destination supports signatures
Copying blob sha256:282d0d24d7fbf867c5fcf0074ef814120603d793df3c6b07803f4fe4f13e8364
Copying blob sha256:a65b1d5fa71f2275b83830542c74d937ba4151138631910bd375d577f8ceeed8
Copying blob sha256:7e1f79224b0668cff86172f85305621504ef2f1a15768b9ed272ea1f1a0e4e4d
Copying config sha256:0ccc4acadf8fe652aee3bd1e9b848aa1ddb72cc4db9269dc719a72a71892e157
Writing manifest to image destination
Storing signatures
[linux/amd64] [1/3] STEP 2/13: WORKDIR /opt/app-root
--> Using cache 25f952364c18dec697621ccdf03fe10655339de2dbbbf27c4486edb5a1c24341
--> 25f952364c18
[linux/amd64] [1/3] STEP 3/13: USER 0
--> Using cache 7b8705aab315b50a437e2e7c2f502baa54d72938a85870d51e91af51dabda800
--> 7b8705aab315
[linux/amd64] [1/3] STEP 4/13: ENV HUSKY=0
--> Using cache 480c099274eaede57407f65dab14be61ff11be4c766a88c25c81c8f647d27cc1
--> 480c099274ea
[linux/amd64] [1/3] STEP 5/13: COPY web/package*.json web/
--> Using cache ba09319b5ef9c76b9ba7a45ec6c52a23ddb3a2af82542276a117e52baab2f17c
--> ba09319b5ef9
[linux/amd64] [1/3] STEP 6/13: COPY Makefile Makefile
--> Using cache ba79668cace11a504d02c084d2a039c1d2c9f11ea4a74558ca015ddcd7fd0216
--> ba79668cace1
[linux/amd64] [1/3] STEP 7/13: RUN cd web && npm ci --legacy-peer-deps --ignore-scripts
--> Using cache ff7fc626c6712491dcb9fda43316448ce3738d1d12a50aedb3341980e7872395
--> ff7fc626c671
[linux/amd64] [1/3] STEP 8/13: COPY web/ web/
--> Using cache da11f4aac10f6f500fa3bcd9d393131cae75dd2009ebbcdd4fc6f535affd253e
--> da11f4aac10f
[linux/amd64] [1/3] STEP 9/13: COPY config/ config/
--> Using cache 401a972d0351bcd663dec095596d522081ece1569e521bec6b9d3c3a1ccda442
--> 401a972d0351
[linux/amd64] [1/3] STEP 10/13: COPY scripts/update-plugin-name.sh scripts/update-plugin-name.sh
--> Using cache c708312c36e026c2fab92f7c755df1def2566457382d72601700cf5130de2888
--> c708312c36e0
[linux/amd64] [1/3] STEP 11/13: RUN make update-plugin-name
--> Using cache 3ead23b84354580a29aeccf871ace93dbb6287231019ae5f8ff967b255c36f24
--> 3ead23b84354
[linux/amd64] [1/3] STEP 12/13: ENV I18N_NAMESPACE="plugin__monitoring-console-plugin"
--> Using cache 18c60e1ab2e3566f9b32ea6bba18b89bb6eaf0b5336fe179ccda695736aedc3e
--> 18c60e1ab2e3
[linux/amd64] [1/3] STEP 13/13: RUN make build-frontend
--> Using cache 4176277b9eb9bee89a232683c1633051362eae0166010beaabeb6929b625400c
--> 4176277b9eb9
[linux/arm64] [1/3] STEP 1/13: FROM registry.redhat.io/ubi9/nodejs-22:latest AS web-builder
Trying to pull registry.redhat.io/ubi9/nodejs-22:latest...
Getting image source signatures
Checking if image destination supports signatures
Copying blob sha256:f00a3ea30fea862d594c88740f011c234eb0b745138910c83abb92b28517593d
Copying blob sha256:9f54e374b06db8429b62d91af166f6a7caa34095b474b38a6853f75e9501072e
Copying blob sha256:9646992efe070a3bd6c556d5bfd825b8ffbc51f371288f7eb152d2d852939056
Copying config sha256:404bfb706f719cb0fdb063441e6c5404e5ce5228389a38c0ab4dda7570ece9f6
Writing manifest to image destination
Storing signatures
[linux/arm64] [1/3] STEP 2/13: WORKDIR /opt/app-root
--> Using cache 8d7f4d666d8b2966000dfdbddaf0f201f102b80d182b42918646bca008497d32
--> 8d7f4d666d8b
[linux/arm64] [1/3] STEP 3/13: USER 0
--> Using cache ab40718f6d3d3469511e8bdb5e14133d0b8570fbf01d414c2b0398600f6e9b81
--> ab40718f6d3d
[linux/arm64] [1/3] STEP 4/13: ENV HUSKY=0
--> Using cache c4956a0743f1e9d016ec7fbcdfa4c2110fa4eb83bdbf78c328ec9d2829e6824c
--> c4956a0743f1
[linux/arm64] [1/3] STEP 5/13: COPY web/package*.json web/
--> Using cache bf67c9afa97a66da7ecee2220d1480c7e7fdb42789faba8cc6fd65d279695ebf
--> bf67c9afa97a
[linux/arm64] [1/3] STEP 6/13: COPY Makefile Makefile
--> Using cache 3053d114a5f450f7d472e0f001207bb6d2704ac152698d98e9edbe294bc535c7
--> 3053d114a5f4
[linux/arm64] [1/3] STEP 7/13: RUN cd web && npm ci --legacy-peer-deps --ignore-scripts
--> Using cache 90f353f5997371d2b7b49d1e51be35c5f7e33a7cdaffc621cb9880e4c590ef22
--> 90f353f59973
[linux/arm64] [1/3] STEP 8/13: COPY web/ web/
--> Using cache 2de7569268e19d093c29fad140fe7e04a922f5e9c91fc4b1a37f27d8324e6180
--> 2de7569268e1
[linux/arm64] [1/3] STEP 9/13: COPY config/ config/
--> Using cache 2daa04ebfb8a3a687113ac264b523d7bb656e8a803e428be70e63ef7ab6a162d
--> 2daa04ebfb8a
[linux/arm64] [1/3] STEP 10/13: COPY scripts/update-plugin-name.sh scripts/update-plugin-name.sh
--> Using cache 09d5a3388a315a6808d5a0451a108afd01e63b9a9bda03b6007da83db27b5b17
--> 09d5a3388a31
[linux/arm64] [1/3] STEP 11/13: RUN make update-plugin-name
--> Using cache fdf6abfa7b500800ad3c28d0499f1551427e3bae01b450030541d915e6cfb590
--> fdf6abfa7b50
[linux/arm64] [1/3] STEP 12/13: ENV I18N_NAMESPACE="plugin__monitoring-console-plugin"
--> Using cache 001208032d8b2212d680b272431f1e11d65c1f43f058c0b2f16e6af18df110e7
--> 001208032d8b
[linux/arm64] [1/3] STEP 13/13: RUN make build-frontend
--> Using cache a52eaaa2b72ec8adad1bdad86d4539bd1f773c4a8968bdab78ceac10a38a4ed3
--> a52eaaa2b72e
[linux/amd64] [2/3] STEP 1/14: FROM registry.access.redhat.com/ubi9/go-toolset:1.26 AS go-builder
Trying to pull registry.access.redhat.com/ubi9/go-toolset:1.26...
Getting image source signatures
Checking if image destination supports signatures
Copying blob sha256:0ec1bd88359812933b0ba0e75439a71d63e9a10034f1bc489df98137109e1e08
Copying blob sha256:a65b1d5fa71f2275b83830542c74d937ba4151138631910bd375d577f8ceeed8
Copying blob sha256:7e1f79224b0668cff86172f85305621504ef2f1a15768b9ed272ea1f1a0e4e4d
Copying blob sha256:81fb8485f71b9b1b67e6a4f55d93267dbaceb0a70c9d7dacee471b3e22139f07
Copying config sha256:9461fa637917224d2441e03a60a9ad427e5c71adf1da9ca8849aea138a2f68db
Writing manifest to image destination
Storing signatures
[linux/amd64] [2/3] STEP 2/14: WORKDIR /opt/app-root
--> Using cache ce0c099c1ac65e60609036a97c69fa61e1feb21a21c11c036b16977d797c2a60
--> ce0c099c1ac6
[linux/amd64] [2/3] STEP 3/14: COPY Makefile Makefile
--> d359df6a8346
[linux/amd64] [2/3] STEP 4/14: COPY go.mod go.mod
--> 55c87fca621a
[linux/amd64] [2/3] STEP 5/14: COPY go.sum go.sum
--> 0114c7de136a
[linux/amd64] [2/3] STEP 6/14: RUN make install-backend
go mod download
--> 889d4130ab36
[linux/amd64] [2/3] STEP 7/14: COPY cmd/ cmd/
--> 46ab64269c7c
[linux/amd64] [2/3] STEP 8/14: COPY pkg/ pkg/
--> 88ac648eacf0
[linux/amd64] [2/3] STEP 9/14: ENV GOOS=${TARGETOS:-linux}
--> 2a522b20d1c3
[linux/amd64] [2/3] STEP 10/14: ENV GOARCH=${TARGETARCH}
--> 7d52f662acf0
[linux/amd64] [2/3] STEP 11/14: ENV GOEXPERIMENT=strictfipsruntime
--> a21b72c58ce5
[linux/amd64] [2/3] STEP 12/14: ENV GOFLAGS=-mod=readonly
--> 0e5c6aa02e4b
[linux/amd64] [2/3] STEP 13/14: ENV CGO_ENABLED=1
--> 644b10acf6c9
[linux/amd64] [2/3] STEP 14/14: RUN make build-backend
go build  -mod=readonly -o plugin-backend cmd/plugin-backend.go
--> 488830c2bb91
[linux/arm64] [2/3] STEP 1/14: FROM registry.access.redhat.com/ubi9/go-toolset:1.26 AS go-builder
Trying to pull registry.access.redhat.com/ubi9/go-toolset:1.26...
Getting image source signatures
Checking if image destination supports signatures
Copying blob sha256:7d2f4b5635369ce22bd53c0abd715a3d88bcf3772bbeb64d554a7cf58a23ac22
Copying blob sha256:f00a3ea30fea862d594c88740f011c234eb0b745138910c83abb92b28517593d
Copying blob sha256:9f54e374b06db8429b62d91af166f6a7caa34095b474b38a6853f75e9501072e
Copying blob sha256:8bfc33a51149ff1a53ed0e2c6d2de2fb2ffba75fed1afcb20cbdcccfb29f49eb
Copying config sha256:dc5055708341f2b27d0c7fb9e53460c35e81432d572c9c878e0d399bf169f9b3
Writing manifest to image destination
Storing signatures
[linux/arm64] [2/3] STEP 2/14: WORKDIR /opt/app-root
--> Using cache 376c7299ff8905d639f558aa3bc3f2740a622c4f9c53e2aba639a77fd0c132e1
--> 376c7299ff89
[linux/arm64] [2/3] STEP 3/14: COPY Makefile Makefile
--> ed9a4495e3f7
[linux/arm64] [2/3] STEP 4/14: COPY go.mod go.mod
--> 472139b8ab18
[linux/arm64] [2/3] STEP 5/14: COPY go.sum go.sum
--> 50667ebed262
[linux/arm64] [2/3] STEP 6/14: RUN make install-backend
go mod download
--> b179e4b5d23c
[linux/arm64] [2/3] STEP 7/14: COPY cmd/ cmd/
--> 505f2abbb2c4
[linux/arm64] [2/3] STEP 8/14: COPY pkg/ pkg/
--> 5c221fe0eb48
[linux/arm64] [2/3] STEP 9/14: ENV GOOS=${TARGETOS:-linux}
--> 07c37fc76c3f
[linux/arm64] [2/3] STEP 10/14: ENV GOARCH=${TARGETARCH}
--> dc217f30c195
[linux/arm64] [2/3] STEP 11/14: ENV GOEXPERIMENT=strictfipsruntime
--> 26b8dadb9957
[linux/arm64] [2/3] STEP 12/14: ENV GOFLAGS=-mod=readonly
--> b77e78287814
[linux/arm64] [2/3] STEP 13/14: ENV CGO_ENABLED=1
--> 76825a195d72
[linux/arm64] [2/3] STEP 14/14: RUN make build-backend
go build  -mod=readonly -o plugin-backend cmd/plugin-backend.go
--> 9e060913a8ce
[linux/amd64] [3/3] STEP 1/8: FROM registry.access.redhat.com/ubi9/ubi-minimal
Trying to pull registry.access.redhat.com/ubi9/ubi-minimal:latest...
Getting image source signatures
Checking if image destination supports signatures
Copying blob sha256:8af57f051b373375a1be8f892172089259ad624ed8452291226c539055e60228
Copying config sha256:659f819f47f8e8d2348bd9243d2ef17f39a9cc97ee1964b1cf1f83d428090213
Writing manifest to image destination
Storing signatures
[linux/amd64] [3/3] STEP 2/8: RUN mkdir /licenses
--> Using cache d559d744f028170036dccf09cd6cb876b262ddddd4833bd8558dcbba562dabc2
--> d559d744f028
[linux/amd64] [3/3] STEP 3/8: COPY LICENSE /licenses/.
--> Using cache 8f5adf2eb0e8be4be35f481cf2bf9f18639a3a0dfedf16b5aad629cbd7fef3d9
--> 8f5adf2eb0e8
[linux/amd64] [3/3] STEP 4/8: USER 1001
--> Using cache 4c26688bd643e28da1150f24cee03c34dca7b0d50fcfa4237e85c1ff2659f12d
--> 4c26688bd643
[linux/amd64] [3/3] STEP 5/8: COPY --from=web-builder /opt/app-root/web/dist /opt/app-root/web/dist
--> Using cache 9520181c77f389b718bff5ff66e80f7f5497524cd3f7e15daec532f470c7bc0a
--> 9520181c77f3
[linux/amd64] [3/3] STEP 6/8: COPY --from=go-builder /opt/app-root/plugin-backend /opt/app-root
--> Using cache 78dcc4716a7dda56668c6d76b02c62dc2219d4ec2a452280503a0413f707305c
--> 78dcc4716a7d
[linux/amd64] [3/3] STEP 7/8: COPY --from=web-builder /opt/app-root/config /opt/app-root/config
--> Using cache 5e7b467124c46199a8e61245fb8484ae4422c5bf8c4c106124e76570d88fedb5
--> 5e7b467124c4
[linux/amd64] [3/3] STEP 8/8: ENTRYPOINT ["/opt/app-root/plugin-backend", "-static-path", "/opt/app-root/web/dist"]
--> Using cache a47945c059c56cf141f987a70de9beefdcc9647a98d4ff532c50bfaca8afd71e
--> a47945c059c5
[linux/arm64] [3/3] STEP 1/8: FROM registry.access.redhat.com/ubi9/ubi-minimal
Trying to pull registry.access.redhat.com/ubi9/ubi-minimal:latest...
a47945c059c56cf141f987a70de9beefdcc9647a98d4ff532c50bfaca8afd71e
Getting image source signatures
Checking if image destination supports signatures
Copying blob sha256:96c16ad0505847764761c5c4d0a82cd8a619f3e93c57f6a4b081cb9d4d0dd3e7
Copying config sha256:dc66a34eca2d77aebb3d6349e06bbb118c0571f172e297eea776d8aa352899e7
Writing manifest to image destination
Storing signatures
[linux/arm64] [3/3] STEP 2/8: RUN mkdir /licenses
--> Using cache df678ee72b55e8117f4d9b21d6d7c3925b06b3cbb3d65dc9ad500cc4aaa085ed
--> df678ee72b55
[linux/arm64] [3/3] STEP 3/8: COPY LICENSE /licenses/.
--> Using cache e0cca532c7d9aaea96a8b648e325b95fc8bf3faeb8dc11e67b1b370255413242
--> e0cca532c7d9
[linux/arm64] [3/3] STEP 4/8: USER 1001
--> Using cache 9a4e4e9ef14b0e554eb7f7578fbf99e0411548214a1b8ce67361b31aed866748
--> 9a4e4e9ef14b
[linux/arm64] [3/3] STEP 5/8: COPY --from=web-builder /opt/app-root/web/dist /opt/app-root/web/dist
--> Using cache c8a344048c9a0c04a10b66ad4132e3135ffafd3740f72d77640f273bb9ca1398
--> c8a344048c9a
[linux/arm64] [3/3] STEP 6/8: COPY --from=go-builder /opt/app-root/plugin-backend /opt/app-root
--> Using cache 7840c516247f309d2b63c8da2c5488f4fac378e794c2a58c282ff174b69beeee
--> 7840c516247f
[linux/arm64] [3/3] STEP 7/8: COPY --from=web-builder /opt/app-root/config /opt/app-root/config
--> Using cache 5b1e17b02ba32c3fbf7e2b644523cefe2c24922e3badfa43d7759984ac5b764b
--> 5b1e17b02ba3
[linux/arm64] [3/3] STEP 8/8: ENTRYPOINT ["/opt/app-root/plugin-backend", "-static-path", "/opt/app-root/web/dist"]
--> Using cache c554c47610ad68c537c58ea7431e8e5e8af9a0d80330adf3a66e1b722d70dc22
--> c554c47610ad
c554c47610ad68c537c58ea7431e8e5e8af9a0d80330adf3a66e1b722d70dc22
podman manifest push quay.io/rh-ee-emurasak/monitoring-console-plugin:v1.0.0
Getting image list signatures
Copying 2 images generated from 2 images in list
Copying image sha256:d91e4334aabb77db8e400228d194e116264e6aa5cbcbd196f874e16ef7490fe3 (1/2)
Getting image source signatures
Copying blob sha256:736bd155202c6012c69e7b5e26a1068705e7b4db721a0e82dbd2e0c3b74d3958
Copying blob sha256:6e64393e6aec83a33cdeb3194d60dc8ea40e7dcfa0b9b9b47e6a76fe1cf2919a
Copying blob sha256:eb31fffb4653a560fe98f0cdf1563599483471410f682eef43f925913573d867
Copying blob sha256:4463ef47270e9a1c2630e48317a069dd4412b5bd3474937b439b6babdb176755
Copying blob sha256:0e9d93dc55fb9ef608c9235786a8d2cd87295ef4ceffb9fff76a94094c5cedae
Copying blob sha256:60ff38fc45e062808494abe33f98ad8da1d8d3854ccabcba8c4915d865a95a0b
Copying config sha256:a47945c059c56cf141f987a70de9beefdcc9647a98d4ff532c50bfaca8afd71e
Writing manifest to image destination
Copying image sha256:ea91d8ccbcc287e406fbc11e919c9da598fd65ad869f4ddfcdd21ff2c86ccccb (2/2)
Getting image source signatures
Copying blob sha256:7c53bd6b8bbc52cd71f293d2bf2d01052c824fe58226d4c1a3a1136018779059
Copying blob sha256:eb6134be52bbd73ae0aabaad558a3617932f0b4822955d7219e2d9d8afc174f1
Copying blob sha256:228d3d093b243661f2bbd4be6cc0e4a91af886b882ca37d67a2522d8dc67af93
Copying blob sha256:71ebc0e5ee907d4787023989bf32d8386275a70a97292a4cfef505f5daa2b2b2
Copying blob sha256:1b6e5de6429cbbc104e8c5129dfd550b354325dea6192c6b93364cee401216d4
Copying blob sha256:80b662f2aecad8dd5e998524a2906f4b565677d148b5c5a13ff9b4b22de170b8
Copying config sha256:c554c47610ad68c537c58ea7431e8e5e8af9a0d80330adf3a66e1b722d70dc22
Writing manifest to image destination
Writing manifest list to image destination
Storing list signatures
==========================================
Building logging-view-plugin @ release-coo-ocp-4.22 with VERSION=v6.2.1 ORG=rh-ee-emurasak
==========================================
Switched to branch 'release-coo-ocp-4.22'
Your branch is up to date with 'origin/release-coo-ocp-4.22'.
From https://github.com/openshift/logging-view-plugin
 * branch            release-coo-ocp-4.22 -> FETCH_HEAD
Already up to date.
--- Attempt 1/3 ---
Makefile:45: warning: overriding commands for target `test-backend'
Makefile:41: warning: ignoring old commands for target `test-backend'
podman manifest rm quay.io/rh-ee-emurasak/logging-view-plugin:v6.2.1 || true
Untagged: quay.io/rh-ee-emurasak/logging-view-plugin:v6.2.1
Deleted: 95e0f0d70f4ece86f0c1fb81359a01b6f24d0db0972ce6bdafb48414c9a08260
podman manifest create quay.io/rh-ee-emurasak/logging-view-plugin:v6.2.1
2a43a5ae5c1b96e6bf87a81729adda46af9e4936008889bbe44443f6636e6425
podman build --platform linux/arm64,linux/amd64 --manifest quay.io/rh-ee-emurasak/logging-view-plugin:v6.2.1 -f Dockerfile
[linux/amd64] [1/3] STEP 1/9: FROM registry.redhat.io/ubi9/nodejs-22:latest AS web-builder
Trying to pull registry.redhat.io/ubi9/nodejs-22:latest...
Getting image source signatures
Checking if image destination supports signatures
Copying blob sha256:282d0d24d7fbf867c5fcf0074ef814120603d793df3c6b07803f4fe4f13e8364
Copying blob sha256:a65b1d5fa71f2275b83830542c74d937ba4151138631910bd375d577f8ceeed8
Copying blob sha256:7e1f79224b0668cff86172f85305621504ef2f1a15768b9ed272ea1f1a0e4e4d
Copying config sha256:0ccc4acadf8fe652aee3bd1e9b848aa1ddb72cc4db9269dc719a72a71892e157
Writing manifest to image destination
Storing signatures
[linux/amd64] [1/3] STEP 2/9: WORKDIR /opt/app-root
--> Using cache 25f952364c18dec697621ccdf03fe10655339de2dbbbf27c4486edb5a1c24341
--> 25f952364c18
[linux/amd64] [1/3] STEP 3/9: USER 0
--> Using cache 7b8705aab315b50a437e2e7c2f502baa54d72938a85870d51e91af51dabda800
--> 7b8705aab315
[linux/amd64] [1/3] STEP 4/9: ENV HUSKY=0
--> Using cache 480c099274eaede57407f65dab14be61ff11be4c766a88c25c81c8f647d27cc1
--> 480c099274ea
[linux/amd64] [1/3] STEP 5/9: COPY web/package*.json web/
--> Using cache 58c95e06d070ec686880a1a10e495f0998ad2afb9e00834d8302cd4e668b15f2
--> 58c95e06d070
[linux/amd64] [1/3] STEP 6/9: COPY Makefile Makefile
--> Using cache e7ad4c5ddebfaea11f44b6038cd9147f90d1ffaf1937574f818fb1565d1ab194
--> e7ad4c5ddebf
[linux/amd64] [1/3] STEP 7/9: RUN make install-frontend-ci-clean
--> Using cache ec0bba56123301afd5783972ce886bd5035e16359653b626092f2d224c0c85a4
--> ec0bba561233
[linux/amd64] [1/3] STEP 8/9: COPY web/ web/
--> Using cache 1bf0efdabb3257e2522d3dacbd7939f552e3900b0471c77b5cab9596ef113a4e
--> 1bf0efdabb32
[linux/amd64] [1/3] STEP 9/9: RUN make build-frontend
--> Using cache ed154c1b30641e33620be835249fc1fb68c42b676745f1e91b541d47c1025a79
--> ed154c1b3064
[linux/amd64] [2/3] STEP 1/12: FROM registry.access.redhat.com/ubi9/go-toolset:1.26 AS go-builder
Trying to pull registry.access.redhat.com/ubi9/go-toolset:1.26...
Getting image source signatures
Checking if image destination supports signatures
Copying blob sha256:0ec1bd88359812933b0ba0e75439a71d63e9a10034f1bc489df98137109e1e08
Copying blob sha256:81fb8485f71b9b1b67e6a4f55d93267dbaceb0a70c9d7dacee471b3e22139f07
Copying blob sha256:a65b1d5fa71f2275b83830542c74d937ba4151138631910bd375d577f8ceeed8
Copying blob sha256:7e1f79224b0668cff86172f85305621504ef2f1a15768b9ed272ea1f1a0e4e4d
Copying config sha256:9461fa637917224d2441e03a60a9ad427e5c71adf1da9ca8849aea138a2f68db
Writing manifest to image destination
Storing signatures
[linux/amd64] [2/3] STEP 2/12: WORKDIR /opt/app-root
--> Using cache ce0c099c1ac65e60609036a97c69fa61e1feb21a21c11c036b16977d797c2a60
--> ce0c099c1ac6
[linux/amd64] [2/3] STEP 3/12: COPY Makefile Makefile
--> d4bc826d0e60
[linux/amd64] [2/3] STEP 4/12: COPY go.mod go.mod
--> d7cc07dee97b
[linux/amd64] [2/3] STEP 5/12: COPY go.sum go.sum
--> abafdd81e97e
[linux/amd64] [2/3] STEP 6/12: RUN make install-backend
Makefile:45: warning: overriding recipe for target 'test-backend'
Makefile:41: warning: ignoring old recipe for target 'test-backend'
go mod download
--> 7be480fb5c79
[linux/amd64] [2/3] STEP 7/12: COPY config/ config/
--> e58ec67507ed
[linux/amd64] [2/3] STEP 8/12: COPY cmd/ cmd/
--> d8c43d0509b1
[linux/amd64] [2/3] STEP 9/12: COPY pkg/ pkg/
--> a78b7ff0774d
[linux/amd64] [2/3] STEP 10/12: ENV GOEXPERIMENT=strictfipsruntime
--> b7a4befcea97
[linux/amd64] [2/3] STEP 11/12: ENV CGO_ENABLED=1
--> 453f49de6910
[linux/amd64] [2/3] STEP 12/12: RUN make build-backend BUILD_OPTS="-tags strictfipsruntime"
Makefile:45: warning: overriding recipe for target 'test-backend'
Makefile:41: warning: ignoring old recipe for target 'test-backend'
go build -tags strictfipsruntime -mod=readonly -o plugin-backend cmd/plugin-backend.go
--> 7011eac35d08
[linux/arm64] [1/3] STEP 1/9: FROM registry.redhat.io/ubi9/nodejs-22:latest AS web-builder
Trying to pull registry.redhat.io/ubi9/nodejs-22:latest...
Getting image source signatures
Checking if image destination supports signatures
Copying blob sha256:9646992efe070a3bd6c556d5bfd825b8ffbc51f371288f7eb152d2d852939056
Copying blob sha256:f00a3ea30fea862d594c88740f011c234eb0b745138910c83abb92b28517593d
Copying blob sha256:9f54e374b06db8429b62d91af166f6a7caa34095b474b38a6853f75e9501072e
Copying config sha256:404bfb706f719cb0fdb063441e6c5404e5ce5228389a38c0ab4dda7570ece9f6
Writing manifest to image destination
Storing signatures
[linux/arm64] [1/3] STEP 2/9: WORKDIR /opt/app-root
--> Using cache 8d7f4d666d8b2966000dfdbddaf0f201f102b80d182b42918646bca008497d32
--> 8d7f4d666d8b
[linux/arm64] [1/3] STEP 3/9: USER 0
--> Using cache ab40718f6d3d3469511e8bdb5e14133d0b8570fbf01d414c2b0398600f6e9b81
--> ab40718f6d3d
[linux/arm64] [1/3] STEP 4/9: ENV HUSKY=0
--> Using cache c4956a0743f1e9d016ec7fbcdfa4c2110fa4eb83bdbf78c328ec9d2829e6824c
--> c4956a0743f1
[linux/arm64] [1/3] STEP 5/9: COPY web/package*.json web/
--> Using cache 1916f596d7a829c15d4711b5472c6fc762b7acb1e4d91f84d6bb1f1e34e1338b
--> 1916f596d7a8
[linux/arm64] [1/3] STEP 6/9: COPY Makefile Makefile
--> Using cache ee7650ba91bf37a4bfed6cad2da51ee79f11e3531f1a2e7ed338f326a5b85b54
--> ee7650ba91bf
[linux/arm64] [1/3] STEP 7/9: RUN make install-frontend-ci-clean
--> Using cache ffac61afac9da1e9fca4446ddcb430b8562bdb4d33ba3c70845612ddbc70d1c6
--> ffac61afac9d
[linux/arm64] [1/3] STEP 8/9: COPY web/ web/
--> Using cache f05f6c5ed721f708ad5160f0259dafc4ecb9a3abb0d304d2ddc81378d41026d6
--> f05f6c5ed721
[linux/arm64] [1/3] STEP 9/9: RUN make build-frontend
--> Using cache d7458a3222f9a808502a28b3b010eb3591355a68fa7a96623ac02bb1f83cc709
--> d7458a3222f9
[linux/amd64] [3/3] STEP 1/5: FROM registry.access.redhat.com/ubi9/ubi-minimal
Trying to pull registry.access.redhat.com/ubi9/ubi-minimal:latest...
Getting image source signatures
Checking if image destination supports signatures
Copying blob sha256:8af57f051b373375a1be8f892172089259ad624ed8452291226c539055e60228
Copying config sha256:659f819f47f8e8d2348bd9243d2ef17f39a9cc97ee1964b1cf1f83d428090213
Writing manifest to image destination
Storing signatures
[linux/amd64] [3/3] STEP 2/5: COPY --from=web-builder /opt/app-root/web/dist /opt/app-root/web/dist
--> Using cache 86332f3ad5b45b5843f35d10887151dbc34afdbcf56b0bde615881c6d4ba49f8
--> 86332f3ad5b4
[linux/amd64] [3/3] STEP 3/5: COPY --from=go-builder /opt/app-root/plugin-backend /opt/app-root
--> Using cache c373ca4143b4757220253ab84646dd67cc01d617791473c695865bb100a4ac2d
--> c373ca4143b4
[linux/amd64] [3/3] STEP 4/5: COPY --from=go-builder /opt/app-root/config /opt/app-root/config
--> Using cache 45921d67f7dcea7c05632609358b13af0a4e653a785ed0f9c839164e13fb5f79
--> 45921d67f7dc
[linux/amd64] [3/3] STEP 5/5: ENTRYPOINT ["/opt/app-root/plugin-backend", "-config-path", "/opt/app-root/config", "-static-path", "/opt/app-root/web/dist"]
--> Using cache 6b1f8eea98596a5f5f3e0aa398362a1b9fa1bd6de3d95fe7caad36df5cf77a14
--> 6b1f8eea9859
[linux/arm64] [2/3] STEP 1/12: FROM registry.access.redhat.com/ubi9/go-toolset:1.26 AS go-builder
6b1f8eea98596a5f5f3e0aa398362a1b9fa1bd6de3d95fe7caad36df5cf77a14
Trying to pull registry.access.redhat.com/ubi9/go-toolset:1.26...
Getting image source signatures
Checking if image destination supports signatures
Copying blob sha256:7d2f4b5635369ce22bd53c0abd715a3d88bcf3772bbeb64d554a7cf58a23ac22
Copying blob sha256:f00a3ea30fea862d594c88740f011c234eb0b745138910c83abb92b28517593d
Copying blob sha256:9f54e374b06db8429b62d91af166f6a7caa34095b474b38a6853f75e9501072e
Copying blob sha256:8bfc33a51149ff1a53ed0e2c6d2de2fb2ffba75fed1afcb20cbdcccfb29f49eb
Copying config sha256:dc5055708341f2b27d0c7fb9e53460c35e81432d572c9c878e0d399bf169f9b3
Writing manifest to image destination
Storing signatures
[linux/arm64] [2/3] STEP 2/12: WORKDIR /opt/app-root
--> Using cache 376c7299ff8905d639f558aa3bc3f2740a622c4f9c53e2aba639a77fd0c132e1
--> 376c7299ff89
[linux/arm64] [2/3] STEP 3/12: COPY Makefile Makefile
--> ee8ba03422c2
[linux/arm64] [2/3] STEP 4/12: COPY go.mod go.mod
--> d73c1ae49bb1
[linux/arm64] [2/3] STEP 5/12: COPY go.sum go.sum
--> 281734261088
[linux/arm64] [2/3] STEP 6/12: RUN make install-backend
go mod download
Makefile:45: warning: overriding recipe for target 'test-backend'
Makefile:41: warning: ignoring old recipe for target 'test-backend'
--> 16cca3d474c5
[linux/arm64] [2/3] STEP 7/12: COPY config/ config/
--> 23986b6ac79b
[linux/arm64] [2/3] STEP 8/12: COPY cmd/ cmd/
--> 93748509ab2c
[linux/arm64] [2/3] STEP 9/12: COPY pkg/ pkg/
--> 3bd1a39b8b4d
[linux/arm64] [2/3] STEP 10/12: ENV GOEXPERIMENT=strictfipsruntime
--> 56ebc9a491b3
[linux/arm64] [2/3] STEP 11/12: ENV CGO_ENABLED=1
--> 75ebb9847469
[linux/arm64] [2/3] STEP 12/12: RUN make build-backend BUILD_OPTS="-tags strictfipsruntime"
go build -tags strictfipsruntime -mod=readonly -o plugin-backend cmd/plugin-backend.go
Makefile:45: warning: overriding recipe for target 'test-backend'
Makefile:41: warning: ignoring old recipe for target 'test-backend'
--> 179b1d987cf9
[linux/arm64] [3/3] STEP 1/5: FROM registry.access.redhat.com/ubi9/ubi-minimal
Trying to pull registry.access.redhat.com/ubi9/ubi-minimal:latest...
Getting image source signatures
Checking if image destination supports signatures
Copying blob sha256:96c16ad0505847764761c5c4d0a82cd8a619f3e93c57f6a4b081cb9d4d0dd3e7
Copying config sha256:dc66a34eca2d77aebb3d6349e06bbb118c0571f172e297eea776d8aa352899e7
Writing manifest to image destination
Storing signatures
[linux/arm64] [3/3] STEP 2/5: COPY --from=web-builder /opt/app-root/web/dist /opt/app-root/web/dist
--> Using cache cfc98365f426217bbdaf4586db90e304ffc012a02a3efaa41105232433ff03d5
--> cfc98365f426
[linux/arm64] [3/3] STEP 3/5: COPY --from=go-builder /opt/app-root/plugin-backend /opt/app-root
--> Using cache 7b54d15a1b7dae770d2787ea86ef3eab0354839820c4be1231dac1be7d212864
--> 7b54d15a1b7d
[linux/arm64] [3/3] STEP 4/5: COPY --from=go-builder /opt/app-root/config /opt/app-root/config
--> Using cache b29d2eaf5fe752b660c00357e0edf60281e36b2ed9a82cad32125391fab21870
--> b29d2eaf5fe7
[linux/arm64] [3/3] STEP 5/5: ENTRYPOINT ["/opt/app-root/plugin-backend", "-config-path", "/opt/app-root/config", "-static-path", "/opt/app-root/web/dist"]
--> Using cache 88c795cadf3bd531900c503924857e91715cd77e8c61d59f9d1ecfdc49593b41
--> 88c795cadf3b
88c795cadf3bd531900c503924857e91715cd77e8c61d59f9d1ecfdc49593b41
podman manifest push quay.io/rh-ee-emurasak/logging-view-plugin:v6.2.1
Getting image list signatures
Copying 2 images generated from 2 images in list
Copying image sha256:5c73b3b56ca67ca551410d9bef8830f2d63993b22655f65979a77e2d005c1c76 (1/2)
Getting image source signatures
Copying blob sha256:aa01aa90aa329079eeb4101b4ceb683c696ab44cc68d4cf15219a57fba9d1408
Copying blob sha256:eb31fffb4653a560fe98f0cdf1563599483471410f682eef43f925913573d867
Copying blob sha256:773e88e8fb8e8f0380ad29107b1f4c8eb75ab14d74dae5e17fc847729c02a907
Copying blob sha256:7656d1565ef7474371dd5ca5298c3850a67f2cc9bcce16c96bfae2f508326f2a
Copying config sha256:6b1f8eea98596a5f5f3e0aa398362a1b9fa1bd6de3d95fe7caad36df5cf77a14
Writing manifest to image destination
Copying image sha256:4933770e5a36c8dbdcaf4b7e71c529527616a8731e1aaf447b7b815af5703f0a (2/2)
Getting image source signatures
Copying blob sha256:f59d4d341c8789874bdf1f607acf5871a52c29634be8fcdc294945fcb9e2deb1
Copying blob sha256:228d3d093b243661f2bbd4be6cc0e4a91af886b882ca37d67a2522d8dc67af93
Copying blob sha256:0f5317e05a0b7329f9c1d35c9bf7110402f36cf206c683762f9870597efe7086
Copying blob sha256:8950d125a214cc6cb772fc2d968dfc1ccb6afb101891e68cb17b38482767a100
Copying config sha256:88c795cadf3bd531900c503924857e91715cd77e8c61d59f9d1ecfdc49593b41
Writing manifest to image destination
Writing manifest list to image destination
Storing list signatures

==========================================
  BUILD SUMMARY
==========================================
REPO                                          BRANCH                         VERSION    CHECKOUT   PULL       BRANCH     BUILD      ATTEMPTS
----                                          ------                         -------    --------   ----       ------     -----      --------
console-dashboards-plugin                     release-coo-ocp-4.12           v0.4.3     OK         OK         OK         FAILED     3
distributed-tracing-console-plugin            release-coo-ocp-4.12           v0.3.3     OK         OK         OK         SUCCESS    1
logging-view-plugin                           release-coo-ocp-4.12           v6.0.5     OK         OK         OK         FAILED     3
distributed-tracing-console-plugin            release-coo-ocp-4.15           v0.4.3     OK         OK         OK         SUCCESS    1
logging-view-plugin                           release-coo-ocp-4.15           v6.1.6     OK         OK         OK         SUCCESS    1
monitoring-plugin                             release-coo-ocp-4.15           v0.4.5     OK         OK         OK         SUCCESS    1
distributed-tracing-console-plugin            release-coo-ocp-4.19           v1.0.3     OK         OK         OK         SUCCESS    1
troubleshooting-panel-console-plugin          release-coo-ocp-4.19           v0.4.5     OK         OK         OK         SUCCESS    1
monitoring-plugin                             release-coo-ocp-4.19           v0.5.4     OK         OK         OK         SUCCESS    1
distributed-tracing-console-plugin            release-coo-ocp-4.22           v1.1.0     OK         OK         OK         SUCCESS    1
troubleshooting-panel-console-plugin          release-coo-ocp-4.22           v1.0.0     OK         OK         OK         SUCCESS    1
monitoring-plugin                             release-coo-ocp-4.22           v1.0.0     OK         OK         OK         SUCCESS    1
logging-view-plugin                           release-coo-ocp-4.22           v6.2.1     OK         OK         OK         SUCCESS    1
==========================================
Total: 13  |  Succeeded: 11  |  Failed: 2
==========================================
