Logging to /Users/emurasak/workspace/harness/tasks/upstream-images/build-and-push-20260603-201017.log
Fetching all branches for each repo...
  Fetching console-dashboards-plugin...
  Fetching distributed-tracing-console-plugin...
  Fetching logging-view-plugin...
  Fetching monitoring-plugin...
  Fetching troubleshooting-panel-console-plugin...
Fetch complete.
==========================================
Building console-dashboards-plugin @ release-coo-ocp-4.12 with VERSION=v0.4.3 ORG=rh-ee-emurasak
==========================================
Already on 'release-coo-ocp-4.12'
M	Makefile
Your branch is up to date with 'origin/release-coo-ocp-4.12'.
From https://github.com/openshift/console-dashboards-plugin
 * branch            release-coo-ocp-4.12 -> FETCH_HEAD
Already up to date.
--- Attempt 1/3 ---
podman manifest rm quay.io/rh-ee-emurasak/console-dashboards-plugin:v0.4.3 || true
Untagged: quay.io/rh-ee-emurasak/console-dashboards-plugin:v0.4.3
Deleted: 09c63fb2e5568d54304a32f18dda8b65ff904e4809b3db92b5f161e7b7f1a5f6
podman manifest create quay.io/rh-ee-emurasak/console-dashboards-plugin:v0.4.3
2fd0b40d5e7d429c547200aadf774ffeaa35663676e0f4b8708b72d46c5ad61b
podman build --platform=linux/arm64,linux/amd64 --manifest quay.io/rh-ee-emurasak/console-dashboards-plugin:v0.4.3 -f Dockerfile
[linux/arm64] [1/3] STEP 1/8: FROM registry.redhat.io/ubi8/nodejs-18:latest AS web-builder
[linux/arm64] [1/3] STEP 2/8: WORKDIR /opt/app-root
--> Using cache 0126c6bd1784f90825c8e1a0669381d40055569af8d15cae986504068b0e05ec
--> 0126c6bd1784
[linux/arm64] [1/3] STEP 3/8: USER 0
--> Using cache dc009a898acc5b6fd38a3e1a7c36a59693513ad153f00a531311a99fa414fcf5
--> dc009a898acc
[linux/arm64] [1/3] STEP 4/8: COPY web/package*.json web/
--> Using cache f357aed545af0c2bf791f6c98ef27f55b9e6377175bd7f187d78934061c35448
--> f357aed545af
[linux/arm64] [1/3] STEP 5/8: COPY Makefile Makefile
--> Using cache 25d12a31990bde261cb3e0b532df19492188075b03d21b82f2f121291f5624d9
--> 25d12a31990b
[linux/arm64] [1/3] STEP 6/8: RUN make install-frontend-ci-clean
--> Using cache 01d1c5292d0549ece74d04ccd48e7d6844c0584aab30521bb6cd89501f4d7d54
--> 01d1c5292d05
[linux/arm64] [1/3] STEP 7/8: COPY web/ web/
--> Using cache 6aac3c07c7e1e4cee3513b5484157701d70ec657e74c517668735ecfdcf3af70
--> 6aac3c07c7e1
[linux/arm64] [1/3] STEP 8/8: RUN make build-frontend
--> Using cache e3984fdc4a93db34fdd271d2a64d3836d4fce2d73294ff67007b614ac5f832e1
--> e3984fdc4a93
[linux/arm64] [2/3] STEP 1/11: FROM registry.ci.openshift.org/ocp/builder:rhel-8-golang-1.24-openshift-4.20 AS go-builder
[linux/arm64] [2/3] STEP 2/11: WORKDIR /opt/app-root
--> Using cache e46c396598e2e0f460c71044312bbc73b8c9a13533dff1210718b1d6e1e4f967
--> e46c396598e2
[linux/arm64] [2/3] STEP 3/11: COPY Makefile Makefile
--> Using cache 063aabda46b2838e694a87c6b78dcfcd94857bd843f15ba4a1f0a0355715e53a
--> 063aabda46b2
[linux/arm64] [2/3] STEP 4/11: COPY go.mod go.mod
--> Using cache 4992159b0a689806b71f4c650af698cd1a25e8323c855d3262e1206053bc76f8
--> 4992159b0a68
[linux/arm64] [2/3] STEP 5/11: COPY go.sum go.sum
--> Using cache e436d890c906079aeeb7c4eaaa0274cc9b43ebdd18b9fea5eeea03525e742d43
--> e436d890c906
[linux/arm64] [2/3] STEP 6/11: RUN go mod download
--> Using cache 0081a942b8b05c6e48ba078d2202d53efe800d1d3c01eabc396111fb23089a28
--> 0081a942b8b0
[linux/arm64] [2/3] STEP 7/11: COPY cmd/ cmd/
--> Using cache 56f82247b28960a3fa8629855fb41485b5717cd7c4e020f848272a8157a13196
--> 56f82247b289
[linux/arm64] [2/3] STEP 8/11: COPY pkg/ pkg/
--> Using cache d56b01fe0d51826e2e062f74986e50a5898f027187b524a9d7e8d334fc242004
--> d56b01fe0d51
[linux/arm64] [2/3] STEP 9/11: ENV GOEXPERIMENT=strictfipsruntime
--> Using cache 5ddb1bca9b18ee0fb696caec41d5e352149f9a7413c8523e99739369113f9b3c
--> 5ddb1bca9b18
[linux/arm64] [2/3] STEP 10/11: ENV CGO_ENABLED=1
--> Using cache 1f87b2ff38aa988b188e19d1153b9039f1ceabb6a530e7ae1bb5e78e67a44bf9
--> 1f87b2ff38aa
[linux/arm64] [2/3] STEP 11/11: RUN make build-backend BUILD_OPTS="-tags strictfipsruntime"
--> Using cache 072a2557b5283d7f1b8c4ae8f2a66ae7ea574c09d45500615565f93ae8b35ce8
--> 072a2557b528
[linux/amd64] [1/3] STEP 1/8: FROM registry.redhat.io/ubi8/nodejs-18:latest AS web-builder
Trying to pull registry.redhat.io/ubi8/nodejs-18:latest...
Getting image source signatures
Checking if image destination supports signatures
Copying blob sha256:046eb6416170db2ab33e464d04c6f7c0c8c6cc8563597aca8e9fb7736dff00f9
Copying blob sha256:43ddc3bd12b8691687c9f6c273331ca07e3a89b50a619e0db9b040a8a629386d
Copying blob sha256:b610fd6091ba2163b8943d2214e20665977bc8064dc769d47be9ae868e48a301
Copying config sha256:ab55058334c5c32969b838cea2db23ee8c69c1b742006a75c031ed4f1b286bc5
Writing manifest to image destination
Storing signatures
[linux/amd64] [1/3] STEP 2/8: WORKDIR /opt/app-root
--> Using cache 301cea24795501cc39a9ca6b217f16396f00eabb1fe88dab658b495860a1cbda
--> 301cea247955
[linux/amd64] [1/3] STEP 3/8: USER 0
--> Using cache c81fbd578cd0c0c1030a15d103f74790bdd69dcd46084fb2fe768cf22f692140
--> c81fbd578cd0
[linux/amd64] [1/3] STEP 4/8: COPY web/package*.json web/
--> Using cache f37aedd44a6324dfc18935b5cec320d5695f8159c7f6d236632f905af43a58e2
--> f37aedd44a63
[linux/amd64] [1/3] STEP 5/8: COPY Makefile Makefile
--> Using cache 289b8289f5bc348f5c01044169a53de698ae1c7576dfc4a1cbfe08b230d00e6a
--> 289b8289f5bc
[linux/amd64] [1/3] STEP 6/8: RUN make install-frontend-ci-clean
--> Using cache 51686364ab041a85596c3afe304ebf64dc8b996568fe936dc9e493cf1a5df39e
--> 51686364ab04
[linux/amd64] [1/3] STEP 7/8: COPY web/ web/
--> Using cache fbdca2062ae6ec1c978ee0320906e8297195c2369deb75b404e04343ed54ff2c
--> fbdca2062ae6
[linux/amd64] [1/3] STEP 8/8: RUN make build-frontend
--> Using cache 3568954750003bd2e42071c692137d840b4ae401f2417b8ddf0a65a9aaa86b43
--> 356895475000
[linux/arm64] [3/3] STEP 1/4: FROM registry.access.redhat.com/ubi8/ubi
[linux/arm64] [3/3] STEP 2/4: COPY --from=web-builder /opt/app-root/web/dist /opt/app-root/web/dist
--> Using cache 2715e28c5e603d6171e9e2dd0f81788485f30a8cc0f029534e65a06c40bf7c66
--> 2715e28c5e60
[linux/arm64] [3/3] STEP 3/4: COPY --from=go-builder /opt/app-root/plugin-backend /opt/app-root
--> Using cache 568895e9bdeadbfbd837461925accec908963f7d9aded4d035f8b93a6344004b
--> 568895e9bdea
[linux/arm64] [3/3] STEP 4/4: ENTRYPOINT ["/opt/app-root/plugin-backend", "-static-path", "/opt/app-root/web/dist"]
--> Using cache 7196550bcb9695f5aa8d8245c484ae51a05763b383f69dba8d91933bf5763e73
--> 7196550bcb96
[linux/amd64] [2/3] STEP 1/11: FROM registry.ci.openshift.org/ocp/builder:rhel-8-golang-1.24-openshift-4.20 AS go-builder
Trying to pull registry.ci.openshift.org/ocp/builder:rhel-8-golang-1.24-openshift-4.20...
7196550bcb9695f5aa8d8245c484ae51a05763b383f69dba8d91933bf5763e73
Getting image source signatures
Copying blob sha256:ad150792efc16fbb7886da9d9457d93092929426e6a9f11c6e04a563f284eacd
Copying blob sha256:c7965aa7086045a59bdb113a1fb8a19d7ccf7af4133e59af8ecefd39cda8e0b1
Copying blob sha256:32a0db6672d42bc2f63fa6c620bf354f141c2478d6ea69c2363fc3ae82cf9448
Copying config sha256:afb0ed974e4e076b1e05e106cf07c0ea3bffe26a331f278142661a821986210b
Writing manifest to image destination
[linux/amd64] [2/3] STEP 2/11: WORKDIR /opt/app-root
--> cb19625c3513
[linux/amd64] [2/3] STEP 3/11: COPY Makefile Makefile
--> 4606116a8de8
[linux/amd64] [2/3] STEP 4/11: COPY go.mod go.mod
--> c433a27357f1
[linux/amd64] [2/3] STEP 5/11: COPY go.sum go.sum
--> 856d6c34b743
[linux/amd64] [2/3] STEP 6/11: RUN go mod download
SIGSEGV: segmentation violation
PC=0x44424e m=8 sigcode=1 addr=0xffffffff92c78700

goroutine 0 gp=0xc0003021c0 m=8 mp=0xc000300008 [idle]:
runtime.netpoll(0xc00003c000?)
	runtime/netpoll_epoll.go:169 +0x24e fp=0xffff1bffec58 sp=0xffff1bffe5d0 pc=0x44424e
runtime.findRunnable()
	runtime/proc.go:3657 +0x8c5 fp=0xffff1bffedd0 sp=0xffff1bffec58 pc=0x451265
runtime.schedule()
	runtime/proc.go:4072 +0xb1 fp=0xffff1bffee08 sp=0xffff1bffedd0 pc=0x452831
runtime.park_m(0xc000382540)
	runtime/proc.go:4201 +0x285 fp=0xffff1bffee68 sp=0xffff1bffee08 pc=0x452ca5
runtime.mcall()
	runtime/asm_amd64.s:459 +0x4e fp=0xffff1bffee80 sp=0xffff1bffee68 pc=0x48582e

goroutine 1 gp=0xc000004380 m=nil [chan receive]:
runtime.gopark(0xb288c0?, 0x0?, 0x0?, 0x0?, 0xc000294000?)
	runtime/proc.go:435 +0xce fp=0xc000034f68 sp=0xc000034f48 pc=0x47fa2e
runtime.chanrecv(0xc000294000, 0x0, 0x1)
	runtime/chan.go:664 +0x445 fp=0xc000034fe0 sp=0xc000034f68 pc=0x41b1a5
runtime.chanrecv1(0xc0000317e0?, 0x1a?)
	runtime/chan.go:506 +0x12 fp=0xc000035008 sp=0xc000034fe0 pc=0x41ad32
cmd/go/internal/modload.readModGraph({0xffffffffffffff9c?, 0x2?}, 0x0, {0xc000097008?, 0xba321b?, 0x38}, 0x0)
	cmd/go/internal/modload/buildlist.go:435 +0x439 fp=0xc000035580 sp=0xc000035008 pc=0x86d6f9
cmd/go/internal/modload.(*Requirements).Graph.func1()
	cmd/go/internal/modload/buildlist.go:284 +0x3a fp=0xc0000355e8 sp=0xc000035580 pc=0x86d23a
sync.(*Once).doSlow(0x0?, 0xba3219?)
	sync/once.go:78 +0xab fp=0xc000035640 sp=0xc0000355e8 pc=0x491d0b
sync.(*Once).Do(...)
	sync/once.go:69
cmd/go/internal/modload.(*Requirements).Graph(0xc0000f4190, {0xcd0940?, 0x1339ea0?})
	cmd/go/internal/modload/buildlist.go:283 +0x4f fp=0xc000035680 sp=0xc000035640 pc=0x86d1af
cmd/go/internal/modload.expandGraph({0xcd0940, 0x1339ea0}, 0xc0000f4190)
	cmd/go/internal/modload/buildlist.go:608 +0x3e fp=0xc000035708 sp=0xc000035680 pc=0x86eb7e
cmd/go/internal/modload.LoadModGraph({0xcd0940, 0x1339ea0}, {0x0, 0x0})
	cmd/go/internal/modload/buildlist.go:588 +0x8f fp=0xc000035788 sp=0xc000035708 pc=0x86e8af
cmd/go/internal/modcmd.runDownload({0xcd0940, 0x1339ea0}, 0xc000000810?, {0xc000024290, 0x0, 0x0})
	cmd/go/internal/modcmd/download.go:156 +0x245 fp=0xc0000359c8 sp=0xc000035788 pc=0x9be985
main.invoke(0x12c0140, {0xc000024290, 0x1, 0x1})
	cmd/go/main.go:341 +0x845 fp=0xc000035cd0 sp=0xc0000359c8 pc=0xa05b05
main.main()
	cmd/go/main.go:220 +0xe8b fp=0xc000035f50 sp=0xc000035cd0 pc=0xa04c2b
runtime.main()
	runtime/proc.go:283 +0x28b fp=0xc000035fe0 sp=0xc000035f50 pc=0x44ad2b
runtime.goexit({})
	runtime/asm_amd64.s:1700 +0x1 fp=0xc000035fe8 sp=0xc000035fe0 pc=0x487861

goroutine 2 gp=0xc000004e00 m=nil [force gc (idle)]:
runtime.gopark(0x0?, 0x0?, 0x0?, 0x0?, 0x0?)
	runtime/proc.go:435 +0xce fp=0xc00005efa8 sp=0xc00005ef88 pc=0x47fa2e
runtime.goparkunlock(...)
	runtime/proc.go:441
runtime.forcegchelper()
	runtime/proc.go:348 +0xb3 fp=0xc00005efe0 sp=0xc00005efa8 pc=0x44b073
runtime.goexit({})
	runtime/asm_amd64.s:1700 +0x1 fp=0xc00005efe8 sp=0xc00005efe0 pc=0x487861
created by runtime.init.7 in goroutine 1
	runtime/proc.go:336 +0x1a

goroutine 3 gp=0xc0000056c0 m=nil [GC sweep wait]:
runtime.gopark(0x0?, 0x0?, 0x0?, 0x0?, 0x0?)
	runtime/proc.go:435 +0xce fp=0xc00005f780 sp=0xc00005f760 pc=0x47fa2e
runtime.goparkunlock(...)
	runtime/proc.go:441
runtime.bgsweep(0xc000092000)
	runtime/mgcsweep.go:276 +0x94 fp=0xc00005f7c8 sp=0xc00005f780 pc=0x4357b4
runtime.gcenable.gowrap1()
	runtime/mgc.go:204 +0x25 fp=0xc00005f7e0 sp=0xc00005f7c8 pc=0x429c85
runtime.goexit({})
	runtime/asm_amd64.s:1700 +0x1 fp=0xc00005f7e8 sp=0xc00005f7e0 pc=0x487861
created by runtime.gcenable in goroutine 1
	runtime/mgc.go:204 +0x66

goroutine 4 gp=0xc000005880 m=nil [GC scavenge wait]:
runtime.gopark(0xc000092000?, 0xcc3e10?, 0x1?, 0x0?, 0xc000005880?)
	runtime/proc.go:435 +0xce fp=0xc00005ff78 sp=0xc00005ff58 pc=0x47fa2e
runtime.goparkunlock(...)
	runtime/proc.go:441
runtime.(*scavengerState).park(0x1317420)
	runtime/mgcscavenge.go:425 +0x49 fp=0xc00005ffa8 sp=0xc00005ff78 pc=0x433269
runtime.bgscavenge(0xc000092000)
	runtime/mgcscavenge.go:653 +0x3c fp=0xc00005ffc8 sp=0xc00005ffa8 pc=0x4337dc
runtime.gcenable.gowrap2()
	runtime/mgc.go:205 +0x25 fp=0xc00005ffe0 sp=0xc00005ffc8 pc=0x429c25
runtime.goexit({})
	runtime/asm_amd64.s:1700 +0x1 fp=0xc00005ffe8 sp=0xc00005ffe0 pc=0x487861
created by runtime.gcenable in goroutine 1
	runtime/mgc.go:205 +0xa5

goroutine 5 gp=0xc0000aa1c0 m=nil [finalizer wait]:
runtime.gopark(0x1b8?, 0xc000004380?, 0x1?, 0x43?, 0xc00005e688?)
	runtime/proc.go:435 +0xce fp=0xc00005e630 sp=0xc00005e610 pc=0x47fa2e
runtime.runfinq()
	runtime/mfinal.go:196 +0x107 fp=0xc00005e7e0 sp=0xc00005e630 pc=0x428bc7
runtime.goexit({})
	runtime/asm_amd64.s:1700 +0x1 fp=0xc00005e7e8 sp=0xc00005e7e0 pc=0x487861
created by runtime.createfing in goroutine 1
	runtime/mfinal.go:166 +0x3d

goroutine 6 gp=0xc0000aa380 m=nil [chan receive]:
runtime.gopark(0x0?, 0x0?, 0x0?, 0x0?, 0x0?)
	runtime/proc.go:435 +0xce fp=0xc000060718 sp=0xc0000606f8 pc=0x47fa2e
runtime.chanrecv(0xc0000a0150, 0x0, 0x1)
	runtime/chan.go:664 +0x445 fp=0xc000060790 sp=0xc000060718 pc=0x41b1a5
runtime.chanrecv1(0x0?, 0x0?)
	runtime/chan.go:506 +0x12 fp=0xc0000607b8 sp=0xc000060790 pc=0x41ad32
runtime.unique_runtime_registerUniqueMapCleanup.func2(...)
	runtime/mgc.go:1797
runtime.unique_runtime_registerUniqueMapCleanup.gowrap1()
	runtime/mgc.go:1800 +0x2f fp=0xc0000607e0 sp=0xc0000607b8 pc=0x42cdcf
runtime.goexit({})
	runtime/asm_amd64.s:1700 +0x1 fp=0xc0000607e8 sp=0xc0000607e0 pc=0x487861
created by unique.runtime_registerUniqueMapCleanup in goroutine 1
	runtime/mgc.go:1795 +0x79

goroutine 7 gp=0xc0000aa540 m=nil [select]:
runtime.gopark(0xc0003424b0?, 0x2?, 0x52?, 0x14?, 0xc0003423e4?)
	runtime/proc.go:435 +0xce fp=0xc000342270 sp=0xc000342250 pc=0x47fa2e
runtime.selectgo(0xc0003424b0, 0xc0003423e0, 0xa?, 0x0, 0x200000000000000?, 0x1)
	runtime/select.go:351 +0x837 fp=0xc0003423a8 sp=0xc000342270 pc=0x45d597
net/http.(*Transport).getConn(0x12c2960, 0xc0002180f0, {{}, 0x0, {0xc00020e460, 0x5}, {0xc000222018, 0x14}, 0x0})
	net/http/transport.go:1523 +0x4ae fp=0xc000342580 sp=0xc0003423a8 pc=0x7b0b4e
net/http.(*Transport).roundTrip(0x12c2960, 0xc00021c140)
	net/http/transport.go:685 +0xb57 fp=0xc000342778 sp=0xc000342580 pc=0x7ac877
net/http.(*Transport).RoundTrip(0xc000096008?, 0xccade0?)
	net/http/roundtrip.go:30 +0x13 fp=0xc000342798 sp=0xc000342778 pc=0x7bb013
net/http.send(0xc00021c140, {0xccade0, 0x12c2960}, {0x60ac01?, 0x47c46c?, 0x0?})
	net/http/client.go:259 +0x5e2 fp=0xc000342988 sp=0xc000342798 pc=0x777882
net/http.(*Client).send(0xc000025bc0, 0xc00021c140, {0x47c318?, 0x6400000000000001?, 0x0?})
	net/http/client.go:180 +0x91 fp=0xc000342a00 sp=0xc000342988 pc=0x777131
net/http.(*Client).do(0xc000025bc0, 0xc00021c140)
	net/http/client.go:728 +0x989 fp=0xc000342bf0 sp=0xc000342a00 pc=0x779669
net/http.(*Client).Do(...)
	net/http/client.go:587
cmd/go/internal/web.get.func1(0xc000342f88)
	cmd/go/internal/web/http.go:159 +0x3cb fp=0xc000342d68 sp=0xc000342bf0 pc=0x7ce02b
cmd/go/internal/web.get(0x1, 0xc000343050)
	cmd/go/internal/web/http.go:206 +0x482 fp=0xc000343028 sp=0xc000342d68 pc=0x7cd102
cmd/go/internal/web.Get(...)
	cmd/go/internal/web/api.go:186
cmd/go/internal/modfetch.(*proxyRepo).getBody(0xc000218050, {0xba3421?, 0x29?}, {0xc00020c270, 0x29})
	cmd/go/internal/modfetch/proxy.go:282 +0x13f fp=0xc000343118 sp=0xc000343028 pc=0x84257f
cmd/go/internal/modfetch.(*proxyRepo).getBytes(0xc00002c930?, {0xcd0a58?, 0x1339ea0?}, {0xc00020c270?, 0x82d4b4?})
	cmd/go/internal/modfetch/proxy.go:260 +0x5b fp=0xc0003431e0 sp=0xc000343118 pc=0x84213b
cmd/go/internal/modfetch.(*proxyRepo).GoMod(0xc000218050, {0xcd0a58, 0x1339ea0}, {0xc00002c930, 0x22})
	cmd/go/internal/modfetch/proxy.go:412 +0x10d fp=0xc000343248 sp=0xc0003431e0 pc=0x84386d
cmd/go/internal/modfetch.(*cachingRepo).GoMod.func1()
	cmd/go/internal/modfetch/cache.go:318 +0xa5 fp=0xc000343300 sp=0xc000343248 pc=0x82e1e5
cmd/internal/par.(*ErrCache[...]).Do.func1()
	cmd/internal/par/work.go:119 +0x28 fp=0xc000343338 sp=0xc000343300 pc=0x848a88
cmd/internal/par.(*Cache[...]).Do(0xcd54c0, {0xc00002c930, 0x22}, 0xc00011b468)
	cmd/internal/par/work.go:160 +0x156 fp=0xc000343418 sp=0xc000343338 pc=0x848d76
cmd/internal/par.(*ErrCache[...]).Do(0x843fac?, {0xc00002c930?, 0xcd53c0?}, 0xc0000282c0?)
	cmd/internal/par/work.go:118 +0x47 fp=0xc0003434b8 sp=0xc000343418 pc=0x8489a7
cmd/go/internal/modfetch.(*cachingRepo).GoMod(0xcd0a58?, {0xcd0a58?, 0x1339ea0?}, {0xc00002c930, 0x22})
	cmd/go/internal/modfetch/cache.go:311 +0xfa fp=0xc000343548 sp=0xc0003434b8 pc=0x82e05a
cmd/go/internal/modfetch.GoMod.func2({0xc0000282c0?, 0x0?})
	cmd/go/internal/modfetch/cache.go:411 +0x73 fp=0xc0003435a8 sp=0xc000343548 pc=0x82ecf3
cmd/go/internal/modfetch.TryProxies(0xc000343680)
	cmd/go/internal/modfetch/proxy.go:164 +0xaf fp=0xc000343628 sp=0xc0003435a8 pc=0x8417cf
cmd/go/internal/modfetch.GoMod({0xcd0a58, 0x1339ea0}, {0xc00002c900, 0x21}, {0xc00002c930, 0x22})
	cmd/go/internal/modfetch/cache.go:410 +0x258 fp=0xc0003436f8 sp=0xc000343628 pc=0x82ebb8
cmd/go/internal/modload.rawGoModData({{0xc00002c900?, 0x47d499?}, {0xc00002c930?, 0xb58360?}})
	cmd/go/internal/modload/modfile.go:786 +0x15f fp=0xc000343858 sp=0xc0003436f8 pc=0x8a3e3f
cmd/go/internal/modload.rawGoModSummary.func1()
	cmd/go/internal/modload/modfile.go:695 +0x59 fp=0xc0003439c0 sp=0xc000343858 pc=0x8a33b9
cmd/internal/par.(*ErrCache[...]).Do.func1()
	cmd/internal/par/work.go:119 +0x13 fp=0xc0003439d0 sp=0xc0003439c0 pc=0x8b3b33
cmd/internal/par.(*Cache[...]).Do(0xcd5240, {{0xc00002c900, 0x21}, {0xc00002c930, 0x22}}, 0xc00006ea80)
	cmd/internal/par/work.go:160 +0x13c fp=0xc000343a48 sp=0xc0003439d0 pc=0x8b3d7c
cmd/internal/par.(*ErrCache[...]).Do(0x0?, {{0xc00002c900?, 0xc00002c8d0?}, {0xc00002c930?, 0x0?}}, 0xba3f93?)
	cmd/internal/par/work.go:118 +0x45 fp=0xc000343aa8 sp=0xc000343a48 pc=0x8b3ac5
cmd/go/internal/modload.rawGoModSummary({{0xc00002c900?, 0x8?}, {0xc00002c930?, 0x426405?}})
	cmd/go/internal/modload/modfile.go:693 +0x385 fp=0xc000343b58 sp=0xc000343aa8 pc=0x8a3265
cmd/go/internal/modload.goModSummary({{0xc00002c900?, 0x3c?}, {0xc00002c930?, 0xffff485ba328?}})
	cmd/go/internal/modload/modfile.go:602 +0x3ae fp=0xc000343ca8 sp=0xc000343b58 pc=0x8a27ee
cmd/go/internal/modload.readModGraph.func2.1()
	cmd/go/internal/modload/buildlist.go:380 +0x65 fp=0xc000343d48 sp=0xc000343ca8 pc=0x86e345
cmd/internal/par.(*ErrCache[...]).Do.func1()
	cmd/internal/par/work.go:119 +0x13 fp=0xc000343d58 sp=0xc000343d48 pc=0x8b3b33
cmd/internal/par.(*Cache[...]).Do(0xcd5240, {{0xc00002c900, 0x21}, {0xc00002c930, 0x22}}, 0xc00006ee08)
	cmd/internal/par/work.go:160 +0x13c fp=0xc000343dd0 sp=0xc000343d58 pc=0x8b3d7c
cmd/internal/par.(*ErrCache[...]).Do(0x0?, {{0xc00002c900?, 0x0?}, {0xc00002c930?, 0x0?}}, 0x0?)
	cmd/internal/par/work.go:118 +0x45 fp=0xc000343e30 sp=0xc000343dd0 pc=0x8b3ac5
cmd/go/internal/modload.readModGraph.func2({{0xc00002c900?, 0x0?}, {0xc00002c930?, 0x0?}})
	cmd/go/internal/modload/buildlist.go:379 +0x9b fp=0xc000343eb8 sp=0xc000343e30 pc=0x86e29b
cmd/go/internal/modload.readModGraph.func3.1()
	cmd/go/internal/modload/buildlist.go:408 +0x56 fp=0xc000343f60 sp=0xc000343eb8 pc=0x86e0d6
cmd/internal/par.(*Queue).Add.func1()
	cmd/internal/par/queue.go:58 +0x5c fp=0xc000343fe0 sp=0xc000343f60 pc=0x5edd3c
runtime.goexit({})
	runtime/asm_amd64.s:1700 +0x1 fp=0xc000343fe8 sp=0xc000343fe0 pc=0x487861
created by cmd/internal/par.(*Queue).Add in goroutine 1
	cmd/internal/par/queue.go:56 +0x1d3

goroutine 8 gp=0xc0000aa700 m=nil [select]:
runtime.gopark(0xc0004164b0?, 0x2?, 0x52?, 0x14?, 0xc0004163e4?)
	runtime/proc.go:435 +0xce fp=0xc000416270 sp=0xc000416250 pc=0x47fa2e
runtime.selectgo(0xc0004164b0, 0xc0004163e0, 0x14?, 0x0, 0x133b300?, 0x1)
	runtime/select.go:351 +0x837 fp=0xc0004163a8 sp=0xc000416270 pc=0x45d597
net/http.(*Transport).getConn(0x12c2960, 0xc00041e050, {{}, 0x0, {0xc00020e1c0, 0x5}, {0xc00041a018, 0x14}, 0x0})
	net/http/transport.go:1523 +0x4ae fp=0xc000416580 sp=0xc0004163a8 pc=0x7b0b4e
net/http.(*Transport).roundTrip(0x12c2960, 0xc00021c000)
	net/http/transport.go:685 +0xb57 fp=0xc000416778 sp=0xc000416580 pc=0x7ac877
net/http.(*Transport).RoundTrip(0xc000221f80?, 0xccade0?)
	net/http/roundtrip.go:30 +0x13 fp=0xc000416798 sp=0xc000416778 pc=0x7bb013
net/http.send(0xc00021c000, {0xccade0, 0x12c2960}, {0xbaa001?, 0xffff91f11b68?, 0x0?})
	net/http/client.go:259 +0x5e2 fp=0xc000416988 sp=0xc000416798 pc=0x777882
net/http.(*Client).send(0xc000025bc0, 0xc00021c000, {0x12b8214?, 0xc000118a08?, 0x0?})
	net/http/client.go:180 +0x91 fp=0xc000416a00 sp=0xc000416988 pc=0x777131
net/http.(*Client).do(0xc000025bc0, 0xc00021c000)
	net/http/client.go:728 +0x989 fp=0xc000416bf0 sp=0xc000416a00 pc=0x779669
net/http.(*Client).Do(...)
	net/http/client.go:587
cmd/go/internal/web.get.func1(0xc000416f88)
	cmd/go/internal/web/http.go:159 +0x3cb fp=0xc000416d68 sp=0xc000416bf0 pc=0x7ce02b
cmd/go/internal/web.get(0x1, 0xc000417050)
	cmd/go/internal/web/http.go:206 +0x482 fp=0xc000417028 sp=0xc000416d68 pc=0x7cd102
cmd/go/internal/web.Get(...)
	cmd/go/internal/web/api.go:186
cmd/go/internal/modfetch.(*proxyRepo).getBody(0xc000218000, {0xba3421?, 0x2b?}, {0xc00020c090, 0x2b})
	cmd/go/internal/modfetch/proxy.go:282 +0x13f fp=0xc000417118 sp=0xc000417028 pc=0x84257f
cmd/go/internal/modfetch.(*proxyRepo).getBytes(0xc00002c990?, {0xcd0a58?, 0x1339ea0?}, {0xc00020c090?, 0x82d4b4?})
	cmd/go/internal/modfetch/proxy.go:260 +0x5b fp=0xc0004171e0 sp=0xc000417118 pc=0x84213b
cmd/go/internal/modfetch.(*proxyRepo).GoMod(0xc000218000, {0xcd0a58, 0x1339ea0}, {0xc00002c990, 0x24})
	cmd/go/internal/modfetch/proxy.go:412 +0x10d fp=0xc000417248 sp=0xc0004171e0 pc=0x84386d
cmd/go/internal/modfetch.(*cachingRepo).GoMod.func1()
	cmd/go/internal/modfetch/cache.go:318 +0xa5 fp=0xc000417300 sp=0xc000417248 pc=0x82e1e5
cmd/internal/par.(*ErrCache[...]).Do.func1()
	cmd/internal/par/work.go:119 +0x28 fp=0xc000417338 sp=0xc000417300 pc=0x848a88
cmd/internal/par.(*Cache[...]).Do(0xcd54c0, {0xc00002c990, 0x24}, 0xc000119468)
	cmd/internal/par/work.go:160 +0x156 fp=0xc000417418 sp=0xc000417338 pc=0x848d76
cmd/internal/par.(*ErrCache[...]).Do(0x843fac?, {0xc00002c990?, 0xcd53c0?}, 0xc0000282c0?)
	cmd/internal/par/work.go:118 +0x47 fp=0xc0004174b8 sp=0xc000417418 pc=0x8489a7
cmd/go/internal/modfetch.(*cachingRepo).GoMod(0xcd0a58?, {0xcd0a58?, 0x1339ea0?}, {0xc00002c990, 0x24})
	cmd/go/internal/modfetch/cache.go:311 +0xfa fp=0xc000417548 sp=0xc0004174b8 pc=0x82e05a
cmd/go/internal/modfetch.GoMod.func2({0xc0000282c0?, 0x0?})
	cmd/go/internal/modfetch/cache.go:411 +0x73 fp=0xc0004175a8 sp=0xc000417548 pc=0x82ecf3
cmd/go/internal/modfetch.TryProxies(0xc000417680)
	cmd/go/internal/modfetch/proxy.go:164 +0xaf fp=0xc000417628 sp=0xc0004175a8 pc=0x8417cf
cmd/go/internal/modfetch.GoMod({0xcd0a58, 0x1339ea0}, {0xc0000286a0, 0x1a}, {0xc00002c990, 0x24})
	cmd/go/internal/modfetch/cache.go:410 +0x258 fp=0xc0004176f8 sp=0xc000417628 pc=0x82ebb8
cmd/go/internal/modload.rawGoModData({{0xc0000286a0?, 0xc00006e8b0?}, {0xc00002c990?, 0xb58360?}})
	cmd/go/internal/modload/modfile.go:786 +0x15f fp=0xc000417858 sp=0xc0004176f8 pc=0x8a3e3f
cmd/go/internal/modload.rawGoModSummary.func1()
	cmd/go/internal/modload/modfile.go:695 +0x59 fp=0xc0004179c0 sp=0xc000417858 pc=0x8a33b9
cmd/internal/par.(*ErrCache[...]).Do.func1()
	cmd/internal/par/work.go:119 +0x13 fp=0xc0004179d0 sp=0xc0004179c0 pc=0x8b3b33
cmd/internal/par.(*Cache[...]).Do(0xcd5240, {{0xc0000286a0, 0x1a}, {0xc00002c990, 0x24}}, 0xc00006ea80)
	cmd/internal/par/work.go:160 +0x13c fp=0xc000417a48 sp=0xc0004179d0 pc=0x8b3d7c
cmd/internal/par.(*ErrCache[...]).Do(0x0?, {{0xc0000286a0?, 0xc00002c8d0?}, {0xc00002c990?, 0x0?}}, 0xba3f93?)
	cmd/internal/par/work.go:118 +0x45 fp=0xc000417aa8 sp=0xc000417a48 pc=0x8b3ac5
cmd/go/internal/modload.rawGoModSummary({{0xc0000286a0?, 0x8?}, {0xc00002c990?, 0x426405?}})
	cmd/go/internal/modload/modfile.go:693 +0x385 fp=0xc000417b58 sp=0xc000417aa8 pc=0x8a3265
cmd/go/internal/modload.goModSummary({{0xc0000286a0?, 0x3c?}, {0xc00002c990?, 0xffff485ba328?}})
	cmd/go/internal/modload/modfile.go:602 +0x3ae fp=0xc000417ca8 sp=0xc000417b58 pc=0x8a27ee
cmd/go/internal/modload.readModGraph.func2.1()
	cmd/go/internal/modload/buildlist.go:380 +0x65 fp=0xc000417d48 sp=0xc000417ca8 pc=0x86e345
cmd/internal/par.(*ErrCache[...]).Do.func1()
	cmd/internal/par/work.go:119 +0x13 fp=0xc000417d58 sp=0xc000417d48 pc=0x8b3b33
cmd/internal/par.(*Cache[...]).Do(0xcd5240, {{0xc0000286a0, 0x1a}, {0xc00002c990, 0x24}}, 0xc00006ee08)
	cmd/internal/par/work.go:160 +0x13c fp=0xc000417dd0 sp=0xc000417d58 pc=0x8b3d7c
cmd/internal/par.(*ErrCache[...]).Do(0x0?, {{0xc0000286a0?, 0x0?}, {0xc00002c990?, 0x0?}}, 0x0?)
	cmd/internal/par/work.go:118 +0x45 fp=0xc000417e30 sp=0xc000417dd0 pc=0x8b3ac5
cmd/go/internal/modload.readModGraph.func2({{0xc0000286a0?, 0x0?}, {0xc00002c990?, 0x0?}})
	cmd/go/internal/modload/buildlist.go:379 +0x9b fp=0xc000417eb8 sp=0xc000417e30 pc=0x86e29b
cmd/go/internal/modload.readModGraph.func3.1()
	cmd/go/internal/modload/buildlist.go:408 +0x56 fp=0xc000417f60 sp=0xc000417eb8 pc=0x86e0d6
cmd/internal/par.(*Queue).Add.func1()
	cmd/internal/par/queue.go:58 +0x5c fp=0xc000417fe0 sp=0xc000417f60 pc=0x5edd3c
runtime.goexit({})
	runtime/asm_amd64.s:1700 +0x1 fp=0xc000417fe8 sp=0xc000417fe0 pc=0x487861
created by cmd/internal/par.(*Queue).Add in goroutine 1
	cmd/internal/par/queue.go:56 +0x1d3

goroutine 9 gp=0xc0000aa8c0 m=nil [select]:
runtime.gopark(0xc0003b64b0?, 0x2?, 0x52?, 0x14?, 0xc0003b63e4?)
	runtime/proc.go:435 +0xce fp=0xc0003b6270 sp=0xc0003b6250 pc=0x47fa2e
runtime.selectgo(0xc0003b64b0, 0xc0003b63e0, 0x14?, 0x0, 0x133b300?, 0x1)
	runtime/select.go:351 +0x837 fp=0xc0003b63a8 sp=0xc0003b6270 pc=0x45d597
net/http.(*Transport).getConn(0x12c2960, 0xc0003a60a0, {{}, 0x0, {0xc0003a8000, 0x5}, {0xc0003b8018, 0x14}, 0x0})
	net/http/transport.go:1523 +0x4ae fp=0xc0003b6580 sp=0xc0003b63a8 pc=0x7b0b4e
net/http.(*Transport).roundTrip(0x12c2960, 0xc0003aa000)
	net/http/transport.go:685 +0xb57 fp=0xc0003b6778 sp=0xc0003b6580 pc=0x7ac877
net/http.(*Transport).RoundTrip(0xc0003aff80?, 0xccade0?)
	net/http/roundtrip.go:30 +0x13 fp=0xc0003b6798 sp=0xc0003b6778 pc=0x7bb013
net/http.send(0xc0003aa000, {0xccade0, 0x12c2960}, {0x60ac01?, 0xffff484ab9a8?, 0x0?})
	net/http/client.go:259 +0x5e2 fp=0xc0003b6988 sp=0xc0003b6798 pc=0x777882
net/http.(*Client).send(0xc000025bc0, 0xc0003aa000, {0x47c318?, 0x640000000042a016?, 0x0?})
	net/http/client.go:180 +0x91 fp=0xc0003b6a00 sp=0xc0003b6988 pc=0x777131
net/http.(*Client).do(0xc000025bc0, 0xc0003aa000)
	net/http/client.go:728 +0x989 fp=0xc0003b6bf0 sp=0xc0003b6a00 pc=0x779669
net/http.(*Client).Do(...)
	net/http/client.go:587
cmd/go/internal/web.get.func1(0xc0003b6f88)
	cmd/go/internal/web/http.go:159 +0x3cb fp=0xc0003b6d68 sp=0xc0003b6bf0 pc=0x7ce02b
cmd/go/internal/web.get(0x1, 0xc0003b7050)
	cmd/go/internal/web/http.go:206 +0x482 fp=0xc0003b7028 sp=0xc0003b6d68 pc=0x7cd102
cmd/go/internal/web.Get(...)
	cmd/go/internal/web/api.go:186
cmd/go/internal/modfetch.(*proxyRepo).getBody(0xc0003a6000, {0xba3421?, 0xe?}, {0xc00031f218, 0xe})
	cmd/go/internal/modfetch/proxy.go:282 +0x13f fp=0xc0003b7118 sp=0xc0003b7028 pc=0x84257f
cmd/go/internal/modfetch.(*proxyRepo).getBytes(0xc0000150e0?, {0xcd0a58?, 0x1339ea0?}, {0xc00031f218?, 0x82d4b4?})
	cmd/go/internal/modfetch/proxy.go:260 +0x5b fp=0xc0003b71e0 sp=0xc0003b7118 pc=0x84213b
cmd/go/internal/modfetch.(*proxyRepo).GoMod(0xc0003a6000, {0xcd0a58, 0x1339ea0}, {0xc0000150e0, 0x7})
	cmd/go/internal/modfetch/proxy.go:412 +0x10d fp=0xc0003b7248 sp=0xc0003b71e0 pc=0x84386d
cmd/go/internal/modfetch.(*cachingRepo).GoMod.func1()
	cmd/go/internal/modfetch/cache.go:318 +0xa5 fp=0xc0003b7300 sp=0xc0003b7248 pc=0x82e1e5
cmd/internal/par.(*ErrCache[...]).Do.func1()
	cmd/internal/par/work.go:119 +0x28 fp=0xc0003b7338 sp=0xc0003b7300 pc=0x848a88
cmd/internal/par.(*Cache[...]).Do(0xcd54c0, {0xc0000150e0, 0x7}, 0xc00031f468)
	cmd/internal/par/work.go:160 +0x156 fp=0xc0003b7418 sp=0xc0003b7338 pc=0x848d76
cmd/internal/par.(*ErrCache[...]).Do(0x843fac?, {0xc0000150e0?, 0xcd53c0?}, 0xc0000282c0?)
	cmd/internal/par/work.go:118 +0x47 fp=0xc0003b74b8 sp=0xc0003b7418 pc=0x8489a7
cmd/go/internal/modfetch.(*cachingRepo).GoMod(0xcd0a58?, {0xcd0a58?, 0x1339ea0?}, {0xc0000150e0, 0x7})
	cmd/go/internal/modfetch/cache.go:311 +0xfa fp=0xc0003b7548 sp=0xc0003b74b8 pc=0x82e05a
cmd/go/internal/modfetch.GoMod.func2({0xc0000282c0?, 0x0?})
	cmd/go/internal/modfetch/cache.go:411 +0x73 fp=0xc0003b75a8 sp=0xc0003b7548 pc=0x82ecf3
cmd/go/internal/modfetch.TryProxies(0xc0003b7680)
	cmd/go/internal/modfetch/proxy.go:164 +0xaf fp=0xc0003b7628 sp=0xc0003b75a8 pc=0x8417cf
cmd/go/internal/modfetch.GoMod({0xcd0a58, 0x1339ea0}, {0xc00002c9c0, 0x21}, {0xc0000150e0, 0x7})
	cmd/go/internal/modfetch/cache.go:410 +0x258 fp=0xc0003b76f8 sp=0xc0003b7628 pc=0x82ebb8
cmd/go/internal/modload.rawGoModData({{0xc00002c9c0?, 0x47d499?}, {0xc0000150e0?, 0xb58360?}})
	cmd/go/internal/modload/modfile.go:786 +0x15f fp=0xc0003b7858 sp=0xc0003b76f8 pc=0x8a3e3f
cmd/go/internal/modload.rawGoModSummary.func1()
	cmd/go/internal/modload/modfile.go:695 +0x59 fp=0xc0003b79c0 sp=0xc0003b7858 pc=0x8a33b9
cmd/internal/par.(*ErrCache[...]).Do.func1()
	cmd/internal/par/work.go:119 +0x13 fp=0xc0003b79d0 sp=0xc0003b79c0 pc=0x8b3b33
cmd/internal/par.(*Cache[...]).Do(0xcd5240, {{0xc00002c9c0, 0x21}, {0xc0000150e0, 0x7}}, 0xc000310a80)
	cmd/internal/par/work.go:160 +0x13c fp=0xc0003b7a48 sp=0xc0003b79d0 pc=0x8b3d7c
cmd/internal/par.(*ErrCache[...]).Do(0x0?, {{0xc00002c9c0?, 0xc00002c8d0?}, {0xc0000150e0?, 0x0?}}, 0xba3f93?)
	cmd/internal/par/work.go:118 +0x45 fp=0xc0003b7aa8 sp=0xc0003b7a48 pc=0x8b3ac5
cmd/go/internal/modload.rawGoModSummary({{0xc00002c9c0?, 0xc0101000031a010?}, {0xc0000150e0?, 0xffff9c46f8a0?}})
	cmd/go/internal/modload/modfile.go:693 +0x385 fp=0xc0003b7b58 sp=0xc0003b7aa8 pc=0x8a3265
cmd/go/internal/modload.goModSummary({{0xc00002c9c0?, 0x3c?}, {0xc0000150e0?, 0xc000202038?}})
	cmd/go/internal/modload/modfile.go:602 +0x3ae fp=0xc0003b7ca8 sp=0xc0003b7b58 pc=0x8a27ee
cmd/go/internal/modload.readModGraph.func2.1()
	cmd/go/internal/modload/buildlist.go:380 +0x65 fp=0xc0003b7d48 sp=0xc0003b7ca8 pc=0x86e345
cmd/internal/par.(*ErrCache[...]).Do.func1()
	cmd/internal/par/work.go:119 +0x13 fp=0xc0003b7d58 sp=0xc0003b7d48 pc=0x8b3b33
cmd/internal/par.(*Cache[...]).Do(0xcd5240, {{0xc00002c9c0, 0x21}, {0xc0000150e0, 0x7}}, 0xc000310e08)
	cmd/internal/par/work.go:160 +0x13c fp=0xc0003b7dd0 sp=0xc0003b7d58 pc=0x8b3d7c
cmd/internal/par.(*ErrCache[...]).Do(0x0?, {{0xc00002c9c0?, 0x0?}, {0xc0000150e0?, 0x0?}}, 0x0?)
	cmd/internal/par/work.go:118 +0x45 fp=0xc0003b7e30 sp=0xc0003b7dd0 pc=0x8b3ac5
cmd/go/internal/modload.readModGraph.func2({{0xc00002c9c0?, 0x0?}, {0xc0000150e0?, 0x0?}})
	cmd/go/internal/modload/buildlist.go:379 +0x9b fp=0xc0003b7eb8 sp=0xc0003b7e30 pc=0x86e29b
cmd/go/internal/modload.readModGraph.func3.1()
	cmd/go/internal/modload/buildlist.go:408 +0x56 fp=0xc0003b7f60 sp=0xc0003b7eb8 pc=0x86e0d6
cmd/internal/par.(*Queue).Add.func1()
	cmd/internal/par/queue.go:58 +0x5c fp=0xc0003b7fe0 sp=0xc0003b7f60 pc=0x5edd3c
runtime.goexit({})
	runtime/asm_amd64.s:1700 +0x1 fp=0xc0003b7fe8 sp=0xc0003b7fe0 pc=0x487861
created by cmd/internal/par.(*Queue).Add in goroutine 1
	cmd/internal/par/queue.go:56 +0x1d3

goroutine 10 gp=0xc0000aaa80 m=nil [select]:
runtime.gopark(0xc0004124b0?, 0x2?, 0x52?, 0x14?, 0xc0004123e4?)
	runtime/proc.go:435 +0xce fp=0xc000412270 sp=0xc000412250 pc=0x47fa2e
runtime.selectgo(0xc0004124b0, 0xc0004123e0, 0x14?, 0x0, 0x133b300?, 0x1)
	runtime/select.go:351 +0x837 fp=0xc0004123a8 sp=0xc000412270 pc=0x45d597
net/http.(*Transport).getConn(0x12c2960, 0xc0004a80a0, {{}, 0x0, {0xc00049a140, 0x5}, {0xc0004b0018, 0x14}, 0x0})
	net/http/transport.go:1523 +0x4ae fp=0xc000412580 sp=0xc0004123a8 pc=0x7b0b4e
net/http.(*Transport).roundTrip(0x12c2960, 0xc0004aa000)
	net/http/transport.go:685 +0xb57 fp=0xc000412778 sp=0xc000412580 pc=0x7ac877
net/http.(*Transport).RoundTrip(0xc0004aff80?, 0xccade0?)
	net/http/roundtrip.go:30 +0x13 fp=0xc000412798 sp=0xc000412778 pc=0x7bb013
net/http.send(0xc0004aa000, {0xccade0, 0x12c2960}, {0x60ac01?, 0xffff4841cbc8?, 0x0?})
	net/http/client.go:259 +0x5e2 fp=0xc000412988 sp=0xc000412798 pc=0x777882
net/http.(*Client).send(0xc000025bc0, 0xc0004aa000, {0x47c318?, 0x640000000042a016?, 0x0?})
	net/http/client.go:180 +0x91 fp=0xc000412a00 sp=0xc000412988 pc=0x777131
net/http.(*Client).do(0xc000025bc0, 0xc0004aa000)
	net/http/client.go:728 +0x989 fp=0xc000412bf0 sp=0xc000412a00 pc=0x779669
net/http.(*Client).Do(...)
	net/http/client.go:587
cmd/go/internal/web.get.func1(0xc000412f88)
	cmd/go/internal/web/http.go:159 +0x3cb fp=0xc000412d68 sp=0xc000412bf0 pc=0x7ce02b
cmd/go/internal/web.get(0x1, 0xc000413050)
	cmd/go/internal/web/http.go:206 +0x482 fp=0xc000413028 sp=0xc000412d68 pc=0x7cd102
cmd/go/internal/web.Get(...)
	cmd/go/internal/web/api.go:186
cmd/go/internal/modfetch.(*proxyRepo).getBody(0xc0004a8000, {0xba3421?, 0xd?}, {0xc000493218, 0xd})
	cmd/go/internal/modfetch/proxy.go:282 +0x13f fp=0xc000413118 sp=0xc000413028 pc=0x84257f
cmd/go/internal/modfetch.(*proxyRepo).getBytes(0xc0000150e8?, {0xcd0a58?, 0x1339ea0?}, {0xc000493218?, 0x82d4b4?})
	cmd/go/internal/modfetch/proxy.go:260 +0x5b fp=0xc0004131e0 sp=0xc000413118 pc=0x84213b
cmd/go/internal/modfetch.(*proxyRepo).GoMod(0xc0004a8000, {0xcd0a58, 0x1339ea0}, {0xc0000150e8, 0x6})
	cmd/go/internal/modfetch/proxy.go:412 +0x10d fp=0xc000413248 sp=0xc0004131e0 pc=0x84386d
cmd/go/internal/modfetch.(*cachingRepo).GoMod.func1()
	cmd/go/internal/modfetch/cache.go:318 +0xa5 fp=0xc000413300 sp=0xc000413248 pc=0x82e1e5
cmd/internal/par.(*ErrCache[...]).Do.func1()
	cmd/internal/par/work.go:119 +0x28 fp=0xc000413338 sp=0xc000413300 pc=0x848a88
cmd/internal/par.(*Cache[...]).Do(0xcd54c0, {0xc0000150e8, 0x6}, 0xc000493468)
	cmd/internal/par/work.go:160 +0x156 fp=0xc000413418 sp=0xc000413338 pc=0x848d76
cmd/internal/par.(*ErrCache[...]).Do(0x843fac?, {0xc0000150e8?, 0xcd53c0?}, 0xc0000282c0?)
	cmd/internal/par/work.go:118 +0x47 fp=0xc0004134b8 sp=0xc000413418 pc=0x8489a7
cmd/go/internal/modfetch.(*cachingRepo).GoMod(0xcd0a58?, {0xcd0a58?, 0x1339ea0?}, {0xc0000150e8, 0x6})
	cmd/go/internal/modfetch/cache.go:311 +0xfa fp=0xc000413548 sp=0xc0004134b8 pc=0x82e05a
cmd/go/internal/modfetch.GoMod.func2({0xc0000282c0?, 0x0?})
	cmd/go/internal/modfetch/cache.go:411 +0x73 fp=0xc0004135a8 sp=0xc000413548 pc=0x82ecf3
cmd/go/internal/modfetch.TryProxies(0xc000413680)
	cmd/go/internal/modfetch/proxy.go:164 +0xaf fp=0xc000413628 sp=0xc0004135a8 pc=0x8417cf
cmd/go/internal/modfetch.GoMod({0xcd0a58, 0x1339ea0}, {0xc0000286c0, 0x1c}, {0xc0000150e8, 0x6})
	cmd/go/internal/modfetch/cache.go:410 +0x258 fp=0xc0004136f8 sp=0xc000413628 pc=0x82ebb8
cmd/go/internal/modload.rawGoModData({{0xc0000286c0?, 0x47d499?}, {0xc0000150e8?, 0xb58360?}})
	cmd/go/internal/modload/modfile.go:786 +0x15f fp=0xc000413858 sp=0xc0004136f8 pc=0x8a3e3f
cmd/go/internal/modload.rawGoModSummary.func1()
	cmd/go/internal/modload/modfile.go:695 +0x59 fp=0xc0004139c0 sp=0xc000413858 pc=0x8a33b9
cmd/internal/par.(*ErrCache[...]).Do.func1()
	cmd/internal/par/work.go:119 +0x13 fp=0xc0004139d0 sp=0xc0004139c0 pc=0x8b3b33
cmd/internal/par.(*Cache[...]).Do(0xcd5240, {{0xc0000286c0, 0x1c}, {0xc0000150e8, 0x6}}, 0xc000484a80)
	cmd/internal/par/work.go:160 +0x13c fp=0xc000413a48 sp=0xc0004139d0 pc=0x8b3d7c
cmd/internal/par.(*ErrCache[...]).Do(0x0?, {{0xc0000286c0?, 0xc00002c8d0?}, {0xc0000150e8?, 0x0?}}, 0xba3f93?)
	cmd/internal/par/work.go:118 +0x45 fp=0xc000413aa8 sp=0xc000413a48 pc=0x8b3ac5
cmd/go/internal/modload.rawGoModSummary({{0xc0000286c0?, 0x8?}, {0xc0000150e8?, 0x426405?}})
	cmd/go/internal/modload/modfile.go:693 +0x385 fp=0xc000413b58 sp=0xc000413aa8 pc=0x8a3265
cmd/go/internal/modload.goModSummary({{0xc0000286c0?, 0x3c?}, {0xc0000150e8?, 0xffff4841d488?}})
	cmd/go/internal/modload/modfile.go:602 +0x3ae fp=0xc000413ca8 sp=0xc000413b58 pc=0x8a27ee
cmd/go/internal/modload.readModGraph.func2.1()
	cmd/go/internal/modload/buildlist.go:380 +0x65 fp=0xc000413d48 sp=0xc000413ca8 pc=0x86e345
cmd/internal/par.(*ErrCache[...]).Do.func1()
	cmd/internal/par/work.go:119 +0x13 fp=0xc000413d58 sp=0xc000413d48 pc=0x8b3b33
cmd/internal/par.(*Cache[...]).Do(0xcd5240, {{0xc0000286c0, 0x1c}, {0xc0000150e8, 0x6}}, 0xc000484e08)
	cmd/internal/par/work.go:160 +0x13c fp=0xc000413dd0 sp=0xc000413d58 pc=0x8b3d7c
cmd/internal/par.(*ErrCache[...]).Do(0x0?, {{0xc0000286c0?, 0x0?}, {0xc0000150e8?, 0x0?}}, 0x0?)
	cmd/internal/par/work.go:118 +0x45 fp=0xc000413e30 sp=0xc000413dd0 pc=0x8b3ac5
cmd/go/internal/modload.readModGraph.func2({{0xc0000286c0?, 0x0?}, {0xc0000150e8?, 0x0?}})
	cmd/go/internal/modload/buildlist.go:379 +0x9b fp=0xc000413eb8 sp=0xc000413e30 pc=0x86e29b
cmd/go/internal/modload.readModGraph.func3.1()
	cmd/go/internal/modload/buildlist.go:408 +0x56 fp=0xc000413f60 sp=0xc000413eb8 pc=0x86e0d6
cmd/internal/par.(*Queue).Add.func1()
	cmd/internal/par/queue.go:58 +0x5c fp=0xc000413fe0 sp=0xc000413f60 pc=0x5edd3c
runtime.goexit({})
	runtime/asm_amd64.s:1700 +0x1 fp=0xc000413fe8 sp=0xc000413fe0 pc=0x487861
created by cmd/internal/par.(*Queue).Add in goroutine 1
	cmd/internal/par/queue.go:56 +0x1d3

goroutine 11 gp=0xc0000aac40 m=nil [select]:
runtime.gopark(0xc00013c4b0?, 0x2?, 0x52?, 0x14?, 0xc00013c3e4?)
	runtime/proc.go:435 +0xce fp=0xc00013c270 sp=0xc00013c250 pc=0x47fa2e
runtime.selectgo(0xc00013c4b0, 0xc00013c3e0, 0x14?, 0x0, 0x133b300?, 0x1)
	runtime/select.go:351 +0x837 fp=0xc00013c3a8 sp=0xc00013c270 pc=0x45d597
net/http.(*Transport).getConn(0x12c2960, 0xc0001320a0, {{}, 0x0, {0xc000124140, 0x5}, {0xc000142018, 0x14}, 0x0})
	net/http/transport.go:1523 +0x4ae fp=0xc00013c580 sp=0xc00013c3a8 pc=0x7b0b4e
net/http.(*Transport).roundTrip(0x12c2960, 0xc000134000)
	net/http/transport.go:685 +0xb57 fp=0xc00013c778 sp=0xc00013c580 pc=0x7ac877
net/http.(*Transport).RoundTrip(0xc000141f80?, 0xccade0?)
	net/http/roundtrip.go:30 +0x13 fp=0xc00013c798 sp=0xc00013c778 pc=0x7bb013
net/http.send(0xc000134000, {0xccade0, 0x12c2960}, {0x60ac01?, 0xffff91f0ef08?, 0x0?})
	net/http/client.go:259 +0x5e2 fp=0xc00013c988 sp=0xc00013c798 pc=0x777882
net/http.(*Client).send(0xc000025bc0, 0xc000134000, {0x47c318?, 0x0?, 0x0?})
	net/http/client.go:180 +0x91 fp=0xc00013ca00 sp=0xc00013c988 pc=0x777131
net/http.(*Client).do(0xc000025bc0, 0xc000134000)
	net/http/client.go:728 +0x989 fp=0xc00013cbf0 sp=0xc00013ca00 pc=0x779669
net/http.(*Client).Do(...)
	net/http/client.go:587
cmd/go/internal/web.get.func1(0xc00013cf88)
	cmd/go/internal/web/http.go:159 +0x3cb fp=0xc00013cd68 sp=0xc00013cbf0 pc=0x7ce02b
cmd/go/internal/web.get(0x1, 0xc00013d050)
	cmd/go/internal/web/http.go:206 +0x482 fp=0xc00013d028 sp=0xc00013cd68 pc=0x7cd102
cmd/go/internal/web.Get(...)
	cmd/go/internal/web/api.go:186
cmd/go/internal/modfetch.(*proxyRepo).getBody(0xc000132000, {0xba3421?, 0xd?}, {0xc00011d218, 0xd})
	cmd/go/internal/modfetch/proxy.go:282 +0x13f fp=0xc00013d118 sp=0xc00013d028 pc=0x84257f
cmd/go/internal/modfetch.(*proxyRepo).getBytes(0xc000015110?, {0xcd0a58?, 0x1339ea0?}, {0xc00011d218?, 0x82d4b4?})
	cmd/go/internal/modfetch/proxy.go:260 +0x5b fp=0xc00013d1e0 sp=0xc00013d118 pc=0x84213b
cmd/go/internal/modfetch.(*proxyRepo).GoMod(0xc000132000, {0xcd0a58, 0x1339ea0}, {0xc000015110, 0x6})
	cmd/go/internal/modfetch/proxy.go:412 +0x10d fp=0xc00013d248 sp=0xc00013d1e0 pc=0x84386d
cmd/go/internal/modfetch.(*cachingRepo).GoMod.func1()
	cmd/go/internal/modfetch/cache.go:318 +0xa5 fp=0xc00013d300 sp=0xc00013d248 pc=0x82e1e5
cmd/internal/par.(*ErrCache[...]).Do.func1()
	cmd/internal/par/work.go:119 +0x28 fp=0xc00013d338 sp=0xc00013d300 pc=0x848a88
cmd/internal/par.(*Cache[...]).Do(0xcd54c0, {0xc000015110, 0x6}, 0xc00011d468)
	cmd/internal/par/work.go:160 +0x156 fp=0xc00013d418 sp=0xc00013d338 pc=0x848d76
cmd/internal/par.(*ErrCache[...]).Do(0x843fac?, {0xc000015110?, 0xcd53c0?}, 0xc0000282c0?)
	cmd/internal/par/work.go:118 +0x47 fp=0xc00013d4b8 sp=0xc00013d418 pc=0x8489a7
cmd/go/internal/modfetch.(*cachingRepo).GoMod(0xcd0a58?, {0xcd0a58?, 0x1339ea0?}, {0xc000015110, 0x6})
	cmd/go/internal/modfetch/cache.go:311 +0xfa fp=0xc00013d548 sp=0xc00013d4b8 pc=0x82e05a
cmd/go/internal/modfetch.GoMod.func2({0xc0000282c0?, 0x0?})
	cmd/go/internal/modfetch/cache.go:411 +0x73 fp=0xc00013d5a8 sp=0xc00013d548 pc=0x82ecf3
cmd/go/internal/modfetch.TryProxies(0xc00013d680)
	cmd/go/internal/modfetch/proxy.go:164 +0xaf fp=0xc00013d628 sp=0xc00013d5a8 pc=0x8417cf
cmd/go/internal/modfetch.GoMod({0xcd0a58, 0x1339ea0}, {0xc0000286e0, 0x1c}, {0xc000015110, 0x6})
	cmd/go/internal/modfetch/cache.go:410 +0x258 fp=0xc00013d6f8 sp=0xc00013d628 pc=0x82ebb8
cmd/go/internal/modload.rawGoModData({{0xc0000286e0?, 0x47d499?}, {0xc000015110?, 0xb58360?}})
	cmd/go/internal/modload/modfile.go:786 +0x15f fp=0xc00013d858 sp=0xc00013d6f8 pc=0x8a3e3f
cmd/go/internal/modload.rawGoModSummary.func1()
	cmd/go/internal/modload/modfile.go:695 +0x59 fp=0xc00013d9c0 sp=0xc00013d858 pc=0x8a33b9
cmd/internal/par.(*ErrCache[...]).Do.func1()
	cmd/internal/par/work.go:119 +0x13 fp=0xc00013d9d0 sp=0xc00013d9c0 pc=0x8b3b33
cmd/internal/par.(*Cache[...]).Do(0xcd5240, {{0xc0000286e0, 0x1c}, {0xc000015110, 0x6}}, 0xc000298a80)
	cmd/internal/par/work.go:160 +0x13c fp=0xc00013da48 sp=0xc00013d9d0 pc=0x8b3d7c
cmd/internal/par.(*ErrCache[...]).Do(0x0?, {{0xc0000286e0?, 0xc00002c8d0?}, {0xc000015110?, 0x0?}}, 0xba3f93?)
	cmd/internal/par/work.go:118 +0x45 fp=0xc00013daa8 sp=0xc00013da48 pc=0x8b3ac5
cmd/go/internal/modload.rawGoModSummary({{0xc0000286e0?, 0x8?}, {0xc000015110?, 0x426405?}})
	cmd/go/internal/modload/modfile.go:693 +0x385 fp=0xc00013db58 sp=0xc00013daa8 pc=0x8a3265
cmd/go/internal/modload.goModSummary({{0xc0000286e0?, 0x3c?}, {0xc000015110?, 0xffff91f0f868?}})
	cmd/go/internal/modload/modfile.go:602 +0x3ae fp=0xc00013dca8 sp=0xc00013db58 pc=0x8a27ee
cmd/go/internal/modload.readModGraph.func2.1()
	cmd/go/internal/modload/buildlist.go:380 +0x65 fp=0xc00013dd48 sp=0xc00013dca8 pc=0x86e345
cmd/internal/par.(*ErrCache[...]).Do.func1()
	cmd/internal/par/work.go:119 +0x13 fp=0xc00013dd58 sp=0xc00013dd48 pc=0x8b3b33
cmd/internal/par.(*Cache[...]).Do(0xcd5240, {{0xc0000286e0, 0x1c}, {0xc000015110, 0x6}}, 0xc000298e08)
	cmd/internal/par/work.go:160 +0x13c fp=0xc00013ddd0 sp=0xc00013dd58 pc=0x8b3d7c
cmd/internal/par.(*ErrCache[...]).Do(0x0?, {{0xc0000286e0?, 0x0?}, {0xc000015110?, 0x0?}}, 0x0?)
	cmd/internal/par/work.go:118 +0x45 fp=0xc00013de30 sp=0xc00013ddd0 pc=0x8b3ac5
cmd/go/internal/modload.readModGraph.func2({{0xc0000286e0?, 0x0?}, {0xc000015110?, 0x0?}})
	cmd/go/internal/modload/buildlist.go:379 +0x9b fp=0xc00013deb8 sp=0xc00013de30 pc=0x86e29b
cmd/go/internal/modload.readModGraph.func3.1()
	cmd/go/internal/modload/buildlist.go:408 +0x56 fp=0xc00013df60 sp=0xc00013deb8 pc=0x86e0d6
cmd/internal/par.(*Queue).Add.func1()
	cmd/internal/par/queue.go:58 +0x5c fp=0xc00013dfe0 sp=0xc00013df60 pc=0x5edd3c
runtime.goexit({})
	runtime/asm_amd64.s:1700 +0x1 fp=0xc00013dfe8 sp=0xc00013dfe0 pc=0x487861
created by cmd/internal/par.(*Queue).Add in goroutine 1
	cmd/internal/par/queue.go:56 +0x1d3

goroutine 12 gp=0xc0000aae00 m=nil [select]:
runtime.gopark(0xc0003464b0?, 0x2?, 0x52?, 0x14?, 0xc0003463e4?)
	runtime/proc.go:435 +0xce fp=0xc000346270 sp=0xc000346250 pc=0x47fa2e
runtime.selectgo(0xc0003464b0, 0xc0003463e0, 0x14?, 0x0, 0xc000346300?, 0x1)
	runtime/select.go:351 +0x837 fp=0xc0003463a8 sp=0xc000346270 pc=0x45d597
net/http.(*Transport).getConn(0x12c2960, 0xc0003a61e0, {{}, 0x0, {0xc00032a140, 0x5}, {0xc0003b8048, 0x14}, 0x0})
	net/http/transport.go:1523 +0x4ae fp=0xc000346580 sp=0xc0003463a8 pc=0x7b0b4e
net/http.(*Transport).roundTrip(0x12c2960, 0xc00033a000)
	net/http/transport.go:685 +0xb57 fp=0xc000346778 sp=0xc000346580 pc=0x7ac877
net/http.(*Transport).RoundTrip(0xc00033ff80?, 0xccade0?)
	net/http/roundtrip.go:30 +0x13 fp=0xc000346798 sp=0xc000346778 pc=0x7bb013
net/http.send(0xc00033a000, {0xccade0, 0x12c2960}, {0x60ac01?, 0xffff4857d028?, 0x0?})
	net/http/client.go:259 +0x5e2 fp=0xc000346988 sp=0xc000346798 pc=0x777882
net/http.(*Client).send(0xc000025bc0, 0xc00033a000, {0x47c318?, 0x640000000042a016?, 0x0?})
	net/http/client.go:180 +0x91 fp=0xc000346a00 sp=0xc000346988 pc=0x777131
net/http.(*Client).do(0xc000025bc0, 0xc00033a000)
	net/http/client.go:728 +0x989 fp=0xc000346bf0 sp=0xc000346a00 pc=0x779669
net/http.(*Client).Do(...)
	net/http/client.go:587
cmd/go/internal/web.get.func1(0xc000346f88)
	cmd/go/internal/web/http.go:159 +0x3cb fp=0xc000346d68 sp=0xc000346bf0 pc=0x7ce02b
cmd/go/internal/web.get(0x1, 0xc000347050)
	cmd/go/internal/web/http.go:206 +0x482 fp=0xc000347028 sp=0xc000346d68 pc=0x7cd102
cmd/go/internal/web.Get(...)
	cmd/go/internal/web/api.go:186
cmd/go/internal/modfetch.(*proxyRepo).getBody(0xc000338000, {0xba3421?, 0xd?}, {0xc000323218, 0xd})
	cmd/go/internal/modfetch/proxy.go:282 +0x13f fp=0xc000347118 sp=0xc000347028 pc=0x84257f
cmd/go/internal/modfetch.(*proxyRepo).getBytes(0xc000015116?, {0xcd0a58?, 0x1339ea0?}, {0xc000323218?, 0x82d4b4?})
	cmd/go/internal/modfetch/proxy.go:260 +0x5b fp=0xc0003471e0 sp=0xc000347118 pc=0x84213b
cmd/go/internal/modfetch.(*proxyRepo).GoMod(0xc000338000, {0xcd0a58, 0x1339ea0}, {0xc000015116, 0x6})
	cmd/go/internal/modfetch/proxy.go:412 +0x10d fp=0xc000347248 sp=0xc0003471e0 pc=0x84386d
cmd/go/internal/modfetch.(*cachingRepo).GoMod.func1()
	cmd/go/internal/modfetch/cache.go:318 +0xa5 fp=0xc000347300 sp=0xc000347248 pc=0x82e1e5
cmd/internal/par.(*ErrCache[...]).Do.func1()
	cmd/internal/par/work.go:119 +0x28 fp=0xc000347338 sp=0xc000347300 pc=0x848a88
cmd/internal/par.(*Cache[...]).Do(0xcd54c0, {0xc000015116, 0x6}, 0xc000323468)
	cmd/internal/par/work.go:160 +0x156 fp=0xc000347418 sp=0xc000347338 pc=0x848d76
cmd/internal/par.(*ErrCache[...]).Do(0x843fac?, {0xc000015116?, 0xcd53c0?}, 0xc0000282c0?)
	cmd/internal/par/work.go:118 +0x47 fp=0xc0003474b8 sp=0xc000347418 pc=0x8489a7
cmd/go/internal/modfetch.(*cachingRepo).GoMod(0xcd0a58?, {0xcd0a58?, 0x1339ea0?}, {0xc000015116, 0x6})
	cmd/go/internal/modfetch/cache.go:311 +0xfa fp=0xc000347548 sp=0xc0003474b8 pc=0x82e05a
cmd/go/internal/modfetch.GoMod.func2({0xc0000282c0?, 0x0?})
	cmd/go/internal/modfetch/cache.go:411 +0x73 fp=0xc0003475a8 sp=0xc000347548 pc=0x82ecf3
cmd/go/internal/modfetch.TryProxies(0xc000347680)
	cmd/go/internal/modfetch/proxy.go:164 +0xaf fp=0xc000347628 sp=0xc0003475a8 pc=0x8417cf
cmd/go/internal/modfetch.GoMod({0xcd0a58, 0x1339ea0}, {0xc000028700, 0x1c}, {0xc000015116, 0x6})
	cmd/go/internal/modfetch/cache.go:410 +0x258 fp=0xc0003476f8 sp=0xc000347628 pc=0x82ebb8
cmd/go/internal/modload.rawGoModData({{0xc000028700?, 0x47d499?}, {0xc000015116?, 0xb58360?}})
	cmd/go/internal/modload/modfile.go:786 +0x15f fp=0xc000347858 sp=0xc0003476f8 pc=0x8a3e3f
cmd/go/internal/modload.rawGoModSummary.func1()
	cmd/go/internal/modload/modfile.go:695 +0x59 fp=0xc0003479c0 sp=0xc000347858 pc=0x8a33b9
cmd/internal/par.(*ErrCache[...]).Do.func1()
	cmd/internal/par/work.go:119 +0x13 fp=0xc0003479d0 sp=0xc0003479c0 pc=0x8b3b33
cmd/internal/par.(*Cache[...]).Do(0xcd5240, {{0xc000028700, 0x1c}, {0xc000015116, 0x6}}, 0xc000314a80)
	cmd/internal/par/work.go:160 +0x13c fp=0xc000347a48 sp=0xc0003479d0 pc=0x8b3d7c
cmd/internal/par.(*ErrCache[...]).Do(0x0?, {{0xc000028700?, 0xc00002c8d0?}, {0xc000015116?, 0x0?}}, 0xba3f93?)
	cmd/internal/par/work.go:118 +0x45 fp=0xc000347aa8 sp=0xc000347a48 pc=0x8b3ac5
cmd/go/internal/modload.rawGoModSummary({{0xc000028700?, 0x8?}, {0xc000015116?, 0x426405?}})
	cmd/go/internal/modload/modfile.go:693 +0x385 fp=0xc000347b58 sp=0xc000347aa8 pc=0x8a3265
cmd/go/internal/modload.goModSummary({{0xc000028700?, 0x3c?}, {0xc000015116?, 0xffff4857d8e8?}})
	cmd/go/internal/modload/modfile.go:602 +0x3ae fp=0xc000347ca8 sp=0xc000347b58 pc=0x8a27ee
cmd/go/internal/modload.readModGraph.func2.1()
	cmd/go/internal/modload/buildlist.go:380 +0x65 fp=0xc000347d48 sp=0xc000347ca8 pc=0x86e345
cmd/internal/par.(*ErrCache[...]).Do.func1()
	cmd/internal/par/work.go:119 +0x13 fp=0xc000347d58 sp=0xc000347d48 pc=0x8b3b33
cmd/internal/par.(*Cache[...]).Do(0xcd5240, {{0xc000028700, 0x1c}, {0xc000015116, 0x6}}, 0xc000314e08)
	cmd/internal/par/work.go:160 +0x13c fp=0xc000347dd0 sp=0xc000347d58 pc=0x8b3d7c
cmd/internal/par.(*ErrCache[...]).Do(0x0?, {{0xc000028700?, 0x0?}, {0xc000015116?, 0x0?}}, 0x0?)
	cmd/internal/par/work.go:118 +0x45 fp=0xc000347e30 sp=0xc000347dd0 pc=0x8b3ac5
cmd/go/internal/modload.readModGraph.func2({{0xc000028700?, 0x0?}, {0xc000015116?, 0x0?}})
	cmd/go/internal/modload/buildlist.go:379 +0x9b fp=0xc000347eb8 sp=0xc000347e30 pc=0x86e29b
cmd/go/internal/modload.readModGraph.func3.1()
	cmd/go/internal/modload/buildlist.go:408 +0x56 fp=0xc000347f60 sp=0xc000347eb8 pc=0x86e0d6
cmd/internal/par.(*Queue).Add.func1()
	cmd/internal/par/queue.go:58 +0x5c fp=0xc000347fe0 sp=0xc000347f60 pc=0x5edd3c
runtime.goexit({})
	runtime/asm_amd64.s:1700 +0x1 fp=0xc000347fe8 sp=0xc000347fe0 pc=0x487861
created by cmd/internal/par.(*Queue).Add in goroutine 1
	cmd/internal/par/queue.go:56 +0x1d3

goroutine 13 gp=0xc0000aafc0 m=nil [select]:
runtime.gopark(0xc0001384b0?, 0x2?, 0x52?, 0x14?, 0xc0001383e4?)
	runtime/proc.go:435 +0xce fp=0xc000138270 sp=0xc000138250 pc=0x47fa2e
runtime.selectgo(0xc0001384b0, 0xc0001383e0, 0x14?, 0x0, 0x47d000?, 0x1)
	runtime/select.go:351 +0x837 fp=0xc0001383a8 sp=0xc000138270 pc=0x45d597
net/http.(*Transport).getConn(0x12c2960, 0xc000282f50, {{}, 0x0, {0xc0002a80a0, 0x5}, {0xc0002ac0c0, 0x14}, 0x0})
	net/http/transport.go:1523 +0x4ae fp=0xc000138580 sp=0xc0001383a8 pc=0x7b0b4e
net/http.(*Transport).roundTrip(0x12c2960, 0xc0002b2000)
	net/http/transport.go:685 +0xb57 fp=0xc000138778 sp=0xc000138580 pc=0x7ac877
net/http.(*Transport).RoundTrip(0xc000100008?, 0xccade0?)
	net/http/roundtrip.go:30 +0x13 fp=0xc000138798 sp=0xc000138778 pc=0x7bb013
net/http.send(0xc0002b2000, {0xccade0, 0x12c2960}, {0x60ac01?, 0x47c46c?, 0x0?})
	net/http/client.go:259 +0x5e2 fp=0xc000138988 sp=0xc000138798 pc=0x777882
net/http.(*Client).send(0xc000025bc0, 0xc0002b2000, {0x47c318?, 0x640000000042a016?, 0x0?})
	net/http/client.go:180 +0x91 fp=0xc000138a00 sp=0xc000138988 pc=0x777131
net/http.(*Client).do(0xc000025bc0, 0xc0002b2000)
	net/http/client.go:728 +0x989 fp=0xc000138bf0 sp=0xc000138a00 pc=0x779669
net/http.(*Client).Do(...)
	net/http/client.go:587
cmd/go/internal/web.get.func1(0xc000138f88)
	cmd/go/internal/web/http.go:159 +0x3cb fp=0xc000138d68 sp=0xc000138bf0 pc=0x7ce02b
cmd/go/internal/web.get(0x1, 0xc000139050)
	cmd/go/internal/web/http.go:206 +0x482 fp=0xc000139028 sp=0xc000138d68 pc=0x7cd102
cmd/go/internal/web.Get(...)
	cmd/go/internal/web/api.go:186
cmd/go/internal/modfetch.(*proxyRepo).getBody(0xc000282eb0, {0xba3421?, 0xd?}, {0xc0001b3218, 0xd})
	cmd/go/internal/modfetch/proxy.go:282 +0x13f fp=0xc000139118 sp=0xc000139028 pc=0x84257f
cmd/go/internal/modfetch.(*proxyRepo).getBytes(0xc000015140?, {0xcd0a58?, 0x1339ea0?}, {0xc0001b3218?, 0x82d4b4?})
	cmd/go/internal/modfetch/proxy.go:260 +0x5b fp=0xc0001391e0 sp=0xc000139118 pc=0x84213b
cmd/go/internal/modfetch.(*proxyRepo).GoMod(0xc000282eb0, {0xcd0a58, 0x1339ea0}, {0xc000015140, 0x6})
	cmd/go/internal/modfetch/proxy.go:412 +0x10d fp=0xc000139248 sp=0xc0001391e0 pc=0x84386d
cmd/go/internal/modfetch.(*cachingRepo).GoMod.func1()
	cmd/go/internal/modfetch/cache.go:318 +0xa5 fp=0xc000139300 sp=0xc000139248 pc=0x82e1e5
cmd/internal/par.(*ErrCache[...]).Do.func1()
	cmd/internal/par/work.go:119 +0x28 fp=0xc000139338 sp=0xc000139300 pc=0x848a88
cmd/internal/par.(*Cache[...]).Do(0xcd54c0, {0xc000015140, 0x6}, 0xc0001b3468)
	cmd/internal/par/work.go:160 +0x156 fp=0xc000139418 sp=0xc000139338 pc=0x848d76
cmd/internal/par.(*ErrCache[...]).Do(0x843fac?, {0xc000015140?, 0xcd53c0?}, 0xc0000282c0?)
	cmd/internal/par/work.go:118 +0x47 fp=0xc0001394b8 sp=0xc000139418 pc=0x8489a7
cmd/go/internal/modfetch.(*cachingRepo).GoMod(0xcd0a58?, {0xcd0a58?, 0x1339ea0?}, {0xc000015140, 0x6})
	cmd/go/internal/modfetch/cache.go:311 +0xfa fp=0xc000139548 sp=0xc0001394b8 pc=0x82e05a
cmd/go/internal/modfetch.GoMod.func2({0xc0000282c0?, 0x0?})
	cmd/go/internal/modfetch/cache.go:411 +0x73 fp=0xc0001395a8 sp=0xc000139548 pc=0x82ecf3
cmd/go/internal/modfetch.TryProxies(0xc000139680)
	cmd/go/internal/modfetch/proxy.go:164 +0xaf fp=0xc000139628 sp=0xc0001395a8 pc=0x8417cf
cmd/go/internal/modfetch.GoMod({0xcd0a58, 0x1339ea0}, {0xc000000978, 0x17}, {0xc000015140, 0x6})
	cmd/go/internal/modfetch/cache.go:410 +0x258 fp=0xc0001396f8 sp=0xc000139628 pc=0x82ebb8
cmd/go/internal/modload.rawGoModData({{0xc000000978?, 0x47d499?}, {0xc000015140?, 0xb58360?}})
	cmd/go/internal/modload/modfile.go:786 +0x15f fp=0xc000139858 sp=0xc0001396f8 pc=0x8a3e3f
cmd/go/internal/modload.rawGoModSummary.func1()
	cmd/go/internal/modload/modfile.go:695 +0x59 fp=0xc0001399c0 sp=0xc000139858 pc=0x8a33b9
cmd/internal/par.(*ErrCache[...]).Do.func1()
	cmd/internal/par/work.go:119 +0x13 fp=0xc0001399d0 sp=0xc0001399c0 pc=0x8b3b33
cmd/internal/par.(*Cache[...]).Do(0xcd5240, {{0xc000000978, 0x17}, {0xc000015140, 0x6}}, 0xc00029ca80)
	cmd/internal/par/work.go:160 +0x13c fp=0xc000139a48 sp=0xc0001399d0 pc=0x8b3d7c
cmd/internal/par.(*ErrCache[...]).Do(0x0?, {{0xc000000978?, 0xc00002c8d0?}, {0xc000015140?, 0x0?}}, 0xba3f93?)
	cmd/internal/par/work.go:118 +0x45 fp=0xc000139aa8 sp=0xc000139a48 pc=0x8b3ac5
cmd/go/internal/modload.rawGoModSummary({{0xc000000978?, 0x0?}, {0xc000015140?, 0x0?}})
	cmd/go/internal/modload/modfile.go:693 +0x385 fp=0xc000139b58 sp=0xc000139aa8 pc=0x8a3265
cmd/go/internal/modload.goModSummary({{0xc000000978?, 0x3c?}, {0xc000015140?, 0xffff4857b2c8?}})
	cmd/go/internal/modload/modfile.go:602 +0x3ae fp=0xc000139ca8 sp=0xc000139b58 pc=0x8a27ee
cmd/go/internal/modload.readModGraph.func2.1()
	cmd/go/internal/modload/buildlist.go:380 +0x65 fp=0xc000139d48 sp=0xc000139ca8 pc=0x86e345
cmd/internal/par.(*ErrCache[...]).Do.func1()
	cmd/internal/par/work.go:119 +0x13 fp=0xc000139d58 sp=0xc000139d48 pc=0x8b3b33
cmd/internal/par.(*Cache[...]).Do(0xcd5240, {{0xc000000978, 0x17}, {0xc000015140, 0x6}}, 0xc00029ce08)
	cmd/internal/par/work.go:160 +0x13c fp=0xc000139dd0 sp=0xc000139d58 pc=0x8b3d7c
cmd/internal/par.(*ErrCache[...]).Do(0x0?, {{0xc000000978?, 0x0?}, {0xc000015140?, 0x0?}}, 0x0?)
	cmd/internal/par/work.go:118 +0x45 fp=0xc000139e30 sp=0xc000139dd0 pc=0x8b3ac5
cmd/go/internal/modload.readModGraph.func2({{0xc000000978?, 0x0?}, {0xc000015140?, 0x0?}})
	cmd/go/internal/modload/buildlist.go:379 +0x9b fp=0xc000139eb8 sp=0xc000139e30 pc=0x86e29b
cmd/go/internal/modload.readModGraph.func3.1()
	cmd/go/internal/modload/buildlist.go:408 +0x56 fp=0xc000139f60 sp=0xc000139eb8 pc=0x86e0d6
cmd/internal/par.(*Queue).Add.func1()
	cmd/internal/par/queue.go:58 +0x5c fp=0xc000139fe0 sp=0xc000139f60 pc=0x5edd3c
runtime.goexit({})
	runtime/asm_amd64.s:1700 +0x1 fp=0xc000139fe8 sp=0xc000139fe0 pc=0x487861
created by cmd/internal/par.(*Queue).Add in goroutine 1
	cmd/internal/par/queue.go:56 +0x1d3

goroutine 14 gp=0xc0000ab180 m=nil [select]:
runtime.gopark(0xc0003b24b0?, 0x2?, 0x52?, 0x14?, 0xc0003b23e4?)
	runtime/proc.go:435 +0xce fp=0xc0003b2270 sp=0xc0003b2250 pc=0x47fa2e
runtime.selectgo(0xc0003b24b0, 0xc0003b23e0, 0x14?, 0x0, 0x133b300?, 0x1)
	runtime/select.go:351 +0x837 fp=0xc0003b23a8 sp=0xc0003b2270 pc=0x45d597
net/http.(*Transport).getConn(0x12c2960, 0xc0003380f0, {{}, 0x0, {0xc00034a000, 0x5}, {0xc000348030, 0x14}, 0x0})
	net/http/transport.go:1523 +0x4ae fp=0xc0003b2580 sp=0xc0003b23a8 pc=0x7b0b4e
net/http.(*Transport).roundTrip(0x12c2960, 0xc00033a140)
	net/http/transport.go:685 +0xb57 fp=0xc0003b2778 sp=0xc0003b2580 pc=0x7ac877
net/http.(*Transport).RoundTrip(0xc000065808?, 0xccade0?)
	net/http/roundtrip.go:30 +0x13 fp=0xc0003b2798 sp=0xc0003b2778 pc=0x7bb013
net/http.send(0xc00033a140, {0xccade0, 0x12c2960}, {0x60ac01?, 0x47c46c?, 0x0?})
	net/http/client.go:259 +0x5e2 fp=0xc0003b2988 sp=0xc0003b2798 pc=0x777882
net/http.(*Client).send(0xc000025bc0, 0xc00033a140, {0x47c318?, 0x6400000000000001?, 0x0?})
	net/http/client.go:180 +0x91 fp=0xc0003b2a00 sp=0xc0003b2988 pc=0x777131
net/http.(*Client).do(0xc000025bc0, 0xc00033a140)
	net/http/client.go:728 +0x989 fp=0xc0003b2bf0 sp=0xc0003b2a00 pc=0x779669
net/http.(*Client).Do(...)
	net/http/client.go:587
cmd/go/internal/web.get.func1(0xc0003b2f88)
	cmd/go/internal/web/http.go:159 +0x3cb fp=0xc0003b2d68 sp=0xc0003b2bf0 pc=0x7ce02b
cmd/go/internal/web.get(0x1, 0xc0003b3050)
	cmd/go/internal/web/http.go:206 +0x482 fp=0xc0003b3028 sp=0xc0003b2d68 pc=0x7cd102
cmd/go/internal/web.Get(...)
	cmd/go/internal/web/api.go:186
cmd/go/internal/modfetch.(*proxyRepo).getBody(0xc000338050, {0xba3421?, 0xe?}, {0xc000323218, 0xe})
	cmd/go/internal/modfetch/proxy.go:282 +0x13f fp=0xc0003b3118 sp=0xc0003b3028 pc=0x84257f
cmd/go/internal/modfetch.(*proxyRepo).getBytes(0xc000015146?, {0xcd0a58?, 0x1339ea0?}, {0xc000323218?, 0x82d4b4?})
	cmd/go/internal/modfetch/proxy.go:260 +0x5b fp=0xc0003b31e0 sp=0xc0003b3118 pc=0x84213b
cmd/go/internal/modfetch.(*proxyRepo).GoMod(0xc000338050, {0xcd0a58, 0x1339ea0}, {0xc000015146, 0x7})
	cmd/go/internal/modfetch/proxy.go:412 +0x10d fp=0xc0003b3248 sp=0xc0003b31e0 pc=0x84386d
cmd/go/internal/modfetch.(*cachingRepo).GoMod.func1()
	cmd/go/internal/modfetch/cache.go:318 +0xa5 fp=0xc0003b3300 sp=0xc0003b3248 pc=0x82e1e5
cmd/internal/par.(*ErrCache[...]).Do.func1()
	cmd/internal/par/work.go:119 +0x28 fp=0xc0003b3338 sp=0xc0003b3300 pc=0x848a88
cmd/internal/par.(*Cache[...]).Do(0xcd54c0, {0xc000015146, 0x7}, 0xc000323468)
	cmd/internal/par/work.go:160 +0x156 fp=0xc0003b3418 sp=0xc0003b3338 pc=0x848d76
cmd/internal/par.(*ErrCache[...]).Do(0x843fac?, {0xc000015146?, 0xcd53c0?}, 0xc0000282c0?)
	cmd/internal/par/work.go:118 +0x47 fp=0xc0003b34b8 sp=0xc0003b3418 pc=0x8489a7
cmd/go/internal/modfetch.(*cachingRepo).GoMod(0xcd0a58?, {0xcd0a58?, 0x1339ea0?}, {0xc000015146, 0x7})
	cmd/go/internal/modfetch/cache.go:311 +0xfa fp=0xc0003b3548 sp=0xc0003b34b8 pc=0x82e05a
cmd/go/internal/modfetch.GoMod.func2({0xc0000282c0?, 0x0?})
	cmd/go/internal/modfetch/cache.go:411 +0x73 fp=0xc0003b35a8 sp=0xc0003b3548 pc=0x82ecf3
cmd/go/internal/modfetch.TryProxies(0xc0003b3680)
	cmd/go/internal/modfetch/proxy.go:164 +0xaf fp=0xc0003b3628 sp=0xc0003b35a8 pc=0x8417cf
cmd/go/internal/modfetch.GoMod({0xcd0a58, 0x1339ea0}, {0xc00002c9f0, 0x21}, {0xc000015146, 0x7})
	cmd/go/internal/modfetch/cache.go:410 +0x258 fp=0xc0003b36f8 sp=0xc0003b3628 pc=0x82ebb8
cmd/go/internal/modload.rawGoModData({{0xc00002c9f0?, 0xc0000738b0?}, {0xc000015146?, 0xb58360?}})
	cmd/go/internal/modload/modfile.go:786 +0x15f fp=0xc0003b3858 sp=0xc0003b36f8 pc=0x8a3e3f
cmd/go/internal/modload.rawGoModSummary.func1()
	cmd/go/internal/modload/modfile.go:695 +0x59 fp=0xc0003b39c0 sp=0xc0003b3858 pc=0x8a33b9
cmd/internal/par.(*ErrCache[...]).Do.func1()
	cmd/internal/par/work.go:119 +0x13 fp=0xc0003b39d0 sp=0xc0003b39c0 pc=0x8b3b33
cmd/internal/par.(*Cache[...]).Do(0xcd5240, {{0xc00002c9f0, 0x21}, {0xc000015146, 0x7}}, 0xc000073a80)
	cmd/internal/par/work.go:160 +0x13c fp=0xc0003b3a48 sp=0xc0003b39d0 pc=0x8b3d7c
cmd/internal/par.(*ErrCache[...]).Do(0x0?, {{0xc00002c9f0?, 0xc00002c8d0?}, {0xc000015146?, 0x0?}}, 0xba3f93?)
	cmd/internal/par/work.go:118 +0x45 fp=0xc0003b3aa8 sp=0xc0003b3a48 pc=0x8b3ac5
cmd/go/internal/modload.rawGoModSummary({{0xc00002c9f0?, 0x20?}, {0xc000015146?, 0x1f?}})
	cmd/go/internal/modload/modfile.go:693 +0x385 fp=0xc0003b3b58 sp=0xc0003b3aa8 pc=0x8a3265
cmd/go/internal/modload.goModSummary({{0xc00002c9f0?, 0x3c?}, {0xc000015146?, 0xffff9c479f10?}})
	cmd/go/internal/modload/modfile.go:602 +0x3ae fp=0xc0003b3ca8 sp=0xc0003b3b58 pc=0x8a27ee
cmd/go/internal/modload.readModGraph.func2.1()
	cmd/go/internal/modload/buildlist.go:380 +0x65 fp=0xc0003b3d48 sp=0xc0003b3ca8 pc=0x86e345
cmd/internal/par.(*ErrCache[...]).Do.func1()
	cmd/internal/par/work.go:119 +0x13 fp=0xc0003b3d58 sp=0xc0003b3d48 pc=0x8b3b33
cmd/internal/par.(*Cache[...]).Do(0xcd5240, {{0xc00002c9f0, 0x21}, {0xc000015146, 0x7}}, 0xc000073e08)
	cmd/internal/par/work.go:160 +0x13c fp=0xc0003b3dd0 sp=0xc0003b3d58 pc=0x8b3d7c
cmd/internal/par.(*ErrCache[...]).Do(0x0?, {{0xc00002c9f0?, 0x0?}, {0xc000015146?, 0x0?}}, 0x0?)
	cmd/internal/par/work.go:118 +0x45 fp=0xc0003b3e30 sp=0xc0003b3dd0 pc=0x8b3ac5
cmd/go/internal/modload.readModGraph.func2({{0xc00002c9f0?, 0x0?}, {0xc000015146?, 0x0?}})
	cmd/go/internal/modload/buildlist.go:379 +0x9b fp=0xc0003b3eb8 sp=0xc0003b3e30 pc=0x86e29b
cmd/go/internal/modload.readModGraph.func3.1()
	cmd/go/internal/modload/buildlist.go:408 +0x56 fp=0xc0003b3f60 sp=0xc0003b3eb8 pc=0x86e0d6
cmd/internal/par.(*Queue).Add.func1()
	cmd/internal/par/queue.go:58 +0x5c fp=0xc0003b3fe0 sp=0xc0003b3f60 pc=0x5edd3c
runtime.goexit({})
	runtime/asm_amd64.s:1700 +0x1 fp=0xc0003b3fe8 sp=0xc0003b3fe0 pc=0x487861
created by cmd/internal/par.(*Queue).Add in goroutine 1
	cmd/internal/par/queue.go:56 +0x1d3

goroutine 18 gp=0xc000102380 m=nil [select]:
runtime.gopark(0xc0001b75b8?, 0x2?, 0xe8?, 0x24?, 0xc0001b7470?)
	runtime/proc.go:435 +0xce fp=0xc0001b72f8 sp=0xc0001b72d8 pc=0x47fa2e
runtime.selectgo(0xc0001b75b8, 0xc0001b746c, 0x14?, 0x0, 0x0?, 0x1)
	runtime/select.go:351 +0x837 fp=0xc0001b7430 sp=0xc0001b72f8 pc=0x45d597
net.(*Resolver).lookupIPAddr(0x1316040, {0xcd0a20, 0xc0000eff10}, {0xba2f91, 0x3}, {0xc000142018, 0x10})
	net/lookup.go:342 +0x3d9 fp=0xc0001b7610 sp=0xc0001b7430 pc=0x6be139
net.(*Resolver).internetAddrList(0x1316040?, {0xcd0a20?, 0xc0000eff10?}, {0xba2f91, 0x3}, {0xc000142018?, 0x423165?})
	net/ipsock.go:289 +0x4c5 fp=0xc0001b7708 sp=0xc0001b7610 pc=0x6bc425
net.(*Resolver).resolveAddrList(0x1316040, {0xcd0a20, 0xc0000eff10}, {0xba35b1, 0x4}, {0xba2f91?, 0x426405?}, {0xc000142018, 0x14}, {0x0, ...})
	net/dial.go:353 +0x3e5 fp=0xc0001b7808 sp=0xc0001b7708 pc=0x6aa265
net.(*Dialer).DialContext(0xc0000fc2d0, {0xcd09b0, 0xc0001320f0}, {0xba2f91, 0x3}, {0xc000142018, 0x14})
	net/dial.go:560 +0x408 fp=0xc0001b7978 sp=0xc0001b7808 pc=0x6ab008
net.(*Dialer).DialContext-fm({0xcd09b0?, 0xc0001320f0?}, {0xba2f91?, 0x1339ea0?}, {0xc000142018?, 0xc000298a18?})
	<autogenerated>:1 +0x49 fp=0xc0001b79c0 sp=0xc0001b7978 pc=0x7c6629
net/http.(*Transport).dial(0xc000015110?, {0xcd09b0?, 0xc0001320f0?}, {0xba2f91?, 0x1316520?}, {0xc000142018?, 0xc0000286e0?})
	net/http/transport.go:1278 +0xd2 fp=0xc0001b7a28 sp=0xc0001b79c0 pc=0x7afb92
net/http.(*Transport).dialConn(0x12c2960, {0xcd09b0, 0xc0001320f0}, {{}, 0x0, {0xc000124140, 0x5}, {0xc000142018, 0x14}, 0x0})
	net/http/transport.go:1783 +0x7e5 fp=0xc0001b7ee0 sp=0xc0001b7a28 pc=0x7b2b65
net/http.(*Transport).dialConnFor(0x12c2960, 0xc000148000)
	net/http/transport.go:1618 +0xb8 fp=0xc0001b7f90 sp=0xc0001b7ee0 pc=0x7b1678
net/http.(*Transport).startDialConnForLocked.func1()
	net/http/transport.go:1600 +0x35 fp=0xc0001b7fe0 sp=0xc0001b7f90 pc=0x7b14b5
runtime.goexit({})
	runtime/asm_amd64.s:1700 +0x1 fp=0xc0001b7fe8 sp=0xc0001b7fe0 pc=0x487861
created by net/http.(*Transport).startDialConnForLocked in goroutine 11
	net/http/transport.go:1599 +0x112

goroutine 34 gp=0xc000402380 m=nil [select]:
runtime.gopark(0xc0001195b8?, 0x2?, 0x8?, 0x0?, 0xc000119470?)
	runtime/proc.go:435 +0xce fp=0xc0001192f8 sp=0xc0001192d8 pc=0x47fa2e
runtime.selectgo(0xc0001195b8, 0xc00011946c, 0x14?, 0x0, 0x0?, 0x1)
	runtime/select.go:351 +0x837 fp=0xc000119430 sp=0xc0001192f8 pc=0x45d597
net.(*Resolver).lookupIPAddr(0x1316040, {0xcd0a20, 0xc0004221c0}, {0xba2f91, 0x3}, {0xc00041a018, 0x10})
	net/lookup.go:342 +0x3d9 fp=0xc000119610 sp=0xc000119430 pc=0x6be139
net.(*Resolver).internetAddrList(0x1316040?, {0xcd0a20?, 0xc0004221c0?}, {0xba2f91, 0x3}, {0xc00041a018?, 0x423165?})
	net/ipsock.go:289 +0x4c5 fp=0xc000119708 sp=0xc000119610 pc=0x6bc425
net.(*Resolver).resolveAddrList(0x1316040, {0xcd0a20, 0xc0004221c0}, {0xba35b1, 0x4}, {0xba2f91?, 0x426405?}, {0xc00041a018, 0x14}, {0x0, ...})
	net/dial.go:353 +0x3e5 fp=0xc000119808 sp=0xc000119708 pc=0x6aa265
net.(*Dialer).DialContext(0xc0000fc2d0, {0xcd09b0, 0xc00041e0a0}, {0xba2f91, 0x3}, {0xc00041a018, 0x14})
	net/dial.go:560 +0x408 fp=0xc000119978 sp=0xc000119808 pc=0x6ab008
net.(*Dialer).DialContext-fm({0xcd09b0?, 0xc00041e0a0?}, {0xba2f91?, 0x1339ea0?}, {0xc00041a018?, 0xc000480a18?})
	<autogenerated>:1 +0x49 fp=0xc0001199c0 sp=0xc000119978 pc=0x7c6629
net/http.(*Transport).dial(0x0?, {0xcd09b0?, 0xc00041e0a0?}, {0xba2f91?, 0x0?}, {0xc00041a018?, 0x0?})
	net/http/transport.go:1278 +0xd2 fp=0xc000119a28 sp=0xc0001199c0 pc=0x7afb92
net/http.(*Transport).dialConn(0x12c2960, {0xcd09b0, 0xc00041e0a0}, {{}, 0x0, {0xc00020e1c0, 0x5}, {0xc00041a018, 0x14}, 0x0})
	net/http/transport.go:1783 +0x7e5 fp=0xc000119ee0 sp=0xc000119a28 pc=0x7b2b65
net/http.(*Transport).dialConnFor(0x12c2960, 0xc000426000)
	net/http/transport.go:1618 +0xb8 fp=0xc000119f90 sp=0xc000119ee0 pc=0x7b1678
net/http.(*Transport).startDialConnForLocked.func1()
	net/http/transport.go:1600 +0x35 fp=0xc000119fe0 sp=0xc000119f90 pc=0x7b14b5
runtime.goexit({})
	runtime/asm_amd64.s:1700 +0x1 fp=0xc000119fe8 sp=0xc000119fe0 pc=0x487861
created by net/http.(*Transport).startDialConnForLocked in goroutine 8
	net/http/transport.go:1599 +0x112

goroutine 50 gp=0xc0002bc000 m=nil [select]:
runtime.gopark(0xc0001b35b8?, 0x2?, 0x0?, 0xc0?, 0xc0001b3470?)
	runtime/proc.go:435 +0xce fp=0xc0001b32f8 sp=0xc0001b32d8 pc=0x47fa2e
runtime.selectgo(0xc0001b35b8, 0xc0001b346c, 0x14?, 0x0, 0x0?, 0x1)
	runtime/select.go:351 +0x837 fp=0xc0001b3430 sp=0xc0001b32f8 pc=0x45d597
net.(*Resolver).lookupIPAddr(0x1316040, {0xcd0a20, 0xc0002b81c0}, {0xba2f91, 0x3}, {0xc0002ac0c0, 0x10})
	net/lookup.go:342 +0x3d9 fp=0xc0001b3610 sp=0xc0001b3430 pc=0x6be139
net.(*Resolver).internetAddrList(0x1316040?, {0xcd0a20?, 0xc0002b81c0?}, {0xba2f91, 0x3}, {0xc0002ac0c0?, 0x423165?})
	net/ipsock.go:289 +0x4c5 fp=0xc0001b3708 sp=0xc0001b3610 pc=0x6bc425
net.(*Resolver).resolveAddrList(0x1316040, {0xcd0a20, 0xc0002b81c0}, {0xba35b1, 0x4}, {0xba2f91?, 0xc00029c9b0?}, {0xc0002ac0c0, 0x14}, {0x0, ...})
	net/dial.go:353 +0x3e5 fp=0xc0001b3808 sp=0xc0001b3708 pc=0x6aa265
net.(*Dialer).DialContext(0xc0000fc2d0, {0xcd09b0, 0xc000282fa0}, {0xba2f91, 0x3}, {0xc0002ac0c0, 0x14})
	net/dial.go:560 +0x408 fp=0xc0001b3978 sp=0xc0001b3808 pc=0x6ab008
net.(*Dialer).DialContext-fm({0xcd09b0?, 0xc000282fa0?}, {0xba2f91?, 0x1339ea0?}, {0xc0002ac0c0?, 0xc00029ca18?})
	<autogenerated>:1 +0x49 fp=0xc0001b39c0 sp=0xc0001b3978 pc=0x7c6629
net/http.(*Transport).dial(0xc000015140?, {0xcd09b0?, 0xc000282fa0?}, {0xba2f91?, 0x1316520?}, {0xc0002ac0c0?, 0xc000000978?})
	net/http/transport.go:1278 +0xd2 fp=0xc0001b3a28 sp=0xc0001b39c0 pc=0x7afb92
net/http.(*Transport).dialConn(0x12c2960, {0xcd09b0, 0xc000282fa0}, {{}, 0x0, {0xc0002a80a0, 0x5}, {0xc0002ac0c0, 0x14}, 0x0})
	net/http/transport.go:1783 +0x7e5 fp=0xc0001b3ee0 sp=0xc0001b3a28 pc=0x7b2b65
net/http.(*Transport).dialConnFor(0x12c2960, 0xc0002ba000)
	net/http/transport.go:1618 +0xb8 fp=0xc0001b3f90 sp=0xc0001b3ee0 pc=0x7b1678
net/http.(*Transport).startDialConnForLocked.func1()
	net/http/transport.go:1600 +0x35 fp=0xc0001b3fe0 sp=0xc0001b3f90 pc=0x7b14b5
runtime.goexit({})
	runtime/asm_amd64.s:1700 +0x1 fp=0xc0001b3fe8 sp=0xc0001b3fe0 pc=0x487861
created by net/http.(*Transport).startDialConnForLocked in goroutine 13
	net/http/transport.go:1599 +0x112

goroutine 51 gp=0xc0002bc1c0 m=nil [chan receive]:
runtime.gopark(0xf?, 0xc0002b01a0?, 0xb1?, 0x1?, 0xc0001b5370?)
	runtime/proc.go:435 +0xce fp=0xc0001b52f8 sp=0xc0001b52d8 pc=0x47fa2e
runtime.chanrecv(0xc0002b8310, 0xc0001b53a8, 0x1)
	runtime/chan.go:664 +0x445 fp=0xc0001b5370 sp=0xc0001b52f8 pc=0x41b1a5
runtime.chanrecv1(0x454c3f?, 0xc0001b53a8?)
	runtime/chan.go:506 +0x12 fp=0xc0001b5398 sp=0xc0001b5370 pc=0x41ad32
net.(*Resolver).goLookupIPCNAMEOrder.func4({0x0?, 0x0?}, 0xc1c0?)
	net/dnsclient_unix.go:673 +0x65 fp=0xc0001b5428 sp=0xc0001b5398 pc=0x6b2005
net.(*Resolver).goLookupIPCNAMEOrder(_, {_, _}, {_, _}, {_, _}, _, _)
	net/dnsclient_unix.go:683 +0xbe6 fp=0xc0001b5c00 sp=0xc0001b5428 pc=0x6b1326
net.(*Resolver).lookupIP(0x1316040, {0xcd09b0, 0xc000282ff0}, {0xba2f91, 0x3}, {0xc0002ac0c0, 0x10})
	net/lookup_unix.go:68 +0x131 fp=0xc0001b5e58 sp=0xc0001b5c00 pc=0x6bf3f1
net.(*Resolver).lookupIP-fm({0xcd09b0?, 0xc000282ff0?}, {0xba2f91?, 0xc0002ba078?}, {0xc0002ac0c0?, 0xc00005beb0?})
	<autogenerated>:1 +0x49 fp=0xc0001b5ea0 sp=0xc0001b5e58 pc=0x6d4b89
net.init.func1({0xcd09b0?, 0xc000282ff0?}, 0xc000282fa0?, {0xba2f91?, 0xc0002a80a0?}, {0xc0002ac0c0?, 0xc0002ac0c0?})
	net/hook.go:21 +0x37 fp=0xc0001b5ee0 sp=0xc0001b5ea0 pc=0x6a5897
net.(*Resolver).lookupIPAddr.func1()
	net/lookup.go:334 +0x37 fp=0xc0001b5f38 sp=0xc0001b5ee0 pc=0x6be9f7
internal/singleflight.(*Group).doCall(0x1316050, 0xc000283040, {0xc0002ac0d8, 0x14}, 0x0?)
	internal/singleflight/singleflight.go:93 +0x34 fp=0xc0001b5fa8 sp=0xc0001b5f38 pc=0x6a49b4
internal/singleflight.(*Group).DoChan.gowrap1()
	internal/singleflight/singleflight.go:86 +0x30 fp=0xc0001b5fe0 sp=0xc0001b5fa8 pc=0x6a4950
runtime.goexit({})
	runtime/asm_amd64.s:1700 +0x1 fp=0xc0001b5fe8 sp=0xc0001b5fe0 pc=0x487861
created by internal/singleflight.(*Group).DoChan in goroutine 50
	internal/singleflight/singleflight.go:86 +0x2d3

goroutine 66 gp=0xc00022c000 m=nil [select]:
runtime.gopark(0xc00011b5b8?, 0x2?, 0x8?, 0x60?, 0xc00011b470?)
	runtime/proc.go:435 +0xce fp=0xc00011b2f8 sp=0xc00011b2d8 pc=0x47fa2e
runtime.selectgo(0xc00011b5b8, 0xc00011b46c, 0x14?, 0x0, 0x0?, 0x1)
	runtime/select.go:351 +0x837 fp=0xc00011b430 sp=0xc00011b2f8 pc=0x45d597
net.(*Resolver).lookupIPAddr(0x1316040, {0xcd0a20, 0xc0002281c0}, {0xba2f91, 0x3}, {0xc000222018, 0x10})
	net/lookup.go:342 +0x3d9 fp=0xc00011b610 sp=0xc00011b430 pc=0x6be139
net.(*Resolver).internetAddrList(0x1316040?, {0xcd0a20?, 0xc0002281c0?}, {0xba2f91, 0x3}, {0xc000222018?, 0x423165?})
	net/ipsock.go:289 +0x4c5 fp=0xc00011b708 sp=0xc00011b610 pc=0x6bc425
net.(*Resolver).resolveAddrList(0x1316040, {0xcd0a20, 0xc0002281c0}, {0xba35b1, 0x4}, {0xba2f91?, 0x426405?}, {0xc000222018, 0x14}, {0x0, ...})
	net/dial.go:353 +0x3e5 fp=0xc00011b808 sp=0xc00011b708 pc=0x6aa265
net.(*Dialer).DialContext(0xc0000fc2d0, {0xcd09b0, 0xc000218140}, {0xba2f91, 0x3}, {0xc000222018, 0x14})
	net/dial.go:560 +0x408 fp=0xc00011b978 sp=0xc00011b808 pc=0x6ab008
net.(*Dialer).DialContext-fm({0xcd09b0?, 0xc000218140?}, {0xba2f91?, 0x1339ea0?}, {0xc000222018?, 0xc00006ea18?})
	<autogenerated>:1 +0x49 fp=0xc00011b9c0 sp=0xc00011b978 pc=0x7c6629
net/http.(*Transport).dial(0xc00002c930?, {0xcd09b0?, 0xc000218140?}, {0xba2f91?, 0x1316520?}, {0xc000222018?, 0xc00002c900?})
	net/http/transport.go:1278 +0xd2 fp=0xc00011ba28 sp=0xc00011b9c0 pc=0x7afb92
net/http.(*Transport).dialConn(0x12c2960, {0xcd09b0, 0xc000218140}, {{}, 0x0, {0xc00020e460, 0x5}, {0xc000222018, 0x14}, 0x0})
	net/http/transport.go:1783 +0x7e5 fp=0xc00011bee0 sp=0xc00011ba28 pc=0x7b2b65
net/http.(*Transport).dialConnFor(0x12c2960, 0xc00022a000)
	net/http/transport.go:1618 +0xb8 fp=0xc00011bf90 sp=0xc00011bee0 pc=0x7b1678
net/http.(*Transport).startDialConnForLocked.func1()
	net/http/transport.go:1600 +0x35 fp=0xc00011bfe0 sp=0xc00011bf90 pc=0x7b14b5
runtime.goexit({})
	runtime/asm_amd64.s:1700 +0x1 fp=0xc00011bfe8 sp=0xc00011bfe0 pc=0x487861
created by net/http.(*Transport).startDialConnForLocked in goroutine 7
	net/http/transport.go:1599 +0x112

goroutine 82 gp=0xc0004ba000 m=nil [select]:
runtime.gopark(0xc0004935b8?, 0x2?, 0xe8?, 0x24?, 0xc000493470?)
	runtime/proc.go:435 +0xce fp=0xc0004932f8 sp=0xc0004932d8 pc=0x47fa2e
runtime.selectgo(0xc0004935b8, 0xc00049346c, 0x14?, 0x0, 0x0?, 0x1)
	runtime/select.go:351 +0x837 fp=0xc000493430 sp=0xc0004932f8 pc=0x45d597
net.(*Resolver).lookupIPAddr(0x1316040, {0xcd0a20, 0xc0004b41c0}, {0xba2f91, 0x3}, {0xc0004b0018, 0x10})
	net/lookup.go:342 +0x3d9 fp=0xc000493610 sp=0xc000493430 pc=0x6be139
net.(*Resolver).internetAddrList(0x1316040?, {0xcd0a20?, 0xc0004b41c0?}, {0xba2f91, 0x3}, {0xc0004b0018?, 0x423165?})
	net/ipsock.go:289 +0x4c5 fp=0xc000493708 sp=0xc000493610 pc=0x6bc425
net.(*Resolver).resolveAddrList(0x1316040, {0xcd0a20, 0xc0004b41c0}, {0xba35b1, 0x4}, {0xba2f91?, 0x426405?}, {0xc0004b0018, 0x14}, {0x0, ...})
	net/dial.go:353 +0x3e5 fp=0xc000493808 sp=0xc000493708 pc=0x6aa265
net.(*Dialer).DialContext(0xc0000fc2d0, {0xcd09b0, 0xc0004a80f0}, {0xba2f91, 0x3}, {0xc0004b0018, 0x14})
	net/dial.go:560 +0x408 fp=0xc000493978 sp=0xc000493808 pc=0x6ab008
net.(*Dialer).DialContext-fm({0xcd09b0?, 0xc0004a80f0?}, {0xba2f91?, 0x1339ea0?}, {0xc0004b0018?, 0xc000484a18?})
	<autogenerated>:1 +0x49 fp=0xc0004939c0 sp=0xc000493978 pc=0x7c6629
net/http.(*Transport).dial(0xc0000150e8?, {0xcd09b0?, 0xc0004a80f0?}, {0xba2f91?, 0x1316520?}, {0xc0004b0018?, 0xc0000286c0?})
	net/http/transport.go:1278 +0xd2 fp=0xc000493a28 sp=0xc0004939c0 pc=0x7afb92
net/http.(*Transport).dialConn(0x12c2960, {0xcd09b0, 0xc0004a80f0}, {{}, 0x0, {0xc00049a140, 0x5}, {0xc0004b0018, 0x14}, 0x0})
	net/http/transport.go:1783 +0x7e5 fp=0xc000493ee0 sp=0xc000493a28 pc=0x7b2b65
net/http.(*Transport).dialConnFor(0x12c2960, 0xc0004b6000)
	net/http/transport.go:1618 +0xb8 fp=0xc000493f90 sp=0xc000493ee0 pc=0x7b1678
net/http.(*Transport).startDialConnForLocked.func1()
	net/http/transport.go:1600 +0x35 fp=0xc000493fe0 sp=0xc000493f90 pc=0x7b14b5
runtime.goexit({})
	runtime/asm_amd64.s:1700 +0x1 fp=0xc000493fe8 sp=0xc000493fe0 pc=0x487861
created by net/http.(*Transport).startDialConnForLocked in goroutine 10
	net/http/transport.go:1599 +0x112

goroutine 98 gp=0xc000382380 m=nil [select]:
runtime.gopark(0xc00031f5b8?, 0x2?, 0x8?, 0x0?, 0xc00031f470?)
	runtime/proc.go:435 +0xce fp=0xc00031f2f8 sp=0xc00031f2d8 pc=0x47fa2e
runtime.selectgo(0xc00031f5b8, 0xc00031f46c, 0x14?, 0x0, 0x0?, 0x1)
	runtime/select.go:351 +0x837 fp=0xc00031f430 sp=0xc00031f2f8 pc=0x45d597
net.(*Resolver).lookupIPAddr(0x1316040, {0xcd0a20, 0xc0003bc1c0}, {0xba2f91, 0x3}, {0xc0003b8018, 0x10})
	net/lookup.go:342 +0x3d9 fp=0xc00031f610 sp=0xc00031f430 pc=0x6be139
net.(*Resolver).internetAddrList(0x1316040?, {0xcd0a20?, 0xc0003bc1c0?}, {0xba2f91, 0x3}, {0xc0003b8018?, 0x423165?})
	net/ipsock.go:289 +0x4c5 fp=0xc00031f708 sp=0xc00031f610 pc=0x6bc425
net.(*Resolver).resolveAddrList(0x1316040, {0xcd0a20, 0xc0003bc1c0}, {0xba35b1, 0x4}, {0xba2f91?, 0x426405?}, {0xc0003b8018, 0x14}, {0x0, ...})
	net/dial.go:353 +0x3e5 fp=0xc00031f808 sp=0xc00031f708 pc=0x6aa265
net.(*Dialer).DialContext(0xc0000fc2d0, {0xcd09b0, 0xc0003a60f0}, {0xba2f91, 0x3}, {0xc0003b8018, 0x14})
	net/dial.go:560 +0x408 fp=0xc00031f978 sp=0xc00031f808 pc=0x6ab008
net.(*Dialer).DialContext-fm({0xcd09b0?, 0xc0003a60f0?}, {0xba2f91?, 0x1339ea0?}, {0xc0003b8018?, 0xc000310a18?})
	<autogenerated>:1 +0x49 fp=0xc00031f9c0 sp=0xc00031f978 pc=0x7c6629
net/http.(*Transport).dial(0xc0000150e0?, {0xcd09b0?, 0xc0003a60f0?}, {0xba2f91?, 0x1316520?}, {0xc0003b8018?, 0xc00002c9c0?})
	net/http/transport.go:1278 +0xd2 fp=0xc00031fa28 sp=0xc00031f9c0 pc=0x7afb92
net/http.(*Transport).dialConn(0x12c2960, {0xcd09b0, 0xc0003a60f0}, {{}, 0x0, {0xc0003a8000, 0x5}, {0xc0003b8018, 0x14}, 0x0})
	net/http/transport.go:1783 +0x7e5 fp=0xc00031fee0 sp=0xc00031fa28 pc=0x7b2b65
net/http.(*Transport).dialConnFor(0x12c2960, 0xc0003be000)
	net/http/transport.go:1618 +0xb8 fp=0xc00031ff90 sp=0xc00031fee0 pc=0x7b1678
net/http.(*Transport).startDialConnForLocked.func1()
	net/http/transport.go:1600 +0x35 fp=0xc00031ffe0 sp=0xc00031ff90 pc=0x7b14b5
runtime.goexit({})
	runtime/asm_amd64.s:1700 +0x1 fp=0xc00031ffe8 sp=0xc00031ffe0 pc=0x487861
created by net/http.(*Transport).startDialConnForLocked in goroutine 9
	net/http/transport.go:1599 +0x112

goroutine 99 gp=0xc000382540 m=nil [select]:
runtime.gopark(0xc0003215b8?, 0x2?, 0xe8?, 0x24?, 0xc000321470?)
	runtime/proc.go:435 +0xce fp=0xc0003212f8 sp=0xc0003212d8 pc=0x47fa2e
runtime.selectgo(0xc0003215b8, 0xc00032146c, 0x14?, 0x0, 0x0?, 0x1)
	runtime/select.go:351 +0x837 fp=0xc000321430 sp=0xc0003212f8 pc=0x45d597
net.(*Resolver).lookupIPAddr(0x1316040, {0xcd0a20, 0xc0003bc4d0}, {0xba2f91, 0x3}, {0xc0003b8048, 0x10})
	net/lookup.go:342 +0x3d9 fp=0xc000321610 sp=0xc000321430 pc=0x6be139
net.(*Resolver).internetAddrList(0x1316040?, {0xcd0a20?, 0xc0003bc4d0?}, {0xba2f91, 0x3}, {0xc0003b8048?, 0x423165?})
	net/ipsock.go:289 +0x4c5 fp=0xc000321708 sp=0xc000321610 pc=0x6bc425
net.(*Resolver).resolveAddrList(0x1316040, {0xcd0a20, 0xc0003bc4d0}, {0xba35b1, 0x4}, {0xba2f91?, 0x426405?}, {0xc0003b8048, 0x14}, {0x0, ...})
	net/dial.go:353 +0x3e5 fp=0xc000321808 sp=0xc000321708 pc=0x6aa265
net.(*Dialer).DialContext(0xc0000fc2d0, {0xcd09b0, 0xc0003a6230}, {0xba2f91, 0x3}, {0xc0003b8048, 0x14})
	net/dial.go:560 +0x408 fp=0xc000321978 sp=0xc000321808 pc=0x6ab008
net.(*Dialer).DialContext-fm({0xcd09b0?, 0xc0003a6230?}, {0xba2f91?, 0x1339ea0?}, {0xc0003b8048?, 0xc000310a18?})
	<autogenerated>:1 +0x49 fp=0xc0003219c0 sp=0xc000321978 pc=0x7c6629
net/http.(*Transport).dial(0xc0000150e0?, {0xcd09b0?, 0xc0003a6230?}, {0xba2f91?, 0x1316520?}, {0xc0003b8048?, 0xc00002c9c0?})
	net/http/transport.go:1278 +0xd2 fp=0xc000321a28 sp=0xc0003219c0 pc=0x7afb92
net/http.(*Transport).dialConn(0x12c2960, {0xcd09b0, 0xc0003a6230}, {{}, 0x0, {0xc00032a140, 0x5}, {0xc0003b8048, 0x14}, 0x0})
	net/http/transport.go:1783 +0x7e5 fp=0xc000321ee0 sp=0xc000321a28 pc=0x7b2b65
net/http.(*Transport).dialConnFor(0x12c2960, 0xc0003be0b0)
	net/http/transport.go:1618 +0xb8 fp=0xc000321f90 sp=0xc000321ee0 pc=0x7b1678
net/http.(*Transport).startDialConnForLocked.func1()
	net/http/transport.go:1600 +0x35 fp=0xc000321fe0 sp=0xc000321f90 pc=0x7b14b5
runtime.goexit({})
	runtime/asm_amd64.s:1700 +0x1 fp=0xc000321fe8 sp=0xc000321fe0 pc=0x487861
created by net/http.(*Transport).startDialConnForLocked in goroutine 12
	net/http/transport.go:1599 +0x112

goroutine 114 gp=0xc000302380 m=nil [select]:
runtime.gopark(0xc0003235b8?, 0x2?, 0xe8?, 0x24?, 0xc000323470?)
	runtime/proc.go:435 +0xce fp=0xc0003232f8 sp=0xc0003232d8 pc=0x47fa2e
runtime.selectgo(0xc0003235b8, 0xc00032346c, 0x14?, 0x0, 0x47d0c5?, 0x1)
	runtime/select.go:351 +0x837 fp=0xc000323430 sp=0xc0003232f8 pc=0x45d597
net.(*Resolver).lookupIPAddr(0x1316040, {0xcd0a20, 0xc00034e1c0}, {0xba2f91, 0x3}, {0xc000348030, 0x10})
	net/lookup.go:342 +0x3d9 fp=0xc000323610 sp=0xc000323430 pc=0x6be139
net.(*Resolver).internetAddrList(0x1316040?, {0xcd0a20?, 0xc00034e1c0?}, {0xba2f91, 0x3}, {0xc000348030?, 0x423165?})
	net/ipsock.go:289 +0x4c5 fp=0xc000323708 sp=0xc000323610 pc=0x6bc425
net.(*Resolver).resolveAddrList(0x1316040, {0xcd0a20, 0xc00034e1c0}, {0xba35b1, 0x4}, {0xba2f91?, 0x426405?}, {0xc000348030, 0x14}, {0x0, ...})
	net/dial.go:353 +0x3e5 fp=0xc000323808 sp=0xc000323708 pc=0x6aa265
net.(*Dialer).DialContext(0xc0000fc2d0, {0xcd09b0, 0xc000338140}, {0xba2f91, 0x3}, {0xc000348030, 0x14})
	net/dial.go:560 +0x408 fp=0xc000323978 sp=0xc000323808 pc=0x6ab008
net.(*Dialer).DialContext-fm({0xcd09b0?, 0xc000338140?}, {0xba2f91?, 0x1339ea0?}, {0xc000348030?, 0xc000073a18?})
	<autogenerated>:1 +0x49 fp=0xc0003239c0 sp=0xc000323978 pc=0x7c6629
net/http.(*Transport).dial(0xc000015146?, {0xcd09b0?, 0xc000338140?}, {0xba2f91?, 0x1316520?}, {0xc000348030?, 0xc00002c9f0?})
	net/http/transport.go:1278 +0xd2 fp=0xc000323a28 sp=0xc0003239c0 pc=0x7afb92
net/http.(*Transport).dialConn(0x12c2960, {0xcd09b0, 0xc000338140}, {{}, 0x0, {0xc00034a000, 0x5}, {0xc000348030, 0x14}, 0x0})
	net/http/transport.go:1783 +0x7e5 fp=0xc000323ee0 sp=0xc000323a28 pc=0x7b2b65
net/http.(*Transport).dialConnFor(0x12c2960, 0xc000350000)
	net/http/transport.go:1618 +0xb8 fp=0xc000323f90 sp=0xc000323ee0 pc=0x7b1678
net/http.(*Transport).startDialConnForLocked.func1()
	net/http/transport.go:1600 +0x35 fp=0xc000323fe0 sp=0xc000323f90 pc=0x7b14b5
runtime.goexit({})
	runtime/asm_amd64.s:1700 +0x1 fp=0xc000323fe8 sp=0xc000323fe0 pc=0x487861
created by net/http.(*Transport).startDialConnForLocked in goroutine 14
	net/http/transport.go:1599 +0x112

goroutine 52 gp=0xc0002bc380 m=nil [runnable]:
runtime.asyncPreempt2()
	runtime/preempt.go:308 +0x39 fp=0xc00048e9c8 sp=0xc00048e9a8 pc=0x4497f9
runtime.asyncPreempt()
	runtime/preempt_amd64.s:46 +0xdb fp=0xc00048eb50 sp=0xc00048e9c8 pc=0x488e1b
net.(*netFD).addrFunc(...)
	net/sockaddr_posix.go:42
net.(*netFD).dial(0xc000224080, {0xcd0a20, 0xc000228310}, {0xcd3268?, 0x0?}, {0xcd3268, 0xc000204750}, 0x0?)
	net/sock_posix.go:143 +0x75f fp=0xc00048ec28 sp=0xc00048eb50 pc=0x6c501f
net.socket({0xcd0a20, 0xc000228310}, {0xba2f94, 0x3}, 0x2, 0x2, 0x1339ea0?, 0x0, {0xcd3268, 0x0}, ...)
	net/sock_posix.go:70 +0x29b fp=0xc00048ecd0 sp=0xc00048ec28 pc=0x6c47bb
net.internetSocket({0xcd0a20, 0xc000228310}, {0xba2f94, 0x3}, {0xcd3268, 0x0}, {0xcd3268, 0xc000204750}, 0x2, 0x0, ...)
	net/ipsock_posix.go:167 +0xf8 fp=0xc00048ed48 sp=0xc00048ecd0 pc=0x6bce98
net.(*sysDialer).dialUDP(0x47c739?, {0xcd0a20?, 0xc000228310?}, 0xabc700?, 0xc00048ee70?)
	net/udpsock_posix.go:212 +0xa7 fp=0xc00048edd8 sp=0xc00048ed48 pc=0x6cbba7
net.(*sysDialer).dialSingle(0xc000234000, {0xcd0a20, 0xc000228310}, {0xcce870, 0xc000204750})
	net/dial.go:725 +0x28b fp=0xc00048eea8 sp=0xc00048edd8 pc=0x6aca6b
net.(*sysDialer).dialSerial(0xc000234000, {0xcd0a20, 0xc000228310}, {0xc000214110?, 0x1, 0x1c?})
	net/dial.go:686 +0x24e fp=0xc00048efb0 sp=0xc00048eea8 pc=0x6ac38e
net.(*sysDialer).dialParallel(0x0?, {0xcd0a20?, 0xc000228310?}, {0xc000214110?, 0xc000228310?, 0xba35b1?}, {0x0?, 0xba2f94?, 0xc00048f230?})
	net/dial.go:587 +0x3a7 fp=0xc00048f1c8 sp=0xc00048efb0 pc=0x6aba67
net.(*Dialer).DialContext(0xc00048f380, {0xcd0a20, 0xc000228310}, {0xba2f94, 0x3}, {0xc0002a40b0, 0xe})
	net/dial.go:578 +0x6ac fp=0xc00048f338 sp=0xc00048f1c8 pc=0x6ab2ac
net.(*Resolver).dial(0xc000214100?, {0xcd0a20?, 0xc000228310?}, {0xba2f94?, 0x13173a0?}, {0xc0002a40b0?, 0x0?})
	net/lookup.go:693 +0xa5 fp=0xc00048f420 sp=0xc00048f338 pc=0x6bed25
net.(*Resolver).exchange(_, {_, _}, {_, _}, {{{0x70, 0x72, 0x6f, 0x78, 0x79, ...}, ...}, ...}, ...)
	net/dnsclient_unix.go:185 +0x34a fp=0xc00048f7f8 sp=0xc00048f420 pc=0x6ae32a
net.(*Resolver).tryOneName(0x1316040, {0xcd09b0, 0xc000282ff0}, 0xc00028adc0?, {0xc0002ac468, 0x11}, 0x1)
	net/dnsclient_unix.go:316 +0x4c6 fp=0xc00048fe18 sp=0xc00048f7f8 pc=0x6af6c6
net.(*Resolver).goLookupIPCNAMEOrder.func3.1(0x0?)
	net/dnsclient_unix.go:667 +0x85 fp=0xc00048ffc8 sp=0xc00048fe18 pc=0x6b22e5
net.(*Resolver).goLookupIPCNAMEOrder.func3.gowrap1()
	net/dnsclient_unix.go:670 +0x24 fp=0xc00048ffe0 sp=0xc00048ffc8 pc=0x6b2224
runtime.goexit({})
	runtime/asm_amd64.s:1700 +0x1 fp=0xc00048ffe8 sp=0xc00048ffe0 pc=0x487861
created by net.(*Resolver).goLookupIPCNAMEOrder.func3 in goroutine 51
	net/dnsclient_unix.go:666 +0x13f

goroutine 53 gp=0xc0002bc540 m=nil [runnable]:
runtime.asyncPreempt2()
	runtime/preempt.go:308 +0x39 fp=0xc0001b88e8 sp=0xc0001b88c8 pc=0x4497f9
runtime.asyncPreempt()
	runtime/preempt_amd64.s:46 +0xdb fp=0xc0001b8a70 sp=0xc0001b88e8 pc=0x488e1b
syscall.getpeername(0xc0001b8acc?, 0x0?, 0x0?)
	syscall/zsyscall_linux_amd64.go:1500 +0x34 fp=0xc0001b8ab0 sp=0xc0001b8a70 pc=0x4a5434
syscall.Getpeername(0xc0000f6b80?)
	syscall/syscall_unix.go:306 +0x50 fp=0xc0001b8b50 sp=0xc0001b8ab0 pc=0x4a1770
net.(*netFD).dial(0xc0000f6b80, {0xcd0a20, 0xc0001da0e0}, {0xcd3268?, 0x0?}, {0xcd3268, 0xc0001d4900}, 0x0?)
	net/sock_posix.go:142 +0x610 fp=0xc0001b8c28 sp=0xc0001b8b50 pc=0x6c4ed0
net.socket({0xcd0a20, 0xc0001da0e0}, {0xba2f94, 0x3}, 0x2, 0x2, 0x1339ea0?, 0x0, {0xcd3268, 0x0}, ...)
	net/sock_posix.go:70 +0x29b fp=0xc0001b8cd0 sp=0xc0001b8c28 pc=0x6c47bb
net.internetSocket({0xcd0a20, 0xc0001da0e0}, {0xba2f94, 0x3}, {0xcd3268, 0x0}, {0xcd3268, 0xc0001d4900}, 0x2, 0x0, ...)
	net/ipsock_posix.go:167 +0xf8 fp=0xc0001b8d48 sp=0xc0001b8cd0 pc=0x6bce98
net.(*sysDialer).dialUDP(0x47c739?, {0xcd0a20?, 0xc0001da0e0?}, 0xabc700?, 0xc0001b8e70?)
	net/udpsock_posix.go:212 +0xa7 fp=0xc0001b8dd8 sp=0xc0001b8d48 pc=0x6cbba7
net.(*sysDialer).dialSingle(0xc0000ce240, {0xcd0a20, 0xc0001da0e0}, {0xcce870, 0xc0001d4900})
	net/dial.go:725 +0x28b fp=0xc0001b8ea8 sp=0xc0001b8dd8 pc=0x6aca6b
net.(*sysDialer).dialSerial(0xc0000ce240, {0xcd0a20, 0xc0001da0e0}, {0xc000031840?, 0x1, 0xc0001d48d0?})
	net/dial.go:686 +0x24e fp=0xc0001b8fb0 sp=0xc0001b8ea8 pc=0x6ac38e
net.(*sysDialer).dialParallel(0x0?, {0xcd0a20?, 0xc0001da0e0?}, {0xc000031840?, 0xc0001da0e0?, 0xba35b1?}, {0x0?, 0xba2f94?, 0x5?})
	net/dial.go:587 +0x3a7 fp=0xc0001b91c8 sp=0xc0001b8fb0 pc=0x6aba67
net.(*Dialer).DialContext(0xc0001b9380, {0xcd0a20, 0xc0001da0e0}, {0xba2f94, 0x3}, {0xc0002a40b0, 0xe})
	net/dial.go:578 +0x6ac fp=0xc0001b9338 sp=0xc0001b91c8 pc=0x6ab2ac
net.(*Resolver).dial(0xc000031830?, {0xcd0a20?, 0xc0001da0e0?}, {0xba2f94?, 0x13173a0?}, {0xc0002a40b0?, 0x0?})
	net/lookup.go:693 +0xa5 fp=0xc0001b9420 sp=0xc0001b9338 pc=0x6bed25
net.(*Resolver).exchange(_, {_, _}, {_, _}, {{{0x70, 0x72, 0x6f, 0x78, 0x79, ...}, ...}, ...}, ...)
	net/dnsclient_unix.go:185 +0x34a fp=0xc0001b97f8 sp=0xc0001b9420 pc=0x6ae32a
net.(*Resolver).tryOneName(0x1316040, {0xcd09b0, 0xc000282ff0}, 0xc00028adc0?, {0xc0002ac468, 0x11}, 0x1c)
	net/dnsclient_unix.go:316 +0x4c6 fp=0xc0001b9e18 sp=0xc0001b97f8 pc=0x6af6c6
net.(*Resolver).goLookupIPCNAMEOrder.func3.1(0x0?)
	net/dnsclient_unix.go:667 +0x85 fp=0xc0001b9fc8 sp=0xc0001b9e18 pc=0x6b22e5
net.(*Resolver).goLookupIPCNAMEOrder.func3.gowrap1()
	net/dnsclient_unix.go:670 +0x24 fp=0xc0001b9fe0 sp=0xc0001b9fc8 pc=0x6b2224
runtime.goexit({})
	runtime/asm_amd64.s:1700 +0x1 fp=0xc0001b9fe8 sp=0xc0001b9fe0 pc=0x487861
created by net.(*Resolver).goLookupIPCNAMEOrder.func3 in goroutine 51
	net/dnsclient_unix.go:666 +0x13f

rax    0x1
rbx    0x0
rcx    0x0
rdx    0x12a0195f3
rdi    0x133a0e8
rsi    0xffffffff92c786f0
rbp    0xffff1bffec48
rsp    0xffff1bffe5d0
r8     0x77
r9     0x72
r10    0xa
r11    0x0
r12    0xffff1bffe650
r13    0x1
r14    0xc0003021c0
r15    0x3
rip    0x44424e
rflags 0x206
cs     0x33
fs     0x0
gs     0x0
Error: [linux/amd64]: building at STEP "RUN go mod download": while running runtime: exit status 2

make: *** [podman-cross-build] Error 2
WARNING: Attempt 1 failed for console-dashboards-plugin @ release-coo-ocp-4.12 (exit code 2)
--- Attempt 2/3 ---
podman manifest rm quay.io/rh-ee-emurasak/console-dashboards-plugin:v0.4.3 || true
Untagged: quay.io/rh-ee-emurasak/console-dashboards-plugin:v0.4.3
Deleted: 2fd0b40d5e7d429c547200aadf774ffeaa35663676e0f4b8708b72d46c5ad61b
podman manifest create quay.io/rh-ee-emurasak/console-dashboards-plugin:v0.4.3
141a1a7123966c7ca9df800e64b5c4b2a57dd1b195115383f1701d27fd2dfb5e
podman build --platform=linux/arm64,linux/amd64 --manifest quay.io/rh-ee-emurasak/console-dashboards-plugin:v0.4.3 -f Dockerfile
[linux/amd64] [1/3] STEP 1/8: FROM registry.redhat.io/ubi8/nodejs-18:latest AS web-builder
[linux/amd64] [1/3] STEP 2/8: WORKDIR /opt/app-root
--> Using cache 301cea24795501cc39a9ca6b217f16396f00eabb1fe88dab658b495860a1cbda
--> 301cea247955
[linux/amd64] [1/3] STEP 3/8: USER 0
--> Using cache c81fbd578cd0c0c1030a15d103f74790bdd69dcd46084fb2fe768cf22f692140
--> c81fbd578cd0
[linux/amd64] [1/3] STEP 4/8: COPY web/package*.json web/
--> Using cache f37aedd44a6324dfc18935b5cec320d5695f8159c7f6d236632f905af43a58e2
--> f37aedd44a63
[linux/amd64] [1/3] STEP 5/8: COPY Makefile Makefile
--> Using cache 289b8289f5bc348f5c01044169a53de698ae1c7576dfc4a1cbfe08b230d00e6a
--> 289b8289f5bc
[linux/amd64] [1/3] STEP 6/8: RUN make install-frontend-ci-clean
--> Using cache 51686364ab041a85596c3afe304ebf64dc8b996568fe936dc9e493cf1a5df39e
--> 51686364ab04
[linux/amd64] [1/3] STEP 7/8: COPY web/ web/
--> Using cache fbdca2062ae6ec1c978ee0320906e8297195c2369deb75b404e04343ed54ff2c
--> fbdca2062ae6
[linux/amd64] [1/3] STEP 8/8: RUN make build-frontend
--> Using cache 3568954750003bd2e42071c692137d840b4ae401f2417b8ddf0a65a9aaa86b43
--> 356895475000
[linux/amd64] [2/3] STEP 1/11: FROM registry.ci.openshift.org/ocp/builder:rhel-8-golang-1.24-openshift-4.20 AS go-builder
[linux/amd64] [2/3] STEP 2/11: WORKDIR /opt/app-root
--> Using cache cb19625c3513abc1e9e88bf8e4b3a67011dea7fd91a2acad6f5ac83a462668dc
--> cb19625c3513
[linux/amd64] [2/3] STEP 3/11: COPY Makefile Makefile
--> Using cache 4606116a8de8351fc856eb15bb19f1ae0e4b073007893ee7e5bad552d86863d7
--> 4606116a8de8
[linux/amd64] [2/3] STEP 4/11: COPY go.mod go.mod
--> Using cache c433a27357f1cb9e15e93593e0580a5b2441fec2fe66c87feaa5c6c9a858ad1e
--> c433a27357f1
[linux/amd64] [2/3] STEP 5/11: COPY go.sum go.sum
--> Using cache 856d6c34b743c27862803be5ac080dd8c09c1bd2b62ff461fba23207a58d45f1
--> 856d6c34b743
[linux/amd64] [2/3] STEP 6/11: RUN go mod download
SIGSEGV: segmentation violation
PC=0x44424e m=4 sigcode=1 addr=0xffffffff90e68df0

goroutine 0 gp=0xc000005500 m=4 mp=0xc000065808 [idle]:
runtime.netpoll(0xc00003c000?)
	runtime/netpoll_epoll.go:169 +0x24e fp=0xffff3b7fdc58 sp=0xffff3b7fd5d0 pc=0x44424e
runtime.findRunnable()
	runtime/proc.go:3657 +0x8c5 fp=0xffff3b7fddd0 sp=0xffff3b7fdc58 pc=0x451265
runtime.schedule()
	runtime/proc.go:4072 +0xb1 fp=0xffff3b7fde08 sp=0xffff3b7fddd0 pc=0x452831
runtime.park_m(0xc0000056c0)
	runtime/proc.go:4201 +0x285 fp=0xffff3b7fde68 sp=0xffff3b7fde08 pc=0x452ca5
runtime.mcall()
	runtime/asm_amd64.s:459 +0x4e fp=0xffff3b7fde80 sp=0xffff3b7fde68 pc=0x48582e

goroutine 1 gp=0xc000004380 m=nil [chan receive]:
runtime.gopark(0xb288c0?, 0x0?, 0x0?, 0x0?, 0xc0002a0000?)
	runtime/proc.go:435 +0xce fp=0xc000034f68 sp=0xc000034f48 pc=0x47fa2e
runtime.chanrecv(0xc0002a0000, 0x0, 0x1)
	runtime/chan.go:664 +0x445 fp=0xc000034fe0 sp=0xc000034f68 pc=0x41b1a5
runtime.chanrecv1(0xc0001137c0?, 0xc000154870?)
	runtime/chan.go:506 +0x12 fp=0xc000035008 sp=0xc000034fe0 pc=0x41ad32
cmd/go/internal/modload.readModGraph({0xffffffffffffff9c?, 0x2?}, 0x0, {0xc000101008?, 0xba321b?, 0x38}, 0x0)
	cmd/go/internal/modload/buildlist.go:435 +0x439 fp=0xc000035580 sp=0xc000035008 pc=0x86d6f9
cmd/go/internal/modload.(*Requirements).Graph.func1()
	cmd/go/internal/modload/buildlist.go:284 +0x3a fp=0xc0000355e8 sp=0xc000035580 pc=0x86d23a
sync.(*Once).doSlow(0x0?, 0xba3219?)
	sync/once.go:78 +0xab fp=0xc000035640 sp=0xc0000355e8 pc=0x491d0b
sync.(*Once).Do(...)
	sync/once.go:69
cmd/go/internal/modload.(*Requirements).Graph(0xc00017c190, {0xcd0940?, 0x1339ea0?})
	cmd/go/internal/modload/buildlist.go:283 +0x4f fp=0xc000035680 sp=0xc000035640 pc=0x86d1af
cmd/go/internal/modload.expandGraph({0xcd0940, 0x1339ea0}, 0xc00017c190)
	cmd/go/internal/modload/buildlist.go:608 +0x3e fp=0xc000035708 sp=0xc000035680 pc=0x86eb7e
cmd/go/internal/modload.LoadModGraph({0xcd0940, 0x1339ea0}, {0x0, 0x0})
	cmd/go/internal/modload/buildlist.go:588 +0x8f fp=0xc000035788 sp=0xc000035708 pc=0x86e8af
cmd/go/internal/modcmd.runDownload({0xcd0940, 0x1339ea0}, 0xc00015e6a8?, {0xc000122260, 0x0, 0x0})
	cmd/go/internal/modcmd/download.go:156 +0x245 fp=0xc0000359c8 sp=0xc000035788 pc=0x9be985
main.invoke(0x12c0140, {0xc000122260, 0x1, 0x1})
	cmd/go/main.go:341 +0x845 fp=0xc000035cd0 sp=0xc0000359c8 pc=0xa05b05
main.main()
	cmd/go/main.go:220 +0xe8b fp=0xc000035f50 sp=0xc000035cd0 pc=0xa04c2b
runtime.main()
	runtime/proc.go:283 +0x28b fp=0xc000035fe0 sp=0xc000035f50 pc=0x44ad2b
runtime.goexit({})
	runtime/asm_amd64.s:1700 +0x1 fp=0xc000035fe8 sp=0xc000035fe0 pc=0x487861

goroutine 2 gp=0xc000004e00 m=nil [force gc (idle)]:
runtime.gopark(0x0?, 0x0?, 0x0?, 0x0?, 0x0?)
	runtime/proc.go:435 +0xce fp=0xc00005efa8 sp=0xc00005ef88 pc=0x47fa2e
runtime.goparkunlock(...)
	runtime/proc.go:441
runtime.forcegchelper()
	runtime/proc.go:348 +0xb3 fp=0xc00005efe0 sp=0xc00005efa8 pc=0x44b073
runtime.goexit({})
	runtime/asm_amd64.s:1700 +0x1 fp=0xc00005efe8 sp=0xc00005efe0 pc=0x487861
created by runtime.init.7 in goroutine 1
	runtime/proc.go:336 +0x1a

goroutine 18 gp=0xc000102380 m=nil [GC sweep wait]:
runtime.gopark(0x0?, 0x0?, 0x0?, 0x0?, 0x0?)
	runtime/proc.go:435 +0xce fp=0xc00005a780 sp=0xc00005a760 pc=0x47fa2e
runtime.goparkunlock(...)
	runtime/proc.go:441
runtime.bgsweep(0xc000110000)
	runtime/mgcsweep.go:276 +0x94 fp=0xc00005a7c8 sp=0xc00005a780 pc=0x4357b4
runtime.gcenable.gowrap1()
	runtime/mgc.go:204 +0x25 fp=0xc00005a7e0 sp=0xc00005a7c8 pc=0x429c85
runtime.goexit({})
	runtime/asm_amd64.s:1700 +0x1 fp=0xc00005a7e8 sp=0xc00005a7e0 pc=0x487861
created by runtime.gcenable in goroutine 1
	runtime/mgc.go:204 +0x66

goroutine 19 gp=0xc000102540 m=nil [GC scavenge wait]:
runtime.gopark(0xc000110000?, 0xcc3e10?, 0x1?, 0x0?, 0xc000102540?)
	runtime/proc.go:435 +0xce fp=0xc00005af78 sp=0xc00005af58 pc=0x47fa2e
runtime.goparkunlock(...)
	runtime/proc.go:441
runtime.(*scavengerState).park(0x1317420)
	runtime/mgcscavenge.go:425 +0x49 fp=0xc00005afa8 sp=0xc00005af78 pc=0x433269
runtime.bgscavenge(0xc000110000)
	runtime/mgcscavenge.go:653 +0x3c fp=0xc00005afc8 sp=0xc00005afa8 pc=0x4337dc
runtime.gcenable.gowrap2()
	runtime/mgc.go:205 +0x25 fp=0xc00005afe0 sp=0xc00005afc8 pc=0x429c25
runtime.goexit({})
	runtime/asm_amd64.s:1700 +0x1 fp=0xc00005afe8 sp=0xc00005afe0 pc=0x487861
created by runtime.gcenable in goroutine 1
	runtime/mgc.go:205 +0xa5

goroutine 20 gp=0xc000102a80 m=nil [finalizer wait]:
runtime.gopark(0x1b8?, 0x44d37e?, 0x1?, 0x43?, 0xc00005e688?)
	runtime/proc.go:435 +0xce fp=0xc00005e630 sp=0xc00005e610 pc=0x47fa2e
runtime.runfinq()
	runtime/mfinal.go:196 +0x107 fp=0xc00005e7e0 sp=0xc00005e630 pc=0x428bc7
runtime.goexit({})
	runtime/asm_amd64.s:1700 +0x1 fp=0xc00005e7e8 sp=0xc00005e7e0 pc=0x487861
created by runtime.createfing in goroutine 1
	runtime/mfinal.go:166 +0x3d

goroutine 21 gp=0xc000102c40 m=nil [chan receive]:
runtime.gopark(0x0?, 0x0?, 0x0?, 0x0?, 0x0?)
	runtime/proc.go:435 +0xce fp=0xc00005b718 sp=0xc00005b6f8 pc=0x47fa2e
runtime.chanrecv(0xc000118150, 0x0, 0x1)
	runtime/chan.go:664 +0x445 fp=0xc00005b790 sp=0xc00005b718 pc=0x41b1a5
runtime.chanrecv1(0x0?, 0x0?)
	runtime/chan.go:506 +0x12 fp=0xc00005b7b8 sp=0xc00005b790 pc=0x41ad32
runtime.unique_runtime_registerUniqueMapCleanup.func2(...)
	runtime/mgc.go:1797
runtime.unique_runtime_registerUniqueMapCleanup.gowrap1()
	runtime/mgc.go:1800 +0x2f fp=0xc00005b7e0 sp=0xc00005b7b8 pc=0x42cdcf
runtime.goexit({})
	runtime/asm_amd64.s:1700 +0x1 fp=0xc00005b7e8 sp=0xc00005b7e0 pc=0x487861
created by unique.runtime_registerUniqueMapCleanup in goroutine 1
	runtime/mgc.go:1795 +0x79

goroutine 22 gp=0xc000102e00 m=nil [select]:
runtime.gopark(0xc0002464b0?, 0x2?, 0x52?, 0x14?, 0xc0002463e4?)
	runtime/proc.go:435 +0xce fp=0xc000246270 sp=0xc000246250 pc=0x47fa2e
runtime.selectgo(0xc0002464b0, 0xc0002463e0, 0x14?, 0x0, 0x47d000?, 0x1)
	runtime/select.go:351 +0x837 fp=0xc0002463a8 sp=0xc000246270 pc=0x45d597
net/http.(*Transport).getConn(0x12c2960, 0xc0002360a0, {{}, 0x0, {0xc00022c1c0, 0x5}, {0xc000248018, 0x14}, 0x0})
	net/http/transport.go:1523 +0x4ae fp=0xc000246580 sp=0xc0002463a8 pc=0x7b0b4e
net/http.(*Transport).roundTrip(0x12c2960, 0xc00023a000)
	net/http/transport.go:685 +0xb57 fp=0xc000246778 sp=0xc000246580 pc=0x7ac877
net/http.(*Transport).RoundTrip(0xc00023ff80?, 0xccade0?)
	net/http/roundtrip.go:30 +0x13 fp=0xc000246798 sp=0xc000246778 pc=0x7bb013
net/http.send(0xc00023a000, {0xccade0, 0x12c2960}, {0x60ac01?, 0xffff90e768b8?, 0x0?})
	net/http/client.go:259 +0x5e2 fp=0xc000246988 sp=0xc000246798 pc=0x777882
net/http.(*Client).send(0xc000123b90, 0xc00023a000, {0x47c318?, 0x640000000042a016?, 0x0?})
	net/http/client.go:180 +0x91 fp=0xc000246a00 sp=0xc000246988 pc=0x777131
net/http.(*Client).do(0xc000123b90, 0xc00023a000)
	net/http/client.go:728 +0x989 fp=0xc000246bf0 sp=0xc000246a00 pc=0x779669
net/http.(*Client).Do(...)
	net/http/client.go:587
cmd/go/internal/web.get.func1(0xc000246f88)
	cmd/go/internal/web/http.go:159 +0x3cb fp=0xc000246d68 sp=0xc000246bf0 pc=0x7ce02b
cmd/go/internal/web.get(0x1, 0xc000247050)
	cmd/go/internal/web/http.go:206 +0x482 fp=0xc000247028 sp=0xc000246d68 pc=0x7cd102
cmd/go/internal/web.Get(...)
	cmd/go/internal/web/api.go:186
cmd/go/internal/modfetch.(*proxyRepo).getBody(0xc000236000, {0xba3421?, 0x29?}, {0xc00022a150, 0x29})
	cmd/go/internal/modfetch/proxy.go:282 +0x13f fp=0xc000247118 sp=0xc000247028 pc=0x84257f
cmd/go/internal/modfetch.(*proxyRepo).getBytes(0xc0001548d0?, {0xcd0a58?, 0x1339ea0?}, {0xc00022a150?, 0x82d4b4?})
	cmd/go/internal/modfetch/proxy.go:260 +0x5b fp=0xc0002471e0 sp=0xc000247118 pc=0x84213b
cmd/go/internal/modfetch.(*proxyRepo).GoMod(0xc000236000, {0xcd0a58, 0x1339ea0}, {0xc0001548d0, 0x22})
	cmd/go/internal/modfetch/proxy.go:412 +0x10d fp=0xc000247248 sp=0xc0002471e0 pc=0x84386d
cmd/go/internal/modfetch.(*cachingRepo).GoMod.func1()
	cmd/go/internal/modfetch/cache.go:318 +0xa5 fp=0xc000247300 sp=0xc000247248 pc=0x82e1e5
cmd/internal/par.(*ErrCache[...]).Do.func1()
	cmd/internal/par/work.go:119 +0x28 fp=0xc000247338 sp=0xc000247300 pc=0x848a88
cmd/internal/par.(*Cache[...]).Do(0xcd54c0, {0xc0001548d0, 0x22}, 0xc000223468)
	cmd/internal/par/work.go:160 +0x156 fp=0xc000247418 sp=0xc000247338 pc=0x848d76
cmd/internal/par.(*ErrCache[...]).Do(0x843fac?, {0xc0001548d0?, 0xcd53c0?}, 0xc000152200?)
	cmd/internal/par/work.go:118 +0x47 fp=0xc0002474b8 sp=0xc000247418 pc=0x8489a7
cmd/go/internal/modfetch.(*cachingRepo).GoMod(0xcd0a58?, {0xcd0a58?, 0x1339ea0?}, {0xc0001548d0, 0x22})
	cmd/go/internal/modfetch/cache.go:311 +0xfa fp=0xc000247548 sp=0xc0002474b8 pc=0x82e05a
cmd/go/internal/modfetch.GoMod.func2({0xc000152200?, 0x0?})
	cmd/go/internal/modfetch/cache.go:411 +0x73 fp=0xc0002475a8 sp=0xc000247548 pc=0x82ecf3
cmd/go/internal/modfetch.TryProxies(0xc000247680)
	cmd/go/internal/modfetch/proxy.go:164 +0xaf fp=0xc000247628 sp=0xc0002475a8 pc=0x8417cf
cmd/go/internal/modfetch.GoMod({0xcd0a58, 0x1339ea0}, {0xc0001548a0, 0x21}, {0xc0001548d0, 0x22})
	cmd/go/internal/modfetch/cache.go:410 +0x258 fp=0xc0002476f8 sp=0xc000247628 pc=0x82ebb8
cmd/go/internal/modload.rawGoModData({{0xc0001548a0?, 0x47d499?}, {0xc0001548d0?, 0xb58360?}})
	cmd/go/internal/modload/modfile.go:786 +0x15f fp=0xc000247858 sp=0xc0002476f8 pc=0x8a3e3f
cmd/go/internal/modload.rawGoModSummary.func1()
	cmd/go/internal/modload/modfile.go:695 +0x59 fp=0xc0002479c0 sp=0xc000247858 pc=0x8a33b9
cmd/internal/par.(*ErrCache[...]).Do.func1()
	cmd/internal/par/work.go:119 +0x13 fp=0xc0002479d0 sp=0xc0002479c0 pc=0x8b3b33
cmd/internal/par.(*Cache[...]).Do(0xcd5240, {{0xc0001548a0, 0x21}, {0xc0001548d0, 0x22}}, 0xc000214a80)
	cmd/internal/par/work.go:160 +0x13c fp=0xc000247a48 sp=0xc0002479d0 pc=0x8b3d7c
cmd/internal/par.(*ErrCache[...]).Do(0x0?, {{0xc0001548a0?, 0xc000154870?}, {0xc0001548d0?, 0x0?}}, 0xba3f93?)
	cmd/internal/par/work.go:118 +0x45 fp=0xc000247aa8 sp=0xc000247a48 pc=0x8b3ac5
cmd/go/internal/modload.rawGoModSummary({{0xc0001548a0?, 0x8?}, {0xc0001548d0?, 0x426405?}})
	cmd/go/internal/modload/modfile.go:693 +0x385 fp=0xc000247b58 sp=0xc000247aa8 pc=0x8a3265
cmd/go/internal/modload.goModSummary({{0xc0001548a0?, 0x3c?}, {0xc0001548d0?, 0xffff90e77178?}})
	cmd/go/internal/modload/modfile.go:602 +0x3ae fp=0xc000247ca8 sp=0xc000247b58 pc=0x8a27ee
cmd/go/internal/modload.readModGraph.func2.1()
	cmd/go/internal/modload/buildlist.go:380 +0x65 fp=0xc000247d48 sp=0xc000247ca8 pc=0x86e345
cmd/internal/par.(*ErrCache[...]).Do.func1()
	cmd/internal/par/work.go:119 +0x13 fp=0xc000247d58 sp=0xc000247d48 pc=0x8b3b33
cmd/internal/par.(*Cache[...]).Do(0xcd5240, {{0xc0001548a0, 0x21}, {0xc0001548d0, 0x22}}, 0xc000214e08)
	cmd/internal/par/work.go:160 +0x13c fp=0xc000247dd0 sp=0xc000247d58 pc=0x8b3d7c
cmd/internal/par.(*ErrCache[...]).Do(0x0?, {{0xc0001548a0?, 0x0?}, {0xc0001548d0?, 0x0?}}, 0x0?)
	cmd/internal/par/work.go:118 +0x45 fp=0xc000247e30 sp=0xc000247dd0 pc=0x8b3ac5
cmd/go/internal/modload.readModGraph.func2({{0xc0001548a0?, 0x0?}, {0xc0001548d0?, 0x0?}})
	cmd/go/internal/modload/buildlist.go:379 +0x9b fp=0xc000247eb8 sp=0xc000247e30 pc=0x86e29b
cmd/go/internal/modload.readModGraph.func3.1()
	cmd/go/internal/modload/buildlist.go:408 +0x56 fp=0xc000247f60 sp=0xc000247eb8 pc=0x86e0d6
cmd/internal/par.(*Queue).Add.func1()
	cmd/internal/par/queue.go:58 +0x5c fp=0xc000247fe0 sp=0xc000247f60 pc=0x5edd3c
runtime.goexit({})
	runtime/asm_amd64.s:1700 +0x1 fp=0xc000247fe8 sp=0xc000247fe0 pc=0x487861
created by cmd/internal/par.(*Queue).Add in goroutine 1
	cmd/internal/par/queue.go:56 +0x1d3

goroutine 23 gp=0xc000102fc0 m=nil [select]:
runtime.gopark(0xc0000a84b0?, 0x2?, 0x52?, 0x14?, 0xc0000a83e4?)
	runtime/proc.go:435 +0xce fp=0xc0000a8270 sp=0xc0000a8250 pc=0x47fa2e
runtime.selectgo(0xc0000a84b0, 0xc0000a83e0, 0x14?, 0x0, 0x47d000?, 0x1)
	runtime/select.go:351 +0x837 fp=0xc0000a83a8 sp=0xc0000a8270 pc=0x45d597
net/http.(*Transport).getConn(0x12c2960, 0xc00009c0a0, {{}, 0x0, {0xc0000961c0, 0x5}, {0xc000000180, 0x14}, 0x0})
	net/http/transport.go:1523 +0x4ae fp=0xc0000a8580 sp=0xc0000a83a8 pc=0x7b0b4e
net/http.(*Transport).roundTrip(0x12c2960, 0xc0000a0000)
	net/http/transport.go:685 +0xb57 fp=0xc0000a8778 sp=0xc0000a8580 pc=0x7ac877
net/http.(*Transport).RoundTrip(0xc000065808?, 0xccade0?)
	net/http/roundtrip.go:30 +0x13 fp=0xc0000a8798 sp=0xc0000a8778 pc=0x7bb013
net/http.send(0xc0000a0000, {0xccade0, 0x12c2960}, {0x60ac01?, 0x47c46c?, 0x0?})
	net/http/client.go:259 +0x5e2 fp=0xc0000a8988 sp=0xc0000a8798 pc=0x777882
net/http.(*Client).send(0xc000123b90, 0xc0000a0000, {0x47c318?, 0x640000000042a016?, 0x0?})
	net/http/client.go:180 +0x91 fp=0xc0000a8a00 sp=0xc0000a8988 pc=0x777131
net/http.(*Client).do(0xc000123b90, 0xc0000a0000)
	net/http/client.go:728 +0x989 fp=0xc0000a8bf0 sp=0xc0000a8a00 pc=0x779669
net/http.(*Client).Do(...)
	net/http/client.go:587
cmd/go/internal/web.get.func1(0xc0000a8f88)
	cmd/go/internal/web/http.go:159 +0x3cb fp=0xc0000a8d68 sp=0xc0000a8bf0 pc=0x7ce02b
cmd/go/internal/web.get(0x1, 0xc0000a9050)
	cmd/go/internal/web/http.go:206 +0x482 fp=0xc0000a9028 sp=0xc0000a8d68 pc=0x7cd102
cmd/go/internal/web.Get(...)
	cmd/go/internal/web/api.go:186
cmd/go/internal/modfetch.(*proxyRepo).getBody(0xc00009c000, {0xba3421?, 0x2b?}, {0xc00002c0f0, 0x2b})
	cmd/go/internal/modfetch/proxy.go:282 +0x13f fp=0xc0000a9118 sp=0xc0000a9028 pc=0x84257f
cmd/go/internal/modfetch.(*proxyRepo).getBytes(0xc000154930?, {0xcd0a58?, 0x1339ea0?}, {0xc00002c0f0?, 0x82d4b4?})
	cmd/go/internal/modfetch/proxy.go:260 +0x5b fp=0xc0000a91e0 sp=0xc0000a9118 pc=0x84213b
cmd/go/internal/modfetch.(*proxyRepo).GoMod(0xc00009c000, {0xcd0a58, 0x1339ea0}, {0xc000154930, 0x24})
	cmd/go/internal/modfetch/proxy.go:412 +0x10d fp=0xc0000a9248 sp=0xc0000a91e0 pc=0x84386d
cmd/go/internal/modfetch.(*cachingRepo).GoMod.func1()
	cmd/go/internal/modfetch/cache.go:318 +0xa5 fp=0xc0000a9300 sp=0xc0000a9248 pc=0x82e1e5
cmd/internal/par.(*ErrCache[...]).Do.func1()
	cmd/internal/par/work.go:119 +0x28 fp=0xc0000a9338 sp=0xc0000a9300 pc=0x848a88
cmd/internal/par.(*Cache[...]).Do(0xcd54c0, {0xc000154930, 0x24}, 0xc0001bd468)
	cmd/internal/par/work.go:160 +0x156 fp=0xc0000a9418 sp=0xc0000a9338 pc=0x848d76
cmd/internal/par.(*ErrCache[...]).Do(0x843fac?, {0xc000154930?, 0xcd53c0?}, 0xc000152200?)
	cmd/internal/par/work.go:118 +0x47 fp=0xc0000a94b8 sp=0xc0000a9418 pc=0x8489a7
cmd/go/internal/modfetch.(*cachingRepo).GoMod(0xcd0a58?, {0xcd0a58?, 0x1339ea0?}, {0xc000154930, 0x24})
	cmd/go/internal/modfetch/cache.go:311 +0xfa fp=0xc0000a9548 sp=0xc0000a94b8 pc=0x82e05a
cmd/go/internal/modfetch.GoMod.func2({0xc000152200?, 0x0?})
	cmd/go/internal/modfetch/cache.go:411 +0x73 fp=0xc0000a95a8 sp=0xc0000a9548 pc=0x82ecf3
cmd/go/internal/modfetch.TryProxies(0xc0000a9680)
	cmd/go/internal/modfetch/proxy.go:164 +0xaf fp=0xc0000a9628 sp=0xc0000a95a8 pc=0x8417cf
cmd/go/internal/modfetch.GoMod({0xcd0a58, 0x1339ea0}, {0xc0001525e0, 0x1a}, {0xc000154930, 0x24})
	cmd/go/internal/modfetch/cache.go:410 +0x258 fp=0xc0000a96f8 sp=0xc0000a9628 pc=0x82ebb8
cmd/go/internal/modload.rawGoModData({{0xc0001525e0?, 0x47d499?}, {0xc000154930?, 0xb58360?}})
	cmd/go/internal/modload/modfile.go:786 +0x15f fp=0xc0000a9858 sp=0xc0000a96f8 pc=0x8a3e3f
cmd/go/internal/modload.rawGoModSummary.func1()
	cmd/go/internal/modload/modfile.go:695 +0x59 fp=0xc0000a99c0 sp=0xc0000a9858 pc=0x8a33b9
cmd/internal/par.(*ErrCache[...]).Do.func1()
	cmd/internal/par/work.go:119 +0x13 fp=0xc0000a99d0 sp=0xc0000a99c0 pc=0x8b3b33
cmd/internal/par.(*Cache[...]).Do(0xcd5240, {{0xc0001525e0, 0x1a}, {0xc000154930, 0x24}}, 0xc000073a80)
	cmd/internal/par/work.go:160 +0x13c fp=0xc0000a9a48 sp=0xc0000a99d0 pc=0x8b3d7c
cmd/internal/par.(*ErrCache[...]).Do(0x0?, {{0xc0001525e0?, 0xc000154870?}, {0xc000154930?, 0x0?}}, 0xba3f93?)
	cmd/internal/par/work.go:118 +0x45 fp=0xc0000a9aa8 sp=0xc0000a9a48 pc=0x8b3ac5
cmd/go/internal/modload.rawGoModSummary({{0xc0001525e0?, 0x0?}, {0xc000154930?, 0x0?}})
	cmd/go/internal/modload/modfile.go:693 +0x385 fp=0xc0000a9b58 sp=0xc0000a9aa8 pc=0x8a3265
cmd/go/internal/modload.goModSummary({{0xc0001525e0?, 0x3c?}, {0xc000154930?, 0xffff91d7ff10?}})
	cmd/go/internal/modload/modfile.go:602 +0x3ae fp=0xc0000a9ca8 sp=0xc0000a9b58 pc=0x8a27ee
cmd/go/internal/modload.readModGraph.func2.1()
	cmd/go/internal/modload/buildlist.go:380 +0x65 fp=0xc0000a9d48 sp=0xc0000a9ca8 pc=0x86e345
cmd/internal/par.(*ErrCache[...]).Do.func1()
	cmd/internal/par/work.go:119 +0x13 fp=0xc0000a9d58 sp=0xc0000a9d48 pc=0x8b3b33
cmd/internal/par.(*Cache[...]).Do(0xcd5240, {{0xc0001525e0, 0x1a}, {0xc000154930, 0x24}}, 0xc000073e08)
	cmd/internal/par/work.go:160 +0x13c fp=0xc0000a9dd0 sp=0xc0000a9d58 pc=0x8b3d7c
cmd/internal/par.(*ErrCache[...]).Do(0x0?, {{0xc0001525e0?, 0x0?}, {0xc000154930?, 0x0?}}, 0x0?)
	cmd/internal/par/work.go:118 +0x45 fp=0xc0000a9e30 sp=0xc0000a9dd0 pc=0x8b3ac5
cmd/go/internal/modload.readModGraph.func2({{0xc0001525e0?, 0x0?}, {0xc000154930?, 0x0?}})
	cmd/go/internal/modload/buildlist.go:379 +0x9b fp=0xc0000a9eb8 sp=0xc0000a9e30 pc=0x86e29b
cmd/go/internal/modload.readModGraph.func3.1()
	cmd/go/internal/modload/buildlist.go:408 +0x56 fp=0xc0000a9f60 sp=0xc0000a9eb8 pc=0x86e0d6
cmd/internal/par.(*Queue).Add.func1()
	cmd/internal/par/queue.go:58 +0x5c fp=0xc0000a9fe0 sp=0xc0000a9f60 pc=0x5edd3c
runtime.goexit({})
	runtime/asm_amd64.s:1700 +0x1 fp=0xc0000a9fe8 sp=0xc0000a9fe0 pc=0x487861
created by cmd/internal/par.(*Queue).Add in goroutine 1
	cmd/internal/par/queue.go:56 +0x1d3

goroutine 24 gp=0xc000103180 m=nil [select]:
runtime.gopark(0xc0002c44b0?, 0x2?, 0x52?, 0x14?, 0xc0002c43e4?)
	runtime/proc.go:435 +0xce fp=0xc0002c4270 sp=0xc0002c4250 pc=0x47fa2e
runtime.selectgo(0xc0002c44b0, 0xc0002c43e0, 0x14?, 0x0, 0x47d000?, 0x1)
	runtime/select.go:351 +0x837 fp=0xc0002c43a8 sp=0xc0002c4270 pc=0x45d597
net/http.(*Transport).getConn(0x12c2960, 0xc000498190, {{}, 0x0, {0xc0004a4000, 0x5}, {0xc0004a0048, 0x14}, 0x0})
	net/http/transport.go:1523 +0x4ae fp=0xc0002c4580 sp=0xc0002c43a8 pc=0x7b0b4e
net/http.(*Transport).roundTrip(0x12c2960, 0xc00049a140)
	net/http/transport.go:685 +0xb57 fp=0xc0002c4778 sp=0xc0002c4580 pc=0x7ac877
net/http.(*Transport).RoundTrip(0xc000400008?, 0xccade0?)
	net/http/roundtrip.go:30 +0x13 fp=0xc0002c4798 sp=0xc0002c4778 pc=0x7bb013
net/http.send(0xc00049a140, {0xccade0, 0x12c2960}, {0x60ac01?, 0x47c46c?, 0x0?})
	net/http/client.go:259 +0x5e2 fp=0xc0002c4988 sp=0xc0002c4798 pc=0x777882
net/http.(*Client).send(0xc000123b90, 0xc00049a140, {0x47c318?, 0x6400000000000001?, 0x0?})
	net/http/client.go:180 +0x91 fp=0xc0002c4a00 sp=0xc0002c4988 pc=0x777131
net/http.(*Client).do(0xc000123b90, 0xc00049a140)
	net/http/client.go:728 +0x989 fp=0xc0002c4bf0 sp=0xc0002c4a00 pc=0x779669
net/http.(*Client).Do(...)
	net/http/client.go:587
cmd/go/internal/web.get.func1(0xc0002c4f88)
	cmd/go/internal/web/http.go:159 +0x3cb fp=0xc0002c4d68 sp=0xc0002c4bf0 pc=0x7ce02b
cmd/go/internal/web.get(0x1, 0xc0002c5050)
	cmd/go/internal/web/http.go:206 +0x482 fp=0xc0002c5028 sp=0xc0002c4d68 pc=0x7cd102
cmd/go/internal/web.Get(...)
	cmd/go/internal/web/api.go:186
cmd/go/internal/modfetch.(*proxyRepo).getBody(0xc0004980f0, {0xba3421?, 0xe?}, {0xc00021f218, 0xe})
	cmd/go/internal/modfetch/proxy.go:282 +0x13f fp=0xc0002c5118 sp=0xc0002c5028 pc=0x84257f
cmd/go/internal/modfetch.(*proxyRepo).getBytes(0xc00012f040?, {0xcd0a58?, 0x1339ea0?}, {0xc00021f218?, 0x82d4b4?})
	cmd/go/internal/modfetch/proxy.go:260 +0x5b fp=0xc0002c51e0 sp=0xc0002c5118 pc=0x84213b
cmd/go/internal/modfetch.(*proxyRepo).GoMod(0xc0004980f0, {0xcd0a58, 0x1339ea0}, {0xc00012f040, 0x7})
	cmd/go/internal/modfetch/proxy.go:412 +0x10d fp=0xc0002c5248 sp=0xc0002c51e0 pc=0x84386d
cmd/go/internal/modfetch.(*cachingRepo).GoMod.func1()
	cmd/go/internal/modfetch/cache.go:318 +0xa5 fp=0xc0002c5300 sp=0xc0002c5248 pc=0x82e1e5
cmd/internal/par.(*ErrCache[...]).Do.func1()
	cmd/internal/par/work.go:119 +0x28 fp=0xc0002c5338 sp=0xc0002c5300 pc=0x848a88
cmd/internal/par.(*Cache[...]).Do(0xcd54c0, {0xc00012f040, 0x7}, 0xc00021f468)
	cmd/internal/par/work.go:160 +0x156 fp=0xc0002c5418 sp=0xc0002c5338 pc=0x848d76
cmd/internal/par.(*ErrCache[...]).Do(0x843fac?, {0xc00012f040?, 0xcd53c0?}, 0xc000152200?)
	cmd/internal/par/work.go:118 +0x47 fp=0xc0002c54b8 sp=0xc0002c5418 pc=0x8489a7
cmd/go/internal/modfetch.(*cachingRepo).GoMod(0xcd0a58?, {0xcd0a58?, 0x1339ea0?}, {0xc00012f040, 0x7})
	cmd/go/internal/modfetch/cache.go:311 +0xfa fp=0xc0002c5548 sp=0xc0002c54b8 pc=0x82e05a
cmd/go/internal/modfetch.GoMod.func2({0xc000152200?, 0x0?})
	cmd/go/internal/modfetch/cache.go:411 +0x73 fp=0xc0002c55a8 sp=0xc0002c5548 pc=0x82ecf3
cmd/go/internal/modfetch.TryProxies(0xc0002c5680)
	cmd/go/internal/modfetch/proxy.go:164 +0xaf fp=0xc0002c5628 sp=0xc0002c55a8 pc=0x8417cf
cmd/go/internal/modfetch.GoMod({0xcd0a58, 0x1339ea0}, {0xc000154960, 0x21}, {0xc00012f040, 0x7})
	cmd/go/internal/modfetch/cache.go:410 +0x258 fp=0xc0002c56f8 sp=0xc0002c5628 pc=0x82ebb8
cmd/go/internal/modload.rawGoModData({{0xc000154960?, 0x47d499?}, {0xc00012f040?, 0xb58360?}})
	cmd/go/internal/modload/modfile.go:786 +0x15f fp=0xc0002c5858 sp=0xc0002c56f8 pc=0x8a3e3f
cmd/go/internal/modload.rawGoModSummary.func1()
	cmd/go/internal/modload/modfile.go:695 +0x59 fp=0xc0002c59c0 sp=0xc0002c5858 pc=0x8a33b9
cmd/internal/par.(*ErrCache[...]).Do.func1()
	cmd/internal/par/work.go:119 +0x13 fp=0xc0002c59d0 sp=0xc0002c59c0 pc=0x8b3b33
cmd/internal/par.(*Cache[...]).Do(0xcd5240, {{0xc000154960, 0x21}, {0xc00012f040, 0x7}}, 0xc000210a80)
	cmd/internal/par/work.go:160 +0x13c fp=0xc0002c5a48 sp=0xc0002c59d0 pc=0x8b3d7c
cmd/internal/par.(*ErrCache[...]).Do(0x0?, {{0xc000154960?, 0xc000154870?}, {0xc00012f040?, 0x0?}}, 0xba3f93?)
	cmd/internal/par/work.go:118 +0x45 fp=0xc0002c5aa8 sp=0xc0002c5a48 pc=0x8b3ac5
cmd/go/internal/modload.rawGoModSummary({{0xc000154960?, 0x8?}, {0xc00012f040?, 0x426405?}})
	cmd/go/internal/modload/modfile.go:693 +0x385 fp=0xc0002c5b58 sp=0xc0002c5aa8 pc=0x8a3265
cmd/go/internal/modload.goModSummary({{0xc000154960?, 0x3c?}, {0xc00012f040?, 0xffff87761988?}})
	cmd/go/internal/modload/modfile.go:602 +0x3ae fp=0xc0002c5ca8 sp=0xc0002c5b58 pc=0x8a27ee
cmd/go/internal/modload.readModGraph.func2.1()
	cmd/go/internal/modload/buildlist.go:380 +0x65 fp=0xc0002c5d48 sp=0xc0002c5ca8 pc=0x86e345
cmd/internal/par.(*ErrCache[...]).Do.func1()
	cmd/internal/par/work.go:119 +0x13 fp=0xc0002c5d58 sp=0xc0002c5d48 pc=0x8b3b33
cmd/internal/par.(*Cache[...]).Do(0xcd5240, {{0xc000154960, 0x21}, {0xc00012f040, 0x7}}, 0xc000210e08)
	cmd/internal/par/work.go:160 +0x13c fp=0xc0002c5dd0 sp=0xc0002c5d58 pc=0x8b3d7c
cmd/internal/par.(*ErrCache[...]).Do(0x0?, {{0xc000154960?, 0x0?}, {0xc00012f040?, 0x0?}}, 0x0?)
	cmd/internal/par/work.go:118 +0x45 fp=0xc0002c5e30 sp=0xc0002c5dd0 pc=0x8b3ac5
cmd/go/internal/modload.readModGraph.func2({{0xc000154960?, 0x0?}, {0xc00012f040?, 0x0?}})
	cmd/go/internal/modload/buildlist.go:379 +0x9b fp=0xc0002c5eb8 sp=0xc0002c5e30 pc=0x86e29b
cmd/go/internal/modload.readModGraph.func3.1()
	cmd/go/internal/modload/buildlist.go:408 +0x56 fp=0xc0002c5f60 sp=0xc0002c5eb8 pc=0x86e0d6
cmd/internal/par.(*Queue).Add.func1()
	cmd/internal/par/queue.go:58 +0x5c fp=0xc0002c5fe0 sp=0xc0002c5f60 pc=0x5edd3c
runtime.goexit({})
	runtime/asm_amd64.s:1700 +0x1 fp=0xc0002c5fe8 sp=0xc0002c5fe0 pc=0x487861
created by cmd/internal/par.(*Queue).Add in goroutine 1
	cmd/internal/par/queue.go:56 +0x1d3

goroutine 25 gp=0xc000103340 m=nil [select]:
runtime.gopark(0xc0001ea4b0?, 0x2?, 0x52?, 0x14?, 0xc0001ea3e4?)
	runtime/proc.go:435 +0xce fp=0xc0001ea270 sp=0xc0001ea250 pc=0x47fa2e
runtime.selectgo(0xc0001ea4b0, 0xc0001ea3e0, 0x14?, 0x0, 0x47d000?, 0x1)
	runtime/select.go:351 +0x837 fp=0xc0001ea3a8 sp=0xc0001ea270 pc=0x45d597
net/http.(*Transport).getConn(0x12c2960, 0xc00017c410, {{}, 0x0, {0xc000158280, 0x5}, {0xc00015ea20, 0x14}, 0x0})
	net/http/transport.go:1523 +0x4ae fp=0xc0001ea580 sp=0xc0001ea3a8 pc=0x7b0b4e
net/http.(*Transport).roundTrip(0x12c2960, 0xc0001b8500)
	net/http/transport.go:685 +0xb57 fp=0xc0001ea778 sp=0xc0001ea580 pc=0x7ac877
net/http.(*Transport).RoundTrip(0x1319900?, 0xccade0?)
	net/http/roundtrip.go:30 +0x13 fp=0xc0001ea798 sp=0xc0001ea778 pc=0x7bb013
net/http.send(0xc0001b8500, {0xccade0, 0x12c2960}, {0x60ac01?, 0x47c46c?, 0x0?})
	net/http/client.go:259 +0x5e2 fp=0xc0001ea988 sp=0xc0001ea798 pc=0x777882
net/http.(*Client).send(0xc000123b90, 0xc0001b8500, {0x47c318?, 0x6400000000000001?, 0x0?})
	net/http/client.go:180 +0x91 fp=0xc0001eaa00 sp=0xc0001ea988 pc=0x777131
net/http.(*Client).do(0xc000123b90, 0xc0001b8500)
	net/http/client.go:728 +0x989 fp=0xc0001eabf0 sp=0xc0001eaa00 pc=0x779669
net/http.(*Client).Do(...)
	net/http/client.go:587
cmd/go/internal/web.get.func1(0xc0001eaf88)
	cmd/go/internal/web/http.go:159 +0x3cb fp=0xc0001ead68 sp=0xc0001eabf0 pc=0x7ce02b
cmd/go/internal/web.get(0x1, 0xc0001eb050)
	cmd/go/internal/web/http.go:206 +0x482 fp=0xc0001eb028 sp=0xc0001ead68 pc=0x7cd102
cmd/go/internal/web.Get(...)
	cmd/go/internal/web/api.go:186
cmd/go/internal/modfetch.(*proxyRepo).getBody(0xc00017c370, {0xba3421?, 0xd?}, {0xc0001c1218, 0xd})
	cmd/go/internal/modfetch/proxy.go:282 +0x13f fp=0xc0001eb118 sp=0xc0001eb028 pc=0x84257f
cmd/go/internal/modfetch.(*proxyRepo).getBytes(0xc00012f048?, {0xcd0a58?, 0x1339ea0?}, {0xc0001c1218?, 0x82d4b4?})
	cmd/go/internal/modfetch/proxy.go:260 +0x5b fp=0xc0001eb1e0 sp=0xc0001eb118 pc=0x84213b
cmd/go/internal/modfetch.(*proxyRepo).GoMod(0xc00017c370, {0xcd0a58, 0x1339ea0}, {0xc00012f048, 0x6})
	cmd/go/internal/modfetch/proxy.go:412 +0x10d fp=0xc0001eb248 sp=0xc0001eb1e0 pc=0x84386d
cmd/go/internal/modfetch.(*cachingRepo).GoMod.func1()
	cmd/go/internal/modfetch/cache.go:318 +0xa5 fp=0xc0001eb300 sp=0xc0001eb248 pc=0x82e1e5
cmd/internal/par.(*ErrCache[...]).Do.func1()
	cmd/internal/par/work.go:119 +0x28 fp=0xc0001eb338 sp=0xc0001eb300 pc=0x848a88
cmd/internal/par.(*Cache[...]).Do(0xcd54c0, {0xc00012f048, 0x6}, 0xc0001c1468)
	cmd/internal/par/work.go:160 +0x156 fp=0xc0001eb418 sp=0xc0001eb338 pc=0x848d76
cmd/internal/par.(*ErrCache[...]).Do(0x843fac?, {0xc00012f048?, 0xcd53c0?}, 0xc000152200?)
	cmd/internal/par/work.go:118 +0x47 fp=0xc0001eb4b8 sp=0xc0001eb418 pc=0x8489a7
cmd/go/internal/modfetch.(*cachingRepo).GoMod(0xcd0a58?, {0xcd0a58?, 0x1339ea0?}, {0xc00012f048, 0x6})
	cmd/go/internal/modfetch/cache.go:311 +0xfa fp=0xc0001eb548 sp=0xc0001eb4b8 pc=0x82e05a
cmd/go/internal/modfetch.GoMod.func2({0xc000152200?, 0x0?})
	cmd/go/internal/modfetch/cache.go:411 +0x73 fp=0xc0001eb5a8 sp=0xc0001eb548 pc=0x82ecf3
cmd/go/internal/modfetch.TryProxies(0xc0001eb680)
	cmd/go/internal/modfetch/proxy.go:164 +0xaf fp=0xc0001eb628 sp=0xc0001eb5a8 pc=0x8417cf
cmd/go/internal/modfetch.GoMod({0xcd0a58, 0x1339ea0}, {0xc000152600, 0x1c}, {0xc00012f048, 0x6})
	cmd/go/internal/modfetch/cache.go:410 +0x258 fp=0xc0001eb6f8 sp=0xc0001eb628 pc=0x82ebb8
cmd/go/internal/modload.rawGoModData({{0xc000152600?, 0x47d499?}, {0xc00012f048?, 0xb58360?}})
	cmd/go/internal/modload/modfile.go:786 +0x15f fp=0xc0001eb858 sp=0xc0001eb6f8 pc=0x8a3e3f
cmd/go/internal/modload.rawGoModSummary.func1()
	cmd/go/internal/modload/modfile.go:695 +0x59 fp=0xc0001eb9c0 sp=0xc0001eb858 pc=0x8a33b9
cmd/internal/par.(*ErrCache[...]).Do.func1()
	cmd/internal/par/work.go:119 +0x13 fp=0xc0001eb9d0 sp=0xc0001eb9c0 pc=0x8b3b33
cmd/internal/par.(*Cache[...]).Do(0xcd5240, {{0xc000152600, 0x1c}, {0xc00012f048, 0x6}}, 0xc00006ea80)
	cmd/internal/par/work.go:160 +0x13c fp=0xc0001eba48 sp=0xc0001eb9d0 pc=0x8b3d7c
cmd/internal/par.(*ErrCache[...]).Do(0x0?, {{0xc000152600?, 0xc000154870?}, {0xc00012f048?, 0x0?}}, 0xba3f93?)
	cmd/internal/par/work.go:118 +0x45 fp=0xc0001ebaa8 sp=0xc0001eba48 pc=0x8b3ac5
cmd/go/internal/modload.rawGoModSummary({{0xc000152600?, 0xc0000000007e030?}, {0xc00012f048?, 0xffff91d745c0?}})
	cmd/go/internal/modload/modfile.go:693 +0x385 fp=0xc0001ebb58 sp=0xc0001ebaa8 pc=0x8a3265
cmd/go/internal/modload.goModSummary({{0xc000152600?, 0x3c?}, {0xc00012f048?, 0xc0001d7138?}})
	cmd/go/internal/modload/modfile.go:602 +0x3ae fp=0xc0001ebca8 sp=0xc0001ebb58 pc=0x8a27ee
cmd/go/internal/modload.readModGraph.func2.1()
	cmd/go/internal/modload/buildlist.go:380 +0x65 fp=0xc0001ebd48 sp=0xc0001ebca8 pc=0x86e345
cmd/internal/par.(*ErrCache[...]).Do.func1()
	cmd/internal/par/work.go:119 +0x13 fp=0xc0001ebd58 sp=0xc0001ebd48 pc=0x8b3b33
cmd/internal/par.(*Cache[...]).Do(0xcd5240, {{0xc000152600, 0x1c}, {0xc00012f048, 0x6}}, 0xc00006ee08)
	cmd/internal/par/work.go:160 +0x13c fp=0xc0001ebdd0 sp=0xc0001ebd58 pc=0x8b3d7c
cmd/internal/par.(*ErrCache[...]).Do(0x0?, {{0xc000152600?, 0x0?}, {0xc00012f048?, 0x0?}}, 0x0?)
	cmd/internal/par/work.go:118 +0x45 fp=0xc0001ebe30 sp=0xc0001ebdd0 pc=0x8b3ac5
cmd/go/internal/modload.readModGraph.func2({{0xc000152600?, 0x0?}, {0xc00012f048?, 0x0?}})
	cmd/go/internal/modload/buildlist.go:379 +0x9b fp=0xc0001ebeb8 sp=0xc0001ebe30 pc=0x86e29b
cmd/go/internal/modload.readModGraph.func3.1()
	cmd/go/internal/modload/buildlist.go:408 +0x56 fp=0xc0001ebf60 sp=0xc0001ebeb8 pc=0x86e0d6
cmd/internal/par.(*Queue).Add.func1()
	cmd/internal/par/queue.go:58 +0x5c fp=0xc0001ebfe0 sp=0xc0001ebf60 pc=0x5edd3c
runtime.goexit({})
	runtime/asm_amd64.s:1700 +0x1 fp=0xc0001ebfe8 sp=0xc0001ebfe0 pc=0x487861
created by cmd/internal/par.(*Queue).Add in goroutine 1
	cmd/internal/par/queue.go:56 +0x1d3

goroutine 34 gp=0xc00028a000 m=nil [select]:
runtime.gopark(0xc0002424b0?, 0x2?, 0x52?, 0x14?, 0xc0002423e4?)
	runtime/proc.go:435 +0xce fp=0xc000242270 sp=0xc000242250 pc=0x47fa2e
runtime.selectgo(0xc0002424b0, 0xc0002423e0, 0xc00031c060?, 0x0, 0x133b300?, 0x1)
	runtime/select.go:351 +0x837 fp=0xc0002423a8 sp=0xc000242270 pc=0x45d597
net/http.(*Transport).getConn(0x12c2960, 0xc0004980a0, {{}, 0x0, {0xc0004900a0, 0x5}, {0xc0004a0018, 0x14}, 0x0})
	net/http/transport.go:1523 +0x4ae fp=0xc000242580 sp=0xc0002423a8 pc=0x7b0b4e
net/http.(*Transport).roundTrip(0x12c2960, 0xc00049a000)
	net/http/transport.go:685 +0xb57 fp=0xc000242778 sp=0xc000242580 pc=0x7ac877
net/http.(*Transport).RoundTrip(0xc00049ff80?, 0xccade0?)
	net/http/roundtrip.go:30 +0x13 fp=0xc000242798 sp=0xc000242778 pc=0x7bb013
net/http.send(0xc00049a000, {0xccade0, 0x12c2960}, {0x60ac01?, 0xffff87640d08?, 0x0?})
	net/http/client.go:259 +0x5e2 fp=0xc000242988 sp=0xc000242798 pc=0x777882
net/http.(*Client).send(0xc000123b90, 0xc00049a000, {0x47c318?, 0x640000000042a016?, 0x0?})
	net/http/client.go:180 +0x91 fp=0xc000242a00 sp=0xc000242988 pc=0x777131
net/http.(*Client).do(0xc000123b90, 0xc00049a000)
	net/http/client.go:728 +0x989 fp=0xc000242bf0 sp=0xc000242a00 pc=0x779669
net/http.(*Client).Do(...)
	net/http/client.go:587
cmd/go/internal/web.get.func1(0xc000242f88)
	cmd/go/internal/web/http.go:159 +0x3cb fp=0xc000242d68 sp=0xc000242bf0 pc=0x7ce02b
cmd/go/internal/web.get(0x1, 0xc000243050)
	cmd/go/internal/web/http.go:206 +0x482 fp=0xc000243028 sp=0xc000242d68 pc=0x7cd102
cmd/go/internal/web.Get(...)
	cmd/go/internal/web/api.go:186
cmd/go/internal/modfetch.(*proxyRepo).getBody(0xc000498000, {0xba3421?, 0xd?}, {0xc000221218, 0xd})
	cmd/go/internal/modfetch/proxy.go:282 +0x13f fp=0xc000243118 sp=0xc000243028 pc=0x84257f
cmd/go/internal/modfetch.(*proxyRepo).getBytes(0xc00012f070?, {0xcd0a58?, 0x1339ea0?}, {0xc000221218?, 0x82d4b4?})
	cmd/go/internal/modfetch/proxy.go:260 +0x5b fp=0xc0002431e0 sp=0xc000243118 pc=0x84213b
cmd/go/internal/modfetch.(*proxyRepo).GoMod(0xc000498000, {0xcd0a58, 0x1339ea0}, {0xc00012f070, 0x6})
	cmd/go/internal/modfetch/proxy.go:412 +0x10d fp=0xc000243248 sp=0xc0002431e0 pc=0x84386d
cmd/go/internal/modfetch.(*cachingRepo).GoMod.func1()
	cmd/go/internal/modfetch/cache.go:318 +0xa5 fp=0xc000243300 sp=0xc000243248 pc=0x82e1e5
cmd/internal/par.(*ErrCache[...]).Do.func1()
	cmd/internal/par/work.go:119 +0x28 fp=0xc000243338 sp=0xc000243300 pc=0x848a88
cmd/internal/par.(*Cache[...]).Do(0xcd54c0, {0xc00012f070, 0x6}, 0xc000221468)
	cmd/internal/par/work.go:160 +0x156 fp=0xc000243418 sp=0xc000243338 pc=0x848d76
cmd/internal/par.(*ErrCache[...]).Do(0x843fac?, {0xc00012f070?, 0xcd53c0?}, 0xc000152200?)
	cmd/internal/par/work.go:118 +0x47 fp=0xc0002434b8 sp=0xc000243418 pc=0x8489a7
cmd/go/internal/modfetch.(*cachingRepo).GoMod(0xcd0a58?, {0xcd0a58?, 0x1339ea0?}, {0xc00012f070, 0x6})
	cmd/go/internal/modfetch/cache.go:311 +0xfa fp=0xc000243548 sp=0xc0002434b8 pc=0x82e05a
cmd/go/internal/modfetch.GoMod.func2({0xc000152200?, 0x0?})
	cmd/go/internal/modfetch/cache.go:411 +0x73 fp=0xc0002435a8 sp=0xc000243548 pc=0x82ecf3
cmd/go/internal/modfetch.TryProxies(0xc000243680)
	cmd/go/internal/modfetch/proxy.go:164 +0xaf fp=0xc000243628 sp=0xc0002435a8 pc=0x8417cf
cmd/go/internal/modfetch.GoMod({0xcd0a58, 0x1339ea0}, {0xc000152620, 0x1c}, {0xc00012f070, 0x6})
	cmd/go/internal/modfetch/cache.go:410 +0x258 fp=0xc0002436f8 sp=0xc000243628 pc=0x82ebb8
cmd/go/internal/modload.rawGoModData({{0xc000152620?, 0x47d499?}, {0xc00012f070?, 0xb58360?}})
	cmd/go/internal/modload/modfile.go:786 +0x15f fp=0xc000243858 sp=0xc0002436f8 pc=0x8a3e3f
cmd/go/internal/modload.rawGoModSummary.func1()
	cmd/go/internal/modload/modfile.go:695 +0x59 fp=0xc0002439c0 sp=0xc000243858 pc=0x8a33b9
cmd/internal/par.(*ErrCache[...]).Do.func1()
	cmd/internal/par/work.go:119 +0x13 fp=0xc0002439d0 sp=0xc0002439c0 pc=0x8b3b33
cmd/internal/par.(*Cache[...]).Do(0xcd5240, {{0xc000152620, 0x1c}, {0xc00012f070, 0x6}}, 0xc000210a80)
	cmd/internal/par/work.go:160 +0x13c fp=0xc000243a48 sp=0xc0002439d0 pc=0x8b3d7c
cmd/internal/par.(*ErrCache[...]).Do(0x0?, {{0xc000152620?, 0xc000154870?}, {0xc00012f070?, 0x0?}}, 0xba3f93?)
	cmd/internal/par/work.go:118 +0x45 fp=0xc000243aa8 sp=0xc000243a48 pc=0x8b3ac5
cmd/go/internal/modload.rawGoModSummary({{0xc000152620?, 0x8?}, {0xc00012f070?, 0x426405?}})
	cmd/go/internal/modload/modfile.go:693 +0x385 fp=0xc000243b58 sp=0xc000243aa8 pc=0x8a3265
cmd/go/internal/modload.goModSummary({{0xc000152620?, 0x38?}, {0xc00012f070?, 0xffff87761988?}})
	cmd/go/internal/modload/modfile.go:602 +0x3ae fp=0xc000243ca8 sp=0xc000243b58 pc=0x8a27ee
cmd/go/internal/modload.readModGraph.func2.1()
	cmd/go/internal/modload/buildlist.go:380 +0x65 fp=0xc000243d48 sp=0xc000243ca8 pc=0x86e345
cmd/internal/par.(*ErrCache[...]).Do.func1()
	cmd/internal/par/work.go:119 +0x13 fp=0xc000243d58 sp=0xc000243d48 pc=0x8b3b33
cmd/internal/par.(*Cache[...]).Do(0xcd5240, {{0xc000152620, 0x1c}, {0xc00012f070, 0x6}}, 0xc000210e08)
	cmd/internal/par/work.go:160 +0x13c fp=0xc000243dd0 sp=0xc000243d58 pc=0x8b3d7c
cmd/internal/par.(*ErrCache[...]).Do(0x0?, {{0xc000152620?, 0x0?}, {0xc00012f070?, 0x0?}}, 0x0?)
	cmd/internal/par/work.go:118 +0x45 fp=0xc000243e30 sp=0xc000243dd0 pc=0x8b3ac5
cmd/go/internal/modload.readModGraph.func2({{0xc000152620?, 0x0?}, {0xc00012f070?, 0x0?}})
	cmd/go/internal/modload/buildlist.go:379 +0x9b fp=0xc000243eb8 sp=0xc000243e30 pc=0x86e29b
cmd/go/internal/modload.readModGraph.func3.1()
	cmd/go/internal/modload/buildlist.go:408 +0x56 fp=0xc000243f60 sp=0xc000243eb8 pc=0x86e0d6
cmd/internal/par.(*Queue).Add.func1()
	cmd/internal/par/queue.go:58 +0x5c fp=0xc000243fe0 sp=0xc000243f60 pc=0x5edd3c
runtime.goexit({})
	runtime/asm_amd64.s:1700 +0x1 fp=0xc000243fe8 sp=0xc000243fe0 pc=0x487861
created by cmd/internal/par.(*Queue).Add in goroutine 1
	cmd/internal/par/queue.go:56 +0x1d3

goroutine 35 gp=0xc00028a1c0 m=nil [select]:
runtime.gopark(0xc0000a44b0?, 0x2?, 0x52?, 0x14?, 0xc0000a43e4?)
	runtime/proc.go:435 +0xce fp=0xc0000a4270 sp=0xc0000a4250 pc=0x47fa2e
runtime.selectgo(0xc0000a44b0, 0xc0000a43e0, 0x14?, 0x0, 0x133b300?, 0x1)
	runtime/select.go:351 +0x837 fp=0xc0000a43a8 sp=0xc0000a4270 pc=0x45d597
net/http.(*Transport).getConn(0x12c2960, 0xc00032a0a0, {{}, 0x0, {0xc00031a1e0, 0x5}, {0xc000332018, 0x14}, 0x0})
	net/http/transport.go:1523 +0x4ae fp=0xc0000a4580 sp=0xc0000a43a8 pc=0x7b0b4e
net/http.(*Transport).roundTrip(0x12c2960, 0xc00032c000)
	net/http/transport.go:685 +0xb57 fp=0xc0000a4778 sp=0xc0000a4580 pc=0x7ac877
net/http.(*Transport).RoundTrip(0xc000331f80?, 0xccade0?)
	net/http/roundtrip.go:30 +0x13 fp=0xc0000a4798 sp=0xc0000a4778 pc=0x7bb013
net/http.send(0xc00032c000, {0xccade0, 0x12c2960}, {0x60ac01?, 0xffff877610c8?, 0x0?})
	net/http/client.go:259 +0x5e2 fp=0xc0000a4988 sp=0xc0000a4798 pc=0x777882
net/http.(*Client).send(0xc000123b90, 0xc00032c000, {0x47c318?, 0x640000000042a016?, 0x0?})
	net/http/client.go:180 +0x91 fp=0xc0000a4a00 sp=0xc0000a4988 pc=0x777131
net/http.(*Client).do(0xc000123b90, 0xc00032c000)
	net/http/client.go:728 +0x989 fp=0xc0000a4bf0 sp=0xc0000a4a00 pc=0x779669
net/http.(*Client).Do(...)
	net/http/client.go:587
cmd/go/internal/web.get.func1(0xc0000a4f88)
	cmd/go/internal/web/http.go:159 +0x3cb fp=0xc0000a4d68 sp=0xc0000a4bf0 pc=0x7ce02b
cmd/go/internal/web.get(0x1, 0xc0000a5050)
	cmd/go/internal/web/http.go:206 +0x482 fp=0xc0000a5028 sp=0xc0000a4d68 pc=0x7cd102
cmd/go/internal/web.Get(...)
	cmd/go/internal/web/api.go:186
cmd/go/internal/modfetch.(*proxyRepo).getBody(0xc00032a000, {0xba3421?, 0xd?}, {0xc0002af218, 0xd})
	cmd/go/internal/modfetch/proxy.go:282 +0x13f fp=0xc0000a5118 sp=0xc0000a5028 pc=0x84257f
cmd/go/internal/modfetch.(*proxyRepo).getBytes(0xc00012f076?, {0xcd0a58?, 0x1339ea0?}, {0xc0002af218?, 0x82d4b4?})
	cmd/go/internal/modfetch/proxy.go:260 +0x5b fp=0xc0000a51e0 sp=0xc0000a5118 pc=0x84213b
cmd/go/internal/modfetch.(*proxyRepo).GoMod(0xc00032a000, {0xcd0a58, 0x1339ea0}, {0xc00012f076, 0x6})
	cmd/go/internal/modfetch/proxy.go:412 +0x10d fp=0xc0000a5248 sp=0xc0000a51e0 pc=0x84386d
cmd/go/internal/modfetch.(*cachingRepo).GoMod.func1()
	cmd/go/internal/modfetch/cache.go:318 +0xa5 fp=0xc0000a5300 sp=0xc0000a5248 pc=0x82e1e5
cmd/internal/par.(*ErrCache[...]).Do.func1()
	cmd/internal/par/work.go:119 +0x28 fp=0xc0000a5338 sp=0xc0000a5300 pc=0x848a88
cmd/internal/par.(*Cache[...]).Do(0xcd54c0, {0xc00012f076, 0x6}, 0xc0002af468)
	cmd/internal/par/work.go:160 +0x156 fp=0xc0000a5418 sp=0xc0000a5338 pc=0x848d76
cmd/internal/par.(*ErrCache[...]).Do(0x843fac?, {0xc00012f076?, 0xcd53c0?}, 0xc000152200?)
	cmd/internal/par/work.go:118 +0x47 fp=0xc0000a54b8 sp=0xc0000a5418 pc=0x8489a7
cmd/go/internal/modfetch.(*cachingRepo).GoMod(0xcd0a58?, {0xcd0a58?, 0x1339ea0?}, {0xc00012f076, 0x6})
	cmd/go/internal/modfetch/cache.go:311 +0xfa fp=0xc0000a5548 sp=0xc0000a54b8 pc=0x82e05a
cmd/go/internal/modfetch.GoMod.func2({0xc000152200?, 0x0?})
	cmd/go/internal/modfetch/cache.go:411 +0x73 fp=0xc0000a55a8 sp=0xc0000a5548 pc=0x82ecf3
cmd/go/internal/modfetch.TryProxies(0xc0000a5680)
	cmd/go/internal/modfetch/proxy.go:164 +0xaf fp=0xc0000a5628 sp=0xc0000a55a8 pc=0x8417cf
cmd/go/internal/modfetch.GoMod({0xcd0a58, 0x1339ea0}, {0xc000152640, 0x1c}, {0xc00012f076, 0x6})
	cmd/go/internal/modfetch/cache.go:410 +0x258 fp=0xc0000a56f8 sp=0xc0000a5628 pc=0x82ebb8
cmd/go/internal/modload.rawGoModData({{0xc000152640?, 0xc0002a48b0?}, {0xc00012f076?, 0xb58360?}})
	cmd/go/internal/modload/modfile.go:786 +0x15f fp=0xc0000a5858 sp=0xc0000a56f8 pc=0x8a3e3f
cmd/go/internal/modload.rawGoModSummary.func1()
	cmd/go/internal/modload/modfile.go:695 +0x59 fp=0xc0000a59c0 sp=0xc0000a5858 pc=0x8a33b9
cmd/internal/par.(*ErrCache[...]).Do.func1()
	cmd/internal/par/work.go:119 +0x13 fp=0xc0000a59d0 sp=0xc0000a59c0 pc=0x8b3b33
cmd/internal/par.(*Cache[...]).Do(0xcd5240, {{0xc000152640, 0x1c}, {0xc00012f076, 0x6}}, 0xc0002a4a80)
	cmd/internal/par/work.go:160 +0x13c fp=0xc0000a5a48 sp=0xc0000a59d0 pc=0x8b3d7c
cmd/internal/par.(*ErrCache[...]).Do(0x0?, {{0xc000152640?, 0xc000154870?}, {0xc00012f076?, 0x0?}}, 0xba3f93?)
	cmd/internal/par/work.go:118 +0x45 fp=0xc0000a5aa8 sp=0xc0000a5a48 pc=0x8b3ac5
cmd/go/internal/modload.rawGoModSummary({{0xc000152640?, 0xc01010000296030?}, {0xc00012f076?, 0xffff91d758a0?}})
	cmd/go/internal/modload/modfile.go:693 +0x385 fp=0xc0000a5b58 sp=0xc0000a5aa8 pc=0x8a3265
cmd/go/internal/modload.goModSummary({{0xc000152640?, 0x3c?}, {0xc00012f076?, 0xc0001d7168?}})
	cmd/go/internal/modload/modfile.go:602 +0x3ae fp=0xc0000a5ca8 sp=0xc0000a5b58 pc=0x8a27ee
cmd/go/internal/modload.readModGraph.func2.1()
	cmd/go/internal/modload/buildlist.go:380 +0x65 fp=0xc0000a5d48 sp=0xc0000a5ca8 pc=0x86e345
cmd/internal/par.(*ErrCache[...]).Do.func1()
	cmd/internal/par/work.go:119 +0x13 fp=0xc0000a5d58 sp=0xc0000a5d48 pc=0x8b3b33
cmd/internal/par.(*Cache[...]).Do(0xcd5240, {{0xc000152640, 0x1c}, {0xc00012f076, 0x6}}, 0xc0002a4e08)
	cmd/internal/par/work.go:160 +0x13c fp=0xc0000a5dd0 sp=0xc0000a5d58 pc=0x8b3d7c
cmd/internal/par.(*ErrCache[...]).Do(0x0?, {{0xc000152640?, 0x0?}, {0xc00012f076?, 0x0?}}, 0x0?)
	cmd/internal/par/work.go:118 +0x45 fp=0xc0000a5e30 sp=0xc0000a5dd0 pc=0x8b3ac5
cmd/go/internal/modload.readModGraph.func2({{0xc000152640?, 0x0?}, {0xc00012f076?, 0x0?}})
	cmd/go/internal/modload/buildlist.go:379 +0x9b fp=0xc0000a5eb8 sp=0xc0000a5e30 pc=0x86e29b
cmd/go/internal/modload.readModGraph.func3.1()
	cmd/go/internal/modload/buildlist.go:408 +0x56 fp=0xc0000a5f60 sp=0xc0000a5eb8 pc=0x86e0d6
cmd/internal/par.(*Queue).Add.func1()
	cmd/internal/par/queue.go:58 +0x5c fp=0xc0000a5fe0 sp=0xc0000a5f60 pc=0x5edd3c
runtime.goexit({})
	runtime/asm_amd64.s:1700 +0x1 fp=0xc0000a5fe8 sp=0xc0000a5fe0 pc=0x487861
created by cmd/internal/par.(*Queue).Add in goroutine 1
	cmd/internal/par/queue.go:56 +0x1d3

goroutine 36 gp=0xc00028a380 m=nil [select]:
runtime.gopark(0xc0001e64b0?, 0x2?, 0x52?, 0x14?, 0xc0001e63e4?)
	runtime/proc.go:435 +0xce fp=0xc0001e6270 sp=0xc0001e6250 pc=0x47fa2e
runtime.selectgo(0xc0001e64b0, 0xc0001e63e0, 0x14?, 0x0, 0x133b300?, 0x1)
	runtime/select.go:351 +0x837 fp=0xc0001e63a8 sp=0xc0001e6270 pc=0x45d597
net/http.(*Transport).getConn(0x12c2960, 0xc00043a0a0, {{}, 0x0, {0xc00042a0a0, 0x5}, {0xc000436060, 0x14}, 0x0})
	net/http/transport.go:1523 +0x4ae fp=0xc0001e6580 sp=0xc0001e63a8 pc=0x7b0b4e
net/http.(*Transport).roundTrip(0x12c2960, 0xc00043c000)
	net/http/transport.go:685 +0xb57 fp=0xc0001e6778 sp=0xc0001e6580 pc=0x7ac877
net/http.(*Transport).RoundTrip(0xc000441f80?, 0xccade0?)
	net/http/roundtrip.go:30 +0x13 fp=0xc0001e6798 sp=0xc0001e6778 pc=0x7bb013
net/http.send(0xc00043c000, {0xccade0, 0x12c2960}, {0xbaa001?, 0xffff8763e008?, 0x0?})
	net/http/client.go:259 +0x5e2 fp=0xc0001e6988 sp=0xc0001e6798 pc=0x777882
net/http.(*Client).send(0xc000123b90, 0xc00043c000, {0x12b8214?, 0xc000422a08?, 0x0?})
	net/http/client.go:180 +0x91 fp=0xc0001e6a00 sp=0xc0001e6988 pc=0x777131
net/http.(*Client).do(0xc000123b90, 0xc00043c000)
	net/http/client.go:728 +0x989 fp=0xc0001e6bf0 sp=0xc0001e6a00 pc=0x779669
net/http.(*Client).Do(...)
	net/http/client.go:587
cmd/go/internal/web.get.func1(0xc0001e6f88)
	cmd/go/internal/web/http.go:159 +0x3cb fp=0xc0001e6d68 sp=0xc0001e6bf0 pc=0x7ce02b
cmd/go/internal/web.get(0x1, 0xc0001e7050)
	cmd/go/internal/web/http.go:206 +0x482 fp=0xc0001e7028 sp=0xc0001e6d68 pc=0x7cd102
cmd/go/internal/web.Get(...)
	cmd/go/internal/web/api.go:186
cmd/go/internal/modfetch.(*proxyRepo).getBody(0xc00043a000, {0xba3421?, 0xd?}, {0xc000423218, 0xd})
	cmd/go/internal/modfetch/proxy.go:282 +0x13f fp=0xc0001e7118 sp=0xc0001e7028 pc=0x84257f
cmd/go/internal/modfetch.(*proxyRepo).getBytes(0xc00012f0a0?, {0xcd0a58?, 0x1339ea0?}, {0xc000423218?, 0x82d4b4?})
	cmd/go/internal/modfetch/proxy.go:260 +0x5b fp=0xc0001e71e0 sp=0xc0001e7118 pc=0x84213b
cmd/go/internal/modfetch.(*proxyRepo).GoMod(0xc00043a000, {0xcd0a58, 0x1339ea0}, {0xc00012f0a0, 0x6})
	cmd/go/internal/modfetch/proxy.go:412 +0x10d fp=0xc0001e7248 sp=0xc0001e71e0 pc=0x84386d
cmd/go/internal/modfetch.(*cachingRepo).GoMod.func1()
	cmd/go/internal/modfetch/cache.go:318 +0xa5 fp=0xc0001e7300 sp=0xc0001e7248 pc=0x82e1e5
cmd/internal/par.(*ErrCache[...]).Do.func1()
	cmd/internal/par/work.go:119 +0x28 fp=0xc0001e7338 sp=0xc0001e7300 pc=0x848a88
cmd/internal/par.(*Cache[...]).Do(0xcd54c0, {0xc00012f0a0, 0x6}, 0xc000423468)
	cmd/internal/par/work.go:160 +0x156 fp=0xc0001e7418 sp=0xc0001e7338 pc=0x848d76
cmd/internal/par.(*ErrCache[...]).Do(0x843fac?, {0xc00012f0a0?, 0xcd53c0?}, 0xc000152200?)
	cmd/internal/par/work.go:118 +0x47 fp=0xc0001e74b8 sp=0xc0001e7418 pc=0x8489a7
cmd/go/internal/modfetch.(*cachingRepo).GoMod(0xcd0a58?, {0xcd0a58?, 0x1339ea0?}, {0xc00012f0a0, 0x6})
	cmd/go/internal/modfetch/cache.go:311 +0xfa fp=0xc0001e7548 sp=0xc0001e74b8 pc=0x82e05a
cmd/go/internal/modfetch.GoMod.func2({0xc000152200?, 0x0?})
	cmd/go/internal/modfetch/cache.go:411 +0x73 fp=0xc0001e75a8 sp=0xc0001e7548 pc=0x82ecf3
cmd/go/internal/modfetch.TryProxies(0xc0001e7680)
	cmd/go/internal/modfetch/proxy.go:164 +0xaf fp=0xc0001e7628 sp=0xc0001e75a8 pc=0x8417cf
cmd/go/internal/modfetch.GoMod({0xcd0a58, 0x1339ea0}, {0xc00015e810, 0x17}, {0xc00012f0a0, 0x6})
	cmd/go/internal/modfetch/cache.go:410 +0x258 fp=0xc0001e76f8 sp=0xc0001e7628 pc=0x82ebb8
cmd/go/internal/modload.rawGoModData({{0xc00015e810?, 0x47d499?}, {0xc00012f0a0?, 0xb58360?}})
	cmd/go/internal/modload/modfile.go:786 +0x15f fp=0xc0001e7858 sp=0xc0001e76f8 pc=0x8a3e3f
cmd/go/internal/modload.rawGoModSummary.func1()
	cmd/go/internal/modload/modfile.go:695 +0x59 fp=0xc0001e79c0 sp=0xc0001e7858 pc=0x8a33b9
cmd/internal/par.(*ErrCache[...]).Do.func1()
	cmd/internal/par/work.go:119 +0x13 fp=0xc0001e79d0 sp=0xc0001e79c0 pc=0x8b3b33
cmd/internal/par.(*Cache[...]).Do(0xcd5240, {{0xc00015e810, 0x17}, {0xc00012f0a0, 0x6}}, 0xc000414a80)
	cmd/internal/par/work.go:160 +0x13c fp=0xc0001e7a48 sp=0xc0001e79d0 pc=0x8b3d7c
cmd/internal/par.(*ErrCache[...]).Do(0x0?, {{0xc00015e810?, 0xc000154870?}, {0xc00012f0a0?, 0x0?}}, 0xba3f93?)
	cmd/internal/par/work.go:118 +0x45 fp=0xc0001e7aa8 sp=0xc0001e7a48 pc=0x8b3ac5
cmd/go/internal/modload.rawGoModSummary({{0xc00015e810?, 0x8?}, {0xc00012f0a0?, 0x426405?}})
	cmd/go/internal/modload/modfile.go:693 +0x385 fp=0xc0001e7b58 sp=0xc0001e7aa8 pc=0x8a3265
cmd/go/internal/modload.goModSummary({{0xc00015e810?, 0x3c?}, {0xc00012f0a0?, 0xffff8763e968?}})
	cmd/go/internal/modload/modfile.go:602 +0x3ae fp=0xc0001e7ca8 sp=0xc0001e7b58 pc=0x8a27ee
cmd/go/internal/modload.readModGraph.func2.1()
	cmd/go/internal/modload/buildlist.go:380 +0x65 fp=0xc0001e7d48 sp=0xc0001e7ca8 pc=0x86e345
cmd/internal/par.(*ErrCache[...]).Do.func1()
	cmd/internal/par/work.go:119 +0x13 fp=0xc0001e7d58 sp=0xc0001e7d48 pc=0x8b3b33
cmd/internal/par.(*Cache[...]).Do(0xcd5240, {{0xc00015e810, 0x17}, {0xc00012f0a0, 0x6}}, 0xc000414e08)
	cmd/internal/par/work.go:160 +0x13c fp=0xc0001e7dd0 sp=0xc0001e7d58 pc=0x8b3d7c
cmd/internal/par.(*ErrCache[...]).Do(0x0?, {{0xc00015e810?, 0x0?}, {0xc00012f0a0?, 0x0?}}, 0x0?)
	cmd/internal/par/work.go:118 +0x45 fp=0xc0001e7e30 sp=0xc0001e7dd0 pc=0x8b3ac5
cmd/go/internal/modload.readModGraph.func2({{0xc00015e810?, 0x0?}, {0xc00012f0a0?, 0x0?}})
	cmd/go/internal/modload/buildlist.go:379 +0x9b fp=0xc0001e7eb8 sp=0xc0001e7e30 pc=0x86e29b
cmd/go/internal/modload.readModGraph.func3.1()
	cmd/go/internal/modload/buildlist.go:408 +0x56 fp=0xc0001e7f60 sp=0xc0001e7eb8 pc=0x86e0d6
cmd/internal/par.(*Queue).Add.func1()
	cmd/internal/par/queue.go:58 +0x5c fp=0xc0001e7fe0 sp=0xc0001e7f60 pc=0x5edd3c
runtime.goexit({})
	runtime/asm_amd64.s:1700 +0x1 fp=0xc0001e7fe8 sp=0xc0001e7fe0 pc=0x487861
created by cmd/internal/par.(*Queue).Add in goroutine 1
	cmd/internal/par/queue.go:56 +0x1d3

goroutine 37 gp=0xc00028a540 m=nil [select]:
runtime.gopark(0xc0002c84b0?, 0x2?, 0x52?, 0x14?, 0xc0002c83e4?)
	runtime/proc.go:435 +0xce fp=0xc0002c8270 sp=0xc0002c8250 pc=0x47fa2e
runtime.selectgo(0xc0002c84b0, 0xc0002c83e0, 0x7?, 0x0, 0x45e910?, 0x1)
	runtime/select.go:351 +0x837 fp=0xc0002c83a8 sp=0xc0002c8270 pc=0x45d597
net/http.(*Transport).getConn(0x12c2960, 0xc000285090, {{}, 0x0, {0xc0002be000, 0x5}, {0xc0002ca018, 0x14}, 0x0})
	net/http/transport.go:1523 +0x4ae fp=0xc0002c8580 sp=0xc0002c83a8 pc=0x7b0b4e
net/http.(*Transport).roundTrip(0x12c2960, 0xc0002c0000)
	net/http/transport.go:685 +0xb57 fp=0xc0002c8778 sp=0xc0002c8580 pc=0x7ac877
net/http.(*Transport).RoundTrip(0xc000100008?, 0xccade0?)
	net/http/roundtrip.go:30 +0x13 fp=0xc0002c8798 sp=0xc0002c8778 pc=0x7bb013
net/http.send(0xc0002c0000, {0xccade0, 0x12c2960}, {0x60ac01?, 0x47c46c?, 0x0?})
	net/http/client.go:259 +0x5e2 fp=0xc0002c8988 sp=0xc0002c8798 pc=0x777882
net/http.(*Client).send(0xc000123b90, 0xc0002c0000, {0x47c318?, 0x640000000042a016?, 0x0?})
	net/http/client.go:180 +0x91 fp=0xc0002c8a00 sp=0xc0002c8988 pc=0x777131
net/http.(*Client).do(0xc000123b90, 0xc0002c0000)
	net/http/client.go:728 +0x989 fp=0xc0002c8bf0 sp=0xc0002c8a00 pc=0x779669
net/http.(*Client).Do(...)
	net/http/client.go:587
cmd/go/internal/web.get.func1(0xc0002c8f88)
	cmd/go/internal/web/http.go:159 +0x3cb fp=0xc0002c8d68 sp=0xc0002c8bf0 pc=0x7ce02b
cmd/go/internal/web.get(0x1, 0xc0002c9050)
	cmd/go/internal/web/http.go:206 +0x482 fp=0xc0002c9028 sp=0xc0002c8d68 pc=0x7cd102
cmd/go/internal/web.Get(...)
	cmd/go/internal/web/api.go:186
cmd/go/internal/modfetch.(*proxyRepo).getBody(0xc000284ff0, {0xba3421?, 0xe?}, {0xc0002b3218, 0xe})
	cmd/go/internal/modfetch/proxy.go:282 +0x13f fp=0xc0002c9118 sp=0xc0002c9028 pc=0x84257f
cmd/go/internal/modfetch.(*proxyRepo).getBytes(0xc00012f0a6?, {0xcd0a58?, 0x1339ea0?}, {0xc0002b3218?, 0x82d4b4?})
	cmd/go/internal/modfetch/proxy.go:260 +0x5b fp=0xc0002c91e0 sp=0xc0002c9118 pc=0x84213b
cmd/go/internal/modfetch.(*proxyRepo).GoMod(0xc000284ff0, {0xcd0a58, 0x1339ea0}, {0xc00012f0a6, 0x7})
	cmd/go/internal/modfetch/proxy.go:412 +0x10d fp=0xc0002c9248 sp=0xc0002c91e0 pc=0x84386d
cmd/go/internal/modfetch.(*cachingRepo).GoMod.func1()
	cmd/go/internal/modfetch/cache.go:318 +0xa5 fp=0xc0002c9300 sp=0xc0002c9248 pc=0x82e1e5
cmd/internal/par.(*ErrCache[...]).Do.func1()
	cmd/internal/par/work.go:119 +0x28 fp=0xc0002c9338 sp=0xc0002c9300 pc=0x848a88
cmd/internal/par.(*Cache[...]).Do(0xcd54c0, {0xc00012f0a6, 0x7}, 0xc0002b3468)
	cmd/internal/par/work.go:160 +0x156 fp=0xc0002c9418 sp=0xc0002c9338 pc=0x848d76
cmd/internal/par.(*ErrCache[...]).Do(0x843fac?, {0xc00012f0a6?, 0xcd53c0?}, 0xc000152200?)
	cmd/internal/par/work.go:118 +0x47 fp=0xc0002c94b8 sp=0xc0002c9418 pc=0x8489a7
cmd/go/internal/modfetch.(*cachingRepo).GoMod(0xcd0a58?, {0xcd0a58?, 0x1339ea0?}, {0xc00012f0a6, 0x7})
	cmd/go/internal/modfetch/cache.go:311 +0xfa fp=0xc0002c9548 sp=0xc0002c94b8 pc=0x82e05a
cmd/go/internal/modfetch.GoMod.func2({0xc000152200?, 0x0?})
	cmd/go/internal/modfetch/cache.go:411 +0x73 fp=0xc0002c95a8 sp=0xc0002c9548 pc=0x82ecf3
cmd/go/internal/modfetch.TryProxies(0xc0002c9680)
	cmd/go/internal/modfetch/proxy.go:164 +0xaf fp=0xc0002c9628 sp=0xc0002c95a8 pc=0x8417cf
cmd/go/internal/modfetch.GoMod({0xcd0a58, 0x1339ea0}, {0xc000154990, 0x21}, {0xc00012f0a6, 0x7})
	cmd/go/internal/modfetch/cache.go:410 +0x258 fp=0xc0002c96f8 sp=0xc0002c9628 pc=0x82ebb8
cmd/go/internal/modload.rawGoModData({{0xc000154990?, 0x47d499?}, {0xc00012f0a6?, 0xb58360?}})
	cmd/go/internal/modload/modfile.go:786 +0x15f fp=0xc0002c9858 sp=0xc0002c96f8 pc=0x8a3e3f
cmd/go/internal/modload.rawGoModSummary.func1()
	cmd/go/internal/modload/modfile.go:695 +0x59 fp=0xc0002c99c0 sp=0xc0002c9858 pc=0x8a33b9
cmd/internal/par.(*ErrCache[...]).Do.func1()
	cmd/internal/par/work.go:119 +0x13 fp=0xc0002c99d0 sp=0xc0002c99c0 pc=0x8b3b33
cmd/internal/par.(*Cache[...]).Do(0xcd5240, {{0xc000154990, 0x21}, {0xc00012f0a6, 0x7}}, 0xc0002a8a80)
	cmd/internal/par/work.go:160 +0x13c fp=0xc0002c9a48 sp=0xc0002c99d0 pc=0x8b3d7c
cmd/internal/par.(*ErrCache[...]).Do(0x0?, {{0xc000154990?, 0xc000154870?}, {0xc00012f0a6?, 0x0?}}, 0xba3f93?)
	cmd/internal/par/work.go:118 +0x45 fp=0xc0002c9aa8 sp=0xc0002c9a48 pc=0x8b3ac5
cmd/go/internal/modload.rawGoModSummary({{0xc000154990?, 0x0?}, {0xc00012f0a6?, 0x0?}})
	cmd/go/internal/modload/modfile.go:693 +0x385 fp=0xc0002c9b58 sp=0xc0002c9aa8 pc=0x8a3265
cmd/go/internal/modload.goModSummary({{0xc000154990?, 0x3c?}, {0xc00012f0a6?, 0xffff8775f048?}})
	cmd/go/internal/modload/modfile.go:602 +0x3ae fp=0xc0002c9ca8 sp=0xc0002c9b58 pc=0x8a27ee
cmd/go/internal/modload.readModGraph.func2.1()
	cmd/go/internal/modload/buildlist.go:380 +0x65 fp=0xc0002c9d48 sp=0xc0002c9ca8 pc=0x86e345
cmd/internal/par.(*ErrCache[...]).Do.func1()
	cmd/internal/par/work.go:119 +0x13 fp=0xc0002c9d58 sp=0xc0002c9d48 pc=0x8b3b33
cmd/internal/par.(*Cache[...]).Do(0xcd5240, {{0xc000154990, 0x21}, {0xc00012f0a6, 0x7}}, 0xc0002a8e08)
	cmd/internal/par/work.go:160 +0x13c fp=0xc0002c9dd0 sp=0xc0002c9d58 pc=0x8b3d7c
cmd/internal/par.(*ErrCache[...]).Do(0x0?, {{0xc000154990?, 0x0?}, {0xc00012f0a6?, 0x0?}}, 0x0?)
	cmd/internal/par/work.go:118 +0x45 fp=0xc0002c9e30 sp=0xc0002c9dd0 pc=0x8b3ac5
cmd/go/internal/modload.readModGraph.func2({{0xc000154990?, 0x0?}, {0xc00012f0a6?, 0x0?}})
	cmd/go/internal/modload/buildlist.go:379 +0x9b fp=0xc0002c9eb8 sp=0xc0002c9e30 pc=0x86e29b
cmd/go/internal/modload.readModGraph.func3.1()
	cmd/go/internal/modload/buildlist.go:408 +0x56 fp=0xc0002c9f60 sp=0xc0002c9eb8 pc=0x86e0d6
cmd/internal/par.(*Queue).Add.func1()
	cmd/internal/par/queue.go:58 +0x5c fp=0xc0002c9fe0 sp=0xc0002c9f60 pc=0x5edd3c
runtime.goexit({})
	runtime/asm_amd64.s:1700 +0x1 fp=0xc0002c9fe8 sp=0xc0002c9fe0 pc=0x487861
created by cmd/internal/par.(*Queue).Add in goroutine 1
	cmd/internal/par/queue.go:56 +0x1d3

goroutine 26 gp=0xc000103500 m=nil [select]:
runtime.gopark(0xc0001c15b8?, 0x2?, 0x0?, 0x99?, 0xc0001c1470?)
	runtime/proc.go:435 +0xce fp=0xc0001c12f8 sp=0xc0001c12d8 pc=0x47fa2e
runtime.selectgo(0xc0001c15b8, 0xc0001c146c, 0x14?, 0x0, 0x47d0c5?, 0x1)
	runtime/select.go:351 +0x837 fp=0xc0001c1430 sp=0xc0001c12f8 pc=0x45d597
net.(*Resolver).lookupIPAddr(0x1316040, {0xcd0a20, 0xc0001ee150}, {0xba2f91, 0x3}, {0xc00015ea20, 0x10})
	net/lookup.go:342 +0x3d9 fp=0xc0001c1610 sp=0xc0001c1430 pc=0x6be139
net.(*Resolver).internetAddrList(0x1316040?, {0xcd0a20?, 0xc0001ee150?}, {0xba2f91, 0x3}, {0xc00015ea20?, 0x423165?})
	net/ipsock.go:289 +0x4c5 fp=0xc0001c1708 sp=0xc0001c1610 pc=0x6bc425
net.(*Resolver).resolveAddrList(0x1316040, {0xcd0a20, 0xc0001ee150}, {0xba35b1, 0x4}, {0xba2f91?, 0x0?}, {0xc00015ea20, 0x14}, {0x0, ...})
	net/dial.go:353 +0x3e5 fp=0xc0001c1808 sp=0xc0001c1708 pc=0x6aa265
net.(*Dialer).DialContext(0xc0001862d0, {0xcd09b0, 0xc00017c460}, {0xba2f91, 0x3}, {0xc00015ea20, 0x14})
	net/dial.go:560 +0x408 fp=0xc0001c1978 sp=0xc0001c1808 pc=0x6ab008
net.(*Dialer).DialContext-fm({0xcd09b0?, 0xc00017c460?}, {0xba2f91?, 0x1339ea0?}, {0xc00015ea20?, 0xc00006ea18?})
	<autogenerated>:1 +0x49 fp=0xc0001c19c0 sp=0xc0001c1978 pc=0x7c6629
net/http.(*Transport).dial(0xc00012f048?, {0xcd09b0?, 0xc00017c460?}, {0xba2f91?, 0x1316520?}, {0xc00015ea20?, 0xc000152600?})
	net/http/transport.go:1278 +0xd2 fp=0xc0001c1a28 sp=0xc0001c19c0 pc=0x7afb92
net/http.(*Transport).dialConn(0x12c2960, {0xcd09b0, 0xc00017c460}, {{}, 0x0, {0xc000158280, 0x5}, {0xc00015ea20, 0x14}, 0x0})
	net/http/transport.go:1783 +0x7e5 fp=0xc0001c1ee0 sp=0xc0001c1a28 pc=0x7b2b65
net/http.(*Transport).dialConnFor(0x12c2960, 0xc0001482c0)
	net/http/transport.go:1618 +0xb8 fp=0xc0001c1f90 sp=0xc0001c1ee0 pc=0x7b1678
net/http.(*Transport).startDialConnForLocked.func1()
	net/http/transport.go:1600 +0x35 fp=0xc0001c1fe0 sp=0xc0001c1f90 pc=0x7b14b5
runtime.goexit({})
	runtime/asm_amd64.s:1700 +0x1 fp=0xc0001c1fe8 sp=0xc0001c1fe0 pc=0x487861
created by net/http.(*Transport).startDialConnForLocked in goroutine 25
	net/http/transport.go:1599 +0x112

goroutine 50 gp=0xc0004aa000 m=nil [select]:
runtime.gopark(0xc00021f5b8?, 0x2?, 0xd8?, 0xe0?, 0xc00021f470?)
	runtime/proc.go:435 +0xce fp=0xc00021f2f8 sp=0xc00021f2d8 pc=0x47fa2e
runtime.selectgo(0xc00021f5b8, 0xc00021f46c, 0x14?, 0x0, 0x0?, 0x1)
	runtime/select.go:351 +0x837 fp=0xc00021f430 sp=0xc00021f2f8 pc=0x45d597
net.(*Resolver).lookupIPAddr(0x1316040, {0xcd0a20, 0xc0004a61c0}, {0xba2f91, 0x3}, {0xc0004a0048, 0x10})
	net/lookup.go:342 +0x3d9 fp=0xc00021f610 sp=0xc00021f430 pc=0x6be139
net.(*Resolver).internetAddrList(0x1316040?, {0xcd0a20?, 0xc0004a61c0?}, {0xba2f91, 0x3}, {0xc0004a0048?, 0x423165?})
	net/ipsock.go:289 +0x4c5 fp=0xc00021f708 sp=0xc00021f610 pc=0x6bc425
net.(*Resolver).resolveAddrList(0x1316040, {0xcd0a20, 0xc0004a61c0}, {0xba35b1, 0x4}, {0xba2f91?, 0x426405?}, {0xc0004a0048, 0x14}, {0x0, ...})
	net/dial.go:353 +0x3e5 fp=0xc00021f808 sp=0xc00021f708 pc=0x6aa265
net.(*Dialer).DialContext(0xc0001862d0, {0xcd09b0, 0xc0004981e0}, {0xba2f91, 0x3}, {0xc0004a0048, 0x14})
	net/dial.go:560 +0x408 fp=0xc00021f978 sp=0xc00021f808 pc=0x6ab008
net.(*Dialer).DialContext-fm({0xcd09b0?, 0xc0004981e0?}, {0xba2f91?, 0x1339ea0?}, {0xc0004a0048?, 0xc000410a18?})
	<autogenerated>:1 +0x49 fp=0xc00021f9c0 sp=0xc00021f978 pc=0x7c6629
net/http.(*Transport).dial(0x0?, {0xcd09b0?, 0xc0004981e0?}, {0xba2f91?, 0x0?}, {0xc0004a0048?, 0x0?})
	net/http/transport.go:1278 +0xd2 fp=0xc00021fa28 sp=0xc00021f9c0 pc=0x7afb92
net/http.(*Transport).dialConn(0x12c2960, {0xcd09b0, 0xc0004981e0}, {{}, 0x0, {0xc0004a4000, 0x5}, {0xc0004a0048, 0x14}, 0x0})
	net/http/transport.go:1783 +0x7e5 fp=0xc00021fee0 sp=0xc00021fa28 pc=0x7b2b65
net/http.(*Transport).dialConnFor(0x12c2960, 0xc0004a8000)
	net/http/transport.go:1618 +0xb8 fp=0xc00021ff90 sp=0xc00021fee0 pc=0x7b1678
net/http.(*Transport).startDialConnForLocked.func1()
	net/http/transport.go:1600 +0x35 fp=0xc00021ffe0 sp=0xc00021ff90 pc=0x7b14b5
runtime.goexit({})
	runtime/asm_amd64.s:1700 +0x1 fp=0xc00021ffe8 sp=0xc00021ffe0 pc=0x487861
created by net/http.(*Transport).startDialConnForLocked in goroutine 24
	net/http/transport.go:1599 +0x112

goroutine 3 gp=0xc0000056c0 m=nil [select]:
runtime.gopark(0xc0001bd5b8?, 0x2?, 0x7?, 0x0?, 0xc0001bd470?)
	runtime/proc.go:435 +0xce fp=0xc0001bd2f8 sp=0xc0001bd2d8 pc=0x47fa2e
runtime.selectgo(0xc0001bd5b8, 0xc0001bd46c, 0x14?, 0x0, 0x0?, 0x1)
	runtime/select.go:351 +0x837 fp=0xc0001bd430 sp=0xc0001bd2f8 pc=0x45d597
net.(*Resolver).lookupIPAddr(0x1316040, {0xcd0a20, 0xc0000aa1c0}, {0xba2f91, 0x3}, {0xc000000180, 0x10})
	net/lookup.go:342 +0x3d9 fp=0xc0001bd610 sp=0xc0001bd430 pc=0x6be139
net.(*Resolver).internetAddrList(0x1316040?, {0xcd0a20?, 0xc0000aa1c0?}, {0xba2f91, 0x3}, {0xc000000180?, 0x423165?})
	net/ipsock.go:289 +0x4c5 fp=0xc0001bd708 sp=0xc0001bd610 pc=0x6bc425
net.(*Resolver).resolveAddrList(0x1316040, {0xcd0a20, 0xc0000aa1c0}, {0xba35b1, 0x4}, {0xba2f91?, 0x426405?}, {0xc000000180, 0x14}, {0x0, ...})
	net/dial.go:353 +0x3e5 fp=0xc0001bd808 sp=0xc0001bd708 pc=0x6aa265
net.(*Dialer).DialContext(0xc0001862d0, {0xcd09b0, 0xc00009c0f0}, {0xba2f91, 0x3}, {0xc000000180, 0x14})
	net/dial.go:560 +0x408 fp=0xc0001bd978 sp=0xc0001bd808 pc=0x6ab008
net.(*Dialer).DialContext-fm({0xcd09b0?, 0xc00009c0f0?}, {0xba2f91?, 0x1339ea0?}, {0xc000000180?, 0xc000073a18?})
	<autogenerated>:1 +0x49 fp=0xc0001bd9c0 sp=0xc0001bd978 pc=0x7c6629
net/http.(*Transport).dial(0xc000154930?, {0xcd09b0?, 0xc00009c0f0?}, {0xba2f91?, 0x1316520?}, {0xc000000180?, 0xc0001525e0?})
	net/http/transport.go:1278 +0xd2 fp=0xc0001bda28 sp=0xc0001bd9c0 pc=0x7afb92
net/http.(*Transport).dialConn(0x12c2960, {0xcd09b0, 0xc00009c0f0}, {{}, 0x0, {0xc0000961c0, 0x5}, {0xc000000180, 0x14}, 0x0})
	net/http/transport.go:1783 +0x7e5 fp=0xc0001bdee0 sp=0xc0001bda28 pc=0x7b2b65
net/http.(*Transport).dialConnFor(0x12c2960, 0xc0000ac000)
	net/http/transport.go:1618 +0xb8 fp=0xc0001bdf90 sp=0xc0001bdee0 pc=0x7b1678
net/http.(*Transport).startDialConnForLocked.func1()
	net/http/transport.go:1600 +0x35 fp=0xc0001bdfe0 sp=0xc0001bdf90 pc=0x7b14b5
runtime.goexit({})
	runtime/asm_amd64.s:1700 +0x1 fp=0xc0001bdfe8 sp=0xc0001bdfe0 pc=0x487861
created by net/http.(*Transport).startDialConnForLocked in goroutine 23
	net/http/transport.go:1599 +0x112

goroutine 66 gp=0xc000202380 m=nil [select]:
runtime.gopark(0xc0002235b8?, 0x2?, 0xd8?, 0xe0?, 0xc000223470?)
	runtime/proc.go:435 +0xce fp=0xc0002232f8 sp=0xc0002232d8 pc=0x47fa2e
runtime.selectgo(0xc0002235b8, 0xc00022346c, 0x14?, 0x0, 0x0?, 0x1)
	runtime/select.go:351 +0x837 fp=0xc000223430 sp=0xc0002232f8 pc=0x45d597
net.(*Resolver).lookupIPAddr(0x1316040, {0xcd0a20, 0xc00024a1c0}, {0xba2f91, 0x3}, {0xc000248018, 0x10})
	net/lookup.go:342 +0x3d9 fp=0xc000223610 sp=0xc000223430 pc=0x6be139
net.(*Resolver).internetAddrList(0x1316040?, {0xcd0a20?, 0xc00024a1c0?}, {0xba2f91, 0x3}, {0xc000248018?, 0x423165?})
	net/ipsock.go:289 +0x4c5 fp=0xc000223708 sp=0xc000223610 pc=0x6bc425
net.(*Resolver).resolveAddrList(0x1316040, {0xcd0a20, 0xc00024a1c0}, {0xba35b1, 0x4}, {0xba2f91?, 0x426405?}, {0xc000248018, 0x14}, {0x0, ...})
	net/dial.go:353 +0x3e5 fp=0xc000223808 sp=0xc000223708 pc=0x6aa265
net.(*Dialer).DialContext(0xc0001862d0, {0xcd09b0, 0xc0002360f0}, {0xba2f91, 0x3}, {0xc000248018, 0x14})
	net/dial.go:560 +0x408 fp=0xc000223978 sp=0xc000223808 pc=0x6ab008
net.(*Dialer).DialContext-fm({0xcd09b0?, 0xc0002360f0?}, {0xba2f91?, 0x1339ea0?}, {0xc000248018?, 0xc000214a18?})
	<autogenerated>:1 +0x49 fp=0xc0002239c0 sp=0xc000223978 pc=0x7c6629
net/http.(*Transport).dial(0xc0001548d0?, {0xcd09b0?, 0xc0002360f0?}, {0xba2f91?, 0x1316520?}, {0xc000248018?, 0xc0001548a0?})
	net/http/transport.go:1278 +0xd2 fp=0xc000223a28 sp=0xc0002239c0 pc=0x7afb92
net/http.(*Transport).dialConn(0x12c2960, {0xcd09b0, 0xc0002360f0}, {{}, 0x0, {0xc00022c1c0, 0x5}, {0xc000248018, 0x14}, 0x0})
	net/http/transport.go:1783 +0x7e5 fp=0xc000223ee0 sp=0xc000223a28 pc=0x7b2b65
net/http.(*Transport).dialConnFor(0x12c2960, 0xc00024c000)
	net/http/transport.go:1618 +0xb8 fp=0xc000223f90 sp=0xc000223ee0 pc=0x7b1678
net/http.(*Transport).startDialConnForLocked.func1()
	net/http/transport.go:1600 +0x35 fp=0xc000223fe0 sp=0xc000223f90 pc=0x7b14b5
runtime.goexit({})
	runtime/asm_amd64.s:1700 +0x1 fp=0xc000223fe8 sp=0xc000223fe0 pc=0x487861
created by net/http.(*Transport).startDialConnForLocked in goroutine 22
	net/http/transport.go:1599 +0x112

goroutine 82 gp=0xc000402380 m=nil [select]:
runtime.gopark(0xc0004235b8?, 0x2?, 0xd8?, 0xe0?, 0xc000423470?)
	runtime/proc.go:435 +0xce fp=0xc0004232f8 sp=0xc0004232d8 pc=0x47fa2e
runtime.selectgo(0xc0004235b8, 0xc00042346c, 0x14?, 0x0, 0x0?, 0x1)
	runtime/select.go:351 +0x837 fp=0xc000423430 sp=0xc0004232f8 pc=0x45d597
net.(*Resolver).lookupIPAddr(0x1316040, {0xcd0a20, 0xc00044a1c0}, {0xba2f91, 0x3}, {0xc000436060, 0x10})
	net/lookup.go:342 +0x3d9 fp=0xc000423610 sp=0xc000423430 pc=0x6be139
net.(*Resolver).internetAddrList(0x1316040?, {0xcd0a20?, 0xc00044a1c0?}, {0xba2f91, 0x3}, {0xc000436060?, 0x423165?})
	net/ipsock.go:289 +0x4c5 fp=0xc000423708 sp=0xc000423610 pc=0x6bc425
net.(*Resolver).resolveAddrList(0x1316040, {0xcd0a20, 0xc00044a1c0}, {0xba35b1, 0x4}, {0xba2f91?, 0xc0004149b0?}, {0xc000436060, 0x14}, {0x0, ...})
	net/dial.go:353 +0x3e5 fp=0xc000423808 sp=0xc000423708 pc=0x6aa265
net.(*Dialer).DialContext(0xc0001862d0, {0xcd09b0, 0xc00043a0f0}, {0xba2f91, 0x3}, {0xc000436060, 0x14})
	net/dial.go:560 +0x408 fp=0xc000423978 sp=0xc000423808 pc=0x6ab008
net.(*Dialer).DialContext-fm({0xcd09b0?, 0xc00043a0f0?}, {0xba2f91?, 0x1339ea0?}, {0xc000436060?, 0xc000414a18?})
	<autogenerated>:1 +0x49 fp=0xc0004239c0 sp=0xc000423978 pc=0x7c6629
net/http.(*Transport).dial(0xc00012f0a0?, {0xcd09b0?, 0xc00043a0f0?}, {0xba2f91?, 0x1316520?}, {0xc000436060?, 0xc00015e810?})
	net/http/transport.go:1278 +0xd2 fp=0xc000423a28 sp=0xc0004239c0 pc=0x7afb92
net/http.(*Transport).dialConn(0x12c2960, {0xcd09b0, 0xc00043a0f0}, {{}, 0x0, {0xc00042a0a0, 0x5}, {0xc000436060, 0x14}, 0x0})
	net/http/transport.go:1783 +0x7e5 fp=0xc000423ee0 sp=0xc000423a28 pc=0x7b2b65
net/http.(*Transport).dialConnFor(0x12c2960, 0xc00044c000)
	net/http/transport.go:1618 +0xb8 fp=0xc000423f90 sp=0xc000423ee0 pc=0x7b1678
net/http.(*Transport).startDialConnForLocked.func1()
	net/http/transport.go:1600 +0x35 fp=0xc000423fe0 sp=0xc000423f90 pc=0x7b14b5
runtime.goexit({})
	runtime/asm_amd64.s:1700 +0x1 fp=0xc000423fe8 sp=0xc000423fe0 pc=0x487861
created by net/http.(*Transport).startDialConnForLocked in goroutine 36
	net/http/transport.go:1599 +0x112

goroutine 38 gp=0xc00028a700 m=nil [select]:
runtime.gopark(0xc0002b35b8?, 0x2?, 0x7?, 0x0?, 0xc0002b3470?)
	runtime/proc.go:435 +0xce fp=0xc0002b32f8 sp=0xc0002b32d8 pc=0x47fa2e
runtime.selectgo(0xc0002b35b8, 0xc0002b346c, 0x14?, 0x0, 0x0?, 0x1)
	runtime/select.go:351 +0x837 fp=0xc0002b3430 sp=0xc0002b32f8 pc=0x45d597
net.(*Resolver).lookupIPAddr(0x1316040, {0xcd0a20, 0xc0002cc1c0}, {0xba2f91, 0x3}, {0xc0002ca018, 0x10})
	net/lookup.go:342 +0x3d9 fp=0xc0002b3610 sp=0xc0002b3430 pc=0x6be139
net.(*Resolver).internetAddrList(0x1316040?, {0xcd0a20?, 0xc0002cc1c0?}, {0xba2f91, 0x3}, {0xc0002ca018?, 0x423165?})
	net/ipsock.go:289 +0x4c5 fp=0xc0002b3708 sp=0xc0002b3610 pc=0x6bc425
net.(*Resolver).resolveAddrList(0x1316040, {0xcd0a20, 0xc0002cc1c0}, {0xba35b1, 0x4}, {0xba2f91?, 0x426405?}, {0xc0002ca018, 0x14}, {0x0, ...})
	net/dial.go:353 +0x3e5 fp=0xc0002b3808 sp=0xc0002b3708 pc=0x6aa265
net.(*Dialer).DialContext(0xc0001862d0, {0xcd09b0, 0xc0002850e0}, {0xba2f91, 0x3}, {0xc0002ca018, 0x14})
	net/dial.go:560 +0x408 fp=0xc0002b3978 sp=0xc0002b3808 pc=0x6ab008
net.(*Dialer).DialContext-fm({0xcd09b0?, 0xc0002850e0?}, {0xba2f91?, 0x1339ea0?}, {0xc0002ca018?, 0xc0002a8a18?})
	<autogenerated>:1 +0x49 fp=0xc0002b39c0 sp=0xc0002b3978 pc=0x7c6629
net/http.(*Transport).dial(0xc00012f0a6?, {0xcd09b0?, 0xc0002850e0?}, {0xba2f91?, 0x1316520?}, {0xc0002ca018?, 0xc000154990?})
	net/http/transport.go:1278 +0xd2 fp=0xc0002b3a28 sp=0xc0002b39c0 pc=0x7afb92
net/http.(*Transport).dialConn(0x12c2960, {0xcd09b0, 0xc0002850e0}, {{}, 0x0, {0xc0002be000, 0x5}, {0xc0002ca018, 0x14}, 0x0})
	net/http/transport.go:1783 +0x7e5 fp=0xc0002b3ee0 sp=0xc0002b3a28 pc=0x7b2b65
net/http.(*Transport).dialConnFor(0x12c2960, 0xc0002ce000)
	net/http/transport.go:1618 +0xb8 fp=0xc0002b3f90 sp=0xc0002b3ee0 pc=0x7b1678
net/http.(*Transport).startDialConnForLocked.func1()
	net/http/transport.go:1600 +0x35 fp=0xc0002b3fe0 sp=0xc0002b3f90 pc=0x7b14b5
runtime.goexit({})
	runtime/asm_amd64.s:1700 +0x1 fp=0xc0002b3fe8 sp=0xc0002b3fe0 pc=0x487861
created by net/http.(*Transport).startDialConnForLocked in goroutine 37
	net/http/transport.go:1599 +0x112

goroutine 98 gp=0xc000302380 m=nil [select]:
runtime.gopark(0xc0002af5b8?, 0x2?, 0xd8?, 0xe0?, 0xc0002af470?)
	runtime/proc.go:435 +0xce fp=0xc0002af2f8 sp=0xc0002af2d8 pc=0x47fa2e
runtime.selectgo(0xc0002af5b8, 0xc0002af46c, 0x14?, 0x0, 0x0?, 0x1)
	runtime/select.go:351 +0x837 fp=0xc0002af430 sp=0xc0002af2f8 pc=0x45d597
net.(*Resolver).lookupIPAddr(0x1316040, {0xcd0a20, 0xc0003361c0}, {0xba2f91, 0x3}, {0xc000332018, 0x10})
	net/lookup.go:342 +0x3d9 fp=0xc0002af610 sp=0xc0002af430 pc=0x6be139
net.(*Resolver).internetAddrList(0x1316040?, {0xcd0a20?, 0xc0003361c0?}, {0xba2f91, 0x3}, {0xc000332018?, 0x423165?})
	net/ipsock.go:289 +0x4c5 fp=0xc0002af708 sp=0xc0002af610 pc=0x6bc425
net.(*Resolver).resolveAddrList(0x1316040, {0xcd0a20, 0xc0003361c0}, {0xba35b1, 0x4}, {0xba2f91?, 0x426405?}, {0xc000332018, 0x14}, {0x0, ...})
	net/dial.go:353 +0x3e5 fp=0xc0002af808 sp=0xc0002af708 pc=0x6aa265
net.(*Dialer).DialContext(0xc0001862d0, {0xcd09b0, 0xc00032a0f0}, {0xba2f91, 0x3}, {0xc000332018, 0x14})
	net/dial.go:560 +0x408 fp=0xc0002af978 sp=0xc0002af808 pc=0x6ab008
net.(*Dialer).DialContext-fm({0xcd09b0?, 0xc00032a0f0?}, {0xba2f91?, 0x1339ea0?}, {0xc000332018?, 0xc000210a18?})
	<autogenerated>:1 +0x49 fp=0xc0002af9c0 sp=0xc0002af978 pc=0x7c6629
net/http.(*Transport).dial(0xc00012f070?, {0xcd09b0?, 0xc00032a0f0?}, {0xba2f91?, 0x1316520?}, {0xc000332018?, 0xc000152620?})
	net/http/transport.go:1278 +0xd2 fp=0xc0002afa28 sp=0xc0002af9c0 pc=0x7afb92
net/http.(*Transport).dialConn(0x12c2960, {0xcd09b0, 0xc00032a0f0}, {{}, 0x0, {0xc00031a1e0, 0x5}, {0xc000332018, 0x14}, 0x0})
	net/http/transport.go:1783 +0x7e5 fp=0xc0002afee0 sp=0xc0002afa28 pc=0x7b2b65
net/http.(*Transport).dialConnFor(0x12c2960, 0xc000338000)
	net/http/transport.go:1618 +0xb8 fp=0xc0002aff90 sp=0xc0002afee0 pc=0x7b1678
net/http.(*Transport).startDialConnForLocked.func1()
	net/http/transport.go:1600 +0x35 fp=0xc0002affe0 sp=0xc0002aff90 pc=0x7b14b5
runtime.goexit({})
	runtime/asm_amd64.s:1700 +0x1 fp=0xc0002affe8 sp=0xc0002affe0 pc=0x487861
created by net/http.(*Transport).startDialConnForLocked in goroutine 35
	net/http/transport.go:1599 +0x112

goroutine 114 gp=0xc000382380 m=nil [select]:
runtime.gopark(0xc0002b15b8?, 0x2?, 0x34?, 0x27?, 0xc0002b1470?)
	runtime/proc.go:435 +0xce fp=0xc0002b12f8 sp=0xc0002b12d8 pc=0x47fa2e
runtime.selectgo(0xc0002b15b8, 0xc0002b146c, 0x14?, 0x0, 0x0?, 0x1)
	runtime/select.go:351 +0x837 fp=0xc0002b1430 sp=0xc0002b12f8 pc=0x45d597
net.(*Resolver).lookupIPAddr(0x1316040, {0xcd0a20, 0xc0003a41c0}, {0xba2f91, 0x3}, {0xc0004a0018, 0x10})
	net/lookup.go:342 +0x3d9 fp=0xc0002b1610 sp=0xc0002b1430 pc=0x6be139
net.(*Resolver).internetAddrList(0x1316040?, {0xcd0a20?, 0xc0003a41c0?}, {0xba2f91, 0x3}, {0xc0004a0018?, 0x423165?})
	net/ipsock.go:289 +0x4c5 fp=0xc0002b1708 sp=0xc0002b1610 pc=0x6bc425
net.(*Resolver).resolveAddrList(0x1316040, {0xcd0a20, 0xc0003a41c0}, {0xba35b1, 0x4}, {0xba2f91?, 0x426405?}, {0xc0004a0018, 0x14}, {0x0, ...})
	net/dial.go:353 +0x3e5 fp=0xc0002b1808 sp=0xc0002b1708 pc=0x6aa265
net.(*Dialer).DialContext(0xc0001862d0, {0xcd09b0, 0xc0003a2000}, {0xba2f91, 0x3}, {0xc0004a0018, 0x14})
	net/dial.go:560 +0x408 fp=0xc0002b1978 sp=0xc0002b1808 pc=0x6ab008
net.(*Dialer).DialContext-fm({0xcd09b0?, 0xc0003a2000?}, {0xba2f91?, 0x1339ea0?}, {0xc0004a0018?, 0xc0002a4a18?})
	<autogenerated>:1 +0x49 fp=0xc0002b19c0 sp=0xc0002b1978 pc=0x7c6629
net/http.(*Transport).dial(0xc00012f076?, {0xcd09b0?, 0xc0003a2000?}, {0xba2f91?, 0x1316520?}, {0xc0004a0018?, 0xc000152640?})
	net/http/transport.go:1278 +0xd2 fp=0xc0002b1a28 sp=0xc0002b19c0 pc=0x7afb92
net/http.(*Transport).dialConn(0x12c2960, {0xcd09b0, 0xc0003a2000}, {{}, 0x0, {0xc0004900a0, 0x5}, {0xc0004a0018, 0x14}, 0x0})
	net/http/transport.go:1783 +0x7e5 fp=0xc0002b1ee0 sp=0xc0002b1a28 pc=0x7b2b65
net/http.(*Transport).dialConnFor(0x12c2960, 0xc0003a6000)
	net/http/transport.go:1618 +0xb8 fp=0xc0002b1f90 sp=0xc0002b1ee0 pc=0x7b1678
net/http.(*Transport).startDialConnForLocked.func1()
	net/http/transport.go:1600 +0x35 fp=0xc0002b1fe0 sp=0xc0002b1f90 pc=0x7b14b5
runtime.goexit({})
	runtime/asm_amd64.s:1700 +0x1 fp=0xc0002b1fe8 sp=0xc0002b1fe0 pc=0x487861
created by net/http.(*Transport).startDialConnForLocked in goroutine 34
	net/http/transport.go:1599 +0x112

goroutine 115 gp=0xc000382540 m=nil [chan receive]:
runtime.gopark(0xf?, 0xc0003c6180?, 0x91?, 0x61?, 0xc00041f370?)
	runtime/proc.go:435 +0xce fp=0xc00041f2f8 sp=0xc00041f2d8 pc=0x47fa2e
runtime.chanrecv(0xc0003a4310, 0xc00041f3a8, 0x1)
	runtime/chan.go:664 +0x445 fp=0xc00041f370 sp=0xc00041f2f8 pc=0x41b1a5
runtime.chanrecv1(0x454c3f?, 0xc00041f3a8?)
	runtime/chan.go:506 +0x12 fp=0xc00041f398 sp=0xc00041f370 pc=0x41ad32
net.(*Resolver).goLookupIPCNAMEOrder.func4({0x0?, 0x0?}, 0x2540?)
	net/dnsclient_unix.go:673 +0x65 fp=0xc00041f428 sp=0xc00041f398 pc=0x6b2005
net.(*Resolver).goLookupIPCNAMEOrder(_, {_, _}, {_, _}, {_, _}, _, _)
	net/dnsclient_unix.go:683 +0xbe6 fp=0xc00041fc00 sp=0xc00041f428 pc=0x6b1326
net.(*Resolver).lookupIP(0x1316040, {0xcd09b0, 0xc0003a2050}, {0xba2f91, 0x3}, {0xc0004a0018, 0x10})
	net/lookup_unix.go:68 +0x131 fp=0xc00041fe58 sp=0xc00041fc00 pc=0x6bf3f1
net.(*Resolver).lookupIP-fm({0xcd09b0?, 0xc0003a2050?}, {0xba2f91?, 0xc0003a6078?}, {0xc0004a0018?, 0xc000290eb0?})
	<autogenerated>:1 +0x49 fp=0xc00041fea0 sp=0xc00041fe58 pc=0x6d4b89
net.init.func1({0xcd09b0?, 0xc0003a2050?}, 0xc0003a2000?, {0xba2f91?, 0xc0004900a0?}, {0xc0004a0018?, 0xc0004a0018?})
	net/hook.go:21 +0x37 fp=0xc00041fee0 sp=0xc00041fea0 pc=0x6a5897
net.(*Resolver).lookupIPAddr.func1()
	net/lookup.go:334 +0x37 fp=0xc00041ff38 sp=0xc00041fee0 pc=0x6be9f7
internal/singleflight.(*Group).doCall(0x1316050, 0xc0003a20a0, {0xc0003b0000, 0x14}, 0x0?)
	internal/singleflight/singleflight.go:93 +0x34 fp=0xc00041ffa8 sp=0xc00041ff38 pc=0x6a49b4
internal/singleflight.(*Group).DoChan.gowrap1()
	internal/singleflight/singleflight.go:86 +0x30 fp=0xc00041ffe0 sp=0xc00041ffa8 pc=0x6a4950
runtime.goexit({})
	runtime/asm_amd64.s:1700 +0x1 fp=0xc00041ffe8 sp=0xc00041ffe0 pc=0x487861
created by internal/singleflight.(*Group).DoChan in goroutine 114
	internal/singleflight/singleflight.go:86 +0x2d3

goroutine 116 gp=0xc000382700 m=nil [runnable]:
runtime.asyncPreempt2()
	runtime/preempt.go:308 +0x39 fp=0xc000424850 sp=0xc000424830 pc=0x4497f9
runtime.asyncPreempt()
	runtime/preempt_amd64.s:46 +0xdb fp=0xc0004249d8 sp=0xc000424850 pc=0x488e1b
net.(*netFD).connect(0xc000454000, {0xcd0a20, 0xc00044a310}, {0x4227e5?, 0xffff91d75d58?}, {0xccac20?, 0xc000438020?})
	net/fd_unix.go:67 +0x61d fp=0xc000424b50 sp=0xc0004249d8 pc=0x6b501d
net.(*netFD).dial(0xc000454000, {0xcd0a20, 0xc00044a310}, {0xcd3268?, 0x0?}, {0xcd3268, 0xc0004184b0}, 0x0?)
	net/sock_posix.go:124 +0x3bc fp=0xc000424c28 sp=0xc000424b50 pc=0x6c4c7c
net.socket({0xcd0a20, 0xc00044a310}, {0xba2f94, 0x3}, 0x2, 0x2, 0x1339ea0?, 0x0, {0xcd3268, 0x0}, ...)
	net/sock_posix.go:70 +0x29b fp=0xc000424cd0 sp=0xc000424c28 pc=0x6c47bb
net.internetSocket({0xcd0a20, 0xc00044a310}, {0xba2f94, 0x3}, {0xcd3268, 0x0}, {0xcd3268, 0xc0004184b0}, 0x2, 0x0, ...)
	net/ipsock_posix.go:167 +0xf8 fp=0xc000424d48 sp=0xc000424cd0 pc=0x6bce98
net.(*sysDialer).dialUDP(0x47c739?, {0xcd0a20?, 0xc00044a310?}, 0xabc700?, 0xc000424e70?)
	net/udpsock_posix.go:212 +0xa7 fp=0xc000424dd8 sp=0xc000424d48 pc=0x6cbba7
net.(*sysDialer).dialSingle(0xc000452000, {0xcd0a20, 0xc00044a310}, {0xcce870, 0xc0004184b0})
	net/dial.go:725 +0x28b fp=0xc000424ea8 sp=0xc000424dd8 pc=0x6aca6b
net.(*sysDialer).dialSerial(0xc000452000, {0xcd0a20, 0xc00044a310}, {0xc000432100?, 0x1, 0x1c?})
	net/dial.go:686 +0x24e fp=0xc000424fb0 sp=0xc000424ea8 pc=0x6ac38e
net.(*sysDialer).dialParallel(0x0?, {0xcd0a20?, 0xc00044a310?}, {0xc000432100?, 0xc00044a310?, 0xba35b1?}, {0x0?, 0xba2f94?, 0x5?})
	net/dial.go:587 +0x3a7 fp=0xc0004251c8 sp=0xc000424fb0 pc=0x6aba67
net.(*Dialer).DialContext(0xc000425380, {0xcd0a20, 0xc00044a310}, {0xba2f94, 0x3}, {0xc00039a030, 0xe})
	net/dial.go:578 +0x6ac fp=0xc000425338 sp=0xc0004251c8 pc=0x6ab2ac
net.(*Resolver).dial(0xc0004320f0?, {0xcd0a20?, 0xc00044a310?}, {0xba2f94?, 0x13173a0?}, {0xc00039a030?, 0x0?})
	net/lookup.go:693 +0xa5 fp=0xc000425420 sp=0xc000425338 pc=0x6bed25
net.(*Resolver).exchange(_, {_, _}, {_, _}, {{{0x70, 0x72, 0x6f, 0x78, 0x79, ...}, ...}, ...}, ...)
	net/dnsclient_unix.go:185 +0x34a fp=0xc0004257f8 sp=0xc000425420 pc=0x6ae32a
net.(*Resolver).tryOneName(0x1316040, {0xcd09b0, 0xc0003a2050}, 0xc000394140?, {0xc0003b0390, 0x11}, 0x1)
	net/dnsclient_unix.go:316 +0x4c6 fp=0xc000425e18 sp=0xc0004257f8 pc=0x6af6c6
net.(*Resolver).goLookupIPCNAMEOrder.func3.1(0x0?)
	net/dnsclient_unix.go:667 +0x85 fp=0xc000425fc8 sp=0xc000425e18 pc=0x6b22e5
net.(*Resolver).goLookupIPCNAMEOrder.func3.gowrap1()
	net/dnsclient_unix.go:670 +0x24 fp=0xc000425fe0 sp=0xc000425fc8 pc=0x6b2224
runtime.goexit({})
	runtime/asm_amd64.s:1700 +0x1 fp=0xc000425fe8 sp=0xc000425fe0 pc=0x487861
created by net.(*Resolver).goLookupIPCNAMEOrder.func3 in goroutine 115
	net/dnsclient_unix.go:666 +0x13f

goroutine 117 gp=0xc0003828c0 m=nil [runnable]:
runtime.asyncPreempt2()
	runtime/preempt.go:308 +0x39 fp=0xc000420850 sp=0xc000420830 pc=0x4497f9
runtime.asyncPreempt()
	runtime/preempt_amd64.s:46 +0xdb fp=0xc0004209d8 sp=0xc000420850 pc=0x488e1b
net.(*netFD).connect(0xc0003fe000, {0xcd0a20, 0xc0003a43f0}, {0x4227e5?, 0xffff91d758a0?}, {0xccac20?, 0xc0003c61a0?})
	net/fd_unix.go:71 +0x685 fp=0xc000420b50 sp=0xc0004209d8 pc=0x6b5085
net.(*netFD).dial(0xc0003fe000, {0xcd0a20, 0xc0003a43f0}, {0xcd3268?, 0x0?}, {0xcd3268, 0xc000390840}, 0x0?)
	net/sock_posix.go:124 +0x3bc fp=0xc000420c28 sp=0xc000420b50 pc=0x6c4c7c
net.socket({0xcd0a20, 0xc0003a43f0}, {0xba2f94, 0x3}, 0x2, 0x2, 0x1339ea0?, 0x0, {0xcd3268, 0x0}, ...)
	net/sock_posix.go:70 +0x29b fp=0xc000420cd0 sp=0xc000420c28 pc=0x6c47bb
net.internetSocket({0xcd0a20, 0xc0003a43f0}, {0xba2f94, 0x3}, {0xcd3268, 0x0}, {0xcd3268, 0xc000390840}, 0x2, 0x0, ...)
	net/ipsock_posix.go:167 +0xf8 fp=0xc000420d48 sp=0xc000420cd0 pc=0x6bce98
net.(*sysDialer).dialUDP(0x47c739?, {0xcd0a20?, 0xc0003a43f0?}, 0xabc700?, 0xc000420e70?)
	net/udpsock_posix.go:212 +0xa7 fp=0xc000420dd8 sp=0xc000420d48 pc=0x6cbba7
net.(*sysDialer).dialSingle(0xc0003fc000, {0xcd0a20, 0xc0003a43f0}, {0xcce870, 0xc000390840})
	net/dial.go:725 +0x28b fp=0xc000420ea8 sp=0xc000420dd8 pc=0x6aca6b
net.(*sysDialer).dialSerial(0xc0003fc000, {0xcd0a20, 0xc0003a43f0}, {0xc0003a0190?, 0x1, 0x1c?})
	net/dial.go:686 +0x24e fp=0xc000420fb0 sp=0xc000420ea8 pc=0x6ac38e
net.(*sysDialer).dialParallel(0x0?, {0xcd0a20?, 0xc0003a43f0?}, {0xc0003a0190?, 0xc0003a43f0?, 0xba35b1?}, {0x0?, 0xba2f94?, 0x417f6b?})
	net/dial.go:587 +0x3a7 fp=0xc0004211c8 sp=0xc000420fb0 pc=0x6aba67
net.(*Dialer).DialContext(0xc000421380, {0xcd0a20, 0xc0003a43f0}, {0xba2f94, 0x3}, {0xc00039a030, 0xe})
	net/dial.go:578 +0x6ac fp=0xc000421338 sp=0xc0004211c8 pc=0x6ab2ac
net.(*Resolver).dial(0xc0003a0180?, {0xcd0a20?, 0xc0003a43f0?}, {0xba2f94?, 0x13173a0?}, {0xc00039a030?, 0x0?})
	net/lookup.go:693 +0xa5 fp=0xc000421420 sp=0xc000421338 pc=0x6bed25
net.(*Resolver).exchange(_, {_, _}, {_, _}, {{{0x70, 0x72, 0x6f, 0x78, 0x79, ...}, ...}, ...}, ...)
	net/dnsclient_unix.go:185 +0x34a fp=0xc0004217f8 sp=0xc000421420 pc=0x6ae32a
net.(*Resolver).tryOneName(0x1316040, {0xcd09b0, 0xc0003a2050}, 0xc000394140?, {0xc0003b0390, 0x11}, 0x1c)
	net/dnsclient_unix.go:316 +0x4c6 fp=0xc000421e18 sp=0xc0004217f8 pc=0x6af6c6
net.(*Resolver).goLookupIPCNAMEOrder.func3.1(0x0?)
	net/dnsclient_unix.go:667 +0x85 fp=0xc000421fc8 sp=0xc000421e18 pc=0x6b22e5
net.(*Resolver).goLookupIPCNAMEOrder.func3.gowrap1()
	net/dnsclient_unix.go:670 +0x24 fp=0xc000421fe0 sp=0xc000421fc8 pc=0x6b2224
runtime.goexit({})
	runtime/asm_amd64.s:1700 +0x1 fp=0xc000421fe8 sp=0xc000421fe0 pc=0x487861
created by net.(*Resolver).goLookupIPCNAMEOrder.func3 in goroutine 115
	net/dnsclient_unix.go:666 +0x13f

rax    0x2
rbx    0x0
rcx    0x0
rdx    0x129fc316a
rdi    0x133a0e8
rsi    0xffffffff90e68de0
rbp    0xffff3b7fdc48
rsp    0xffff3b7fd5d0
r8     0x77
r9     0x72
r10    0xa
r11    0x0
r12    0xffff3b7fd650
r13    0x1
r14    0xc000005500
r15    0x3
rip    0x44424e
rflags 0x206
cs     0x33
fs     0x0
gs     0x0
[linux/arm64] [1/3] STEP 1/8: FROM registry.redhat.io/ubi8/nodejs-18:latest AS web-builder
Trying to pull registry.redhat.io/ubi8/nodejs-18:latest...
Getting image source signatures
Checking if image destination supports signatures
Copying blob sha256:c4fff77bc060c02d4f09680032367cb302e83402fc25b7c7ac001cb00238876f
Copying blob sha256:8fd64178c906794da03bc9b7d2d5e3b70073b47f8aa659230381d7fd897dc11b
Copying blob sha256:6ad04be99c8f2547888de53fad691136f65cf5a11c7a2567ef29477c3413f587
Copying config sha256:62a277f6499a7c210a1022190779f4387fc1294a28ea7696fc264248bf328a9b
Writing manifest to image destination
Storing signatures
[linux/arm64] [1/3] STEP 2/8: WORKDIR /opt/app-root
--> Using cache 0126c6bd1784f90825c8e1a0669381d40055569af8d15cae986504068b0e05ec
--> 0126c6bd1784
[linux/arm64] [1/3] STEP 3/8: USER 0
--> Using cache dc009a898acc5b6fd38a3e1a7c36a59693513ad153f00a531311a99fa414fcf5
--> dc009a898acc
[linux/arm64] [1/3] STEP 4/8: COPY web/package*.json web/
--> Using cache f357aed545af0c2bf791f6c98ef27f55b9e6377175bd7f187d78934061c35448
--> f357aed545af
[linux/arm64] [1/3] STEP 5/8: COPY Makefile Makefile
--> Using cache 25d12a31990bde261cb3e0b532df19492188075b03d21b82f2f121291f5624d9
--> 25d12a31990b
[linux/arm64] [1/3] STEP 6/8: RUN make install-frontend-ci-clean
--> Using cache 01d1c5292d0549ece74d04ccd48e7d6844c0584aab30521bb6cd89501f4d7d54
--> 01d1c5292d05
[linux/arm64] [1/3] STEP 7/8: COPY web/ web/
--> Using cache 6aac3c07c7e1e4cee3513b5484157701d70ec657e74c517668735ecfdcf3af70
--> 6aac3c07c7e1
[linux/arm64] [1/3] STEP 8/8: RUN make build-frontend
--> Using cache e3984fdc4a93db34fdd271d2a64d3836d4fce2d73294ff67007b614ac5f832e1
--> e3984fdc4a93
[linux/arm64] [2/3] STEP 1/11: FROM registry.ci.openshift.org/ocp/builder:rhel-8-golang-1.24-openshift-4.20 AS go-builder
Trying to pull registry.ci.openshift.org/ocp/builder:rhel-8-golang-1.24-openshift-4.20...
Getting image source signatures
Copying blob sha256:1601f0002240e476166ae25539061c09fadc016385d68cfd04c419472708f270
Copying blob sha256:abb828c6dd68e53a22f7a11904b72f9d5a7802fb5e7c380b3a22b18a02e9a463
Copying blob sha256:211523f3608ae0538e139764b42d3db023cbe3af165af43f3b35bd1008edbe2a
Copying config sha256:891a16a4d5dbbfb7e4204e6b986be2dacd9665316bcdabcec319512369b631f8
Writing manifest to image destination
[linux/arm64] [2/3] STEP 2/11: WORKDIR /opt/app-root
--> Using cache e46c396598e2e0f460c71044312bbc73b8c9a13533dff1210718b1d6e1e4f967
--> e46c396598e2
[linux/arm64] [2/3] STEP 3/11: COPY Makefile Makefile
--> Using cache 063aabda46b2838e694a87c6b78dcfcd94857bd843f15ba4a1f0a0355715e53a
--> 063aabda46b2
[linux/arm64] [2/3] STEP 4/11: COPY go.mod go.mod
--> Using cache 4992159b0a689806b71f4c650af698cd1a25e8323c855d3262e1206053bc76f8
--> 4992159b0a68
[linux/arm64] [2/3] STEP 5/11: COPY go.sum go.sum
--> Using cache e436d890c906079aeeb7c4eaaa0274cc9b43ebdd18b9fea5eeea03525e742d43
--> e436d890c906
[linux/arm64] [2/3] STEP 6/11: RUN go mod download
--> Using cache 0081a942b8b05c6e48ba078d2202d53efe800d1d3c01eabc396111fb23089a28
--> 0081a942b8b0
[linux/arm64] [2/3] STEP 7/11: COPY cmd/ cmd/
--> Using cache 56f82247b28960a3fa8629855fb41485b5717cd7c4e020f848272a8157a13196
--> 56f82247b289
[linux/arm64] [2/3] STEP 8/11: COPY pkg/ pkg/
--> Using cache d56b01fe0d51826e2e062f74986e50a5898f027187b524a9d7e8d334fc242004
--> d56b01fe0d51
[linux/arm64] [2/3] STEP 9/11: ENV GOEXPERIMENT=strictfipsruntime
--> Using cache 5ddb1bca9b18ee0fb696caec41d5e352149f9a7413c8523e99739369113f9b3c
--> 5ddb1bca9b18
[linux/arm64] [2/3] STEP 10/11: ENV CGO_ENABLED=1
--> Using cache 1f87b2ff38aa988b188e19d1153b9039f1ceabb6a530e7ae1bb5e78e67a44bf9
--> 1f87b2ff38aa
[linux/arm64] [2/3] STEP 11/11: RUN make build-backend BUILD_OPTS="-tags strictfipsruntime"
--> Using cache 072a2557b5283d7f1b8c4ae8f2a66ae7ea574c09d45500615565f93ae8b35ce8
--> 072a2557b528
[linux/arm64] [3/3] STEP 1/4: FROM registry.access.redhat.com/ubi8/ubi
[linux/arm64] [3/3] STEP 2/4: COPY --from=web-builder /opt/app-root/web/dist /opt/app-root/web/dist
--> Using cache 2715e28c5e603d6171e9e2dd0f81788485f30a8cc0f029534e65a06c40bf7c66
--> 2715e28c5e60
[linux/arm64] [3/3] STEP 3/4: COPY --from=go-builder /opt/app-root/plugin-backend /opt/app-root
--> Using cache 568895e9bdeadbfbd837461925accec908963f7d9aded4d035f8b93a6344004b
--> 568895e9bdea
[linux/arm64] [3/3] STEP 4/4: ENTRYPOINT ["/opt/app-root/plugin-backend", "-static-path", "/opt/app-root/web/dist"]
--> Using cache 7196550bcb9695f5aa8d8245c484ae51a05763b383f69dba8d91933bf5763e73
--> 7196550bcb96
7196550bcb9695f5aa8d8245c484ae51a05763b383f69dba8d91933bf5763e73
Error: [linux/amd64]: building at STEP "RUN go mod download": while running runtime: exit status 2

make: *** [podman-cross-build] Error 2
WARNING: Attempt 2 failed for console-dashboards-plugin @ release-coo-ocp-4.12 (exit code 2)
--- Attempt 3/3 ---
podman manifest rm quay.io/rh-ee-emurasak/console-dashboards-plugin:v0.4.3 || true
Untagged: quay.io/rh-ee-emurasak/console-dashboards-plugin:v0.4.3
Deleted: 141a1a7123966c7ca9df800e64b5c4b2a57dd1b195115383f1701d27fd2dfb5e
podman manifest create quay.io/rh-ee-emurasak/console-dashboards-plugin:v0.4.3
9c2f9896c28b475541b310cf75cbd5c51f9be74b5b0c211fc821517b8d02ad1e
podman build --platform=linux/arm64,linux/amd64 --manifest quay.io/rh-ee-emurasak/console-dashboards-plugin:v0.4.3 -f Dockerfile
[linux/arm64] [1/3] STEP 1/8: FROM registry.redhat.io/ubi8/nodejs-18:latest AS web-builder
[linux/arm64] [1/3] STEP 2/8: WORKDIR /opt/app-root
--> Using cache 0126c6bd1784f90825c8e1a0669381d40055569af8d15cae986504068b0e05ec
--> 0126c6bd1784
[linux/arm64] [1/3] STEP 3/8: USER 0
--> Using cache dc009a898acc5b6fd38a3e1a7c36a59693513ad153f00a531311a99fa414fcf5
--> dc009a898acc
[linux/arm64] [1/3] STEP 4/8: COPY web/package*.json web/
--> Using cache f357aed545af0c2bf791f6c98ef27f55b9e6377175bd7f187d78934061c35448
--> f357aed545af
[linux/arm64] [1/3] STEP 5/8: COPY Makefile Makefile
--> Using cache 25d12a31990bde261cb3e0b532df19492188075b03d21b82f2f121291f5624d9
--> 25d12a31990b
[linux/arm64] [1/3] STEP 6/8: RUN make install-frontend-ci-clean
--> Using cache 01d1c5292d0549ece74d04ccd48e7d6844c0584aab30521bb6cd89501f4d7d54
--> 01d1c5292d05
[linux/arm64] [1/3] STEP 7/8: COPY web/ web/
--> Using cache 6aac3c07c7e1e4cee3513b5484157701d70ec657e74c517668735ecfdcf3af70
--> 6aac3c07c7e1
[linux/arm64] [1/3] STEP 8/8: RUN make build-frontend
--> Using cache e3984fdc4a93db34fdd271d2a64d3836d4fce2d73294ff67007b614ac5f832e1
--> e3984fdc4a93
[linux/arm64] [2/3] STEP 1/11: FROM registry.ci.openshift.org/ocp/builder:rhel-8-golang-1.24-openshift-4.20 AS go-builder
[linux/arm64] [2/3] STEP 2/11: WORKDIR /opt/app-root
--> Using cache e46c396598e2e0f460c71044312bbc73b8c9a13533dff1210718b1d6e1e4f967
--> e46c396598e2
[linux/arm64] [2/3] STEP 3/11: COPY Makefile Makefile
--> Using cache 063aabda46b2838e694a87c6b78dcfcd94857bd843f15ba4a1f0a0355715e53a
--> 063aabda46b2
[linux/arm64] [2/3] STEP 4/11: COPY go.mod go.mod
--> Using cache 4992159b0a689806b71f4c650af698cd1a25e8323c855d3262e1206053bc76f8
--> 4992159b0a68
[linux/arm64] [2/3] STEP 5/11: COPY go.sum go.sum
--> Using cache e436d890c906079aeeb7c4eaaa0274cc9b43ebdd18b9fea5eeea03525e742d43
--> e436d890c906
[linux/arm64] [2/3] STEP 6/11: RUN go mod download
--> Using cache 0081a942b8b05c6e48ba078d2202d53efe800d1d3c01eabc396111fb23089a28
--> 0081a942b8b0
[linux/arm64] [2/3] STEP 7/11: COPY cmd/ cmd/
--> Using cache 56f82247b28960a3fa8629855fb41485b5717cd7c4e020f848272a8157a13196
--> 56f82247b289
[linux/arm64] [2/3] STEP 8/11: COPY pkg/ pkg/
--> Using cache d56b01fe0d51826e2e062f74986e50a5898f027187b524a9d7e8d334fc242004
--> d56b01fe0d51
[linux/arm64] [2/3] STEP 9/11: ENV GOEXPERIMENT=strictfipsruntime
--> Using cache 5ddb1bca9b18ee0fb696caec41d5e352149f9a7413c8523e99739369113f9b3c
--> 5ddb1bca9b18
[linux/arm64] [2/3] STEP 10/11: ENV CGO_ENABLED=1
--> Using cache 1f87b2ff38aa988b188e19d1153b9039f1ceabb6a530e7ae1bb5e78e67a44bf9
--> 1f87b2ff38aa
[linux/arm64] [2/3] STEP 11/11: RUN make build-backend BUILD_OPTS="-tags strictfipsruntime"
--> Using cache 072a2557b5283d7f1b8c4ae8f2a66ae7ea574c09d45500615565f93ae8b35ce8
--> 072a2557b528
[linux/amd64] [1/3] STEP 1/8: FROM registry.redhat.io/ubi8/nodejs-18:latest AS web-builder
Trying to pull registry.redhat.io/ubi8/nodejs-18:latest...
Getting image source signatures
Checking if image destination supports signatures
Copying blob sha256:046eb6416170db2ab33e464d04c6f7c0c8c6cc8563597aca8e9fb7736dff00f9
Copying blob sha256:43ddc3bd12b8691687c9f6c273331ca07e3a89b50a619e0db9b040a8a629386d
Copying blob sha256:b610fd6091ba2163b8943d2214e20665977bc8064dc769d47be9ae868e48a301
Copying config sha256:ab55058334c5c32969b838cea2db23ee8c69c1b742006a75c031ed4f1b286bc5
Writing manifest to image destination
Storing signatures
[linux/amd64] [1/3] STEP 2/8: WORKDIR /opt/app-root
--> Using cache 301cea24795501cc39a9ca6b217f16396f00eabb1fe88dab658b495860a1cbda
--> 301cea247955
[linux/amd64] [1/3] STEP 3/8: USER 0
--> Using cache c81fbd578cd0c0c1030a15d103f74790bdd69dcd46084fb2fe768cf22f692140
--> c81fbd578cd0
[linux/amd64] [1/3] STEP 4/8: COPY web/package*.json web/
--> Using cache f37aedd44a6324dfc18935b5cec320d5695f8159c7f6d236632f905af43a58e2
--> f37aedd44a63
[linux/amd64] [1/3] STEP 5/8: COPY Makefile Makefile
--> Using cache 289b8289f5bc348f5c01044169a53de698ae1c7576dfc4a1cbfe08b230d00e6a
--> 289b8289f5bc
[linux/amd64] [1/3] STEP 6/8: RUN make install-frontend-ci-clean
--> Using cache 51686364ab041a85596c3afe304ebf64dc8b996568fe936dc9e493cf1a5df39e
--> 51686364ab04
[linux/amd64] [1/3] STEP 7/8: COPY web/ web/
--> Using cache fbdca2062ae6ec1c978ee0320906e8297195c2369deb75b404e04343ed54ff2c
--> fbdca2062ae6
[linux/amd64] [1/3] STEP 8/8: RUN make build-frontend
--> Using cache 3568954750003bd2e42071c692137d840b4ae401f2417b8ddf0a65a9aaa86b43
--> 356895475000
[linux/arm64] [3/3] STEP 1/4: FROM registry.access.redhat.com/ubi8/ubi
[linux/arm64] [3/3] STEP 2/4: COPY --from=web-builder /opt/app-root/web/dist /opt/app-root/web/dist
--> Using cache 2715e28c5e603d6171e9e2dd0f81788485f30a8cc0f029534e65a06c40bf7c66
--> 2715e28c5e60
[linux/arm64] [3/3] STEP 3/4: COPY --from=go-builder /opt/app-root/plugin-backend /opt/app-root
--> Using cache 568895e9bdeadbfbd837461925accec908963f7d9aded4d035f8b93a6344004b
--> 568895e9bdea
[linux/arm64] [3/3] STEP 4/4: ENTRYPOINT ["/opt/app-root/plugin-backend", "-static-path", "/opt/app-root/web/dist"]
--> Using cache 7196550bcb9695f5aa8d8245c484ae51a05763b383f69dba8d91933bf5763e73
--> 7196550bcb96
[linux/amd64] [2/3] STEP 1/11: FROM registry.ci.openshift.org/ocp/builder:rhel-8-golang-1.24-openshift-4.20 AS go-builder
Trying to pull registry.ci.openshift.org/ocp/builder:rhel-8-golang-1.24-openshift-4.20...
7196550bcb9695f5aa8d8245c484ae51a05763b383f69dba8d91933bf5763e73
Getting image source signatures
Copying blob sha256:ad150792efc16fbb7886da9d9457d93092929426e6a9f11c6e04a563f284eacd
Copying blob sha256:c7965aa7086045a59bdb113a1fb8a19d7ccf7af4133e59af8ecefd39cda8e0b1
Copying blob sha256:32a0db6672d42bc2f63fa6c620bf354f141c2478d6ea69c2363fc3ae82cf9448
Copying config sha256:afb0ed974e4e076b1e05e106cf07c0ea3bffe26a331f278142661a821986210b
Writing manifest to image destination
[linux/amd64] [2/3] STEP 2/11: WORKDIR /opt/app-root
--> Using cache cb19625c3513abc1e9e88bf8e4b3a67011dea7fd91a2acad6f5ac83a462668dc
--> cb19625c3513
[linux/amd64] [2/3] STEP 3/11: COPY Makefile Makefile
--> Using cache 4606116a8de8351fc856eb15bb19f1ae0e4b073007893ee7e5bad552d86863d7
--> 4606116a8de8
[linux/amd64] [2/3] STEP 4/11: COPY go.mod go.mod
--> Using cache c433a27357f1cb9e15e93593e0580a5b2441fec2fe66c87feaa5c6c9a858ad1e
--> c433a27357f1
[linux/amd64] [2/3] STEP 5/11: COPY go.sum go.sum
--> Using cache 856d6c34b743c27862803be5ac080dd8c09c1bd2b62ff461fba23207a58d45f1
--> 856d6c34b743
[linux/amd64] [2/3] STEP 6/11: RUN go mod download
SIGSEGV: segmentation violation
PC=0x44424e m=3 sigcode=1 addr=0xffffffffad4226a0

goroutine 0 gp=0xc000005180 m=3 mp=0xc000065008 [idle]:
runtime.netpoll(0xc00003c000?)
	runtime/netpoll_epoll.go:169 +0x24e fp=0xffff5cbfdc58 sp=0xffff5cbfd5d0 pc=0x44424e
runtime.findRunnable()
	runtime/proc.go:3657 +0x8c5 fp=0xffff5cbfddd0 sp=0xffff5cbfdc58 pc=0x451265
runtime.schedule()
	runtime/proc.go:4072 +0xb1 fp=0xffff5cbfde08 sp=0xffff5cbfddd0 pc=0x452831
runtime.park_m(0xc000103180)
	runtime/proc.go:4201 +0x285 fp=0xffff5cbfde68 sp=0xffff5cbfde08 pc=0x452ca5
runtime.mcall()
	runtime/asm_amd64.s:459 +0x4e fp=0xffff5cbfde80 sp=0xffff5cbfde68 pc=0x48582e

goroutine 1 gp=0xc000004380 m=nil [chan receive]:
runtime.gopark(0xb288c0?, 0x0?, 0x0?, 0x0?, 0xc000230000?)
	runtime/proc.go:435 +0xce fp=0xc000034f68 sp=0xc000034f48 pc=0x47fa2e
runtime.chanrecv(0xc000230000, 0x0, 0x1)
	runtime/chan.go:664 +0x445 fp=0xc000034fe0 sp=0xc000034f68 pc=0x41b1a5
runtime.chanrecv1(0xc0001133c0?, 0xc00012a510?)
	runtime/chan.go:506 +0x12 fp=0xc000035008 sp=0xc000034fe0 pc=0x41ad32
cmd/go/internal/modload.readModGraph({0xffffffffffffff9c?, 0x2?}, 0x0, {0xc000100808?, 0xba321b?, 0x38}, 0x0)
	cmd/go/internal/modload/buildlist.go:435 +0x439 fp=0xc000035580 sp=0xc000035008 pc=0x86d6f9
cmd/go/internal/modload.(*Requirements).Graph.func1()
	cmd/go/internal/modload/buildlist.go:284 +0x3a fp=0xc0000355e8 sp=0xc000035580 pc=0x86d23a
sync.(*Once).doSlow(0x0?, 0xba3219?)
	sync/once.go:78 +0xab fp=0xc000035640 sp=0xc0000355e8 pc=0x491d0b
sync.(*Once).Do(...)
	sync/once.go:69
cmd/go/internal/modload.(*Requirements).Graph(0xc00011a140, {0xcd0940?, 0x1339ea0?})
	cmd/go/internal/modload/buildlist.go:283 +0x4f fp=0xc000035680 sp=0xc000035640 pc=0x86d1af
cmd/go/internal/modload.expandGraph({0xcd0940, 0x1339ea0}, 0xc00011a140)
	cmd/go/internal/modload/buildlist.go:608 +0x3e fp=0xc000035708 sp=0xc000035680 pc=0x86eb7e
cmd/go/internal/modload.LoadModGraph({0xcd0940, 0x1339ea0}, {0x0, 0x0})
	cmd/go/internal/modload/buildlist.go:588 +0x8f fp=0xc000035788 sp=0xc000035708 pc=0x86e8af
cmd/go/internal/modcmd.runDownload({0xcd0940, 0x1339ea0}, 0xc00013e240?, {0xc000192260, 0x0, 0x0})
	cmd/go/internal/modcmd/download.go:156 +0x245 fp=0xc0000359c8 sp=0xc000035788 pc=0x9be985
main.invoke(0x12c0140, {0xc000192260, 0x1, 0x1})
	cmd/go/main.go:341 +0x845 fp=0xc000035cd0 sp=0xc0000359c8 pc=0xa05b05
main.main()
	cmd/go/main.go:220 +0xe8b fp=0xc000035f50 sp=0xc000035cd0 pc=0xa04c2b
runtime.main()
	runtime/proc.go:283 +0x28b fp=0xc000035fe0 sp=0xc000035f50 pc=0x44ad2b
runtime.goexit({})
	runtime/asm_amd64.s:1700 +0x1 fp=0xc000035fe8 sp=0xc000035fe0 pc=0x487861

goroutine 2 gp=0xc000004e00 m=nil [force gc (idle)]:
runtime.gopark(0x0?, 0x0?, 0x0?, 0x0?, 0x0?)
	runtime/proc.go:435 +0xce fp=0xc00005efa8 sp=0xc00005ef88 pc=0x47fa2e
runtime.goparkunlock(...)
	runtime/proc.go:441
runtime.forcegchelper()
	runtime/proc.go:348 +0xb3 fp=0xc00005efe0 sp=0xc00005efa8 pc=0x44b073
runtime.goexit({})
	runtime/asm_amd64.s:1700 +0x1 fp=0xc00005efe8 sp=0xc00005efe0 pc=0x487861
created by runtime.init.7 in goroutine 1
	runtime/proc.go:336 +0x1a

goroutine 18 gp=0xc000102380 m=nil [GC sweep wait]:
runtime.gopark(0x0?, 0x0?, 0x0?, 0x0?, 0x0?)
	runtime/proc.go:435 +0xce fp=0xc00005a780 sp=0xc00005a760 pc=0x47fa2e
runtime.goparkunlock(...)
	runtime/proc.go:441
runtime.bgsweep(0xc000110000)
	runtime/mgcsweep.go:276 +0x94 fp=0xc00005a7c8 sp=0xc00005a780 pc=0x4357b4
runtime.gcenable.gowrap1()
	runtime/mgc.go:204 +0x25 fp=0xc00005a7e0 sp=0xc00005a7c8 pc=0x429c85
runtime.goexit({})
	runtime/asm_amd64.s:1700 +0x1 fp=0xc00005a7e8 sp=0xc00005a7e0 pc=0x487861
created by runtime.gcenable in goroutine 1
	runtime/mgc.go:204 +0x66

goroutine 19 gp=0xc000102540 m=nil [GC scavenge wait]:
runtime.gopark(0xc000110000?, 0xcc3e10?, 0x1?, 0x0?, 0xc000102540?)
	runtime/proc.go:435 +0xce fp=0xc00005af78 sp=0xc00005af58 pc=0x47fa2e
runtime.goparkunlock(...)
	runtime/proc.go:441
runtime.(*scavengerState).park(0x1317420)
	runtime/mgcscavenge.go:425 +0x49 fp=0xc00005afa8 sp=0xc00005af78 pc=0x433269
runtime.bgscavenge(0xc000110000)
	runtime/mgcscavenge.go:653 +0x3c fp=0xc00005afc8 sp=0xc00005afa8 pc=0x4337dc
runtime.gcenable.gowrap2()
	runtime/mgc.go:205 +0x25 fp=0xc00005afe0 sp=0xc00005afc8 pc=0x429c25
runtime.goexit({})
	runtime/asm_amd64.s:1700 +0x1 fp=0xc00005afe8 sp=0xc00005afe0 pc=0x487861
created by runtime.gcenable in goroutine 1
	runtime/mgc.go:205 +0xa5

goroutine 34 gp=0xc000184380 m=nil [finalizer wait]:
runtime.gopark(0x1b8?, 0x44d37e?, 0x1?, 0x43?, 0xc00005e688?)
	runtime/proc.go:435 +0xce fp=0xc00005e630 sp=0xc00005e610 pc=0x47fa2e
runtime.runfinq()
	runtime/mfinal.go:196 +0x107 fp=0xc00005e7e0 sp=0xc00005e630 pc=0x428bc7
runtime.goexit({})
	runtime/asm_amd64.s:1700 +0x1 fp=0xc00005e7e8 sp=0xc00005e7e0 pc=0x487861
created by runtime.createfing in goroutine 1
	runtime/mfinal.go:166 +0x3d

goroutine 3 gp=0xc0000056c0 m=nil [chan receive]:
runtime.gopark(0x0?, 0x0?, 0x0?, 0x0?, 0x0?)
	runtime/proc.go:435 +0xce fp=0xc00005f718 sp=0xc00005f6f8 pc=0x47fa2e
runtime.chanrecv(0xc0000ce070, 0x0, 0x1)
	runtime/chan.go:664 +0x445 fp=0xc00005f790 sp=0xc00005f718 pc=0x41b1a5
runtime.chanrecv1(0x0?, 0x0?)
	runtime/chan.go:506 +0x12 fp=0xc00005f7b8 sp=0xc00005f790 pc=0x41ad32
runtime.unique_runtime_registerUniqueMapCleanup.func2(...)
	runtime/mgc.go:1797
runtime.unique_runtime_registerUniqueMapCleanup.gowrap1()
	runtime/mgc.go:1800 +0x2f fp=0xc00005f7e0 sp=0xc00005f7b8 pc=0x42cdcf
runtime.goexit({})
	runtime/asm_amd64.s:1700 +0x1 fp=0xc00005f7e8 sp=0xc00005f7e0 pc=0x487861
created by unique.runtime_registerUniqueMapCleanup in goroutine 1
	runtime/mgc.go:1795 +0x79

goroutine 20 gp=0xc000102700 m=nil [select]:
runtime.gopark(0xc0003a04b0?, 0x2?, 0x52?, 0x14?, 0xc0003a03e4?)
	runtime/proc.go:435 +0xce fp=0xc0003a0270 sp=0xc0003a0250 pc=0x47fa2e
runtime.selectgo(0xc0003a04b0, 0xc0003a03e0, 0x14?, 0x0, 0x47d000?, 0x1)
	runtime/select.go:351 +0x837 fp=0xc0003a03a8 sp=0xc0003a0270 pc=0x45d597
net/http.(*Transport).getConn(0x12c2960, 0xc0001f00a0, {{}, 0x0, {0xc0003841c0, 0x5}, {0xc0001d6120, 0x14}, 0x0})
	net/http/transport.go:1523 +0x4ae fp=0xc0003a0580 sp=0xc0003a03a8 pc=0x7b0b4e
net/http.(*Transport).roundTrip(0x12c2960, 0xc000398000)
	net/http/transport.go:685 +0xb57 fp=0xc0003a0778 sp=0xc0003a0580 pc=0x7ac877
net/http.(*Transport).RoundTrip(0xc0003a7f80?, 0xccade0?)
	net/http/roundtrip.go:30 +0x13 fp=0xc0003a0798 sp=0xc0003a0778 pc=0x7bb013
net/http.send(0xc000398000, {0xccade0, 0x12c2960}, {0x60ac01?, 0xffff5c36fc28?, 0x0?})
	net/http/client.go:259 +0x5e2 fp=0xc0003a0988 sp=0xc0003a0798 pc=0x777882
net/http.(*Client).send(0xc00011c750, 0xc000398000, {0x47c318?, 0x640000000042a016?, 0x0?})
	net/http/client.go:180 +0x91 fp=0xc0003a0a00 sp=0xc0003a0988 pc=0x777131
net/http.(*Client).do(0xc00011c750, 0xc000398000)
	net/http/client.go:728 +0x989 fp=0xc0003a0bf0 sp=0xc0003a0a00 pc=0x779669
net/http.(*Client).Do(...)
	net/http/client.go:587
cmd/go/internal/web.get.func1(0xc0003a0f88)
	cmd/go/internal/web/http.go:159 +0x3cb fp=0xc0003a0d68 sp=0xc0003a0bf0 pc=0x7ce02b
cmd/go/internal/web.get(0x1, 0xc0003a1050)
	cmd/go/internal/web/http.go:206 +0x482 fp=0xc0003a1028 sp=0xc0003a0d68 pc=0x7cd102
cmd/go/internal/web.Get(...)
	cmd/go/internal/web/api.go:186
cmd/go/internal/modfetch.(*proxyRepo).getBody(0xc000394000, {0xba3421?, 0x29?}, {0xc000382150, 0x29})
	cmd/go/internal/modfetch/proxy.go:282 +0x13f fp=0xc0003a1118 sp=0xc0003a1028 pc=0x84257f
cmd/go/internal/modfetch.(*proxyRepo).getBytes(0xc00012a570?, {0xcd0a58?, 0x1339ea0?}, {0xc000382150?, 0x82d4b4?})
	cmd/go/internal/modfetch/proxy.go:260 +0x5b fp=0xc0003a11e0 sp=0xc0003a1118 pc=0x84213b
cmd/go/internal/modfetch.(*proxyRepo).GoMod(0xc000394000, {0xcd0a58, 0x1339ea0}, {0xc00012a570, 0x22})
	cmd/go/internal/modfetch/proxy.go:412 +0x10d fp=0xc0003a1248 sp=0xc0003a11e0 pc=0x84386d
cmd/go/internal/modfetch.(*cachingRepo).GoMod.func1()
	cmd/go/internal/modfetch/cache.go:318 +0xa5 fp=0xc0003a1300 sp=0xc0003a1248 pc=0x82e1e5
cmd/internal/par.(*ErrCache[...]).Do.func1()
	cmd/internal/par/work.go:119 +0x28 fp=0xc0003a1338 sp=0xc0003a1300 pc=0x848a88
cmd/internal/par.(*Cache[...]).Do(0xcd54c0, {0xc00012a570, 0x22}, 0xc0001e3468)
	cmd/internal/par/work.go:160 +0x156 fp=0xc0003a1418 sp=0xc0003a1338 pc=0x848d76
cmd/internal/par.(*ErrCache[...]).Do(0x843fac?, {0xc00012a570?, 0xcd53c0?}, 0xc0000281e0?)
	cmd/internal/par/work.go:118 +0x47 fp=0xc0003a14b8 sp=0xc0003a1418 pc=0x8489a7
cmd/go/internal/modfetch.(*cachingRepo).GoMod(0xcd0a58?, {0xcd0a58?, 0x1339ea0?}, {0xc00012a570, 0x22})
	cmd/go/internal/modfetch/cache.go:311 +0xfa fp=0xc0003a1548 sp=0xc0003a14b8 pc=0x82e05a
cmd/go/internal/modfetch.GoMod.func2({0xc0000281e0?, 0x0?})
	cmd/go/internal/modfetch/cache.go:411 +0x73 fp=0xc0003a15a8 sp=0xc0003a1548 pc=0x82ecf3
cmd/go/internal/modfetch.TryProxies(0xc0003a1680)
	cmd/go/internal/modfetch/proxy.go:164 +0xaf fp=0xc0003a1628 sp=0xc0003a15a8 pc=0x8417cf
cmd/go/internal/modfetch.GoMod({0xcd0a58, 0x1339ea0}, {0xc00012a540, 0x21}, {0xc00012a570, 0x22})
	cmd/go/internal/modfetch/cache.go:410 +0x258 fp=0xc0003a16f8 sp=0xc0003a1628 pc=0x82ebb8
cmd/go/internal/modload.rawGoModData({{0xc00012a540?, 0xc00006f8b0?}, {0xc00012a570?, 0xb58360?}})
	cmd/go/internal/modload/modfile.go:786 +0x15f fp=0xc0003a1858 sp=0xc0003a16f8 pc=0x8a3e3f
cmd/go/internal/modload.rawGoModSummary.func1()
	cmd/go/internal/modload/modfile.go:695 +0x59 fp=0xc0003a19c0 sp=0xc0003a1858 pc=0x8a33b9
cmd/internal/par.(*ErrCache[...]).Do.func1()
	cmd/internal/par/work.go:119 +0x13 fp=0xc0003a19d0 sp=0xc0003a19c0 pc=0x8b3b33
cmd/internal/par.(*Cache[...]).Do(0xcd5240, {{0xc00012a540, 0x21}, {0xc00012a570, 0x22}}, 0xc00006fa80)
	cmd/internal/par/work.go:160 +0x13c fp=0xc0003a1a48 sp=0xc0003a19d0 pc=0x8b3d7c
cmd/internal/par.(*ErrCache[...]).Do(0x0?, {{0xc00012a540?, 0xc00012a510?}, {0xc00012a570?, 0x0?}}, 0xba3f93?)
	cmd/internal/par/work.go:118 +0x45 fp=0xc0003a1aa8 sp=0xc0003a1a48 pc=0x8b3ac5
cmd/go/internal/modload.rawGoModSummary({{0xc00012a540?, 0x0?}, {0xc00012a570?, 0x0?}})
	cmd/go/internal/modload/modfile.go:693 +0x385 fp=0xc0003a1b58 sp=0xc0003a1aa8 pc=0x8a3265
cmd/go/internal/modload.goModSummary({{0xc00012a540?, 0x3c?}, {0xc00012a570?, 0xffffa3d0e008?}})
	cmd/go/internal/modload/modfile.go:602 +0x3ae fp=0xc0003a1ca8 sp=0xc0003a1b58 pc=0x8a27ee
cmd/go/internal/modload.readModGraph.func2.1()
	cmd/go/internal/modload/buildlist.go:380 +0x65 fp=0xc0003a1d48 sp=0xc0003a1ca8 pc=0x86e345
cmd/internal/par.(*ErrCache[...]).Do.func1()
	cmd/internal/par/work.go:119 +0x13 fp=0xc0003a1d58 sp=0xc0003a1d48 pc=0x8b3b33
cmd/internal/par.(*Cache[...]).Do(0xcd5240, {{0xc00012a540, 0x21}, {0xc00012a570, 0x22}}, 0xc00006fe08)
	cmd/internal/par/work.go:160 +0x13c fp=0xc0003a1dd0 sp=0xc0003a1d58 pc=0x8b3d7c
cmd/internal/par.(*ErrCache[...]).Do(0x0?, {{0xc00012a540?, 0x0?}, {0xc00012a570?, 0x0?}}, 0x0?)
	cmd/internal/par/work.go:118 +0x45 fp=0xc0003a1e30 sp=0xc0003a1dd0 pc=0x8b3ac5
cmd/go/internal/modload.readModGraph.func2({{0xc00012a540?, 0x0?}, {0xc00012a570?, 0x0?}})
	cmd/go/internal/modload/buildlist.go:379 +0x9b fp=0xc0003a1eb8 sp=0xc0003a1e30 pc=0x86e29b
cmd/go/internal/modload.readModGraph.func3.1()
	cmd/go/internal/modload/buildlist.go:408 +0x56 fp=0xc0003a1f60 sp=0xc0003a1eb8 pc=0x86e0d6
cmd/internal/par.(*Queue).Add.func1()
	cmd/internal/par/queue.go:58 +0x5c fp=0xc0003a1fe0 sp=0xc0003a1f60 pc=0x5edd3c
runtime.goexit({})
	runtime/asm_amd64.s:1700 +0x1 fp=0xc0003a1fe8 sp=0xc0003a1fe0 pc=0x487861
created by cmd/internal/par.(*Queue).Add in goroutine 1
	cmd/internal/par/queue.go:56 +0x1d3

goroutine 21 gp=0xc0001028c0 m=nil [select]:
runtime.gopark(0xc0003424b0?, 0x2?, 0x52?, 0x14?, 0xc0003423e4?)
	runtime/proc.go:435 +0xce fp=0xc000342270 sp=0xc000342250 pc=0x47fa2e
runtime.selectgo(0xc0003424b0, 0xc0003423e0, 0x14?, 0x0, 0x47d000?, 0x1)
	runtime/select.go:351 +0x837 fp=0xc0003423a8 sp=0xc000342270 pc=0x45d597
net/http.(*Transport).getConn(0x12c2960, 0xc0001f0190, {{}, 0x0, {0xc0001802a0, 0x5}, {0xc0001d6150, 0x14}, 0x0})
	net/http/transport.go:1523 +0x4ae fp=0xc000342580 sp=0xc0003423a8 pc=0x7b0b4e
net/http.(*Transport).roundTrip(0x12c2960, 0xc0001f2000)
	net/http/transport.go:685 +0xb57 fp=0xc000342778 sp=0xc000342580 pc=0x7ac877
net/http.(*Transport).RoundTrip(0xc000100008?, 0xccade0?)
	net/http/roundtrip.go:30 +0x13 fp=0xc000342798 sp=0xc000342778 pc=0x7bb013
net/http.send(0xc0001f2000, {0xccade0, 0x12c2960}, {0x60ac01?, 0x47c46c?, 0x0?})
	net/http/client.go:259 +0x5e2 fp=0xc000342988 sp=0xc000342798 pc=0x777882
net/http.(*Client).send(0xc00011c750, 0xc0001f2000, {0x47c318?, 0x640000000042a016?, 0x0?})
	net/http/client.go:180 +0x91 fp=0xc000342a00 sp=0xc000342988 pc=0x777131
net/http.(*Client).do(0xc00011c750, 0xc0001f2000)
	net/http/client.go:728 +0x989 fp=0xc000342bf0 sp=0xc000342a00 pc=0x779669
net/http.(*Client).Do(...)
	net/http/client.go:587
cmd/go/internal/web.get.func1(0xc000342f88)
	cmd/go/internal/web/http.go:159 +0x3cb fp=0xc000342d68 sp=0xc000342bf0 pc=0x7ce02b
cmd/go/internal/web.get(0x1, 0xc000343050)
	cmd/go/internal/web/http.go:206 +0x482 fp=0xc000343028 sp=0xc000342d68 pc=0x7cd102
cmd/go/internal/web.Get(...)
	cmd/go/internal/web/api.go:186
cmd/go/internal/modfetch.(*proxyRepo).getBody(0xc0001f0000, {0xba3421?, 0x2b?}, {0xc0001cc210, 0x2b})
	cmd/go/internal/modfetch/proxy.go:282 +0x13f fp=0xc000343118 sp=0xc000343028 pc=0x84257f
cmd/go/internal/modfetch.(*proxyRepo).getBytes(0xc00012a5d0?, {0xcd0a58?, 0x1339ea0?}, {0xc0001cc210?, 0x82d4b4?})
	cmd/go/internal/modfetch/proxy.go:260 +0x5b fp=0xc0003431e0 sp=0xc000343118 pc=0x84213b
cmd/go/internal/modfetch.(*proxyRepo).GoMod(0xc0001f0000, {0xcd0a58, 0x1339ea0}, {0xc00012a5d0, 0x24})
	cmd/go/internal/modfetch/proxy.go:412 +0x10d fp=0xc000343248 sp=0xc0003431e0 pc=0x84386d
cmd/go/internal/modfetch.(*cachingRepo).GoMod.func1()
	cmd/go/internal/modfetch/cache.go:318 +0xa5 fp=0xc000343300 sp=0xc000343248 pc=0x82e1e5
cmd/internal/par.(*ErrCache[...]).Do.func1()
	cmd/internal/par/work.go:119 +0x28 fp=0xc000343338 sp=0xc000343300 pc=0x848a88
cmd/internal/par.(*Cache[...]).Do(0xcd54c0, {0xc00012a5d0, 0x24}, 0xc000319468)
	cmd/internal/par/work.go:160 +0x156 fp=0xc000343418 sp=0xc000343338 pc=0x848d76
cmd/internal/par.(*ErrCache[...]).Do(0x843fac?, {0xc00012a5d0?, 0xcd53c0?}, 0xc0000281e0?)
	cmd/internal/par/work.go:118 +0x47 fp=0xc0003434b8 sp=0xc000343418 pc=0x8489a7
cmd/go/internal/modfetch.(*cachingRepo).GoMod(0xcd0a58?, {0xcd0a58?, 0x1339ea0?}, {0xc00012a5d0, 0x24})
	cmd/go/internal/modfetch/cache.go:311 +0xfa fp=0xc000343548 sp=0xc0003434b8 pc=0x82e05a
cmd/go/internal/modfetch.GoMod.func2({0xc0000281e0?, 0x0?})
	cmd/go/internal/modfetch/cache.go:411 +0x73 fp=0xc0003435a8 sp=0xc000343548 pc=0x82ecf3
cmd/go/internal/modfetch.TryProxies(0xc000343680)
	cmd/go/internal/modfetch/proxy.go:164 +0xaf fp=0xc000343628 sp=0xc0003435a8 pc=0x8417cf
cmd/go/internal/modfetch.GoMod({0xcd0a58, 0x1339ea0}, {0xc000138260, 0x1a}, {0xc00012a5d0, 0x24})
	cmd/go/internal/modfetch/cache.go:410 +0x258 fp=0xc0003436f8 sp=0xc000343628 pc=0x82ebb8
cmd/go/internal/modload.rawGoModData({{0xc000138260?, 0x47d499?}, {0xc00012a5d0?, 0xb58360?}})
	cmd/go/internal/modload/modfile.go:786 +0x15f fp=0xc000343858 sp=0xc0003436f8 pc=0x8a3e3f
cmd/go/internal/modload.rawGoModSummary.func1()
	cmd/go/internal/modload/modfile.go:695 +0x59 fp=0xc0003439c0 sp=0xc000343858 pc=0x8a33b9
cmd/internal/par.(*ErrCache[...]).Do.func1()
	cmd/internal/par/work.go:119 +0x13 fp=0xc0003439d0 sp=0xc0003439c0 pc=0x8b3b33
cmd/internal/par.(*Cache[...]).Do(0xcd5240, {{0xc000138260, 0x1a}, {0xc00012a5d0, 0x24}}, 0xc000073a80)
	cmd/internal/par/work.go:160 +0x13c fp=0xc000343a48 sp=0xc0003439d0 pc=0x8b3d7c
cmd/internal/par.(*ErrCache[...]).Do(0x0?, {{0xc000138260?, 0xc00012a510?}, {0xc00012a5d0?, 0x0?}}, 0xba3f93?)
	cmd/internal/par/work.go:118 +0x45 fp=0xc000343aa8 sp=0xc000343a48 pc=0x8b3ac5
cmd/go/internal/modload.rawGoModSummary({{0xc000138260?, 0x0?}, {0xc00012a5d0?, 0x0?}})
	cmd/go/internal/modload/modfile.go:693 +0x385 fp=0xc000343b58 sp=0xc000343aa8 pc=0x8a3265
cmd/go/internal/modload.goModSummary({{0xc000138260?, 0x3c?}, {0xc00012a5d0?, 0xffffae280f10?}})
	cmd/go/internal/modload/modfile.go:602 +0x3ae fp=0xc000343ca8 sp=0xc000343b58 pc=0x8a27ee
cmd/go/internal/modload.readModGraph.func2.1()
	cmd/go/internal/modload/buildlist.go:380 +0x65 fp=0xc000343d48 sp=0xc000343ca8 pc=0x86e345
cmd/internal/par.(*ErrCache[...]).Do.func1()
	cmd/internal/par/work.go:119 +0x13 fp=0xc000343d58 sp=0xc000343d48 pc=0x8b3b33
cmd/internal/par.(*Cache[...]).Do(0xcd5240, {{0xc000138260, 0x1a}, {0xc00012a5d0, 0x24}}, 0xc000073e08)
	cmd/internal/par/work.go:160 +0x13c fp=0xc000343dd0 sp=0xc000343d58 pc=0x8b3d7c
cmd/internal/par.(*ErrCache[...]).Do(0x0?, {{0xc000138260?, 0x0?}, {0xc00012a5d0?, 0x0?}}, 0x0?)
	cmd/internal/par/work.go:118 +0x45 fp=0xc000343e30 sp=0xc000343dd0 pc=0x8b3ac5
cmd/go/internal/modload.readModGraph.func2({{0xc000138260?, 0x0?}, {0xc00012a5d0?, 0x0?}})
	cmd/go/internal/modload/buildlist.go:379 +0x9b fp=0xc000343eb8 sp=0xc000343e30 pc=0x86e29b
cmd/go/internal/modload.readModGraph.func3.1()
	cmd/go/internal/modload/buildlist.go:408 +0x56 fp=0xc000343f60 sp=0xc000343eb8 pc=0x86e0d6
cmd/internal/par.(*Queue).Add.func1()
	cmd/internal/par/queue.go:58 +0x5c fp=0xc000343fe0 sp=0xc000343f60 pc=0x5edd3c
runtime.goexit({})
	runtime/asm_amd64.s:1700 +0x1 fp=0xc000343fe8 sp=0xc000343fe0 pc=0x487861
created by cmd/internal/par.(*Queue).Add in goroutine 1
	cmd/internal/par/queue.go:56 +0x1d3

goroutine 22 gp=0xc000102a80 m=nil [select]:
runtime.gopark(0xc0002344b0?, 0x2?, 0x52?, 0x14?, 0xc0002343e4?)
	runtime/proc.go:435 +0xce fp=0xc000234270 sp=0xc000234250 pc=0x47fa2e
runtime.selectgo(0xc0002344b0, 0xc0002343e0, 0x14?, 0x0, 0x133b300?, 0x1)
	runtime/select.go:351 +0x837 fp=0xc0002343a8 sp=0xc000234270 pc=0x45d597
net/http.(*Transport).getConn(0x12c2960, 0xc0002ac0f0, {{}, 0x0, {0xc000336000, 0x5}, {0xc0002aa078, 0x14}, 0x0})
	net/http/transport.go:1523 +0x4ae fp=0xc000234580 sp=0xc0002343a8 pc=0x7b0b4e
net/http.(*Transport).roundTrip(0x12c2960, 0xc000334140)
	net/http/transport.go:685 +0xb57 fp=0xc000234778 sp=0xc000234580 pc=0x7ac877
net/http.(*Transport).RoundTrip(0xc000065808?, 0xccade0?)
	net/http/roundtrip.go:30 +0x13 fp=0xc000234798 sp=0xc000234778 pc=0x7bb013
net/http.send(0xc000334140, {0xccade0, 0x12c2960}, {0x60ac01?, 0x47c46c?, 0x0?})
	net/http/client.go:259 +0x5e2 fp=0xc000234988 sp=0xc000234798 pc=0x777882
net/http.(*Client).send(0xc00011c750, 0xc000334140, {0x7?, 0xc00031ca70?, 0x0?})
	net/http/client.go:180 +0x91 fp=0xc000234a00 sp=0xc000234988 pc=0x777131
net/http.(*Client).do(0xc00011c750, 0xc000334140)
	net/http/client.go:728 +0x989 fp=0xc000234bf0 sp=0xc000234a00 pc=0x779669
net/http.(*Client).Do(...)
	net/http/client.go:587
cmd/go/internal/web.get.func1(0xc000234f88)
	cmd/go/internal/web/http.go:159 +0x3cb fp=0xc000234d68 sp=0xc000234bf0 pc=0x7ce02b
cmd/go/internal/web.get(0x1, 0xc000235050)
	cmd/go/internal/web/http.go:206 +0x482 fp=0xc000235028 sp=0xc000234d68 pc=0x7cd102
cmd/go/internal/web.Get(...)
	cmd/go/internal/web/api.go:186
cmd/go/internal/modfetch.(*proxyRepo).getBody(0xc000332050, {0xba3421?, 0xe?}, {0xc00031d218, 0xe})
	cmd/go/internal/modfetch/proxy.go:282 +0x13f fp=0xc000235118 sp=0xc000235028 pc=0x84257f
cmd/go/internal/modfetch.(*proxyRepo).getBytes(0xc0001187a0?, {0xcd0a58?, 0x1339ea0?}, {0xc00031d218?, 0x82d4b4?})
	cmd/go/internal/modfetch/proxy.go:260 +0x5b fp=0xc0002351e0 sp=0xc000235118 pc=0x84213b
cmd/go/internal/modfetch.(*proxyRepo).GoMod(0xc000332050, {0xcd0a58, 0x1339ea0}, {0xc0001187a0, 0x7})
	cmd/go/internal/modfetch/proxy.go:412 +0x10d fp=0xc000235248 sp=0xc0002351e0 pc=0x84386d
cmd/go/internal/modfetch.(*cachingRepo).GoMod.func1()
	cmd/go/internal/modfetch/cache.go:318 +0xa5 fp=0xc000235300 sp=0xc000235248 pc=0x82e1e5
cmd/internal/par.(*ErrCache[...]).Do.func1()
	cmd/internal/par/work.go:119 +0x28 fp=0xc000235338 sp=0xc000235300 pc=0x848a88
cmd/internal/par.(*Cache[...]).Do(0xcd54c0, {0xc0001187a0, 0x7}, 0xc00031d468)
	cmd/internal/par/work.go:160 +0x156 fp=0xc000235418 sp=0xc000235338 pc=0x848d76
cmd/internal/par.(*ErrCache[...]).Do(0x843fac?, {0xc0001187a0?, 0xcd53c0?}, 0xc0000281e0?)
	cmd/internal/par/work.go:118 +0x47 fp=0xc0002354b8 sp=0xc000235418 pc=0x8489a7
cmd/go/internal/modfetch.(*cachingRepo).GoMod(0xcd0a58?, {0xcd0a58?, 0x1339ea0?}, {0xc0001187a0, 0x7})
	cmd/go/internal/modfetch/cache.go:311 +0xfa fp=0xc000235548 sp=0xc0002354b8 pc=0x82e05a
cmd/go/internal/modfetch.GoMod.func2({0xc0000281e0?, 0x0?})
	cmd/go/internal/modfetch/cache.go:411 +0x73 fp=0xc0002355a8 sp=0xc000235548 pc=0x82ecf3
cmd/go/internal/modfetch.TryProxies(0xc000235680)
	cmd/go/internal/modfetch/proxy.go:164 +0xaf fp=0xc000235628 sp=0xc0002355a8 pc=0x8417cf
cmd/go/internal/modfetch.GoMod({0xcd0a58, 0x1339ea0}, {0xc00012a600, 0x21}, {0xc0001187a0, 0x7})
	cmd/go/internal/modfetch/cache.go:410 +0x258 fp=0xc0002356f8 sp=0xc000235628 pc=0x82ebb8
cmd/go/internal/modload.rawGoModData({{0xc00012a600?, 0xc0002908b0?}, {0xc0001187a0?, 0xb58360?}})
	cmd/go/internal/modload/modfile.go:786 +0x15f fp=0xc000235858 sp=0xc0002356f8 pc=0x8a3e3f
cmd/go/internal/modload.rawGoModSummary.func1()
	cmd/go/internal/modload/modfile.go:695 +0x59 fp=0xc0002359c0 sp=0xc000235858 pc=0x8a33b9
cmd/internal/par.(*ErrCache[...]).Do.func1()
	cmd/internal/par/work.go:119 +0x13 fp=0xc0002359d0 sp=0xc0002359c0 pc=0x8b3b33
cmd/internal/par.(*Cache[...]).Do(0xcd5240, {{0xc00012a600, 0x21}, {0xc0001187a0, 0x7}}, 0xc000290a80)
	cmd/internal/par/work.go:160 +0x13c fp=0xc000235a48 sp=0xc0002359d0 pc=0x8b3d7c
cmd/internal/par.(*ErrCache[...]).Do(0x0?, {{0xc00012a600?, 0xc00012a510?}, {0xc0001187a0?, 0x0?}}, 0xba3f93?)
	cmd/internal/par/work.go:118 +0x45 fp=0xc000235aa8 sp=0xc000235a48 pc=0x8b3ac5
cmd/go/internal/modload.rawGoModSummary({{0xc00012a600?, 0xc010100001962f0?}, {0xc0001187a0?, 0xffffae2763e8?}})
	cmd/go/internal/modload/modfile.go:693 +0x385 fp=0xc000235b58 sp=0xc000235aa8 pc=0x8a3265
cmd/go/internal/modload.goModSummary({{0xc00012a600?, 0x3c?}, {0xc0001187a0?, 0xc0001a21b8?}})
	cmd/go/internal/modload/modfile.go:602 +0x3ae fp=0xc000235ca8 sp=0xc000235b58 pc=0x8a27ee
cmd/go/internal/modload.readModGraph.func2.1()
	cmd/go/internal/modload/buildlist.go:380 +0x65 fp=0xc000235d48 sp=0xc000235ca8 pc=0x86e345
cmd/internal/par.(*ErrCache[...]).Do.func1()
	cmd/internal/par/work.go:119 +0x13 fp=0xc000235d58 sp=0xc000235d48 pc=0x8b3b33
cmd/internal/par.(*Cache[...]).Do(0xcd5240, {{0xc00012a600, 0x21}, {0xc0001187a0, 0x7}}, 0xc000290e08)
	cmd/internal/par/work.go:160 +0x13c fp=0xc000235dd0 sp=0xc000235d58 pc=0x8b3d7c
cmd/internal/par.(*ErrCache[...]).Do(0x0?, {{0xc00012a600?, 0x0?}, {0xc0001187a0?, 0x0?}}, 0x0?)
	cmd/internal/par/work.go:118 +0x45 fp=0xc000235e30 sp=0xc000235dd0 pc=0x8b3ac5
cmd/go/internal/modload.readModGraph.func2({{0xc00012a600?, 0x0?}, {0xc0001187a0?, 0x0?}})
	cmd/go/internal/modload/buildlist.go:379 +0x9b fp=0xc000235eb8 sp=0xc000235e30 pc=0x86e29b
cmd/go/internal/modload.readModGraph.func3.1()
	cmd/go/internal/modload/buildlist.go:408 +0x56 fp=0xc000235f60 sp=0xc000235eb8 pc=0x86e0d6
cmd/internal/par.(*Queue).Add.func1()
	cmd/internal/par/queue.go:58 +0x5c fp=0xc000235fe0 sp=0xc000235f60 pc=0x5edd3c
runtime.goexit({})
	runtime/asm_amd64.s:1700 +0x1 fp=0xc000235fe8 sp=0xc000235fe0 pc=0x487861
created by cmd/internal/par.(*Queue).Add in goroutine 1
	cmd/internal/par/queue.go:56 +0x1d3

goroutine 23 gp=0xc000102c40 m=nil [select]:
runtime.gopark(0xc0003464b0?, 0x2?, 0x52?, 0x14?, 0xc0003463e4?)
	runtime/proc.go:435 +0xce fp=0xc000346270 sp=0xc000346250 pc=0x47fa2e
runtime.selectgo(0xc0003464b0, 0xc0003463e0, 0x14?, 0x0, 0x133b300?, 0x1)
	runtime/select.go:351 +0x837 fp=0xc0003463a8 sp=0xc000346270 pc=0x45d597
net/http.(*Transport).getConn(0x12c2960, 0xc0003320f0, {{}, 0x0, {0xc000326140, 0x5}, {0xc000348018, 0x14}, 0x0})
	net/http/transport.go:1523 +0x4ae fp=0xc000346580 sp=0xc0003463a8 pc=0x7b0b4e
net/http.(*Transport).roundTrip(0x12c2960, 0xc000334000)
	net/http/transport.go:685 +0xb57 fp=0xc000346778 sp=0xc000346580 pc=0x7ac877
net/http.(*Transport).RoundTrip(0xc000065808?, 0xccade0?)
	net/http/roundtrip.go:30 +0x13 fp=0xc000346798 sp=0xc000346778 pc=0x7bb013
net/http.send(0xc000334000, {0xccade0, 0x12c2960}, {0x60ac01?, 0x47c46c?, 0x0?})
	net/http/client.go:259 +0x5e2 fp=0xc000346988 sp=0xc000346798 pc=0x777882
net/http.(*Client).send(0xc00011c750, 0xc000334000, {0x47c318?, 0x640000000042a016?, 0x0?})
	net/http/client.go:180 +0x91 fp=0xc000346a00 sp=0xc000346988 pc=0x777131
net/http.(*Client).do(0xc00011c750, 0xc000334000)
	net/http/client.go:728 +0x989 fp=0xc000346bf0 sp=0xc000346a00 pc=0x779669
net/http.(*Client).Do(...)
	net/http/client.go:587
cmd/go/internal/web.get.func1(0xc000346f88)
	cmd/go/internal/web/http.go:159 +0x3cb fp=0xc000346d68 sp=0xc000346bf0 pc=0x7ce02b
cmd/go/internal/web.get(0x1, 0xc000347050)
	cmd/go/internal/web/http.go:206 +0x482 fp=0xc000347028 sp=0xc000346d68 pc=0x7cd102
cmd/go/internal/web.Get(...)
	cmd/go/internal/web/api.go:186
cmd/go/internal/modfetch.(*proxyRepo).getBody(0xc000332000, {0xba3421?, 0xd?}, {0xc0001df218, 0xd})
	cmd/go/internal/modfetch/proxy.go:282 +0x13f fp=0xc000347118 sp=0xc000347028 pc=0x84257f
cmd/go/internal/modfetch.(*proxyRepo).getBytes(0xc0001187a8?, {0xcd0a58?, 0x1339ea0?}, {0xc0001df218?, 0x82d4b4?})
	cmd/go/internal/modfetch/proxy.go:260 +0x5b fp=0xc0003471e0 sp=0xc000347118 pc=0x84213b
cmd/go/internal/modfetch.(*proxyRepo).GoMod(0xc000332000, {0xcd0a58, 0x1339ea0}, {0xc0001187a8, 0x6})
	cmd/go/internal/modfetch/proxy.go:412 +0x10d fp=0xc000347248 sp=0xc0003471e0 pc=0x84386d
cmd/go/internal/modfetch.(*cachingRepo).GoMod.func1()
	cmd/go/internal/modfetch/cache.go:318 +0xa5 fp=0xc000347300 sp=0xc000347248 pc=0x82e1e5
cmd/internal/par.(*ErrCache[...]).Do.func1()
	cmd/internal/par/work.go:119 +0x28 fp=0xc000347338 sp=0xc000347300 pc=0x848a88
cmd/internal/par.(*Cache[...]).Do(0xcd54c0, {0xc0001187a8, 0x6}, 0xc0001df468)
	cmd/internal/par/work.go:160 +0x156 fp=0xc000347418 sp=0xc000347338 pc=0x848d76
cmd/internal/par.(*ErrCache[...]).Do(0x843fac?, {0xc0001187a8?, 0xcd53c0?}, 0xc0000281e0?)
	cmd/internal/par/work.go:118 +0x47 fp=0xc0003474b8 sp=0xc000347418 pc=0x8489a7
cmd/go/internal/modfetch.(*cachingRepo).GoMod(0xcd0a58?, {0xcd0a58?, 0x1339ea0?}, {0xc0001187a8, 0x6})
	cmd/go/internal/modfetch/cache.go:311 +0xfa fp=0xc000347548 sp=0xc0003474b8 pc=0x82e05a
cmd/go/internal/modfetch.GoMod.func2({0xc0000281e0?, 0x0?})
	cmd/go/internal/modfetch/cache.go:411 +0x73 fp=0xc0003475a8 sp=0xc000347548 pc=0x82ecf3
cmd/go/internal/modfetch.TryProxies(0xc000347680)
	cmd/go/internal/modfetch/proxy.go:164 +0xaf fp=0xc000347628 sp=0xc0003475a8 pc=0x8417cf
cmd/go/internal/modfetch.GoMod({0xcd0a58, 0x1339ea0}, {0xc000138280, 0x1c}, {0xc0001187a8, 0x6})
	cmd/go/internal/modfetch/cache.go:410 +0x258 fp=0xc0003476f8 sp=0xc000347628 pc=0x82ebb8
cmd/go/internal/modload.rawGoModData({{0xc000138280?, 0x47d499?}, {0xc0001187a8?, 0xb58360?}})
	cmd/go/internal/modload/modfile.go:786 +0x15f fp=0xc000347858 sp=0xc0003476f8 pc=0x8a3e3f
cmd/go/internal/modload.rawGoModSummary.func1()
	cmd/go/internal/modload/modfile.go:695 +0x59 fp=0xc0003479c0 sp=0xc000347858 pc=0x8a33b9
cmd/internal/par.(*ErrCache[...]).Do.func1()
	cmd/internal/par/work.go:119 +0x13 fp=0xc0003479d0 sp=0xc0003479c0 pc=0x8b3b33
cmd/internal/par.(*Cache[...]).Do(0xcd5240, {{0xc000138280, 0x1c}, {0xc0001187a8, 0x6}}, 0xc00006fa80)
	cmd/internal/par/work.go:160 +0x13c fp=0xc000347a48 sp=0xc0003479d0 pc=0x8b3d7c
cmd/internal/par.(*ErrCache[...]).Do(0x0?, {{0xc000138280?, 0xc00012a510?}, {0xc0001187a8?, 0x0?}}, 0xba3f93?)
	cmd/internal/par/work.go:118 +0x45 fp=0xc000347aa8 sp=0xc000347a48 pc=0x8b3ac5
cmd/go/internal/modload.rawGoModSummary({{0xc000138280?, 0xc0000000029a010?}, {0xc0001187a8?, 0xffffae275a78?}})
	cmd/go/internal/modload/modfile.go:693 +0x385 fp=0xc000347b58 sp=0xc000347aa8 pc=0x8a3265
cmd/go/internal/modload.goModSummary({{0xc000138280?, 0x3c?}, {0xc0001187a8?, 0xffffa3d0e008?}})
	cmd/go/internal/modload/modfile.go:602 +0x3ae fp=0xc000347ca8 sp=0xc000347b58 pc=0x8a27ee
cmd/go/internal/modload.readModGraph.func2.1()
	cmd/go/internal/modload/buildlist.go:380 +0x65 fp=0xc000347d48 sp=0xc000347ca8 pc=0x86e345
cmd/internal/par.(*ErrCache[...]).Do.func1()
	cmd/internal/par/work.go:119 +0x13 fp=0xc000347d58 sp=0xc000347d48 pc=0x8b3b33
cmd/internal/par.(*Cache[...]).Do(0xcd5240, {{0xc000138280, 0x1c}, {0xc0001187a8, 0x6}}, 0xc00006fe08)
	cmd/internal/par/work.go:160 +0x13c fp=0xc000347dd0 sp=0xc000347d58 pc=0x8b3d7c
cmd/internal/par.(*ErrCache[...]).Do(0x0?, {{0xc000138280?, 0x0?}, {0xc0001187a8?, 0x0?}}, 0x0?)
	cmd/internal/par/work.go:118 +0x45 fp=0xc000347e30 sp=0xc000347dd0 pc=0x8b3ac5
cmd/go/internal/modload.readModGraph.func2({{0xc000138280?, 0x0?}, {0xc0001187a8?, 0x0?}})
	cmd/go/internal/modload/buildlist.go:379 +0x9b fp=0xc000347eb8 sp=0xc000347e30 pc=0x86e29b
cmd/go/internal/modload.readModGraph.func3.1()
	cmd/go/internal/modload/buildlist.go:408 +0x56 fp=0xc000347f60 sp=0xc000347eb8 pc=0x86e0d6
cmd/internal/par.(*Queue).Add.func1()
	cmd/internal/par/queue.go:58 +0x5c fp=0xc000347fe0 sp=0xc000347f60 pc=0x5edd3c
runtime.goexit({})
	runtime/asm_amd64.s:1700 +0x1 fp=0xc000347fe8 sp=0xc000347fe0 pc=0x487861
created by cmd/internal/par.(*Queue).Add in goroutine 1
	cmd/internal/par/queue.go:56 +0x1d3

goroutine 24 gp=0xc000102e00 m=nil [select]:
runtime.gopark(0xc0002c24b0?, 0x2?, 0x52?, 0x14?, 0xc0002c23e4?)
	runtime/proc.go:435 +0xce fp=0xc0002c2270 sp=0xc0002c2250 pc=0x47fa2e
runtime.selectgo(0xc0002c24b0, 0xc0002c23e0, 0x14?, 0x0, 0x133b300?, 0x1)
	runtime/select.go:351 +0x837 fp=0xc0002c23a8 sp=0xc0002c2270 pc=0x45d597
net/http.(*Transport).getConn(0x12c2960, 0xc000406050, {{}, 0x0, {0xc0002a6140, 0x5}, {0xc000402018, 0x14}, 0x0})
	net/http/transport.go:1523 +0x4ae fp=0xc0002c2580 sp=0xc0002c23a8 pc=0x7b0b4e
net/http.(*Transport).roundTrip(0x12c2960, 0xc0002b8000)
	net/http/transport.go:685 +0xb57 fp=0xc0002c2778 sp=0xc0002c2580 pc=0x7ac877
net/http.(*Transport).RoundTrip(0xc0002bbf80?, 0xccade0?)
	net/http/roundtrip.go:30 +0x13 fp=0xc0002c2798 sp=0xc0002c2778 pc=0x7bb013
net/http.send(0xc0002b8000, {0xccade0, 0x12c2960}, {0x60ac01?, 0x47c46c?, 0x0?})
	net/http/client.go:259 +0x5e2 fp=0xc0002c2988 sp=0xc0002c2798 pc=0x777882
net/http.(*Client).send(0xc00011c750, 0xc0002b8000, {0x47c318?, 0x640000000042a016?, 0x0?})
	net/http/client.go:180 +0x91 fp=0xc0002c2a00 sp=0xc0002c2988 pc=0x777131
net/http.(*Client).do(0xc00011c750, 0xc0002b8000)
	net/http/client.go:728 +0x989 fp=0xc0002c2bf0 sp=0xc0002c2a00 pc=0x779669
net/http.(*Client).Do(...)
	net/http/client.go:587
cmd/go/internal/web.get.func1(0xc0002c2f88)
	cmd/go/internal/web/http.go:159 +0x3cb fp=0xc0002c2d68 sp=0xc0002c2bf0 pc=0x7ce02b
cmd/go/internal/web.get(0x1, 0xc0002c3050)
	cmd/go/internal/web/http.go:206 +0x482 fp=0xc0002c3028 sp=0xc0002c2d68 pc=0x7cd102
cmd/go/internal/web.Get(...)
	cmd/go/internal/web/api.go:186
cmd/go/internal/modfetch.(*proxyRepo).getBody(0xc0002ac050, {0xba3421?, 0xd?}, {0xc000165218, 0xd})
	cmd/go/internal/modfetch/proxy.go:282 +0x13f fp=0xc0002c3118 sp=0xc0002c3028 pc=0x84257f
cmd/go/internal/modfetch.(*proxyRepo).getBytes(0xc0001187d0?, {0xcd0a58?, 0x1339ea0?}, {0xc000165218?, 0x82d4b4?})
	cmd/go/internal/modfetch/proxy.go:260 +0x5b fp=0xc0002c31e0 sp=0xc0002c3118 pc=0x84213b
cmd/go/internal/modfetch.(*proxyRepo).GoMod(0xc0002ac050, {0xcd0a58, 0x1339ea0}, {0xc0001187d0, 0x6})
	cmd/go/internal/modfetch/proxy.go:412 +0x10d fp=0xc0002c3248 sp=0xc0002c31e0 pc=0x84386d
cmd/go/internal/modfetch.(*cachingRepo).GoMod.func1()
	cmd/go/internal/modfetch/cache.go:318 +0xa5 fp=0xc0002c3300 sp=0xc0002c3248 pc=0x82e1e5
cmd/internal/par.(*ErrCache[...]).Do.func1()
	cmd/internal/par/work.go:119 +0x28 fp=0xc0002c3338 sp=0xc0002c3300 pc=0x848a88
cmd/internal/par.(*Cache[...]).Do(0xcd54c0, {0xc0001187d0, 0x6}, 0xc000165468)
	cmd/internal/par/work.go:160 +0x156 fp=0xc0002c3418 sp=0xc0002c3338 pc=0x848d76
cmd/internal/par.(*ErrCache[...]).Do(0x843fac?, {0xc0001187d0?, 0xcd53c0?}, 0xc0000281e0?)
	cmd/internal/par/work.go:118 +0x47 fp=0xc0002c34b8 sp=0xc0002c3418 pc=0x8489a7
cmd/go/internal/modfetch.(*cachingRepo).GoMod(0xcd0a58?, {0xcd0a58?, 0x1339ea0?}, {0xc0001187d0, 0x6})
	cmd/go/internal/modfetch/cache.go:311 +0xfa fp=0xc0002c3548 sp=0xc0002c34b8 pc=0x82e05a
cmd/go/internal/modfetch.GoMod.func2({0xc0000281e0?, 0x0?})
	cmd/go/internal/modfetch/cache.go:411 +0x73 fp=0xc0002c35a8 sp=0xc0002c3548 pc=0x82ecf3
cmd/go/internal/modfetch.TryProxies(0xc0002c3680)
	cmd/go/internal/modfetch/proxy.go:164 +0xaf fp=0xc0002c3628 sp=0xc0002c35a8 pc=0x8417cf
cmd/go/internal/modfetch.GoMod({0xcd0a58, 0x1339ea0}, {0xc0001382a0, 0x1c}, {0xc0001187d0, 0x6})
	cmd/go/internal/modfetch/cache.go:410 +0x258 fp=0xc0002c36f8 sp=0xc0002c3628 pc=0x82ebb8
cmd/go/internal/modload.rawGoModData({{0xc0001382a0?, 0x47d499?}, {0xc0001187d0?, 0xb58360?}})
	cmd/go/internal/modload/modfile.go:786 +0x15f fp=0xc0002c3858 sp=0xc0002c36f8 pc=0x8a3e3f
cmd/go/internal/modload.rawGoModSummary.func1()
	cmd/go/internal/modload/modfile.go:695 +0x59 fp=0xc0002c39c0 sp=0xc0002c3858 pc=0x8a33b9
cmd/internal/par.(*ErrCache[...]).Do.func1()
	cmd/internal/par/work.go:119 +0x13 fp=0xc0002c39d0 sp=0xc0002c39c0 pc=0x8b3b33
cmd/internal/par.(*Cache[...]).Do(0xcd5240, {{0xc0001382a0, 0x1c}, {0xc0001187d0, 0x6}}, 0xc000294a80)
	cmd/internal/par/work.go:160 +0x13c fp=0xc0002c3a48 sp=0xc0002c39d0 pc=0x8b3d7c
cmd/internal/par.(*ErrCache[...]).Do(0x0?, {{0xc0001382a0?, 0xc00012a510?}, {0xc0001187d0?, 0x0?}}, 0xba3f93?)
	cmd/internal/par/work.go:118 +0x45 fp=0xc0002c3aa8 sp=0xc0002c3a48 pc=0x8b3ac5
cmd/go/internal/modload.rawGoModSummary({{0xc0001382a0?, 0x8?}, {0xc0001187d0?, 0x426405?}})
	cmd/go/internal/modload/modfile.go:693 +0x385 fp=0xc0002c3b58 sp=0xc0002c3aa8 pc=0x8a3265
cmd/go/internal/modload.goModSummary({{0xc0001382a0?, 0x3c?}, {0xc0001187d0?, 0xffffa3c7f0e8?}})
	cmd/go/internal/modload/modfile.go:602 +0x3ae fp=0xc0002c3ca8 sp=0xc0002c3b58 pc=0x8a27ee
cmd/go/internal/modload.readModGraph.func2.1()
	cmd/go/internal/modload/buildlist.go:380 +0x65 fp=0xc0002c3d48 sp=0xc0002c3ca8 pc=0x86e345
cmd/internal/par.(*ErrCache[...]).Do.func1()
	cmd/internal/par/work.go:119 +0x13 fp=0xc0002c3d58 sp=0xc0002c3d48 pc=0x8b3b33
cmd/internal/par.(*Cache[...]).Do(0xcd5240, {{0xc0001382a0, 0x1c}, {0xc0001187d0, 0x6}}, 0xc000294e08)
	cmd/internal/par/work.go:160 +0x13c fp=0xc0002c3dd0 sp=0xc0002c3d58 pc=0x8b3d7c
cmd/internal/par.(*ErrCache[...]).Do(0x0?, {{0xc0001382a0?, 0x0?}, {0xc0001187d0?, 0x0?}}, 0x0?)
	cmd/internal/par/work.go:118 +0x45 fp=0xc0002c3e30 sp=0xc0002c3dd0 pc=0x8b3ac5
cmd/go/internal/modload.readModGraph.func2({{0xc0001382a0?, 0x0?}, {0xc0001187d0?, 0x0?}})
	cmd/go/internal/modload/buildlist.go:379 +0x9b fp=0xc0002c3eb8 sp=0xc0002c3e30 pc=0x86e29b
cmd/go/internal/modload.readModGraph.func3.1()
	cmd/go/internal/modload/buildlist.go:408 +0x56 fp=0xc0002c3f60 sp=0xc0002c3eb8 pc=0x86e0d6
cmd/internal/par.(*Queue).Add.func1()
	cmd/internal/par/queue.go:58 +0x5c fp=0xc0002c3fe0 sp=0xc0002c3f60 pc=0x5edd3c
runtime.goexit({})
	runtime/asm_amd64.s:1700 +0x1 fp=0xc0002c3fe8 sp=0xc0002c3fe0 pc=0x487861
created by cmd/internal/par.(*Queue).Add in goroutine 1
	cmd/internal/par/queue.go:56 +0x1d3

goroutine 25 gp=0xc000102fc0 m=nil [select]:
runtime.gopark(0xc0002384b0?, 0x2?, 0x52?, 0x14?, 0xc0002383e4?)
	runtime/proc.go:435 +0xce fp=0xc000238270 sp=0xc000238250 pc=0x47fa2e
runtime.selectgo(0xc0002384b0, 0xc0002383e0, 0x14?, 0x0, 0x47d000?, 0x1)
	runtime/select.go:351 +0x837 fp=0xc0002383a8 sp=0xc000238270 pc=0x45d597
net/http.(*Transport).getConn(0x12c2960, 0xc00011b360, {{}, 0x0, {0xc0000dc140, 0x5}, {0xc00013e558, 0x14}, 0x0})
	net/http/transport.go:1523 +0x4ae fp=0xc000238580 sp=0xc0002383a8 pc=0x7b0b4e
net/http.(*Transport).roundTrip(0x12c2960, 0xc0000de000)
	net/http/transport.go:685 +0xb57 fp=0xc000238778 sp=0xc000238580 pc=0x7ac877
net/http.(*Transport).RoundTrip(0xc000065808?, 0xccade0?)
	net/http/roundtrip.go:30 +0x13 fp=0xc000238798 sp=0xc000238778 pc=0x7bb013
net/http.send(0xc0000de000, {0xccade0, 0x12c2960}, {0x60ac01?, 0x47c46c?, 0x0?})
	net/http/client.go:259 +0x5e2 fp=0xc000238988 sp=0xc000238798 pc=0x777882
net/http.(*Client).send(0xc00011c750, 0xc0000de000, {0x7?, 0xc0001e4a70?, 0x0?})
	net/http/client.go:180 +0x91 fp=0xc000238a00 sp=0xc000238988 pc=0x777131
net/http.(*Client).do(0xc00011c750, 0xc0000de000)
	net/http/client.go:728 +0x989 fp=0xc000238bf0 sp=0xc000238a00 pc=0x779669
net/http.(*Client).Do(...)
	net/http/client.go:587
cmd/go/internal/web.get.func1(0xc000238f88)
	cmd/go/internal/web/http.go:159 +0x3cb fp=0xc000238d68 sp=0xc000238bf0 pc=0x7ce02b
cmd/go/internal/web.get(0x1, 0xc000239050)
	cmd/go/internal/web/http.go:206 +0x482 fp=0xc000239028 sp=0xc000238d68 pc=0x7cd102
cmd/go/internal/web.Get(...)
	cmd/go/internal/web/api.go:186
cmd/go/internal/modfetch.(*proxyRepo).getBody(0xc0000b0050, {0xba3421?, 0xd?}, {0xc0001e5218, 0xd})
	cmd/go/internal/modfetch/proxy.go:282 +0x13f fp=0xc000239118 sp=0xc000239028 pc=0x84257f
cmd/go/internal/modfetch.(*proxyRepo).getBytes(0xc0001187d6?, {0xcd0a58?, 0x1339ea0?}, {0xc0001e5218?, 0x82d4b4?})
	cmd/go/internal/modfetch/proxy.go:260 +0x5b fp=0xc0002391e0 sp=0xc000239118 pc=0x84213b
cmd/go/internal/modfetch.(*proxyRepo).GoMod(0xc0000b0050, {0xcd0a58, 0x1339ea0}, {0xc0001187d6, 0x6})
	cmd/go/internal/modfetch/proxy.go:412 +0x10d fp=0xc000239248 sp=0xc0002391e0 pc=0x84386d
cmd/go/internal/modfetch.(*cachingRepo).GoMod.func1()
	cmd/go/internal/modfetch/cache.go:318 +0xa5 fp=0xc000239300 sp=0xc000239248 pc=0x82e1e5
cmd/internal/par.(*ErrCache[...]).Do.func1()
	cmd/internal/par/work.go:119 +0x28 fp=0xc000239338 sp=0xc000239300 pc=0x848a88
cmd/internal/par.(*Cache[...]).Do(0xcd54c0, {0xc0001187d6, 0x6}, 0xc0001e5468)
	cmd/internal/par/work.go:160 +0x156 fp=0xc000239418 sp=0xc000239338 pc=0x848d76
cmd/internal/par.(*ErrCache[...]).Do(0x843fac?, {0xc0001187d6?, 0xcd53c0?}, 0xc0000281e0?)
	cmd/internal/par/work.go:118 +0x47 fp=0xc0002394b8 sp=0xc000239418 pc=0x8489a7
cmd/go/internal/modfetch.(*cachingRepo).GoMod(0xcd0a58?, {0xcd0a58?, 0x1339ea0?}, {0xc0001187d6, 0x6})
	cmd/go/internal/modfetch/cache.go:311 +0xfa fp=0xc000239548 sp=0xc0002394b8 pc=0x82e05a
cmd/go/internal/modfetch.GoMod.func2({0xc0000281e0?, 0x0?})
	cmd/go/internal/modfetch/cache.go:411 +0x73 fp=0xc0002395a8 sp=0xc000239548 pc=0x82ecf3
cmd/go/internal/modfetch.TryProxies(0xc000239680)
	cmd/go/internal/modfetch/proxy.go:164 +0xaf fp=0xc000239628 sp=0xc0002395a8 pc=0x8417cf
cmd/go/internal/modfetch.GoMod({0xcd0a58, 0x1339ea0}, {0xc0001382c0, 0x1c}, {0xc0001187d6, 0x6})
	cmd/go/internal/modfetch/cache.go:410 +0x258 fp=0xc0002396f8 sp=0xc000239628 pc=0x82ebb8
cmd/go/internal/modload.rawGoModData({{0xc0001382c0?, 0x47d499?}, {0xc0001187d6?, 0xb58360?}})
	cmd/go/internal/modload/modfile.go:786 +0x15f fp=0xc000239858 sp=0xc0002396f8 pc=0x8a3e3f
cmd/go/internal/modload.rawGoModSummary.func1()
	cmd/go/internal/modload/modfile.go:695 +0x59 fp=0xc0002399c0 sp=0xc000239858 pc=0x8a33b9
cmd/internal/par.(*ErrCache[...]).Do.func1()
	cmd/internal/par/work.go:119 +0x13 fp=0xc0002399d0 sp=0xc0002399c0 pc=0x8b3b33
cmd/internal/par.(*Cache[...]).Do(0xcd5240, {{0xc0001382c0, 0x1c}, {0xc0001187d6, 0x6}}, 0xc00006fa80)
	cmd/internal/par/work.go:160 +0x13c fp=0xc000239a48 sp=0xc0002399d0 pc=0x8b3d7c
cmd/internal/par.(*ErrCache[...]).Do(0x0?, {{0xc0001382c0?, 0xc00012a510?}, {0xc0001187d6?, 0x0?}}, 0xba3f93?)
	cmd/internal/par/work.go:118 +0x45 fp=0xc000239aa8 sp=0xc000239a48 pc=0x8b3ac5
cmd/go/internal/modload.rawGoModSummary({{0xc0001382c0?, 0xc0000000029a010?}, {0xc0001187d6?, 0xffffae275a78?}})
	cmd/go/internal/modload/modfile.go:693 +0x385 fp=0xc000239b58 sp=0xc000239aa8 pc=0x8a3265
cmd/go/internal/modload.goModSummary({{0xc0001382c0?, 0x3c?}, {0xc0001187d6?, 0xc0001a21b0?}})
	cmd/go/internal/modload/modfile.go:602 +0x3ae fp=0xc000239ca8 sp=0xc000239b58 pc=0x8a27ee
cmd/go/internal/modload.readModGraph.func2.1()
	cmd/go/internal/modload/buildlist.go:380 +0x65 fp=0xc000239d48 sp=0xc000239ca8 pc=0x86e345
cmd/internal/par.(*ErrCache[...]).Do.func1()
	cmd/internal/par/work.go:119 +0x13 fp=0xc000239d58 sp=0xc000239d48 pc=0x8b3b33
cmd/internal/par.(*Cache[...]).Do(0xcd5240, {{0xc0001382c0, 0x1c}, {0xc0001187d6, 0x6}}, 0xc00006fe08)
	cmd/internal/par/work.go:160 +0x13c fp=0xc000239dd0 sp=0xc000239d58 pc=0x8b3d7c
cmd/internal/par.(*ErrCache[...]).Do(0x0?, {{0xc0001382c0?, 0x0?}, {0xc0001187d6?, 0x0?}}, 0x0?)
	cmd/internal/par/work.go:118 +0x45 fp=0xc000239e30 sp=0xc000239dd0 pc=0x8b3ac5
cmd/go/internal/modload.readModGraph.func2({{0xc0001382c0?, 0x0?}, {0xc0001187d6?, 0x0?}})
	cmd/go/internal/modload/buildlist.go:379 +0x9b fp=0xc000239eb8 sp=0xc000239e30 pc=0x86e29b
cmd/go/internal/modload.readModGraph.func3.1()
	cmd/go/internal/modload/buildlist.go:408 +0x56 fp=0xc000239f60 sp=0xc000239eb8 pc=0x86e0d6
cmd/internal/par.(*Queue).Add.func1()
	cmd/internal/par/queue.go:58 +0x5c fp=0xc000239fe0 sp=0xc000239f60 pc=0x5edd3c
runtime.goexit({})
	runtime/asm_amd64.s:1700 +0x1 fp=0xc000239fe8 sp=0xc000239fe0 pc=0x487861
created by cmd/internal/par.(*Queue).Add in goroutine 1
	cmd/internal/par/queue.go:56 +0x1d3

goroutine 26 gp=0xc000103180 m=nil [select]:
runtime.gopark(0xc00039c4b0?, 0x2?, 0x52?, 0x14?, 0xc00039c3e4?)
	runtime/proc.go:435 +0xce fp=0xc00039c270 sp=0xc00039c250 pc=0x47fa2e
runtime.selectgo(0xc00039c4b0, 0xc00039c3e0, 0x14?, 0x0, 0x47d000?, 0x1)
	runtime/select.go:351 +0x837 fp=0xc00039c3a8 sp=0xc00039c270 pc=0x45d597
net/http.(*Transport).getConn(0x12c2960, 0xc0000b0140, {{}, 0x0, {0xc0000dc230, 0x5}, {0xc000000528, 0x14}, 0x0})
	net/http/transport.go:1523 +0x4ae fp=0xc00039c580 sp=0xc00039c3a8 pc=0x7b0b4e
net/http.(*Transport).roundTrip(0x12c2960, 0xc0000de140)
	net/http/transport.go:685 +0xb57 fp=0xc00039c778 sp=0xc00039c580 pc=0x7ac877
net/http.(*Transport).RoundTrip(0xc000065008?, 0xccade0?)
	net/http/roundtrip.go:30 +0x13 fp=0xc00039c798 sp=0xc00039c778 pc=0x7bb013
net/http.send(0xc0000de140, {0xccade0, 0x12c2960}, {0xbaa001?, 0xd?, 0x0?})
	net/http/client.go:259 +0x5e2 fp=0xc00039c988 sp=0xc00039c798 pc=0x777882
net/http.(*Client).send(0xc00011c750, 0xc0000de140, {0x7?, 0xc0001e0a70?, 0x0?})
	net/http/client.go:180 +0x91 fp=0xc00039ca00 sp=0xc00039c988 pc=0x777131
net/http.(*Client).do(0xc00011c750, 0xc0000de140)
	net/http/client.go:728 +0x989 fp=0xc00039cbf0 sp=0xc00039ca00 pc=0x779669
net/http.(*Client).Do(...)
	net/http/client.go:587
cmd/go/internal/web.get.func1(0xc00039cf88)
	cmd/go/internal/web/http.go:159 +0x3cb fp=0xc00039cd68 sp=0xc00039cbf0 pc=0x7ce02b
cmd/go/internal/web.get(0x1, 0xc00039d050)
	cmd/go/internal/web/http.go:206 +0x482 fp=0xc00039d028 sp=0xc00039cd68 pc=0x7cd102
cmd/go/internal/web.Get(...)
	cmd/go/internal/web/api.go:186
cmd/go/internal/modfetch.(*proxyRepo).getBody(0xc0000b00a0, {0xba3421?, 0xd?}, {0xc0001e1218, 0xd})
	cmd/go/internal/modfetch/proxy.go:282 +0x13f fp=0xc00039d118 sp=0xc00039d028 pc=0x84257f
cmd/go/internal/modfetch.(*proxyRepo).getBytes(0xc000118800?, {0xcd0a58?, 0x1339ea0?}, {0xc0001e1218?, 0x82d4b4?})
	cmd/go/internal/modfetch/proxy.go:260 +0x5b fp=0xc00039d1e0 sp=0xc00039d118 pc=0x84213b
cmd/go/internal/modfetch.(*proxyRepo).GoMod(0xc0000b00a0, {0xcd0a58, 0x1339ea0}, {0xc000118800, 0x6})
	cmd/go/internal/modfetch/proxy.go:412 +0x10d fp=0xc00039d248 sp=0xc00039d1e0 pc=0x84386d
cmd/go/internal/modfetch.(*cachingRepo).GoMod.func1()
	cmd/go/internal/modfetch/cache.go:318 +0xa5 fp=0xc00039d300 sp=0xc00039d248 pc=0x82e1e5
cmd/internal/par.(*ErrCache[...]).Do.func1()
	cmd/internal/par/work.go:119 +0x28 fp=0xc00039d338 sp=0xc00039d300 pc=0x848a88
cmd/internal/par.(*Cache[...]).Do(0xcd54c0, {0xc000118800, 0x6}, 0xc0001e1468)
	cmd/internal/par/work.go:160 +0x156 fp=0xc00039d418 sp=0xc00039d338 pc=0x848d76
cmd/internal/par.(*ErrCache[...]).Do(0x843fac?, {0xc000118800?, 0xcd53c0?}, 0xc0000281e0?)
	cmd/internal/par/work.go:118 +0x47 fp=0xc00039d4b8 sp=0xc00039d418 pc=0x8489a7
cmd/go/internal/modfetch.(*cachingRepo).GoMod(0xcd0a58?, {0xcd0a58?, 0x1339ea0?}, {0xc000118800, 0x6})
	cmd/go/internal/modfetch/cache.go:311 +0xfa fp=0xc00039d548 sp=0xc00039d4b8 pc=0x82e05a
cmd/go/internal/modfetch.GoMod.func2({0xc0000281e0?, 0x0?})
	cmd/go/internal/modfetch/cache.go:411 +0x73 fp=0xc00039d5a8 sp=0xc00039d548 pc=0x82ecf3
cmd/go/internal/modfetch.TryProxies(0xc00039d680)
	cmd/go/internal/modfetch/proxy.go:164 +0xaf fp=0xc00039d628 sp=0xc00039d5a8 pc=0x8417cf
cmd/go/internal/modfetch.GoMod({0xcd0a58, 0x1339ea0}, {0xc00013e3a8, 0x17}, {0xc000118800, 0x6})
	cmd/go/internal/modfetch/cache.go:410 +0x258 fp=0xc00039d6f8 sp=0xc00039d628 pc=0x82ebb8
cmd/go/internal/modload.rawGoModData({{0xc00013e3a8?, 0xc00006f8b0?}, {0xc000118800?, 0xb58360?}})
	cmd/go/internal/modload/modfile.go:786 +0x15f fp=0xc00039d858 sp=0xc00039d6f8 pc=0x8a3e3f
cmd/go/internal/modload.rawGoModSummary.func1()
	cmd/go/internal/modload/modfile.go:695 +0x59 fp=0xc00039d9c0 sp=0xc00039d858 pc=0x8a33b9
cmd/internal/par.(*ErrCache[...]).Do.func1()
	cmd/internal/par/work.go:119 +0x13 fp=0xc00039d9d0 sp=0xc00039d9c0 pc=0x8b3b33
cmd/internal/par.(*Cache[...]).Do(0xcd5240, {{0xc00013e3a8, 0x17}, {0xc000118800, 0x6}}, 0xc00006fa80)
	cmd/internal/par/work.go:160 +0x13c fp=0xc00039da48 sp=0xc00039d9d0 pc=0x8b3d7c
cmd/internal/par.(*ErrCache[...]).Do(0x0?, {{0xc00013e3a8?, 0xc00012a510?}, {0xc000118800?, 0x0?}}, 0xba3f93?)
	cmd/internal/par/work.go:118 +0x45 fp=0xc00039daa8 sp=0xc00039da48 pc=0x8b3ac5
cmd/go/internal/modload.rawGoModSummary({{0xc00013e3a8?, 0xc00000000127090?}, {0xc000118800?, 0xffffae275a78?}})
	cmd/go/internal/modload/modfile.go:693 +0x385 fp=0xc00039db58 sp=0xc00039daa8 pc=0x8a3265
cmd/go/internal/modload.goModSummary({{0xc00013e3a8?, 0x3c?}, {0xc000118800?, 0xc0001a21d0?}})
	cmd/go/internal/modload/modfile.go:602 +0x3ae fp=0xc00039dca8 sp=0xc00039db58 pc=0x8a27ee
cmd/go/internal/modload.readModGraph.func2.1()
	cmd/go/internal/modload/buildlist.go:380 +0x65 fp=0xc00039dd48 sp=0xc00039dca8 pc=0x86e345
cmd/internal/par.(*ErrCache[...]).Do.func1()
	cmd/internal/par/work.go:119 +0x13 fp=0xc00039dd58 sp=0xc00039dd48 pc=0x8b3b33
cmd/internal/par.(*Cache[...]).Do(0xcd5240, {{0xc00013e3a8, 0x17}, {0xc000118800, 0x6}}, 0xc00006fe08)
	cmd/internal/par/work.go:160 +0x13c fp=0xc00039ddd0 sp=0xc00039dd58 pc=0x8b3d7c
cmd/internal/par.(*ErrCache[...]).Do(0x0?, {{0xc00013e3a8?, 0x0?}, {0xc000118800?, 0x0?}}, 0x0?)
	cmd/internal/par/work.go:118 +0x45 fp=0xc00039de30 sp=0xc00039ddd0 pc=0x8b3ac5
cmd/go/internal/modload.readModGraph.func2({{0xc00013e3a8?, 0x0?}, {0xc000118800?, 0x0?}})
	cmd/go/internal/modload/buildlist.go:379 +0x9b fp=0xc00039deb8 sp=0xc00039de30 pc=0x86e29b
cmd/go/internal/modload.readModGraph.func3.1()
	cmd/go/internal/modload/buildlist.go:408 +0x56 fp=0xc00039df60 sp=0xc00039deb8 pc=0x86e0d6
cmd/internal/par.(*Queue).Add.func1()
	cmd/internal/par/queue.go:58 +0x5c fp=0xc00039dfe0 sp=0xc00039df60 pc=0x5edd3c
runtime.goexit({})
	runtime/asm_amd64.s:1700 +0x1 fp=0xc00039dfe8 sp=0xc00039dfe0 pc=0x487861
created by cmd/internal/par.(*Queue).Add in goroutine 1
	cmd/internal/par/queue.go:56 +0x1d3

goroutine 27 gp=0xc000103340 m=nil [select]:
runtime.gopark(0xc0002be4b0?, 0x2?, 0x52?, 0x14?, 0xc0002be3e4?)
	runtime/proc.go:435 +0xce fp=0xc0002be270 sp=0xc0002be250 pc=0x47fa2e
runtime.selectgo(0xc0002be4b0, 0xc0002be3e0, 0xa?, 0x0, 0x200000000000000?, 0x1)
	runtime/select.go:351 +0x837 fp=0xc0002be3a8 sp=0xc0002be270 pc=0x45d597
net/http.(*Transport).getConn(0x12c2960, 0xc0003940a0, {{}, 0x0, {0xc00016e060, 0x5}, {0xc0003a8018, 0x14}, 0x0})
	net/http/transport.go:1523 +0x4ae fp=0xc0002be580 sp=0xc0002be3a8 pc=0x7b0b4e
net/http.(*Transport).roundTrip(0x12c2960, 0xc00015a500)
	net/http/transport.go:685 +0xb57 fp=0xc0002be778 sp=0xc0002be580 pc=0x7ac877
net/http.(*Transport).RoundTrip(0x1319900?, 0xccade0?)
	net/http/roundtrip.go:30 +0x13 fp=0xc0002be798 sp=0xc0002be778 pc=0x7bb013
net/http.send(0xc00015a500, {0xccade0, 0x12c2960}, {0x60ac01?, 0x47c46c?, 0x0?})
	net/http/client.go:259 +0x5e2 fp=0xc0002be988 sp=0xc0002be798 pc=0x777882
net/http.(*Client).send(0xc00011c750, 0xc00015a500, {0x47c318?, 0x6400000000000001?, 0x0?})
	net/http/client.go:180 +0x91 fp=0xc0002bea00 sp=0xc0002be988 pc=0x777131
net/http.(*Client).do(0xc00011c750, 0xc00015a500)
	net/http/client.go:728 +0x989 fp=0xc0002bebf0 sp=0xc0002bea00 pc=0x779669
net/http.(*Client).Do(...)
	net/http/client.go:587
cmd/go/internal/web.get.func1(0xc0002bef88)
	cmd/go/internal/web/http.go:159 +0x3cb fp=0xc0002bed68 sp=0xc0002bebf0 pc=0x7ce02b
cmd/go/internal/web.get(0x1, 0xc0002bf050)
	cmd/go/internal/web/http.go:206 +0x482 fp=0xc0002bf028 sp=0xc0002bed68 pc=0x7cd102
cmd/go/internal/web.Get(...)
	cmd/go/internal/web/api.go:186
cmd/go/internal/modfetch.(*proxyRepo).getBody(0xc00011b2c0, {0xba3421?, 0xe?}, {0xc000169218, 0xe})
	cmd/go/internal/modfetch/proxy.go:282 +0x13f fp=0xc0002bf118 sp=0xc0002bf028 pc=0x84257f
cmd/go/internal/modfetch.(*proxyRepo).getBytes(0xc000118806?, {0xcd0a58?, 0x1339ea0?}, {0xc000169218?, 0x82d4b4?})
	cmd/go/internal/modfetch/proxy.go:260 +0x5b fp=0xc0002bf1e0 sp=0xc0002bf118 pc=0x84213b
cmd/go/internal/modfetch.(*proxyRepo).GoMod(0xc00011b2c0, {0xcd0a58, 0x1339ea0}, {0xc000118806, 0x7})
	cmd/go/internal/modfetch/proxy.go:412 +0x10d fp=0xc0002bf248 sp=0xc0002bf1e0 pc=0x84386d
cmd/go/internal/modfetch.(*cachingRepo).GoMod.func1()
	cmd/go/internal/modfetch/cache.go:318 +0xa5 fp=0xc0002bf300 sp=0xc0002bf248 pc=0x82e1e5
cmd/internal/par.(*ErrCache[...]).Do.func1()
	cmd/internal/par/work.go:119 +0x28 fp=0xc0002bf338 sp=0xc0002bf300 pc=0x848a88
cmd/internal/par.(*Cache[...]).Do(0xcd54c0, {0xc000118806, 0x7}, 0xc000169468)
	cmd/internal/par/work.go:160 +0x156 fp=0xc0002bf418 sp=0xc0002bf338 pc=0x848d76
cmd/internal/par.(*ErrCache[...]).Do(0x843fac?, {0xc000118806?, 0xcd53c0?}, 0xc0000281e0?)
	cmd/internal/par/work.go:118 +0x47 fp=0xc0002bf4b8 sp=0xc0002bf418 pc=0x8489a7
cmd/go/internal/modfetch.(*cachingRepo).GoMod(0xcd0a58?, {0xcd0a58?, 0x1339ea0?}, {0xc000118806, 0x7})
	cmd/go/internal/modfetch/cache.go:311 +0xfa fp=0xc0002bf548 sp=0xc0002bf4b8 pc=0x82e05a
cmd/go/internal/modfetch.GoMod.func2({0xc0000281e0?, 0x0?})
	cmd/go/internal/modfetch/cache.go:411 +0x73 fp=0xc0002bf5a8 sp=0xc0002bf548 pc=0x82ecf3
cmd/go/internal/modfetch.TryProxies(0xc0002bf680)
	cmd/go/internal/modfetch/proxy.go:164 +0xaf fp=0xc0002bf628 sp=0xc0002bf5a8 pc=0x8417cf
cmd/go/internal/modfetch.GoMod({0xcd0a58, 0x1339ea0}, {0xc00012a630, 0x21}, {0xc000118806, 0x7})
	cmd/go/internal/modfetch/cache.go:410 +0x258 fp=0xc0002bf6f8 sp=0xc0002bf628 pc=0x82ebb8
cmd/go/internal/modload.rawGoModData({{0xc00012a630?, 0x47d499?}, {0xc000118806?, 0xb58360?}})
	cmd/go/internal/modload/modfile.go:786 +0x15f fp=0xc0002bf858 sp=0xc0002bf6f8 pc=0x8a3e3f
cmd/go/internal/modload.rawGoModSummary.func1()
	cmd/go/internal/modload/modfile.go:695 +0x59 fp=0xc0002bf9c0 sp=0xc0002bf858 pc=0x8a33b9
cmd/internal/par.(*ErrCache[...]).Do.func1()
	cmd/internal/par/work.go:119 +0x13 fp=0xc0002bf9d0 sp=0xc0002bf9c0 pc=0x8b3b33
cmd/internal/par.(*Cache[...]).Do(0xcd5240, {{0xc00012a630, 0x21}, {0xc000118806, 0x7}}, 0xc00006ea80)
	cmd/internal/par/work.go:160 +0x13c fp=0xc0002bfa48 sp=0xc0002bf9d0 pc=0x8b3d7c
cmd/internal/par.(*ErrCache[...]).Do(0x0?, {{0xc00012a630?, 0xc00012a510?}, {0xc000118806?, 0x0?}}, 0xba3f93?)
	cmd/internal/par/work.go:118 +0x45 fp=0xc0002bfaa8 sp=0xc0002bfa48 pc=0x8b3ac5
cmd/go/internal/modload.rawGoModSummary({{0xc00012a630?, 0x20?}, {0xc000118806?, 0x1f?}})
	cmd/go/internal/modload/modfile.go:693 +0x385 fp=0xc0002bfb58 sp=0xc0002bfaa8 pc=0x8a3265
cmd/go/internal/modload.goModSummary({{0xc00012a630?, 0x3c?}, {0xc000118806?, 0xffffa4a702c8?}})
	cmd/go/internal/modload/modfile.go:602 +0x3ae fp=0xc0002bfca8 sp=0xc0002bfb58 pc=0x8a27ee
cmd/go/internal/modload.readModGraph.func2.1()
	cmd/go/internal/modload/buildlist.go:380 +0x65 fp=0xc0002bfd48 sp=0xc0002bfca8 pc=0x86e345
cmd/internal/par.(*ErrCache[...]).Do.func1()
	cmd/internal/par/work.go:119 +0x13 fp=0xc0002bfd58 sp=0xc0002bfd48 pc=0x8b3b33
cmd/internal/par.(*Cache[...]).Do(0xcd5240, {{0xc00012a630, 0x21}, {0xc000118806, 0x7}}, 0xc00006ee08)
	cmd/internal/par/work.go:160 +0x13c fp=0xc0002bfdd0 sp=0xc0002bfd58 pc=0x8b3d7c
cmd/internal/par.(*ErrCache[...]).Do(0x0?, {{0xc00012a630?, 0x0?}, {0xc000118806?, 0x0?}}, 0x0?)
	cmd/internal/par/work.go:118 +0x45 fp=0xc0002bfe30 sp=0xc0002bfdd0 pc=0x8b3ac5
cmd/go/internal/modload.readModGraph.func2({{0xc00012a630?, 0x0?}, {0xc000118806?, 0x0?}})
	cmd/go/internal/modload/buildlist.go:379 +0x9b fp=0xc0002bfeb8 sp=0xc0002bfe30 pc=0x86e29b
cmd/go/internal/modload.readModGraph.func3.1()
	cmd/go/internal/modload/buildlist.go:408 +0x56 fp=0xc0002bff60 sp=0xc0002bfeb8 pc=0x86e0d6
cmd/internal/par.(*Queue).Add.func1()
	cmd/internal/par/queue.go:58 +0x5c fp=0xc0002bffe0 sp=0xc0002bff60 pc=0x5edd3c
runtime.goexit({})
	runtime/asm_amd64.s:1700 +0x1 fp=0xc0002bffe8 sp=0xc0002bffe0 pc=0x487861
created by cmd/internal/par.(*Queue).Add in goroutine 1
	cmd/internal/par/queue.go:56 +0x1d3

goroutine 50 gp=0xc0003b2000 m=nil [select]:
runtime.gopark(0xc0001695b8?, 0x2?, 0xd8?, 0x20?, 0xc000169470?)
	runtime/proc.go:435 +0xce fp=0xc0001692f8 sp=0xc0001692d8 pc=0x47fa2e
runtime.selectgo(0xc0001695b8, 0xc00016946c, 0x14?, 0x0, 0x0?, 0x1)
	runtime/select.go:351 +0x837 fp=0xc000169430 sp=0xc0001692f8 pc=0x45d597
net.(*Resolver).lookupIPAddr(0x1316040, {0xcd0a20, 0xc0003ac1c0}, {0xba2f91, 0x3}, {0xc0003a8018, 0x10})
	net/lookup.go:342 +0x3d9 fp=0xc000169610 sp=0xc000169430 pc=0x6be139
net.(*Resolver).internetAddrList(0x1316040?, {0xcd0a20?, 0xc0003ac1c0?}, {0xba2f91, 0x3}, {0xc0003a8018?, 0x423165?})
	net/ipsock.go:289 +0x4c5 fp=0xc000169708 sp=0xc000169610 pc=0x6bc425
net.(*Resolver).resolveAddrList(0x1316040, {0xcd0a20, 0xc0003ac1c0}, {0xba35b1, 0x4}, {0xba2f91?, 0x426405?}, {0xc0003a8018, 0x14}, {0x0, ...})
	net/dial.go:353 +0x3e5 fp=0xc000169808 sp=0xc000169708 pc=0x6aa265
net.(*Dialer).DialContext(0xc000134090, {0xcd09b0, 0xc0003940f0}, {0xba2f91, 0x3}, {0xc0003a8018, 0x14})
	net/dial.go:560 +0x408 fp=0xc000169978 sp=0xc000169808 pc=0x6ab008
net.(*Dialer).DialContext-fm({0xcd09b0?, 0xc0003940f0?}, {0xba2f91?, 0x1339ea0?}, {0xc0003a8018?, 0xc0003baa18?})
	<autogenerated>:1 +0x49 fp=0xc0001699c0 sp=0xc000169978 pc=0x7c6629
net/http.(*Transport).dial(0x0?, {0xcd09b0?, 0xc0003940f0?}, {0xba2f91?, 0x0?}, {0xc0003a8018?, 0x0?})
	net/http/transport.go:1278 +0xd2 fp=0xc000169a28 sp=0xc0001699c0 pc=0x7afb92
net/http.(*Transport).dialConn(0x12c2960, {0xcd09b0, 0xc0003940f0}, {{}, 0x0, {0xc00016e060, 0x5}, {0xc0003a8018, 0x14}, 0x0})
	net/http/transport.go:1783 +0x7e5 fp=0xc000169ee0 sp=0xc000169a28 pc=0x7b2b65
net/http.(*Transport).dialConnFor(0x12c2960, 0xc0003ae000)
	net/http/transport.go:1618 +0xb8 fp=0xc000169f90 sp=0xc000169ee0 pc=0x7b1678
net/http.(*Transport).startDialConnForLocked.func1()
	net/http/transport.go:1600 +0x35 fp=0xc000169fe0 sp=0xc000169f90 pc=0x7b14b5
runtime.goexit({})
	runtime/asm_amd64.s:1700 +0x1 fp=0xc000169fe8 sp=0xc000169fe0 pc=0x487861
created by net/http.(*Transport).startDialConnForLocked in goroutine 27
	net/http/transport.go:1599 +0x112

goroutine 66 gp=0xc000412000 m=nil [select]:
runtime.gopark(0xc0004295b8?, 0x2?, 0x34?, 0x27?, 0xc000429470?)
	runtime/proc.go:435 +0xce fp=0xc0004292f8 sp=0xc0004292d8 pc=0x47fa2e
runtime.selectgo(0xc0004295b8, 0xc00042946c, 0x14?, 0x0, 0x0?, 0x1)
	runtime/select.go:351 +0x837 fp=0xc000429430 sp=0xc0004292f8 pc=0x45d597
net.(*Resolver).lookupIPAddr(0x1316040, {0xcd0a20, 0xc00040a1c0}, {0xba2f91, 0x3}, {0xc000402018, 0x10})
	net/lookup.go:342 +0x3d9 fp=0xc000429610 sp=0xc000429430 pc=0x6be139
net.(*Resolver).internetAddrList(0x1316040?, {0xcd0a20?, 0xc00040a1c0?}, {0xba2f91, 0x3}, {0xc000402018?, 0x423165?})
	net/ipsock.go:289 +0x4c5 fp=0xc000429708 sp=0xc000429610 pc=0x6bc425
net.(*Resolver).resolveAddrList(0x1316040, {0xcd0a20, 0xc00040a1c0}, {0xba35b1, 0x4}, {0xba2f91?, 0x426405?}, {0xc000402018, 0x14}, {0x0, ...})
	net/dial.go:353 +0x3e5 fp=0xc000429808 sp=0xc000429708 pc=0x6aa265
net.(*Dialer).DialContext(0xc000134090, {0xcd09b0, 0xc0004060a0}, {0xba2f91, 0x3}, {0xc000402018, 0x14})
	net/dial.go:560 +0x408 fp=0xc000429978 sp=0xc000429808 pc=0x6ab008
net.(*Dialer).DialContext-fm({0xcd09b0?, 0xc0004060a0?}, {0xba2f91?, 0x1339ea0?}, {0xc000402018?, 0xc0003b6a18?})
	<autogenerated>:1 +0x49 fp=0xc0004299c0 sp=0xc000429978 pc=0x7c6629
net/http.(*Transport).dial(0x0?, {0xcd09b0?, 0xc0004060a0?}, {0xba2f91?, 0x0?}, {0xc000402018?, 0x0?})
	net/http/transport.go:1278 +0xd2 fp=0xc000429a28 sp=0xc0004299c0 pc=0x7afb92
net/http.(*Transport).dialConn(0x12c2960, {0xcd09b0, 0xc0004060a0}, {{}, 0x0, {0xc0002a6140, 0x5}, {0xc000402018, 0x14}, 0x0})
	net/http/transport.go:1783 +0x7e5 fp=0xc000429ee0 sp=0xc000429a28 pc=0x7b2b65
net/http.(*Transport).dialConnFor(0x12c2960, 0xc00040e000)
	net/http/transport.go:1618 +0xb8 fp=0xc000429f90 sp=0xc000429ee0 pc=0x7b1678
net/http.(*Transport).startDialConnForLocked.func1()
	net/http/transport.go:1600 +0x35 fp=0xc000429fe0 sp=0xc000429f90 pc=0x7b14b5
runtime.goexit({})
	runtime/asm_amd64.s:1700 +0x1 fp=0xc000429fe8 sp=0xc000429fe0 pc=0x487861
created by net/http.(*Transport).startDialConnForLocked in goroutine 24
	net/http/transport.go:1599 +0x112

goroutine 28 gp=0xc000103500 m=nil [select]:
runtime.gopark(0xc0001e55b8?, 0x2?, 0xd8?, 0x20?, 0xc0001e5470?)
	runtime/proc.go:435 +0xce fp=0xc0001e52f8 sp=0xc0001e52d8 pc=0x47fa2e
runtime.selectgo(0xc0001e55b8, 0xc0001e546c, 0x14?, 0x0, 0x47d0c5?, 0x1)
	runtime/select.go:351 +0x837 fp=0xc0001e5430 sp=0xc0001e52f8 pc=0x45d597
net.(*Resolver).lookupIPAddr(0x1316040, {0xcd0a20, 0xc00023a0e0}, {0xba2f91, 0x3}, {0xc00013e558, 0x10})
	net/lookup.go:342 +0x3d9 fp=0xc0001e5610 sp=0xc0001e5430 pc=0x6be139
net.(*Resolver).internetAddrList(0x1316040?, {0xcd0a20?, 0xc00023a0e0?}, {0xba2f91, 0x3}, {0xc00013e558?, 0x423165?})
	net/ipsock.go:289 +0x4c5 fp=0xc0001e5708 sp=0xc0001e5610 pc=0x6bc425
net.(*Resolver).resolveAddrList(0x1316040, {0xcd0a20, 0xc00023a0e0}, {0xba35b1, 0x4}, {0xba2f91?, 0x0?}, {0xc00013e558, 0x14}, {0x0, ...})
	net/dial.go:353 +0x3e5 fp=0xc0001e5808 sp=0xc0001e5708 pc=0x6aa265
net.(*Dialer).DialContext(0xc000134090, {0xcd09b0, 0xc00011b3b0}, {0xba2f91, 0x3}, {0xc00013e558, 0x14})
	net/dial.go:560 +0x408 fp=0xc0001e5978 sp=0xc0001e5808 pc=0x6ab008
net.(*Dialer).DialContext-fm({0xcd09b0?, 0xc00011b3b0?}, {0xba2f91?, 0x1339ea0?}, {0xc00013e558?, 0xc00006ea18?})
	<autogenerated>:1 +0x49 fp=0xc0001e59c0 sp=0xc0001e5978 pc=0x7c6629
net/http.(*Transport).dial(0xc000118806?, {0xcd09b0?, 0xc00011b3b0?}, {0xba2f91?, 0x1316520?}, {0xc00013e558?, 0xc00012a630?})
	net/http/transport.go:1278 +0xd2 fp=0xc0001e5a28 sp=0xc0001e59c0 pc=0x7afb92
net/http.(*Transport).dialConn(0x12c2960, {0xcd09b0, 0xc00011b3b0}, {{}, 0x0, {0xc0000dc140, 0x5}, {0xc00013e558, 0x14}, 0x0})
	net/http/transport.go:1783 +0x7e5 fp=0xc0001e5ee0 sp=0xc0001e5a28 pc=0x7b2b65
net/http.(*Transport).dialConnFor(0x12c2960, 0xc00021c0b0)
	net/http/transport.go:1618 +0xb8 fp=0xc0001e5f90 sp=0xc0001e5ee0 pc=0x7b1678
net/http.(*Transport).startDialConnForLocked.func1()
	net/http/transport.go:1600 +0x35 fp=0xc0001e5fe0 sp=0xc0001e5f90 pc=0x7b14b5
runtime.goexit({})
	runtime/asm_amd64.s:1700 +0x1 fp=0xc0001e5fe8 sp=0xc0001e5fe0 pc=0x487861
created by net/http.(*Transport).startDialConnForLocked in goroutine 25
	net/http/transport.go:1599 +0x112

goroutine 82 gp=0xc000302700 m=nil [select]:
runtime.gopark(0xc0001df5b8?, 0x2?, 0x7?, 0x0?, 0xc0001df470?)
	runtime/proc.go:435 +0xce fp=0xc0001df2f8 sp=0xc0001df2d8 pc=0x47fa2e
runtime.selectgo(0xc0001df5b8, 0xc0001df46c, 0x14?, 0x0, 0x0?, 0x1)
	runtime/select.go:351 +0x837 fp=0xc0001df430 sp=0xc0001df2f8 pc=0x45d597
net.(*Resolver).lookupIPAddr(0x1316040, {0xcd0a20, 0xc00034c1c0}, {0xba2f91, 0x3}, {0xc000348018, 0x10})
	net/lookup.go:342 +0x3d9 fp=0xc0001df610 sp=0xc0001df430 pc=0x6be139
net.(*Resolver).internetAddrList(0x1316040?, {0xcd0a20?, 0xc00034c1c0?}, {0xba2f91, 0x3}, {0xc000348018?, 0x423165?})
	net/ipsock.go:289 +0x4c5 fp=0xc0001df708 sp=0xc0001df610 pc=0x6bc425
net.(*Resolver).resolveAddrList(0x1316040, {0xcd0a20, 0xc00034c1c0}, {0xba35b1, 0x4}, {0xba2f91?, 0x426405?}, {0xc000348018, 0x14}, {0x0, ...})
	net/dial.go:353 +0x3e5 fp=0xc0001df808 sp=0xc0001df708 pc=0x6aa265
net.(*Dialer).DialContext(0xc000134090, {0xcd09b0, 0xc000332140}, {0xba2f91, 0x3}, {0xc000348018, 0x14})
	net/dial.go:560 +0x408 fp=0xc0001df978 sp=0xc0001df808 pc=0x6ab008
net.(*Dialer).DialContext-fm({0xcd09b0?, 0xc000332140?}, {0xba2f91?, 0x1339ea0?}, {0xc000348018?, 0xc000290a18?})
	<autogenerated>:1 +0x49 fp=0xc0001df9c0 sp=0xc0001df978 pc=0x7c6629
net/http.(*Transport).dial(0xc0001187a0?, {0xcd09b0?, 0xc000332140?}, {0xba2f91?, 0x1316520?}, {0xc000348018?, 0xc00012a600?})
	net/http/transport.go:1278 +0xd2 fp=0xc0001dfa28 sp=0xc0001df9c0 pc=0x7afb92
net/http.(*Transport).dialConn(0x12c2960, {0xcd09b0, 0xc000332140}, {{}, 0x0, {0xc000326140, 0x5}, {0xc000348018, 0x14}, 0x0})
	net/http/transport.go:1783 +0x7e5 fp=0xc0001dfee0 sp=0xc0001dfa28 pc=0x7b2b65
net/http.(*Transport).dialConnFor(0x12c2960, 0xc00034e000)
	net/http/transport.go:1618 +0xb8 fp=0xc0001dff90 sp=0xc0001dfee0 pc=0x7b1678
net/http.(*Transport).startDialConnForLocked.func1()
	net/http/transport.go:1600 +0x35 fp=0xc0001dffe0 sp=0xc0001dff90 pc=0x7b14b5
runtime.goexit({})
	runtime/asm_amd64.s:1700 +0x1 fp=0xc0001dffe8 sp=0xc0001dffe0 pc=0x487861
created by net/http.(*Transport).startDialConnForLocked in goroutine 23
	net/http/transport.go:1599 +0x112

goroutine 67 gp=0xc0004121c0 m=nil [chan receive]:
runtime.gopark(0xc0004121c0?, 0x0?, 0x0?, 0x16?, 0x0?)
	runtime/proc.go:435 +0xce fp=0xc00042b2f8 sp=0xc00042b2d8 pc=0x47fa2e
runtime.chanrecv(0xc00040a310, 0xc00042b3a8, 0x1)
	runtime/chan.go:664 +0x445 fp=0xc00042b370 sp=0xc00042b2f8 pc=0x41b1a5
runtime.chanrecv1(0x93435322e373231?, 0x6e6f632e74736f68?)
	runtime/chan.go:506 +0x12 fp=0xc00042b398 sp=0xc00042b370 pc=0x41ad32
net.(*Resolver).goLookupIPCNAMEOrder.func4({0x0?, 0x0?}, 0x21c0?)
	net/dnsclient_unix.go:673 +0x65 fp=0xc00042b428 sp=0xc00042b398 pc=0x6b2005
net.(*Resolver).goLookupIPCNAMEOrder(_, {_, _}, {_, _}, {_, _}, _, _)
	net/dnsclient_unix.go:683 +0xbe6 fp=0xc00042bc00 sp=0xc00042b428 pc=0x6b1326
net.(*Resolver).lookupIP(0x1316040, {0xcd09b0, 0xc0004060f0}, {0xba2f91, 0x3}, {0xc000402018, 0x10})
	net/lookup_unix.go:68 +0x131 fp=0xc00042be58 sp=0xc00042bc00 pc=0x6bf3f1
net.(*Resolver).lookupIP-fm({0xcd09b0?, 0xc0004060f0?}, {0xba2f91?, 0xc00040e078?}, {0xc000402018?, 0xc0004186b0?})
	<autogenerated>:1 +0x49 fp=0xc00042bea0 sp=0xc00042be58 pc=0x6d4b89
net.init.func1({0xcd09b0?, 0xc0004060f0?}, 0xc0004060a0?, {0xba2f91?, 0xc0002a6140?}, {0xc000402018?, 0xc000402018?})
	net/hook.go:21 +0x37 fp=0xc00042bee0 sp=0xc00042bea0 pc=0x6a5897
net.(*Resolver).lookupIPAddr.func1()
	net/lookup.go:334 +0x37 fp=0xc00042bf38 sp=0xc00042bee0 pc=0x6be9f7
internal/singleflight.(*Group).doCall(0x1316050, 0xc000406140, {0xc000402030, 0x14}, 0x0?)
	internal/singleflight/singleflight.go:93 +0x34 fp=0xc00042bfa8 sp=0xc00042bf38 pc=0x6a49b4
internal/singleflight.(*Group).DoChan.gowrap1()
	internal/singleflight/singleflight.go:86 +0x30 fp=0xc00042bfe0 sp=0xc00042bfa8 pc=0x6a4950
runtime.goexit({})
	runtime/asm_amd64.s:1700 +0x1 fp=0xc00042bfe8 sp=0xc00042bfe0 pc=0x487861
created by internal/singleflight.(*Group).DoChan in goroutine 66
	internal/singleflight/singleflight.go:86 +0x2d3

goroutine 98 gp=0xc000484000 m=nil [select]:
runtime.gopark(0xc0004255b8?, 0x2?, 0x7?, 0x0?, 0xc000425470?)
	runtime/proc.go:435 +0xce fp=0xc0004252f8 sp=0xc0004252d8 pc=0x47fa2e
runtime.selectgo(0xc0004255b8, 0xc00042546c, 0x14?, 0x0, 0x0?, 0x1)
	runtime/select.go:351 +0x837 fp=0xc000425430 sp=0xc0004252f8 pc=0x45d597
net.(*Resolver).lookupIPAddr(0x1316040, {0xcd0a20, 0xc000490150}, {0xba2f91, 0x3}, {0xc0002aa078, 0x10})
	net/lookup.go:342 +0x3d9 fp=0xc000425610 sp=0xc000425430 pc=0x6be139
net.(*Resolver).internetAddrList(0x1316040?, {0xcd0a20?, 0xc000490150?}, {0xba2f91, 0x3}, {0xc0002aa078?, 0x423165?})
	net/ipsock.go:289 +0x4c5 fp=0xc000425708 sp=0xc000425610 pc=0x6bc425
net.(*Resolver).resolveAddrList(0x1316040, {0xcd0a20, 0xc000490150}, {0xba35b1, 0x4}, {0xba2f91?, 0x426405?}, {0xc0002aa078, 0x14}, {0x0, ...})
	net/dial.go:353 +0x3e5 fp=0xc000425808 sp=0xc000425708 pc=0x6aa265
net.(*Dialer).DialContext(0xc000134090, {0xcd09b0, 0xc0002ac140}, {0xba2f91, 0x3}, {0xc0002aa078, 0x14})
	net/dial.go:560 +0x408 fp=0xc000425978 sp=0xc000425808 pc=0x6ab008
net.(*Dialer).DialContext-fm({0xcd09b0?, 0xc0002ac140?}, {0xba2f91?, 0x1339ea0?}, {0xc0002aa078?, 0xc00048ca18?})
	<autogenerated>:1 +0x49 fp=0xc0004259c0 sp=0xc000425978 pc=0x7c6629
net/http.(*Transport).dial(0x0?, {0xcd09b0?, 0xc0002ac140?}, {0xba2f91?, 0x0?}, {0xc0002aa078?, 0x0?})
	net/http/transport.go:1278 +0xd2 fp=0xc000425a28 sp=0xc0004259c0 pc=0x7afb92
net/http.(*Transport).dialConn(0x12c2960, {0xcd09b0, 0xc0002ac140}, {{}, 0x0, {0xc000336000, 0x5}, {0xc0002aa078, 0x14}, 0x0})
	net/http/transport.go:1783 +0x7e5 fp=0xc000425ee0 sp=0xc000425a28 pc=0x7b2b65
net/http.(*Transport).dialConnFor(0x12c2960, 0xc0002ca000)
	net/http/transport.go:1618 +0xb8 fp=0xc000425f90 sp=0xc000425ee0 pc=0x7b1678
net/http.(*Transport).startDialConnForLocked.func1()
	net/http/transport.go:1600 +0x35 fp=0xc000425fe0 sp=0xc000425f90 pc=0x7b14b5
runtime.goexit({})
	runtime/asm_amd64.s:1700 +0x1 fp=0xc000425fe8 sp=0xc000425fe0 pc=0x487861
created by net/http.(*Transport).startDialConnForLocked in goroutine 22
	net/http/transport.go:1599 +0x112

goroutine 35 gp=0xc0001848c0 m=nil [select]:
runtime.gopark(0xc0003195b8?, 0x2?, 0x7?, 0x0?, 0xc000319470?)
	runtime/proc.go:435 +0xce fp=0xc0003192f8 sp=0xc0003192d8 pc=0x47fa2e
runtime.selectgo(0xc0003195b8, 0xc00031946c, 0x14?, 0x0, 0x0?, 0x1)
	runtime/select.go:351 +0x837 fp=0xc000319430 sp=0xc0003192f8 pc=0x45d597
net.(*Resolver).lookupIPAddr(0x1316040, {0xcd0a20, 0xc0001f4230}, {0xba2f91, 0x3}, {0xc0001d6150, 0x10})
	net/lookup.go:342 +0x3d9 fp=0xc000319610 sp=0xc000319430 pc=0x6be139
net.(*Resolver).internetAddrList(0x1316040?, {0xcd0a20?, 0xc0001f4230?}, {0xba2f91, 0x3}, {0xc0001d6150?, 0x423165?})
	net/ipsock.go:289 +0x4c5 fp=0xc000319708 sp=0xc000319610 pc=0x6bc425
net.(*Resolver).resolveAddrList(0x1316040, {0xcd0a20, 0xc0001f4230}, {0xba35b1, 0x4}, {0xba2f91?, 0x426405?}, {0xc0001d6150, 0x14}, {0x0, ...})
	net/dial.go:353 +0x3e5 fp=0xc000319808 sp=0xc000319708 pc=0x6aa265
net.(*Dialer).DialContext(0xc000134090, {0xcd09b0, 0xc0001f01e0}, {0xba2f91, 0x3}, {0xc0001d6150, 0x14})
	net/dial.go:560 +0x408 fp=0xc000319978 sp=0xc000319808 pc=0x6ab008
net.(*Dialer).DialContext-fm({0xcd09b0?, 0xc0001f01e0?}, {0xba2f91?, 0x1339ea0?}, {0xc0001d6150?, 0xc00006fa18?})
	<autogenerated>:1 +0x49 fp=0xc0003199c0 sp=0xc000319978 pc=0x7c6629
net/http.(*Transport).dial(0xc000118800?, {0xcd09b0?, 0xc0001f01e0?}, {0xba2f91?, 0x1316520?}, {0xc0001d6150?, 0xc00013e3a8?})
	net/http/transport.go:1278 +0xd2 fp=0xc000319a28 sp=0xc0003199c0 pc=0x7afb92
net/http.(*Transport).dialConn(0x12c2960, {0xcd09b0, 0xc0001f01e0}, {{}, 0x0, {0xc0001802a0, 0x5}, {0xc0001d6150, 0x14}, 0x0})
	net/http/transport.go:1783 +0x7e5 fp=0xc000319ee0 sp=0xc000319a28 pc=0x7b2b65
net/http.(*Transport).dialConnFor(0x12c2960, 0xc0001be2c0)
	net/http/transport.go:1618 +0xb8 fp=0xc000319f90 sp=0xc000319ee0 pc=0x7b1678
net/http.(*Transport).startDialConnForLocked.func1()
	net/http/transport.go:1600 +0x35 fp=0xc000319fe0 sp=0xc000319f90 pc=0x7b14b5
runtime.goexit({})
	runtime/asm_amd64.s:1700 +0x1 fp=0xc000319fe8 sp=0xc000319fe0 pc=0x487861
created by net/http.(*Transport).startDialConnForLocked in goroutine 21
	net/http/transport.go:1599 +0x112

goroutine 99 gp=0xc0004841c0 m=nil [select]:
runtime.gopark(0xc0004275b8?, 0x2?, 0x7?, 0x0?, 0xc000427470?)
	runtime/proc.go:435 +0xce fp=0xc0004272f8 sp=0xc0004272d8 pc=0x47fa2e
runtime.selectgo(0xc0004275b8, 0xc00042746c, 0x14?, 0x0, 0x0?, 0x1)
	runtime/select.go:351 +0x837 fp=0xc000427430 sp=0xc0004272f8 pc=0x45d597
net.(*Resolver).lookupIPAddr(0x1316040, {0xcd0a20, 0xc0004903f0}, {0xba2f91, 0x3}, {0xc000000528, 0x10})
	net/lookup.go:342 +0x3d9 fp=0xc000427610 sp=0xc000427430 pc=0x6be139
net.(*Resolver).internetAddrList(0x1316040?, {0xcd0a20?, 0xc0004903f0?}, {0xba2f91, 0x3}, {0xc000000528?, 0x423165?})
	net/ipsock.go:289 +0x4c5 fp=0xc000427708 sp=0xc000427610 pc=0x6bc425
net.(*Resolver).resolveAddrList(0x1316040, {0xcd0a20, 0xc0004903f0}, {0xba35b1, 0x4}, {0xba2f91?, 0x426405?}, {0xc000000528, 0x14}, {0x0, ...})
	net/dial.go:353 +0x3e5 fp=0xc000427808 sp=0xc000427708 pc=0x6aa265
net.(*Dialer).DialContext(0xc000134090, {0xcd09b0, 0xc0000b0190}, {0xba2f91, 0x3}, {0xc000000528, 0x14})
	net/dial.go:560 +0x408 fp=0xc000427978 sp=0xc000427808 pc=0x6ab008
net.(*Dialer).DialContext-fm({0xcd09b0?, 0xc0000b0190?}, {0xba2f91?, 0x1339ea0?}, {0xc000000528?, 0xc00048ca18?})
	<autogenerated>:1 +0x49 fp=0xc0004279c0 sp=0xc000427978 pc=0x7c6629
net/http.(*Transport).dial(0x0?, {0xcd09b0?, 0xc0000b0190?}, {0xba2f91?, 0x0?}, {0xc000000528?, 0x0?})
	net/http/transport.go:1278 +0xd2 fp=0xc000427a28 sp=0xc0004279c0 pc=0x7afb92
net/http.(*Transport).dialConn(0x12c2960, {0xcd09b0, 0xc0000b0190}, {{}, 0x0, {0xc0000dc230, 0x5}, {0xc000000528, 0x14}, 0x0})
	net/http/transport.go:1783 +0x7e5 fp=0xc000427ee0 sp=0xc000427a28 pc=0x7b2b65
net/http.(*Transport).dialConnFor(0x12c2960, 0xc0000e2000)
	net/http/transport.go:1618 +0xb8 fp=0xc000427f90 sp=0xc000427ee0 pc=0x7b1678
net/http.(*Transport).startDialConnForLocked.func1()
	net/http/transport.go:1600 +0x35 fp=0xc000427fe0 sp=0xc000427f90 pc=0x7b14b5
runtime.goexit({})
	runtime/asm_amd64.s:1700 +0x1 fp=0xc000427fe8 sp=0xc000427fe0 pc=0x487861
created by net/http.(*Transport).startDialConnForLocked in goroutine 26
	net/http/transport.go:1599 +0x112

goroutine 36 gp=0xc000184a80 m=nil [select]:
runtime.gopark(0xc0001fd5b8?, 0x2?, 0x7?, 0x0?, 0xc0001fd470?)
	runtime/proc.go:435 +0xce fp=0xc0001fd2f8 sp=0xc0001fd2d8 pc=0x47fa2e
runtime.selectgo(0xc0001fd5b8, 0xc0001fd46c, 0x14?, 0x0, 0x0?, 0x1)
	runtime/select.go:351 +0x837 fp=0xc0001fd430 sp=0xc0001fd2f8 pc=0x45d597
net.(*Resolver).lookupIPAddr(0x1316040, {0xcd0a20, 0xc0001f44d0}, {0xba2f91, 0x3}, {0xc0001d6120, 0x10})
	net/lookup.go:342 +0x3d9 fp=0xc0001fd610 sp=0xc0001fd430 pc=0x6be139
net.(*Resolver).internetAddrList(0x1316040?, {0xcd0a20?, 0xc0001f44d0?}, {0xba2f91, 0x3}, {0xc0001d6120?, 0x423165?})
	net/ipsock.go:289 +0x4c5 fp=0xc0001fd708 sp=0xc0001fd610 pc=0x6bc425
net.(*Resolver).resolveAddrList(0x1316040, {0xcd0a20, 0xc0001f44d0}, {0xba35b1, 0x4}, {0xba2f91?, 0x426405?}, {0xc0001d6120, 0x14}, {0x0, ...})
	net/dial.go:353 +0x3e5 fp=0xc0001fd808 sp=0xc0001fd708 pc=0x6aa265
net.(*Dialer).DialContext(0xc000134090, {0xcd09b0, 0xc0001f00f0}, {0xba2f91, 0x3}, {0xc0001d6120, 0x14})
	net/dial.go:560 +0x408 fp=0xc0001fd978 sp=0xc0001fd808 pc=0x6ab008
net.(*Dialer).DialContext-fm({0xcd09b0?, 0xc0001f00f0?}, {0xba2f91?, 0x1339ea0?}, {0xc0001d6120?, 0xc00006fa18?})
	<autogenerated>:1 +0x49 fp=0xc0001fd9c0 sp=0xc0001fd978 pc=0x7c6629
net/http.(*Transport).dial(0xc000118800?, {0xcd09b0?, 0xc0001f00f0?}, {0xba2f91?, 0x1316520?}, {0xc0001d6120?, 0xc00013e3a8?})
	net/http/transport.go:1278 +0xd2 fp=0xc0001fda28 sp=0xc0001fd9c0 pc=0x7afb92
net/http.(*Transport).dialConn(0x12c2960, {0xcd09b0, 0xc0001f00f0}, {{}, 0x0, {0xc0003841c0, 0x5}, {0xc0001d6120, 0x14}, 0x0})
	net/http/transport.go:1783 +0x7e5 fp=0xc0001fdee0 sp=0xc0001fda28 pc=0x7b2b65
net/http.(*Transport).dialConnFor(0x12c2960, 0xc0001be210)
	net/http/transport.go:1618 +0xb8 fp=0xc0001fdf90 sp=0xc0001fdee0 pc=0x7b1678
net/http.(*Transport).startDialConnForLocked.func1()
	net/http/transport.go:1600 +0x35 fp=0xc0001fdfe0 sp=0xc0001fdf90 pc=0x7b14b5
runtime.goexit({})
	runtime/asm_amd64.s:1700 +0x1 fp=0xc0001fdfe8 sp=0xc0001fdfe0 pc=0x487861
created by net/http.(*Transport).startDialConnForLocked in goroutine 20
	net/http/transport.go:1599 +0x112

goroutine 68 gp=0xc000412380 m=nil [runnable]:
runtime.asyncPreempt2()
	runtime/preempt.go:308 +0x39 fp=0xc00016a8f8 sp=0xc00016a8d8 pc=0x4497f9
runtime.asyncPreempt()
	runtime/preempt_amd64.s:46 +0xdb fp=0xc00016aa80 sp=0xc00016a8f8 pc=0x488e1b
syscall.anyToSockaddr(0xc00016aacc)
	syscall/syscall_linux.go:667 +0x54 fp=0xc00016aab0 sp=0xc00016aa80 pc=0x4a05f4
syscall.Getsockname(0xc000136980?)
	syscall/syscall_linux.go:713 +0x72 fp=0xc00016ab50 sp=0xc00016aab0 pc=0x4a0992
net.(*netFD).dial(0xc000136980, {0xcd0a20, 0xc00023a230}, {0xcd3268?, 0x0?}, {0xcd3268, 0xc00022e840}, 0x0?)
	net/sock_posix.go:139 +0x430 fp=0xc00016ac28 sp=0xc00016ab50 pc=0x6c4cf0
net.socket({0xcd0a20, 0xc00023a230}, {0xba2f94, 0x3}, 0x2, 0x2, 0x1339ea0?, 0x0, {0xcd3268, 0x0}, ...)
	net/sock_posix.go:70 +0x29b fp=0xc00016acd0 sp=0xc00016ac28 pc=0x6c47bb
net.internetSocket({0xcd0a20, 0xc00023a230}, {0xba2f94, 0x3}, {0xcd3268, 0x0}, {0xcd3268, 0xc00022e840}, 0x2, 0x0, ...)
	net/ipsock_posix.go:167 +0xf8 fp=0xc00016ad48 sp=0xc00016acd0 pc=0x6bce98
net.(*sysDialer).dialUDP(0x47c739?, {0xcd0a20?, 0xc00023a230?}, 0xabc700?, 0xc00016ae70?)
	net/udpsock_posix.go:212 +0xa7 fp=0xc00016add8 sp=0xc00016ad48 pc=0x6cbba7
net.(*sysDialer).dialSingle(0xc000212180, {0xcd0a20, 0xc00023a230}, {0xcce870, 0xc00022e840})
	net/dial.go:725 +0x28b fp=0xc00016aea8 sp=0xc00016add8 pc=0x6aca6b
net.(*sysDialer).dialSerial(0xc000212180, {0xcd0a20, 0xc00023a230}, {0xc0001134a0?, 0x1, 0xc00022e810?})
	net/dial.go:686 +0x24e fp=0xc00016afb0 sp=0xc00016aea8 pc=0x6ac38e
net.(*sysDialer).dialParallel(0x0?, {0xcd0a20?, 0xc00023a230?}, {0xc0001134a0?, 0xc00023a230?, 0xba35b1?}, {0x0?, 0xba2f94?, 0x5?})
	net/dial.go:587 +0x3a7 fp=0xc00016b1c8 sp=0xc00016afb0 pc=0x6aba67
net.(*Dialer).DialContext(0xc00016b380, {0xcd0a20, 0xc00023a230}, {0xba2f94, 0x3}, {0xc000444020, 0xe})
	net/dial.go:578 +0x6ac fp=0xc00016b338 sp=0xc00016b1c8 pc=0x6ab2ac
net.(*Resolver).dial(0xc000113490?, {0xcd0a20?, 0xc00023a230?}, {0xba2f94?, 0x13173a0?}, {0xc000444020?, 0x0?})
	net/lookup.go:693 +0xa5 fp=0xc00016b420 sp=0xc00016b338 pc=0x6bed25
net.(*Resolver).exchange(_, {_, _}, {_, _}, {{{0x70, 0x72, 0x6f, 0x78, 0x79, ...}, ...}, ...}, ...)
	net/dnsclient_unix.go:185 +0x34a fp=0xc00016b7f8 sp=0xc00016b420 pc=0x6ae32a
net.(*Resolver).tryOneName(0x1316040, {0xcd09b0, 0xc0004060f0}, 0xc000430000?, {0xc0004023c0, 0x11}, 0x1)
	net/dnsclient_unix.go:316 +0x4c6 fp=0xc00016be18 sp=0xc00016b7f8 pc=0x6af6c6
net.(*Resolver).goLookupIPCNAMEOrder.func3.1(0x0?)
	net/dnsclient_unix.go:667 +0x85 fp=0xc00016bfc8 sp=0xc00016be18 pc=0x6b22e5
net.(*Resolver).goLookupIPCNAMEOrder.func3.gowrap1()
	net/dnsclient_unix.go:670 +0x24 fp=0xc00016bfe0 sp=0xc00016bfc8 pc=0x6b2224
runtime.goexit({})
	runtime/asm_amd64.s:1700 +0x1 fp=0xc00016bfe8 sp=0xc00016bfe0 pc=0x487861
created by net.(*Resolver).goLookupIPCNAMEOrder.func3 in goroutine 67
	net/dnsclient_unix.go:666 +0x13f

goroutine 69 gp=0xc000412540 m=nil [runnable]:
runtime.asyncPreempt2()
	runtime/preempt.go:308 +0x39 fp=0xc0001f89c8 sp=0xc0001f89a8 pc=0x4497f9
runtime.asyncPreempt()
	runtime/preempt_amd64.s:46 +0xdb fp=0xc0001f8b50 sp=0xc0001f89c8 pc=0x488e1b
net.(*netFD).dial(0xc000478000, {0xcd0a20, 0xc00040a3f0}, {0xcd3268?, 0x0?}, {0xcd3268, 0xc00040c6c0}, 0x0?)
	net/sock_posix.go:143 +0x77e fp=0xc0001f8c28 sp=0xc0001f8b50 pc=0x6c503e
net.socket({0xcd0a20, 0xc00040a3f0}, {0xba2f94, 0x3}, 0x2, 0x2, 0x1339ea0?, 0x0, {0xcd3268, 0x0}, ...)
	net/sock_posix.go:70 +0x29b fp=0xc0001f8cd0 sp=0xc0001f8c28 pc=0x6c47bb
net.internetSocket({0xcd0a20, 0xc00040a3f0}, {0xba2f94, 0x3}, {0xcd3268, 0x0}, {0xcd3268, 0xc00040c6c0}, 0x2, 0x0, ...)
	net/ipsock_posix.go:167 +0xf8 fp=0xc0001f8d48 sp=0xc0001f8cd0 pc=0x6bce98
net.(*sysDialer).dialUDP(0x47c739?, {0xcd0a20?, 0xc00040a3f0?}, 0xabc700?, 0xc0001f8e70?)
	net/udpsock_posix.go:212 +0xa7 fp=0xc0001f8dd8 sp=0xc0001f8d48 pc=0x6cbba7
net.(*sysDialer).dialSingle(0xc000476000, {0xcd0a20, 0xc00040a3f0}, {0xcce870, 0xc00040c6c0})
	net/dial.go:725 +0x28b fp=0xc0001f8ea8 sp=0xc0001f8dd8 pc=0x6aca6b
net.(*sysDialer).dialSerial(0xc000476000, {0xcd0a20, 0xc00040a3f0}, {0xc0004041c0?, 0x1, 0x1c?})
	net/dial.go:686 +0x24e fp=0xc0001f8fb0 sp=0xc0001f8ea8 pc=0x6ac38e
net.(*sysDialer).dialParallel(0x0?, {0xcd0a20?, 0xc00040a3f0?}, {0xc0004041c0?, 0xc00040a3f0?, 0xba35b1?}, {0x0?, 0xba2f94?, 0x417f6b?})
	net/dial.go:587 +0x3a7 fp=0xc0001f91c8 sp=0xc0001f8fb0 pc=0x6aba67
net.(*Dialer).DialContext(0xc0001f9380, {0xcd0a20, 0xc00040a3f0}, {0xba2f94, 0x3}, {0xc000444020, 0xe})
	net/dial.go:578 +0x6ac fp=0xc0001f9338 sp=0xc0001f91c8 pc=0x6ab2ac
net.(*Resolver).dial(0xc0004041b0?, {0xcd0a20?, 0xc00040a3f0?}, {0xba2f94?, 0x13173a0?}, {0xc000444020?, 0x0?})
	net/lookup.go:693 +0xa5 fp=0xc0001f9420 sp=0xc0001f9338 pc=0x6bed25
net.(*Resolver).exchange(_, {_, _}, {_, _}, {{{0x70, 0x72, 0x6f, 0x78, 0x79, ...}, ...}, ...}, ...)
	net/dnsclient_unix.go:185 +0x34a fp=0xc0001f97f8 sp=0xc0001f9420 pc=0x6ae32a
net.(*Resolver).tryOneName(0x1316040, {0xcd09b0, 0xc0004060f0}, 0xc000430000?, {0xc0004023c0, 0x11}, 0x1c)
	net/dnsclient_unix.go:316 +0x4c6 fp=0xc0001f9e18 sp=0xc0001f97f8 pc=0x6af6c6
net.(*Resolver).goLookupIPCNAMEOrder.func3.1(0x0?)
	net/dnsclient_unix.go:667 +0x85 fp=0xc0001f9fc8 sp=0xc0001f9e18 pc=0x6b22e5
net.(*Resolver).goLookupIPCNAMEOrder.func3.gowrap1()
	net/dnsclient_unix.go:670 +0x24 fp=0xc0001f9fe0 sp=0xc0001f9fc8 pc=0x6b2224
runtime.goexit({})
	runtime/asm_amd64.s:1700 +0x1 fp=0xc0001f9fe8 sp=0xc0001f9fe0 pc=0x487861
created by net.(*Resolver).goLookupIPCNAMEOrder.func3 in goroutine 67
	net/dnsclient_unix.go:666 +0x13f

rax    0x1
rbx    0x0
rcx    0x0
rdx    0x12a00714f
rdi    0x133a0e8
rsi    0xffffffffad422690
rbp    0xffff5cbfdc48
rsp    0xffff5cbfd5d0
r8     0x77
r9     0x72
r10    0xa
r11    0x0
r12    0xffff5cbfd650
r13    0x1
r14    0xc000005180
r15    0x3
rip    0x44424e
rflags 0x206
cs     0x33
fs     0x0
gs     0x0
Error: [linux/amd64]: building at STEP "RUN go mod download": while running runtime: exit status 2

make: *** [podman-cross-build] Error 2
WARNING: Attempt 3 failed for console-dashboards-plugin @ release-coo-ocp-4.12 (exit code 2)
WARNING: Build failed for console-dashboards-plugin @ release-coo-ocp-4.12 after 3 attempts, continuing...
==========================================
Building distributed-tracing-console-plugin @ release-coo-ocp-4.12 with VERSION=v0.3.3 ORG=rh-ee-emurasak
==========================================
Already on 'release-coo-ocp-4.12'
M	Makefile
Your branch is up to date with 'origin/release-coo-ocp-4.12'.
From https://github.com/openshift/distributed-tracing-console-plugin
 * branch            release-coo-ocp-4.12 -> FETCH_HEAD
Already up to date.
--- Attempt 1/3 ---
podman manifest rm quay.io/rh-ee-emurasak/distributed-tracing-console-plugin:v0.3.3 || true
Untagged: quay.io/rh-ee-emurasak/distributed-tracing-console-plugin:v0.3.3
Deleted: ecc7214a386f954ef22f7f5968092039dc3da253ed5f40e9946633c48103c31a
podman manifest create quay.io/rh-ee-emurasak/distributed-tracing-console-plugin:v0.3.3
ce4a320e25b18d2f84da50e5933a1c4a53a4fc2e26e2307f8b2c494105d8f83d
podman build --platform=linux/arm64,linux/amd64 --manifest quay.io/rh-ee-emurasak/distributed-tracing-console-plugin:v0.3.3 -f Dockerfile
[linux/amd64] [1/3] STEP 1/8: FROM registry.redhat.io/ubi8/nodejs-22:latest AS web-builder
Trying to pull registry.redhat.io/ubi8/nodejs-22:latest...
Getting image source signatures
Checking if image destination supports signatures
Copying blob sha256:b659079ce01565873eb67c4d47f0a94a60731d09351f7acfef987e5a525230aa
Copying blob sha256:21534294e787fc96343978989fe438bd9c6b835220e7ab6102d5b3909e617005
Copying blob sha256:e114f3bf44fdb152acae3e98961a32b080cc92a8b1274947ef95777f65996518
