Logging to /Users/emurasak/workspace/harness/tasks/upstream-images/build-and-push-20260603-182358.log
Fetching all branches for each repo...
  Fetching console-dashboards-plugin...
  Fetching distributed-tracing-console-plugin...
  Fetching logging-view-plugin...
  Fetching monitoring-plugin...
  Fetching troubleshooting-panel-console-plugin...
Fetch complete.
==========================================
Building console-dashboards-plugin @ release-coo-ocp-4.12 with VERSION=v0.4.3 ORG=rh-ee-emurasak
==========================================
Already on 'release-coo-ocp-4.12'
M	Makefile
Your branch is up to date with 'origin/release-coo-ocp-4.12'.
From https://github.com/openshift/console-dashboards-plugin
 * branch            release-coo-ocp-4.12 -> FETCH_HEAD
Already up to date.
--- Attempt 1/3 ---
podman manifest rm quay.io/rh-ee-emurasak/console-dashboards-plugin:v0.4.3 || true
Untagged: quay.io/rh-ee-emurasak/console-dashboards-plugin:v0.4.3
Deleted: baa734ed645afa7d31b64eb34c5dcaa62c5a4d0c02dba2bae72c70230a0ba2c5
podman manifest create quay.io/rh-ee-emurasak/console-dashboards-plugin:v0.4.3
c16b498caf9530a4b13fc95ca756a517c37cb1088b242014be2f4a31d72300d7
podman build --platform=linux/arm64,linux/amd64 --manifest quay.io/rh-ee-emurasak/console-dashboards-plugin:v0.4.3 -f Dockerfile
[linux/arm64] [1/3] STEP 1/8: FROM registry.redhat.io/ubi8/nodejs-18:latest AS web-builder
Trying to pull registry.redhat.io/ubi8/nodejs-18:latest...
Getting image source signatures
Checking if image destination supports signatures
Copying blob sha256:c4fff77bc060c02d4f09680032367cb302e83402fc25b7c7ac001cb00238876f
Copying blob sha256:8fd64178c906794da03bc9b7d2d5e3b70073b47f8aa659230381d7fd897dc11b
Copying blob sha256:6ad04be99c8f2547888de53fad691136f65cf5a11c7a2567ef29477c3413f587
Copying config sha256:62a277f6499a7c210a1022190779f4387fc1294a28ea7696fc264248bf328a9b
Writing manifest to image destination
Storing signatures
[linux/arm64] [1/3] STEP 2/8: WORKDIR /opt/app-root
--> Using cache 87c07f8e7903c0333e290487c7fa5cdc27c444159ab4f0569e2985922b349f2d
--> 87c07f8e7903
[linux/arm64] [1/3] STEP 3/8: USER 0
--> Using cache 508717e77868bc0fddf7ad6c537cadaf6405a85bddb5fd01e8bdbb8652870ac7
--> 508717e77868
[linux/arm64] [1/3] STEP 4/8: COPY web/package*.json web/
--> Using cache 951b70a190bd2a156ec3acac59c01ee0e789b6495f6c048efd1b4caac98a5f37
--> 951b70a190bd
[linux/arm64] [1/3] STEP 5/8: COPY Makefile Makefile
--> Using cache 96d09c82c54bf513b7b8184e85b30726dafd77052001b5fad540d8cde6b01513
--> 96d09c82c54b
[linux/arm64] [1/3] STEP 6/8: RUN make install-frontend-ci-clean
--> Using cache dc080db5c3d52a7378f0738dec97f1186b0b44af8d6b10ebf40dd8c3ce06206c
--> dc080db5c3d5
[linux/arm64] [1/3] STEP 7/8: COPY web/ web/
--> Using cache 7d1cabab83ee6ca940f06905c0c414872df927789b575d2ad30363cb6a4be8ef
--> 7d1cabab83ee
[linux/arm64] [1/3] STEP 8/8: RUN make build-frontend
--> Using cache 0d25f3879f037411eadfae630716ca4c0c0cd535f6fd74c5ebf8c1835ed0906d
--> 0d25f3879f03
[linux/amd64] [1/3] STEP 1/8: FROM registry.redhat.io/ubi8/nodejs-18:latest AS web-builder
Trying to pull registry.redhat.io/ubi8/nodejs-18:latest...
Getting image source signatures
Checking if image destination supports signatures
Copying blob sha256:046eb6416170db2ab33e464d04c6f7c0c8c6cc8563597aca8e9fb7736dff00f9
Copying blob sha256:43ddc3bd12b8691687c9f6c273331ca07e3a89b50a619e0db9b040a8a629386d
Copying blob sha256:b610fd6091ba2163b8943d2214e20665977bc8064dc769d47be9ae868e48a301
Copying config sha256:ab55058334c5c32969b838cea2db23ee8c69c1b742006a75c031ed4f1b286bc5
Writing manifest to image destination
Storing signatures
[linux/amd64] [1/3] STEP 2/8: WORKDIR /opt/app-root
--> Using cache 6caa91e2258d30a6b1f94eacfd661399e8883eb554e2a8a96b33196354d8d47d
--> 6caa91e2258d
[linux/amd64] [1/3] STEP 3/8: USER 0
--> Using cache f824ba1cbb5f0090a8c1cc1313ee1b884891306773b6f084bdbf1ced69e6679c
--> f824ba1cbb5f
[linux/amd64] [1/3] STEP 4/8: COPY web/package*.json web/
--> Using cache 97697c32d8d67563fcc17702db08ed58947e5b59f027bd9665c68fbde6e53b25
--> 97697c32d8d6
[linux/amd64] [1/3] STEP 5/8: COPY Makefile Makefile
--> Using cache 3b46d22aff358b214e27006f4d9862f43aea1e9759f113795461efba7b73a5f6
--> 3b46d22aff35
[linux/amd64] [1/3] STEP 6/8: RUN make install-frontend-ci-clean
--> Using cache 995630479883f028d8a8be5091922e0c61ab5584590f774c8322f67632443316
--> 995630479883
[linux/amd64] [1/3] STEP 7/8: COPY web/ web/
--> Using cache 37837227d290700d5cbb7cecb3952ad5e10709aeeb90da375540be1296e777a3
--> 37837227d290
[linux/amd64] [1/3] STEP 8/8: RUN make build-frontend
--> Using cache ad6b19a0ba852a6225d409262134f91f1e25f6ccb51ae6196c784bcc9bc91961
--> ad6b19a0ba85
[linux/arm64] [2/3] STEP 1/11: FROM registry.ci.openshift.org/ocp/builder:rhel-8-golang-1.24-openshift-4.20 AS go-builder
Trying to pull registry.ci.openshift.org/ocp/builder:rhel-8-golang-1.24-openshift-4.20...
Getting image source signatures
Copying blob sha256:1601f0002240e476166ae25539061c09fadc016385d68cfd04c419472708f270
Copying blob sha256:abb828c6dd68e53a22f7a11904b72f9d5a7802fb5e7c380b3a22b18a02e9a463
Copying blob sha256:211523f3608ae0538e139764b42d3db023cbe3af165af43f3b35bd1008edbe2a
Copying config sha256:891a16a4d5dbbfb7e4204e6b986be2dacd9665316bcdabcec319512369b631f8
Writing manifest to image destination
[linux/arm64] [2/3] STEP 2/11: WORKDIR /opt/app-root
--> Using cache 90931a5e8cbd10e70724f79b68551ce684e76e9b00a70e1b702f01c5b2505e5c
--> 90931a5e8cbd
[linux/arm64] [2/3] STEP 3/11: COPY Makefile Makefile
--> Using cache 2c53cc3a3033b376438cc2e9eeee7da0ea29c63a131fddef9f392bca7a1f02d2
--> 2c53cc3a3033
[linux/arm64] [2/3] STEP 4/11: COPY go.mod go.mod
--> Using cache 47078adb2b1bf93642b24f2e1683083b9bd65b6e4b39d352b28410cb87f5b134
--> 47078adb2b1b
[linux/arm64] [2/3] STEP 5/11: COPY go.sum go.sum
--> Using cache 62791d00e08a8269267d00013c086e4e5930a7496e6d362ee35e44663d8f4d02
--> 62791d00e08a
[linux/arm64] [2/3] STEP 6/11: RUN go mod download
--> Using cache 0732e5970ede7e0d2f72fc605eef70bd75e9586659ef2f11fdc7f8216e2319f9
--> 0732e5970ede
[linux/arm64] [2/3] STEP 7/11: COPY cmd/ cmd/
--> Using cache 103f0f39e49524146d519accf7243c111bf0d7e1955b515f0f4b179061046c90
--> 103f0f39e495
[linux/arm64] [2/3] STEP 8/11: COPY pkg/ pkg/
--> Using cache b4632fdefedecef63835f91e5b125abfe9363e69ae0b14c4e377e9d02efab995
--> b4632fdefede
[linux/arm64] [2/3] STEP 9/11: ENV GOEXPERIMENT=strictfipsruntime
--> Using cache f6009013e51722ee1a0860708e7481af5cc0f9f7e9ff785d9d286bca8d7b961e
--> f6009013e517
[linux/arm64] [2/3] STEP 10/11: ENV CGO_ENABLED=1
--> Using cache 1766c43f712dc93f2ecd0eda43dbc510069e65cf2dcc9d649b47c3e13d70312b
--> 1766c43f712d
[linux/arm64] [2/3] STEP 11/11: RUN make build-backend BUILD_OPTS="-tags strictfipsruntime"
--> Using cache 9a8a410255ed6ffb17ce110b8566e8892b06f1da154dd167bc3214476b7aaac0
--> 9a8a410255ed
[linux/amd64] [2/3] STEP 1/11: FROM registry.ci.openshift.org/ocp/builder:rhel-8-golang-1.24-openshift-4.20 AS go-builder
Trying to pull registry.ci.openshift.org/ocp/builder:rhel-8-golang-1.24-openshift-4.20...
Getting image source signatures
Copying blob sha256:ad150792efc16fbb7886da9d9457d93092929426e6a9f11c6e04a563f284eacd
Copying blob sha256:c7965aa7086045a59bdb113a1fb8a19d7ccf7af4133e59af8ecefd39cda8e0b1
Copying blob sha256:32a0db6672d42bc2f63fa6c620bf354f141c2478d6ea69c2363fc3ae82cf9448
Copying config sha256:afb0ed974e4e076b1e05e106cf07c0ea3bffe26a331f278142661a821986210b
Writing manifest to image destination
[linux/amd64] [2/3] STEP 2/11: WORKDIR /opt/app-root
--> Using cache 4c3d609c7a8eb4a13e773c450dbf709646876ab4aad230568d43accdfcbde575
--> 4c3d609c7a8e
[linux/amd64] [2/3] STEP 3/11: COPY Makefile Makefile
--> Using cache 32a7b9175aa6ca33931caab8a08ffda9b490fff02ed0ccadcd0c8f5e597afede
--> 32a7b9175aa6
[linux/amd64] [2/3] STEP 4/11: COPY go.mod go.mod
--> Using cache 81ca16991f68be27367f47f20b709963d21796514a6573c0a90bf55b6aa104c8
--> 81ca16991f68
[linux/amd64] [2/3] STEP 5/11: COPY go.sum go.sum
--> Using cache 5db069493b6a4640225b0b1d1969ac343d75603979966c2a7df9039966174c98
--> 5db069493b6a
[linux/amd64] [2/3] STEP 6/11: RUN go mod download
SIGSEGV: segmentation violation
PC=0x44424e m=10 sigcode=1 addr=0xffffffff9067ee50

goroutine 0 gp=0xc0004021c0 m=10 mp=0xc000400008 [idle]:
runtime.netpoll(0xc00003c000?)
	runtime/netpoll_epoll.go:169 +0x24e fp=0xffff397f9c58 sp=0xffff397f95d0 pc=0x44424e
runtime.findRunnable()
	runtime/proc.go:3657 +0x8c5 fp=0xffff397f9dd0 sp=0xffff397f9c58 pc=0x451265
runtime.schedule()
	runtime/proc.go:4072 +0xb1 fp=0xffff397f9e08 sp=0xffff397f9dd0 pc=0x452831
runtime.park_m(0xc0004b2000)
	runtime/proc.go:4201 +0x285 fp=0xffff397f9e68 sp=0xffff397f9e08 pc=0x452ca5
runtime.mcall()
	runtime/asm_amd64.s:459 +0x4e fp=0xffff397f9e80 sp=0xffff397f9e68 pc=0x48582e

goroutine 1 gp=0xc000004380 m=nil [chan receive]:
runtime.gopark(0xb288c0?, 0x0?, 0x0?, 0x0?, 0xc00025c0e0?)
	runtime/proc.go:435 +0xce fp=0xc000034f68 sp=0xc000034f48 pc=0x47fa2e
runtime.chanrecv(0xc00025c0e0, 0x0, 0x1)
	runtime/chan.go:664 +0x445 fp=0xc000034fe0 sp=0xc000034f68 pc=0x41b1a5
runtime.chanrecv1(0xc0002076a0?, 0xc0002446f0?)
	runtime/chan.go:506 +0x12 fp=0xc000035008 sp=0xc000034fe0 pc=0x41ad32
cmd/go/internal/modload.readModGraph({0xffffffffffffff9c?, 0x2?}, 0x0, {0xc0002c0008?, 0xba321b?, 0x38}, 0x0)
	cmd/go/internal/modload/buildlist.go:435 +0x439 fp=0xc000035580 sp=0xc000035008 pc=0x86d6f9
cmd/go/internal/modload.(*Requirements).Graph.func1()
	cmd/go/internal/modload/buildlist.go:284 +0x3a fp=0xc0000355e8 sp=0xc000035580 pc=0x86d23a
sync.(*Once).doSlow(0x0?, 0xba3219?)
	sync/once.go:78 +0xab fp=0xc000035640 sp=0xc0000355e8 pc=0x491d0b
sync.(*Once).Do(...)
	sync/once.go:69
cmd/go/internal/modload.(*Requirements).Graph(0xc00023a190, {0xcd0940?, 0x1339ea0?})
	cmd/go/internal/modload/buildlist.go:283 +0x4f fp=0xc000035680 sp=0xc000035640 pc=0x86d1af
cmd/go/internal/modload.expandGraph({0xcd0940, 0x1339ea0}, 0xc00023a190)
	cmd/go/internal/modload/buildlist.go:608 +0x3e fp=0xc000035708 sp=0xc000035680 pc=0x86eb7e
cmd/go/internal/modload.LoadModGraph({0xcd0940, 0x1339ea0}, {0x0, 0x0})
	cmd/go/internal/modload/buildlist.go:588 +0x8f fp=0xc000035788 sp=0xc000035708 pc=0x86e8af
cmd/go/internal/modcmd.runDownload({0xcd0940, 0x1339ea0}, 0xc0002106a8?, {0xc00019a260, 0x0, 0x0})
	cmd/go/internal/modcmd/download.go:156 +0x245 fp=0xc0000359c8 sp=0xc000035788 pc=0x9be985
main.invoke(0x12c0140, {0xc00019a260, 0x1, 0x1})
	cmd/go/main.go:341 +0x845 fp=0xc000035cd0 sp=0xc0000359c8 pc=0xa05b05
main.main()
	cmd/go/main.go:220 +0xe8b fp=0xc000035f50 sp=0xc000035cd0 pc=0xa04c2b
runtime.main()
	runtime/proc.go:283 +0x28b fp=0xc000035fe0 sp=0xc000035f50 pc=0x44ad2b
runtime.goexit({})
	runtime/asm_amd64.s:1700 +0x1 fp=0xc000035fe8 sp=0xc000035fe0 pc=0x487861

goroutine 2 gp=0xc000004e00 m=nil [force gc (idle)]:
runtime.gopark(0x0?, 0x0?, 0x0?, 0x0?, 0x0?)
	runtime/proc.go:435 +0xce fp=0xc00005efa8 sp=0xc00005ef88 pc=0x47fa2e
runtime.goparkunlock(...)
	runtime/proc.go:441
runtime.forcegchelper()
	runtime/proc.go:348 +0xb3 fp=0xc00005efe0 sp=0xc00005efa8 pc=0x44b073
runtime.goexit({})
	runtime/asm_amd64.s:1700 +0x1 fp=0xc00005efe8 sp=0xc00005efe0 pc=0x487861
created by runtime.init.7 in goroutine 1
	runtime/proc.go:336 +0x1a

goroutine 3 gp=0xc0000056c0 m=nil [GC sweep wait]:
runtime.gopark(0x0?, 0x0?, 0x0?, 0x0?, 0x0?)
	runtime/proc.go:435 +0xce fp=0xc00005f780 sp=0xc00005f760 pc=0x47fa2e
runtime.goparkunlock(...)
	runtime/proc.go:441
runtime.bgsweep(0xc000092000)
	runtime/mgcsweep.go:276 +0x94 fp=0xc00005f7c8 sp=0xc00005f780 pc=0x4357b4
runtime.gcenable.gowrap1()
	runtime/mgc.go:204 +0x25 fp=0xc00005f7e0 sp=0xc00005f7c8 pc=0x429c85
runtime.goexit({})
	runtime/asm_amd64.s:1700 +0x1 fp=0xc00005f7e8 sp=0xc00005f7e0 pc=0x487861
created by runtime.gcenable in goroutine 1
	runtime/mgc.go:204 +0x66

goroutine 4 gp=0xc000005880 m=nil [GC scavenge wait]:
runtime.gopark(0xc000092000?, 0xcc3e10?, 0x1?, 0x0?, 0xc000005880?)
	runtime/proc.go:435 +0xce fp=0xc00005ff78 sp=0xc00005ff58 pc=0x47fa2e
runtime.goparkunlock(...)
	runtime/proc.go:441
runtime.(*scavengerState).park(0x1317420)
	runtime/mgcscavenge.go:425 +0x49 fp=0xc00005ffa8 sp=0xc00005ff78 pc=0x433269
runtime.bgscavenge(0xc000092000)
	runtime/mgcscavenge.go:653 +0x3c fp=0xc00005ffc8 sp=0xc00005ffa8 pc=0x4337dc
runtime.gcenable.gowrap2()
	runtime/mgc.go:205 +0x25 fp=0xc00005ffe0 sp=0xc00005ffc8 pc=0x429c25
runtime.goexit({})
	runtime/asm_amd64.s:1700 +0x1 fp=0xc00005ffe8 sp=0xc00005ffe0 pc=0x487861
created by runtime.gcenable in goroutine 1
	runtime/mgc.go:205 +0xa5

goroutine 18 gp=0xc000182700 m=nil [finalizer wait]:
runtime.gopark(0x1b8?, 0xc000004380?, 0x1?, 0x43?, 0xc00005e688?)
	runtime/proc.go:435 +0xce fp=0xc00005e630 sp=0xc00005e610 pc=0x47fa2e
runtime.runfinq()
	runtime/mfinal.go:196 +0x107 fp=0xc00005e7e0 sp=0xc00005e630 pc=0x428bc7
runtime.goexit({})
	runtime/asm_amd64.s:1700 +0x1 fp=0xc00005e7e8 sp=0xc00005e7e0 pc=0x487861
created by runtime.createfing in goroutine 1
	runtime/mfinal.go:166 +0x3d

goroutine 34 gp=0xc00026c000 m=nil [chan receive]:
runtime.gopark(0x0?, 0x0?, 0x0?, 0x0?, 0x0?)
	runtime/proc.go:435 +0xce fp=0xc00005a718 sp=0xc00005a6f8 pc=0x47fa2e
runtime.chanrecv(0xc00025c070, 0x0, 0x1)
	runtime/chan.go:664 +0x445 fp=0xc00005a790 sp=0xc00005a718 pc=0x41b1a5
runtime.chanrecv1(0x0?, 0x0?)
	runtime/chan.go:506 +0x12 fp=0xc00005a7b8 sp=0xc00005a790 pc=0x41ad32
runtime.unique_runtime_registerUniqueMapCleanup.func2(...)
	runtime/mgc.go:1797
runtime.unique_runtime_registerUniqueMapCleanup.gowrap1()
	runtime/mgc.go:1800 +0x2f fp=0xc00005a7e0 sp=0xc00005a7b8 pc=0x42cdcf
runtime.goexit({})
	runtime/asm_amd64.s:1700 +0x1 fp=0xc00005a7e8 sp=0xc00005a7e0 pc=0x487861
created by unique.runtime_registerUniqueMapCleanup in goroutine 1
	runtime/mgc.go:1795 +0x79

goroutine 35 gp=0xc00026c1c0 m=nil [select]:
runtime.gopark(0xc0000ac4b0?, 0x2?, 0x52?, 0x14?, 0xc0000ac3e4?)
	runtime/proc.go:435 +0xce fp=0xc0000ac270 sp=0xc0000ac250 pc=0x47fa2e
runtime.selectgo(0xc0000ac4b0, 0xc0000ac3e0, 0x7?, 0x0, 0x45e910?, 0x1)
	runtime/select.go:351 +0x837 fp=0xc0000ac3a8 sp=0xc0000ac270 pc=0x45d597
net/http.(*Transport).getConn(0x12c2960, 0xc0003260f0, {{}, 0x0, {0xc0003221c0, 0x5}, {0xc000324078, 0x14}, 0x0})
	net/http/transport.go:1523 +0x4ae fp=0xc0000ac580 sp=0xc0000ac3a8 pc=0x7b0b4e
net/http.(*Transport).roundTrip(0x12c2960, 0xc000334000)
	net/http/transport.go:685 +0xb57 fp=0xc0000ac778 sp=0xc0000ac580 pc=0x7ac877
net/http.(*Transport).RoundTrip(0xc000337f80?, 0xccade0?)
	net/http/roundtrip.go:30 +0x13 fp=0xc0000ac798 sp=0xc0000ac778 pc=0x7bb013
net/http.send(0xc000334000, {0xccade0, 0x12c2960}, {0xbaa001?, 0xd?, 0x0?})
	net/http/client.go:259 +0x5e2 fp=0xc0000ac988 sp=0xc0000ac798 pc=0x777882
net/http.(*Client).send(0xc00020b560, 0xc000334000, {0x12b8214?, 0xc00031aa08?, 0x0?})
	net/http/client.go:180 +0x91 fp=0xc0000aca00 sp=0xc0000ac988 pc=0x777131
net/http.(*Client).do(0xc00020b560, 0xc000334000)
	net/http/client.go:728 +0x989 fp=0xc0000acbf0 sp=0xc0000aca00 pc=0x779669
net/http.(*Client).Do(...)
	net/http/client.go:587
cmd/go/internal/web.get.func1(0xc0000acf88)
	cmd/go/internal/web/http.go:159 +0x3cb fp=0xc0000acd68 sp=0xc0000acbf0 pc=0x7ce02b
cmd/go/internal/web.get(0x1, 0xc0000ad050)
	cmd/go/internal/web/http.go:206 +0x482 fp=0xc0000ad028 sp=0xc0000acd68 pc=0x7cd102
cmd/go/internal/web.Get(...)
	cmd/go/internal/web/api.go:186
cmd/go/internal/modfetch.(*proxyRepo).getBody(0xc000326050, {0xba3421?, 0x29?}, {0xc000320180, 0x29})
	cmd/go/internal/modfetch/proxy.go:282 +0x13f fp=0xc0000ad118 sp=0xc0000ad028 pc=0x84257f
cmd/go/internal/modfetch.(*proxyRepo).getBytes(0xc000244750?, {0xcd0a58?, 0x1339ea0?}, {0xc000320180?, 0x82d4b4?})
	cmd/go/internal/modfetch/proxy.go:260 +0x5b fp=0xc0000ad1e0 sp=0xc0000ad118 pc=0x84213b
cmd/go/internal/modfetch.(*proxyRepo).GoMod(0xc000326050, {0xcd0a58, 0x1339ea0}, {0xc000244750, 0x22})
	cmd/go/internal/modfetch/proxy.go:412 +0x10d fp=0xc0000ad248 sp=0xc0000ad1e0 pc=0x84386d
cmd/go/internal/modfetch.(*cachingRepo).GoMod.func1()
	cmd/go/internal/modfetch/cache.go:318 +0xa5 fp=0xc0000ad300 sp=0xc0000ad248 pc=0x82e1e5
cmd/internal/par.(*ErrCache[...]).Do.func1()
	cmd/internal/par/work.go:119 +0x28 fp=0xc0000ad338 sp=0xc0000ad300 pc=0x848a88
cmd/internal/par.(*Cache[...]).Do(0xcd54c0, {0xc000244750, 0x22}, 0xc00031b468)
	cmd/internal/par/work.go:160 +0x156 fp=0xc0000ad418 sp=0xc0000ad338 pc=0x848d76
cmd/internal/par.(*ErrCache[...]).Do(0x843fac?, {0xc000244750?, 0xcd53c0?}, 0xc000248120?)
	cmd/internal/par/work.go:118 +0x47 fp=0xc0000ad4b8 sp=0xc0000ad418 pc=0x8489a7
cmd/go/internal/modfetch.(*cachingRepo).GoMod(0xcd0a58?, {0xcd0a58?, 0x1339ea0?}, {0xc000244750, 0x22})
	cmd/go/internal/modfetch/cache.go:311 +0xfa fp=0xc0000ad548 sp=0xc0000ad4b8 pc=0x82e05a
cmd/go/internal/modfetch.GoMod.func2({0xc000248120?, 0x0?})
	cmd/go/internal/modfetch/cache.go:411 +0x73 fp=0xc0000ad5a8 sp=0xc0000ad548 pc=0x82ecf3
cmd/go/internal/modfetch.TryProxies(0xc0000ad680)
	cmd/go/internal/modfetch/proxy.go:164 +0xaf fp=0xc0000ad628 sp=0xc0000ad5a8 pc=0x8417cf
cmd/go/internal/modfetch.GoMod({0xcd0a58, 0x1339ea0}, {0xc000244720, 0x21}, {0xc000244750, 0x22})
	cmd/go/internal/modfetch/cache.go:410 +0x258 fp=0xc0000ad6f8 sp=0xc0000ad628 pc=0x82ebb8
cmd/go/internal/modload.rawGoModData({{0xc000244720?, 0x47d499?}, {0xc000244750?, 0xb58360?}})
	cmd/go/internal/modload/modfile.go:786 +0x15f fp=0xc0000ad858 sp=0xc0000ad6f8 pc=0x8a3e3f
cmd/go/internal/modload.rawGoModSummary.func1()
	cmd/go/internal/modload/modfile.go:695 +0x59 fp=0xc0000ad9c0 sp=0xc0000ad858 pc=0x8a33b9
cmd/internal/par.(*ErrCache[...]).Do.func1()
	cmd/internal/par/work.go:119 +0x13 fp=0xc0000ad9d0 sp=0xc0000ad9c0 pc=0x8b3b33
cmd/internal/par.(*Cache[...]).Do(0xcd5240, {{0xc000244720, 0x21}, {0xc000244750, 0x22}}, 0xc000110a80)
	cmd/internal/par/work.go:160 +0x13c fp=0xc0000ada48 sp=0xc0000ad9d0 pc=0x8b3d7c
cmd/internal/par.(*ErrCache[...]).Do(0x0?, {{0xc000244720?, 0xc0002446f0?}, {0xc000244750?, 0x0?}}, 0xba3f93?)
	cmd/internal/par/work.go:118 +0x45 fp=0xc0000adaa8 sp=0xc0000ada48 pc=0x8b3ac5
cmd/go/internal/modload.rawGoModSummary({{0xc000244720?, 0x8?}, {0xc000244750?, 0x426405?}})
	cmd/go/internal/modload/modfile.go:693 +0x385 fp=0xc0000adb58 sp=0xc0000adaa8 pc=0x8a3265
cmd/go/internal/modload.goModSummary({{0xc000244720?, 0x3c?}, {0xc000244750?, 0xffff9068fad8?}})
	cmd/go/internal/modload/modfile.go:602 +0x3ae fp=0xc0000adca8 sp=0xc0000adb58 pc=0x8a27ee
cmd/go/internal/modload.readModGraph.func2.1()
	cmd/go/internal/modload/buildlist.go:380 +0x65 fp=0xc0000add48 sp=0xc0000adca8 pc=0x86e345
cmd/internal/par.(*ErrCache[...]).Do.func1()
	cmd/internal/par/work.go:119 +0x13 fp=0xc0000add58 sp=0xc0000add48 pc=0x8b3b33
cmd/internal/par.(*Cache[...]).Do(0xcd5240, {{0xc000244720, 0x21}, {0xc000244750, 0x22}}, 0xc000110e08)
	cmd/internal/par/work.go:160 +0x13c fp=0xc0000addd0 sp=0xc0000add58 pc=0x8b3d7c
cmd/internal/par.(*ErrCache[...]).Do(0x0?, {{0xc000244720?, 0x0?}, {0xc000244750?, 0x0?}}, 0x0?)
	cmd/internal/par/work.go:118 +0x45 fp=0xc0000ade30 sp=0xc0000addd0 pc=0x8b3ac5
cmd/go/internal/modload.readModGraph.func2({{0xc000244720?, 0x0?}, {0xc000244750?, 0x0?}})
	cmd/go/internal/modload/buildlist.go:379 +0x9b fp=0xc0000adeb8 sp=0xc0000ade30 pc=0x86e29b
cmd/go/internal/modload.readModGraph.func3.1()
	cmd/go/internal/modload/buildlist.go:408 +0x56 fp=0xc0000adf60 sp=0xc0000adeb8 pc=0x86e0d6
cmd/internal/par.(*Queue).Add.func1()
	cmd/internal/par/queue.go:58 +0x5c fp=0xc0000adfe0 sp=0xc0000adf60 pc=0x5edd3c
runtime.goexit({})
	runtime/asm_amd64.s:1700 +0x1 fp=0xc0000adfe8 sp=0xc0000adfe0 pc=0x487861
created by cmd/internal/par.(*Queue).Add in goroutine 1
	cmd/internal/par/queue.go:56 +0x1d3

goroutine 36 gp=0xc00026c380 m=nil [select]:
runtime.gopark(0xc0004a24b0?, 0x2?, 0x52?, 0x14?, 0xc0004a23e4?)
	runtime/proc.go:435 +0xce fp=0xc0004a2270 sp=0xc0004a2250 pc=0x47fa2e
runtime.selectgo(0xc0004a24b0, 0xc0004a23e0, 0x7?, 0x0, 0x45e910?, 0x1)
	runtime/select.go:351 +0x837 fp=0xc0004a23a8 sp=0xc0004a2270 pc=0x45d597
net/http.(*Transport).getConn(0x12c2960, 0xc0004980a0, {{}, 0x0, {0xc0001901c0, 0x5}, {0xc0004a4018, 0x14}, 0x0})
	net/http/transport.go:1523 +0x4ae fp=0xc0004a2580 sp=0xc0004a23a8 pc=0x7b0b4e
net/http.(*Transport).roundTrip(0x12c2960, 0xc0001e2000)
	net/http/transport.go:685 +0xb57 fp=0xc0004a2778 sp=0xc0004a2580 pc=0x7ac877
net/http.(*Transport).RoundTrip(0xc000380008?, 0xccade0?)
	net/http/roundtrip.go:30 +0x13 fp=0xc0004a2798 sp=0xc0004a2778 pc=0x7bb013
net/http.send(0xc0001e2000, {0xccade0, 0x12c2960}, {0x133b301?, 0x47c46c?, 0x0?})
	net/http/client.go:259 +0x5e2 fp=0xc0004a2988 sp=0xc0004a2798 pc=0x777882
net/http.(*Client).send(0xc00020b560, 0xc0001e2000, {0x47c318?, 0x640000000042a016?, 0x0?})
	net/http/client.go:180 +0x91 fp=0xc0004a2a00 sp=0xc0004a2988 pc=0x777131
net/http.(*Client).do(0xc00020b560, 0xc0001e2000)
	net/http/client.go:728 +0x989 fp=0xc0004a2bf0 sp=0xc0004a2a00 pc=0x779669
net/http.(*Client).Do(...)
	net/http/client.go:587
cmd/go/internal/web.get.func1(0xc0004a2f88)
	cmd/go/internal/web/http.go:159 +0x3cb fp=0xc0004a2d68 sp=0xc0004a2bf0 pc=0x7ce02b
cmd/go/internal/web.get(0x1, 0xc0004a3050)
	cmd/go/internal/web/http.go:206 +0x482 fp=0xc0004a3028 sp=0xc0004a2d68 pc=0x7cd102
cmd/go/internal/web.Get(...)
	cmd/go/internal/web/api.go:186
cmd/go/internal/modfetch.(*proxyRepo).getBody(0xc0001e0000, {0xba3421?, 0x2b?}, {0xc0001d41e0, 0x2b})
	cmd/go/internal/modfetch/proxy.go:282 +0x13f fp=0xc0004a3118 sp=0xc0004a3028 pc=0x84257f
cmd/go/internal/modfetch.(*proxyRepo).getBytes(0xc0002447b0?, {0xcd0a58?, 0x1339ea0?}, {0xc0001d41e0?, 0x82d4b4?})
	cmd/go/internal/modfetch/proxy.go:260 +0x5b fp=0xc0004a31e0 sp=0xc0004a3118 pc=0x84213b
cmd/go/internal/modfetch.(*proxyRepo).GoMod(0xc0001e0000, {0xcd0a58, 0x1339ea0}, {0xc0002447b0, 0x24})
	cmd/go/internal/modfetch/proxy.go:412 +0x10d fp=0xc0004a3248 sp=0xc0004a31e0 pc=0x84386d
cmd/go/internal/modfetch.(*cachingRepo).GoMod.func1()
	cmd/go/internal/modfetch/cache.go:318 +0xa5 fp=0xc0004a3300 sp=0xc0004a3248 pc=0x82e1e5
cmd/internal/par.(*ErrCache[...]).Do.func1()
	cmd/internal/par/work.go:119 +0x28 fp=0xc0004a3338 sp=0xc0004a3300 pc=0x848a88
cmd/internal/par.(*Cache[...]).Do(0xcd54c0, {0xc0002447b0, 0x24}, 0xc000317468)
	cmd/internal/par/work.go:160 +0x156 fp=0xc0004a3418 sp=0xc0004a3338 pc=0x848d76
cmd/internal/par.(*ErrCache[...]).Do(0x843fac?, {0xc0002447b0?, 0xcd53c0?}, 0xc000248120?)
	cmd/internal/par/work.go:118 +0x47 fp=0xc0004a34b8 sp=0xc0004a3418 pc=0x8489a7
cmd/go/internal/modfetch.(*cachingRepo).GoMod(0xcd0a58?, {0xcd0a58?, 0x1339ea0?}, {0xc0002447b0, 0x24})
	cmd/go/internal/modfetch/cache.go:311 +0xfa fp=0xc0004a3548 sp=0xc0004a34b8 pc=0x82e05a
cmd/go/internal/modfetch.GoMod.func2({0xc000248120?, 0x0?})
	cmd/go/internal/modfetch/cache.go:411 +0x73 fp=0xc0004a35a8 sp=0xc0004a3548 pc=0x82ecf3
cmd/go/internal/modfetch.TryProxies(0xc0004a3680)
	cmd/go/internal/modfetch/proxy.go:164 +0xaf fp=0xc0004a3628 sp=0xc0004a35a8 pc=0x8417cf
cmd/go/internal/modfetch.GoMod({0xcd0a58, 0x1339ea0}, {0xc000248500, 0x1a}, {0xc0002447b0, 0x24})
	cmd/go/internal/modfetch/cache.go:410 +0x258 fp=0xc0004a36f8 sp=0xc0004a3628 pc=0x82ebb8
cmd/go/internal/modload.rawGoModData({{0xc000248500?, 0xc0003948b0?}, {0xc0002447b0?, 0xb58360?}})
	cmd/go/internal/modload/modfile.go:786 +0x15f fp=0xc0004a3858 sp=0xc0004a36f8 pc=0x8a3e3f
cmd/go/internal/modload.rawGoModSummary.func1()
	cmd/go/internal/modload/modfile.go:695 +0x59 fp=0xc0004a39c0 sp=0xc0004a3858 pc=0x8a33b9
cmd/internal/par.(*ErrCache[...]).Do.func1()
	cmd/internal/par/work.go:119 +0x13 fp=0xc0004a39d0 sp=0xc0004a39c0 pc=0x8b3b33
cmd/internal/par.(*Cache[...]).Do(0xcd5240, {{0xc000248500, 0x1a}, {0xc0002447b0, 0x24}}, 0xc000394a80)
	cmd/internal/par/work.go:160 +0x13c fp=0xc0004a3a48 sp=0xc0004a39d0 pc=0x8b3d7c
cmd/internal/par.(*ErrCache[...]).Do(0x0?, {{0xc000248500?, 0xc0002446f0?}, {0xc0002447b0?, 0x0?}}, 0xba3f93?)
	cmd/internal/par/work.go:118 +0x45 fp=0xc0004a3aa8 sp=0xc0004a3a48 pc=0x8b3ac5
cmd/go/internal/modload.rawGoModSummary({{0xc000248500?, 0xc0101000019e170?}, {0xc0002447b0?, 0xffff9aca88a0?}})
	cmd/go/internal/modload/modfile.go:693 +0x385 fp=0xc0004a3b58 sp=0xc0004a3aa8 pc=0x8a3265
cmd/go/internal/modload.goModSummary({{0xc000248500?, 0x3c?}, {0xc0002447b0?, 0xc000096060?}})
	cmd/go/internal/modload/modfile.go:602 +0x3ae fp=0xc0004a3ca8 sp=0xc0004a3b58 pc=0x8a27ee
cmd/go/internal/modload.readModGraph.func2.1()
	cmd/go/internal/modload/buildlist.go:380 +0x65 fp=0xc0004a3d48 sp=0xc0004a3ca8 pc=0x86e345
cmd/internal/par.(*ErrCache[...]).Do.func1()
	cmd/internal/par/work.go:119 +0x13 fp=0xc0004a3d58 sp=0xc0004a3d48 pc=0x8b3b33
cmd/internal/par.(*Cache[...]).Do(0xcd5240, {{0xc000248500, 0x1a}, {0xc0002447b0, 0x24}}, 0xc000394e08)
	cmd/internal/par/work.go:160 +0x13c fp=0xc0004a3dd0 sp=0xc0004a3d58 pc=0x8b3d7c
cmd/internal/par.(*ErrCache[...]).Do(0x0?, {{0xc000248500?, 0x0?}, {0xc0002447b0?, 0x0?}}, 0x0?)
	cmd/internal/par/work.go:118 +0x45 fp=0xc0004a3e30 sp=0xc0004a3dd0 pc=0x8b3ac5
cmd/go/internal/modload.readModGraph.func2({{0xc000248500?, 0x0?}, {0xc0002447b0?, 0x0?}})
	cmd/go/internal/modload/buildlist.go:379 +0x9b fp=0xc0004a3eb8 sp=0xc0004a3e30 pc=0x86e29b
cmd/go/internal/modload.readModGraph.func3.1()
	cmd/go/internal/modload/buildlist.go:408 +0x56 fp=0xc0004a3f60 sp=0xc0004a3eb8 pc=0x86e0d6
cmd/internal/par.(*Queue).Add.func1()
	cmd/internal/par/queue.go:58 +0x5c fp=0xc0004a3fe0 sp=0xc0004a3f60 pc=0x5edd3c
runtime.goexit({})
	runtime/asm_amd64.s:1700 +0x1 fp=0xc0004a3fe8 sp=0xc0004a3fe0 pc=0x487861
created by cmd/internal/par.(*Queue).Add in goroutine 1
	cmd/internal/par/queue.go:56 +0x1d3

goroutine 37 gp=0xc00026c540 m=nil [select]:
runtime.gopark(0xc0002d04b0?, 0x2?, 0x52?, 0x14?, 0xc0002d03e4?)
	runtime/proc.go:435 +0xce fp=0xc0002d0270 sp=0xc0002d0250 pc=0x47fa2e
runtime.selectgo(0xc0002d04b0, 0xc0002d03e0, 0x7?, 0x0, 0x45e910?, 0x1)
	runtime/select.go:351 +0x837 fp=0xc0002d03a8 sp=0xc0002d0270 pc=0x45d597
net/http.(*Transport).getConn(0x12c2960, 0xc0001e0140, {{}, 0x0, {0xc0001e4000, 0x5}, {0xc0001e6018, 0x14}, 0x0})
	net/http/transport.go:1523 +0x4ae fp=0xc0002d0580 sp=0xc0002d03a8 pc=0x7b0b4e
net/http.(*Transport).roundTrip(0x12c2960, 0xc0001e2280)
	net/http/transport.go:685 +0xb57 fp=0xc0002d0778 sp=0xc0002d0580 pc=0x7ac877
net/http.(*Transport).RoundTrip(0xc000100008?, 0xccade0?)
	net/http/roundtrip.go:30 +0x13 fp=0xc0002d0798 sp=0xc0002d0778 pc=0x7bb013
net/http.send(0xc0001e2280, {0xccade0, 0x12c2960}, {0x60ac01?, 0x47c46c?, 0x0?})
	net/http/client.go:259 +0x5e2 fp=0xc0002d0988 sp=0xc0002d0798 pc=0x777882
net/http.(*Client).send(0xc00020b560, 0xc0001e2280, {0x47c318?, 0x6400000000000001?, 0x0?})
	net/http/client.go:180 +0x91 fp=0xc0002d0a00 sp=0xc0002d0988 pc=0x777131
net/http.(*Client).do(0xc00020b560, 0xc0001e2280)
	net/http/client.go:728 +0x989 fp=0xc0002d0bf0 sp=0xc0002d0a00 pc=0x779669
net/http.(*Client).Do(...)
	net/http/client.go:587
cmd/go/internal/web.get.func1(0xc0002d0f88)
	cmd/go/internal/web/http.go:159 +0x3cb fp=0xc0002d0d68 sp=0xc0002d0bf0 pc=0x7ce02b
cmd/go/internal/web.get(0x1, 0xc0002d1050)
	cmd/go/internal/web/http.go:206 +0x482 fp=0xc0002d1028 sp=0xc0002d0d68 pc=0x7cd102
cmd/go/internal/web.Get(...)
	cmd/go/internal/web/api.go:186
cmd/go/internal/modfetch.(*proxyRepo).getBody(0xc0001e00a0, {0xba3421?, 0xe?}, {0xc000291218, 0xe})
	cmd/go/internal/modfetch/proxy.go:282 +0x13f fp=0xc0002d1118 sp=0xc0002d1028 pc=0x84257f
cmd/go/internal/modfetch.(*proxyRepo).getBytes(0xc000204f80?, {0xcd0a58?, 0x1339ea0?}, {0xc000291218?, 0x82d4b4?})
	cmd/go/internal/modfetch/proxy.go:260 +0x5b fp=0xc0002d11e0 sp=0xc0002d1118 pc=0x84213b
cmd/go/internal/modfetch.(*proxyRepo).GoMod(0xc0001e00a0, {0xcd0a58, 0x1339ea0}, {0xc000204f80, 0x7})
	cmd/go/internal/modfetch/proxy.go:412 +0x10d fp=0xc0002d1248 sp=0xc0002d11e0 pc=0x84386d
cmd/go/internal/modfetch.(*cachingRepo).GoMod.func1()
	cmd/go/internal/modfetch/cache.go:318 +0xa5 fp=0xc0002d1300 sp=0xc0002d1248 pc=0x82e1e5
cmd/internal/par.(*ErrCache[...]).Do.func1()
	cmd/internal/par/work.go:119 +0x28 fp=0xc0002d1338 sp=0xc0002d1300 pc=0x848a88
cmd/internal/par.(*Cache[...]).Do(0xcd54c0, {0xc000204f80, 0x7}, 0xc000291468)
	cmd/internal/par/work.go:160 +0x156 fp=0xc0002d1418 sp=0xc0002d1338 pc=0x848d76
cmd/internal/par.(*ErrCache[...]).Do(0x843fac?, {0xc000204f80?, 0xcd53c0?}, 0xc000248120?)
	cmd/internal/par/work.go:118 +0x47 fp=0xc0002d14b8 sp=0xc0002d1418 pc=0x8489a7
cmd/go/internal/modfetch.(*cachingRepo).GoMod(0xcd0a58?, {0xcd0a58?, 0x1339ea0?}, {0xc000204f80, 0x7})
	cmd/go/internal/modfetch/cache.go:311 +0xfa fp=0xc0002d1548 sp=0xc0002d14b8 pc=0x82e05a
cmd/go/internal/modfetch.GoMod.func2({0xc000248120?, 0x0?})
	cmd/go/internal/modfetch/cache.go:411 +0x73 fp=0xc0002d15a8 sp=0xc0002d1548 pc=0x82ecf3
cmd/go/internal/modfetch.TryProxies(0xc0002d1680)
	cmd/go/internal/modfetch/proxy.go:164 +0xaf fp=0xc0002d1628 sp=0xc0002d15a8 pc=0x8417cf
cmd/go/internal/modfetch.GoMod({0xcd0a58, 0x1339ea0}, {0xc0002447e0, 0x21}, {0xc000204f80, 0x7})
	cmd/go/internal/modfetch/cache.go:410 +0x258 fp=0xc0002d16f8 sp=0xc0002d1628 pc=0x82ebb8
cmd/go/internal/modload.rawGoModData({{0xc0002447e0?, 0x47d499?}, {0xc000204f80?, 0xb58360?}})
	cmd/go/internal/modload/modfile.go:786 +0x15f fp=0xc0002d1858 sp=0xc0002d16f8 pc=0x8a3e3f
cmd/go/internal/modload.rawGoModSummary.func1()
	cmd/go/internal/modload/modfile.go:695 +0x59 fp=0xc0002d19c0 sp=0xc0002d1858 pc=0x8a33b9
cmd/internal/par.(*ErrCache[...]).Do.func1()
	cmd/internal/par/work.go:119 +0x13 fp=0xc0002d19d0 sp=0xc0002d19c0 pc=0x8b3b33
cmd/internal/par.(*Cache[...]).Do(0xcd5240, {{0xc0002447e0, 0x21}, {0xc000204f80, 0x7}}, 0xc00006fa80)
	cmd/internal/par/work.go:160 +0x13c fp=0xc0002d1a48 sp=0xc0002d19d0 pc=0x8b3d7c
cmd/internal/par.(*ErrCache[...]).Do(0x0?, {{0xc0002447e0?, 0xc0002446f0?}, {0xc000204f80?, 0x0?}}, 0xba3f93?)
	cmd/internal/par/work.go:118 +0x45 fp=0xc0002d1aa8 sp=0xc0002d1a48 pc=0x8b3ac5
cmd/go/internal/modload.rawGoModSummary({{0xc0002447e0?, 0x0?}, {0xc000204f80?, 0x0?}})
	cmd/go/internal/modload/modfile.go:693 +0x385 fp=0xc0002d1b58 sp=0xc0002d1aa8 pc=0x8a3265
cmd/go/internal/modload.goModSummary({{0xc0002447e0?, 0x3c?}, {0xc000204f80?, 0xffff91472f28?}})
	cmd/go/internal/modload/modfile.go:602 +0x3ae fp=0xc0002d1ca8 sp=0xc0002d1b58 pc=0x8a27ee
cmd/go/internal/modload.readModGraph.func2.1()
	cmd/go/internal/modload/buildlist.go:380 +0x65 fp=0xc0002d1d48 sp=0xc0002d1ca8 pc=0x86e345
cmd/internal/par.(*ErrCache[...]).Do.func1()
	cmd/internal/par/work.go:119 +0x13 fp=0xc0002d1d58 sp=0xc0002d1d48 pc=0x8b3b33
cmd/internal/par.(*Cache[...]).Do(0xcd5240, {{0xc0002447e0, 0x21}, {0xc000204f80, 0x7}}, 0xc00006fe08)
	cmd/internal/par/work.go:160 +0x13c fp=0xc0002d1dd0 sp=0xc0002d1d58 pc=0x8b3d7c
cmd/internal/par.(*ErrCache[...]).Do(0x0?, {{0xc0002447e0?, 0x0?}, {0xc000204f80?, 0x0?}}, 0x0?)
	cmd/internal/par/work.go:118 +0x45 fp=0xc0002d1e30 sp=0xc0002d1dd0 pc=0x8b3ac5
cmd/go/internal/modload.readModGraph.func2({{0xc0002447e0?, 0x0?}, {0xc000204f80?, 0x0?}})
	cmd/go/internal/modload/buildlist.go:379 +0x9b fp=0xc0002d1eb8 sp=0xc0002d1e30 pc=0x86e29b
cmd/go/internal/modload.readModGraph.func3.1()
	cmd/go/internal/modload/buildlist.go:408 +0x56 fp=0xc0002d1f60 sp=0xc0002d1eb8 pc=0x86e0d6
cmd/internal/par.(*Queue).Add.func1()
	cmd/internal/par/queue.go:58 +0x5c fp=0xc0002d1fe0 sp=0xc0002d1f60 pc=0x5edd3c
runtime.goexit({})
	runtime/asm_amd64.s:1700 +0x1 fp=0xc0002d1fe8 sp=0xc0002d1fe0 pc=0x487861
created by cmd/internal/par.(*Queue).Add in goroutine 1
	cmd/internal/par/queue.go:56 +0x1d3

goroutine 38 gp=0xc00026c700 m=nil [select]:
runtime.gopark(0xc00049e4b0?, 0x2?, 0x52?, 0x14?, 0xc00049e3e4?)
	runtime/proc.go:435 +0xce fp=0xc00049e270 sp=0xc00049e250 pc=0x47fa2e
runtime.selectgo(0xc00049e4b0, 0xc00049e3e0, 0x14?, 0x0, 0x47d000?, 0x1)
	runtime/select.go:351 +0x837 fp=0xc00049e3a8 sp=0xc00049e270 pc=0x45d597
net/http.(*Transport).getConn(0x12c2960, 0xc0004300f0, {{}, 0x0, {0xc0001d8320, 0x5}, {0xc00043e018, 0x14}, 0x0})
	net/http/transport.go:1523 +0x4ae fp=0xc00049e580 sp=0xc00049e3a8 pc=0x7b0b4e
net/http.(*Transport).roundTrip(0x12c2960, 0xc0001e2140)
	net/http/transport.go:685 +0xb57 fp=0xc00049e778 sp=0xc00049e580 pc=0x7ac877
net/http.(*Transport).RoundTrip(0xc000100008?, 0xccade0?)
	net/http/roundtrip.go:30 +0x13 fp=0xc00049e798 sp=0xc00049e778 pc=0x7bb013
net/http.send(0xc0001e2140, {0xccade0, 0x12c2960}, {0x60ac01?, 0x47c46c?, 0x0?})
	net/http/client.go:259 +0x5e2 fp=0xc00049e988 sp=0xc00049e798 pc=0x777882
net/http.(*Client).send(0xc00020b560, 0xc0001e2140, {0x47c318?, 0x6400000000000001?, 0x0?})
	net/http/client.go:180 +0x91 fp=0xc00049ea00 sp=0xc00049e988 pc=0x777131
net/http.(*Client).do(0xc00020b560, 0xc0001e2140)
	net/http/client.go:728 +0x989 fp=0xc00049ebf0 sp=0xc00049ea00 pc=0x779669
net/http.(*Client).Do(...)
	net/http/client.go:587
cmd/go/internal/web.get.func1(0xc00049ef88)
	cmd/go/internal/web/http.go:159 +0x3cb fp=0xc00049ed68 sp=0xc00049ebf0 pc=0x7ce02b
cmd/go/internal/web.get(0x1, 0xc00049f050)
	cmd/go/internal/web/http.go:206 +0x482 fp=0xc00049f028 sp=0xc00049ed68 pc=0x7cd102
cmd/go/internal/web.Get(...)
	cmd/go/internal/web/api.go:186
cmd/go/internal/modfetch.(*proxyRepo).getBody(0xc0001e0050, {0xba3421?, 0xd?}, {0xc00009f218, 0xd})
	cmd/go/internal/modfetch/proxy.go:282 +0x13f fp=0xc00049f118 sp=0xc00049f028 pc=0x84257f
cmd/go/internal/modfetch.(*proxyRepo).getBytes(0xc000204f88?, {0xcd0a58?, 0x1339ea0?}, {0xc00009f218?, 0x82d4b4?})
	cmd/go/internal/modfetch/proxy.go:260 +0x5b fp=0xc00049f1e0 sp=0xc00049f118 pc=0x84213b
cmd/go/internal/modfetch.(*proxyRepo).GoMod(0xc0001e0050, {0xcd0a58, 0x1339ea0}, {0xc000204f88, 0x6})
	cmd/go/internal/modfetch/proxy.go:412 +0x10d fp=0xc00049f248 sp=0xc00049f1e0 pc=0x84386d
cmd/go/internal/modfetch.(*cachingRepo).GoMod.func1()
	cmd/go/internal/modfetch/cache.go:318 +0xa5 fp=0xc00049f300 sp=0xc00049f248 pc=0x82e1e5
cmd/internal/par.(*ErrCache[...]).Do.func1()
	cmd/internal/par/work.go:119 +0x28 fp=0xc00049f338 sp=0xc00049f300 pc=0x848a88
cmd/internal/par.(*Cache[...]).Do(0xcd54c0, {0xc000204f88, 0x6}, 0xc00009f468)
	cmd/internal/par/work.go:160 +0x156 fp=0xc00049f418 sp=0xc00049f338 pc=0x848d76
cmd/internal/par.(*ErrCache[...]).Do(0x843fac?, {0xc000204f88?, 0xcd53c0?}, 0xc000248120?)
	cmd/internal/par/work.go:118 +0x47 fp=0xc00049f4b8 sp=0xc00049f418 pc=0x8489a7
cmd/go/internal/modfetch.(*cachingRepo).GoMod(0xcd0a58?, {0xcd0a58?, 0x1339ea0?}, {0xc000204f88, 0x6})
	cmd/go/internal/modfetch/cache.go:311 +0xfa fp=0xc00049f548 sp=0xc00049f4b8 pc=0x82e05a
cmd/go/internal/modfetch.GoMod.func2({0xc000248120?, 0x0?})
	cmd/go/internal/modfetch/cache.go:411 +0x73 fp=0xc00049f5a8 sp=0xc00049f548 pc=0x82ecf3
cmd/go/internal/modfetch.TryProxies(0xc00049f680)
	cmd/go/internal/modfetch/proxy.go:164 +0xaf fp=0xc00049f628 sp=0xc00049f5a8 pc=0x8417cf
cmd/go/internal/modfetch.GoMod({0xcd0a58, 0x1339ea0}, {0xc000248520, 0x1c}, {0xc000204f88, 0x6})
	cmd/go/internal/modfetch/cache.go:410 +0x258 fp=0xc00049f6f8 sp=0xc00049f628 pc=0x82ebb8
cmd/go/internal/modload.rawGoModData({{0xc000248520?, 0x47d499?}, {0xc000204f88?, 0xb58360?}})
	cmd/go/internal/modload/modfile.go:786 +0x15f fp=0xc00049f858 sp=0xc00049f6f8 pc=0x8a3e3f
cmd/go/internal/modload.rawGoModSummary.func1()
	cmd/go/internal/modload/modfile.go:695 +0x59 fp=0xc00049f9c0 sp=0xc00049f858 pc=0x8a33b9
cmd/internal/par.(*ErrCache[...]).Do.func1()
	cmd/internal/par/work.go:119 +0x13 fp=0xc00049f9d0 sp=0xc00049f9c0 pc=0x8b3b33
cmd/internal/par.(*Cache[...]).Do(0xcd5240, {{0xc000248520, 0x1c}, {0xc000204f88, 0x6}}, 0xc000073a80)
	cmd/internal/par/work.go:160 +0x13c fp=0xc00049fa48 sp=0xc00049f9d0 pc=0x8b3d7c
cmd/internal/par.(*ErrCache[...]).Do(0x0?, {{0xc000248520?, 0xc0002446f0?}, {0xc000204f88?, 0x0?}}, 0xba3f93?)
	cmd/internal/par/work.go:118 +0x45 fp=0xc00049faa8 sp=0xc00049fa48 pc=0x8b3ac5
cmd/go/internal/modload.rawGoModSummary({{0xc000248520?, 0x0?}, {0xc000204f88?, 0x432625?}})
	cmd/go/internal/modload/modfile.go:693 +0x385 fp=0xc00049fb58 sp=0xc00049faa8 pc=0x8a3265
cmd/go/internal/modload.goModSummary({{0xc000248520?, 0x3c?}, {0xc000204f88?, 0xffff9acb2f10?}})
	cmd/go/internal/modload/modfile.go:602 +0x3ae fp=0xc00049fca8 sp=0xc00049fb58 pc=0x8a27ee
cmd/go/internal/modload.readModGraph.func2.1()
	cmd/go/internal/modload/buildlist.go:380 +0x65 fp=0xc00049fd48 sp=0xc00049fca8 pc=0x86e345
cmd/internal/par.(*ErrCache[...]).Do.func1()
	cmd/internal/par/work.go:119 +0x13 fp=0xc00049fd58 sp=0xc00049fd48 pc=0x8b3b33
cmd/internal/par.(*Cache[...]).Do(0xcd5240, {{0xc000248520, 0x1c}, {0xc000204f88, 0x6}}, 0xc000073e08)
	cmd/internal/par/work.go:160 +0x13c fp=0xc00049fdd0 sp=0xc00049fd58 pc=0x8b3d7c
cmd/internal/par.(*ErrCache[...]).Do(0x0?, {{0xc000248520?, 0x0?}, {0xc000204f88?, 0x0?}}, 0x0?)
	cmd/internal/par/work.go:118 +0x45 fp=0xc00049fe30 sp=0xc00049fdd0 pc=0x8b3ac5
cmd/go/internal/modload.readModGraph.func2({{0xc000248520?, 0x0?}, {0xc000204f88?, 0x0?}})
	cmd/go/internal/modload/buildlist.go:379 +0x9b fp=0xc00049feb8 sp=0xc00049fe30 pc=0x86e29b
cmd/go/internal/modload.readModGraph.func3.1()
	cmd/go/internal/modload/buildlist.go:408 +0x56 fp=0xc00049ff60 sp=0xc00049feb8 pc=0x86e0d6
cmd/internal/par.(*Queue).Add.func1()
	cmd/internal/par/queue.go:58 +0x5c fp=0xc00049ffe0 sp=0xc00049ff60 pc=0x5edd3c
runtime.goexit({})
	runtime/asm_amd64.s:1700 +0x1 fp=0xc00049ffe8 sp=0xc00049ffe0 pc=0x487861
created by cmd/internal/par.(*Queue).Add in goroutine 1
	cmd/internal/par/queue.go:56 +0x1d3

goroutine 39 gp=0xc00026c8c0 m=nil [select]:
runtime.gopark(0xc0000b44b0?, 0x2?, 0x52?, 0x14?, 0xc0000b43e4?)
	runtime/proc.go:435 +0xce fp=0xc0000b4270 sp=0xc0000b4250 pc=0x47fa2e
runtime.selectgo(0xc0000b44b0, 0xc0000b43e0, 0x7?, 0x0, 0x45e910?, 0x1)
	runtime/select.go:351 +0x837 fp=0xc0000b43a8 sp=0xc0000b4270 pc=0x45d597
net/http.(*Transport).getConn(0x12c2960, 0xc0003ac050, {{}, 0x0, {0xc0004900a0, 0x5}, {0xc0003a8018, 0x14}, 0x0})
	net/http/transport.go:1523 +0x4ae fp=0xc0000b4580 sp=0xc0000b43a8 pc=0x7b0b4e
net/http.(*Transport).roundTrip(0x12c2960, 0xc00049a000)
	net/http/transport.go:685 +0xb57 fp=0xc0000b4778 sp=0xc0000b4580 pc=0x7ac877
net/http.(*Transport).RoundTrip(0xc000180008?, 0xccade0?)
	net/http/roundtrip.go:30 +0x13 fp=0xc0000b4798 sp=0xc0000b4778 pc=0x7bb013
net/http.send(0xc00049a000, {0xccade0, 0x12c2960}, {0x60ac01?, 0x47c46c?, 0x0?})
	net/http/client.go:259 +0x5e2 fp=0xc0000b4988 sp=0xc0000b4798 pc=0x777882
net/http.(*Client).send(0xc00020b560, 0xc00049a000, {0x47c318?, 0x640000000042a016?, 0x0?})
	net/http/client.go:180 +0x91 fp=0xc0000b4a00 sp=0xc0000b4988 pc=0x777131
net/http.(*Client).do(0xc00020b560, 0xc00049a000)
	net/http/client.go:728 +0x989 fp=0xc0000b4bf0 sp=0xc0000b4a00 pc=0x779669
net/http.(*Client).Do(...)
	net/http/client.go:587
cmd/go/internal/web.get.func1(0xc0000b4f88)
	cmd/go/internal/web/http.go:159 +0x3cb fp=0xc0000b4d68 sp=0xc0000b4bf0 pc=0x7ce02b
cmd/go/internal/web.get(0x1, 0xc0000b5050)
	cmd/go/internal/web/http.go:206 +0x482 fp=0xc0000b5028 sp=0xc0000b4d68 pc=0x7cd102
cmd/go/internal/web.Get(...)
	cmd/go/internal/web/api.go:186
cmd/go/internal/modfetch.(*proxyRepo).getBody(0xc000498000, {0xba3421?, 0xd?}, {0xc00009b218, 0xd})
	cmd/go/internal/modfetch/proxy.go:282 +0x13f fp=0xc0000b5118 sp=0xc0000b5028 pc=0x84257f
cmd/go/internal/modfetch.(*proxyRepo).getBytes(0xc000204fb0?, {0xcd0a58?, 0x1339ea0?}, {0xc00009b218?, 0x82d4b4?})
	cmd/go/internal/modfetch/proxy.go:260 +0x5b fp=0xc0000b51e0 sp=0xc0000b5118 pc=0x84213b
cmd/go/internal/modfetch.(*proxyRepo).GoMod(0xc000498000, {0xcd0a58, 0x1339ea0}, {0xc000204fb0, 0x6})
	cmd/go/internal/modfetch/proxy.go:412 +0x10d fp=0xc0000b5248 sp=0xc0000b51e0 pc=0x84386d
cmd/go/internal/modfetch.(*cachingRepo).GoMod.func1()
	cmd/go/internal/modfetch/cache.go:318 +0xa5 fp=0xc0000b5300 sp=0xc0000b5248 pc=0x82e1e5
cmd/internal/par.(*ErrCache[...]).Do.func1()
	cmd/internal/par/work.go:119 +0x28 fp=0xc0000b5338 sp=0xc0000b5300 pc=0x848a88
cmd/internal/par.(*Cache[...]).Do(0xcd54c0, {0xc000204fb0, 0x6}, 0xc00009b468)
	cmd/internal/par/work.go:160 +0x156 fp=0xc0000b5418 sp=0xc0000b5338 pc=0x848d76
cmd/internal/par.(*ErrCache[...]).Do(0x843fac?, {0xc000204fb0?, 0xcd53c0?}, 0xc000248120?)
	cmd/internal/par/work.go:118 +0x47 fp=0xc0000b54b8 sp=0xc0000b5418 pc=0x8489a7
cmd/go/internal/modfetch.(*cachingRepo).GoMod(0xcd0a58?, {0xcd0a58?, 0x1339ea0?}, {0xc000204fb0, 0x6})
	cmd/go/internal/modfetch/cache.go:311 +0xfa fp=0xc0000b5548 sp=0xc0000b54b8 pc=0x82e05a
cmd/go/internal/modfetch.GoMod.func2({0xc000248120?, 0x0?})
	cmd/go/internal/modfetch/cache.go:411 +0x73 fp=0xc0000b55a8 sp=0xc0000b5548 pc=0x82ecf3
cmd/go/internal/modfetch.TryProxies(0xc0000b5680)
	cmd/go/internal/modfetch/proxy.go:164 +0xaf fp=0xc0000b5628 sp=0xc0000b55a8 pc=0x8417cf
cmd/go/internal/modfetch.GoMod({0xcd0a58, 0x1339ea0}, {0xc000248540, 0x1c}, {0xc000204fb0, 0x6})
	cmd/go/internal/modfetch/cache.go:410 +0x258 fp=0xc0000b56f8 sp=0xc0000b5628 pc=0x82ebb8
cmd/go/internal/modload.rawGoModData({{0xc000248540?, 0x47d499?}, {0xc000204fb0?, 0xb58360?}})
	cmd/go/internal/modload/modfile.go:786 +0x15f fp=0xc0000b5858 sp=0xc0000b56f8 pc=0x8a3e3f
cmd/go/internal/modload.rawGoModSummary.func1()
	cmd/go/internal/modload/modfile.go:695 +0x59 fp=0xc0000b59c0 sp=0xc0000b5858 pc=0x8a33b9
cmd/internal/par.(*ErrCache[...]).Do.func1()
	cmd/internal/par/work.go:119 +0x13 fp=0xc0000b59d0 sp=0xc0000b59c0 pc=0x8b3b33
cmd/internal/par.(*Cache[...]).Do(0xcd5240, {{0xc000248540, 0x1c}, {0xc000204fb0, 0x6}}, 0xc000114a80)
	cmd/internal/par/work.go:160 +0x13c fp=0xc0000b5a48 sp=0xc0000b59d0 pc=0x8b3d7c
cmd/internal/par.(*ErrCache[...]).Do(0x0?, {{0xc000248540?, 0xc0002446f0?}, {0xc000204fb0?, 0x0?}}, 0xba3f93?)
	cmd/internal/par/work.go:118 +0x45 fp=0xc0000b5aa8 sp=0xc0000b5a48 pc=0x8b3ac5
cmd/go/internal/modload.rawGoModSummary({{0xc000248540?, 0x8?}, {0xc000204fb0?, 0x426405?}})
	cmd/go/internal/modload/modfile.go:693 +0x385 fp=0xc0000b5b58 sp=0xc0000b5aa8 pc=0x8a3265
cmd/go/internal/modload.goModSummary({{0xc000248540?, 0x3c?}, {0xc000204fb0?, 0xffff91470868?}})
	cmd/go/internal/modload/modfile.go:602 +0x3ae fp=0xc0000b5ca8 sp=0xc0000b5b58 pc=0x8a27ee
cmd/go/internal/modload.readModGraph.func2.1()
	cmd/go/internal/modload/buildlist.go:380 +0x65 fp=0xc0000b5d48 sp=0xc0000b5ca8 pc=0x86e345
cmd/internal/par.(*ErrCache[...]).Do.func1()
	cmd/internal/par/work.go:119 +0x13 fp=0xc0000b5d58 sp=0xc0000b5d48 pc=0x8b3b33
cmd/internal/par.(*Cache[...]).Do(0xcd5240, {{0xc000248540, 0x1c}, {0xc000204fb0, 0x6}}, 0xc000114e08)
	cmd/internal/par/work.go:160 +0x13c fp=0xc0000b5dd0 sp=0xc0000b5d58 pc=0x8b3d7c
cmd/internal/par.(*ErrCache[...]).Do(0x0?, {{0xc000248540?, 0x0?}, {0xc000204fb0?, 0x0?}}, 0x0?)
	cmd/internal/par/work.go:118 +0x45 fp=0xc0000b5e30 sp=0xc0000b5dd0 pc=0x8b3ac5
cmd/go/internal/modload.readModGraph.func2({{0xc000248540?, 0x0?}, {0xc000204fb0?, 0x0?}})
	cmd/go/internal/modload/buildlist.go:379 +0x9b fp=0xc0000b5eb8 sp=0xc0000b5e30 pc=0x86e29b
cmd/go/internal/modload.readModGraph.func3.1()
	cmd/go/internal/modload/buildlist.go:408 +0x56 fp=0xc0000b5f60 sp=0xc0000b5eb8 pc=0x86e0d6
cmd/internal/par.(*Queue).Add.func1()
	cmd/internal/par/queue.go:58 +0x5c fp=0xc0000b5fe0 sp=0xc0000b5f60 pc=0x5edd3c
runtime.goexit({})
	runtime/asm_amd64.s:1700 +0x1 fp=0xc0000b5fe8 sp=0xc0000b5fe0 pc=0x487861
created by cmd/internal/par.(*Queue).Add in goroutine 1
	cmd/internal/par/queue.go:56 +0x1d3

goroutine 40 gp=0xc00026ca80 m=nil [select]:
runtime.gopark(0xc0002d44b0?, 0x2?, 0x52?, 0x14?, 0xc0002d43e4?)
	runtime/proc.go:435 +0xce fp=0xc0002d4270 sp=0xc0002d4250 pc=0x47fa2e
runtime.selectgo(0xc0002d44b0, 0xc0002d43e0, 0x7?, 0x0, 0x45e910?, 0x1)
	runtime/select.go:351 +0x837 fp=0xc0002d43a8 sp=0xc0002d4270 pc=0x45d597
net/http.(*Transport).getConn(0x12c2960, 0xc00023b360, {{}, 0x0, {0xc000424140, 0x5}, {0xc0002109c0, 0x14}, 0x0})
	net/http/transport.go:1523 +0x4ae fp=0xc0002d4580 sp=0xc0002d43a8 pc=0x7b0b4e
net/http.(*Transport).roundTrip(0x12c2960, 0xc000432000)
	net/http/transport.go:685 +0xb57 fp=0xc0002d4778 sp=0xc0002d4580 pc=0x7ac877
net/http.(*Transport).RoundTrip(0xc000380008?, 0xccade0?)
	net/http/roundtrip.go:30 +0x13 fp=0xc0002d4798 sp=0xc0002d4778 pc=0x7bb013
net/http.send(0xc000432000, {0xccade0, 0x12c2960}, {0x1?, 0x47c46c?, 0x0?})
	net/http/client.go:259 +0x5e2 fp=0xc0002d4988 sp=0xc0002d4798 pc=0x777882
net/http.(*Client).send(0xc00020b560, 0xc000432000, {0x47c318?, 0x640000000042a016?, 0x0?})
	net/http/client.go:180 +0x91 fp=0xc0002d4a00 sp=0xc0002d4988 pc=0x777131
net/http.(*Client).do(0xc00020b560, 0xc000432000)
	net/http/client.go:728 +0x989 fp=0xc0002d4bf0 sp=0xc0002d4a00 pc=0x779669
net/http.(*Client).Do(...)
	net/http/client.go:587
cmd/go/internal/web.get.func1(0xc0002d4f88)
	cmd/go/internal/web/http.go:159 +0x3cb fp=0xc0002d4d68 sp=0xc0002d4bf0 pc=0x7ce02b
cmd/go/internal/web.get(0x1, 0xc0002d5050)
	cmd/go/internal/web/http.go:206 +0x482 fp=0xc0002d5028 sp=0xc0002d4d68 pc=0x7cd102
cmd/go/internal/web.Get(...)
	cmd/go/internal/web/api.go:186
cmd/go/internal/modfetch.(*proxyRepo).getBody(0xc000430000, {0xba3421?, 0xd?}, {0xc00041d218, 0xd})
	cmd/go/internal/modfetch/proxy.go:282 +0x13f fp=0xc0002d5118 sp=0xc0002d5028 pc=0x84257f
cmd/go/internal/modfetch.(*proxyRepo).getBytes(0xc000204fb6?, {0xcd0a58?, 0x1339ea0?}, {0xc00041d218?, 0x82d4b4?})
	cmd/go/internal/modfetch/proxy.go:260 +0x5b fp=0xc0002d51e0 sp=0xc0002d5118 pc=0x84213b
cmd/go/internal/modfetch.(*proxyRepo).GoMod(0xc000430000, {0xcd0a58, 0x1339ea0}, {0xc000204fb6, 0x6})
	cmd/go/internal/modfetch/proxy.go:412 +0x10d fp=0xc0002d5248 sp=0xc0002d51e0 pc=0x84386d
cmd/go/internal/modfetch.(*cachingRepo).GoMod.func1()
	cmd/go/internal/modfetch/cache.go:318 +0xa5 fp=0xc0002d5300 sp=0xc0002d5248 pc=0x82e1e5
cmd/internal/par.(*ErrCache[...]).Do.func1()
	cmd/internal/par/work.go:119 +0x28 fp=0xc0002d5338 sp=0xc0002d5300 pc=0x848a88
cmd/internal/par.(*Cache[...]).Do(0xcd54c0, {0xc000204fb6, 0x6}, 0xc00041d468)
	cmd/internal/par/work.go:160 +0x156 fp=0xc0002d5418 sp=0xc0002d5338 pc=0x848d76
cmd/internal/par.(*ErrCache[...]).Do(0x843fac?, {0xc000204fb6?, 0xcd53c0?}, 0xc000248120?)
	cmd/internal/par/work.go:118 +0x47 fp=0xc0002d54b8 sp=0xc0002d5418 pc=0x8489a7
cmd/go/internal/modfetch.(*cachingRepo).GoMod(0xcd0a58?, {0xcd0a58?, 0x1339ea0?}, {0xc000204fb6, 0x6})
	cmd/go/internal/modfetch/cache.go:311 +0xfa fp=0xc0002d5548 sp=0xc0002d54b8 pc=0x82e05a
cmd/go/internal/modfetch.GoMod.func2({0xc000248120?, 0x0?})
	cmd/go/internal/modfetch/cache.go:411 +0x73 fp=0xc0002d55a8 sp=0xc0002d5548 pc=0x82ecf3
cmd/go/internal/modfetch.TryProxies(0xc0002d5680)
	cmd/go/internal/modfetch/proxy.go:164 +0xaf fp=0xc0002d5628 sp=0xc0002d55a8 pc=0x8417cf
cmd/go/internal/modfetch.GoMod({0xcd0a58, 0x1339ea0}, {0xc000248560, 0x1c}, {0xc000204fb6, 0x6})
	cmd/go/internal/modfetch/cache.go:410 +0x258 fp=0xc0002d56f8 sp=0xc0002d5628 pc=0x82ebb8
cmd/go/internal/modload.rawGoModData({{0xc000248560?, 0xc0003908b0?}, {0xc000204fb6?, 0xb58360?}})
	cmd/go/internal/modload/modfile.go:786 +0x15f fp=0xc0002d5858 sp=0xc0002d56f8 pc=0x8a3e3f
cmd/go/internal/modload.rawGoModSummary.func1()
	cmd/go/internal/modload/modfile.go:695 +0x59 fp=0xc0002d59c0 sp=0xc0002d5858 pc=0x8a33b9
cmd/internal/par.(*ErrCache[...]).Do.func1()
	cmd/internal/par/work.go:119 +0x13 fp=0xc0002d59d0 sp=0xc0002d59c0 pc=0x8b3b33
cmd/internal/par.(*Cache[...]).Do(0xcd5240, {{0xc000248560, 0x1c}, {0xc000204fb6, 0x6}}, 0xc000390a80)
	cmd/internal/par/work.go:160 +0x13c fp=0xc0002d5a48 sp=0xc0002d59d0 pc=0x8b3d7c
cmd/internal/par.(*ErrCache[...]).Do(0x0?, {{0xc000248560?, 0xc0002446f0?}, {0xc000204fb6?, 0x0?}}, 0xba3f93?)
	cmd/internal/par/work.go:118 +0x45 fp=0xc0002d5aa8 sp=0xc0002d5a48 pc=0x8b3ac5
cmd/go/internal/modload.rawGoModSummary({{0xc000248560?, 0xc01010000312010?}, {0xc000204fb6?, 0xffff9aca8d58?}})
	cmd/go/internal/modload/modfile.go:693 +0x385 fp=0xc0002d5b58 sp=0xc0002d5aa8 pc=0x8a3265
cmd/go/internal/modload.goModSummary({{0xc000248560?, 0x3c?}, {0xc000204fb6?, 0xc000096068?}})
	cmd/go/internal/modload/modfile.go:602 +0x3ae fp=0xc0002d5ca8 sp=0xc0002d5b58 pc=0x8a27ee
cmd/go/internal/modload.readModGraph.func2.1()
	cmd/go/internal/modload/buildlist.go:380 +0x65 fp=0xc0002d5d48 sp=0xc0002d5ca8 pc=0x86e345
cmd/internal/par.(*ErrCache[...]).Do.func1()
	cmd/internal/par/work.go:119 +0x13 fp=0xc0002d5d58 sp=0xc0002d5d48 pc=0x8b3b33
cmd/internal/par.(*Cache[...]).Do(0xcd5240, {{0xc000248560, 0x1c}, {0xc000204fb6, 0x6}}, 0xc000390e08)
	cmd/internal/par/work.go:160 +0x13c fp=0xc0002d5dd0 sp=0xc0002d5d58 pc=0x8b3d7c
cmd/internal/par.(*ErrCache[...]).Do(0x0?, {{0xc000248560?, 0x0?}, {0xc000204fb6?, 0x0?}}, 0x0?)
	cmd/internal/par/work.go:118 +0x45 fp=0xc0002d5e30 sp=0xc0002d5dd0 pc=0x8b3ac5
cmd/go/internal/modload.readModGraph.func2({{0xc000248560?, 0x0?}, {0xc000204fb6?, 0x0?}})
	cmd/go/internal/modload/buildlist.go:379 +0x9b fp=0xc0002d5eb8 sp=0xc0002d5e30 pc=0x86e29b
cmd/go/internal/modload.readModGraph.func3.1()
	cmd/go/internal/modload/buildlist.go:408 +0x56 fp=0xc0002d5f60 sp=0xc0002d5eb8 pc=0x86e0d6
cmd/internal/par.(*Queue).Add.func1()
	cmd/internal/par/queue.go:58 +0x5c fp=0xc0002d5fe0 sp=0xc0002d5f60 pc=0x5edd3c
runtime.goexit({})
	runtime/asm_amd64.s:1700 +0x1 fp=0xc0002d5fe8 sp=0xc0002d5fe0 pc=0x487861
created by cmd/internal/par.(*Queue).Add in goroutine 1
	cmd/internal/par/queue.go:56 +0x1d3

goroutine 41 gp=0xc00026cc40 m=nil [select]:
runtime.gopark(0xc0000b04b0?, 0x2?, 0x52?, 0x14?, 0xc0000b03e4?)
	runtime/proc.go:435 +0xce fp=0xc0000b0270 sp=0xc0000b0250 pc=0x47fa2e
runtime.selectgo(0xc0000b04b0, 0xc0000b03e0, 0x7?, 0x0, 0x45e910?, 0x1)
	runtime/select.go:351 +0x837 fp=0xc0000b03a8 sp=0xc0000b0270 pc=0x45d597
net/http.(*Transport).getConn(0x12c2960, 0xc00012a050, {{}, 0x0, {0xc0000a20f0, 0x5}, {0xc000126018, 0x14}, 0x0})
	net/http/transport.go:1523 +0x4ae fp=0xc0000b0580 sp=0xc0000b03a8 pc=0x7b0b4e
net/http.(*Transport).roundTrip(0x12c2960, 0xc0000a8000)
	net/http/transport.go:685 +0xb57 fp=0xc0000b0778 sp=0xc0000b0580 pc=0x7ac877
net/http.(*Transport).RoundTrip(0xc000180008?, 0xccade0?)
	net/http/roundtrip.go:30 +0x13 fp=0xc0000b0798 sp=0xc0000b0778 pc=0x7bb013
net/http.send(0xc0000a8000, {0xccade0, 0x12c2960}, {0x60ac01?, 0x47c46c?, 0x0?})
	net/http/client.go:259 +0x5e2 fp=0xc0000b0988 sp=0xc0000b0798 pc=0x777882
net/http.(*Client).send(0xc00020b560, 0xc0000a8000, {0x47c318?, 0x640000c0000b0a78?, 0x0?})
	net/http/client.go:180 +0x91 fp=0xc0000b0a00 sp=0xc0000b0988 pc=0x777131
net/http.(*Client).do(0xc00020b560, 0xc0000a8000)
	net/http/client.go:728 +0x989 fp=0xc0000b0bf0 sp=0xc0000b0a00 pc=0x779669
net/http.(*Client).Do(...)
	net/http/client.go:587
cmd/go/internal/web.get.func1(0xc0000b0f88)
	cmd/go/internal/web/http.go:159 +0x3cb fp=0xc0000b0d68 sp=0xc0000b0bf0 pc=0x7ce02b
cmd/go/internal/web.get(0x1, 0xc0000b1050)
	cmd/go/internal/web/http.go:206 +0x482 fp=0xc0000b1028 sp=0xc0000b0d68 pc=0x7cd102
cmd/go/internal/web.Get(...)
	cmd/go/internal/web/api.go:186
cmd/go/internal/modfetch.(*proxyRepo).getBody(0xc0000a6000, {0xba3421?, 0xd?}, {0xc00009d218, 0xd})
	cmd/go/internal/modfetch/proxy.go:282 +0x13f fp=0xc0000b1118 sp=0xc0000b1028 pc=0x84257f
cmd/go/internal/modfetch.(*proxyRepo).getBytes(0xc000204fe0?, {0xcd0a58?, 0x1339ea0?}, {0xc00009d218?, 0x82d4b4?})
	cmd/go/internal/modfetch/proxy.go:260 +0x5b fp=0xc0000b11e0 sp=0xc0000b1118 pc=0x84213b
cmd/go/internal/modfetch.(*proxyRepo).GoMod(0xc0000a6000, {0xcd0a58, 0x1339ea0}, {0xc000204fe0, 0x6})
	cmd/go/internal/modfetch/proxy.go:412 +0x10d fp=0xc0000b1248 sp=0xc0000b11e0 pc=0x84386d
cmd/go/internal/modfetch.(*cachingRepo).GoMod.func1()
	cmd/go/internal/modfetch/cache.go:318 +0xa5 fp=0xc0000b1300 sp=0xc0000b1248 pc=0x82e1e5
cmd/internal/par.(*ErrCache[...]).Do.func1()
	cmd/internal/par/work.go:119 +0x28 fp=0xc0000b1338 sp=0xc0000b1300 pc=0x848a88
cmd/internal/par.(*Cache[...]).Do(0xcd54c0, {0xc000204fe0, 0x6}, 0xc00009d468)
	cmd/internal/par/work.go:160 +0x156 fp=0xc0000b1418 sp=0xc0000b1338 pc=0x848d76
cmd/internal/par.(*ErrCache[...]).Do(0x843fac?, {0xc000204fe0?, 0xcd53c0?}, 0xc000248120?)
	cmd/internal/par/work.go:118 +0x47 fp=0xc0000b14b8 sp=0xc0000b1418 pc=0x8489a7
cmd/go/internal/modfetch.(*cachingRepo).GoMod(0xcd0a58?, {0xcd0a58?, 0x1339ea0?}, {0xc000204fe0, 0x6})
	cmd/go/internal/modfetch/cache.go:311 +0xfa fp=0xc0000b1548 sp=0xc0000b14b8 pc=0x82e05a
cmd/go/internal/modfetch.GoMod.func2({0xc000248120?, 0x0?})
	cmd/go/internal/modfetch/cache.go:411 +0x73 fp=0xc0000b15a8 sp=0xc0000b1548 pc=0x82ecf3
cmd/go/internal/modfetch.TryProxies(0xc0000b1680)
	cmd/go/internal/modfetch/proxy.go:164 +0xaf fp=0xc0000b1628 sp=0xc0000b15a8 pc=0x8417cf
cmd/go/internal/modfetch.GoMod({0xcd0a58, 0x1339ea0}, {0xc000210810, 0x17}, {0xc000204fe0, 0x6})
	cmd/go/internal/modfetch/cache.go:410 +0x258 fp=0xc0000b16f8 sp=0xc0000b1628 pc=0x82ebb8
cmd/go/internal/modload.rawGoModData({{0xc000210810?, 0x47d499?}, {0xc000204fe0?, 0xb58360?}})
	cmd/go/internal/modload/modfile.go:786 +0x15f fp=0xc0000b1858 sp=0xc0000b16f8 pc=0x8a3e3f
cmd/go/internal/modload.rawGoModSummary.func1()
	cmd/go/internal/modload/modfile.go:695 +0x59 fp=0xc0000b19c0 sp=0xc0000b1858 pc=0x8a33b9
cmd/internal/par.(*ErrCache[...]).Do.func1()
	cmd/internal/par/work.go:119 +0x13 fp=0xc0000b19d0 sp=0xc0000b19c0 pc=0x8b3b33
cmd/internal/par.(*Cache[...]).Do(0xcd5240, {{0xc000210810, 0x17}, {0xc000204fe0, 0x6}}, 0xc000114a80)
	cmd/internal/par/work.go:160 +0x13c fp=0xc0000b1a48 sp=0xc0000b19d0 pc=0x8b3d7c
cmd/internal/par.(*ErrCache[...]).Do(0x0?, {{0xc000210810?, 0xc0002446f0?}, {0xc000204fe0?, 0x0?}}, 0xba3f93?)
	cmd/internal/par/work.go:118 +0x45 fp=0xc0000b1aa8 sp=0xc0000b1a48 pc=0x8b3ac5
cmd/go/internal/modload.rawGoModSummary({{0xc000210810?, 0x8?}, {0xc000204fe0?, 0x426405?}})
	cmd/go/internal/modload/modfile.go:693 +0x385 fp=0xc0000b1b58 sp=0xc0000b1aa8 pc=0x8a3265
cmd/go/internal/modload.goModSummary({{0xc000210810?, 0x3c?}, {0xc000204fe0?, 0xffff91470868?}})
	cmd/go/internal/modload/modfile.go:602 +0x3ae fp=0xc0000b1ca8 sp=0xc0000b1b58 pc=0x8a27ee
cmd/go/internal/modload.readModGraph.func2.1()
	cmd/go/internal/modload/buildlist.go:380 +0x65 fp=0xc0000b1d48 sp=0xc0000b1ca8 pc=0x86e345
cmd/internal/par.(*ErrCache[...]).Do.func1()
	cmd/internal/par/work.go:119 +0x13 fp=0xc0000b1d58 sp=0xc0000b1d48 pc=0x8b3b33
cmd/internal/par.(*Cache[...]).Do(0xcd5240, {{0xc000210810, 0x17}, {0xc000204fe0, 0x6}}, 0xc000114e08)
	cmd/internal/par/work.go:160 +0x13c fp=0xc0000b1dd0 sp=0xc0000b1d58 pc=0x8b3d7c
cmd/internal/par.(*ErrCache[...]).Do(0x0?, {{0xc000210810?, 0x0?}, {0xc000204fe0?, 0x0?}}, 0x0?)
	cmd/internal/par/work.go:118 +0x45 fp=0xc0000b1e30 sp=0xc0000b1dd0 pc=0x8b3ac5
cmd/go/internal/modload.readModGraph.func2({{0xc000210810?, 0x0?}, {0xc000204fe0?, 0x0?}})
	cmd/go/internal/modload/buildlist.go:379 +0x9b fp=0xc0000b1eb8 sp=0xc0000b1e30 pc=0x86e29b
cmd/go/internal/modload.readModGraph.func3.1()
	cmd/go/internal/modload/buildlist.go:408 +0x56 fp=0xc0000b1f60 sp=0xc0000b1eb8 pc=0x86e0d6
cmd/internal/par.(*Queue).Add.func1()
	cmd/internal/par/queue.go:58 +0x5c fp=0xc0000b1fe0 sp=0xc0000b1f60 pc=0x5edd3c
runtime.goexit({})
	runtime/asm_amd64.s:1700 +0x1 fp=0xc0000b1fe8 sp=0xc0000b1fe0 pc=0x487861
created by cmd/internal/par.(*Queue).Add in goroutine 1
	cmd/internal/par/queue.go:56 +0x1d3

goroutine 42 gp=0xc00026ce00 m=nil [select]:
runtime.gopark(0xc0000b84b0?, 0x2?, 0x52?, 0x14?, 0xc0000b83e4?)
	runtime/proc.go:435 +0xce fp=0xc0000b8270 sp=0xc0000b8250 pc=0x47fa2e
runtime.selectgo(0xc0000b84b0, 0xc0000b83e0, 0x7?, 0x0, 0x45e910?, 0x1)
	runtime/select.go:351 +0x837 fp=0xc0000b83a8 sp=0xc0000b8270 pc=0x45d597
net/http.(*Transport).getConn(0x12c2960, 0xc0000a60a0, {{}, 0x0, {0xc000436000, 0x5}, {0xc0000001c8, 0x14}, 0x0})
	net/http/transport.go:1523 +0x4ae fp=0xc0000b8580 sp=0xc0000b83a8 pc=0x7b0b4e
net/http.(*Transport).roundTrip(0x12c2960, 0xc000432140)
	net/http/transport.go:685 +0xb57 fp=0xc0000b8778 sp=0xc0000b8580 pc=0x7ac877
net/http.(*Transport).RoundTrip(0xc00043bf80?, 0xccade0?)
	net/http/roundtrip.go:30 +0x13 fp=0xc0000b8798 sp=0xc0000b8778 pc=0x7bb013
net/http.send(0xc000432140, {0xccade0, 0x12c2960}, {0x1?, 0xffff4852d008?, 0x0?})
	net/http/client.go:259 +0x5e2 fp=0xc0000b8988 sp=0xc0000b8798 pc=0x777882
net/http.(*Client).send(0xc00020b560, 0xc000432140, {0x47c318?, 0x6400000000000004?, 0x0?})
	net/http/client.go:180 +0x91 fp=0xc0000b8a00 sp=0xc0000b8988 pc=0x777131
net/http.(*Client).do(0xc00020b560, 0xc000432140)
	net/http/client.go:728 +0x989 fp=0xc0000b8bf0 sp=0xc0000b8a00 pc=0x779669
net/http.(*Client).Do(...)
	net/http/client.go:587
cmd/go/internal/web.get.func1(0xc0000b8f88)
	cmd/go/internal/web/http.go:159 +0x3cb fp=0xc0000b8d68 sp=0xc0000b8bf0 pc=0x7ce02b
cmd/go/internal/web.get(0x1, 0xc0000b9050)
	cmd/go/internal/web/http.go:206 +0x482 fp=0xc0000b9028 sp=0xc0000b8d68 pc=0x7cd102
cmd/go/internal/web.Get(...)
	cmd/go/internal/web/api.go:186
cmd/go/internal/modfetch.(*proxyRepo).getBody(0xc000430050, {0xba3421?, 0xe?}, {0xc000295218, 0xe})
	cmd/go/internal/modfetch/proxy.go:282 +0x13f fp=0xc0000b9118 sp=0xc0000b9028 pc=0x84257f
cmd/go/internal/modfetch.(*proxyRepo).getBytes(0xc000204fe6?, {0xcd0a58?, 0x1339ea0?}, {0xc000295218?, 0x82d4b4?})
	cmd/go/internal/modfetch/proxy.go:260 +0x5b fp=0xc0000b91e0 sp=0xc0000b9118 pc=0x84213b
cmd/go/internal/modfetch.(*proxyRepo).GoMod(0xc000430050, {0xcd0a58, 0x1339ea0}, {0xc000204fe6, 0x7})
	cmd/go/internal/modfetch/proxy.go:412 +0x10d fp=0xc0000b9248 sp=0xc0000b91e0 pc=0x84386d
cmd/go/internal/modfetch.(*cachingRepo).GoMod.func1()
	cmd/go/internal/modfetch/cache.go:318 +0xa5 fp=0xc0000b9300 sp=0xc0000b9248 pc=0x82e1e5
cmd/internal/par.(*ErrCache[...]).Do.func1()
	cmd/internal/par/work.go:119 +0x28 fp=0xc0000b9338 sp=0xc0000b9300 pc=0x848a88
cmd/internal/par.(*Cache[...]).Do(0xcd54c0, {0xc000204fe6, 0x7}, 0xc000295468)
	cmd/internal/par/work.go:160 +0x156 fp=0xc0000b9418 sp=0xc0000b9338 pc=0x848d76
cmd/internal/par.(*ErrCache[...]).Do(0x843fac?, {0xc000204fe6?, 0xcd53c0?}, 0xc000248120?)
	cmd/internal/par/work.go:118 +0x47 fp=0xc0000b94b8 sp=0xc0000b9418 pc=0x8489a7
cmd/go/internal/modfetch.(*cachingRepo).GoMod(0xcd0a58?, {0xcd0a58?, 0x1339ea0?}, {0xc000204fe6, 0x7})
	cmd/go/internal/modfetch/cache.go:311 +0xfa fp=0xc0000b9548 sp=0xc0000b94b8 pc=0x82e05a
cmd/go/internal/modfetch.GoMod.func2({0xc000248120?, 0x0?})
	cmd/go/internal/modfetch/cache.go:411 +0x73 fp=0xc0000b95a8 sp=0xc0000b9548 pc=0x82ecf3
cmd/go/internal/modfetch.TryProxies(0xc0000b9680)
	cmd/go/internal/modfetch/proxy.go:164 +0xaf fp=0xc0000b9628 sp=0xc0000b95a8 pc=0x8417cf
cmd/go/internal/modfetch.GoMod({0xcd0a58, 0x1339ea0}, {0xc000244810, 0x21}, {0xc000204fe6, 0x7})
	cmd/go/internal/modfetch/cache.go:410 +0x258 fp=0xc0000b96f8 sp=0xc0000b9628 pc=0x82ebb8
cmd/go/internal/modload.rawGoModData({{0xc000244810?, 0x47d499?}, {0xc000204fe6?, 0xb58360?}})
	cmd/go/internal/modload/modfile.go:786 +0x15f fp=0xc0000b9858 sp=0xc0000b96f8 pc=0x8a3e3f
cmd/go/internal/modload.rawGoModSummary.func1()
	cmd/go/internal/modload/modfile.go:695 +0x59 fp=0xc0000b99c0 sp=0xc0000b9858 pc=0x8a33b9
cmd/internal/par.(*ErrCache[...]).Do.func1()
	cmd/internal/par/work.go:119 +0x13 fp=0xc0000b99d0 sp=0xc0000b99c0 pc=0x8b3b33
cmd/internal/par.(*Cache[...]).Do(0xcd5240, {{0xc000244810, 0x21}, {0xc000204fe6, 0x7}}, 0xc00006ea80)
	cmd/internal/par/work.go:160 +0x13c fp=0xc0000b9a48 sp=0xc0000b99d0 pc=0x8b3d7c
cmd/internal/par.(*ErrCache[...]).Do(0x0?, {{0xc000244810?, 0xc0002446f0?}, {0xc000204fe6?, 0x0?}}, 0xba3f93?)
	cmd/internal/par/work.go:118 +0x45 fp=0xc0000b9aa8 sp=0xc0000b9a48 pc=0x8b3ac5
cmd/go/internal/modload.rawGoModSummary({{0xc000244810?, 0x20?}, {0xc000204fe6?, 0x1f?}})
	cmd/go/internal/modload/modfile.go:693 +0x385 fp=0xc0000b9b58 sp=0xc0000b9aa8 pc=0x8a3265
cmd/go/internal/modload.goModSummary({{0xc000244810?, 0x3c?}, {0xc000204fe6?, 0xffff90760a88?}})
	cmd/go/internal/modload/modfile.go:602 +0x3ae fp=0xc0000b9ca8 sp=0xc0000b9b58 pc=0x8a27ee
cmd/go/internal/modload.readModGraph.func2.1()
	cmd/go/internal/modload/buildlist.go:380 +0x65 fp=0xc0000b9d48 sp=0xc0000b9ca8 pc=0x86e345
cmd/internal/par.(*ErrCache[...]).Do.func1()
	cmd/internal/par/work.go:119 +0x13 fp=0xc0000b9d58 sp=0xc0000b9d48 pc=0x8b3b33
cmd/internal/par.(*Cache[...]).Do(0xcd5240, {{0xc000244810, 0x21}, {0xc000204fe6, 0x7}}, 0xc00006ee08)
	cmd/internal/par/work.go:160 +0x13c fp=0xc0000b9dd0 sp=0xc0000b9d58 pc=0x8b3d7c
cmd/internal/par.(*ErrCache[...]).Do(0x0?, {{0xc000244810?, 0x0?}, {0xc000204fe6?, 0x0?}}, 0x0?)
	cmd/internal/par/work.go:118 +0x45 fp=0xc0000b9e30 sp=0xc0000b9dd0 pc=0x8b3ac5
cmd/go/internal/modload.readModGraph.func2({{0xc000244810?, 0x0?}, {0xc000204fe6?, 0x0?}})
	cmd/go/internal/modload/buildlist.go:379 +0x9b fp=0xc0000b9eb8 sp=0xc0000b9e30 pc=0x86e29b
cmd/go/internal/modload.readModGraph.func3.1()
	cmd/go/internal/modload/buildlist.go:408 +0x56 fp=0xc0000b9f60 sp=0xc0000b9eb8 pc=0x86e0d6
cmd/internal/par.(*Queue).Add.func1()
	cmd/internal/par/queue.go:58 +0x5c fp=0xc0000b9fe0 sp=0xc0000b9f60 pc=0x5edd3c
runtime.goexit({})
	runtime/asm_amd64.s:1700 +0x1 fp=0xc0000b9fe8 sp=0xc0000b9fe0 pc=0x487861
created by cmd/internal/par.(*Queue).Add in goroutine 1
	cmd/internal/par/queue.go:56 +0x1d3

goroutine 50 gp=0xc0004b2000 m=nil [select]:
runtime.gopark(0xc0003175b8?, 0x2?, 0x8?, 0x0?, 0xc000317470?)
	runtime/proc.go:435 +0xce fp=0xc0003172f8 sp=0xc0003172d8 pc=0x47fa2e
runtime.selectgo(0xc0003175b8, 0xc00031746c, 0x14?, 0x0, 0x0?, 0x1)
	runtime/select.go:351 +0x837 fp=0xc000317430 sp=0xc0003172f8 pc=0x45d597
net.(*Resolver).lookupIPAddr(0x1316040, {0xcd0a20, 0xc0004a81c0}, {0xba2f91, 0x3}, {0xc0002109c0, 0x10})
	net/lookup.go:342 +0x3d9 fp=0xc000317610 sp=0xc000317430 pc=0x6be139
net.(*Resolver).internetAddrList(0x1316040?, {0xcd0a20?, 0xc0004a81c0?}, {0xba2f91, 0x3}, {0xc0002109c0?, 0x423165?})
	net/ipsock.go:289 +0x4c5 fp=0xc000317708 sp=0xc000317610 pc=0x6bc425
net.(*Resolver).resolveAddrList(0x1316040, {0xcd0a20, 0xc0004a81c0}, {0xba35b1, 0x4}, {0xba2f91?, 0x426405?}, {0xc0002109c0, 0x14}, {0x0, ...})
	net/dial.go:353 +0x3e5 fp=0xc000317808 sp=0xc000317708 pc=0x6aa265
net.(*Dialer).DialContext(0xc0002502d0, {0xcd09b0, 0xc0004980f0}, {0xba2f91, 0x3}, {0xc0002109c0, 0x14})
	net/dial.go:560 +0x408 fp=0xc000317978 sp=0xc000317808 pc=0x6ab008
net.(*Dialer).DialContext-fm({0xcd09b0?, 0xc0004980f0?}, {0xba2f91?, 0x1339ea0?}, {0xc0002109c0?, 0xc0004baa18?})
	<autogenerated>:1 +0x49 fp=0xc0003179c0 sp=0xc000317978 pc=0x7c6629
net/http.(*Transport).dial(0x0?, {0xcd09b0?, 0xc0004980f0?}, {0xba2f91?, 0x0?}, {0xc0002109c0?, 0x0?})
	net/http/transport.go:1278 +0xd2 fp=0xc000317a28 sp=0xc0003179c0 pc=0x7afb92
net/http.(*Transport).dialConn(0x12c2960, {0xcd09b0, 0xc0004980f0}, {{}, 0x0, {0xc000424140, 0x5}, {0xc0002109c0, 0x14}, 0x0})
	net/http/transport.go:1783 +0x7e5 fp=0xc000317ee0 sp=0xc000317a28 pc=0x7b2b65
net/http.(*Transport).dialConnFor(0x12c2960, 0xc0004aa000)
	net/http/transport.go:1618 +0xb8 fp=0xc000317f90 sp=0xc000317ee0 pc=0x7b1678
net/http.(*Transport).startDialConnForLocked.func1()
	net/http/transport.go:1600 +0x35 fp=0xc000317fe0 sp=0xc000317f90 pc=0x7b14b5
runtime.goexit({})
	runtime/asm_amd64.s:1700 +0x1 fp=0xc000317fe8 sp=0xc000317fe0 pc=0x487861
created by net/http.(*Transport).startDialConnForLocked in goroutine 40
	net/http/transport.go:1599 +0x112

goroutine 66 gp=0xc000302380 m=nil [select]:
runtime.gopark(0xc00031b5b8?, 0x2?, 0x8?, 0x58?, 0xc00031b470?)
	runtime/proc.go:435 +0xce fp=0xc00031b2f8 sp=0xc00031b2d8 pc=0x47fa2e
runtime.selectgo(0xc00031b5b8, 0xc00031b46c, 0x14?, 0x0, 0x0?, 0x1)
	runtime/select.go:351 +0x837 fp=0xc00031b430 sp=0xc00031b2f8 pc=0x45d597
net.(*Resolver).lookupIPAddr(0x1316040, {0xcd0a20, 0xc0003401c0}, {0xba2f91, 0x3}, {0xc0000001c8, 0x10})
	net/lookup.go:342 +0x3d9 fp=0xc00031b610 sp=0xc00031b430 pc=0x6be139
net.(*Resolver).internetAddrList(0x1316040?, {0xcd0a20?, 0xc0003401c0?}, {0xba2f91, 0x3}, {0xc0000001c8?, 0x423165?})
	net/ipsock.go:289 +0x4c5 fp=0xc00031b708 sp=0xc00031b610 pc=0x6bc425
net.(*Resolver).resolveAddrList(0x1316040, {0xcd0a20, 0xc0003401c0}, {0xba35b1, 0x4}, {0xba2f91?, 0xc0001109b0?}, {0xc0000001c8, 0x14}, {0x0, ...})
	net/dial.go:353 +0x3e5 fp=0xc00031b808 sp=0xc00031b708 pc=0x6aa265
net.(*Dialer).DialContext(0xc0002502d0, {0xcd09b0, 0xc000326140}, {0xba2f91, 0x3}, {0xc0000001c8, 0x14})
	net/dial.go:560 +0x408 fp=0xc00031b978 sp=0xc00031b808 pc=0x6ab008
net.(*Dialer).DialContext-fm({0xcd09b0?, 0xc000326140?}, {0xba2f91?, 0x1339ea0?}, {0xc0000001c8?, 0xc000110a18?})
	<autogenerated>:1 +0x49 fp=0xc00031b9c0 sp=0xc00031b978 pc=0x7c6629
net/http.(*Transport).dial(0xc000244750?, {0xcd09b0?, 0xc000326140?}, {0xba2f91?, 0x1316520?}, {0xc0000001c8?, 0xc000244720?})
	net/http/transport.go:1278 +0xd2 fp=0xc00031ba28 sp=0xc00031b9c0 pc=0x7afb92
net/http.(*Transport).dialConn(0x12c2960, {0xcd09b0, 0xc000326140}, {{}, 0x0, {0xc000436000, 0x5}, {0xc0000001c8, 0x14}, 0x0})
	net/http/transport.go:1783 +0x7e5 fp=0xc00031bee0 sp=0xc00031ba28 pc=0x7b2b65
net/http.(*Transport).dialConnFor(0x12c2960, 0xc000342000)
	net/http/transport.go:1618 +0xb8 fp=0xc00031bf90 sp=0xc00031bee0 pc=0x7b1678
net/http.(*Transport).startDialConnForLocked.func1()
	net/http/transport.go:1600 +0x35 fp=0xc00031bfe0 sp=0xc00031bf90 pc=0x7b14b5
runtime.goexit({})
	runtime/asm_amd64.s:1700 +0x1 fp=0xc00031bfe8 sp=0xc00031bfe0 pc=0x487861
created by net/http.(*Transport).startDialConnForLocked in goroutine 42
	net/http/transport.go:1599 +0x112

goroutine 82 gp=0xc000382380 m=nil [select]:
runtime.gopark(0xc00009b5b8?, 0x2?, 0x34?, 0x27?, 0xc00009b470?)
	runtime/proc.go:435 +0xce fp=0xc00009b2f8 sp=0xc00009b2d8 pc=0x47fa2e
runtime.selectgo(0xc00009b5b8, 0xc00009b46c, 0x14?, 0x0, 0x0?, 0x1)
	runtime/select.go:351 +0x837 fp=0xc00009b430 sp=0xc00009b2f8 pc=0x45d597
net.(*Resolver).lookupIPAddr(0x1316040, {0xcd0a20, 0xc0003ae1c0}, {0xba2f91, 0x3}, {0xc00043e018, 0x10})
	net/lookup.go:342 +0x3d9 fp=0xc00009b610 sp=0xc00009b430 pc=0x6be139
net.(*Resolver).internetAddrList(0x1316040?, {0xcd0a20?, 0xc0003ae1c0?}, {0xba2f91, 0x3}, {0xc00043e018?, 0x423165?})
	net/ipsock.go:289 +0x4c5 fp=0xc00009b708 sp=0xc00009b610 pc=0x6bc425
net.(*Resolver).resolveAddrList(0x1316040, {0xcd0a20, 0xc0003ae1c0}, {0xba35b1, 0x4}, {0xba2f91?, 0x426405?}, {0xc00043e018, 0x14}, {0x0, ...})
	net/dial.go:353 +0x3e5 fp=0xc00009b808 sp=0xc00009b708 pc=0x6aa265
net.(*Dialer).DialContext(0xc0002502d0, {0xcd09b0, 0xc0003ac0a0}, {0xba2f91, 0x3}, {0xc00043e018, 0x14})
	net/dial.go:560 +0x408 fp=0xc00009b978 sp=0xc00009b808 pc=0x6ab008
net.(*Dialer).DialContext-fm({0xcd09b0?, 0xc0003ac0a0?}, {0xba2f91?, 0x1339ea0?}, {0xc00043e018?, 0xc000394a18?})
	<autogenerated>:1 +0x49 fp=0xc00009b9c0 sp=0xc00009b978 pc=0x7c6629
net/http.(*Transport).dial(0xc0002447b0?, {0xcd09b0?, 0xc0003ac0a0?}, {0xba2f91?, 0x1316520?}, {0xc00043e018?, 0xc000248500?})
	net/http/transport.go:1278 +0xd2 fp=0xc00009ba28 sp=0xc00009b9c0 pc=0x7afb92
net/http.(*Transport).dialConn(0x12c2960, {0xcd09b0, 0xc0003ac0a0}, {{}, 0x0, {0xc0001d8320, 0x5}, {0xc00043e018, 0x14}, 0x0})
	net/http/transport.go:1783 +0x7e5 fp=0xc00009bee0 sp=0xc00009ba28 pc=0x7b2b65
net/http.(*Transport).dialConnFor(0x12c2960, 0xc0003b0000)
	net/http/transport.go:1618 +0xb8 fp=0xc00009bf90 sp=0xc00009bee0 pc=0x7b1678
net/http.(*Transport).startDialConnForLocked.func1()
	net/http/transport.go:1600 +0x35 fp=0xc00009bfe0 sp=0xc00009bf90 pc=0x7b14b5
runtime.goexit({})
	runtime/asm_amd64.s:1700 +0x1 fp=0xc00009bfe8 sp=0xc00009bfe0 pc=0x487861
created by net/http.(*Transport).startDialConnForLocked in goroutine 38
	net/http/transport.go:1599 +0x112

goroutine 83 gp=0xc000382540 m=nil [chan receive]:
runtime.gopark(0xf?, 0xc000354180?, 0x91?, 0x41?, 0xc00031d370?)
	runtime/proc.go:435 +0xce fp=0xc00031d2f8 sp=0xc00031d2d8 pc=0x47fa2e
runtime.chanrecv(0xc000340310, 0xc00031d3a8, 0x1)
	runtime/chan.go:664 +0x445 fp=0xc00031d370 sp=0xc00031d2f8 pc=0x41b1a5
runtime.chanrecv1(0x454c3f?, 0xc00031d3a8?)
	runtime/chan.go:506 +0x12 fp=0xc00031d398 sp=0xc00031d370 pc=0x41ad32
net.(*Resolver).goLookupIPCNAMEOrder.func4({0x0?, 0x0?}, 0x2540?)
	net/dnsclient_unix.go:673 +0x65 fp=0xc00031d428 sp=0xc00031d398 pc=0x6b2005
net.(*Resolver).goLookupIPCNAMEOrder(_, {_, _}, {_, _}, {_, _}, _, _)
	net/dnsclient_unix.go:683 +0xbe6 fp=0xc00031dc00 sp=0xc00031d428 pc=0x6b1326
net.(*Resolver).lookupIP(0x1316040, {0xcd09b0, 0xc0003ac0f0}, {0xba2f91, 0x3}, {0xc00043e018, 0x10})
	net/lookup_unix.go:68 +0x131 fp=0xc00031de58 sp=0xc00031dc00 pc=0x6bf3f1
net.(*Resolver).lookupIP-fm({0xcd09b0?, 0xc0003ac0f0?}, {0xba2f91?, 0xc0003b0078?}, {0xc00043e018?, 0xc00005b6b0?})
	<autogenerated>:1 +0x49 fp=0xc00031dea0 sp=0xc00031de58 pc=0x6d4b89
net.init.func1({0xcd09b0?, 0xc0003ac0f0?}, 0xc0003ac0a0?, {0xba2f91?, 0xc0001d8320?}, {0xc00043e018?, 0xc00043e018?})
	net/hook.go:21 +0x37 fp=0xc00031dee0 sp=0xc00031dea0 pc=0x6a5897
net.(*Resolver).lookupIPAddr.func1()
	net/lookup.go:334 +0x37 fp=0xc00031df38 sp=0xc00031dee0 pc=0x6be9f7
internal/singleflight.(*Group).doCall(0x1316050, 0xc0003ac140, {0xc0003a8030, 0x14}, 0x0?)
	internal/singleflight/singleflight.go:93 +0x34 fp=0xc00031dfa8 sp=0xc00031df38 pc=0x6a49b4
internal/singleflight.(*Group).DoChan.gowrap1()
	internal/singleflight/singleflight.go:86 +0x30 fp=0xc00031dfe0 sp=0xc00031dfa8 pc=0x6a4950
runtime.goexit({})
	runtime/asm_amd64.s:1700 +0x1 fp=0xc00031dfe8 sp=0xc00031dfe0 pc=0x487861
created by internal/singleflight.(*Group).DoChan in goroutine 82
	internal/singleflight/singleflight.go:86 +0x2d3

goroutine 43 gp=0xc00026cfc0 m=nil [select]:
runtime.gopark(0xc00041d5b8?, 0x2?, 0x0?, 0x99?, 0xc00041d470?)
	runtime/proc.go:435 +0xce fp=0xc00041d2f8 sp=0xc00041d2d8 pc=0x47fa2e
runtime.selectgo(0xc00041d5b8, 0xc00041d46c, 0x14?, 0x0, 0x47d0c5?, 0x1)
	runtime/select.go:351 +0x837 fp=0xc00041d430 sp=0xc00041d2f8 pc=0x45d597
net.(*Resolver).lookupIPAddr(0x1316040, {0xcd0a20, 0xc0002d6150}, {0xba2f91, 0x3}, {0xc0004a4018, 0x10})
	net/lookup.go:342 +0x3d9 fp=0xc00041d610 sp=0xc00041d430 pc=0x6be139
net.(*Resolver).internetAddrList(0x1316040?, {0xcd0a20?, 0xc0002d6150?}, {0xba2f91, 0x3}, {0xc0004a4018?, 0x423165?})
	net/ipsock.go:289 +0x4c5 fp=0xc00041d708 sp=0xc00041d610 pc=0x6bc425
net.(*Resolver).resolveAddrList(0x1316040, {0xcd0a20, 0xc0002d6150}, {0xba35b1, 0x4}, {0xba2f91?, 0x0?}, {0xc0004a4018, 0x14}, {0x0, ...})
	net/dial.go:353 +0x3e5 fp=0xc00041d808 sp=0xc00041d708 pc=0x6aa265
net.(*Dialer).DialContext(0xc0002502d0, {0xcd09b0, 0xc00023b3b0}, {0xba2f91, 0x3}, {0xc0004a4018, 0x14})
	net/dial.go:560 +0x408 fp=0xc00041d978 sp=0xc00041d808 pc=0x6ab008
net.(*Dialer).DialContext-fm({0xcd09b0?, 0xc00023b3b0?}, {0xba2f91?, 0x1339ea0?}, {0xc0004a4018?, 0xc00006ea18?})
	<autogenerated>:1 +0x49 fp=0xc00041d9c0 sp=0xc00041d978 pc=0x7c6629
net/http.(*Transport).dial(0xc000204fe6?, {0xcd09b0?, 0xc00023b3b0?}, {0xba2f91?, 0x1316520?}, {0xc0004a4018?, 0xc000244810?})
	net/http/transport.go:1278 +0xd2 fp=0xc00041da28 sp=0xc00041d9c0 pc=0x7afb92
net/http.(*Transport).dialConn(0x12c2960, {0xcd09b0, 0xc00023b3b0}, {{}, 0x0, {0xc0001901c0, 0x5}, {0xc0004a4018, 0x14}, 0x0})
	net/http/transport.go:1783 +0x7e5 fp=0xc00041dee0 sp=0xc00041da28 pc=0x7b2b65
net/http.(*Transport).dialConnFor(0x12c2960, 0xc0002ba0b0)
	net/http/transport.go:1618 +0xb8 fp=0xc00041df90 sp=0xc00041dee0 pc=0x7b1678
net/http.(*Transport).startDialConnForLocked.func1()
	net/http/transport.go:1600 +0x35 fp=0xc00041dfe0 sp=0xc00041df90 pc=0x7b14b5
runtime.goexit({})
	runtime/asm_amd64.s:1700 +0x1 fp=0xc00041dfe8 sp=0xc00041dfe0 pc=0x487861
created by net/http.(*Transport).startDialConnForLocked in goroutine 36
	net/http/transport.go:1599 +0x112

goroutine 19 gp=0xc0001828c0 m=nil [select]:
runtime.gopark(0xc0002915b8?, 0x2?, 0xd8?, 0x60?, 0xc000291470?)
	runtime/proc.go:435 +0xce fp=0xc0002912f8 sp=0xc0002912d8 pc=0x47fa2e
runtime.selectgo(0xc0002915b8, 0xc00029146c, 0x14?, 0x0, 0x0?, 0x1)
	runtime/select.go:351 +0x837 fp=0xc000291430 sp=0xc0002912f8 pc=0x45d597
net.(*Resolver).lookupIPAddr(0x1316040, {0xcd0a20, 0xc0001e81c0}, {0xba2f91, 0x3}, {0xc0001e6018, 0x10})
	net/lookup.go:342 +0x3d9 fp=0xc000291610 sp=0xc000291430 pc=0x6be139
net.(*Resolver).internetAddrList(0x1316040?, {0xcd0a20?, 0xc0001e81c0?}, {0xba2f91, 0x3}, {0xc0001e6018?, 0x423165?})
	net/ipsock.go:289 +0x4c5 fp=0xc000291708 sp=0xc000291610 pc=0x6bc425
net.(*Resolver).resolveAddrList(0x1316040, {0xcd0a20, 0xc0001e81c0}, {0xba35b1, 0x4}, {0xba2f91?, 0x426405?}, {0xc0001e6018, 0x14}, {0x0, ...})
	net/dial.go:353 +0x3e5 fp=0xc000291808 sp=0xc000291708 pc=0x6aa265
net.(*Dialer).DialContext(0xc0002502d0, {0xcd09b0, 0xc0001e0190}, {0xba2f91, 0x3}, {0xc0001e6018, 0x14})
	net/dial.go:560 +0x408 fp=0xc000291978 sp=0xc000291808 pc=0x6ab008
net.(*Dialer).DialContext-fm({0xcd09b0?, 0xc0001e0190?}, {0xba2f91?, 0x1339ea0?}, {0xc0001e6018?, 0xc00006fa18?})
	<autogenerated>:1 +0x49 fp=0xc0002919c0 sp=0xc000291978 pc=0x7c6629
net/http.(*Transport).dial(0xc000204f80?, {0xcd09b0?, 0xc0001e0190?}, {0xba2f91?, 0x1316520?}, {0xc0001e6018?, 0xc0002447e0?})
	net/http/transport.go:1278 +0xd2 fp=0xc000291a28 sp=0xc0002919c0 pc=0x7afb92
net/http.(*Transport).dialConn(0x12c2960, {0xcd09b0, 0xc0001e0190}, {{}, 0x0, {0xc0001e4000, 0x5}, {0xc0001e6018, 0x14}, 0x0})
	net/http/transport.go:1783 +0x7e5 fp=0xc000291ee0 sp=0xc000291a28 pc=0x7b2b65
net/http.(*Transport).dialConnFor(0x12c2960, 0xc0001c6210)
	net/http/transport.go:1618 +0xb8 fp=0xc000291f90 sp=0xc000291ee0 pc=0x7b1678
net/http.(*Transport).startDialConnForLocked.func1()
	net/http/transport.go:1600 +0x35 fp=0xc000291fe0 sp=0xc000291f90 pc=0x7b14b5
runtime.goexit({})
	runtime/asm_amd64.s:1700 +0x1 fp=0xc000291fe8 sp=0xc000291fe0 pc=0x487861
created by net/http.(*Transport).startDialConnForLocked in goroutine 37
	net/http/transport.go:1599 +0x112

goroutine 98 gp=0xc000102380 m=nil [select]:
runtime.gopark(0xc0004195b8?, 0x2?, 0xd8?, 0x60?, 0xc000419470?)
	runtime/proc.go:435 +0xce fp=0xc0004192f8 sp=0xc0004192d8 pc=0x47fa2e
runtime.selectgo(0xc0004195b8, 0xc00041946c, 0x14?, 0x0, 0x0?, 0x1)
	runtime/select.go:351 +0x837 fp=0xc000419430 sp=0xc0004192f8 pc=0x45d597
net.(*Resolver).lookupIPAddr(0x1316040, {0xcd0a20, 0xc0001321c0}, {0xba2f91, 0x3}, {0xc000126018, 0x10})
	net/lookup.go:342 +0x3d9 fp=0xc000419610 sp=0xc000419430 pc=0x6be139
net.(*Resolver).internetAddrList(0x1316040?, {0xcd0a20?, 0xc0001321c0?}, {0xba2f91, 0x3}, {0xc000126018?, 0x423165?})
	net/ipsock.go:289 +0x4c5 fp=0xc000419708 sp=0xc000419610 pc=0x6bc425
net.(*Resolver).resolveAddrList(0x1316040, {0xcd0a20, 0xc0001321c0}, {0xba35b1, 0x4}, {0xba2f91?, 0x426405?}, {0xc000126018, 0x14}, {0x0, ...})
	net/dial.go:353 +0x3e5 fp=0xc000419808 sp=0xc000419708 pc=0x6aa265
net.(*Dialer).DialContext(0xc0002502d0, {0xcd09b0, 0xc00012a0a0}, {0xba2f91, 0x3}, {0xc000126018, 0x14})
	net/dial.go:560 +0x408 fp=0xc000419978 sp=0xc000419808 pc=0x6ab008
net.(*Dialer).DialContext-fm({0xcd09b0?, 0xc00012a0a0?}, {0xba2f91?, 0x1339ea0?}, {0xc000126018?, 0xc000114a18?})
	<autogenerated>:1 +0x49 fp=0xc0004199c0 sp=0xc000419978 pc=0x7c6629
net/http.(*Transport).dial(0xc000204fe0?, {0xcd09b0?, 0xc00012a0a0?}, {0xba2f91?, 0x1316520?}, {0xc000126018?, 0xc000210810?})
	net/http/transport.go:1278 +0xd2 fp=0xc000419a28 sp=0xc0004199c0 pc=0x7afb92
net/http.(*Transport).dialConn(0x12c2960, {0xcd09b0, 0xc00012a0a0}, {{}, 0x0, {0xc0000a20f0, 0x5}, {0xc000126018, 0x14}, 0x0})
	net/http/transport.go:1783 +0x7e5 fp=0xc000419ee0 sp=0xc000419a28 pc=0x7b2b65
net/http.(*Transport).dialConnFor(0x12c2960, 0xc000134000)
	net/http/transport.go:1618 +0xb8 fp=0xc000419f90 sp=0xc000419ee0 pc=0x7b1678
net/http.(*Transport).startDialConnForLocked.func1()
	net/http/transport.go:1600 +0x35 fp=0xc000419fe0 sp=0xc000419f90 pc=0x7b14b5
runtime.goexit({})
	runtime/asm_amd64.s:1700 +0x1 fp=0xc000419fe8 sp=0xc000419fe0 pc=0x487861
created by net/http.(*Transport).startDialConnForLocked in goroutine 41
	net/http/transport.go:1599 +0x112

goroutine 5 gp=0xc000005a40 m=nil [select]:
runtime.gopark(0xc0002955b8?, 0x2?, 0xd8?, 0x60?, 0xc000295470?)
	runtime/proc.go:435 +0xce fp=0xc0002952f8 sp=0xc0002952d8 pc=0x47fa2e
runtime.selectgo(0xc0002955b8, 0xc00029546c, 0x14?, 0x0, 0x0?, 0x1)
	runtime/select.go:351 +0x837 fp=0xc000295430 sp=0xc0002952f8 pc=0x45d597
net.(*Resolver).lookupIPAddr(0x1316040, {0xcd0a20, 0xc0000bc1c0}, {0xba2f91, 0x3}, {0xc000324078, 0x10})
	net/lookup.go:342 +0x3d9 fp=0xc000295610 sp=0xc000295430 pc=0x6be139
net.(*Resolver).internetAddrList(0x1316040?, {0xcd0a20?, 0xc0000bc1c0?}, {0xba2f91, 0x3}, {0xc000324078?, 0x423165?})
	net/ipsock.go:289 +0x4c5 fp=0xc000295708 sp=0xc000295610 pc=0x6bc425
net.(*Resolver).resolveAddrList(0x1316040, {0xcd0a20, 0xc0000bc1c0}, {0xba35b1, 0x4}, {0xba2f91?, 0x426405?}, {0xc000324078, 0x14}, {0x0, ...})
	net/dial.go:353 +0x3e5 fp=0xc000295808 sp=0xc000295708 pc=0x6aa265
net.(*Dialer).DialContext(0xc0002502d0, {0xcd09b0, 0xc0000a60f0}, {0xba2f91, 0x3}, {0xc000324078, 0x14})
	net/dial.go:560 +0x408 fp=0xc000295978 sp=0xc000295808 pc=0x6ab008
net.(*Dialer).DialContext-fm({0xcd09b0?, 0xc0000a60f0?}, {0xba2f91?, 0x1339ea0?}, {0xc000324078?, 0xc000073a18?})
	<autogenerated>:1 +0x49 fp=0xc0002959c0 sp=0xc000295978 pc=0x7c6629
net/http.(*Transport).dial(0xc000204f88?, {0xcd09b0?, 0xc0000a60f0?}, {0xba2f91?, 0x1316520?}, {0xc000324078?, 0xc000248520?})
	net/http/transport.go:1278 +0xd2 fp=0xc000295a28 sp=0xc0002959c0 pc=0x7afb92
net/http.(*Transport).dialConn(0x12c2960, {0xcd09b0, 0xc0000a60f0}, {{}, 0x0, {0xc0003221c0, 0x5}, {0xc000324078, 0x14}, 0x0})
	net/http/transport.go:1783 +0x7e5 fp=0xc000295ee0 sp=0xc000295a28 pc=0x7b2b65
net/http.(*Transport).dialConnFor(0x12c2960, 0xc0000be000)
	net/http/transport.go:1618 +0xb8 fp=0xc000295f90 sp=0xc000295ee0 pc=0x7b1678
net/http.(*Transport).startDialConnForLocked.func1()
	net/http/transport.go:1600 +0x35 fp=0xc000295fe0 sp=0xc000295f90 pc=0x7b14b5
runtime.goexit({})
	runtime/asm_amd64.s:1700 +0x1 fp=0xc000295fe8 sp=0xc000295fe0 pc=0x487861
created by net/http.(*Transport).startDialConnForLocked in goroutine 35
	net/http/transport.go:1599 +0x112

goroutine 114 gp=0xc000402380 m=nil [select]:
runtime.gopark(0xc00009f5b8?, 0x2?, 0xd8?, 0x60?, 0xc00009f470?)
	runtime/proc.go:435 +0xce fp=0xc00009f2f8 sp=0xc00009f2d8 pc=0x47fa2e
runtime.selectgo(0xc00009f5b8, 0xc00009f46c, 0x14?, 0x0, 0x0?, 0x1)
	runtime/select.go:351 +0x837 fp=0xc00009f430 sp=0xc00009f2f8 pc=0x45d597
net.(*Resolver).lookupIPAddr(0x1316040, {0xcd0a20, 0xc0004401c0}, {0xba2f91, 0x3}, {0xc0003a8018, 0x10})
	net/lookup.go:342 +0x3d9 fp=0xc00009f610 sp=0xc00009f430 pc=0x6be139
net.(*Resolver).internetAddrList(0x1316040?, {0xcd0a20?, 0xc0004401c0?}, {0xba2f91, 0x3}, {0xc0003a8018?, 0x423165?})
	net/ipsock.go:289 +0x4c5 fp=0xc00009f708 sp=0xc00009f610 pc=0x6bc425
net.(*Resolver).resolveAddrList(0x1316040, {0xcd0a20, 0xc0004401c0}, {0xba35b1, 0x4}, {0xba2f91?, 0x426405?}, {0xc0003a8018, 0x14}, {0x0, ...})
	net/dial.go:353 +0x3e5 fp=0xc00009f808 sp=0xc00009f708 pc=0x6aa265
net.(*Dialer).DialContext(0xc0002502d0, {0xcd09b0, 0xc000430140}, {0xba2f91, 0x3}, {0xc0003a8018, 0x14})
	net/dial.go:560 +0x408 fp=0xc00009f978 sp=0xc00009f808 pc=0x6ab008
net.(*Dialer).DialContext-fm({0xcd09b0?, 0xc000430140?}, {0xba2f91?, 0x1339ea0?}, {0xc0003a8018?, 0xc000390a18?})
	<autogenerated>:1 +0x49 fp=0xc00009f9c0 sp=0xc00009f978 pc=0x7c6629
net/http.(*Transport).dial(0xc000204fb6?, {0xcd09b0?, 0xc000430140?}, {0xba2f91?, 0x1316520?}, {0xc0003a8018?, 0xc000248560?})
	net/http/transport.go:1278 +0xd2 fp=0xc00009fa28 sp=0xc00009f9c0 pc=0x7afb92
net/http.(*Transport).dialConn(0x12c2960, {0xcd09b0, 0xc000430140}, {{}, 0x0, {0xc0004900a0, 0x5}, {0xc0003a8018, 0x14}, 0x0})
	net/http/transport.go:1783 +0x7e5 fp=0xc00009fee0 sp=0xc00009fa28 pc=0x7b2b65
net/http.(*Transport).dialConnFor(0x12c2960, 0xc000442000)
	net/http/transport.go:1618 +0xb8 fp=0xc00009ff90 sp=0xc00009fee0 pc=0x7b1678
net/http.(*Transport).startDialConnForLocked.func1()
	net/http/transport.go:1600 +0x35 fp=0xc00009ffe0 sp=0xc00009ff90 pc=0x7b14b5
runtime.goexit({})
	runtime/asm_amd64.s:1700 +0x1 fp=0xc00009ffe8 sp=0xc00009ffe0 pc=0x487861
created by net/http.(*Transport).startDialConnForLocked in goroutine 39
	net/http/transport.go:1599 +0x112

goroutine 67 gp=0xc000302540 m=nil [runnable]:
runtime.asyncPreempt2()
	runtime/preempt.go:308 +0x39 fp=0xc00009d1e0 sp=0xc00009d1c0 pc=0x4497f9
runtime.asyncPreempt()
	runtime/preempt_amd64.s:46 +0xdb fp=0xc00009d368 sp=0xc00009d1e0 pc=0x488e1b
internal/poll.setDeadlineImpl(0xc0000c8000, {0x0?, 0x0?, 0x13173a0?}, 0xe9)
	internal/poll/fd_poll_runtime.go:150 +0x97 fp=0xc00009d3d8 sp=0xc00009d368 pc=0x5004f7
internal/poll.(*FD).SetDeadline(...)
	internal/poll/fd_poll_runtime.go:133
net.(*netFD).SetDeadline(...)
	net/fd_posix.go:138
net.(*conn).SetDeadline(0xc000062018, {0xcd0a20?, 0xc0000bc310?, 0x13173a0?})
	net/net.go:250 +0x48 fp=0xc00009d420 sp=0xc00009d3d8 pc=0x6bfe68
net.(*Resolver).exchange(_, {_, _}, {_, _}, {{{0x70, 0x72, 0x6f, 0x78, 0x79, ...}, ...}, ...}, ...)
	net/dnsclient_unix.go:190 +0x3e8 fp=0xc00009d7f8 sp=0xc00009d420 pc=0x6ae3c8
net.(*Resolver).tryOneName(0x1316040, {0xcd09b0, 0xc0003ac0f0}, 0xc00032a320?, {0xc000324420, 0x11}, 0x1)
	net/dnsclient_unix.go:316 +0x4c6 fp=0xc00009de18 sp=0xc00009d7f8 pc=0x6af6c6
net.(*Resolver).goLookupIPCNAMEOrder.func3.1(0x0?)
	net/dnsclient_unix.go:667 +0x85 fp=0xc00009dfc8 sp=0xc00009de18 pc=0x6b22e5
net.(*Resolver).goLookupIPCNAMEOrder.func3.gowrap1()
	net/dnsclient_unix.go:670 +0x24 fp=0xc00009dfe0 sp=0xc00009dfc8 pc=0x6b2224
runtime.goexit({})
	runtime/asm_amd64.s:1700 +0x1 fp=0xc00009dfe8 sp=0xc00009dfe0 pc=0x487861
created by net.(*Resolver).goLookupIPCNAMEOrder.func3 in goroutine 83
	net/dnsclient_unix.go:666 +0x13f

goroutine 68 gp=0xc000302700 m=nil [runnable]:
runtime.asyncPreempt2()
	runtime/preempt.go:308 +0x39 fp=0xc0005049c8 sp=0xc0005049a8 pc=0x4497f9
runtime.asyncPreempt()
	runtime/preempt_amd64.s:46 +0xdb fp=0xc000504b50 sp=0xc0005049c8 pc=0x488e1b
net.(*netFD).dial(0xc00050a000, {0xcd0a20, 0xc0003403f0}, {0xcd3268?, 0x0?}, {0xcd3268, 0xc000310a80}, 0x0?)
	net/sock_posix.go:147 +0x8ad fp=0xc000504c28 sp=0xc000504b50 pc=0x6c516d
net.socket({0xcd0a20, 0xc0003403f0}, {0xba2f94, 0x3}, 0x2, 0x2, 0x1339ea0?, 0x0, {0xcd3268, 0x0}, ...)
	net/sock_posix.go:70 +0x29b fp=0xc000504cd0 sp=0xc000504c28 pc=0x6c47bb
net.internetSocket({0xcd0a20, 0xc0003403f0}, {0xba2f94, 0x3}, {0xcd3268, 0x0}, {0xcd3268, 0xc000310a80}, 0x2, 0x0, ...)
	net/ipsock_posix.go:167 +0xf8 fp=0xc000504d48 sp=0xc000504cd0 pc=0x6bce98
net.(*sysDialer).dialUDP(0x47c739?, {0xcd0a20?, 0xc0003403f0?}, 0xabc700?, 0xc000504e70?)
	net/udpsock_posix.go:212 +0xa7 fp=0xc000504dd8 sp=0xc000504d48 pc=0x6cbba7
net.(*sysDialer).dialSingle(0xc000508000, {0xcd0a20, 0xc0003403f0}, {0xcce870, 0xc000310a80})
	net/dial.go:725 +0x28b fp=0xc000504ea8 sp=0xc000504dd8 pc=0x6aca6b
net.(*sysDialer).dialSerial(0xc000508000, {0xcd0a20, 0xc0003403f0}, {0xc000330240?, 0x1, 0x1c?})
	net/dial.go:686 +0x24e fp=0xc000504fb0 sp=0xc000504ea8 pc=0x6ac38e
net.(*sysDialer).dialParallel(0x0?, {0xcd0a20?, 0xc0003403f0?}, {0xc000330240?, 0xc0003403f0?, 0xba35b1?}, {0x0?, 0xba2f94?, 0x5?})
	net/dial.go:587 +0x3a7 fp=0xc0005051c8 sp=0xc000504fb0 pc=0x6aba67
net.(*Dialer).DialContext(0xc000505380, {0xcd0a20, 0xc0003403f0}, {0xba2f94, 0x3}, {0xc000356020, 0xe})
	net/dial.go:578 +0x6ac fp=0xc000505338 sp=0xc0005051c8 pc=0x6ab2ac
net.(*Resolver).dial(0xc000330230?, {0xcd0a20?, 0xc0003403f0?}, {0xba2f94?, 0x13173a0?}, {0xc000356020?, 0x0?})
	net/lookup.go:693 +0xa5 fp=0xc000505420 sp=0xc000505338 pc=0x6bed25
net.(*Resolver).exchange(_, {_, _}, {_, _}, {{{0x70, 0x72, 0x6f, 0x78, 0x79, ...}, ...}, ...}, ...)
	net/dnsclient_unix.go:185 +0x34a fp=0xc0005057f8 sp=0xc000505420 pc=0x6ae32a
net.(*Resolver).tryOneName(0x1316040, {0xcd09b0, 0xc0003ac0f0}, 0xc00032a320?, {0xc000324420, 0x11}, 0x1c)
	net/dnsclient_unix.go:316 +0x4c6 fp=0xc000505e18 sp=0xc0005057f8 pc=0x6af6c6
net.(*Resolver).goLookupIPCNAMEOrder.func3.1(0x0?)
	net/dnsclient_unix.go:667 +0x85 fp=0xc000505fc8 sp=0xc000505e18 pc=0x6b22e5
net.(*Resolver).goLookupIPCNAMEOrder.func3.gowrap1()
	net/dnsclient_unix.go:670 +0x24 fp=0xc000505fe0 sp=0xc000505fc8 pc=0x6b2224
runtime.goexit({})
	runtime/asm_amd64.s:1700 +0x1 fp=0xc000505fe8 sp=0xc000505fe0 pc=0x487861
created by net.(*Resolver).goLookupIPCNAMEOrder.func3 in goroutine 83
	net/dnsclient_unix.go:666 +0x13f

rax    0x2
rbx    0x0
rcx    0x0
rdx    0x129fd6fef
rdi    0x133a0e8
rsi    0xffffffff9067ee40
rbp    0xffff397f9c48
rsp    0xffff397f95d0
r8     0x77
r9     0x72
r10    0xa
r11    0x0
r12    0xffff397f9650
r13    0x1
r14    0xc0004021c0
r15    0x3
rip    0x44424e
rflags 0x206
cs     0x33
fs     0x0
gs     0x0
[linux/arm64] [3/3] STEP 1/4: FROM registry.access.redhat.com/ubi8/ubi
[linux/arm64] [3/3] STEP 2/4: COPY --from=web-builder /opt/app-root/web/dist /opt/app-root/web/dist
--> Using cache 656c7330b13fd5bcd2efc343bf74b862efd33bad77d5f96beac8cb22554855c3
--> 656c7330b13f
[linux/arm64] [3/3] STEP 3/4: COPY --from=go-builder /opt/app-root/plugin-backend /opt/app-root
--> Using cache 35648daf890c00fc94bfe0d22b54d83caf7d513253229a16b6c99441aa862f22
--> 35648daf890c
[linux/arm64] [3/3] STEP 4/4: ENTRYPOINT ["/opt/app-root/plugin-backend", "-static-path", "/opt/app-root/web/dist"]
--> Using cache 678243c2f7b436df05b5e5fb33d397d5847263b0fd03d2972c4b9a9d9bc0bceb
--> 678243c2f7b4
678243c2f7b436df05b5e5fb33d397d5847263b0fd03d2972c4b9a9d9bc0bceb
Error: [linux/amd64]: building at STEP "RUN go mod download": while running runtime: exit status 2

make: *** [podman-cross-build] Error 2
WARNING: Attempt 1 failed for console-dashboards-plugin @ release-coo-ocp-4.12 (exit code 2)
--- Attempt 2/3 ---
podman manifest rm quay.io/rh-ee-emurasak/console-dashboards-plugin:v0.4.3 || true
Untagged: quay.io/rh-ee-emurasak/console-dashboards-plugin:v0.4.3
Deleted: c16b498caf9530a4b13fc95ca756a517c37cb1088b242014be2f4a31d72300d7
podman manifest create quay.io/rh-ee-emurasak/console-dashboards-plugin:v0.4.3
bdd041406c39a8e38359aa76cca7143af89ec74bddfe239e91d36dc410b1e611
podman build --platform=linux/arm64,linux/amd64 --manifest quay.io/rh-ee-emurasak/console-dashboards-plugin:v0.4.3 -f Dockerfile
[linux/amd64] [1/3] STEP 1/8: FROM registry.redhat.io/ubi8/nodejs-18:latest AS web-builder
[linux/amd64] [1/3] STEP 2/8: WORKDIR /opt/app-root
--> Using cache 6caa91e2258d30a6b1f94eacfd661399e8883eb554e2a8a96b33196354d8d47d
--> 6caa91e2258d
[linux/amd64] [1/3] STEP 3/8: USER 0
--> Using cache f824ba1cbb5f0090a8c1cc1313ee1b884891306773b6f084bdbf1ced69e6679c
--> f824ba1cbb5f
[linux/amd64] [1/3] STEP 4/8: COPY web/package*.json web/
--> Using cache 97697c32d8d67563fcc17702db08ed58947e5b59f027bd9665c68fbde6e53b25
--> 97697c32d8d6
[linux/amd64] [1/3] STEP 5/8: COPY Makefile Makefile
--> Using cache 3b46d22aff358b214e27006f4d9862f43aea1e9759f113795461efba7b73a5f6
--> 3b46d22aff35
[linux/amd64] [1/3] STEP 6/8: RUN make install-frontend-ci-clean
--> Using cache 995630479883f028d8a8be5091922e0c61ab5584590f774c8322f67632443316
--> 995630479883
[linux/amd64] [1/3] STEP 7/8: COPY web/ web/
--> Using cache 37837227d290700d5cbb7cecb3952ad5e10709aeeb90da375540be1296e777a3
--> 37837227d290
[linux/amd64] [1/3] STEP 8/8: RUN make build-frontend
--> Using cache ad6b19a0ba852a6225d409262134f91f1e25f6ccb51ae6196c784bcc9bc91961
--> ad6b19a0ba85
[linux/amd64] [2/3] STEP 1/11: FROM registry.ci.openshift.org/ocp/builder:rhel-8-golang-1.24-openshift-4.20 AS go-builder
[linux/amd64] [2/3] STEP 2/11: WORKDIR /opt/app-root
--> Using cache 4c3d609c7a8eb4a13e773c450dbf709646876ab4aad230568d43accdfcbde575
--> 4c3d609c7a8e
[linux/amd64] [2/3] STEP 3/11: COPY Makefile Makefile
--> Using cache 32a7b9175aa6ca33931caab8a08ffda9b490fff02ed0ccadcd0c8f5e597afede
--> 32a7b9175aa6
[linux/amd64] [2/3] STEP 4/11: COPY go.mod go.mod
--> Using cache 81ca16991f68be27367f47f20b709963d21796514a6573c0a90bf55b6aa104c8
--> 81ca16991f68
[linux/amd64] [2/3] STEP 5/11: COPY go.sum go.sum
--> Using cache 5db069493b6a4640225b0b1d1969ac343d75603979966c2a7df9039966174c98
--> 5db069493b6a
[linux/amd64] [2/3] STEP 6/11: RUN go mod download
SIGSEGV: segmentation violation
PC=0x44424e m=3 sigcode=1 addr=0xffffffff83912e10

goroutine 0 gp=0xc000005180 m=3 mp=0xc000065008 [idle]:
runtime.netpoll(0xc00003c000?)
	runtime/netpoll_epoll.go:169 +0x24e fp=0xffff37ffec58 sp=0xffff37ffe5d0 pc=0x44424e
runtime.findRunnable()
	runtime/proc.go:3657 +0x8c5 fp=0xffff37ffedd0 sp=0xffff37ffec58 pc=0x451265
runtime.schedule()
	runtime/proc.go:4072 +0xb1 fp=0xffff37ffee08 sp=0xffff37ffedd0 pc=0x452831
runtime.park_m(0xc000005c00)
	runtime/proc.go:4201 +0x285 fp=0xffff37ffee68 sp=0xffff37ffee08 pc=0x452ca5
runtime.mcall()
	runtime/asm_amd64.s:459 +0x4e fp=0xffff37ffee80 sp=0xffff37ffee68 pc=0x48582e

goroutine 1 gp=0xc000004380 m=nil [chan receive]:
runtime.gopark(0xb288c0?, 0x0?, 0x0?, 0x0?, 0xc00009a070?)
	runtime/proc.go:435 +0xce fp=0xc000034f68 sp=0xc000034f48 pc=0x47fa2e
runtime.chanrecv(0xc00009a070, 0x0, 0x1)
	runtime/chan.go:664 +0x445 fp=0xc000034fe0 sp=0xc000034f68 pc=0x41b1a5
runtime.chanrecv1(0xc0000313c0?, 0xc00002c570?)
	runtime/chan.go:506 +0x12 fp=0xc000035008 sp=0xc000034fe0 pc=0x41ad32
cmd/go/internal/modload.readModGraph({0xffffffffffffff9c?, 0x2?}, 0x0, {0xc00020c008?, 0xba321b?, 0x38}, 0x0)
	cmd/go/internal/modload/buildlist.go:435 +0x439 fp=0xc000035580 sp=0xc000035008 pc=0x86d6f9
cmd/go/internal/modload.(*Requirements).Graph.func1()
	cmd/go/internal/modload/buildlist.go:284 +0x3a fp=0xc0000355e8 sp=0xc000035580 pc=0x86d23a
sync.(*Once).doSlow(0x0?, 0xba3219?)
	sync/once.go:78 +0xab fp=0xc000035640 sp=0xc0000355e8 pc=0x491d0b
sync.(*Once).Do(...)
	sync/once.go:69
cmd/go/internal/modload.(*Requirements).Graph(0xc00009c140, {0xcd0940?, 0x1339ea0?})
	cmd/go/internal/modload/buildlist.go:283 +0x4f fp=0xc000035680 sp=0xc000035640 pc=0x86d1af
cmd/go/internal/modload.expandGraph({0xcd0940, 0x1339ea0}, 0xc00009c140)
	cmd/go/internal/modload/buildlist.go:608 +0x3e fp=0xc000035708 sp=0xc000035680 pc=0x86eb7e
cmd/go/internal/modload.LoadModGraph({0xcd0940, 0x1339ea0}, {0x0, 0x0})
	cmd/go/internal/modload/buildlist.go:588 +0x8f fp=0xc000035788 sp=0xc000035708 pc=0x86e8af
cmd/go/internal/modcmd.runDownload({0xcd0940, 0x1339ea0}, 0xc0000003a8?, {0xc000122260, 0x0, 0x0})
	cmd/go/internal/modcmd/download.go:156 +0x245 fp=0xc0000359c8 sp=0xc000035788 pc=0x9be985
main.invoke(0x12c0140, {0xc000122260, 0x1, 0x1})
	cmd/go/main.go:341 +0x845 fp=0xc000035cd0 sp=0xc0000359c8 pc=0xa05b05
main.main()
	cmd/go/main.go:220 +0xe8b fp=0xc000035f50 sp=0xc000035cd0 pc=0xa04c2b
runtime.main()
	runtime/proc.go:283 +0x28b fp=0xc000035fe0 sp=0xc000035f50 pc=0x44ad2b
runtime.goexit({})
	runtime/asm_amd64.s:1700 +0x1 fp=0xc000035fe8 sp=0xc000035fe0 pc=0x487861

goroutine 2 gp=0xc000004e00 m=nil [force gc (idle)]:
runtime.gopark(0x0?, 0x0?, 0x0?, 0x0?, 0x0?)
	runtime/proc.go:435 +0xce fp=0xc00005efa8 sp=0xc00005ef88 pc=0x47fa2e
runtime.goparkunlock(...)
	runtime/proc.go:441
runtime.forcegchelper()
	runtime/proc.go:348 +0xb3 fp=0xc00005efe0 sp=0xc00005efa8 pc=0x44b073
runtime.goexit({})
	runtime/asm_amd64.s:1700 +0x1 fp=0xc00005efe8 sp=0xc00005efe0 pc=0x487861
created by runtime.init.7 in goroutine 1
	runtime/proc.go:336 +0x1a

goroutine 18 gp=0xc000102380 m=nil [GC sweep wait]:
runtime.gopark(0x0?, 0x0?, 0x0?, 0x0?, 0x0?)
	runtime/proc.go:435 +0xce fp=0xc00005a780 sp=0xc00005a760 pc=0x47fa2e
runtime.goparkunlock(...)
	runtime/proc.go:441
runtime.bgsweep(0xc000110000)
	runtime/mgcsweep.go:276 +0x94 fp=0xc00005a7c8 sp=0xc00005a780 pc=0x4357b4
runtime.gcenable.gowrap1()
	runtime/mgc.go:204 +0x25 fp=0xc00005a7e0 sp=0xc00005a7c8 pc=0x429c85
runtime.goexit({})
	runtime/asm_amd64.s:1700 +0x1 fp=0xc00005a7e8 sp=0xc00005a7e0 pc=0x487861
created by runtime.gcenable in goroutine 1
	runtime/mgc.go:204 +0x66

goroutine 19 gp=0xc000102540 m=nil [GC scavenge wait]:
runtime.gopark(0xc000110000?, 0xcc3e10?, 0x1?, 0x0?, 0xc000102540?)
	runtime/proc.go:435 +0xce fp=0xc00005af78 sp=0xc00005af58 pc=0x47fa2e
runtime.goparkunlock(...)
	runtime/proc.go:441
runtime.(*scavengerState).park(0x1317420)
	runtime/mgcscavenge.go:425 +0x49 fp=0xc00005afa8 sp=0xc00005af78 pc=0x433269
runtime.bgscavenge(0xc000110000)
	runtime/mgcscavenge.go:653 +0x3c fp=0xc00005afc8 sp=0xc00005afa8 pc=0x4337dc
runtime.gcenable.gowrap2()
	runtime/mgc.go:205 +0x25 fp=0xc00005afe0 sp=0xc00005afc8 pc=0x429c25
runtime.goexit({})
	runtime/asm_amd64.s:1700 +0x1 fp=0xc00005afe8 sp=0xc00005afe0 pc=0x487861
created by runtime.gcenable in goroutine 1
	runtime/mgc.go:205 +0xa5

goroutine 20 gp=0xc000102a80 m=nil [finalizer wait]:
runtime.gopark(0x1b8?, 0x44d37e?, 0x1?, 0x43?, 0xc00005e688?)
	runtime/proc.go:435 +0xce fp=0xc00005e630 sp=0xc00005e610 pc=0x47fa2e
runtime.runfinq()
	runtime/mfinal.go:196 +0x107 fp=0xc00005e7e0 sp=0xc00005e630 pc=0x428bc7
runtime.goexit({})
	runtime/asm_amd64.s:1700 +0x1 fp=0xc00005e7e8 sp=0xc00005e7e0 pc=0x487861
created by runtime.createfing in goroutine 1
	runtime/mfinal.go:166 +0x3d

goroutine 3 gp=0xc0000056c0 m=nil [chan receive]:
runtime.gopark(0x0?, 0x0?, 0x0?, 0x0?, 0x0?)
	runtime/proc.go:435 +0xce fp=0xc00005f718 sp=0xc00005f6f8 pc=0x47fa2e
runtime.chanrecv(0xc00009a000, 0x0, 0x1)
	runtime/chan.go:664 +0x445 fp=0xc00005f790 sp=0xc00005f718 pc=0x41b1a5
runtime.chanrecv1(0x0?, 0x0?)
	runtime/chan.go:506 +0x12 fp=0xc00005f7b8 sp=0xc00005f790 pc=0x41ad32
runtime.unique_runtime_registerUniqueMapCleanup.func2(...)
	runtime/mgc.go:1797
runtime.unique_runtime_registerUniqueMapCleanup.gowrap1()
	runtime/mgc.go:1800 +0x2f fp=0xc00005f7e0 sp=0xc00005f7b8 pc=0x42cdcf
runtime.goexit({})
	runtime/asm_amd64.s:1700 +0x1 fp=0xc00005f7e8 sp=0xc00005f7e0 pc=0x487861
created by unique.runtime_registerUniqueMapCleanup in goroutine 1
	runtime/mgc.go:1795 +0x79

goroutine 4 gp=0xc000005880 m=nil [select]:
runtime.gopark(0xc0001d44b0?, 0x2?, 0x52?, 0x14?, 0xc0001d43e4?)
	runtime/proc.go:435 +0xce fp=0xc0001d4270 sp=0xc0001d4250 pc=0x47fa2e
runtime.selectgo(0xc0001d44b0, 0xc0001d43e0, 0x14?, 0x0, 0x133b300?, 0x1)
	runtime/select.go:351 +0x837 fp=0xc0001d43a8 sp=0xc0001d4270 pc=0x45d597
net/http.(*Transport).getConn(0x12c2960, 0xc000334050, {{}, 0x0, {0xc0004900e0, 0x5}, {0xc000330018, 0x14}, 0x0})
	net/http/transport.go:1523 +0x4ae fp=0xc0001d4580 sp=0xc0001d43a8 pc=0x7b0b4e
net/http.(*Transport).roundTrip(0x12c2960, 0xc000498000)
	net/http/transport.go:685 +0xb57 fp=0xc0001d4778 sp=0xc0001d4580 pc=0x7ac877
net/http.(*Transport).RoundTrip(0xc0003b3f80?, 0xccade0?)
	net/http/roundtrip.go:30 +0x13 fp=0xc0001d4798 sp=0xc0001d4778 pc=0x7bb013
net/http.send(0xc000498000, {0xccade0, 0x12c2960}, {0x133b301?, 0xffff8382f868?, 0x0?})
	net/http/client.go:259 +0x5e2 fp=0xc0001d4988 sp=0xc0001d4798 pc=0x777882
net/http.(*Client).send(0xc000024810, 0xc000498000, {0x47c318?, 0x640000000042a016?, 0x0?})
	net/http/client.go:180 +0x91 fp=0xc0001d4a00 sp=0xc0001d4988 pc=0x777131
net/http.(*Client).do(0xc000024810, 0xc000498000)
	net/http/client.go:728 +0x989 fp=0xc0001d4bf0 sp=0xc0001d4a00 pc=0x779669
net/http.(*Client).Do(...)
	net/http/client.go:587
cmd/go/internal/web.get.func1(0xc0001d4f88)
	cmd/go/internal/web/http.go:159 +0x3cb fp=0xc0001d4d68 sp=0xc0001d4bf0 pc=0x7ce02b
cmd/go/internal/web.get(0x1, 0xc0001d5050)
	cmd/go/internal/web/http.go:206 +0x482 fp=0xc0001d5028 sp=0xc0001d4d68 pc=0x7cd102
cmd/go/internal/web.Get(...)
	cmd/go/internal/web/api.go:186
cmd/go/internal/modfetch.(*proxyRepo).getBody(0xc000494000, {0xba3421?, 0x29?}, {0xc00048e120, 0x29})
	cmd/go/internal/modfetch/proxy.go:282 +0x13f fp=0xc0001d5118 sp=0xc0001d5028 pc=0x84257f
cmd/go/internal/modfetch.(*proxyRepo).getBytes(0xc00002c5d0?, {0xcd0a58?, 0x1339ea0?}, {0xc00048e120?, 0x82d4b4?})
	cmd/go/internal/modfetch/proxy.go:260 +0x5b fp=0xc0001d51e0 sp=0xc0001d5118 pc=0x84213b
cmd/go/internal/modfetch.(*proxyRepo).GoMod(0xc000494000, {0xcd0a58, 0x1339ea0}, {0xc00002c5d0, 0x22})
	cmd/go/internal/modfetch/proxy.go:412 +0x10d fp=0xc0001d5248 sp=0xc0001d51e0 pc=0x84386d
cmd/go/internal/modfetch.(*cachingRepo).GoMod.func1()
	cmd/go/internal/modfetch/cache.go:318 +0xa5 fp=0xc0001d5300 sp=0xc0001d5248 pc=0x82e1e5
cmd/internal/par.(*ErrCache[...]).Do.func1()
	cmd/internal/par/work.go:119 +0x28 fp=0xc0001d5338 sp=0xc0001d5300 pc=0x848a88
cmd/internal/par.(*Cache[...]).Do(0xcd54c0, {0xc00002c5d0, 0x22}, 0xc0001cf468)
	cmd/internal/par/work.go:160 +0x156 fp=0xc0001d5418 sp=0xc0001d5338 pc=0x848d76
cmd/internal/par.(*ErrCache[...]).Do(0x843fac?, {0xc00002c5d0?, 0xcd53c0?}, 0xc000194120?)
	cmd/internal/par/work.go:118 +0x47 fp=0xc0001d54b8 sp=0xc0001d5418 pc=0x8489a7
cmd/go/internal/modfetch.(*cachingRepo).GoMod(0xcd0a58?, {0xcd0a58?, 0x1339ea0?}, {0xc00002c5d0, 0x22})
	cmd/go/internal/modfetch/cache.go:311 +0xfa fp=0xc0001d5548 sp=0xc0001d54b8 pc=0x82e05a
cmd/go/internal/modfetch.GoMod.func2({0xc000194120?, 0x0?})
	cmd/go/internal/modfetch/cache.go:411 +0x73 fp=0xc0001d55a8 sp=0xc0001d5548 pc=0x82ecf3
cmd/go/internal/modfetch.TryProxies(0xc0001d5680)
	cmd/go/internal/modfetch/proxy.go:164 +0xaf fp=0xc0001d5628 sp=0xc0001d55a8 pc=0x8417cf
cmd/go/internal/modfetch.GoMod({0xcd0a58, 0x1339ea0}, {0xc00002c5a0, 0x21}, {0xc00002c5d0, 0x22})
	cmd/go/internal/modfetch/cache.go:410 +0x258 fp=0xc0001d56f8 sp=0xc0001d5628 pc=0x82ebb8
cmd/go/internal/modload.rawGoModData({{0xc00002c5a0?, 0x47d499?}, {0xc00002c5d0?, 0xb58360?}})
	cmd/go/internal/modload/modfile.go:786 +0x15f fp=0xc0001d5858 sp=0xc0001d56f8 pc=0x8a3e3f
cmd/go/internal/modload.rawGoModSummary.func1()
	cmd/go/internal/modload/modfile.go:695 +0x59 fp=0xc0001d59c0 sp=0xc0001d5858 pc=0x8a33b9
cmd/internal/par.(*ErrCache[...]).Do.func1()
	cmd/internal/par/work.go:119 +0x13 fp=0xc0001d59d0 sp=0xc0001d59c0 pc=0x8b3b33
cmd/internal/par.(*Cache[...]).Do(0xcd5240, {{0xc00002c5a0, 0x21}, {0xc00002c5d0, 0x22}}, 0xc0001c6a80)
	cmd/internal/par/work.go:160 +0x13c fp=0xc0001d5a48 sp=0xc0001d59d0 pc=0x8b3d7c
cmd/internal/par.(*ErrCache[...]).Do(0x0?, {{0xc00002c5a0?, 0xc00002c570?}, {0xc00002c5d0?, 0x0?}}, 0xba3f93?)
	cmd/internal/par/work.go:118 +0x45 fp=0xc0001d5aa8 sp=0xc0001d5a48 pc=0x8b3ac5
cmd/go/internal/modload.rawGoModSummary({{0xc00002c5a0?, 0x0?}, {0xc00002c5d0?, 0x0?}})
	cmd/go/internal/modload/modfile.go:693 +0x385 fp=0xc0001d5b58 sp=0xc0001d5aa8 pc=0x8a3265
cmd/go/internal/modload.goModSummary({{0xc00002c5a0?, 0x3c?}, {0xc00002c5d0?, 0xffff8390e328?}})
	cmd/go/internal/modload/modfile.go:602 +0x3ae fp=0xc0001d5ca8 sp=0xc0001d5b58 pc=0x8a27ee
cmd/go/internal/modload.readModGraph.func2.1()
	cmd/go/internal/modload/buildlist.go:380 +0x65 fp=0xc0001d5d48 sp=0xc0001d5ca8 pc=0x86e345
cmd/internal/par.(*ErrCache[...]).Do.func1()
	cmd/internal/par/work.go:119 +0x13 fp=0xc0001d5d58 sp=0xc0001d5d48 pc=0x8b3b33
cmd/internal/par.(*Cache[...]).Do(0xcd5240, {{0xc00002c5a0, 0x21}, {0xc00002c5d0, 0x22}}, 0xc0001c6e08)
	cmd/internal/par/work.go:160 +0x13c fp=0xc0001d5dd0 sp=0xc0001d5d58 pc=0x8b3d7c
cmd/internal/par.(*ErrCache[...]).Do(0x0?, {{0xc00002c5a0?, 0x0?}, {0xc00002c5d0?, 0x0?}}, 0x0?)
	cmd/internal/par/work.go:118 +0x45 fp=0xc0001d5e30 sp=0xc0001d5dd0 pc=0x8b3ac5
cmd/go/internal/modload.readModGraph.func2({{0xc00002c5a0?, 0x0?}, {0xc00002c5d0?, 0x0?}})
	cmd/go/internal/modload/buildlist.go:379 +0x9b fp=0xc0001d5eb8 sp=0xc0001d5e30 pc=0x86e29b
cmd/go/internal/modload.readModGraph.func3.1()
	cmd/go/internal/modload/buildlist.go:408 +0x56 fp=0xc0001d5f60 sp=0xc0001d5eb8 pc=0x86e0d6
cmd/internal/par.(*Queue).Add.func1()
	cmd/internal/par/queue.go:58 +0x5c fp=0xc0001d5fe0 sp=0xc0001d5f60 pc=0x5edd3c
runtime.goexit({})
	runtime/asm_amd64.s:1700 +0x1 fp=0xc0001d5fe8 sp=0xc0001d5fe0 pc=0x487861
created by cmd/internal/par.(*Queue).Add in goroutine 1
	cmd/internal/par/queue.go:56 +0x1d3

goroutine 5 gp=0xc000005a40 m=nil [select]:
runtime.gopark(0xc0001d84b0?, 0x2?, 0x52?, 0x14?, 0xc0001d83e4?)
	runtime/proc.go:435 +0xce fp=0xc0001d8270 sp=0xc0001d8250 pc=0x47fa2e
runtime.selectgo(0xc0001d84b0, 0xc0001d83e0, 0x14?, 0x0, 0x47d000?, 0x1)
	runtime/select.go:351 +0x837 fp=0xc0001d83a8 sp=0xc0001d8270 pc=0x45d597
net/http.(*Transport).getConn(0x12c2960, 0xc0001da050, {{}, 0x0, {0xc000490230, 0x5}, {0xc000188378, 0x14}, 0x0})
	net/http/transport.go:1523 +0x4ae fp=0xc0001d8580 sp=0xc0001d83a8 pc=0x7b0b4e
net/http.(*Transport).roundTrip(0x12c2960, 0xc000498280)
	net/http/transport.go:685 +0xb57 fp=0xc0001d8778 sp=0xc0001d8580 pc=0x7ac877
net/http.(*Transport).RoundTrip(0x1319900?, 0xccade0?)
	net/http/roundtrip.go:30 +0x13 fp=0xc0001d8798 sp=0xc0001d8778 pc=0x7bb013
net/http.send(0xc000498280, {0xccade0, 0x12c2960}, {0x60ac01?, 0x47c46c?, 0x0?})
	net/http/client.go:259 +0x5e2 fp=0xc0001d8988 sp=0xc0001d8798 pc=0x777882
net/http.(*Client).send(0xc000024810, 0xc000498280, {0x47c318?, 0x6400000000000001?, 0x0?})
	net/http/client.go:180 +0x91 fp=0xc0001d8a00 sp=0xc0001d8988 pc=0x777131
net/http.(*Client).do(0xc000024810, 0xc000498280)
	net/http/client.go:728 +0x989 fp=0xc0001d8bf0 sp=0xc0001d8a00 pc=0x779669
net/http.(*Client).Do(...)
	net/http/client.go:587
cmd/go/internal/web.get.func1(0xc0001d8f88)
	cmd/go/internal/web/http.go:159 +0x3cb fp=0xc0001d8d68 sp=0xc0001d8bf0 pc=0x7ce02b
cmd/go/internal/web.get(0x1, 0xc0001d9050)
	cmd/go/internal/web/http.go:206 +0x482 fp=0xc0001d9028 sp=0xc0001d8d68 pc=0x7cd102
cmd/go/internal/web.Get(...)
	cmd/go/internal/web/api.go:186
cmd/go/internal/modfetch.(*proxyRepo).getBody(0xc0004940a0, {0xba3421?, 0x2b?}, {0xc00048e300, 0x2b})
	cmd/go/internal/modfetch/proxy.go:282 +0x13f fp=0xc0001d9118 sp=0xc0001d9028 pc=0x84257f
cmd/go/internal/modfetch.(*proxyRepo).getBytes(0xc00002c630?, {0xcd0a58?, 0x1339ea0?}, {0xc00048e300?, 0x82d4b4?})
	cmd/go/internal/modfetch/proxy.go:260 +0x5b fp=0xc0001d91e0 sp=0xc0001d9118 pc=0x84213b
cmd/go/internal/modfetch.(*proxyRepo).GoMod(0xc0004940a0, {0xcd0a58, 0x1339ea0}, {0xc00002c630, 0x24})
	cmd/go/internal/modfetch/proxy.go:412 +0x10d fp=0xc0001d9248 sp=0xc0001d91e0 pc=0x84386d
cmd/go/internal/modfetch.(*cachingRepo).GoMod.func1()
	cmd/go/internal/modfetch/cache.go:318 +0xa5 fp=0xc0001d9300 sp=0xc0001d9248 pc=0x82e1e5
cmd/internal/par.(*ErrCache[...]).Do.func1()
	cmd/internal/par/work.go:119 +0x28 fp=0xc0001d9338 sp=0xc0001d9300 pc=0x848a88
cmd/internal/par.(*Cache[...]).Do(0xcd54c0, {0xc00002c630, 0x24}, 0xc000423468)
	cmd/internal/par/work.go:160 +0x156 fp=0xc0001d9418 sp=0xc0001d9338 pc=0x848d76
cmd/internal/par.(*ErrCache[...]).Do(0x843fac?, {0xc00002c630?, 0xcd53c0?}, 0xc000194120?)
	cmd/internal/par/work.go:118 +0x47 fp=0xc0001d94b8 sp=0xc0001d9418 pc=0x8489a7
cmd/go/internal/modfetch.(*cachingRepo).GoMod(0xcd0a58?, {0xcd0a58?, 0x1339ea0?}, {0xc00002c630, 0x24})
	cmd/go/internal/modfetch/cache.go:311 +0xfa fp=0xc0001d9548 sp=0xc0001d94b8 pc=0x82e05a
cmd/go/internal/modfetch.GoMod.func2({0xc000194120?, 0x0?})
	cmd/go/internal/modfetch/cache.go:411 +0x73 fp=0xc0001d95a8 sp=0xc0001d9548 pc=0x82ecf3
cmd/go/internal/modfetch.TryProxies(0xc0001d9680)
	cmd/go/internal/modfetch/proxy.go:164 +0xaf fp=0xc0001d9628 sp=0xc0001d95a8 pc=0x8417cf
cmd/go/internal/modfetch.GoMod({0xcd0a58, 0x1339ea0}, {0xc000028320, 0x1a}, {0xc00002c630, 0x24})
	cmd/go/internal/modfetch/cache.go:410 +0x258 fp=0xc0001d96f8 sp=0xc0001d9628 pc=0x82ebb8
cmd/go/internal/modload.rawGoModData({{0xc000028320?, 0x47d499?}, {0xc00002c630?, 0xb58360?}})
	cmd/go/internal/modload/modfile.go:786 +0x15f fp=0xc0001d9858 sp=0xc0001d96f8 pc=0x8a3e3f
cmd/go/internal/modload.rawGoModSummary.func1()
	cmd/go/internal/modload/modfile.go:695 +0x59 fp=0xc0001d99c0 sp=0xc0001d9858 pc=0x8a33b9
cmd/internal/par.(*ErrCache[...]).Do.func1()
	cmd/internal/par/work.go:119 +0x13 fp=0xc0001d99d0 sp=0xc0001d99c0 pc=0x8b3b33
cmd/internal/par.(*Cache[...]).Do(0xcd5240, {{0xc000028320, 0x1a}, {0xc00002c630, 0x24}}, 0xc000414a80)
	cmd/internal/par/work.go:160 +0x13c fp=0xc0001d9a48 sp=0xc0001d99d0 pc=0x8b3d7c
cmd/internal/par.(*ErrCache[...]).Do(0x0?, {{0xc000028320?, 0xc00002c570?}, {0xc00002c630?, 0x0?}}, 0xba3f93?)
	cmd/internal/par/work.go:118 +0x45 fp=0xc0001d9aa8 sp=0xc0001d9a48 pc=0x8b3ac5
cmd/go/internal/modload.rawGoModSummary({{0xc000028320?, 0x8?}, {0xc00002c630?, 0x426405?}})
	cmd/go/internal/modload/modfile.go:693 +0x385 fp=0xc0001d9b58 sp=0xc0001d9aa8 pc=0x8a3265
cmd/go/internal/modload.goModSummary({{0xc000028320?, 0x3c?}, {0xc00002c630?, 0xffff3c76f968?}})
	cmd/go/internal/modload/modfile.go:602 +0x3ae fp=0xc0001d9ca8 sp=0xc0001d9b58 pc=0x8a27ee
cmd/go/internal/modload.readModGraph.func2.1()
	cmd/go/internal/modload/buildlist.go:380 +0x65 fp=0xc0001d9d48 sp=0xc0001d9ca8 pc=0x86e345
cmd/internal/par.(*ErrCache[...]).Do.func1()
	cmd/internal/par/work.go:119 +0x13 fp=0xc0001d9d58 sp=0xc0001d9d48 pc=0x8b3b33
cmd/internal/par.(*Cache[...]).Do(0xcd5240, {{0xc000028320, 0x1a}, {0xc00002c630, 0x24}}, 0xc000414e08)
	cmd/internal/par/work.go:160 +0x13c fp=0xc0001d9dd0 sp=0xc0001d9d58 pc=0x8b3d7c
cmd/internal/par.(*ErrCache[...]).Do(0x0?, {{0xc000028320?, 0x0?}, {0xc00002c630?, 0x0?}}, 0x0?)
	cmd/internal/par/work.go:118 +0x45 fp=0xc0001d9e30 sp=0xc0001d9dd0 pc=0x8b3ac5
cmd/go/internal/modload.readModGraph.func2({{0xc000028320?, 0x0?}, {0xc00002c630?, 0x0?}})
	cmd/go/internal/modload/buildlist.go:379 +0x9b fp=0xc0001d9eb8 sp=0xc0001d9e30 pc=0x86e29b
cmd/go/internal/modload.readModGraph.func3.1()
	cmd/go/internal/modload/buildlist.go:408 +0x56 fp=0xc0001d9f60 sp=0xc0001d9eb8 pc=0x86e0d6
cmd/internal/par.(*Queue).Add.func1()
	cmd/internal/par/queue.go:58 +0x5c fp=0xc0001d9fe0 sp=0xc0001d9f60 pc=0x5edd3c
runtime.goexit({})
	runtime/asm_amd64.s:1700 +0x1 fp=0xc0001d9fe8 sp=0xc0001d9fe0 pc=0x487861
created by cmd/internal/par.(*Queue).Add in goroutine 1
	cmd/internal/par/queue.go:56 +0x1d3

goroutine 6 gp=0xc000005c00 m=nil [select]:
runtime.gopark(0xc0004a84b0?, 0x2?, 0x52?, 0x14?, 0xc0004a83e4?)
	runtime/proc.go:435 +0xce fp=0xc0004a8270 sp=0xc0004a8250 pc=0x47fa2e
runtime.selectgo(0xc0004a84b0, 0xc0004a83e0, 0x14?, 0x0, 0x47d000?, 0x1)
	runtime/select.go:351 +0x837 fp=0xc0004a83a8 sp=0xc0004a8270 pc=0x45d597
net/http.(*Transport).getConn(0x12c2960, 0xc00017c0a0, {{}, 0x0, {0xc000440000, 0x5}, {0xc00015e120, 0x14}, 0x0})
	net/http/transport.go:1523 +0x4ae fp=0xc0004a8580 sp=0xc0004a83a8 pc=0x7b0b4e
net/http.(*Transport).roundTrip(0x12c2960, 0xc00043e280)
	net/http/transport.go:685 +0xb57 fp=0xc0004a8778 sp=0xc0004a8580 pc=0x7ac877
net/http.(*Transport).RoundTrip(0xc000400008?, 0xccade0?)
	net/http/roundtrip.go:30 +0x13 fp=0xc0004a8798 sp=0xc0004a8778 pc=0x7bb013
net/http.send(0xc00043e280, {0xccade0, 0x12c2960}, {0x133b301?, 0x47c46c?, 0x0?})
	net/http/client.go:259 +0x5e2 fp=0xc0004a8988 sp=0xc0004a8798 pc=0x777882
net/http.(*Client).send(0xc000024810, 0xc00043e280, {0x47c318?, 0x6400000000000001?, 0x0?})
	net/http/client.go:180 +0x91 fp=0xc0004a8a00 sp=0xc0004a8988 pc=0x777131
net/http.(*Client).do(0xc000024810, 0xc00043e280)
	net/http/client.go:728 +0x989 fp=0xc0004a8bf0 sp=0xc0004a8a00 pc=0x779669
net/http.(*Client).Do(...)
	net/http/client.go:587
cmd/go/internal/web.get.func1(0xc0004a8f88)
	cmd/go/internal/web/http.go:159 +0x3cb fp=0xc0004a8d68 sp=0xc0004a8bf0 pc=0x7ce02b
cmd/go/internal/web.get(0x1, 0xc0004a9050)
	cmd/go/internal/web/http.go:206 +0x482 fp=0xc0004a9028 sp=0xc0004a8d68 pc=0x7cd102
cmd/go/internal/web.Get(...)
	cmd/go/internal/web/api.go:186
cmd/go/internal/modfetch.(*proxyRepo).getBody(0xc00043c0a0, {0xba3421?, 0xe?}, {0xc0000d3218, 0xe})
	cmd/go/internal/modfetch/proxy.go:282 +0x13f fp=0xc0004a9118 sp=0xc0004a9028 pc=0x84257f
cmd/go/internal/modfetch.(*proxyRepo).getBytes(0xc000014850?, {0xcd0a58?, 0x1339ea0?}, {0xc0000d3218?, 0x82d4b4?})
	cmd/go/internal/modfetch/proxy.go:260 +0x5b fp=0xc0004a91e0 sp=0xc0004a9118 pc=0x84213b
cmd/go/internal/modfetch.(*proxyRepo).GoMod(0xc00043c0a0, {0xcd0a58, 0x1339ea0}, {0xc000014850, 0x7})
	cmd/go/internal/modfetch/proxy.go:412 +0x10d fp=0xc0004a9248 sp=0xc0004a91e0 pc=0x84386d
cmd/go/internal/modfetch.(*cachingRepo).GoMod.func1()
	cmd/go/internal/modfetch/cache.go:318 +0xa5 fp=0xc0004a9300 sp=0xc0004a9248 pc=0x82e1e5
cmd/internal/par.(*ErrCache[...]).Do.func1()
	cmd/internal/par/work.go:119 +0x28 fp=0xc0004a9338 sp=0xc0004a9300 pc=0x848a88
cmd/internal/par.(*Cache[...]).Do(0xcd54c0, {0xc000014850, 0x7}, 0xc0000d3468)
	cmd/internal/par/work.go:160 +0x156 fp=0xc0004a9418 sp=0xc0004a9338 pc=0x848d76
cmd/internal/par.(*ErrCache[...]).Do(0x843fac?, {0xc000014850?, 0xcd53c0?}, 0xc000194120?)
	cmd/internal/par/work.go:118 +0x47 fp=0xc0004a94b8 sp=0xc0004a9418 pc=0x8489a7
cmd/go/internal/modfetch.(*cachingRepo).GoMod(0xcd0a58?, {0xcd0a58?, 0x1339ea0?}, {0xc000014850, 0x7})
	cmd/go/internal/modfetch/cache.go:311 +0xfa fp=0xc0004a9548 sp=0xc0004a94b8 pc=0x82e05a
cmd/go/internal/modfetch.GoMod.func2({0xc000194120?, 0x0?})
	cmd/go/internal/modfetch/cache.go:411 +0x73 fp=0xc0004a95a8 sp=0xc0004a9548 pc=0x82ecf3
cmd/go/internal/modfetch.TryProxies(0xc0004a9680)
	cmd/go/internal/modfetch/proxy.go:164 +0xaf fp=0xc0004a9628 sp=0xc0004a95a8 pc=0x8417cf
cmd/go/internal/modfetch.GoMod({0xcd0a58, 0x1339ea0}, {0xc00002c660, 0x21}, {0xc000014850, 0x7})
	cmd/go/internal/modfetch/cache.go:410 +0x258 fp=0xc0004a96f8 sp=0xc0004a9628 pc=0x82ebb8
cmd/go/internal/modload.rawGoModData({{0xc00002c660?, 0x47d499?}, {0xc000014850?, 0xb58360?}})
	cmd/go/internal/modload/modfile.go:786 +0x15f fp=0xc0004a9858 sp=0xc0004a96f8 pc=0x8a3e3f
cmd/go/internal/modload.rawGoModSummary.func1()
	cmd/go/internal/modload/modfile.go:695 +0x59 fp=0xc0004a99c0 sp=0xc0004a9858 pc=0x8a33b9
cmd/internal/par.(*ErrCache[...]).Do.func1()
	cmd/internal/par/work.go:119 +0x13 fp=0xc0004a99d0 sp=0xc0004a99c0 pc=0x8b3b33
cmd/internal/par.(*Cache[...]).Do(0xcd5240, {{0xc00002c660, 0x21}, {0xc000014850, 0x7}}, 0xc00006fa80)
	cmd/internal/par/work.go:160 +0x13c fp=0xc0004a9a48 sp=0xc0004a99d0 pc=0x8b3d7c
cmd/internal/par.(*ErrCache[...]).Do(0x0?, {{0xc00002c660?, 0xc00002c570?}, {0xc000014850?, 0x0?}}, 0xba3f93?)
	cmd/internal/par/work.go:118 +0x45 fp=0xc0004a9aa8 sp=0xc0004a9a48 pc=0x8b3ac5
cmd/go/internal/modload.rawGoModSummary({{0xc00002c660?, 0x0?}, {0xc000014850?, 0x0?}})
	cmd/go/internal/modload/modfile.go:693 +0x385 fp=0xc0004a9b58 sp=0xc0004a9aa8 pc=0x8a3265
cmd/go/internal/modload.goModSummary({{0xc00002c660?, 0x3c?}, {0xc000014850?, 0xffff846c04a8?}})
	cmd/go/internal/modload/modfile.go:602 +0x3ae fp=0xc0004a9ca8 sp=0xc0004a9b58 pc=0x8a27ee
cmd/go/internal/modload.readModGraph.func2.1()
	cmd/go/internal/modload/buildlist.go:380 +0x65 fp=0xc0004a9d48 sp=0xc0004a9ca8 pc=0x86e345
cmd/internal/par.(*ErrCache[...]).Do.func1()
	cmd/internal/par/work.go:119 +0x13 fp=0xc0004a9d58 sp=0xc0004a9d48 pc=0x8b3b33
cmd/internal/par.(*Cache[...]).Do(0xcd5240, {{0xc00002c660, 0x21}, {0xc000014850, 0x7}}, 0xc00006fe08)
	cmd/internal/par/work.go:160 +0x13c fp=0xc0004a9dd0 sp=0xc0004a9d58 pc=0x8b3d7c
cmd/internal/par.(*ErrCache[...]).Do(0x0?, {{0xc00002c660?, 0x0?}, {0xc000014850?, 0x0?}}, 0x0?)
	cmd/internal/par/work.go:118 +0x45 fp=0xc0004a9e30 sp=0xc0004a9dd0 pc=0x8b3ac5
cmd/go/internal/modload.readModGraph.func2({{0xc00002c660?, 0x0?}, {0xc000014850?, 0x0?}})
	cmd/go/internal/modload/buildlist.go:379 +0x9b fp=0xc0004a9eb8 sp=0xc0004a9e30 pc=0x86e29b
cmd/go/internal/modload.readModGraph.func3.1()
	cmd/go/internal/modload/buildlist.go:408 +0x56 fp=0xc0004a9f60 sp=0xc0004a9eb8 pc=0x86e0d6
cmd/internal/par.(*Queue).Add.func1()
	cmd/internal/par/queue.go:58 +0x5c fp=0xc0004a9fe0 sp=0xc0004a9f60 pc=0x5edd3c
runtime.goexit({})
	runtime/asm_amd64.s:1700 +0x1 fp=0xc0004a9fe8 sp=0xc0004a9fe0 pc=0x487861
created by cmd/internal/par.(*Queue).Add in goroutine 1
	cmd/internal/par/queue.go:56 +0x1d3

goroutine 7 gp=0xc000005dc0 m=nil [select]:
runtime.gopark(0xc0004ac4b0?, 0x2?, 0x52?, 0x14?, 0xc0004ac3e4?)
	runtime/proc.go:435 +0xce fp=0xc0004ac270 sp=0xc0004ac250 pc=0x47fa2e
runtime.selectgo(0xc0004ac4b0, 0xc0004ac3e0, 0xa?, 0x0, 0x200000000000000?, 0x1)
	runtime/select.go:351 +0x837 fp=0xc0004ac3a8 sp=0xc0004ac270 pc=0x45d597
net/http.(*Transport).getConn(0x12c2960, 0xc000494140, {{}, 0x0, {0xc000438190, 0x5}, {0xc00049c060, 0x14}, 0x0})
	net/http/transport.go:1523 +0x4ae fp=0xc0004ac580 sp=0xc0004ac3a8 pc=0x7b0b4e
net/http.(*Transport).roundTrip(0x12c2960, 0xc00043e140)
	net/http/transport.go:685 +0xb57 fp=0xc0004ac778 sp=0xc0004ac580 pc=0x7ac877
net/http.(*Transport).RoundTrip(0xc000400008?, 0xccade0?)
	net/http/roundtrip.go:30 +0x13 fp=0xc0004ac798 sp=0xc0004ac778 pc=0x7bb013
net/http.send(0xc00043e140, {0xccade0, 0x12c2960}, {0x60ac01?, 0x47c46c?, 0x0?})
	net/http/client.go:259 +0x5e2 fp=0xc0004ac988 sp=0xc0004ac798 pc=0x777882
net/http.(*Client).send(0xc000024810, 0xc00043e140, {0x47c318?, 0x6400000000000001?, 0x0?})
	net/http/client.go:180 +0x91 fp=0xc0004aca00 sp=0xc0004ac988 pc=0x777131
net/http.(*Client).do(0xc000024810, 0xc00043e140)
	net/http/client.go:728 +0x989 fp=0xc0004acbf0 sp=0xc0004aca00 pc=0x779669
net/http.(*Client).Do(...)
	net/http/client.go:587
cmd/go/internal/web.get.func1(0xc0004acf88)
	cmd/go/internal/web/http.go:159 +0x3cb fp=0xc0004acd68 sp=0xc0004acbf0 pc=0x7ce02b
cmd/go/internal/web.get(0x1, 0xc0004ad050)
	cmd/go/internal/web/http.go:206 +0x482 fp=0xc0004ad028 sp=0xc0004acd68 pc=0x7cd102
cmd/go/internal/web.Get(...)
	cmd/go/internal/web/api.go:186
cmd/go/internal/modfetch.(*proxyRepo).getBody(0xc00043c050, {0xba3421?, 0xd?}, {0xc000327218, 0xd})
	cmd/go/internal/modfetch/proxy.go:282 +0x13f fp=0xc0004ad118 sp=0xc0004ad028 pc=0x84257f
cmd/go/internal/modfetch.(*proxyRepo).getBytes(0xc000014858?, {0xcd0a58?, 0x1339ea0?}, {0xc000327218?, 0x82d4b4?})
	cmd/go/internal/modfetch/proxy.go:260 +0x5b fp=0xc0004ad1e0 sp=0xc0004ad118 pc=0x84213b
cmd/go/internal/modfetch.(*proxyRepo).GoMod(0xc00043c050, {0xcd0a58, 0x1339ea0}, {0xc000014858, 0x6})
	cmd/go/internal/modfetch/proxy.go:412 +0x10d fp=0xc0004ad248 sp=0xc0004ad1e0 pc=0x84386d
cmd/go/internal/modfetch.(*cachingRepo).GoMod.func1()
	cmd/go/internal/modfetch/cache.go:318 +0xa5 fp=0xc0004ad300 sp=0xc0004ad248 pc=0x82e1e5
cmd/internal/par.(*ErrCache[...]).Do.func1()
	cmd/internal/par/work.go:119 +0x28 fp=0xc0004ad338 sp=0xc0004ad300 pc=0x848a88
cmd/internal/par.(*Cache[...]).Do(0xcd54c0, {0xc000014858, 0x6}, 0xc000327468)
	cmd/internal/par/work.go:160 +0x156 fp=0xc0004ad418 sp=0xc0004ad338 pc=0x848d76
cmd/internal/par.(*ErrCache[...]).Do(0x843fac?, {0xc000014858?, 0xcd53c0?}, 0xc000194120?)
	cmd/internal/par/work.go:118 +0x47 fp=0xc0004ad4b8 sp=0xc0004ad418 pc=0x8489a7
cmd/go/internal/modfetch.(*cachingRepo).GoMod(0xcd0a58?, {0xcd0a58?, 0x1339ea0?}, {0xc000014858, 0x6})
	cmd/go/internal/modfetch/cache.go:311 +0xfa fp=0xc0004ad548 sp=0xc0004ad4b8 pc=0x82e05a
cmd/go/internal/modfetch.GoMod.func2({0xc000194120?, 0x0?})
	cmd/go/internal/modfetch/cache.go:411 +0x73 fp=0xc0004ad5a8 sp=0xc0004ad548 pc=0x82ecf3
cmd/go/internal/modfetch.TryProxies(0xc0004ad680)
	cmd/go/internal/modfetch/proxy.go:164 +0xaf fp=0xc0004ad628 sp=0xc0004ad5a8 pc=0x8417cf
cmd/go/internal/modfetch.GoMod({0xcd0a58, 0x1339ea0}, {0xc000028340, 0x1c}, {0xc000014858, 0x6})
	cmd/go/internal/modfetch/cache.go:410 +0x258 fp=0xc0004ad6f8 sp=0xc0004ad628 pc=0x82ebb8
cmd/go/internal/modload.rawGoModData({{0xc000028340?, 0x47d499?}, {0xc000014858?, 0xb58360?}})
	cmd/go/internal/modload/modfile.go:786 +0x15f fp=0xc0004ad858 sp=0xc0004ad6f8 pc=0x8a3e3f
cmd/go/internal/modload.rawGoModSummary.func1()
	cmd/go/internal/modload/modfile.go:695 +0x59 fp=0xc0004ad9c0 sp=0xc0004ad858 pc=0x8a33b9
cmd/internal/par.(*ErrCache[...]).Do.func1()
	cmd/internal/par/work.go:119 +0x13 fp=0xc0004ad9d0 sp=0xc0004ad9c0 pc=0x8b3b33
cmd/internal/par.(*Cache[...]).Do(0xcd5240, {{0xc000028340, 0x1c}, {0xc000014858, 0x6}}, 0xc000314a80)
	cmd/internal/par/work.go:160 +0x13c fp=0xc0004ada48 sp=0xc0004ad9d0 pc=0x8b3d7c
cmd/internal/par.(*ErrCache[...]).Do(0x0?, {{0xc000028340?, 0xc00002c570?}, {0xc000014858?, 0x0?}}, 0xba3f93?)
	cmd/internal/par/work.go:118 +0x45 fp=0xc0004adaa8 sp=0xc0004ada48 pc=0x8b3ac5
cmd/go/internal/modload.rawGoModSummary({{0xc000028340?, 0xc0000000041a010?}, {0xc000014858?, 0xffff8dee33e8?}})
	cmd/go/internal/modload/modfile.go:693 +0x385 fp=0xc0004adb58 sp=0xc0004adaa8 pc=0x8a3265
cmd/go/internal/modload.goModSummary({{0xc000028340?, 0x3c?}, {0xc000014858?, 0xc0001b42c8?}})
	cmd/go/internal/modload/modfile.go:602 +0x3ae fp=0xc0004adca8 sp=0xc0004adb58 pc=0x8a27ee
cmd/go/internal/modload.readModGraph.func2.1()
	cmd/go/internal/modload/buildlist.go:380 +0x65 fp=0xc0004add48 sp=0xc0004adca8 pc=0x86e345
cmd/internal/par.(*ErrCache[...]).Do.func1()
	cmd/internal/par/work.go:119 +0x13 fp=0xc0004add58 sp=0xc0004add48 pc=0x8b3b33
cmd/internal/par.(*Cache[...]).Do(0xcd5240, {{0xc000028340, 0x1c}, {0xc000014858, 0x6}}, 0xc000314e08)
	cmd/internal/par/work.go:160 +0x13c fp=0xc0004addd0 sp=0xc0004add58 pc=0x8b3d7c
cmd/internal/par.(*ErrCache[...]).Do(0x0?, {{0xc000028340?, 0x0?}, {0xc000014858?, 0x0?}}, 0x0?)
	cmd/internal/par/work.go:118 +0x45 fp=0xc0004ade30 sp=0xc0004addd0 pc=0x8b3ac5
cmd/go/internal/modload.readModGraph.func2({{0xc000028340?, 0x0?}, {0xc000014858?, 0x0?}})
	cmd/go/internal/modload/buildlist.go:379 +0x9b fp=0xc0004adeb8 sp=0xc0004ade30 pc=0x86e29b
cmd/go/internal/modload.readModGraph.func3.1()
	cmd/go/internal/modload/buildlist.go:408 +0x56 fp=0xc0004adf60 sp=0xc0004adeb8 pc=0x86e0d6
cmd/internal/par.(*Queue).Add.func1()
	cmd/internal/par/queue.go:58 +0x5c fp=0xc0004adfe0 sp=0xc0004adf60 pc=0x5edd3c
runtime.goexit({})
	runtime/asm_amd64.s:1700 +0x1 fp=0xc0004adfe8 sp=0xc0004adfe0 pc=0x487861
created by cmd/internal/par.(*Queue).Add in goroutine 1
	cmd/internal/par/queue.go:56 +0x1d3

goroutine 8 gp=0xc000212000 m=nil [select]:
runtime.gopark(0xc0002b64b0?, 0x2?, 0x52?, 0x14?, 0xc0002b63e4?)
	runtime/proc.go:435 +0xce fp=0xc0002b6270 sp=0xc0002b6250 pc=0x47fa2e
runtime.selectgo(0xc0002b64b0, 0xc0002b63e0, 0x14?, 0x0, 0x47d000?, 0x1)
	runtime/select.go:351 +0x837 fp=0xc0002b63a8 sp=0xc0002b6270 pc=0x45d597
net/http.(*Transport).getConn(0x12c2960, 0xc00017c190, {{}, 0x0, {0xc00029a140, 0x5}, {0xc00015e150, 0x14}, 0x0})
	net/http/transport.go:1523 +0x4ae fp=0xc0002b6580 sp=0xc0002b63a8 pc=0x7b0b4e
net/http.(*Transport).roundTrip(0x12c2960, 0xc0002ae000)
	net/http/transport.go:685 +0xb57 fp=0xc0002b6778 sp=0xc0002b6580 pc=0x7ac877
net/http.(*Transport).RoundTrip(0xc0002b9f80?, 0xccade0?)
	net/http/roundtrip.go:30 +0x13 fp=0xc0002b6798 sp=0xc0002b6778 pc=0x7bb013
net/http.send(0xc0002ae000, {0xccade0, 0x12c2960}, {0xbaa001?, 0xd?, 0x0?})
	net/http/client.go:259 +0x5e2 fp=0xc0002b6988 sp=0xc0002b6798 pc=0x777882
net/http.(*Client).send(0xc000024810, 0xc0002ae000, {0x12b8214?, 0xc0002b6a08?, 0x0?})
	net/http/client.go:180 +0x91 fp=0xc0002b6a00 sp=0xc0002b6988 pc=0x777131
net/http.(*Client).do(0xc000024810, 0xc0002ae000)
	net/http/client.go:728 +0x989 fp=0xc0002b6bf0 sp=0xc0002b6a00 pc=0x779669
net/http.(*Client).Do(...)
	net/http/client.go:587
cmd/go/internal/web.get.func1(0xc0002b6f88)
	cmd/go/internal/web/http.go:159 +0x3cb fp=0xc0002b6d68 sp=0xc0002b6bf0 pc=0x7ce02b
cmd/go/internal/web.get(0x1, 0xc0002b7050)
	cmd/go/internal/web/http.go:206 +0x482 fp=0xc0002b7028 sp=0xc0002b6d68 pc=0x7cd102
cmd/go/internal/web.Get(...)
	cmd/go/internal/web/api.go:186
cmd/go/internal/modfetch.(*proxyRepo).getBody(0xc0002a0050, {0xba3421?, 0xd?}, {0xc0001cb218, 0xd})
	cmd/go/internal/modfetch/proxy.go:282 +0x13f fp=0xc0002b7118 sp=0xc0002b7028 pc=0x84257f
cmd/go/internal/modfetch.(*proxyRepo).getBytes(0xc000014880?, {0xcd0a58?, 0x1339ea0?}, {0xc0001cb218?, 0x82d4b4?})
	cmd/go/internal/modfetch/proxy.go:260 +0x5b fp=0xc0002b71e0 sp=0xc0002b7118 pc=0x84213b
cmd/go/internal/modfetch.(*proxyRepo).GoMod(0xc0002a0050, {0xcd0a58, 0x1339ea0}, {0xc000014880, 0x6})
	cmd/go/internal/modfetch/proxy.go:412 +0x10d fp=0xc0002b7248 sp=0xc0002b71e0 pc=0x84386d
cmd/go/internal/modfetch.(*cachingRepo).GoMod.func1()
	cmd/go/internal/modfetch/cache.go:318 +0xa5 fp=0xc0002b7300 sp=0xc0002b7248 pc=0x82e1e5
cmd/internal/par.(*ErrCache[...]).Do.func1()
	cmd/internal/par/work.go:119 +0x28 fp=0xc0002b7338 sp=0xc0002b7300 pc=0x848a88
cmd/internal/par.(*Cache[...]).Do(0xcd54c0, {0xc000014880, 0x6}, 0xc0001cb468)
	cmd/internal/par/work.go:160 +0x156 fp=0xc0002b7418 sp=0xc0002b7338 pc=0x848d76
cmd/internal/par.(*ErrCache[...]).Do(0x843fac?, {0xc000014880?, 0xcd53c0?}, 0xc000194120?)
	cmd/internal/par/work.go:118 +0x47 fp=0xc0002b74b8 sp=0xc0002b7418 pc=0x8489a7
cmd/go/internal/modfetch.(*cachingRepo).GoMod(0xcd0a58?, {0xcd0a58?, 0x1339ea0?}, {0xc000014880, 0x6})
	cmd/go/internal/modfetch/cache.go:311 +0xfa fp=0xc0002b7548 sp=0xc0002b74b8 pc=0x82e05a
cmd/go/internal/modfetch.GoMod.func2({0xc000194120?, 0x0?})
	cmd/go/internal/modfetch/cache.go:411 +0x73 fp=0xc0002b75a8 sp=0xc0002b7548 pc=0x82ecf3
cmd/go/internal/modfetch.TryProxies(0xc0002b7680)
	cmd/go/internal/modfetch/proxy.go:164 +0xaf fp=0xc0002b7628 sp=0xc0002b75a8 pc=0x8417cf
cmd/go/internal/modfetch.GoMod({0xcd0a58, 0x1339ea0}, {0xc000028360, 0x1c}, {0xc000014880, 0x6})
	cmd/go/internal/modfetch/cache.go:410 +0x258 fp=0xc0002b76f8 sp=0xc0002b7628 pc=0x82ebb8
cmd/go/internal/modload.rawGoModData({{0xc000028360?, 0x47d499?}, {0xc000014880?, 0xb58360?}})
	cmd/go/internal/modload/modfile.go:786 +0x15f fp=0xc0002b7858 sp=0xc0002b76f8 pc=0x8a3e3f
cmd/go/internal/modload.rawGoModSummary.func1()
	cmd/go/internal/modload/modfile.go:695 +0x59 fp=0xc0002b79c0 sp=0xc0002b7858 pc=0x8a33b9
cmd/internal/par.(*ErrCache[...]).Do.func1()
	cmd/internal/par/work.go:119 +0x13 fp=0xc0002b79d0 sp=0xc0002b79c0 pc=0x8b3b33
cmd/internal/par.(*Cache[...]).Do(0xcd5240, {{0xc000028360, 0x1c}, {0xc000014880, 0x6}}, 0xc0001c2a80)
	cmd/internal/par/work.go:160 +0x13c fp=0xc0002b7a48 sp=0xc0002b79d0 pc=0x8b3d7c
cmd/internal/par.(*ErrCache[...]).Do(0x0?, {{0xc000028360?, 0xc00002c570?}, {0xc000014880?, 0x0?}}, 0xba3f93?)
	cmd/internal/par/work.go:118 +0x45 fp=0xc0002b7aa8 sp=0xc0002b7a48 pc=0x8b3ac5
cmd/go/internal/modload.rawGoModSummary({{0xc000028360?, 0x8?}, {0xc000014880?, 0x426405?}})
	cmd/go/internal/modload/modfile.go:693 +0x385 fp=0xc0002b7b58 sp=0xc0002b7aa8 pc=0x8a3265
cmd/go/internal/modload.goModSummary({{0xc000028360?, 0x3c?}, {0xc000014880?, 0xffff83910948?}})
	cmd/go/internal/modload/modfile.go:602 +0x3ae fp=0xc0002b7ca8 sp=0xc0002b7b58 pc=0x8a27ee
cmd/go/internal/modload.readModGraph.func2.1()
	cmd/go/internal/modload/buildlist.go:380 +0x65 fp=0xc0002b7d48 sp=0xc0002b7ca8 pc=0x86e345
cmd/internal/par.(*ErrCache[...]).Do.func1()
	cmd/internal/par/work.go:119 +0x13 fp=0xc0002b7d58 sp=0xc0002b7d48 pc=0x8b3b33
cmd/internal/par.(*Cache[...]).Do(0xcd5240, {{0xc000028360, 0x1c}, {0xc000014880, 0x6}}, 0xc0001c2e08)
	cmd/internal/par/work.go:160 +0x13c fp=0xc0002b7dd0 sp=0xc0002b7d58 pc=0x8b3d7c
cmd/internal/par.(*ErrCache[...]).Do(0x0?, {{0xc000028360?, 0x0?}, {0xc000014880?, 0x0?}}, 0x0?)
	cmd/internal/par/work.go:118 +0x45 fp=0xc0002b7e30 sp=0xc0002b7dd0 pc=0x8b3ac5
cmd/go/internal/modload.readModGraph.func2({{0xc000028360?, 0x0?}, {0xc000014880?, 0x0?}})
	cmd/go/internal/modload/buildlist.go:379 +0x9b fp=0xc0002b7eb8 sp=0xc0002b7e30 pc=0x86e29b
cmd/go/internal/modload.readModGraph.func3.1()
	cmd/go/internal/modload/buildlist.go:408 +0x56 fp=0xc0002b7f60 sp=0xc0002b7eb8 pc=0x86e0d6
cmd/internal/par.(*Queue).Add.func1()
	cmd/internal/par/queue.go:58 +0x5c fp=0xc0002b7fe0 sp=0xc0002b7f60 pc=0x5edd3c
runtime.goexit({})
	runtime/asm_amd64.s:1700 +0x1 fp=0xc0002b7fe8 sp=0xc0002b7fe0 pc=0x487861
created by cmd/internal/par.(*Queue).Add in goroutine 1
	cmd/internal/par/queue.go:56 +0x1d3

goroutine 9 gp=0xc0002121c0 m=nil [select]:
runtime.gopark(0xc0003ba4b0?, 0x2?, 0x52?, 0x14?, 0xc0003ba3e4?)
	runtime/proc.go:435 +0xce fp=0xc0003ba270 sp=0xc0003ba250 pc=0x47fa2e
runtime.selectgo(0xc0003ba4b0, 0xc0003ba3e0, 0x14?, 0x0, 0x47d000?, 0x1)
	runtime/select.go:351 +0x837 fp=0xc0003ba3a8 sp=0xc0003ba270 pc=0x45d597
net/http.(*Transport).getConn(0x12c2960, 0xc0003a80a0, {{}, 0x0, {0xc0004380a0, 0x5}, {0xc0003bc018, 0x14}, 0x0})
	net/http/transport.go:1523 +0x4ae fp=0xc0003ba580 sp=0xc0003ba3a8 pc=0x7b0b4e
net/http.(*Transport).roundTrip(0x12c2960, 0xc00043e000)
	net/http/transport.go:685 +0xb57 fp=0xc0003ba778 sp=0xc0003ba580 pc=0x7ac877
net/http.(*Transport).RoundTrip(0xc0004a3f80?, 0xccade0?)
	net/http/roundtrip.go:30 +0x13 fp=0xc0003ba798 sp=0xc0003ba778 pc=0x7bb013
net/http.send(0xc00043e000, {0xccade0, 0x12c2960}, {0x60ac01?, 0xffff3c771bc8?, 0x0?})
	net/http/client.go:259 +0x5e2 fp=0xc0003ba988 sp=0xc0003ba798 pc=0x777882
net/http.(*Client).send(0xc000024810, 0xc00043e000, {0x47c318?, 0x640000000042a016?, 0x0?})
	net/http/client.go:180 +0x91 fp=0xc0003baa00 sp=0xc0003ba988 pc=0x777131
net/http.(*Client).do(0xc000024810, 0xc00043e000)
	net/http/client.go:728 +0x989 fp=0xc0003babf0 sp=0xc0003baa00 pc=0x779669
net/http.(*Client).Do(...)
	net/http/client.go:587
cmd/go/internal/web.get.func1(0xc0003baf88)
	cmd/go/internal/web/http.go:159 +0x3cb fp=0xc0003bad68 sp=0xc0003babf0 pc=0x7ce02b
cmd/go/internal/web.get(0x1, 0xc0003bb050)
	cmd/go/internal/web/http.go:206 +0x482 fp=0xc0003bb028 sp=0xc0003bad68 pc=0x7cd102
cmd/go/internal/web.Get(...)
	cmd/go/internal/web/api.go:186
cmd/go/internal/modfetch.(*proxyRepo).getBody(0xc00043c000, {0xba3421?, 0xd?}, {0xc000325218, 0xd})
	cmd/go/internal/modfetch/proxy.go:282 +0x13f fp=0xc0003bb118 sp=0xc0003bb028 pc=0x84257f
cmd/go/internal/modfetch.(*proxyRepo).getBytes(0xc000014886?, {0xcd0a58?, 0x1339ea0?}, {0xc000325218?, 0x82d4b4?})
	cmd/go/internal/modfetch/proxy.go:260 +0x5b fp=0xc0003bb1e0 sp=0xc0003bb118 pc=0x84213b
cmd/go/internal/modfetch.(*proxyRepo).GoMod(0xc00043c000, {0xcd0a58, 0x1339ea0}, {0xc000014886, 0x6})
	cmd/go/internal/modfetch/proxy.go:412 +0x10d fp=0xc0003bb248 sp=0xc0003bb1e0 pc=0x84386d
cmd/go/internal/modfetch.(*cachingRepo).GoMod.func1()
	cmd/go/internal/modfetch/cache.go:318 +0xa5 fp=0xc0003bb300 sp=0xc0003bb248 pc=0x82e1e5
cmd/internal/par.(*ErrCache[...]).Do.func1()
	cmd/internal/par/work.go:119 +0x28 fp=0xc0003bb338 sp=0xc0003bb300 pc=0x848a88
cmd/internal/par.(*Cache[...]).Do(0xcd54c0, {0xc000014886, 0x6}, 0xc000325468)
	cmd/internal/par/work.go:160 +0x156 fp=0xc0003bb418 sp=0xc0003bb338 pc=0x848d76
cmd/internal/par.(*ErrCache[...]).Do(0x843fac?, {0xc000014886?, 0xcd53c0?}, 0xc000194120?)
	cmd/internal/par/work.go:118 +0x47 fp=0xc0003bb4b8 sp=0xc0003bb418 pc=0x8489a7
cmd/go/internal/modfetch.(*cachingRepo).GoMod(0xcd0a58?, {0xcd0a58?, 0x1339ea0?}, {0xc000014886, 0x6})
	cmd/go/internal/modfetch/cache.go:311 +0xfa fp=0xc0003bb548 sp=0xc0003bb4b8 pc=0x82e05a
cmd/go/internal/modfetch.GoMod.func2({0xc000194120?, 0x0?})
	cmd/go/internal/modfetch/cache.go:411 +0x73 fp=0xc0003bb5a8 sp=0xc0003bb548 pc=0x82ecf3
cmd/go/internal/modfetch.TryProxies(0xc0003bb680)
	cmd/go/internal/modfetch/proxy.go:164 +0xaf fp=0xc0003bb628 sp=0xc0003bb5a8 pc=0x8417cf
cmd/go/internal/modfetch.GoMod({0xcd0a58, 0x1339ea0}, {0xc000028380, 0x1c}, {0xc000014886, 0x6})
	cmd/go/internal/modfetch/cache.go:410 +0x258 fp=0xc0003bb6f8 sp=0xc0003bb628 pc=0x82ebb8
cmd/go/internal/modload.rawGoModData({{0xc000028380?, 0xc0003148b0?}, {0xc000014886?, 0xb58360?}})
	cmd/go/internal/modload/modfile.go:786 +0x15f fp=0xc0003bb858 sp=0xc0003bb6f8 pc=0x8a3e3f
cmd/go/internal/modload.rawGoModSummary.func1()
	cmd/go/internal/modload/modfile.go:695 +0x59 fp=0xc0003bb9c0 sp=0xc0003bb858 pc=0x8a33b9
cmd/internal/par.(*ErrCache[...]).Do.func1()
	cmd/internal/par/work.go:119 +0x13 fp=0xc0003bb9d0 sp=0xc0003bb9c0 pc=0x8b3b33
cmd/internal/par.(*Cache[...]).Do(0xcd5240, {{0xc000028380, 0x1c}, {0xc000014886, 0x6}}, 0xc000314a80)
	cmd/internal/par/work.go:160 +0x13c fp=0xc0003bba48 sp=0xc0003bb9d0 pc=0x8b3d7c
cmd/internal/par.(*ErrCache[...]).Do(0x0?, {{0xc000028380?, 0xc00002c570?}, {0xc000014886?, 0x0?}}, 0xba3f93?)
	cmd/internal/par/work.go:118 +0x45 fp=0xc0003bbaa8 sp=0xc0003bba48 pc=0x8b3ac5
cmd/go/internal/modload.rawGoModSummary({{0xc000028380?, 0xc01010000292010?}, {0xc000014886?, 0xffff8dee33e8?}})
	cmd/go/internal/modload/modfile.go:693 +0x385 fp=0xc0003bbb58 sp=0xc0003bbaa8 pc=0x8a3265
cmd/go/internal/modload.goModSummary({{0xc000028380?, 0x3c?}, {0xc000014886?, 0xc0001b42c0?}})
	cmd/go/internal/modload/modfile.go:602 +0x3ae fp=0xc0003bbca8 sp=0xc0003bbb58 pc=0x8a27ee
cmd/go/internal/modload.readModGraph.func2.1()
	cmd/go/internal/modload/buildlist.go:380 +0x65 fp=0xc0003bbd48 sp=0xc0003bbca8 pc=0x86e345
cmd/internal/par.(*ErrCache[...]).Do.func1()
	cmd/internal/par/work.go:119 +0x13 fp=0xc0003bbd58 sp=0xc0003bbd48 pc=0x8b3b33
cmd/internal/par.(*Cache[...]).Do(0xcd5240, {{0xc000028380, 0x1c}, {0xc000014886, 0x6}}, 0xc000314e08)
	cmd/internal/par/work.go:160 +0x13c fp=0xc0003bbdd0 sp=0xc0003bbd58 pc=0x8b3d7c
cmd/internal/par.(*ErrCache[...]).Do(0x0?, {{0xc000028380?, 0x0?}, {0xc000014886?, 0x0?}}, 0x0?)
	cmd/internal/par/work.go:118 +0x45 fp=0xc0003bbe30 sp=0xc0003bbdd0 pc=0x8b3ac5
cmd/go/internal/modload.readModGraph.func2({{0xc000028380?, 0x0?}, {0xc000014886?, 0x0?}})
	cmd/go/internal/modload/buildlist.go:379 +0x9b fp=0xc0003bbeb8 sp=0xc0003bbe30 pc=0x86e29b
cmd/go/internal/modload.readModGraph.func3.1()
	cmd/go/internal/modload/buildlist.go:408 +0x56 fp=0xc0003bbf60 sp=0xc0003bbeb8 pc=0x86e0d6
cmd/internal/par.(*Queue).Add.func1()
	cmd/internal/par/queue.go:58 +0x5c fp=0xc0003bbfe0 sp=0xc0003bbf60 pc=0x5edd3c
runtime.goexit({})
	runtime/asm_amd64.s:1700 +0x1 fp=0xc0003bbfe8 sp=0xc0003bbfe0 pc=0x487861
created by cmd/internal/par.(*Queue).Add in goroutine 1
	cmd/internal/par/queue.go:56 +0x1d3

goroutine 10 gp=0xc000212380 m=nil [select]:
runtime.gopark(0xc0002b24b0?, 0x2?, 0x52?, 0x14?, 0xc0002b23e4?)
	runtime/proc.go:435 +0xce fp=0xc0002b2270 sp=0xc0002b2250 pc=0x47fa2e
runtime.selectgo(0xc0002b24b0, 0xc0002b23e0, 0x14?, 0x0, 0x47d000?, 0x1)
	runtime/select.go:351 +0x837 fp=0xc0002b23a8 sp=0xc0002b2270 pc=0x45d597
net/http.(*Transport).getConn(0x12c2960, 0xc00043c140, {{}, 0x0, {0xc000496190, 0x5}, {0xc000446018, 0x14}, 0x0})
	net/http/transport.go:1523 +0x4ae fp=0xc0002b2580 sp=0xc0002b23a8 pc=0x7b0b4e
net/http.(*Transport).roundTrip(0x12c2960, 0xc000498140)
	net/http/transport.go:685 +0xb57 fp=0xc0002b2778 sp=0xc0002b2580 pc=0x7ac877
net/http.(*Transport).RoundTrip(0x1319900?, 0xccade0?)
	net/http/roundtrip.go:30 +0x13 fp=0xc0002b2798 sp=0xc0002b2778 pc=0x7bb013
net/http.send(0xc000498140, {0xccade0, 0x12c2960}, {0x60ac01?, 0x47c46c?, 0x0?})
	net/http/client.go:259 +0x5e2 fp=0xc0002b2988 sp=0xc0002b2798 pc=0x777882
net/http.(*Client).send(0xc000024810, 0xc000498140, {0x47c318?, 0x6400000000000001?, 0x0?})
	net/http/client.go:180 +0x91 fp=0xc0002b2a00 sp=0xc0002b2988 pc=0x777131
net/http.(*Client).do(0xc000024810, 0xc000498140)
	net/http/client.go:728 +0x989 fp=0xc0002b2bf0 sp=0xc0002b2a00 pc=0x779669
net/http.(*Client).Do(...)
	net/http/client.go:587
cmd/go/internal/web.get.func1(0xc0002b2f88)
	cmd/go/internal/web/http.go:159 +0x3cb fp=0xc0002b2d68 sp=0xc0002b2bf0 pc=0x7ce02b
cmd/go/internal/web.get(0x1, 0xc0002b3050)
	cmd/go/internal/web/http.go:206 +0x482 fp=0xc0002b3028 sp=0xc0002b2d68 pc=0x7cd102
cmd/go/internal/web.Get(...)
	cmd/go/internal/web/api.go:186
cmd/go/internal/modfetch.(*proxyRepo).getBody(0xc000494050, {0xba3421?, 0xd?}, {0xc000321218, 0xd})
	cmd/go/internal/modfetch/proxy.go:282 +0x13f fp=0xc0002b3118 sp=0xc0002b3028 pc=0x84257f
cmd/go/internal/modfetch.(*proxyRepo).getBytes(0xc0000148b0?, {0xcd0a58?, 0x1339ea0?}, {0xc000321218?, 0x82d4b4?})
	cmd/go/internal/modfetch/proxy.go:260 +0x5b fp=0xc0002b31e0 sp=0xc0002b3118 pc=0x84213b
cmd/go/internal/modfetch.(*proxyRepo).GoMod(0xc000494050, {0xcd0a58, 0x1339ea0}, {0xc0000148b0, 0x6})
	cmd/go/internal/modfetch/proxy.go:412 +0x10d fp=0xc0002b3248 sp=0xc0002b31e0 pc=0x84386d
cmd/go/internal/modfetch.(*cachingRepo).GoMod.func1()
	cmd/go/internal/modfetch/cache.go:318 +0xa5 fp=0xc0002b3300 sp=0xc0002b3248 pc=0x82e1e5
cmd/internal/par.(*ErrCache[...]).Do.func1()
	cmd/internal/par/work.go:119 +0x28 fp=0xc0002b3338 sp=0xc0002b3300 pc=0x848a88
cmd/internal/par.(*Cache[...]).Do(0xcd54c0, {0xc0000148b0, 0x6}, 0xc000321468)
	cmd/internal/par/work.go:160 +0x156 fp=0xc0002b3418 sp=0xc0002b3338 pc=0x848d76
cmd/internal/par.(*ErrCache[...]).Do(0x843fac?, {0xc0000148b0?, 0xcd53c0?}, 0xc000194120?)
	cmd/internal/par/work.go:118 +0x47 fp=0xc0002b34b8 sp=0xc0002b3418 pc=0x8489a7
cmd/go/internal/modfetch.(*cachingRepo).GoMod(0xcd0a58?, {0xcd0a58?, 0x1339ea0?}, {0xc0000148b0, 0x6})
	cmd/go/internal/modfetch/cache.go:311 +0xfa fp=0xc0002b3548 sp=0xc0002b34b8 pc=0x82e05a
cmd/go/internal/modfetch.GoMod.func2({0xc000194120?, 0x0?})
	cmd/go/internal/modfetch/cache.go:411 +0x73 fp=0xc0002b35a8 sp=0xc0002b3548 pc=0x82ecf3
cmd/go/internal/modfetch.TryProxies(0xc0002b3680)
	cmd/go/internal/modfetch/proxy.go:164 +0xaf fp=0xc0002b3628 sp=0xc0002b35a8 pc=0x8417cf
cmd/go/internal/modfetch.GoMod({0xcd0a58, 0x1339ea0}, {0xc000000510, 0x17}, {0xc0000148b0, 0x6})
	cmd/go/internal/modfetch/cache.go:410 +0x258 fp=0xc0002b36f8 sp=0xc0002b3628 pc=0x82ebb8
cmd/go/internal/modload.rawGoModData({{0xc000000510?, 0x47d499?}, {0xc0000148b0?, 0xb58360?}})
	cmd/go/internal/modload/modfile.go:786 +0x15f fp=0xc0002b3858 sp=0xc0002b36f8 pc=0x8a3e3f
cmd/go/internal/modload.rawGoModSummary.func1()
	cmd/go/internal/modload/modfile.go:695 +0x59 fp=0xc0002b39c0 sp=0xc0002b3858 pc=0x8a33b9
cmd/internal/par.(*ErrCache[...]).Do.func1()
	cmd/internal/par/work.go:119 +0x13 fp=0xc0002b39d0 sp=0xc0002b39c0 pc=0x8b3b33
cmd/internal/par.(*Cache[...]).Do(0xcd5240, {{0xc000000510, 0x17}, {0xc0000148b0, 0x6}}, 0xc000310a80)
	cmd/internal/par/work.go:160 +0x13c fp=0xc0002b3a48 sp=0xc0002b39d0 pc=0x8b3d7c
cmd/internal/par.(*ErrCache[...]).Do(0x0?, {{0xc000000510?, 0xc00002c570?}, {0xc0000148b0?, 0x0?}}, 0xba3f93?)
	cmd/internal/par/work.go:118 +0x45 fp=0xc0002b3aa8 sp=0xc0002b3a48 pc=0x8b3ac5
cmd/go/internal/modload.rawGoModSummary({{0xc000000510?, 0x8?}, {0xc0000148b0?, 0x426405?}})
	cmd/go/internal/modload/modfile.go:693 +0x385 fp=0xc0002b3b58 sp=0xc0002b3aa8 pc=0x8a3265
cmd/go/internal/modload.goModSummary({{0xc000000510?, 0x3c?}, {0xc0000148b0?, 0xffff838301c8?}})
	cmd/go/internal/modload/modfile.go:602 +0x3ae fp=0xc0002b3ca8 sp=0xc0002b3b58 pc=0x8a27ee
cmd/go/internal/modload.readModGraph.func2.1()
	cmd/go/internal/modload/buildlist.go:380 +0x65 fp=0xc0002b3d48 sp=0xc0002b3ca8 pc=0x86e345
cmd/internal/par.(*ErrCache[...]).Do.func1()
	cmd/internal/par/work.go:119 +0x13 fp=0xc0002b3d58 sp=0xc0002b3d48 pc=0x8b3b33
cmd/internal/par.(*Cache[...]).Do(0xcd5240, {{0xc000000510, 0x17}, {0xc0000148b0, 0x6}}, 0xc000310e08)
	cmd/internal/par/work.go:160 +0x13c fp=0xc0002b3dd0 sp=0xc0002b3d58 pc=0x8b3d7c
cmd/internal/par.(*ErrCache[...]).Do(0x0?, {{0xc000000510?, 0x0?}, {0xc0000148b0?, 0x0?}}, 0x0?)
	cmd/internal/par/work.go:118 +0x45 fp=0xc0002b3e30 sp=0xc0002b3dd0 pc=0x8b3ac5
cmd/go/internal/modload.readModGraph.func2({{0xc000000510?, 0x0?}, {0xc0000148b0?, 0x0?}})
	cmd/go/internal/modload/buildlist.go:379 +0x9b fp=0xc0002b3eb8 sp=0xc0002b3e30 pc=0x86e29b
cmd/go/internal/modload.readModGraph.func3.1()
	cmd/go/internal/modload/buildlist.go:408 +0x56 fp=0xc0002b3f60 sp=0xc0002b3eb8 pc=0x86e0d6
cmd/internal/par.(*Queue).Add.func1()
	cmd/internal/par/queue.go:58 +0x5c fp=0xc0002b3fe0 sp=0xc0002b3f60 pc=0x5edd3c
runtime.goexit({})
	runtime/asm_amd64.s:1700 +0x1 fp=0xc0002b3fe8 sp=0xc0002b3fe0 pc=0x487861
created by cmd/internal/par.(*Queue).Add in goroutine 1
	cmd/internal/par/queue.go:56 +0x1d3

goroutine 11 gp=0xc000212540 m=nil [select]:
runtime.gopark(0xc0003b64b0?, 0x2?, 0x52?, 0x14?, 0xc0003b63e4?)
	runtime/proc.go:435 +0xce fp=0xc0003b6270 sp=0xc0003b6250 pc=0x47fa2e
runtime.selectgo(0xc0003b64b0, 0xc0003b63e0, 0x14?, 0x0, 0x47d000?, 0x1)
	runtime/select.go:351 +0x837 fp=0xc0003b63a8 sp=0xc0003b6270 pc=0x45d597
net/http.(*Transport).getConn(0x12c2960, 0xc00009d310, {{}, 0x0, {0xc0003aa000, 0x5}, {0xc0000006c0, 0x14}, 0x0})
	net/http/transport.go:1523 +0x4ae fp=0xc0003b6580 sp=0xc0003b63a8 pc=0x7b0b4e
net/http.(*Transport).roundTrip(0x12c2960, 0xc0003ac000)
	net/http/transport.go:685 +0xb57 fp=0xc0003b6778 sp=0xc0003b6580 pc=0x7ac877
net/http.(*Transport).RoundTrip(0xc000445f80?, 0xccade0?)
	net/http/roundtrip.go:30 +0x13 fp=0xc0003b6798 sp=0xc0003b6778 pc=0x7bb013
net/http.send(0xc0003ac000, {0xccade0, 0x12c2960}, {0x60ac01?, 0xffff83831e88?, 0x0?})
	net/http/client.go:259 +0x5e2 fp=0xc0003b6988 sp=0xc0003b6798 pc=0x777882
net/http.(*Client).send(0xc000024810, 0xc0003ac000, {0x47c318?, 0x640000000042a016?, 0x0?})
	net/http/client.go:180 +0x91 fp=0xc0003b6a00 sp=0xc0003b6988 pc=0x777131
net/http.(*Client).do(0xc000024810, 0xc0003ac000)
	net/http/client.go:728 +0x989 fp=0xc0003b6bf0 sp=0xc0003b6a00 pc=0x779669
net/http.(*Client).Do(...)
	net/http/client.go:587
cmd/go/internal/web.get.func1(0xc0003b6f88)
	cmd/go/internal/web/http.go:159 +0x3cb fp=0xc0003b6d68 sp=0xc0003b6bf0 pc=0x7ce02b
cmd/go/internal/web.get(0x1, 0xc0003b7050)
	cmd/go/internal/web/http.go:206 +0x482 fp=0xc0003b7028 sp=0xc0003b6d68 pc=0x7cd102
cmd/go/internal/web.Get(...)
	cmd/go/internal/web/api.go:186
cmd/go/internal/modfetch.(*proxyRepo).getBody(0xc0003a8000, {0xba3421?, 0xe?}, {0xc0000d7218, 0xe})
	cmd/go/internal/modfetch/proxy.go:282 +0x13f fp=0xc0003b7118 sp=0xc0003b7028 pc=0x84257f
cmd/go/internal/modfetch.(*proxyRepo).getBytes(0xc0000148b6?, {0xcd0a58?, 0x1339ea0?}, {0xc0000d7218?, 0x82d4b4?})
	cmd/go/internal/modfetch/proxy.go:260 +0x5b fp=0xc0003b71e0 sp=0xc0003b7118 pc=0x84213b
cmd/go/internal/modfetch.(*proxyRepo).GoMod(0xc0003a8000, {0xcd0a58, 0x1339ea0}, {0xc0000148b6, 0x7})
	cmd/go/internal/modfetch/proxy.go:412 +0x10d fp=0xc0003b7248 sp=0xc0003b71e0 pc=0x84386d
cmd/go/internal/modfetch.(*cachingRepo).GoMod.func1()
	cmd/go/internal/modfetch/cache.go:318 +0xa5 fp=0xc0003b7300 sp=0xc0003b7248 pc=0x82e1e5
cmd/internal/par.(*ErrCache[...]).Do.func1()
	cmd/internal/par/work.go:119 +0x28 fp=0xc0003b7338 sp=0xc0003b7300 pc=0x848a88
cmd/internal/par.(*Cache[...]).Do(0xcd54c0, {0xc0000148b6, 0x7}, 0xc0000d7468)
	cmd/internal/par/work.go:160 +0x156 fp=0xc0003b7418 sp=0xc0003b7338 pc=0x848d76
cmd/internal/par.(*ErrCache[...]).Do(0x843fac?, {0xc0000148b6?, 0xcd53c0?}, 0xc000194120?)
	cmd/internal/par/work.go:118 +0x47 fp=0xc0003b74b8 sp=0xc0003b7418 pc=0x8489a7
cmd/go/internal/modfetch.(*cachingRepo).GoMod(0xcd0a58?, {0xcd0a58?, 0x1339ea0?}, {0xc0000148b6, 0x7})
	cmd/go/internal/modfetch/cache.go:311 +0xfa fp=0xc0003b7548 sp=0xc0003b74b8 pc=0x82e05a
cmd/go/internal/modfetch.GoMod.func2({0xc000194120?, 0x0?})
	cmd/go/internal/modfetch/cache.go:411 +0x73 fp=0xc0003b75a8 sp=0xc0003b7548 pc=0x82ecf3
cmd/go/internal/modfetch.TryProxies(0xc0003b7680)
	cmd/go/internal/modfetch/proxy.go:164 +0xaf fp=0xc0003b7628 sp=0xc0003b75a8 pc=0x8417cf
cmd/go/internal/modfetch.GoMod({0xcd0a58, 0x1339ea0}, {0xc00002c690, 0x21}, {0xc0000148b6, 0x7})
	cmd/go/internal/modfetch/cache.go:410 +0x258 fp=0xc0003b76f8 sp=0xc0003b7628 pc=0x82ebb8
cmd/go/internal/modload.rawGoModData({{0xc00002c690?, 0x47d499?}, {0xc0000148b6?, 0xb58360?}})
	cmd/go/internal/modload/modfile.go:786 +0x15f fp=0xc0003b7858 sp=0xc0003b76f8 pc=0x8a3e3f
cmd/go/internal/modload.rawGoModSummary.func1()
	cmd/go/internal/modload/modfile.go:695 +0x59 fp=0xc0003b79c0 sp=0xc0003b7858 pc=0x8a33b9
cmd/internal/par.(*ErrCache[...]).Do.func1()
	cmd/internal/par/work.go:119 +0x13 fp=0xc0003b79d0 sp=0xc0003b79c0 pc=0x8b3b33
cmd/internal/par.(*Cache[...]).Do(0xcd5240, {{0xc00002c690, 0x21}, {0xc0000148b6, 0x7}}, 0xc00006ea80)
	cmd/internal/par/work.go:160 +0x13c fp=0xc0003b7a48 sp=0xc0003b79d0 pc=0x8b3d7c
cmd/internal/par.(*ErrCache[...]).Do(0x0?, {{0xc00002c690?, 0xc00002c570?}, {0xc0000148b6?, 0x0?}}, 0xba3f93?)
	cmd/internal/par/work.go:118 +0x45 fp=0xc0003b7aa8 sp=0xc0003b7a48 pc=0x8b3ac5
cmd/go/internal/modload.rawGoModSummary({{0xc00002c690?, 0x20?}, {0xc0000148b6?, 0x1f?}})
	cmd/go/internal/modload/modfile.go:693 +0x385 fp=0xc0003b7b58 sp=0xc0003b7aa8 pc=0x8a3265
cmd/go/internal/modload.goModSummary({{0xc00002c690?, 0x3c?}, {0xc0000148b6?, 0xffff8deedf10?}})
	cmd/go/internal/modload/modfile.go:602 +0x3ae fp=0xc0003b7ca8 sp=0xc0003b7b58 pc=0x8a27ee
cmd/go/internal/modload.readModGraph.func2.1()
	cmd/go/internal/modload/buildlist.go:380 +0x65 fp=0xc0003b7d48 sp=0xc0003b7ca8 pc=0x86e345
cmd/internal/par.(*ErrCache[...]).Do.func1()
	cmd/internal/par/work.go:119 +0x13 fp=0xc0003b7d58 sp=0xc0003b7d48 pc=0x8b3b33
cmd/internal/par.(*Cache[...]).Do(0xcd5240, {{0xc00002c690, 0x21}, {0xc0000148b6, 0x7}}, 0xc00006ee08)
	cmd/internal/par/work.go:160 +0x13c fp=0xc0003b7dd0 sp=0xc0003b7d58 pc=0x8b3d7c
cmd/internal/par.(*ErrCache[...]).Do(0x0?, {{0xc00002c690?, 0x0?}, {0xc0000148b6?, 0x0?}}, 0x0?)
	cmd/internal/par/work.go:118 +0x45 fp=0xc0003b7e30 sp=0xc0003b7dd0 pc=0x8b3ac5
cmd/go/internal/modload.readModGraph.func2({{0xc00002c690?, 0x0?}, {0xc0000148b6?, 0x0?}})
	cmd/go/internal/modload/buildlist.go:379 +0x9b fp=0xc0003b7eb8 sp=0xc0003b7e30 pc=0x86e29b
cmd/go/internal/modload.readModGraph.func3.1()
	cmd/go/internal/modload/buildlist.go:408 +0x56 fp=0xc0003b7f60 sp=0xc0003b7eb8 pc=0x86e0d6
cmd/internal/par.(*Queue).Add.func1()
	cmd/internal/par/queue.go:58 +0x5c fp=0xc0003b7fe0 sp=0xc0003b7f60 pc=0x5edd3c
runtime.goexit({})
	runtime/asm_amd64.s:1700 +0x1 fp=0xc0003b7fe8 sp=0xc0003b7fe0 pc=0x487861
created by cmd/internal/par.(*Queue).Add in goroutine 1
	cmd/internal/par/queue.go:56 +0x1d3

goroutine 34 gp=0xc0004b6000 m=nil [select]:
runtime.gopark(0xc0003255b8?, 0x2?, 0x34?, 0x27?, 0xc000325470?)
	runtime/proc.go:435 +0xce fp=0xc0003252f8 sp=0xc0003252d8 pc=0x47fa2e
runtime.selectgo(0xc0003255b8, 0xc00032546c, 0x14?, 0x0, 0x0?, 0x1)
	runtime/select.go:351 +0x837 fp=0xc000325430 sp=0xc0003252f8 pc=0x45d597
net.(*Resolver).lookupIPAddr(0x1316040, {0xcd0a20, 0xc0003be1c0}, {0xba2f91, 0x3}, {0xc00049c060, 0x10})
	net/lookup.go:342 +0x3d9 fp=0xc000325610 sp=0xc000325430 pc=0x6be139
net.(*Resolver).internetAddrList(0x1316040?, {0xcd0a20?, 0xc0003be1c0?}, {0xba2f91, 0x3}, {0xc00049c060?, 0x423165?})
	net/ipsock.go:289 +0x4c5 fp=0xc000325708 sp=0xc000325610 pc=0x6bc425
net.(*Resolver).resolveAddrList(0x1316040, {0xcd0a20, 0xc0003be1c0}, {0xba35b1, 0x4}, {0xba2f91?, 0x426405?}, {0xc00049c060, 0x14}, {0x0, ...})
	net/dial.go:353 +0x3e5 fp=0xc000325808 sp=0xc000325708 pc=0x6aa265
net.(*Dialer).DialContext(0xc000096120, {0xcd09b0, 0xc000494190}, {0xba2f91, 0x3}, {0xc00049c060, 0x14})
	net/dial.go:560 +0x408 fp=0xc000325978 sp=0xc000325808 pc=0x6ab008
net.(*Dialer).DialContext-fm({0xcd09b0?, 0xc000494190?}, {0xba2f91?, 0x1339ea0?}, {0xc00049c060?, 0xc000310a18?})
	<autogenerated>:1 +0x49 fp=0xc0003259c0 sp=0xc000325978 pc=0x7c6629
net/http.(*Transport).dial(0xc0000148b0?, {0xcd09b0?, 0xc000494190?}, {0xba2f91?, 0x1316520?}, {0xc00049c060?, 0xc000000510?})
	net/http/transport.go:1278 +0xd2 fp=0xc000325a28 sp=0xc0003259c0 pc=0x7afb92
net/http.(*Transport).dialConn(0x12c2960, {0xcd09b0, 0xc000494190}, {{}, 0x0, {0xc000438190, 0x5}, {0xc00049c060, 0x14}, 0x0})
	net/http/transport.go:1783 +0x7e5 fp=0xc000325ee0 sp=0xc000325a28 pc=0x7b2b65
net/http.(*Transport).dialConnFor(0x12c2960, 0xc0004b2000)
	net/http/transport.go:1618 +0xb8 fp=0xc000325f90 sp=0xc000325ee0 pc=0x7b1678
net/http.(*Transport).startDialConnForLocked.func1()
	net/http/transport.go:1600 +0x35 fp=0xc000325fe0 sp=0xc000325f90 pc=0x7b14b5
runtime.goexit({})
	runtime/asm_amd64.s:1700 +0x1 fp=0xc000325fe8 sp=0xc000325fe0 pc=0x487861
created by net/http.(*Transport).startDialConnForLocked in goroutine 7
	net/http/transport.go:1599 +0x112

goroutine 12 gp=0xc000212700 m=nil [select]:
runtime.gopark(0xc0000d75b8?, 0x2?, 0x7?, 0x0?, 0xc0000d7470?)
	runtime/proc.go:435 +0xce fp=0xc0000d72f8 sp=0xc0000d72d8 pc=0x47fa2e
runtime.selectgo(0xc0000d75b8, 0xc0000d746c, 0x14?, 0x0, 0x47d0c5?, 0x1)
	runtime/select.go:351 +0x837 fp=0xc0000d7430 sp=0xc0000d72f8 pc=0x45d597
net.(*Resolver).lookupIPAddr(0x1316040, {0xcd0a20, 0xc00021e0e0}, {0xba2f91, 0x3}, {0xc0000006c0, 0x10})
	net/lookup.go:342 +0x3d9 fp=0xc0000d7610 sp=0xc0000d7430 pc=0x6be139
net.(*Resolver).internetAddrList(0x1316040?, {0xcd0a20?, 0xc00021e0e0?}, {0xba2f91, 0x3}, {0xc0000006c0?, 0x423165?})
	net/ipsock.go:289 +0x4c5 fp=0xc0000d7708 sp=0xc0000d7610 pc=0x6bc425
net.(*Resolver).resolveAddrList(0x1316040, {0xcd0a20, 0xc00021e0e0}, {0xba35b1, 0x4}, {0xba2f91?, 0x0?}, {0xc0000006c0, 0x14}, {0x0, ...})
	net/dial.go:353 +0x3e5 fp=0xc0000d7808 sp=0xc0000d7708 pc=0x6aa265
net.(*Dialer).DialContext(0xc000096120, {0xcd09b0, 0xc00009d360}, {0xba2f91, 0x3}, {0xc0000006c0, 0x14})
	net/dial.go:560 +0x408 fp=0xc0000d7978 sp=0xc0000d7808 pc=0x6ab008
net.(*Dialer).DialContext-fm({0xcd09b0?, 0xc00009d360?}, {0xba2f91?, 0x1339ea0?}, {0xc0000006c0?, 0xc00006ea18?})
	<autogenerated>:1 +0x49 fp=0xc0000d79c0 sp=0xc0000d7978 pc=0x7c6629
net/http.(*Transport).dial(0xc0000148b6?, {0xcd09b0?, 0xc00009d360?}, {0xba2f91?, 0x1316520?}, {0xc0000006c0?, 0xc00002c690?})
	net/http/transport.go:1278 +0xd2 fp=0xc0000d7a28 sp=0xc0000d79c0 pc=0x7afb92
net/http.(*Transport).dialConn(0x12c2960, {0xcd09b0, 0xc00009d360}, {{}, 0x0, {0xc0003aa000, 0x5}, {0xc0000006c0, 0x14}, 0x0})
	net/http/transport.go:1783 +0x7e5 fp=0xc0000d7ee0 sp=0xc0000d7a28 pc=0x7b2b65
net/http.(*Transport).dialConnFor(0x12c2960, 0xc0002060b0)
	net/http/transport.go:1618 +0xb8 fp=0xc0000d7f90 sp=0xc0000d7ee0 pc=0x7b1678
net/http.(*Transport).startDialConnForLocked.func1()
	net/http/transport.go:1600 +0x35 fp=0xc0000d7fe0 sp=0xc0000d7f90 pc=0x7b14b5
runtime.goexit({})
	runtime/asm_amd64.s:1700 +0x1 fp=0xc0000d7fe8 sp=0xc0000d7fe0 pc=0x487861
created by net/http.(*Transport).startDialConnForLocked in goroutine 11
	net/http/transport.go:1599 +0x112

goroutine 50 gp=0xc000382380 m=nil [chan receive]:
runtime.gopark(0xf?, 0xc0003d6180?, 0x91?, 0x61?, 0xc000323370?)
	runtime/proc.go:435 +0xce fp=0xc0003232f8 sp=0xc0003232d8 pc=0x47fa2e
runtime.chanrecv(0xc0003be310, 0xc0003233a8, 0x1)
	runtime/chan.go:664 +0x445 fp=0xc000323370 sp=0xc0003232f8 pc=0x41b1a5
runtime.chanrecv1(0x454c3f?, 0xc0003233a8?)
	runtime/chan.go:506 +0x12 fp=0xc000323398 sp=0xc000323370 pc=0x41ad32
net.(*Resolver).goLookupIPCNAMEOrder.func4({0x0?, 0x0?}, 0x2380?)
	net/dnsclient_unix.go:673 +0x65 fp=0xc000323428 sp=0xc000323398 pc=0x6b2005
net.(*Resolver).goLookupIPCNAMEOrder(_, {_, _}, {_, _}, {_, _}, _, _)
	net/dnsclient_unix.go:683 +0xbe6 fp=0xc000323c00 sp=0xc000323428 pc=0x6b1326
net.(*Resolver).lookupIP(0x1316040, {0xcd09b0, 0xc0003a8140}, {0xba2f91, 0x3}, {0xc00049c060, 0x10})
	net/lookup_unix.go:68 +0x131 fp=0xc000323e58 sp=0xc000323c00 pc=0x6bf3f1
net.(*Resolver).lookupIP-fm({0xcd09b0?, 0xc0003a8140?}, {0xba2f91?, 0xc0004b2078?}, {0xc00049c060?, 0xc0002146b0?})
	<autogenerated>:1 +0x49 fp=0xc000323ea0 sp=0xc000323e58 pc=0x6d4b89
net.init.func1({0xcd09b0?, 0xc0003a8140?}, 0xc000494190?, {0xba2f91?, 0xc000438190?}, {0xc00049c060?, 0xc00049c060?})
	net/hook.go:21 +0x37 fp=0xc000323ee0 sp=0xc000323ea0 pc=0x6a5897
net.(*Resolver).lookupIPAddr.func1()
	net/lookup.go:334 +0x37 fp=0xc000323f38 sp=0xc000323ee0 pc=0x6be9f7
internal/singleflight.(*Group).doCall(0x1316050, 0xc0003a8190, {0xc0003bc030, 0x14}, 0x0?)
	internal/singleflight/singleflight.go:93 +0x34 fp=0xc000323fa8 sp=0xc000323f38 pc=0x6a49b4
internal/singleflight.(*Group).DoChan.gowrap1()
	internal/singleflight/singleflight.go:86 +0x30 fp=0xc000323fe0 sp=0xc000323fa8 pc=0x6a4950
runtime.goexit({})
	runtime/asm_amd64.s:1700 +0x1 fp=0xc000323fe8 sp=0xc000323fe0 pc=0x487861
created by internal/singleflight.(*Group).DoChan in goroutine 34
	internal/singleflight/singleflight.go:86 +0x2d3

goroutine 66 gp=0xc000402380 m=nil [select]:
runtime.gopark(0xc0003215b8?, 0x2?, 0x7?, 0x0?, 0xc000321470?)
	runtime/proc.go:435 +0xce fp=0xc0003212f8 sp=0xc0003212d8 pc=0x47fa2e
runtime.selectgo(0xc0003215b8, 0xc00032146c, 0x14?, 0x0, 0x0?, 0x1)
	runtime/select.go:351 +0x837 fp=0xc000321430 sp=0xc0003212f8 pc=0x45d597
net.(*Resolver).lookupIPAddr(0x1316040, {0xcd0a20, 0xc0004481c0}, {0xba2f91, 0x3}, {0xc000446018, 0x10})
	net/lookup.go:342 +0x3d9 fp=0xc000321610 sp=0xc000321430 pc=0x6be139
net.(*Resolver).internetAddrList(0x1316040?, {0xcd0a20?, 0xc0004481c0?}, {0xba2f91, 0x3}, {0xc000446018?, 0x423165?})
	net/ipsock.go:289 +0x4c5 fp=0xc000321708 sp=0xc000321610 pc=0x6bc425
net.(*Resolver).resolveAddrList(0x1316040, {0xcd0a20, 0xc0004481c0}, {0xba35b1, 0x4}, {0xba2f91?, 0x426405?}, {0xc000446018, 0x14}, {0x0, ...})
	net/dial.go:353 +0x3e5 fp=0xc000321808 sp=0xc000321708 pc=0x6aa265
net.(*Dialer).DialContext(0xc000096120, {0xcd09b0, 0xc00043c190}, {0xba2f91, 0x3}, {0xc000446018, 0x14})
	net/dial.go:560 +0x408 fp=0xc000321978 sp=0xc000321808 pc=0x6ab008
net.(*Dialer).DialContext-fm({0xcd09b0?, 0xc00043c190?}, {0xba2f91?, 0x1339ea0?}, {0xc000446018?, 0xc000414a18?})
	<autogenerated>:1 +0x49 fp=0xc0003219c0 sp=0xc000321978 pc=0x7c6629
net/http.(*Transport).dial(0xc00002c630?, {0xcd09b0?, 0xc00043c190?}, {0xba2f91?, 0x1316520?}, {0xc000446018?, 0xc000028320?})
	net/http/transport.go:1278 +0xd2 fp=0xc000321a28 sp=0xc0003219c0 pc=0x7afb92
net/http.(*Transport).dialConn(0x12c2960, {0xcd09b0, 0xc00043c190}, {{}, 0x0, {0xc000496190, 0x5}, {0xc000446018, 0x14}, 0x0})
	net/http/transport.go:1783 +0x7e5 fp=0xc000321ee0 sp=0xc000321a28 pc=0x7b2b65
net/http.(*Transport).dialConnFor(0x12c2960, 0xc00044a000)
	net/http/transport.go:1618 +0xb8 fp=0xc000321f90 sp=0xc000321ee0 pc=0x7b1678
net/http.(*Transport).startDialConnForLocked.func1()
	net/http/transport.go:1600 +0x35 fp=0xc000321fe0 sp=0xc000321f90 pc=0x7b14b5
runtime.goexit({})
	runtime/asm_amd64.s:1700 +0x1 fp=0xc000321fe8 sp=0xc000321fe0 pc=0x487861
created by net/http.(*Transport).startDialConnForLocked in goroutine 10
	net/http/transport.go:1599 +0x112

goroutine 82 gp=0xc000302380 m=nil [select]:
runtime.gopark(0xc0001cf5b8?, 0x2?, 0x7?, 0x0?, 0xc0001cf470?)
	runtime/proc.go:435 +0xce fp=0xc0001cf2f8 sp=0xc0001cf2d8 pc=0x47fa2e
runtime.selectgo(0xc0001cf5b8, 0xc0001cf46c, 0x14?, 0x0, 0x0?, 0x1)
	runtime/select.go:351 +0x837 fp=0xc0001cf430 sp=0xc0001cf2f8 pc=0x45d597
net.(*Resolver).lookupIPAddr(0x1316040, {0xcd0a20, 0xc0003381c0}, {0xba2f91, 0x3}, {0xc000330018, 0x10})
	net/lookup.go:342 +0x3d9 fp=0xc0001cf610 sp=0xc0001cf430 pc=0x6be139
net.(*Resolver).internetAddrList(0x1316040?, {0xcd0a20?, 0xc0003381c0?}, {0xba2f91, 0x3}, {0xc000330018?, 0x423165?})
	net/ipsock.go:289 +0x4c5 fp=0xc0001cf708 sp=0xc0001cf610 pc=0x6bc425
net.(*Resolver).resolveAddrList(0x1316040, {0xcd0a20, 0xc0003381c0}, {0xba35b1, 0x4}, {0xba2f91?, 0x426405?}, {0xc000330018, 0x14}, {0x0, ...})
	net/dial.go:353 +0x3e5 fp=0xc0001cf808 sp=0xc0001cf708 pc=0x6aa265
net.(*Dialer).DialContext(0xc000096120, {0xcd09b0, 0xc0003340a0}, {0xba2f91, 0x3}, {0xc000330018, 0x14})
	net/dial.go:560 +0x408 fp=0xc0001cf978 sp=0xc0001cf808 pc=0x6ab008
net.(*Dialer).DialContext-fm({0xcd09b0?, 0xc0003340a0?}, {0xba2f91?, 0x1339ea0?}, {0xc000330018?, 0xc000314a18?})
	<autogenerated>:1 +0x49 fp=0xc0001cf9c0 sp=0xc0001cf978 pc=0x7c6629
net/http.(*Transport).dial(0xc000014858?, {0xcd09b0?, 0xc0003340a0?}, {0xba2f91?, 0x1316520?}, {0xc000330018?, 0xc000028340?})
	net/http/transport.go:1278 +0xd2 fp=0xc0001cfa28 sp=0xc0001cf9c0 pc=0x7afb92
net/http.(*Transport).dialConn(0x12c2960, {0xcd09b0, 0xc0003340a0}, {{}, 0x0, {0xc0004900e0, 0x5}, {0xc000330018, 0x14}, 0x0})
	net/http/transport.go:1783 +0x7e5 fp=0xc0001cfee0 sp=0xc0001cfa28 pc=0x7b2b65
net/http.(*Transport).dialConnFor(0x12c2960, 0xc00033a000)
	net/http/transport.go:1618 +0xb8 fp=0xc0001cff90 sp=0xc0001cfee0 pc=0x7b1678
net/http.(*Transport).startDialConnForLocked.func1()
	net/http/transport.go:1600 +0x35 fp=0xc0001cffe0 sp=0xc0001cff90 pc=0x7b14b5
runtime.goexit({})
	runtime/asm_amd64.s:1700 +0x1 fp=0xc0001cffe8 sp=0xc0001cffe0 pc=0x487861
created by net/http.(*Transport).startDialConnForLocked in goroutine 4
	net/http/transport.go:1599 +0x112

goroutine 83 gp=0xc000302540 m=nil [select]:
runtime.gopark(0xc00041f5b8?, 0x2?, 0x7?, 0x0?, 0xc00041f470?)
	runtime/proc.go:435 +0xce fp=0xc00041f2f8 sp=0xc00041f2d8 pc=0x47fa2e
runtime.selectgo(0xc00041f5b8, 0xc00041f46c, 0x14?, 0x0, 0x0?, 0x1)
	runtime/select.go:351 +0x837 fp=0xc00041f430 sp=0xc00041f2f8 pc=0x45d597
net.(*Resolver).lookupIPAddr(0x1316040, {0xcd0a20, 0xc000338460}, {0xba2f91, 0x3}, {0xc00015e120, 0x10})
	net/lookup.go:342 +0x3d9 fp=0xc00041f610 sp=0xc00041f430 pc=0x6be139
net.(*Resolver).internetAddrList(0x1316040?, {0xcd0a20?, 0xc000338460?}, {0xba2f91, 0x3}, {0xc00015e120?, 0x423165?})
	net/ipsock.go:289 +0x4c5 fp=0xc00041f708 sp=0xc00041f610 pc=0x6bc425
net.(*Resolver).resolveAddrList(0x1316040, {0xcd0a20, 0xc000338460}, {0xba35b1, 0x4}, {0xba2f91?, 0x426405?}, {0xc00015e120, 0x14}, {0x0, ...})
	net/dial.go:353 +0x3e5 fp=0xc00041f808 sp=0xc00041f708 pc=0x6aa265
net.(*Dialer).DialContext(0xc000096120, {0xcd09b0, 0xc00017c0f0}, {0xba2f91, 0x3}, {0xc00015e120, 0x14})
	net/dial.go:560 +0x408 fp=0xc00041f978 sp=0xc00041f808 pc=0x6ab008
net.(*Dialer).DialContext-fm({0xcd09b0?, 0xc00017c0f0?}, {0xba2f91?, 0x1339ea0?}, {0xc00015e120?, 0xc000314a18?})
	<autogenerated>:1 +0x49 fp=0xc00041f9c0 sp=0xc00041f978 pc=0x7c6629
net/http.(*Transport).dial(0xc000014858?, {0xcd09b0?, 0xc00017c0f0?}, {0xba2f91?, 0x1316520?}, {0xc00015e120?, 0xc000028340?})
	net/http/transport.go:1278 +0xd2 fp=0xc00041fa28 sp=0xc00041f9c0 pc=0x7afb92
net/http.(*Transport).dialConn(0x12c2960, {0xcd09b0, 0xc00017c0f0}, {{}, 0x0, {0xc000440000, 0x5}, {0xc00015e120, 0x14}, 0x0})
	net/http/transport.go:1783 +0x7e5 fp=0xc00041fee0 sp=0xc00041fa28 pc=0x7b2b65
net/http.(*Transport).dialConnFor(0x12c2960, 0xc000148210)
	net/http/transport.go:1618 +0xb8 fp=0xc00041ff90 sp=0xc00041fee0 pc=0x7b1678
net/http.(*Transport).startDialConnForLocked.func1()
	net/http/transport.go:1600 +0x35 fp=0xc00041ffe0 sp=0xc00041ff90 pc=0x7b14b5
runtime.goexit({})
	runtime/asm_amd64.s:1700 +0x1 fp=0xc00041ffe8 sp=0xc00041ffe0 pc=0x487861
created by net/http.(*Transport).startDialConnForLocked in goroutine 6
	net/http/transport.go:1599 +0x112

goroutine 84 gp=0xc000302700 m=nil [select]:
runtime.gopark(0xc0004215b8?, 0x2?, 0x7?, 0x0?, 0xc000421470?)
	runtime/proc.go:435 +0xce fp=0xc0004212f8 sp=0xc0004212d8 pc=0x47fa2e
runtime.selectgo(0xc0004215b8, 0xc00042146c, 0x14?, 0x0, 0x0?, 0x1)
	runtime/select.go:351 +0x837 fp=0xc000421430 sp=0xc0004212f8 pc=0x45d597
net.(*Resolver).lookupIPAddr(0x1316040, {0xcd0a20, 0xc000338700}, {0xba2f91, 0x3}, {0xc0003bc018, 0x10})
	net/lookup.go:342 +0x3d9 fp=0xc000421610 sp=0xc000421430 pc=0x6be139
net.(*Resolver).internetAddrList(0x1316040?, {0xcd0a20?, 0xc000338700?}, {0xba2f91, 0x3}, {0xc0003bc018?, 0x423165?})
	net/ipsock.go:289 +0x4c5 fp=0xc000421708 sp=0xc000421610 pc=0x6bc425
net.(*Resolver).resolveAddrList(0x1316040, {0xcd0a20, 0xc000338700}, {0xba35b1, 0x4}, {0xba2f91?, 0x426405?}, {0xc0003bc018, 0x14}, {0x0, ...})
	net/dial.go:353 +0x3e5 fp=0xc000421808 sp=0xc000421708 pc=0x6aa265
net.(*Dialer).DialContext(0xc000096120, {0xcd09b0, 0xc0003a80f0}, {0xba2f91, 0x3}, {0xc0003bc018, 0x14})
	net/dial.go:560 +0x408 fp=0xc000421978 sp=0xc000421808 pc=0x6ab008
net.(*Dialer).DialContext-fm({0xcd09b0?, 0xc0003a80f0?}, {0xba2f91?, 0x1339ea0?}, {0xc0003bc018?, 0xc000314a18?})
	<autogenerated>:1 +0x49 fp=0xc0004219c0 sp=0xc000421978 pc=0x7c6629
net/http.(*Transport).dial(0xc000014858?, {0xcd09b0?, 0xc0003a80f0?}, {0xba2f91?, 0x1316520?}, {0xc0003bc018?, 0xc000028340?})
	net/http/transport.go:1278 +0xd2 fp=0xc000421a28 sp=0xc0004219c0 pc=0x7afb92
net/http.(*Transport).dialConn(0x12c2960, {0xcd09b0, 0xc0003a80f0}, {{}, 0x0, {0xc0004380a0, 0x5}, {0xc0003bc018, 0x14}, 0x0})
	net/http/transport.go:1783 +0x7e5 fp=0xc000421ee0 sp=0xc000421a28 pc=0x7b2b65
net/http.(*Transport).dialConnFor(0x12c2960, 0xc0003c0000)
	net/http/transport.go:1618 +0xb8 fp=0xc000421f90 sp=0xc000421ee0 pc=0x7b1678
net/http.(*Transport).startDialConnForLocked.func1()
	net/http/transport.go:1600 +0x35 fp=0xc000421fe0 sp=0xc000421f90 pc=0x7b14b5
runtime.goexit({})
	runtime/asm_amd64.s:1700 +0x1 fp=0xc000421fe8 sp=0xc000421fe0 pc=0x487861
created by net/http.(*Transport).startDialConnForLocked in goroutine 9
	net/http/transport.go:1599 +0x112

goroutine 85 gp=0xc0003028c0 m=nil [select]:
runtime.gopark(0xc0003495b8?, 0x2?, 0x7?, 0x0?, 0xc000349470?)
	runtime/proc.go:435 +0xce fp=0xc0003492f8 sp=0xc0003492d8 pc=0x47fa2e
runtime.selectgo(0xc0003495b8, 0xc00034946c, 0x14?, 0x0, 0x0?, 0x1)
	runtime/select.go:351 +0x837 fp=0xc000349430 sp=0xc0003492f8 pc=0x45d597
net.(*Resolver).lookupIPAddr(0x1316040, {0xcd0a20, 0xc0003389a0}, {0xba2f91, 0x3}, {0xc000188378, 0x10})
	net/lookup.go:342 +0x3d9 fp=0xc000349610 sp=0xc000349430 pc=0x6be139
net.(*Resolver).internetAddrList(0x1316040?, {0xcd0a20?, 0xc0003389a0?}, {0xba2f91, 0x3}, {0xc000188378?, 0x423165?})
	net/ipsock.go:289 +0x4c5 fp=0xc000349708 sp=0xc000349610 pc=0x6bc425
net.(*Resolver).resolveAddrList(0x1316040, {0xcd0a20, 0xc0003389a0}, {0xba35b1, 0x4}, {0xba2f91?, 0x426405?}, {0xc000188378, 0x14}, {0x0, ...})
	net/dial.go:353 +0x3e5 fp=0xc000349808 sp=0xc000349708 pc=0x6aa265
net.(*Dialer).DialContext(0xc000096120, {0xcd09b0, 0xc0001da0a0}, {0xba2f91, 0x3}, {0xc000188378, 0x14})
	net/dial.go:560 +0x408 fp=0xc000349978 sp=0xc000349808 pc=0x6ab008
net.(*Dialer).DialContext-fm({0xcd09b0?, 0xc0001da0a0?}, {0xba2f91?, 0x1339ea0?}, {0xc000188378?, 0xc000314a18?})
	<autogenerated>:1 +0x49 fp=0xc0003499c0 sp=0xc000349978 pc=0x7c6629
net/http.(*Transport).dial(0xc000014858?, {0xcd09b0?, 0xc0001da0a0?}, {0xba2f91?, 0x1316520?}, {0xc000188378?, 0xc000028340?})
	net/http/transport.go:1278 +0xd2 fp=0xc000349a28 sp=0xc0003499c0 pc=0x7afb92
net/http.(*Transport).dialConn(0x12c2960, {0xcd09b0, 0xc0001da0a0}, {{}, 0x0, {0xc000490230, 0x5}, {0xc000188378, 0x14}, 0x0})
	net/http/transport.go:1783 +0x7e5 fp=0xc000349ee0 sp=0xc000349a28 pc=0x7b2b65
net/http.(*Transport).dialConnFor(0x12c2960, 0xc0001de000)
	net/http/transport.go:1618 +0xb8 fp=0xc000349f90 sp=0xc000349ee0 pc=0x7b1678
net/http.(*Transport).startDialConnForLocked.func1()
	net/http/transport.go:1600 +0x35 fp=0xc000349fe0 sp=0xc000349f90 pc=0x7b14b5
runtime.goexit({})
	runtime/asm_amd64.s:1700 +0x1 fp=0xc000349fe8 sp=0xc000349fe0 pc=0x487861
created by net/http.(*Transport).startDialConnForLocked in goroutine 5
	net/http/transport.go:1599 +0x112

goroutine 86 gp=0xc000302a80 m=nil [select]:
runtime.gopark(0xc00034b5b8?, 0x2?, 0xd8?, 0x40?, 0xc00034b470?)
	runtime/proc.go:435 +0xce fp=0xc00034b2f8 sp=0xc00034b2d8 pc=0x47fa2e
runtime.selectgo(0xc00034b5b8, 0xc00034b46c, 0x14?, 0x0, 0x0?, 0x1)
	runtime/select.go:351 +0x837 fp=0xc00034b430 sp=0xc00034b2f8 pc=0x45d597
net.(*Resolver).lookupIPAddr(0x1316040, {0xcd0a20, 0xc000338c40}, {0xba2f91, 0x3}, {0xc00015e150, 0x10})
	net/lookup.go:342 +0x3d9 fp=0xc00034b610 sp=0xc00034b430 pc=0x6be139
net.(*Resolver).internetAddrList(0x1316040?, {0xcd0a20?, 0xc000338c40?}, {0xba2f91, 0x3}, {0xc00015e150?, 0x423165?})
	net/ipsock.go:289 +0x4c5 fp=0xc00034b708 sp=0xc00034b610 pc=0x6bc425
net.(*Resolver).resolveAddrList(0x1316040, {0xcd0a20, 0xc000338c40}, {0xba35b1, 0x4}, {0xba2f91?, 0x426405?}, {0xc00015e150, 0x14}, {0x0, ...})
	net/dial.go:353 +0x3e5 fp=0xc00034b808 sp=0xc00034b708 pc=0x6aa265
net.(*Dialer).DialContext(0xc000096120, {0xcd09b0, 0xc00017c1e0}, {0xba2f91, 0x3}, {0xc00015e150, 0x14})
	net/dial.go:560 +0x408 fp=0xc00034b978 sp=0xc00034b808 pc=0x6ab008
net.(*Dialer).DialContext-fm({0xcd09b0?, 0xc00017c1e0?}, {0xba2f91?, 0x1339ea0?}, {0xc00015e150?, 0xc000314a18?})
	<autogenerated>:1 +0x49 fp=0xc00034b9c0 sp=0xc00034b978 pc=0x7c6629
net/http.(*Transport).dial(0xc000014858?, {0xcd09b0?, 0xc00017c1e0?}, {0xba2f91?, 0x1316520?}, {0xc00015e150?, 0xc000028340?})
	net/http/transport.go:1278 +0xd2 fp=0xc00034ba28 sp=0xc00034b9c0 pc=0x7afb92
net/http.(*Transport).dialConn(0x12c2960, {0xcd09b0, 0xc00017c1e0}, {{}, 0x0, {0xc00029a140, 0x5}, {0xc00015e150, 0x14}, 0x0})
	net/http/transport.go:1783 +0x7e5 fp=0xc00034bee0 sp=0xc00034ba28 pc=0x7b2b65
net/http.(*Transport).dialConnFor(0x12c2960, 0xc0001482c0)
	net/http/transport.go:1618 +0xb8 fp=0xc00034bf90 sp=0xc00034bee0 pc=0x7b1678
net/http.(*Transport).startDialConnForLocked.func1()
	net/http/transport.go:1600 +0x35 fp=0xc00034bfe0 sp=0xc00034bf90 pc=0x7b14b5
runtime.goexit({})
	runtime/asm_amd64.s:1700 +0x1 fp=0xc00034bfe8 sp=0xc00034bfe0 pc=0x487861
created by net/http.(*Transport).startDialConnForLocked in goroutine 8
	net/http/transport.go:1599 +0x112

goroutine 51 gp=0xc000382540 m=nil [runnable]:
runtime.asyncPreempt2()
	runtime/preempt.go:308 +0x39 fp=0xc000422bc0 sp=0xc000422ba0 pc=0x4497f9
runtime.asyncPreempt()
	runtime/preempt_amd64.s:46 +0xdb fp=0xc000422d48 sp=0xc000422bc0 pc=0x488e1b
net.(*sysDialer).dialUDP(0x47c739?, {0xcd0a20?, 0xc0001dc070?}, 0xabc700?, 0xc000422e70?)
	net/udpsock_posix.go:213 +0xa7 fp=0xc000422dd8 sp=0xc000422d48 pc=0x6cbba7
net.(*sysDialer).dialSingle(0xc0001e0000, {0xcd0a20, 0xc0001dc070}, {0xcce870, 0xc00019cb70})
	net/dial.go:725 +0x28b fp=0xc000422ea8 sp=0xc000422dd8 pc=0x6aca6b
net.(*sysDialer).dialSerial(0xc0001e0000, {0xcd0a20, 0xc0001dc070}, {0xc0001802e0?, 0x1, 0x1c?})
	net/dial.go:686 +0x24e fp=0xc000422fb0 sp=0xc000422ea8 pc=0x6ac38e
net.(*sysDialer).dialParallel(0x0?, {0xcd0a20?, 0xc0001dc070?}, {0xc0001802e0?, 0xc0001dc070?, 0xba35b1?}, {0x0?, 0xba2f94?, 0x5?})
	net/dial.go:587 +0x3a7 fp=0xc0004231c8 sp=0xc000422fb0 pc=0x6aba67
net.(*Dialer).DialContext(0xc000423380, {0xcd0a20, 0xc0001dc070}, {0xba2f94, 0x3}, {0xc000398060, 0xe})
	net/dial.go:578 +0x6ac fp=0xc000423338 sp=0xc0004231c8 pc=0x6ab2ac
net.(*Resolver).dial(0xc0001802d0?, {0xcd0a20?, 0xc0001dc070?}, {0xba2f94?, 0x13173a0?}, {0xc000398060?, 0x0?})
	net/lookup.go:693 +0xa5 fp=0xc000423420 sp=0xc000423338 pc=0x6bed25
net.(*Resolver).exchange(_, {_, _}, {_, _}, {{{0x70, 0x72, 0x6f, 0x78, 0x79, ...}, ...}, ...}, ...)
	net/dnsclient_unix.go:185 +0x34a fp=0xc0004237f8 sp=0xc000423420 pc=0x6ae32a
net.(*Resolver).tryOneName(0x1316040, {0xcd09b0, 0xc0003a8140}, 0xc0003a00a0?, {0xc0003bc3c0, 0x11}, 0x1)
	net/dnsclient_unix.go:316 +0x4c6 fp=0xc000423e18 sp=0xc0004237f8 pc=0x6af6c6
net.(*Resolver).goLookupIPCNAMEOrder.func3.1(0x0?)
	net/dnsclient_unix.go:667 +0x85 fp=0xc000423fc8 sp=0xc000423e18 pc=0x6b22e5
net.(*Resolver).goLookupIPCNAMEOrder.func3.gowrap1()
	net/dnsclient_unix.go:670 +0x24 fp=0xc000423fe0 sp=0xc000423fc8 pc=0x6b2224
runtime.goexit({})
	runtime/asm_amd64.s:1700 +0x1 fp=0xc000423fe8 sp=0xc000423fe0 pc=0x487861
created by net.(*Resolver).goLookupIPCNAMEOrder.func3 in goroutine 50
	net/dnsclient_unix.go:666 +0x13f

goroutine 52 gp=0xc000382700 m=nil [runnable]:
runtime.SetFinalizer({0xb92060, 0xc000584000}, {0xad0b40, 0xc034d0})
	runtime/mfinal.go:434 +0x6a5 fp=0xc000344b50 sp=0xc000344b48 pc=0x429705
net.(*netFD).setAddr(...)
	net/fd_posix.go:32
net.(*netFD).dial(0xc000584000, {0xcd0a20, 0xc0003be3f0}, {0xcd3268?, 0x0?}, {0xcd3268, 0xc000390930}, 0x0?)
	net/sock_posix.go:143 +0x8ad fp=0xc000344c28 sp=0xc000344b50 pc=0x6c516d
net.socket({0xcd0a20, 0xc0003be3f0}, {0xba2f94, 0x3}, 0x2, 0x2, 0x1339ea0?, 0x0, {0xcd3268, 0x0}, ...)
	net/sock_posix.go:70 +0x29b fp=0xc000344cd0 sp=0xc000344c28 pc=0x6c47bb
net.internetSocket({0xcd0a20, 0xc0003be3f0}, {0xba2f94, 0x3}, {0xcd3268, 0x0}, {0xcd3268, 0xc000390930}, 0x2, 0x0, ...)
	net/ipsock_posix.go:167 +0xf8 fp=0xc000344d48 sp=0xc000344cd0 pc=0x6bce98
net.(*sysDialer).dialUDP(0x47c739?, {0xcd0a20?, 0xc0003be3f0?}, 0xabc700?, 0xc000344e70?)
	net/udpsock_posix.go:212 +0xa7 fp=0xc000344dd8 sp=0xc000344d48 pc=0x6cbba7
net.(*sysDialer).dialSingle(0xc000582000, {0xcd0a20, 0xc0003be3f0}, {0xcce870, 0xc000390930})
	net/dial.go:725 +0x28b fp=0xc000344ea8 sp=0xc000344dd8 pc=0x6aca6b
net.(*sysDialer).dialSerial(0xc000582000, {0xcd0a20, 0xc0003be3f0}, {0xc0003a41c0?, 0x1, 0x1c?})
	net/dial.go:686 +0x24e fp=0xc000344fb0 sp=0xc000344ea8 pc=0x6ac38e
net.(*sysDialer).dialParallel(0x0?, {0xcd0a20?, 0xc0003be3f0?}, {0xc0003a41c0?, 0xc0003be3f0?, 0xba35b1?}, {0x0?, 0xba2f94?, 0x417f6b?})
	net/dial.go:587 +0x3a7 fp=0xc0003451c8 sp=0xc000344fb0 pc=0x6aba67
net.(*Dialer).DialContext(0xc000345380, {0xcd0a20, 0xc0003be3f0}, {0xba2f94, 0x3}, {0xc000398060, 0xe})
	net/dial.go:578 +0x6ac fp=0xc000345338 sp=0xc0003451c8 pc=0x6ab2ac
net.(*Resolver).dial(0xc0003a41b0?, {0xcd0a20?, 0xc0003be3f0?}, {0xba2f94?, 0x13173a0?}, {0xc000398060?, 0x0?})
	net/lookup.go:693 +0xa5 fp=0xc000345420 sp=0xc000345338 pc=0x6bed25
net.(*Resolver).exchange(_, {_, _}, {_, _}, {{{0x70, 0x72, 0x6f, 0x78, 0x79, ...}, ...}, ...}, ...)
	net/dnsclient_unix.go:185 +0x34a fp=0xc0003457f8 sp=0xc000345420 pc=0x6ae32a
net.(*Resolver).tryOneName(0x1316040, {0xcd09b0, 0xc0003a8140}, 0xc0003a00a0?, {0xc0003bc3c0, 0x11}, 0x1c)
	net/dnsclient_unix.go:316 +0x4c6 fp=0xc000345e18 sp=0xc0003457f8 pc=0x6af6c6
net.(*Resolver).goLookupIPCNAMEOrder.func3.1(0x2188?)
	net/dnsclient_unix.go:667 +0x85 fp=0xc000345fc8 sp=0xc000345e18 pc=0x6b22e5
net.(*Resolver).goLookupIPCNAMEOrder.func3.gowrap1()
	net/dnsclient_unix.go:670 +0x24 fp=0xc000345fe0 sp=0xc000345fc8 pc=0x6b2224
runtime.goexit({})
	runtime/asm_amd64.s:1700 +0x1 fp=0xc000345fe8 sp=0xc000345fe0 pc=0x487861
created by net.(*Resolver).goLookupIPCNAMEOrder.func3 in goroutine 50
	net/dnsclient_unix.go:666 +0x13f

rax    0x2
rbx    0x0
rcx    0x0
rdx    0x12a00e4b4
rdi    0x133a0e8
rsi    0xffffffff83912e00
rbp    0xffff37ffec48
rsp    0xffff37ffe5d0
r8     0x77
r9     0x72
r10    0xa
r11    0x0
r12    0xffff37ffe650
r13    0x1
r14    0xc000005180
r15    0x7
rip    0x44424e
rflags 0x206
cs     0x33
fs     0x0
gs     0x0
[linux/arm64] [1/3] STEP 1/8: FROM registry.redhat.io/ubi8/nodejs-18:latest AS web-builder
Trying to pull registry.redhat.io/ubi8/nodejs-18:latest...
Getting image source signatures
Checking if image destination supports signatures
Copying blob sha256:c4fff77bc060c02d4f09680032367cb302e83402fc25b7c7ac001cb00238876f
Copying blob sha256:8fd64178c906794da03bc9b7d2d5e3b70073b47f8aa659230381d7fd897dc11b
Copying blob sha256:6ad04be99c8f2547888de53fad691136f65cf5a11c7a2567ef29477c3413f587
Copying config sha256:62a277f6499a7c210a1022190779f4387fc1294a28ea7696fc264248bf328a9b
Writing manifest to image destination
Storing signatures
[linux/arm64] [1/3] STEP 2/8: WORKDIR /opt/app-root
--> Using cache 87c07f8e7903c0333e290487c7fa5cdc27c444159ab4f0569e2985922b349f2d
--> 87c07f8e7903
[linux/arm64] [1/3] STEP 3/8: USER 0
--> Using cache 508717e77868bc0fddf7ad6c537cadaf6405a85bddb5fd01e8bdbb8652870ac7
--> 508717e77868
[linux/arm64] [1/3] STEP 4/8: COPY web/package*.json web/
--> Using cache 951b70a190bd2a156ec3acac59c01ee0e789b6495f6c048efd1b4caac98a5f37
--> 951b70a190bd
[linux/arm64] [1/3] STEP 5/8: COPY Makefile Makefile
--> Using cache 96d09c82c54bf513b7b8184e85b30726dafd77052001b5fad540d8cde6b01513
--> 96d09c82c54b
[linux/arm64] [1/3] STEP 6/8: RUN make install-frontend-ci-clean
--> Using cache dc080db5c3d52a7378f0738dec97f1186b0b44af8d6b10ebf40dd8c3ce06206c
--> dc080db5c3d5
[linux/arm64] [1/3] STEP 7/8: COPY web/ web/
--> Using cache 7d1cabab83ee6ca940f06905c0c414872df927789b575d2ad30363cb6a4be8ef
--> 7d1cabab83ee
[linux/arm64] [1/3] STEP 8/8: RUN make build-frontend
--> Using cache 0d25f3879f037411eadfae630716ca4c0c0cd535f6fd74c5ebf8c1835ed0906d
--> 0d25f3879f03
[linux/arm64] [2/3] STEP 1/11: FROM registry.ci.openshift.org/ocp/builder:rhel-8-golang-1.24-openshift-4.20 AS go-builder
Trying to pull registry.ci.openshift.org/ocp/builder:rhel-8-golang-1.24-openshift-4.20...
Getting image source signatures
Copying blob sha256:1601f0002240e476166ae25539061c09fadc016385d68cfd04c419472708f270
Copying blob sha256:abb828c6dd68e53a22f7a11904b72f9d5a7802fb5e7c380b3a22b18a02e9a463
Copying blob sha256:211523f3608ae0538e139764b42d3db023cbe3af165af43f3b35bd1008edbe2a
Copying config sha256:891a16a4d5dbbfb7e4204e6b986be2dacd9665316bcdabcec319512369b631f8
Writing manifest to image destination
[linux/arm64] [2/3] STEP 2/11: WORKDIR /opt/app-root
--> Using cache 90931a5e8cbd10e70724f79b68551ce684e76e9b00a70e1b702f01c5b2505e5c
--> 90931a5e8cbd
[linux/arm64] [2/3] STEP 3/11: COPY Makefile Makefile
--> Using cache 2c53cc3a3033b376438cc2e9eeee7da0ea29c63a131fddef9f392bca7a1f02d2
--> 2c53cc3a3033
[linux/arm64] [2/3] STEP 4/11: COPY go.mod go.mod
--> Using cache 47078adb2b1bf93642b24f2e1683083b9bd65b6e4b39d352b28410cb87f5b134
--> 47078adb2b1b
[linux/arm64] [2/3] STEP 5/11: COPY go.sum go.sum
--> Using cache 62791d00e08a8269267d00013c086e4e5930a7496e6d362ee35e44663d8f4d02
--> 62791d00e08a
[linux/arm64] [2/3] STEP 6/11: RUN go mod download
--> Using cache 0732e5970ede7e0d2f72fc605eef70bd75e9586659ef2f11fdc7f8216e2319f9
--> 0732e5970ede
[linux/arm64] [2/3] STEP 7/11: COPY cmd/ cmd/
--> Using cache 103f0f39e49524146d519accf7243c111bf0d7e1955b515f0f4b179061046c90
--> 103f0f39e495
[linux/arm64] [2/3] STEP 8/11: COPY pkg/ pkg/
--> Using cache b4632fdefedecef63835f91e5b125abfe9363e69ae0b14c4e377e9d02efab995
--> b4632fdefede
[linux/arm64] [2/3] STEP 9/11: ENV GOEXPERIMENT=strictfipsruntime
--> Using cache f6009013e51722ee1a0860708e7481af5cc0f9f7e9ff785d9d286bca8d7b961e
--> f6009013e517
[linux/arm64] [2/3] STEP 10/11: ENV CGO_ENABLED=1
--> Using cache 1766c43f712dc93f2ecd0eda43dbc510069e65cf2dcc9d649b47c3e13d70312b
--> 1766c43f712d
[linux/arm64] [2/3] STEP 11/11: RUN make build-backend BUILD_OPTS="-tags strictfipsruntime"
--> Using cache 9a8a410255ed6ffb17ce110b8566e8892b06f1da154dd167bc3214476b7aaac0
--> 9a8a410255ed
[linux/arm64] [3/3] STEP 1/4: FROM registry.access.redhat.com/ubi8/ubi
[linux/arm64] [3/3] STEP 2/4: COPY --from=web-builder /opt/app-root/web/dist /opt/app-root/web/dist
--> Using cache 656c7330b13fd5bcd2efc343bf74b862efd33bad77d5f96beac8cb22554855c3
--> 656c7330b13f
[linux/arm64] [3/3] STEP 3/4: COPY --from=go-builder /opt/app-root/plugin-backend /opt/app-root
--> Using cache 35648daf890c00fc94bfe0d22b54d83caf7d513253229a16b6c99441aa862f22
--> 35648daf890c
[linux/arm64] [3/3] STEP 4/4: ENTRYPOINT ["/opt/app-root/plugin-backend", "-static-path", "/opt/app-root/web/dist"]
--> Using cache 678243c2f7b436df05b5e5fb33d397d5847263b0fd03d2972c4b9a9d9bc0bceb
--> 678243c2f7b4
678243c2f7b436df05b5e5fb33d397d5847263b0fd03d2972c4b9a9d9bc0bceb
Error: [linux/amd64]: building at STEP "RUN go mod download": while running runtime: exit status 2

make: *** [podman-cross-build] Error 2
WARNING: Attempt 2 failed for console-dashboards-plugin @ release-coo-ocp-4.12 (exit code 2)
--- Attempt 3/3 ---
podman manifest rm quay.io/rh-ee-emurasak/console-dashboards-plugin:v0.4.3 || true
Untagged: quay.io/rh-ee-emurasak/console-dashboards-plugin:v0.4.3
Deleted: bdd041406c39a8e38359aa76cca7143af89ec74bddfe239e91d36dc410b1e611
podman manifest create quay.io/rh-ee-emurasak/console-dashboards-plugin:v0.4.3
55dd931737396168f8ce7dce3d18913ab7ea49c9d33802b708be5946c1f60b55
podman build --platform=linux/arm64,linux/amd64 --manifest quay.io/rh-ee-emurasak/console-dashboards-plugin:v0.4.3 -f Dockerfile
[linux/amd64] [1/3] STEP 1/8: FROM registry.redhat.io/ubi8/nodejs-18:latest AS web-builder
Trying to pull registry.redhat.io/ubi8/nodejs-18:latest...
Getting image source signatures
Checking if image destination supports signatures
Copying blob sha256:046eb6416170db2ab33e464d04c6f7c0c8c6cc8563597aca8e9fb7736dff00f9
Copying blob sha256:43ddc3bd12b8691687c9f6c273331ca07e3a89b50a619e0db9b040a8a629386d
Copying blob sha256:b610fd6091ba2163b8943d2214e20665977bc8064dc769d47be9ae868e48a301
Copying config sha256:ab55058334c5c32969b838cea2db23ee8c69c1b742006a75c031ed4f1b286bc5
Writing manifest to image destination
Storing signatures
[linux/amd64] [1/3] STEP 2/8: WORKDIR /opt/app-root
--> Using cache 6caa91e2258d30a6b1f94eacfd661399e8883eb554e2a8a96b33196354d8d47d
--> 6caa91e2258d
[linux/amd64] [1/3] STEP 3/8: USER 0
--> Using cache f824ba1cbb5f0090a8c1cc1313ee1b884891306773b6f084bdbf1ced69e6679c
--> f824ba1cbb5f
[linux/amd64] [1/3] STEP 4/8: COPY web/package*.json web/
--> Using cache 97697c32d8d67563fcc17702db08ed58947e5b59f027bd9665c68fbde6e53b25
--> 97697c32d8d6
[linux/amd64] [1/3] STEP 5/8: COPY Makefile Makefile
--> Using cache 3b46d22aff358b214e27006f4d9862f43aea1e9759f113795461efba7b73a5f6
--> 3b46d22aff35
[linux/amd64] [1/3] STEP 6/8: RUN make install-frontend-ci-clean
--> Using cache 995630479883f028d8a8be5091922e0c61ab5584590f774c8322f67632443316
--> 995630479883
[linux/amd64] [1/3] STEP 7/8: COPY web/ web/
--> Using cache 37837227d290700d5cbb7cecb3952ad5e10709aeeb90da375540be1296e777a3
--> 37837227d290
[linux/amd64] [1/3] STEP 8/8: RUN make build-frontend
--> Using cache ad6b19a0ba852a6225d409262134f91f1e25f6ccb51ae6196c784bcc9bc91961
--> ad6b19a0ba85
[linux/amd64] [2/3] STEP 1/11: FROM registry.ci.openshift.org/ocp/builder:rhel-8-golang-1.24-openshift-4.20 AS go-builder
Trying to pull registry.ci.openshift.org/ocp/builder:rhel-8-golang-1.24-openshift-4.20...
Getting image source signatures
Copying blob sha256:c7965aa7086045a59bdb113a1fb8a19d7ccf7af4133e59af8ecefd39cda8e0b1
Copying blob sha256:32a0db6672d42bc2f63fa6c620bf354f141c2478d6ea69c2363fc3ae82cf9448
Copying blob sha256:ad150792efc16fbb7886da9d9457d93092929426e6a9f11c6e04a563f284eacd
Copying config sha256:afb0ed974e4e076b1e05e106cf07c0ea3bffe26a331f278142661a821986210b
Writing manifest to image destination
[linux/amd64] [2/3] STEP 2/11: WORKDIR /opt/app-root
--> Using cache 4c3d609c7a8eb4a13e773c450dbf709646876ab4aad230568d43accdfcbde575
--> 4c3d609c7a8e
[linux/amd64] [2/3] STEP 3/11: COPY Makefile Makefile
--> Using cache 32a7b9175aa6ca33931caab8a08ffda9b490fff02ed0ccadcd0c8f5e597afede
--> 32a7b9175aa6
[linux/amd64] [2/3] STEP 4/11: COPY go.mod go.mod
--> Using cache 81ca16991f68be27367f47f20b709963d21796514a6573c0a90bf55b6aa104c8
--> 81ca16991f68
[linux/amd64] [2/3] STEP 5/11: COPY go.sum go.sum
--> Using cache 5db069493b6a4640225b0b1d1969ac343d75603979966c2a7df9039966174c98
--> 5db069493b6a
[linux/amd64] [2/3] STEP 6/11: RUN go mod download
SIGSEGV: segmentation violation
PC=0x44424e m=3 sigcode=1 addr=0xffffffffa54696a0

goroutine 0 gp=0xc000005180 m=3 mp=0xc000065008 [idle]:
runtime.netpoll(0xc00003c000?)
	runtime/netpoll_epoll.go:169 +0x24e fp=0xffff53dfdc58 sp=0xffff53dfd5d0 pc=0x44424e
runtime.findRunnable()
	runtime/proc.go:3657 +0x8c5 fp=0xffff53dfddd0 sp=0xffff53dfdc58 pc=0x451265
runtime.schedule()
	runtime/proc.go:4072 +0xb1 fp=0xffff53dfde08 sp=0xffff53dfddd0 pc=0x452831
runtime.park_m(0xc000102540)
	runtime/proc.go:4201 +0x285 fp=0xffff53dfde68 sp=0xffff53dfde08 pc=0x452ca5
runtime.mcall()
	runtime/asm_amd64.s:459 +0x4e fp=0xffff53dfde80 sp=0xffff53dfde68 pc=0x48582e

goroutine 1 gp=0xc000004380 m=nil [chan receive]:
runtime.gopark(0xb288c0?, 0x0?, 0x0?, 0x0?, 0xc000212000?)
	runtime/proc.go:435 +0xce fp=0xc000034f68 sp=0xc000034f48 pc=0x47fa2e
runtime.chanrecv(0xc000212000, 0x0, 0x1)
	runtime/chan.go:664 +0x445 fp=0xc000034fe0 sp=0xc000034f68 pc=0x41b1a5
runtime.chanrecv1(0xc00011f0b0?, 0xc00014a360?)
	runtime/chan.go:506 +0x12 fp=0xc000035008 sp=0xc000034fe0 pc=0x41ad32
cmd/go/internal/modload.readModGraph({0xffffffffffffff9c?, 0x2?}, 0x0, {0xc000100808?, 0xba321b?, 0x38}, 0x0)
	cmd/go/internal/modload/buildlist.go:435 +0x439 fp=0xc000035580 sp=0xc000035008 pc=0x86d6f9
cmd/go/internal/modload.(*Requirements).Graph.func1()
	cmd/go/internal/modload/buildlist.go:284 +0x3a fp=0xc0000355e8 sp=0xc000035580 pc=0x86d23a
sync.(*Once).doSlow(0x0?, 0xba3219?)
	sync/once.go:78 +0xab fp=0xc000035640 sp=0xc0000355e8 pc=0x491d0b
sync.(*Once).Do(...)
	sync/once.go:69
cmd/go/internal/modload.(*Requirements).Graph(0xc0001340f0, {0xcd0940?, 0x1339ea0?})
	cmd/go/internal/modload/buildlist.go:283 +0x4f fp=0xc000035680 sp=0xc000035640 pc=0x86d1af
cmd/go/internal/modload.expandGraph({0xcd0940, 0x1339ea0}, 0xc0001340f0)
	cmd/go/internal/modload/buildlist.go:608 +0x3e fp=0xc000035708 sp=0xc000035680 pc=0x86eb7e
cmd/go/internal/modload.LoadModGraph({0xcd0940, 0x1339ea0}, {0x0, 0x0})
	cmd/go/internal/modload/buildlist.go:588 +0x8f fp=0xc000035788 sp=0xc000035708 pc=0x86e8af
cmd/go/internal/modcmd.runDownload({0xcd0940, 0x1339ea0}, 0xc000116180?, {0xc000194260, 0x0, 0x0})
	cmd/go/internal/modcmd/download.go:156 +0x245 fp=0xc0000359c8 sp=0xc000035788 pc=0x9be985
main.invoke(0x12c0140, {0xc000194260, 0x1, 0x1})
	cmd/go/main.go:341 +0x845 fp=0xc000035cd0 sp=0xc0000359c8 pc=0xa05b05
main.main()
	cmd/go/main.go:220 +0xe8b fp=0xc000035f50 sp=0xc000035cd0 pc=0xa04c2b
runtime.main()
	runtime/proc.go:283 +0x28b fp=0xc000035fe0 sp=0xc000035f50 pc=0x44ad2b
runtime.goexit({})
	runtime/asm_amd64.s:1700 +0x1 fp=0xc000035fe8 sp=0xc000035fe0 pc=0x487861

goroutine 2 gp=0xc000004e00 m=nil [force gc (idle)]:
runtime.gopark(0x0?, 0x0?, 0x0?, 0x0?, 0x0?)
	runtime/proc.go:435 +0xce fp=0xc00005efa8 sp=0xc00005ef88 pc=0x47fa2e
runtime.goparkunlock(...)
	runtime/proc.go:441
runtime.forcegchelper()
	runtime/proc.go:348 +0xb3 fp=0xc00005efe0 sp=0xc00005efa8 pc=0x44b073
runtime.goexit({})
	runtime/asm_amd64.s:1700 +0x1 fp=0xc00005efe8 sp=0xc00005efe0 pc=0x487861
created by runtime.init.7 in goroutine 1
	runtime/proc.go:336 +0x1a

goroutine 3 gp=0xc0000056c0 m=nil [GC sweep wait]:
runtime.gopark(0x0?, 0x0?, 0x0?, 0x0?, 0x0?)
	runtime/proc.go:435 +0xce fp=0xc00005f780 sp=0xc00005f760 pc=0x47fa2e
runtime.goparkunlock(...)
	runtime/proc.go:441
runtime.bgsweep(0xc000092000)
	runtime/mgcsweep.go:276 +0x94 fp=0xc00005f7c8 sp=0xc00005f780 pc=0x4357b4
runtime.gcenable.gowrap1()
	runtime/mgc.go:204 +0x25 fp=0xc00005f7e0 sp=0xc00005f7c8 pc=0x429c85
runtime.goexit({})
	runtime/asm_amd64.s:1700 +0x1 fp=0xc00005f7e8 sp=0xc00005f7e0 pc=0x487861
created by runtime.gcenable in goroutine 1
	runtime/mgc.go:204 +0x66

goroutine 4 gp=0xc000005880 m=nil [GC scavenge wait]:
runtime.gopark(0xc000092000?, 0xcc3e10?, 0x1?, 0x0?, 0xc000005880?)
	runtime/proc.go:435 +0xce fp=0xc00005ff78 sp=0xc00005ff58 pc=0x47fa2e
runtime.goparkunlock(...)
	runtime/proc.go:441
runtime.(*scavengerState).park(0x1317420)
	runtime/mgcscavenge.go:425 +0x49 fp=0xc00005ffa8 sp=0xc00005ff78 pc=0x433269
runtime.bgscavenge(0xc000092000)
	runtime/mgcscavenge.go:653 +0x3c fp=0xc00005ffc8 sp=0xc00005ffa8 pc=0x4337dc
runtime.gcenable.gowrap2()
	runtime/mgc.go:205 +0x25 fp=0xc00005ffe0 sp=0xc00005ffc8 pc=0x429c25
runtime.goexit({})
	runtime/asm_amd64.s:1700 +0x1 fp=0xc00005ffe8 sp=0xc00005ffe0 pc=0x487861
created by runtime.gcenable in goroutine 1
	runtime/mgc.go:205 +0xa5

goroutine 18 gp=0xc000186380 m=nil [finalizer wait]:
runtime.gopark(0x1b8?, 0xc000004380?, 0x1?, 0x43?, 0xc00005e688?)
	runtime/proc.go:435 +0xce fp=0xc00005e630 sp=0xc00005e610 pc=0x47fa2e
runtime.runfinq()
	runtime/mfinal.go:196 +0x107 fp=0xc00005e7e0 sp=0xc00005e630 pc=0x428bc7
runtime.goexit({})
	runtime/asm_amd64.s:1700 +0x1 fp=0xc00005e7e8 sp=0xc00005e7e0 pc=0x487861
created by runtime.createfing in goroutine 1
	runtime/mfinal.go:166 +0x3d

goroutine 5 gp=0xc000005a40 m=nil [chan receive]:
runtime.gopark(0x0?, 0x0?, 0x0?, 0x0?, 0x0?)
	runtime/proc.go:435 +0xce fp=0xc000060718 sp=0xc0000606f8 pc=0x47fa2e
runtime.chanrecv(0xc0000b2070, 0x0, 0x1)
	runtime/chan.go:664 +0x445 fp=0xc000060790 sp=0xc000060718 pc=0x41b1a5
runtime.chanrecv1(0x0?, 0x0?)
	runtime/chan.go:506 +0x12 fp=0xc0000607b8 sp=0xc000060790 pc=0x41ad32
runtime.unique_runtime_registerUniqueMapCleanup.func2(...)
	runtime/mgc.go:1797
runtime.unique_runtime_registerUniqueMapCleanup.gowrap1()
	runtime/mgc.go:1800 +0x2f fp=0xc0000607e0 sp=0xc0000607b8 pc=0x42cdcf
runtime.goexit({})
	runtime/asm_amd64.s:1700 +0x1 fp=0xc0000607e8 sp=0xc0000607e0 pc=0x487861
created by unique.runtime_registerUniqueMapCleanup in goroutine 1
	runtime/mgc.go:1795 +0x79

goroutine 34 gp=0xc000102380 m=nil [select]:
runtime.gopark(0xc00040e4b0?, 0x2?, 0x52?, 0x14?, 0xc00040e3e4?)
	runtime/proc.go:435 +0xce fp=0xc00040e270 sp=0xc00040e250 pc=0x47fa2e
runtime.selectgo(0xc00040e4b0, 0xc00040e3e0, 0x14?, 0x0, 0x47d000?, 0x1)
	runtime/select.go:351 +0x837 fp=0xc00040e3a8 sp=0xc00040e270 pc=0x45d597
net/http.(*Transport).getConn(0x12c2960, 0xc0001f40f0, {{}, 0x0, {0xc0001822a0, 0x5}, {0xc0001d6198, 0x14}, 0x0})
	net/http/transport.go:1523 +0x4ae fp=0xc00040e580 sp=0xc00040e3a8 pc=0x7b0b4e
net/http.(*Transport).roundTrip(0x12c2960, 0xc0001fc000)
	net/http/transport.go:685 +0xb57 fp=0xc00040e778 sp=0xc00040e580 pc=0x7ac877
net/http.(*Transport).RoundTrip(0xc000065008?, 0xccade0?)
	net/http/roundtrip.go:30 +0x13 fp=0xc00040e798 sp=0xc00040e778 pc=0x7bb013
net/http.send(0xc0001fc000, {0xccade0, 0x12c2960}, {0x60ac01?, 0x47c46c?, 0x0?})
	net/http/client.go:259 +0x5e2 fp=0xc00040e988 sp=0xc00040e798 pc=0x777882
net/http.(*Client).send(0xc0000251d0, 0xc0001fc000, {0x47c318?, 0x640000000042a016?, 0x0?})
	net/http/client.go:180 +0x91 fp=0xc00040ea00 sp=0xc00040e988 pc=0x777131
net/http.(*Client).do(0xc0000251d0, 0xc0001fc000)
	net/http/client.go:728 +0x989 fp=0xc00040ebf0 sp=0xc00040ea00 pc=0x779669
net/http.(*Client).Do(...)
	net/http/client.go:587
cmd/go/internal/web.get.func1(0xc00040ef88)
	cmd/go/internal/web/http.go:159 +0x3cb fp=0xc00040ed68 sp=0xc00040ebf0 pc=0x7ce02b
cmd/go/internal/web.get(0x1, 0xc00040f050)
	cmd/go/internal/web/http.go:206 +0x482 fp=0xc00040f028 sp=0xc00040ed68 pc=0x7cd102
cmd/go/internal/web.Get(...)
	cmd/go/internal/web/api.go:186
cmd/go/internal/modfetch.(*proxyRepo).getBody(0xc0001f4050, {0xba3421?, 0x29?}, {0xc0001cc300, 0x29})
	cmd/go/internal/modfetch/proxy.go:282 +0x13f fp=0xc00040f118 sp=0xc00040f028 pc=0x84257f
cmd/go/internal/modfetch.(*proxyRepo).getBytes(0xc00014a3c0?, {0xcd0a58?, 0x1339ea0?}, {0xc0001cc300?, 0x82d4b4?})
	cmd/go/internal/modfetch/proxy.go:260 +0x5b fp=0xc00040f1e0 sp=0xc00040f118 pc=0x84213b
cmd/go/internal/modfetch.(*proxyRepo).GoMod(0xc0001f4050, {0xcd0a58, 0x1339ea0}, {0xc00014a3c0, 0x22})
	cmd/go/internal/modfetch/proxy.go:412 +0x10d fp=0xc00040f248 sp=0xc00040f1e0 pc=0x84386d
cmd/go/internal/modfetch.(*cachingRepo).GoMod.func1()
	cmd/go/internal/modfetch/cache.go:318 +0xa5 fp=0xc00040f300 sp=0xc00040f248 pc=0x82e1e5
cmd/internal/par.(*ErrCache[...]).Do.func1()
	cmd/internal/par/work.go:119 +0x28 fp=0xc00040f338 sp=0xc00040f300 pc=0x848a88
cmd/internal/par.(*Cache[...]).Do(0xcd54c0, {0xc00014a3c0, 0x22}, 0xc000405468)
	cmd/internal/par/work.go:160 +0x156 fp=0xc00040f418 sp=0xc00040f338 pc=0x848d76
cmd/internal/par.(*ErrCache[...]).Do(0x843fac?, {0xc00014a3c0?, 0xcd53c0?}, 0xc0000281e0?)
	cmd/internal/par/work.go:118 +0x47 fp=0xc00040f4b8 sp=0xc00040f418 pc=0x8489a7
cmd/go/internal/modfetch.(*cachingRepo).GoMod(0xcd0a58?, {0xcd0a58?, 0x1339ea0?}, {0xc00014a3c0, 0x22})
	cmd/go/internal/modfetch/cache.go:311 +0xfa fp=0xc00040f548 sp=0xc00040f4b8 pc=0x82e05a
cmd/go/internal/modfetch.GoMod.func2({0xc0000281e0?, 0x0?})
	cmd/go/internal/modfetch/cache.go:411 +0x73 fp=0xc00040f5a8 sp=0xc00040f548 pc=0x82ecf3
cmd/go/internal/modfetch.TryProxies(0xc00040f680)
	cmd/go/internal/modfetch/proxy.go:164 +0xaf fp=0xc00040f628 sp=0xc00040f5a8 pc=0x8417cf
cmd/go/internal/modfetch.GoMod({0xcd0a58, 0x1339ea0}, {0xc00014a390, 0x21}, {0xc00014a3c0, 0x22})
	cmd/go/internal/modfetch/cache.go:410 +0x258 fp=0xc00040f6f8 sp=0xc00040f628 pc=0x82ebb8
cmd/go/internal/modload.rawGoModData({{0xc00014a390?, 0x47d499?}, {0xc00014a3c0?, 0xb58360?}})
	cmd/go/internal/modload/modfile.go:786 +0x15f fp=0xc00040f858 sp=0xc00040f6f8 pc=0x8a3e3f
cmd/go/internal/modload.rawGoModSummary.func1()
	cmd/go/internal/modload/modfile.go:695 +0x59 fp=0xc00040f9c0 sp=0xc00040f858 pc=0x8a33b9
cmd/internal/par.(*ErrCache[...]).Do.func1()
	cmd/internal/par/work.go:119 +0x13 fp=0xc00040f9d0 sp=0xc00040f9c0 pc=0x8b3b33
cmd/internal/par.(*Cache[...]).Do(0xcd5240, {{0xc00014a390, 0x21}, {0xc00014a3c0, 0x22}}, 0xc00006fa80)
	cmd/internal/par/work.go:160 +0x13c fp=0xc00040fa48 sp=0xc00040f9d0 pc=0x8b3d7c
cmd/internal/par.(*ErrCache[...]).Do(0x0?, {{0xc00014a390?, 0xc00014a360?}, {0xc00014a3c0?, 0x0?}}, 0xba3f93?)
	cmd/internal/par/work.go:118 +0x45 fp=0xc00040faa8 sp=0xc00040fa48 pc=0x8b3ac5
cmd/go/internal/modload.rawGoModSummary({{0xc00014a390?, 0x0?}, {0xc00014a3c0?, 0x0?}})
	cmd/go/internal/modload/modfile.go:693 +0x385 fp=0xc00040fb58 sp=0xc00040faa8 pc=0x8a3265
cmd/go/internal/modload.goModSummary({{0xc00014a390?, 0x3c?}, {0xc00014a3c0?, 0xffff9bcc2f28?}})
	cmd/go/internal/modload/modfile.go:602 +0x3ae fp=0xc00040fca8 sp=0xc00040fb58 pc=0x8a27ee
cmd/go/internal/modload.readModGraph.func2.1()
	cmd/go/internal/modload/buildlist.go:380 +0x65 fp=0xc00040fd48 sp=0xc00040fca8 pc=0x86e345
cmd/internal/par.(*ErrCache[...]).Do.func1()
	cmd/internal/par/work.go:119 +0x13 fp=0xc00040fd58 sp=0xc00040fd48 pc=0x8b3b33
cmd/internal/par.(*Cache[...]).Do(0xcd5240, {{0xc00014a390, 0x21}, {0xc00014a3c0, 0x22}}, 0xc00006fe08)
	cmd/internal/par/work.go:160 +0x13c fp=0xc00040fdd0 sp=0xc00040fd58 pc=0x8b3d7c
cmd/internal/par.(*ErrCache[...]).Do(0x0?, {{0xc00014a390?, 0x0?}, {0xc00014a3c0?, 0x0?}}, 0x0?)
	cmd/internal/par/work.go:118 +0x45 fp=0xc00040fe30 sp=0xc00040fdd0 pc=0x8b3ac5
cmd/go/internal/modload.readModGraph.func2({{0xc00014a390?, 0x0?}, {0xc00014a3c0?, 0x0?}})
	cmd/go/internal/modload/buildlist.go:379 +0x9b fp=0xc00040feb8 sp=0xc00040fe30 pc=0x86e29b
cmd/go/internal/modload.readModGraph.func3.1()
	cmd/go/internal/modload/buildlist.go:408 +0x56 fp=0xc00040ff60 sp=0xc00040feb8 pc=0x86e0d6
cmd/internal/par.(*Queue).Add.func1()
	cmd/internal/par/queue.go:58 +0x5c fp=0xc00040ffe0 sp=0xc00040ff60 pc=0x5edd3c
runtime.goexit({})
	runtime/asm_amd64.s:1700 +0x1 fp=0xc00040ffe8 sp=0xc00040ffe0 pc=0x487861
created by cmd/internal/par.(*Queue).Add in goroutine 1
	cmd/internal/par/queue.go:56 +0x1d3

goroutine 35 gp=0xc000102540 m=nil [select]:
runtime.gopark(0xc0004864b0?, 0x2?, 0x52?, 0x14?, 0xc0004863e4?)
	runtime/proc.go:435 +0xce fp=0xc000486270 sp=0xc000486250 pc=0x47fa2e
runtime.selectgo(0xc0004864b0, 0xc0004863e0, 0x14?, 0x0, 0x47d000?, 0x1)
	runtime/select.go:351 +0x837 fp=0xc0004863a8 sp=0xc000486270 pc=0x45d597
net/http.(*Transport).getConn(0x12c2960, 0xc0001f4280, {{}, 0x0, {0xc000182770, 0x5}, {0xc0001d61e0, 0x14}, 0x0})
	net/http/transport.go:1523 +0x4ae fp=0xc000486580 sp=0xc0004863a8 pc=0x7b0b4e
net/http.(*Transport).roundTrip(0x12c2960, 0xc0001fc140)
	net/http/transport.go:685 +0xb57 fp=0xc000486778 sp=0xc000486580 pc=0x7ac877
net/http.(*Transport).RoundTrip(0xc000065008?, 0xccade0?)
	net/http/roundtrip.go:30 +0x13 fp=0xc000486798 sp=0xc000486778 pc=0x7bb013
net/http.send(0xc0001fc140, {0xccade0, 0x12c2960}, {0x60ac01?, 0x47c46c?, 0x0?})
	net/http/client.go:259 +0x5e2 fp=0xc000486988 sp=0xc000486798 pc=0x777882
net/http.(*Client).send(0xc0000251d0, 0xc0001fc140, {0x47c318?, 0x6400000000000001?, 0x0?})
	net/http/client.go:180 +0x91 fp=0xc000486a00 sp=0xc000486988 pc=0x777131
net/http.(*Client).do(0xc0000251d0, 0xc0001fc140)
	net/http/client.go:728 +0x989 fp=0xc000486bf0 sp=0xc000486a00 pc=0x779669
net/http.(*Client).Do(...)
	net/http/client.go:587
cmd/go/internal/web.get.func1(0xc000486f88)
	cmd/go/internal/web/http.go:159 +0x3cb fp=0xc000486d68 sp=0xc000486bf0 pc=0x7ce02b
cmd/go/internal/web.get(0x1, 0xc000487050)
	cmd/go/internal/web/http.go:206 +0x482 fp=0xc000487028 sp=0xc000486d68 pc=0x7cd102
cmd/go/internal/web.Get(...)
	cmd/go/internal/web/api.go:186
cmd/go/internal/modfetch.(*proxyRepo).getBody(0xc0001f41e0, {0xba3421?, 0x2b?}, {0xc0001cc420, 0x2b})
	cmd/go/internal/modfetch/proxy.go:282 +0x13f fp=0xc000487118 sp=0xc000487028 pc=0x84257f
cmd/go/internal/modfetch.(*proxyRepo).getBytes(0xc00014a420?, {0xcd0a58?, 0x1339ea0?}, {0xc0001cc420?, 0x82d4b4?})
	cmd/go/internal/modfetch/proxy.go:260 +0x5b fp=0xc0004871e0 sp=0xc000487118 pc=0x84213b
cmd/go/internal/modfetch.(*proxyRepo).GoMod(0xc0001f41e0, {0xcd0a58, 0x1339ea0}, {0xc00014a420, 0x24})
	cmd/go/internal/modfetch/proxy.go:412 +0x10d fp=0xc000487248 sp=0xc0004871e0 pc=0x84386d
cmd/go/internal/modfetch.(*cachingRepo).GoMod.func1()
	cmd/go/internal/modfetch/cache.go:318 +0xa5 fp=0xc000487300 sp=0xc000487248 pc=0x82e1e5
cmd/internal/par.(*ErrCache[...]).Do.func1()
	cmd/internal/par/work.go:119 +0x28 fp=0xc000487338 sp=0xc000487300 pc=0x848a88
cmd/internal/par.(*Cache[...]).Do(0xcd54c0, {0xc00014a420, 0x24}, 0xc000407468)
	cmd/internal/par/work.go:160 +0x156 fp=0xc000487418 sp=0xc000487338 pc=0x848d76
cmd/internal/par.(*ErrCache[...]).Do(0x843fac?, {0xc00014a420?, 0xcd53c0?}, 0xc0000281e0?)
	cmd/internal/par/work.go:118 +0x47 fp=0xc0004874b8 sp=0xc000487418 pc=0x8489a7
cmd/go/internal/modfetch.(*cachingRepo).GoMod(0xcd0a58?, {0xcd0a58?, 0x1339ea0?}, {0xc00014a420, 0x24})
	cmd/go/internal/modfetch/cache.go:311 +0xfa fp=0xc000487548 sp=0xc0004874b8 pc=0x82e05a
cmd/go/internal/modfetch.GoMod.func2({0xc0000281e0?, 0x0?})
	cmd/go/internal/modfetch/cache.go:411 +0x73 fp=0xc0004875a8 sp=0xc000487548 pc=0x82ecf3
cmd/go/internal/modfetch.TryProxies(0xc000487680)
	cmd/go/internal/modfetch/proxy.go:164 +0xaf fp=0xc000487628 sp=0xc0004875a8 pc=0x8417cf
cmd/go/internal/modfetch.GoMod({0xcd0a58, 0x1339ea0}, {0xc000118240, 0x1a}, {0xc00014a420, 0x24})
	cmd/go/internal/modfetch/cache.go:410 +0x258 fp=0xc0004876f8 sp=0xc000487628 pc=0x82ebb8
cmd/go/internal/modload.rawGoModData({{0xc000118240?, 0x47d499?}, {0xc00014a420?, 0xb58360?}})
	cmd/go/internal/modload/modfile.go:786 +0x15f fp=0xc000487858 sp=0xc0004876f8 pc=0x8a3e3f
cmd/go/internal/modload.rawGoModSummary.func1()
	cmd/go/internal/modload/modfile.go:695 +0x59 fp=0xc0004879c0 sp=0xc000487858 pc=0x8a33b9
cmd/internal/par.(*ErrCache[...]).Do.func1()
	cmd/internal/par/work.go:119 +0x13 fp=0xc0004879d0 sp=0xc0004879c0 pc=0x8b3b33
cmd/internal/par.(*Cache[...]).Do(0xcd5240, {{0xc000118240, 0x1a}, {0xc00014a420, 0x24}}, 0xc00006fa80)
	cmd/internal/par/work.go:160 +0x13c fp=0xc000487a48 sp=0xc0004879d0 pc=0x8b3d7c
cmd/internal/par.(*ErrCache[...]).Do(0x0?, {{0xc000118240?, 0xc00014a360?}, {0xc00014a420?, 0x0?}}, 0xba3f93?)
	cmd/internal/par/work.go:118 +0x45 fp=0xc000487aa8 sp=0xc000487a48 pc=0x8b3ac5
cmd/go/internal/modload.rawGoModSummary({{0xc000118240?, 0xc0000000039a010?}, {0xc00014a420?, 0xffffa54f8a78?}})
	cmd/go/internal/modload/modfile.go:693 +0x385 fp=0xc000487b58 sp=0xc000487aa8 pc=0x8a3265
cmd/go/internal/modload.goModSummary({{0xc000118240?, 0x3c?}, {0xc00014a420?, 0xc0000ac480?}})
	cmd/go/internal/modload/modfile.go:602 +0x3ae fp=0xc000487ca8 sp=0xc000487b58 pc=0x8a27ee
cmd/go/internal/modload.readModGraph.func2.1()
	cmd/go/internal/modload/buildlist.go:380 +0x65 fp=0xc000487d48 sp=0xc000487ca8 pc=0x86e345
cmd/internal/par.(*ErrCache[...]).Do.func1()
	cmd/internal/par/work.go:119 +0x13 fp=0xc000487d58 sp=0xc000487d48 pc=0x8b3b33
cmd/internal/par.(*Cache[...]).Do(0xcd5240, {{0xc000118240, 0x1a}, {0xc00014a420, 0x24}}, 0xc00006fe08)
	cmd/internal/par/work.go:160 +0x13c fp=0xc000487dd0 sp=0xc000487d58 pc=0x8b3d7c
cmd/internal/par.(*ErrCache[...]).Do(0x0?, {{0xc000118240?, 0x0?}, {0xc00014a420?, 0x0?}}, 0x0?)
	cmd/internal/par/work.go:118 +0x45 fp=0xc000487e30 sp=0xc000487dd0 pc=0x8b3ac5
cmd/go/internal/modload.readModGraph.func2({{0xc000118240?, 0x0?}, {0xc00014a420?, 0x0?}})
	cmd/go/internal/modload/buildlist.go:379 +0x9b fp=0xc000487eb8 sp=0xc000487e30 pc=0x86e29b
cmd/go/internal/modload.readModGraph.func3.1()
	cmd/go/internal/modload/buildlist.go:408 +0x56 fp=0xc000487f60 sp=0xc000487eb8 pc=0x86e0d6
cmd/internal/par.(*Queue).Add.func1()
	cmd/internal/par/queue.go:58 +0x5c fp=0xc000487fe0 sp=0xc000487f60 pc=0x5edd3c
runtime.goexit({})
	runtime/asm_amd64.s:1700 +0x1 fp=0xc000487fe8 sp=0xc000487fe0 pc=0x487861
created by cmd/internal/par.(*Queue).Add in goroutine 1
	cmd/internal/par/queue.go:56 +0x1d3

goroutine 36 gp=0xc000102700 m=nil [select]:
runtime.gopark(0xc00040a4b0?, 0x2?, 0x52?, 0x14?, 0xc00040a3e4?)
	runtime/proc.go:435 +0xce fp=0xc00040a270 sp=0xc00040a250 pc=0x47fa2e
runtime.selectgo(0xc00040a4b0, 0xc00040a3e0, 0x14?, 0x0, 0x47d000?, 0x1)
	runtime/select.go:351 +0x837 fp=0xc00040a3a8 sp=0xc00040a270 pc=0x45d597
net/http.(*Transport).getConn(0x12c2960, 0xc0000c00f0, {{}, 0x0, {0xc00002e120, 0x5}, {0xc000000528, 0x14}, 0x0})
	net/http/transport.go:1523 +0x4ae fp=0xc00040a580 sp=0xc00040a3a8 pc=0x7b0b4e
net/http.(*Transport).roundTrip(0x12c2960, 0xc0000da000)
	net/http/transport.go:685 +0xb57 fp=0xc00040a778 sp=0xc00040a580 pc=0x7ac877
net/http.(*Transport).RoundTrip(0xc000100008?, 0xccade0?)
	net/http/roundtrip.go:30 +0x13 fp=0xc00040a798 sp=0xc00040a778 pc=0x7bb013
net/http.send(0xc0000da000, {0xccade0, 0x12c2960}, {0x60ac01?, 0x47c46c?, 0x0?})
	net/http/client.go:259 +0x5e2 fp=0xc00040a988 sp=0xc00040a798 pc=0x777882
net/http.(*Client).send(0xc0000251d0, 0xc0000da000, {0x47c318?, 0x640000000042a016?, 0x0?})
	net/http/client.go:180 +0x91 fp=0xc00040aa00 sp=0xc00040a988 pc=0x777131
net/http.(*Client).do(0xc0000251d0, 0xc0000da000)
	net/http/client.go:728 +0x989 fp=0xc00040abf0 sp=0xc00040aa00 pc=0x779669
net/http.(*Client).Do(...)
	net/http/client.go:587
cmd/go/internal/web.get.func1(0xc00040af88)
	cmd/go/internal/web/http.go:159 +0x3cb fp=0xc00040ad68 sp=0xc00040abf0 pc=0x7ce02b
cmd/go/internal/web.get(0x1, 0xc00040b050)
	cmd/go/internal/web/http.go:206 +0x482 fp=0xc00040b028 sp=0xc00040ad68 pc=0x7cd102
cmd/go/internal/web.Get(...)
	cmd/go/internal/web/api.go:186
cmd/go/internal/modfetch.(*proxyRepo).getBody(0xc0000c0050, {0xba3421?, 0xe?}, {0xc0003a1218, 0xe})
	cmd/go/internal/modfetch/proxy.go:282 +0x13f fp=0xc00040b118 sp=0xc00040b028 pc=0x84257f
cmd/go/internal/modfetch.(*proxyRepo).getBytes(0xc000112570?, {0xcd0a58?, 0x1339ea0?}, {0xc0003a1218?, 0x82d4b4?})
	cmd/go/internal/modfetch/proxy.go:260 +0x5b fp=0xc00040b1e0 sp=0xc00040b118 pc=0x84213b
cmd/go/internal/modfetch.(*proxyRepo).GoMod(0xc0000c0050, {0xcd0a58, 0x1339ea0}, {0xc000112570, 0x7})
	cmd/go/internal/modfetch/proxy.go:412 +0x10d fp=0xc00040b248 sp=0xc00040b1e0 pc=0x84386d
cmd/go/internal/modfetch.(*cachingRepo).GoMod.func1()
	cmd/go/internal/modfetch/cache.go:318 +0xa5 fp=0xc00040b300 sp=0xc00040b248 pc=0x82e1e5
cmd/internal/par.(*ErrCache[...]).Do.func1()
	cmd/internal/par/work.go:119 +0x28 fp=0xc00040b338 sp=0xc00040b300 pc=0x848a88
cmd/internal/par.(*Cache[...]).Do(0xcd54c0, {0xc000112570, 0x7}, 0xc0003a1468)
	cmd/internal/par/work.go:160 +0x156 fp=0xc00040b418 sp=0xc00040b338 pc=0x848d76
cmd/internal/par.(*ErrCache[...]).Do(0x843fac?, {0xc000112570?, 0xcd53c0?}, 0xc0000281e0?)
	cmd/internal/par/work.go:118 +0x47 fp=0xc00040b4b8 sp=0xc00040b418 pc=0x8489a7
cmd/go/internal/modfetch.(*cachingRepo).GoMod(0xcd0a58?, {0xcd0a58?, 0x1339ea0?}, {0xc000112570, 0x7})
	cmd/go/internal/modfetch/cache.go:311 +0xfa fp=0xc00040b548 sp=0xc00040b4b8 pc=0x82e05a
cmd/go/internal/modfetch.GoMod.func2({0xc0000281e0?, 0x0?})
	cmd/go/internal/modfetch/cache.go:411 +0x73 fp=0xc00040b5a8 sp=0xc00040b548 pc=0x82ecf3
cmd/go/internal/modfetch.TryProxies(0xc00040b680)
	cmd/go/internal/modfetch/proxy.go:164 +0xaf fp=0xc00040b628 sp=0xc00040b5a8 pc=0x8417cf
cmd/go/internal/modfetch.GoMod({0xcd0a58, 0x1339ea0}, {0xc00014a450, 0x21}, {0xc000112570, 0x7})
	cmd/go/internal/modfetch/cache.go:410 +0x258 fp=0xc00040b6f8 sp=0xc00040b628 pc=0x82ebb8
cmd/go/internal/modload.rawGoModData({{0xc00014a450?, 0x47d499?}, {0xc000112570?, 0xb58360?}})
	cmd/go/internal/modload/modfile.go:786 +0x15f fp=0xc00040b858 sp=0xc00040b6f8 pc=0x8a3e3f
cmd/go/internal/modload.rawGoModSummary.func1()
	cmd/go/internal/modload/modfile.go:695 +0x59 fp=0xc00040b9c0 sp=0xc00040b858 pc=0x8a33b9
cmd/internal/par.(*ErrCache[...]).Do.func1()
	cmd/internal/par/work.go:119 +0x13 fp=0xc00040b9d0 sp=0xc00040b9c0 pc=0x8b3b33
cmd/internal/par.(*Cache[...]).Do(0xcd5240, {{0xc00014a450, 0x21}, {0xc000112570, 0x7}}, 0xc000073a80)
	cmd/internal/par/work.go:160 +0x13c fp=0xc00040ba48 sp=0xc00040b9d0 pc=0x8b3d7c
cmd/internal/par.(*ErrCache[...]).Do(0x0?, {{0xc00014a450?, 0xc00014a360?}, {0xc000112570?, 0x0?}}, 0xba3f93?)
	cmd/internal/par/work.go:118 +0x45 fp=0xc00040baa8 sp=0xc00040ba48 pc=0x8b3ac5
cmd/go/internal/modload.rawGoModSummary({{0xc00014a450?, 0x0?}, {0xc000112570?, 0x0?}})
	cmd/go/internal/modload/modfile.go:693 +0x385 fp=0xc00040bb58 sp=0xc00040baa8 pc=0x8a3265
cmd/go/internal/modload.goModSummary({{0xc00014a450?, 0x3c?}, {0xc000112570?, 0xffffa5503f10?}})
	cmd/go/internal/modload/modfile.go:602 +0x3ae fp=0xc00040bca8 sp=0xc00040bb58 pc=0x8a27ee
cmd/go/internal/modload.readModGraph.func2.1()
	cmd/go/internal/modload/buildlist.go:380 +0x65 fp=0xc00040bd48 sp=0xc00040bca8 pc=0x86e345
cmd/internal/par.(*ErrCache[...]).Do.func1()
	cmd/internal/par/work.go:119 +0x13 fp=0xc00040bd58 sp=0xc00040bd48 pc=0x8b3b33
cmd/internal/par.(*Cache[...]).Do(0xcd5240, {{0xc00014a450, 0x21}, {0xc000112570, 0x7}}, 0xc000073e08)
	cmd/internal/par/work.go:160 +0x13c fp=0xc00040bdd0 sp=0xc00040bd58 pc=0x8b3d7c
cmd/internal/par.(*ErrCache[...]).Do(0x0?, {{0xc00014a450?, 0x0?}, {0xc000112570?, 0x0?}}, 0x0?)
	cmd/internal/par/work.go:118 +0x45 fp=0xc00040be30 sp=0xc00040bdd0 pc=0x8b3ac5
cmd/go/internal/modload.readModGraph.func2({{0xc00014a450?, 0x0?}, {0xc000112570?, 0x0?}})
	cmd/go/internal/modload/buildlist.go:379 +0x9b fp=0xc00040beb8 sp=0xc00040be30 pc=0x86e29b
cmd/go/internal/modload.readModGraph.func3.1()
	cmd/go/internal/modload/buildlist.go:408 +0x56 fp=0xc00040bf60 sp=0xc00040beb8 pc=0x86e0d6
cmd/internal/par.(*Queue).Add.func1()
	cmd/internal/par/queue.go:58 +0x5c fp=0xc00040bfe0 sp=0xc00040bf60 pc=0x5edd3c
runtime.goexit({})
	runtime/asm_amd64.s:1700 +0x1 fp=0xc00040bfe8 sp=0xc00040bfe0 pc=0x487861
created by cmd/internal/par.(*Queue).Add in goroutine 1
	cmd/internal/par/queue.go:56 +0x1d3

goroutine 37 gp=0xc0001028c0 m=nil [select]:
runtime.gopark(0xc0002c04b0?, 0x2?, 0x52?, 0x14?, 0xc0002c03e4?)
	runtime/proc.go:435 +0xce fp=0xc0002c0270 sp=0xc0002c0250 pc=0x47fa2e
runtime.selectgo(0xc0002c04b0, 0xc0002c03e0, 0xa?, 0x0, 0x200000000000000?, 0x1)
	runtime/select.go:351 +0x837 fp=0xc0002c03a8 sp=0xc0002c0270 pc=0x45d597
net/http.(*Transport).getConn(0x12c2960, 0xc0002ac0f0, {{}, 0x0, {0xc0002a6140, 0x5}, {0xc0002aa078, 0x14}, 0x0})
	net/http/transport.go:1523 +0x4ae fp=0xc0002c0580 sp=0xc0002c03a8 pc=0x7b0b4e
net/http.(*Transport).roundTrip(0x12c2960, 0xc0002b8000)
	net/http/transport.go:685 +0xb57 fp=0xc0002c0778 sp=0xc0002c0580 pc=0x7ac877
net/http.(*Transport).RoundTrip(0xc0002c3f80?, 0xccade0?)
	net/http/roundtrip.go:30 +0x13 fp=0xc0002c0798 sp=0xc0002c0778 pc=0x7bb013
net/http.send(0xc0002b8000, {0xccade0, 0x12c2960}, {0xbaa001?, 0xd?, 0x0?})
	net/http/client.go:259 +0x5e2 fp=0xc0002c0988 sp=0xc0002c0798 pc=0x777882
net/http.(*Client).send(0xc0000251d0, 0xc0002b8000, {0x12b8214?, 0xc0002c0a08?, 0x0?})
	net/http/client.go:180 +0x91 fp=0xc0002c0a00 sp=0xc0002c0988 pc=0x777131
net/http.(*Client).do(0xc0000251d0, 0xc0002b8000)
	net/http/client.go:728 +0x989 fp=0xc0002c0bf0 sp=0xc0002c0a00 pc=0x779669
net/http.(*Client).Do(...)
	net/http/client.go:587
cmd/go/internal/web.get.func1(0xc0002c0f88)
	cmd/go/internal/web/http.go:159 +0x3cb fp=0xc0002c0d68 sp=0xc0002c0bf0 pc=0x7ce02b
cmd/go/internal/web.get(0x1, 0xc0002c1050)
	cmd/go/internal/web/http.go:206 +0x482 fp=0xc0002c1028 sp=0xc0002c0d68 pc=0x7cd102
cmd/go/internal/web.Get(...)
	cmd/go/internal/web/api.go:186
cmd/go/internal/modfetch.(*proxyRepo).getBody(0xc0002ac050, {0xba3421?, 0xd?}, {0xc000143218, 0xd})
	cmd/go/internal/modfetch/proxy.go:282 +0x13f fp=0xc0002c1118 sp=0xc0002c1028 pc=0x84257f
cmd/go/internal/modfetch.(*proxyRepo).getBytes(0xc000112578?, {0xcd0a58?, 0x1339ea0?}, {0xc000143218?, 0x82d4b4?})
	cmd/go/internal/modfetch/proxy.go:260 +0x5b fp=0xc0002c11e0 sp=0xc0002c1118 pc=0x84213b
cmd/go/internal/modfetch.(*proxyRepo).GoMod(0xc0002ac050, {0xcd0a58, 0x1339ea0}, {0xc000112578, 0x6})
	cmd/go/internal/modfetch/proxy.go:412 +0x10d fp=0xc0002c1248 sp=0xc0002c11e0 pc=0x84386d
cmd/go/internal/modfetch.(*cachingRepo).GoMod.func1()
	cmd/go/internal/modfetch/cache.go:318 +0xa5 fp=0xc0002c1300 sp=0xc0002c1248 pc=0x82e1e5
cmd/internal/par.(*ErrCache[...]).Do.func1()
	cmd/internal/par/work.go:119 +0x28 fp=0xc0002c1338 sp=0xc0002c1300 pc=0x848a88
cmd/internal/par.(*Cache[...]).Do(0xcd54c0, {0xc000112578, 0x6}, 0xc000143468)
	cmd/internal/par/work.go:160 +0x156 fp=0xc0002c1418 sp=0xc0002c1338 pc=0x848d76
cmd/internal/par.(*ErrCache[...]).Do(0x843fac?, {0xc000112578?, 0xcd53c0?}, 0xc0000281e0?)
	cmd/internal/par/work.go:118 +0x47 fp=0xc0002c14b8 sp=0xc0002c1418 pc=0x8489a7
cmd/go/internal/modfetch.(*cachingRepo).GoMod(0xcd0a58?, {0xcd0a58?, 0x1339ea0?}, {0xc000112578, 0x6})
	cmd/go/internal/modfetch/cache.go:311 +0xfa fp=0xc0002c1548 sp=0xc0002c14b8 pc=0x82e05a
cmd/go/internal/modfetch.GoMod.func2({0xc0000281e0?, 0x0?})
	cmd/go/internal/modfetch/cache.go:411 +0x73 fp=0xc0002c15a8 sp=0xc0002c1548 pc=0x82ecf3
cmd/go/internal/modfetch.TryProxies(0xc0002c1680)
	cmd/go/internal/modfetch/proxy.go:164 +0xaf fp=0xc0002c1628 sp=0xc0002c15a8 pc=0x8417cf
cmd/go/internal/modfetch.GoMod({0xcd0a58, 0x1339ea0}, {0xc000118260, 0x1c}, {0xc000112578, 0x6})
	cmd/go/internal/modfetch/cache.go:410 +0x258 fp=0xc0002c16f8 sp=0xc0002c1628 pc=0x82ebb8
cmd/go/internal/modload.rawGoModData({{0xc000118260?, 0x47d499?}, {0xc000112578?, 0xb58360?}})
	cmd/go/internal/modload/modfile.go:786 +0x15f fp=0xc0002c1858 sp=0xc0002c16f8 pc=0x8a3e3f
cmd/go/internal/modload.rawGoModSummary.func1()
	cmd/go/internal/modload/modfile.go:695 +0x59 fp=0xc0002c19c0 sp=0xc0002c1858 pc=0x8a33b9
cmd/internal/par.(*ErrCache[...]).Do.func1()
	cmd/internal/par/work.go:119 +0x13 fp=0xc0002c19d0 sp=0xc0002c19c0 pc=0x8b3b33
cmd/internal/par.(*Cache[...]).Do(0xcd5240, {{0xc000118260, 0x1c}, {0xc000112578, 0x6}}, 0xc000294a80)
	cmd/internal/par/work.go:160 +0x13c fp=0xc0002c1a48 sp=0xc0002c19d0 pc=0x8b3d7c
cmd/internal/par.(*ErrCache[...]).Do(0x0?, {{0xc000118260?, 0xc00014a360?}, {0xc000112578?, 0x0?}}, 0xba3f93?)
	cmd/internal/par/work.go:118 +0x45 fp=0xc0002c1aa8 sp=0xc0002c1a48 pc=0x8b3ac5
cmd/go/internal/modload.rawGoModSummary({{0xc000118260?, 0x8?}, {0xc000112578?, 0x426405?}})
	cmd/go/internal/modload/modfile.go:693 +0x385 fp=0xc0002c1b58 sp=0xc0002c1aa8 pc=0x8a3265
cmd/go/internal/modload.goModSummary({{0xc000118260?, 0x3c?}, {0xc000112578?, 0xffff9afb08a8?}})
	cmd/go/internal/modload/modfile.go:602 +0x3ae fp=0xc0002c1ca8 sp=0xc0002c1b58 pc=0x8a27ee
cmd/go/internal/modload.readModGraph.func2.1()
	cmd/go/internal/modload/buildlist.go:380 +0x65 fp=0xc0002c1d48 sp=0xc0002c1ca8 pc=0x86e345
cmd/internal/par.(*ErrCache[...]).Do.func1()
	cmd/internal/par/work.go:119 +0x13 fp=0xc0002c1d58 sp=0xc0002c1d48 pc=0x8b3b33
cmd/internal/par.(*Cache[...]).Do(0xcd5240, {{0xc000118260, 0x1c}, {0xc000112578, 0x6}}, 0xc000294e08)
	cmd/internal/par/work.go:160 +0x13c fp=0xc0002c1dd0 sp=0xc0002c1d58 pc=0x8b3d7c
cmd/internal/par.(*ErrCache[...]).Do(0x0?, {{0xc000118260?, 0x0?}, {0xc000112578?, 0x0?}}, 0x0?)
	cmd/internal/par/work.go:118 +0x45 fp=0xc0002c1e30 sp=0xc0002c1dd0 pc=0x8b3ac5
cmd/go/internal/modload.readModGraph.func2({{0xc000118260?, 0x0?}, {0xc000112578?, 0x0?}})
	cmd/go/internal/modload/buildlist.go:379 +0x9b fp=0xc0002c1eb8 sp=0xc0002c1e30 pc=0x86e29b
cmd/go/internal/modload.readModGraph.func3.1()
	cmd/go/internal/modload/buildlist.go:408 +0x56 fp=0xc0002c1f60 sp=0xc0002c1eb8 pc=0x86e0d6
cmd/internal/par.(*Queue).Add.func1()
	cmd/internal/par/queue.go:58 +0x5c fp=0xc0002c1fe0 sp=0xc0002c1f60 pc=0x5edd3c
runtime.goexit({})
	runtime/asm_amd64.s:1700 +0x1 fp=0xc0002c1fe8 sp=0xc0002c1fe0 pc=0x487861
created by cmd/internal/par.(*Queue).Add in goroutine 1
	cmd/internal/par/queue.go:56 +0x1d3

goroutine 38 gp=0xc000102a80 m=nil [select]:
runtime.gopark(0xc0003c44b0?, 0x2?, 0x52?, 0x14?, 0xc0003c43e4?)
	runtime/proc.go:435 +0xce fp=0xc0003c4270 sp=0xc0003c4250 pc=0x47fa2e
runtime.selectgo(0xc0003c44b0, 0xc0003c43e0, 0x14?, 0x0, 0x133b300?, 0x1)
	runtime/select.go:351 +0x837 fp=0xc0003c43a8 sp=0xc0003c4270 pc=0x45d597
net/http.(*Transport).getConn(0x12c2960, 0xc0004400a0, {{}, 0x0, {0xc000434140, 0x5}, {0xc000448018, 0x14}, 0x0})
	net/http/transport.go:1523 +0x4ae fp=0xc0003c4580 sp=0xc0003c43a8 pc=0x7b0b4e
net/http.(*Transport).roundTrip(0x12c2960, 0xc000442000)
	net/http/transport.go:685 +0xb57 fp=0xc0003c4778 sp=0xc0003c4580 pc=0x7ac877
net/http.(*Transport).RoundTrip(0xc000447f80?, 0xccade0?)
	net/http/roundtrip.go:30 +0x13 fp=0xc0003c4798 sp=0xc0003c4778 pc=0x7bb013
net/http.send(0xc000442000, {0xccade0, 0x12c2960}, {0x60ac01?, 0xffff50579908?, 0x0?})
	net/http/client.go:259 +0x5e2 fp=0xc0003c4988 sp=0xc0003c4798 pc=0x777882
net/http.(*Client).send(0xc0000251d0, 0xc000442000, {0x47c318?, 0x640000000042a016?, 0x0?})
	net/http/client.go:180 +0x91 fp=0xc0003c4a00 sp=0xc0003c4988 pc=0x777131
net/http.(*Client).do(0xc0000251d0, 0xc000442000)
	net/http/client.go:728 +0x989 fp=0xc0003c4bf0 sp=0xc0003c4a00 pc=0x779669
net/http.(*Client).Do(...)
	net/http/client.go:587
cmd/go/internal/web.get.func1(0xc0003c4f88)
	cmd/go/internal/web/http.go:159 +0x3cb fp=0xc0003c4d68 sp=0xc0003c4bf0 pc=0x7ce02b
cmd/go/internal/web.get(0x1, 0xc0003c5050)
	cmd/go/internal/web/http.go:206 +0x482 fp=0xc0003c5028 sp=0xc0003c4d68 pc=0x7cd102
cmd/go/internal/web.Get(...)
	cmd/go/internal/web/api.go:186
cmd/go/internal/modfetch.(*proxyRepo).getBody(0xc000440000, {0xba3421?, 0xd?}, {0xc00042d218, 0xd})
	cmd/go/internal/modfetch/proxy.go:282 +0x13f fp=0xc0003c5118 sp=0xc0003c5028 pc=0x84257f
cmd/go/internal/modfetch.(*proxyRepo).getBytes(0xc0001125a0?, {0xcd0a58?, 0x1339ea0?}, {0xc00042d218?, 0x82d4b4?})
	cmd/go/internal/modfetch/proxy.go:260 +0x5b fp=0xc0003c51e0 sp=0xc0003c5118 pc=0x84213b
cmd/go/internal/modfetch.(*proxyRepo).GoMod(0xc000440000, {0xcd0a58, 0x1339ea0}, {0xc0001125a0, 0x6})
	cmd/go/internal/modfetch/proxy.go:412 +0x10d fp=0xc0003c5248 sp=0xc0003c51e0 pc=0x84386d
cmd/go/internal/modfetch.(*cachingRepo).GoMod.func1()
	cmd/go/internal/modfetch/cache.go:318 +0xa5 fp=0xc0003c5300 sp=0xc0003c5248 pc=0x82e1e5
cmd/internal/par.(*ErrCache[...]).Do.func1()
	cmd/internal/par/work.go:119 +0x28 fp=0xc0003c5338 sp=0xc0003c5300 pc=0x848a88
cmd/internal/par.(*Cache[...]).Do(0xcd54c0, {0xc0001125a0, 0x6}, 0xc00042d468)
	cmd/internal/par/work.go:160 +0x156 fp=0xc0003c5418 sp=0xc0003c5338 pc=0x848d76
cmd/internal/par.(*ErrCache[...]).Do(0x843fac?, {0xc0001125a0?, 0xcd53c0?}, 0xc0000281e0?)
	cmd/internal/par/work.go:118 +0x47 fp=0xc0003c54b8 sp=0xc0003c5418 pc=0x8489a7
cmd/go/internal/modfetch.(*cachingRepo).GoMod(0xcd0a58?, {0xcd0a58?, 0x1339ea0?}, {0xc0001125a0, 0x6})
	cmd/go/internal/modfetch/cache.go:311 +0xfa fp=0xc0003c5548 sp=0xc0003c54b8 pc=0x82e05a
cmd/go/internal/modfetch.GoMod.func2({0xc0000281e0?, 0x0?})
	cmd/go/internal/modfetch/cache.go:411 +0x73 fp=0xc0003c55a8 sp=0xc0003c5548 pc=0x82ecf3
cmd/go/internal/modfetch.TryProxies(0xc0003c5680)
	cmd/go/internal/modfetch/proxy.go:164 +0xaf fp=0xc0003c5628 sp=0xc0003c55a8 pc=0x8417cf
cmd/go/internal/modfetch.GoMod({0xcd0a58, 0x1339ea0}, {0xc000118280, 0x1c}, {0xc0001125a0, 0x6})
	cmd/go/internal/modfetch/cache.go:410 +0x258 fp=0xc0003c56f8 sp=0xc0003c5628 pc=0x82ebb8
cmd/go/internal/modload.rawGoModData({{0xc000118280?, 0x47d499?}, {0xc0001125a0?, 0xb58360?}})
	cmd/go/internal/modload/modfile.go:786 +0x15f fp=0xc0003c5858 sp=0xc0003c56f8 pc=0x8a3e3f
cmd/go/internal/modload.rawGoModSummary.func1()
	cmd/go/internal/modload/modfile.go:695 +0x59 fp=0xc0003c59c0 sp=0xc0003c5858 pc=0x8a33b9
cmd/internal/par.(*ErrCache[...]).Do.func1()
	cmd/internal/par/work.go:119 +0x13 fp=0xc0003c59d0 sp=0xc0003c59c0 pc=0x8b3b33
cmd/internal/par.(*Cache[...]).Do(0xcd5240, {{0xc000118280, 0x1c}, {0xc0001125a0, 0x6}}, 0xc000390a80)
	cmd/internal/par/work.go:160 +0x13c fp=0xc0003c5a48 sp=0xc0003c59d0 pc=0x8b3d7c
cmd/internal/par.(*ErrCache[...]).Do(0x0?, {{0xc000118280?, 0xc00014a360?}, {0xc0001125a0?, 0x0?}}, 0xba3f93?)
	cmd/internal/par/work.go:118 +0x45 fp=0xc0003c5aa8 sp=0xc0003c5a48 pc=0x8b3ac5
cmd/go/internal/modload.rawGoModSummary({{0xc000118280?, 0xc0101000007e970?}, {0xc0001125a0?, 0xffffa54f9d58?}})
	cmd/go/internal/modload/modfile.go:693 +0x385 fp=0xc0003c5b58 sp=0xc0003c5aa8 pc=0x8a3265
cmd/go/internal/modload.goModSummary({{0xc000118280?, 0x3c?}, {0xc0001125a0?, 0xc0000ac4e0?}})
	cmd/go/internal/modload/modfile.go:602 +0x3ae fp=0xc0003c5ca8 sp=0xc0003c5b58 pc=0x8a27ee
cmd/go/internal/modload.readModGraph.func2.1()
	cmd/go/internal/modload/buildlist.go:380 +0x65 fp=0xc0003c5d48 sp=0xc0003c5ca8 pc=0x86e345
cmd/internal/par.(*ErrCache[...]).Do.func1()
	cmd/internal/par/work.go:119 +0x13 fp=0xc0003c5d58 sp=0xc0003c5d48 pc=0x8b3b33
cmd/internal/par.(*Cache[...]).Do(0xcd5240, {{0xc000118280, 0x1c}, {0xc0001125a0, 0x6}}, 0xc000390e08)
	cmd/internal/par/work.go:160 +0x13c fp=0xc0003c5dd0 sp=0xc0003c5d58 pc=0x8b3d7c
cmd/internal/par.(*ErrCache[...]).Do(0x0?, {{0xc000118280?, 0x0?}, {0xc0001125a0?, 0x0?}}, 0x0?)
	cmd/internal/par/work.go:118 +0x45 fp=0xc0003c5e30 sp=0xc0003c5dd0 pc=0x8b3ac5
cmd/go/internal/modload.readModGraph.func2({{0xc000118280?, 0x0?}, {0xc0001125a0?, 0x0?}})
	cmd/go/internal/modload/buildlist.go:379 +0x9b fp=0xc0003c5eb8 sp=0xc0003c5e30 pc=0x86e29b
cmd/go/internal/modload.readModGraph.func3.1()
	cmd/go/internal/modload/buildlist.go:408 +0x56 fp=0xc0003c5f60 sp=0xc0003c5eb8 pc=0x86e0d6
cmd/internal/par.(*Queue).Add.func1()
	cmd/internal/par/queue.go:58 +0x5c fp=0xc0003c5fe0 sp=0xc0003c5f60 pc=0x5edd3c
runtime.goexit({})
	runtime/asm_amd64.s:1700 +0x1 fp=0xc0003c5fe8 sp=0xc0003c5fe0 pc=0x487861
created by cmd/internal/par.(*Queue).Add in goroutine 1
	cmd/internal/par/queue.go:56 +0x1d3

goroutine 39 gp=0xc000102c40 m=nil [select]:
runtime.gopark(0xc0004824b0?, 0x2?, 0x52?, 0x14?, 0xc0004823e4?)
	runtime/proc.go:435 +0xce fp=0xc000482270 sp=0xc000482250 pc=0x47fa2e
runtime.selectgo(0xc0004824b0, 0xc0004823e0, 0x14?, 0x0, 0x133b300?, 0x1)
	runtime/select.go:351 +0x837 fp=0xc0004823a8 sp=0xc000482270 pc=0x45d597
net/http.(*Transport).getConn(0x12c2960, 0xc0003280a0, {{}, 0x0, {0xc00031a140, 0x5}, {0xc000330018, 0x14}, 0x0})
	net/http/transport.go:1523 +0x4ae fp=0xc000482580 sp=0xc0004823a8 pc=0x7b0b4e
net/http.(*Transport).roundTrip(0x12c2960, 0xc00032a000)
	net/http/transport.go:685 +0xb57 fp=0xc000482778 sp=0xc000482580 pc=0x7ac877
net/http.(*Transport).RoundTrip(0xc00032ff80?, 0xccade0?)
	net/http/roundtrip.go:30 +0x13 fp=0xc000482798 sp=0xc000482778 pc=0x7bb013
net/http.send(0xc00032a000, {0xccade0, 0x12c2960}, {0x60ac01?, 0xffff9aece968?, 0x0?})
	net/http/client.go:259 +0x5e2 fp=0xc000482988 sp=0xc000482798 pc=0x777882
net/http.(*Client).send(0xc0000251d0, 0xc00032a000, {0x47c318?, 0x640000000042a016?, 0x0?})
	net/http/client.go:180 +0x91 fp=0xc000482a00 sp=0xc000482988 pc=0x777131
net/http.(*Client).do(0xc0000251d0, 0xc00032a000)
	net/http/client.go:728 +0x989 fp=0xc000482bf0 sp=0xc000482a00 pc=0x779669
net/http.(*Client).Do(...)
	net/http/client.go:587
cmd/go/internal/web.get.func1(0xc000482f88)
	cmd/go/internal/web/http.go:159 +0x3cb fp=0xc000482d68 sp=0xc000482bf0 pc=0x7ce02b
cmd/go/internal/web.get(0x1, 0xc000483050)
	cmd/go/internal/web/http.go:206 +0x482 fp=0xc000483028 sp=0xc000482d68 pc=0x7cd102
cmd/go/internal/web.Get(...)
	cmd/go/internal/web/api.go:186
cmd/go/internal/modfetch.(*proxyRepo).getBody(0xc000328000, {0xba3421?, 0xd?}, {0xc000401218, 0xd})
	cmd/go/internal/modfetch/proxy.go:282 +0x13f fp=0xc000483118 sp=0xc000483028 pc=0x84257f
cmd/go/internal/modfetch.(*proxyRepo).getBytes(0xc0001125a6?, {0xcd0a58?, 0x1339ea0?}, {0xc000401218?, 0x82d4b4?})
	cmd/go/internal/modfetch/proxy.go:260 +0x5b fp=0xc0004831e0 sp=0xc000483118 pc=0x84213b
cmd/go/internal/modfetch.(*proxyRepo).GoMod(0xc000328000, {0xcd0a58, 0x1339ea0}, {0xc0001125a6, 0x6})
	cmd/go/internal/modfetch/proxy.go:412 +0x10d fp=0xc000483248 sp=0xc0004831e0 pc=0x84386d
cmd/go/internal/modfetch.(*cachingRepo).GoMod.func1()
	cmd/go/internal/modfetch/cache.go:318 +0xa5 fp=0xc000483300 sp=0xc000483248 pc=0x82e1e5
cmd/internal/par.(*ErrCache[...]).Do.func1()
	cmd/internal/par/work.go:119 +0x28 fp=0xc000483338 sp=0xc000483300 pc=0x848a88
cmd/internal/par.(*Cache[...]).Do(0xcd54c0, {0xc0001125a6, 0x6}, 0xc000401468)
	cmd/internal/par/work.go:160 +0x156 fp=0xc000483418 sp=0xc000483338 pc=0x848d76
cmd/internal/par.(*ErrCache[...]).Do(0x843fac?, {0xc0001125a6?, 0xcd53c0?}, 0xc0000281e0?)
	cmd/internal/par/work.go:118 +0x47 fp=0xc0004834b8 sp=0xc000483418 pc=0x8489a7
cmd/go/internal/modfetch.(*cachingRepo).GoMod(0xcd0a58?, {0xcd0a58?, 0x1339ea0?}, {0xc0001125a6, 0x6})
	cmd/go/internal/modfetch/cache.go:311 +0xfa fp=0xc000483548 sp=0xc0004834b8 pc=0x82e05a
cmd/go/internal/modfetch.GoMod.func2({0xc0000281e0?, 0x0?})
	cmd/go/internal/modfetch/cache.go:411 +0x73 fp=0xc0004835a8 sp=0xc000483548 pc=0x82ecf3
cmd/go/internal/modfetch.TryProxies(0xc000483680)
	cmd/go/internal/modfetch/proxy.go:164 +0xaf fp=0xc000483628 sp=0xc0004835a8 pc=0x8417cf
cmd/go/internal/modfetch.GoMod({0xcd0a58, 0x1339ea0}, {0xc0001182a0, 0x1c}, {0xc0001125a6, 0x6})
	cmd/go/internal/modfetch/cache.go:410 +0x258 fp=0xc0004836f8 sp=0xc000483628 pc=0x82ebb8
cmd/go/internal/modload.rawGoModData({{0xc0001182a0?, 0x47d499?}, {0xc0001125a6?, 0xb58360?}})
	cmd/go/internal/modload/modfile.go:786 +0x15f fp=0xc000483858 sp=0xc0004836f8 pc=0x8a3e3f
cmd/go/internal/modload.rawGoModSummary.func1()
	cmd/go/internal/modload/modfile.go:695 +0x59 fp=0xc0004839c0 sp=0xc000483858 pc=0x8a33b9
cmd/internal/par.(*ErrCache[...]).Do.func1()
	cmd/internal/par/work.go:119 +0x13 fp=0xc0004839d0 sp=0xc0004839c0 pc=0x8b3b33
cmd/internal/par.(*Cache[...]).Do(0xcd5240, {{0xc0001182a0, 0x1c}, {0xc0001125a6, 0x6}}, 0xc000290a80)
	cmd/internal/par/work.go:160 +0x13c fp=0xc000483a48 sp=0xc0004839d0 pc=0x8b3d7c
cmd/internal/par.(*ErrCache[...]).Do(0x0?, {{0xc0001182a0?, 0xc00014a360?}, {0xc0001125a6?, 0x0?}}, 0xba3f93?)
	cmd/internal/par/work.go:118 +0x45 fp=0xc000483aa8 sp=0xc000483a48 pc=0x8b3ac5
cmd/go/internal/modload.rawGoModSummary({{0xc0001182a0?, 0x8?}, {0xc0001125a6?, 0x426405?}})
	cmd/go/internal/modload/modfile.go:693 +0x385 fp=0xc000483b58 sp=0xc000483aa8 pc=0x8a3265
cmd/go/internal/modload.goModSummary({{0xc0001182a0?, 0x3c?}, {0xc0001125a6?, 0xffff9aecf188?}})
	cmd/go/internal/modload/modfile.go:602 +0x3ae fp=0xc000483ca8 sp=0xc000483b58 pc=0x8a27ee
cmd/go/internal/modload.readModGraph.func2.1()
	cmd/go/internal/modload/buildlist.go:380 +0x65 fp=0xc000483d48 sp=0xc000483ca8 pc=0x86e345
cmd/internal/par.(*ErrCache[...]).Do.func1()
	cmd/internal/par/work.go:119 +0x13 fp=0xc000483d58 sp=0xc000483d48 pc=0x8b3b33
cmd/internal/par.(*Cache[...]).Do(0xcd5240, {{0xc0001182a0, 0x1c}, {0xc0001125a6, 0x6}}, 0xc000290e08)
	cmd/internal/par/work.go:160 +0x13c fp=0xc000483dd0 sp=0xc000483d58 pc=0x8b3d7c
cmd/internal/par.(*ErrCache[...]).Do(0x0?, {{0xc0001182a0?, 0x0?}, {0xc0001125a6?, 0x0?}}, 0x0?)
	cmd/internal/par/work.go:118 +0x45 fp=0xc000483e30 sp=0xc000483dd0 pc=0x8b3ac5
cmd/go/internal/modload.readModGraph.func2({{0xc0001182a0?, 0x0?}, {0xc0001125a6?, 0x0?}})
	cmd/go/internal/modload/buildlist.go:379 +0x9b fp=0xc000483eb8 sp=0xc000483e30 pc=0x86e29b
cmd/go/internal/modload.readModGraph.func3.1()
	cmd/go/internal/modload/buildlist.go:408 +0x56 fp=0xc000483f60 sp=0xc000483eb8 pc=0x86e0d6
cmd/internal/par.(*Queue).Add.func1()
	cmd/internal/par/queue.go:58 +0x5c fp=0xc000483fe0 sp=0xc000483f60 pc=0x5edd3c
runtime.goexit({})
	runtime/asm_amd64.s:1700 +0x1 fp=0xc000483fe8 sp=0xc000483fe0 pc=0x487861
created by cmd/internal/par.(*Queue).Add in goroutine 1
	cmd/internal/par/queue.go:56 +0x1d3

goroutine 40 gp=0xc000102e00 m=nil [select]:
runtime.gopark(0xc0003c84b0?, 0x2?, 0x52?, 0x14?, 0xc0003c83e4?)
	runtime/proc.go:435 +0xce fp=0xc0003c8270 sp=0xc0003c8250 pc=0x47fa2e
runtime.selectgo(0xc0003c84b0, 0xc0003c83e0, 0x14?, 0x0, 0x133b300?, 0x1)
	runtime/select.go:351 +0x837 fp=0xc0003c83a8 sp=0xc0003c8270 pc=0x45d597
net/http.(*Transport).getConn(0x12c2960, 0xc0003ba0a0, {{}, 0x0, {0xc0003ac0a0, 0x5}, {0xc0003b6060, 0x14}, 0x0})
	net/http/transport.go:1523 +0x4ae fp=0xc0003c8580 sp=0xc0003c83a8 pc=0x7b0b4e
net/http.(*Transport).roundTrip(0x12c2960, 0xc0003bc000)
	net/http/transport.go:685 +0xb57 fp=0xc0003c8778 sp=0xc0003c8580 pc=0x7ac877
net/http.(*Transport).RoundTrip(0xc0003c1f80?, 0xccade0?)
	net/http/roundtrip.go:30 +0x13 fp=0xc0003c8798 sp=0xc0003c8778 pc=0x7bb013
net/http.send(0xc0003bc000, {0xccade0, 0x12c2960}, {0x60ac01?, 0xffff9aed0f88?, 0x0?})
	net/http/client.go:259 +0x5e2 fp=0xc0003c8988 sp=0xc0003c8798 pc=0x777882
net/http.(*Client).send(0xc0000251d0, 0xc0003bc000, {0x47c318?, 0x640000000042a016?, 0x0?})
	net/http/client.go:180 +0x91 fp=0xc0003c8a00 sp=0xc0003c8988 pc=0x777131
net/http.(*Client).do(0xc0000251d0, 0xc0003bc000)
	net/http/client.go:728 +0x989 fp=0xc0003c8bf0 sp=0xc0003c8a00 pc=0x779669
net/http.(*Client).Do(...)
	net/http/client.go:587
cmd/go/internal/web.get.func1(0xc0003c8f88)
	cmd/go/internal/web/http.go:159 +0x3cb fp=0xc0003c8d68 sp=0xc0003c8bf0 pc=0x7ce02b
cmd/go/internal/web.get(0x1, 0xc0003c9050)
	cmd/go/internal/web/http.go:206 +0x482 fp=0xc0003c9028 sp=0xc0003c8d68 pc=0x7cd102
cmd/go/internal/web.Get(...)
	cmd/go/internal/web/api.go:186
cmd/go/internal/modfetch.(*proxyRepo).getBody(0xc0003ba000, {0xba3421?, 0xd?}, {0xc0003a5218, 0xd})
	cmd/go/internal/modfetch/proxy.go:282 +0x13f fp=0xc0003c9118 sp=0xc0003c9028 pc=0x84257f
cmd/go/internal/modfetch.(*proxyRepo).getBytes(0xc0001125d0?, {0xcd0a58?, 0x1339ea0?}, {0xc0003a5218?, 0x82d4b4?})
	cmd/go/internal/modfetch/proxy.go:260 +0x5b fp=0xc0003c91e0 sp=0xc0003c9118 pc=0x84213b
cmd/go/internal/modfetch.(*proxyRepo).GoMod(0xc0003ba000, {0xcd0a58, 0x1339ea0}, {0xc0001125d0, 0x6})
	cmd/go/internal/modfetch/proxy.go:412 +0x10d fp=0xc0003c9248 sp=0xc0003c91e0 pc=0x84386d
cmd/go/internal/modfetch.(*cachingRepo).GoMod.func1()
	cmd/go/internal/modfetch/cache.go:318 +0xa5 fp=0xc0003c9300 sp=0xc0003c9248 pc=0x82e1e5
cmd/internal/par.(*ErrCache[...]).Do.func1()
	cmd/internal/par/work.go:119 +0x28 fp=0xc0003c9338 sp=0xc0003c9300 pc=0x848a88
cmd/internal/par.(*Cache[...]).Do(0xcd54c0, {0xc0001125d0, 0x6}, 0xc0003a5468)
	cmd/internal/par/work.go:160 +0x156 fp=0xc0003c9418 sp=0xc0003c9338 pc=0x848d76
cmd/internal/par.(*ErrCache[...]).Do(0x843fac?, {0xc0001125d0?, 0xcd53c0?}, 0xc0000281e0?)
	cmd/internal/par/work.go:118 +0x47 fp=0xc0003c94b8 sp=0xc0003c9418 pc=0x8489a7
cmd/go/internal/modfetch.(*cachingRepo).GoMod(0xcd0a58?, {0xcd0a58?, 0x1339ea0?}, {0xc0001125d0, 0x6})
	cmd/go/internal/modfetch/cache.go:311 +0xfa fp=0xc0003c9548 sp=0xc0003c94b8 pc=0x82e05a
cmd/go/internal/modfetch.GoMod.func2({0xc0000281e0?, 0x0?})
	cmd/go/internal/modfetch/cache.go:411 +0x73 fp=0xc0003c95a8 sp=0xc0003c9548 pc=0x82ecf3
cmd/go/internal/modfetch.TryProxies(0xc0003c9680)
	cmd/go/internal/modfetch/proxy.go:164 +0xaf fp=0xc0003c9628 sp=0xc0003c95a8 pc=0x8417cf
cmd/go/internal/modfetch.GoMod({0xcd0a58, 0x1339ea0}, {0xc0001162e8, 0x17}, {0xc0001125d0, 0x6})
	cmd/go/internal/modfetch/cache.go:410 +0x258 fp=0xc0003c96f8 sp=0xc0003c9628 pc=0x82ebb8
cmd/go/internal/modload.rawGoModData({{0xc0001162e8?, 0xc0003948b0?}, {0xc0001125d0?, 0xb58360?}})
	cmd/go/internal/modload/modfile.go:786 +0x15f fp=0xc0003c9858 sp=0xc0003c96f8 pc=0x8a3e3f
cmd/go/internal/modload.rawGoModSummary.func1()
	cmd/go/internal/modload/modfile.go:695 +0x59 fp=0xc0003c99c0 sp=0xc0003c9858 pc=0x8a33b9
cmd/internal/par.(*ErrCache[...]).Do.func1()
	cmd/internal/par/work.go:119 +0x13 fp=0xc0003c99d0 sp=0xc0003c99c0 pc=0x8b3b33
cmd/internal/par.(*Cache[...]).Do(0xcd5240, {{0xc0001162e8, 0x17}, {0xc0001125d0, 0x6}}, 0xc000394a80)
	cmd/internal/par/work.go:160 +0x13c fp=0xc0003c9a48 sp=0xc0003c99d0 pc=0x8b3d7c
cmd/internal/par.(*ErrCache[...]).Do(0x0?, {{0xc0001162e8?, 0xc00014a360?}, {0xc0001125d0?, 0x0?}}, 0xba3f93?)
	cmd/internal/par/work.go:118 +0x45 fp=0xc0003c9aa8 sp=0xc0003c9a48 pc=0x8b3ac5
cmd/go/internal/modload.rawGoModSummary({{0xc0001162e8?, 0x8?}, {0xc0001125d0?, 0x426405?}})
	cmd/go/internal/modload/modfile.go:693 +0x385 fp=0xc0003c9b58 sp=0xc0003c9aa8 pc=0x8a3265
cmd/go/internal/modload.goModSummary({{0xc0001162e8?, 0x3c?}, {0xc0001125d0?, 0xffff9aed18e8?}})
	cmd/go/internal/modload/modfile.go:602 +0x3ae fp=0xc0003c9ca8 sp=0xc0003c9b58 pc=0x8a27ee
cmd/go/internal/modload.readModGraph.func2.1()
	cmd/go/internal/modload/buildlist.go:380 +0x65 fp=0xc0003c9d48 sp=0xc0003c9ca8 pc=0x86e345
cmd/internal/par.(*ErrCache[...]).Do.func1()
	cmd/internal/par/work.go:119 +0x13 fp=0xc0003c9d58 sp=0xc0003c9d48 pc=0x8b3b33
cmd/internal/par.(*Cache[...]).Do(0xcd5240, {{0xc0001162e8, 0x17}, {0xc0001125d0, 0x6}}, 0xc000394e08)
	cmd/internal/par/work.go:160 +0x13c fp=0xc0003c9dd0 sp=0xc0003c9d58 pc=0x8b3d7c
cmd/internal/par.(*ErrCache[...]).Do(0x0?, {{0xc0001162e8?, 0x0?}, {0xc0001125d0?, 0x0?}}, 0x0?)
	cmd/internal/par/work.go:118 +0x45 fp=0xc0003c9e30 sp=0xc0003c9dd0 pc=0x8b3ac5
cmd/go/internal/modload.readModGraph.func2({{0xc0001162e8?, 0x0?}, {0xc0001125d0?, 0x0?}})
	cmd/go/internal/modload/buildlist.go:379 +0x9b fp=0xc0003c9eb8 sp=0xc0003c9e30 pc=0x86e29b
cmd/go/internal/modload.readModGraph.func3.1()
	cmd/go/internal/modload/buildlist.go:408 +0x56 fp=0xc0003c9f60 sp=0xc0003c9eb8 pc=0x86e0d6
cmd/internal/par.(*Queue).Add.func1()
	cmd/internal/par/queue.go:58 +0x5c fp=0xc0003c9fe0 sp=0xc0003c9f60 pc=0x5edd3c
runtime.goexit({})
	runtime/asm_amd64.s:1700 +0x1 fp=0xc0003c9fe8 sp=0xc0003c9fe0 pc=0x487861
created by cmd/internal/par.(*Queue).Add in goroutine 1
	cmd/internal/par/queue.go:56 +0x1d3

goroutine 41 gp=0xc000102fc0 m=nil [select]:
runtime.gopark(0xc0002bc4b0?, 0x2?, 0x52?, 0x14?, 0xc0002bc3e4?)
	runtime/proc.go:435 +0xce fp=0xc0002bc270 sp=0xc0002bc250 pc=0x47fa2e
runtime.selectgo(0xc0002bc4b0, 0xc0002bc3e0, 0x14?, 0x0, 0x47d000?, 0x1)
	runtime/select.go:351 +0x837 fp=0xc0002bc3a8 sp=0xc0002bc270 pc=0x45d597
net/http.(*Transport).getConn(0x12c2960, 0xc000135310, {{}, 0x0, {0xc000214000, 0x5}, {0xc000116498, 0x14}, 0x0})
	net/http/transport.go:1523 +0x4ae fp=0xc0002bc580 sp=0xc0002bc3a8 pc=0x7b0b4e
net/http.(*Transport).roundTrip(0x12c2960, 0xc000136500)
	net/http/transport.go:685 +0xb57 fp=0xc0002bc778 sp=0xc0002bc580 pc=0x7ac877
net/http.(*Transport).RoundTrip(0x1319900?, 0xccade0?)
	net/http/roundtrip.go:30 +0x13 fp=0xc0002bc798 sp=0xc0002bc778 pc=0x7bb013
net/http.send(0xc000136500, {0xccade0, 0x12c2960}, {0x60ac01?, 0x47c46c?, 0x0?})
	net/http/client.go:259 +0x5e2 fp=0xc0002bc988 sp=0xc0002bc798 pc=0x777882
net/http.(*Client).send(0xc0000251d0, 0xc000136500, {0x47c318?, 0x6400000000000001?, 0x0?})
	net/http/client.go:180 +0x91 fp=0xc0002bca00 sp=0xc0002bc988 pc=0x777131
net/http.(*Client).do(0xc0000251d0, 0xc000136500)
	net/http/client.go:728 +0x989 fp=0xc0002bcbf0 sp=0xc0002bca00 pc=0x779669
net/http.(*Client).Do(...)
	net/http/client.go:587
cmd/go/internal/web.get.func1(0xc0002bcf88)
	cmd/go/internal/web/http.go:159 +0x3cb fp=0xc0002bcd68 sp=0xc0002bcbf0 pc=0x7ce02b
cmd/go/internal/web.get(0x1, 0xc0002bd050)
	cmd/go/internal/web/http.go:206 +0x482 fp=0xc0002bd028 sp=0xc0002bcd68 pc=0x7cd102
cmd/go/internal/web.Get(...)
	cmd/go/internal/web/api.go:186
cmd/go/internal/modfetch.(*proxyRepo).getBody(0xc000135270, {0xba3421?, 0xe?}, {0xc000147218, 0xe})
	cmd/go/internal/modfetch/proxy.go:282 +0x13f fp=0xc0002bd118 sp=0xc0002bd028 pc=0x84257f
cmd/go/internal/modfetch.(*proxyRepo).getBytes(0xc0001125d6?, {0xcd0a58?, 0x1339ea0?}, {0xc000147218?, 0x82d4b4?})
	cmd/go/internal/modfetch/proxy.go:260 +0x5b fp=0xc0002bd1e0 sp=0xc0002bd118 pc=0x84213b
cmd/go/internal/modfetch.(*proxyRepo).GoMod(0xc000135270, {0xcd0a58, 0x1339ea0}, {0xc0001125d6, 0x7})
	cmd/go/internal/modfetch/proxy.go:412 +0x10d fp=0xc0002bd248 sp=0xc0002bd1e0 pc=0x84386d
cmd/go/internal/modfetch.(*cachingRepo).GoMod.func1()
	cmd/go/internal/modfetch/cache.go:318 +0xa5 fp=0xc0002bd300 sp=0xc0002bd248 pc=0x82e1e5
cmd/internal/par.(*ErrCache[...]).Do.func1()
	cmd/internal/par/work.go:119 +0x28 fp=0xc0002bd338 sp=0xc0002bd300 pc=0x848a88
cmd/internal/par.(*Cache[...]).Do(0xcd54c0, {0xc0001125d6, 0x7}, 0xc000147468)
	cmd/internal/par/work.go:160 +0x156 fp=0xc0002bd418 sp=0xc0002bd338 pc=0x848d76
cmd/internal/par.(*ErrCache[...]).Do(0x843fac?, {0xc0001125d6?, 0xcd53c0?}, 0xc0000281e0?)
	cmd/internal/par/work.go:118 +0x47 fp=0xc0002bd4b8 sp=0xc0002bd418 pc=0x8489a7
cmd/go/internal/modfetch.(*cachingRepo).GoMod(0xcd0a58?, {0xcd0a58?, 0x1339ea0?}, {0xc0001125d6, 0x7})
	cmd/go/internal/modfetch/cache.go:311 +0xfa fp=0xc0002bd548 sp=0xc0002bd4b8 pc=0x82e05a
cmd/go/internal/modfetch.GoMod.func2({0xc0000281e0?, 0x0?})
	cmd/go/internal/modfetch/cache.go:411 +0x73 fp=0xc0002bd5a8 sp=0xc0002bd548 pc=0x82ecf3
cmd/go/internal/modfetch.TryProxies(0xc0002bd680)
	cmd/go/internal/modfetch/proxy.go:164 +0xaf fp=0xc0002bd628 sp=0xc0002bd5a8 pc=0x8417cf
cmd/go/internal/modfetch.GoMod({0xcd0a58, 0x1339ea0}, {0xc00014a480, 0x21}, {0xc0001125d6, 0x7})
	cmd/go/internal/modfetch/cache.go:410 +0x258 fp=0xc0002bd6f8 sp=0xc0002bd628 pc=0x82ebb8
cmd/go/internal/modload.rawGoModData({{0xc00014a480?, 0x47d499?}, {0xc0001125d6?, 0xb58360?}})
	cmd/go/internal/modload/modfile.go:786 +0x15f fp=0xc0002bd858 sp=0xc0002bd6f8 pc=0x8a3e3f
cmd/go/internal/modload.rawGoModSummary.func1()
	cmd/go/internal/modload/modfile.go:695 +0x59 fp=0xc0002bd9c0 sp=0xc0002bd858 pc=0x8a33b9
cmd/internal/par.(*ErrCache[...]).Do.func1()
	cmd/internal/par/work.go:119 +0x13 fp=0xc0002bd9d0 sp=0xc0002bd9c0 pc=0x8b3b33
cmd/internal/par.(*Cache[...]).Do(0xcd5240, {{0xc00014a480, 0x21}, {0xc0001125d6, 0x7}}, 0xc00006ea80)
	cmd/internal/par/work.go:160 +0x13c fp=0xc0002bda48 sp=0xc0002bd9d0 pc=0x8b3d7c
cmd/internal/par.(*ErrCache[...]).Do(0x0?, {{0xc00014a480?, 0xc00014a360?}, {0xc0001125d6?, 0x0?}}, 0xba3f93?)
	cmd/internal/par/work.go:118 +0x45 fp=0xc0002bdaa8 sp=0xc0002bda48 pc=0x8b3ac5
cmd/go/internal/modload.rawGoModSummary({{0xc00014a480?, 0x20?}, {0xc0001125d6?, 0x1f?}})
	cmd/go/internal/modload/modfile.go:693 +0x385 fp=0xc0002bdb58 sp=0xc0002bdaa8 pc=0x8a3265
cmd/go/internal/modload.goModSummary({{0xc00014a480?, 0x3c?}, {0xc0001125d6?, 0xffff9bcc0408?}})
	cmd/go/internal/modload/modfile.go:602 +0x3ae fp=0xc0002bdca8 sp=0xc0002bdb58 pc=0x8a27ee
cmd/go/internal/modload.readModGraph.func2.1()
	cmd/go/internal/modload/buildlist.go:380 +0x65 fp=0xc0002bdd48 sp=0xc0002bdca8 pc=0x86e345
cmd/internal/par.(*ErrCache[...]).Do.func1()
	cmd/internal/par/work.go:119 +0x13 fp=0xc0002bdd58 sp=0xc0002bdd48 pc=0x8b3b33
cmd/internal/par.(*Cache[...]).Do(0xcd5240, {{0xc00014a480, 0x21}, {0xc0001125d6, 0x7}}, 0xc00006ee08)
	cmd/internal/par/work.go:160 +0x13c fp=0xc0002bddd0 sp=0xc0002bdd58 pc=0x8b3d7c
cmd/internal/par.(*ErrCache[...]).Do(0x0?, {{0xc00014a480?, 0x0?}, {0xc0001125d6?, 0x0?}}, 0x0?)
	cmd/internal/par/work.go:118 +0x45 fp=0xc0002bde30 sp=0xc0002bddd0 pc=0x8b3ac5
cmd/go/internal/modload.readModGraph.func2({{0xc00014a480?, 0x0?}, {0xc0001125d6?, 0x0?}})
	cmd/go/internal/modload/buildlist.go:379 +0x9b fp=0xc0002bdeb8 sp=0xc0002bde30 pc=0x86e29b
cmd/go/internal/modload.readModGraph.func3.1()
	cmd/go/internal/modload/buildlist.go:408 +0x56 fp=0xc0002bdf60 sp=0xc0002bdeb8 pc=0x86e0d6
cmd/internal/par.(*Queue).Add.func1()
	cmd/internal/par/queue.go:58 +0x5c fp=0xc0002bdfe0 sp=0xc0002bdf60 pc=0x5edd3c
runtime.goexit({})
	runtime/asm_amd64.s:1700 +0x1 fp=0xc0002bdfe8 sp=0xc0002bdfe0 pc=0x487861
created by cmd/internal/par.(*Queue).Add in goroutine 1
	cmd/internal/par/queue.go:56 +0x1d3

goroutine 50 gp=0xc000282380 m=nil [select]:
runtime.gopark(0xc0001435b8?, 0x2?, 0x34?, 0x27?, 0xc000143470?)
	runtime/proc.go:435 +0xce fp=0xc0001432f8 sp=0xc0001432d8 pc=0x47fa2e
runtime.selectgo(0xc0001435b8, 0xc00014346c, 0x14?, 0x0, 0x0?, 0x1)
	runtime/select.go:351 +0x837 fp=0xc000143430 sp=0xc0001432f8 pc=0x45d597
net.(*Resolver).lookupIPAddr(0x1316040, {0xcd0a20, 0xc0002cc1c0}, {0xba2f91, 0x3}, {0xc0002aa078, 0x10})
	net/lookup.go:342 +0x3d9 fp=0xc000143610 sp=0xc000143430 pc=0x6be139
net.(*Resolver).internetAddrList(0x1316040?, {0xcd0a20?, 0xc0002cc1c0?}, {0xba2f91, 0x3}, {0xc0002aa078?, 0x423165?})
	net/ipsock.go:289 +0x4c5 fp=0xc000143708 sp=0xc000143610 pc=0x6bc425
net.(*Resolver).resolveAddrList(0x1316040, {0xcd0a20, 0xc0002cc1c0}, {0xba35b1, 0x4}, {0xba2f91?, 0xc0002949b0?}, {0xc0002aa078, 0x14}, {0x0, ...})
	net/dial.go:353 +0x3e5 fp=0xc000143808 sp=0xc000143708 pc=0x6aa265
net.(*Dialer).DialContext(0xc0000a62d0, {0xcd09b0, 0xc0002ac140}, {0xba2f91, 0x3}, {0xc0002aa078, 0x14})
	net/dial.go:560 +0x408 fp=0xc000143978 sp=0xc000143808 pc=0x6ab008
net.(*Dialer).DialContext-fm({0xcd09b0?, 0xc0002ac140?}, {0xba2f91?, 0x1339ea0?}, {0xc0002aa078?, 0xc000294a18?})
	<autogenerated>:1 +0x49 fp=0xc0001439c0 sp=0xc000143978 pc=0x7c6629
net/http.(*Transport).dial(0xc000112578?, {0xcd09b0?, 0xc0002ac140?}, {0xba2f91?, 0x1316520?}, {0xc0002aa078?, 0xc000118260?})
	net/http/transport.go:1278 +0xd2 fp=0xc000143a28 sp=0xc0001439c0 pc=0x7afb92
net/http.(*Transport).dialConn(0x12c2960, {0xcd09b0, 0xc0002ac140}, {{}, 0x0, {0xc0002a6140, 0x5}, {0xc0002aa078, 0x14}, 0x0})
	net/http/transport.go:1783 +0x7e5 fp=0xc000143ee0 sp=0xc000143a28 pc=0x7b2b65
net/http.(*Transport).dialConnFor(0x12c2960, 0xc0002ce000)
	net/http/transport.go:1618 +0xb8 fp=0xc000143f90 sp=0xc000143ee0 pc=0x7b1678
net/http.(*Transport).startDialConnForLocked.func1()
	net/http/transport.go:1600 +0x35 fp=0xc000143fe0 sp=0xc000143f90 pc=0x7b14b5
runtime.goexit({})
	runtime/asm_amd64.s:1700 +0x1 fp=0xc000143fe8 sp=0xc000143fe0 pc=0x487861
created by net/http.(*Transport).startDialConnForLocked in goroutine 37
	net/http/transport.go:1599 +0x112

goroutine 19 gp=0xc000186540 m=nil [select]:
runtime.gopark(0xc0004055b8?, 0x2?, 0x8?, 0x50?, 0xc000405470?)
	runtime/proc.go:435 +0xce fp=0xc0004052f8 sp=0xc0004052d8 pc=0x47fa2e
runtime.selectgo(0xc0004055b8, 0xc00040546c, 0x14?, 0x0, 0x0?, 0x1)
	runtime/select.go:351 +0x837 fp=0xc000405430 sp=0xc0004052f8 pc=0x45d597
net.(*Resolver).lookupIPAddr(0x1316040, {0xcd0a20, 0xc0001ee230}, {0xba2f91, 0x3}, {0xc0001d6198, 0x10})
	net/lookup.go:342 +0x3d9 fp=0xc000405610 sp=0xc000405430 pc=0x6be139
net.(*Resolver).internetAddrList(0x1316040?, {0xcd0a20?, 0xc0001ee230?}, {0xba2f91, 0x3}, {0xc0001d6198?, 0x423165?})
	net/ipsock.go:289 +0x4c5 fp=0xc000405708 sp=0xc000405610 pc=0x6bc425
net.(*Resolver).resolveAddrList(0x1316040, {0xcd0a20, 0xc0001ee230}, {0xba35b1, 0x4}, {0xba2f91?, 0x426405?}, {0xc0001d6198, 0x14}, {0x0, ...})
	net/dial.go:353 +0x3e5 fp=0xc000405808 sp=0xc000405708 pc=0x6aa265
net.(*Dialer).DialContext(0xc0000a62d0, {0xcd09b0, 0xc0001f4140}, {0xba2f91, 0x3}, {0xc0001d6198, 0x14})
	net/dial.go:560 +0x408 fp=0xc000405978 sp=0xc000405808 pc=0x6ab008
net.(*Dialer).DialContext-fm({0xcd09b0?, 0xc0001f4140?}, {0xba2f91?, 0x1339ea0?}, {0xc0001d6198?, 0xc00006fa18?})
	<autogenerated>:1 +0x49 fp=0xc0004059c0 sp=0xc000405978 pc=0x7c6629
net/http.(*Transport).dial(0xc00014a3c0?, {0xcd09b0?, 0xc0001f4140?}, {0xba2f91?, 0x1316520?}, {0xc0001d6198?, 0xc00014a390?})
	net/http/transport.go:1278 +0xd2 fp=0xc000405a28 sp=0xc0004059c0 pc=0x7afb92
net/http.(*Transport).dialConn(0x12c2960, {0xcd09b0, 0xc0001f4140}, {{}, 0x0, {0xc0001822a0, 0x5}, {0xc0001d6198, 0x14}, 0x0})
	net/http/transport.go:1783 +0x7e5 fp=0xc000405ee0 sp=0xc000405a28 pc=0x7b2b65
net/http.(*Transport).dialConnFor(0x12c2960, 0xc0001be210)
	net/http/transport.go:1618 +0xb8 fp=0xc000405f90 sp=0xc000405ee0 pc=0x7b1678
net/http.(*Transport).startDialConnForLocked.func1()
	net/http/transport.go:1600 +0x35 fp=0xc000405fe0 sp=0xc000405f90 pc=0x7b14b5
runtime.goexit({})
	runtime/asm_amd64.s:1700 +0x1 fp=0xc000405fe8 sp=0xc000405fe0 pc=0x487861
created by net/http.(*Transport).startDialConnForLocked in goroutine 34
	net/http/transport.go:1599 +0x112

goroutine 42 gp=0xc000103180 m=nil [select]:
runtime.gopark(0xc0001475b8?, 0x2?, 0x0?, 0x99?, 0xc000147470?)
	runtime/proc.go:435 +0xce fp=0xc0001472f8 sp=0xc0001472d8 pc=0x47fa2e
runtime.selectgo(0xc0001475b8, 0xc00014746c, 0x14?, 0x0, 0xc00006e4a8?, 0x1)
	runtime/select.go:351 +0x837 fp=0xc000147430 sp=0xc0001472f8 pc=0x45d597
net.(*Resolver).lookupIPAddr(0x1316040, {0xcd0a20, 0xc0002160e0}, {0xba2f91, 0x3}, {0xc000116498, 0x10})
	net/lookup.go:342 +0x3d9 fp=0xc000147610 sp=0xc000147430 pc=0x6be139
net.(*Resolver).internetAddrList(0x1316040?, {0xcd0a20?, 0xc0002160e0?}, {0xba2f91, 0x3}, {0xc000116498?, 0x423165?})
	net/ipsock.go:289 +0x4c5 fp=0xc000147708 sp=0xc000147610 pc=0x6bc425
net.(*Resolver).resolveAddrList(0x1316040, {0xcd0a20, 0xc0002160e0}, {0xba35b1, 0x4}, {0xba2f91?, 0x0?}, {0xc000116498, 0x14}, {0x0, ...})
	net/dial.go:353 +0x3e5 fp=0xc000147808 sp=0xc000147708 pc=0x6aa265
net.(*Dialer).DialContext(0xc0000a62d0, {0xcd09b0, 0xc000135360}, {0xba2f91, 0x3}, {0xc000116498, 0x14})
	net/dial.go:560 +0x408 fp=0xc000147978 sp=0xc000147808 pc=0x6ab008
net.(*Dialer).DialContext-fm({0xcd09b0?, 0xc000135360?}, {0xba2f91?, 0x1339ea0?}, {0xc000116498?, 0xc00006ea18?})
	<autogenerated>:1 +0x49 fp=0xc0001479c0 sp=0xc000147978 pc=0x7c6629
net/http.(*Transport).dial(0xc0001125d6?, {0xcd09b0?, 0xc000135360?}, {0xba2f91?, 0x1316520?}, {0xc000116498?, 0xc00014a480?})
	net/http/transport.go:1278 +0xd2 fp=0xc000147a28 sp=0xc0001479c0 pc=0x7afb92
net/http.(*Transport).dialConn(0x12c2960, {0xcd09b0, 0xc000135360}, {{}, 0x0, {0xc000214000, 0x5}, {0xc000116498, 0x14}, 0x0})
	net/http/transport.go:1783 +0x7e5 fp=0xc000147ee0 sp=0xc000147a28 pc=0x7b2b65
net/http.(*Transport).dialConnFor(0x12c2960, 0xc0002040b0)
	net/http/transport.go:1618 +0xb8 fp=0xc000147f90 sp=0xc000147ee0 pc=0x7b1678
net/http.(*Transport).startDialConnForLocked.func1()
	net/http/transport.go:1600 +0x35 fp=0xc000147fe0 sp=0xc000147f90 pc=0x7b14b5
runtime.goexit({})
	runtime/asm_amd64.s:1700 +0x1 fp=0xc000147fe8 sp=0xc000147fe0 pc=0x487861
created by net/http.(*Transport).startDialConnForLocked in goroutine 41
	net/http/transport.go:1599 +0x112

goroutine 51 gp=0xc000282540 m=nil [chan receive]:
runtime.gopark(0xf?, 0xc0002b6200?, 0x11?, 0x62?, 0xc000145370?)
	runtime/proc.go:435 +0xce fp=0xc0001452f8 sp=0xc0001452d8 pc=0x47fa2e
runtime.chanrecv(0xc0002cc310, 0xc0001453a8, 0x1)
	runtime/chan.go:664 +0x445 fp=0xc000145370 sp=0xc0001452f8 pc=0x41b1a5
runtime.chanrecv1(0x454c3f?, 0xc0001453a8?)
	runtime/chan.go:506 +0x12 fp=0xc000145398 sp=0xc000145370 pc=0x41ad32
net.(*Resolver).goLookupIPCNAMEOrder.func4({0x0?, 0x0?}, 0x2540?)
	net/dnsclient_unix.go:673 +0x65 fp=0xc000145428 sp=0xc000145398 pc=0x6b2005
net.(*Resolver).goLookupIPCNAMEOrder(_, {_, _}, {_, _}, {_, _}, _, _)
	net/dnsclient_unix.go:683 +0xbe6 fp=0xc000145c00 sp=0xc000145428 pc=0x6b1326
net.(*Resolver).lookupIP(0x1316040, {0xcd09b0, 0xc0002ac190}, {0xba2f91, 0x3}, {0xc0002aa078, 0x10})
	net/lookup_unix.go:68 +0x131 fp=0xc000145e58 sp=0xc000145c00 pc=0x6bf3f1
net.(*Resolver).lookupIP-fm({0xcd09b0?, 0xc0002ac190?}, {0xba2f91?, 0xc0002ce078?}, {0xc0002aa078?, 0xc00005beb0?})
	<autogenerated>:1 +0x49 fp=0xc000145ea0 sp=0xc000145e58 pc=0x6d4b89
net.init.func1({0xcd09b0?, 0xc0002ac190?}, 0xc0002ac140?, {0xba2f91?, 0xc0002a6140?}, {0xc0002aa078?, 0xc0002aa078?})
	net/hook.go:21 +0x37 fp=0xc000145ee0 sp=0xc000145ea0 pc=0x6a5897
net.(*Resolver).lookupIPAddr.func1()
	net/lookup.go:334 +0x37 fp=0xc000145f38 sp=0xc000145ee0 pc=0x6be9f7
internal/singleflight.(*Group).doCall(0x1316050, 0xc0002ac1e0, {0xc0002aa090, 0x14}, 0x0?)
	internal/singleflight/singleflight.go:93 +0x34 fp=0xc000145fa8 sp=0xc000145f38 pc=0x6a49b4
internal/singleflight.(*Group).DoChan.gowrap1()
	internal/singleflight/singleflight.go:86 +0x30 fp=0xc000145fe0 sp=0xc000145fa8 pc=0x6a4950
runtime.goexit({})
	runtime/asm_amd64.s:1700 +0x1 fp=0xc000145fe8 sp=0xc000145fe0 pc=0x487861
created by internal/singleflight.(*Group).DoChan in goroutine 50
	internal/singleflight/singleflight.go:86 +0x2d3

goroutine 66 gp=0xc000412380 m=nil [select]:
runtime.gopark(0xc00042d5b8?, 0x2?, 0xe8?, 0x4?, 0xc00042d470?)
	runtime/proc.go:435 +0xce fp=0xc00042d2f8 sp=0xc00042d2d8 pc=0x47fa2e
runtime.selectgo(0xc00042d5b8, 0xc00042d46c, 0x14?, 0x0, 0x0?, 0x1)
	runtime/select.go:351 +0x837 fp=0xc00042d430 sp=0xc00042d2f8 pc=0x45d597
net.(*Resolver).lookupIPAddr(0x1316040, {0xcd0a20, 0xc00044c1c0}, {0xba2f91, 0x3}, {0xc000448018, 0x10})
	net/lookup.go:342 +0x3d9 fp=0xc00042d610 sp=0xc00042d430 pc=0x6be139
net.(*Resolver).internetAddrList(0x1316040?, {0xcd0a20?, 0xc00044c1c0?}, {0xba2f91, 0x3}, {0xc000448018?, 0x423165?})
	net/ipsock.go:289 +0x4c5 fp=0xc00042d708 sp=0xc00042d610 pc=0x6bc425
net.(*Resolver).resolveAddrList(0x1316040, {0xcd0a20, 0xc00044c1c0}, {0xba35b1, 0x4}, {0xba2f91?, 0x426405?}, {0xc000448018, 0x14}, {0x0, ...})
	net/dial.go:353 +0x3e5 fp=0xc00042d808 sp=0xc00042d708 pc=0x6aa265
net.(*Dialer).DialContext(0xc0000a62d0, {0xcd09b0, 0xc0004400f0}, {0xba2f91, 0x3}, {0xc000448018, 0x14})
	net/dial.go:560 +0x408 fp=0xc00042d978 sp=0xc00042d808 pc=0x6ab008
net.(*Dialer).DialContext-fm({0xcd09b0?, 0xc0004400f0?}, {0xba2f91?, 0x1339ea0?}, {0xc000448018?, 0xc000390a18?})
	<autogenerated>:1 +0x49 fp=0xc00042d9c0 sp=0xc00042d978 pc=0x7c6629
net/http.(*Transport).dial(0xc0001125a0?, {0xcd09b0?, 0xc0004400f0?}, {0xba2f91?, 0x1316520?}, {0xc000448018?, 0xc000118280?})
	net/http/transport.go:1278 +0xd2 fp=0xc00042da28 sp=0xc00042d9c0 pc=0x7afb92
net/http.(*Transport).dialConn(0x12c2960, {0xcd09b0, 0xc0004400f0}, {{}, 0x0, {0xc000434140, 0x5}, {0xc000448018, 0x14}, 0x0})
	net/http/transport.go:1783 +0x7e5 fp=0xc00042dee0 sp=0xc00042da28 pc=0x7b2b65
net/http.(*Transport).dialConnFor(0x12c2960, 0xc00044e000)
	net/http/transport.go:1618 +0xb8 fp=0xc00042df90 sp=0xc00042dee0 pc=0x7b1678
net/http.(*Transport).startDialConnForLocked.func1()
	net/http/transport.go:1600 +0x35 fp=0xc00042dfe0 sp=0xc00042df90 pc=0x7b14b5
runtime.goexit({})
	runtime/asm_amd64.s:1700 +0x1 fp=0xc00042dfe8 sp=0xc00042dfe0 pc=0x487861
created by net/http.(*Transport).startDialConnForLocked in goroutine 38
	net/http/transport.go:1599 +0x112

goroutine 82 gp=0xc000382380 m=nil [select]:
runtime.gopark(0xc0003a55b8?, 0x2?, 0x8?, 0x0?, 0xc0003a5470?)
	runtime/proc.go:435 +0xce fp=0xc0003a52f8 sp=0xc0003a52d8 pc=0x47fa2e
runtime.selectgo(0xc0003a55b8, 0xc0003a546c, 0x14?, 0x0, 0x0?, 0x1)
	runtime/select.go:351 +0x837 fp=0xc0003a5430 sp=0xc0003a52f8 pc=0x45d597
net.(*Resolver).lookupIPAddr(0x1316040, {0xcd0a20, 0xc0003cc1c0}, {0xba2f91, 0x3}, {0xc0003b6060, 0x10})
	net/lookup.go:342 +0x3d9 fp=0xc0003a5610 sp=0xc0003a5430 pc=0x6be139
net.(*Resolver).internetAddrList(0x1316040?, {0xcd0a20?, 0xc0003cc1c0?}, {0xba2f91, 0x3}, {0xc0003b6060?, 0x423165?})
	net/ipsock.go:289 +0x4c5 fp=0xc0003a5708 sp=0xc0003a5610 pc=0x6bc425
net.(*Resolver).resolveAddrList(0x1316040, {0xcd0a20, 0xc0003cc1c0}, {0xba35b1, 0x4}, {0xba2f91?, 0x426405?}, {0xc0003b6060, 0x14}, {0x0, ...})
	net/dial.go:353 +0x3e5 fp=0xc0003a5808 sp=0xc0003a5708 pc=0x6aa265
net.(*Dialer).DialContext(0xc0000a62d0, {0xcd09b0, 0xc0003ba0f0}, {0xba2f91, 0x3}, {0xc0003b6060, 0x14})
	net/dial.go:560 +0x408 fp=0xc0003a5978 sp=0xc0003a5808 pc=0x6ab008
net.(*Dialer).DialContext-fm({0xcd09b0?, 0xc0003ba0f0?}, {0xba2f91?, 0x1339ea0?}, {0xc0003b6060?, 0xc000394a18?})
	<autogenerated>:1 +0x49 fp=0xc0003a59c0 sp=0xc0003a5978 pc=0x7c6629
net/http.(*Transport).dial(0xc0001125d0?, {0xcd09b0?, 0xc0003ba0f0?}, {0xba2f91?, 0x1316520?}, {0xc0003b6060?, 0xc0001162e8?})
	net/http/transport.go:1278 +0xd2 fp=0xc0003a5a28 sp=0xc0003a59c0 pc=0x7afb92
net/http.(*Transport).dialConn(0x12c2960, {0xcd09b0, 0xc0003ba0f0}, {{}, 0x0, {0xc0003ac0a0, 0x5}, {0xc0003b6060, 0x14}, 0x0})
	net/http/transport.go:1783 +0x7e5 fp=0xc0003a5ee0 sp=0xc0003a5a28 pc=0x7b2b65
net/http.(*Transport).dialConnFor(0x12c2960, 0xc0003ce000)
	net/http/transport.go:1618 +0xb8 fp=0xc0003a5f90 sp=0xc0003a5ee0 pc=0x7b1678
net/http.(*Transport).startDialConnForLocked.func1()
	net/http/transport.go:1600 +0x35 fp=0xc0003a5fe0 sp=0xc0003a5f90 pc=0x7b14b5
runtime.goexit({})
	runtime/asm_amd64.s:1700 +0x1 fp=0xc0003a5fe8 sp=0xc0003a5fe0 pc=0x487861
created by net/http.(*Transport).startDialConnForLocked in goroutine 40
	net/http/transport.go:1599 +0x112

goroutine 67 gp=0xc000412540 m=nil [select]:
runtime.gopark(0xc00042f5b8?, 0x2?, 0xe8?, 0x4?, 0xc00042f470?)
	runtime/proc.go:435 +0xce fp=0xc00042f2f8 sp=0xc00042f2d8 pc=0x47fa2e
runtime.selectgo(0xc00042f5b8, 0xc00042f46c, 0x14?, 0x0, 0x0?, 0x1)
	runtime/select.go:351 +0x837 fp=0xc00042f430 sp=0xc00042f2f8 pc=0x45d597
net.(*Resolver).lookupIPAddr(0x1316040, {0xcd0a20, 0xc00044c460}, {0xba2f91, 0x3}, {0xc0001d61e0, 0x10})
	net/lookup.go:342 +0x3d9 fp=0xc00042f610 sp=0xc00042f430 pc=0x6be139
net.(*Resolver).internetAddrList(0x1316040?, {0xcd0a20?, 0xc00044c460?}, {0xba2f91, 0x3}, {0xc0001d61e0?, 0x423165?})
	net/ipsock.go:289 +0x4c5 fp=0xc00042f708 sp=0xc00042f610 pc=0x6bc425
net.(*Resolver).resolveAddrList(0x1316040, {0xcd0a20, 0xc00044c460}, {0xba35b1, 0x4}, {0xba2f91?, 0x426405?}, {0xc0001d61e0, 0x14}, {0x0, ...})
	net/dial.go:353 +0x3e5 fp=0xc00042f808 sp=0xc00042f708 pc=0x6aa265
net.(*Dialer).DialContext(0xc0000a62d0, {0xcd09b0, 0xc0001f42d0}, {0xba2f91, 0x3}, {0xc0001d61e0, 0x14})
	net/dial.go:560 +0x408 fp=0xc00042f978 sp=0xc00042f808 pc=0x6ab008
net.(*Dialer).DialContext-fm({0xcd09b0?, 0xc0001f42d0?}, {0xba2f91?, 0x1339ea0?}, {0xc0001d61e0?, 0xc000390a18?})
	<autogenerated>:1 +0x49 fp=0xc00042f9c0 sp=0xc00042f978 pc=0x7c6629
net/http.(*Transport).dial(0xc0001125a0?, {0xcd09b0?, 0xc0001f42d0?}, {0xba2f91?, 0x1316520?}, {0xc0001d61e0?, 0xc000118280?})
	net/http/transport.go:1278 +0xd2 fp=0xc00042fa28 sp=0xc00042f9c0 pc=0x7afb92
net/http.(*Transport).dialConn(0x12c2960, {0xcd09b0, 0xc0001f42d0}, {{}, 0x0, {0xc000182770, 0x5}, {0xc0001d61e0, 0x14}, 0x0})
	net/http/transport.go:1783 +0x7e5 fp=0xc00042fee0 sp=0xc00042fa28 pc=0x7b2b65
net/http.(*Transport).dialConnFor(0x12c2960, 0xc0001be2c0)
	net/http/transport.go:1618 +0xb8 fp=0xc00042ff90 sp=0xc00042fee0 pc=0x7b1678
net/http.(*Transport).startDialConnForLocked.func1()
	net/http/transport.go:1600 +0x35 fp=0xc00042ffe0 sp=0xc00042ff90 pc=0x7b14b5
runtime.goexit({})
	runtime/asm_amd64.s:1700 +0x1 fp=0xc00042ffe8 sp=0xc00042ffe0 pc=0x487861
created by net/http.(*Transport).startDialConnForLocked in goroutine 35
	net/http/transport.go:1599 +0x112

goroutine 98 gp=0xc000502000 m=nil [select]:
runtime.gopark(0xc0004295b8?, 0x2?, 0xe8?, 0x4?, 0xc000429470?)
	runtime/proc.go:435 +0xce fp=0xc0004292f8 sp=0xc0004292d8 pc=0x47fa2e
runtime.selectgo(0xc0004295b8, 0xc00042946c, 0x14?, 0x0, 0x0?, 0x1)
	runtime/select.go:351 +0x837 fp=0xc000429430 sp=0xc0004292f8 pc=0x45d597
net.(*Resolver).lookupIPAddr(0x1316040, {0xcd0a20, 0xc000516150}, {0xba2f91, 0x3}, {0xc000330018, 0x10})
	net/lookup.go:342 +0x3d9 fp=0xc000429610 sp=0xc000429430 pc=0x6be139
net.(*Resolver).internetAddrList(0x1316040?, {0xcd0a20?, 0xc000516150?}, {0xba2f91, 0x3}, {0xc000330018?, 0x423165?})
	net/ipsock.go:289 +0x4c5 fp=0xc000429708 sp=0xc000429610 pc=0x6bc425
net.(*Resolver).resolveAddrList(0x1316040, {0xcd0a20, 0xc000516150}, {0xba35b1, 0x4}, {0xba2f91?, 0x426405?}, {0xc000330018, 0x14}, {0x0, ...})
	net/dial.go:353 +0x3e5 fp=0xc000429808 sp=0xc000429708 pc=0x6aa265
net.(*Dialer).DialContext(0xc0000a62d0, {0xcd09b0, 0xc0003280f0}, {0xba2f91, 0x3}, {0xc000330018, 0x14})
	net/dial.go:560 +0x408 fp=0xc000429978 sp=0xc000429808 pc=0x6ab008
net.(*Dialer).DialContext-fm({0xcd09b0?, 0xc0003280f0?}, {0xba2f91?, 0x1339ea0?}, {0xc000330018?, 0xc000512a18?})
	<autogenerated>:1 +0x49 fp=0xc0004299c0 sp=0xc000429978 pc=0x7c6629
net/http.(*Transport).dial(0x0?, {0xcd09b0?, 0xc0003280f0?}, {0xba2f91?, 0x0?}, {0xc000330018?, 0x0?})
	net/http/transport.go:1278 +0xd2 fp=0xc000429a28 sp=0xc0004299c0 pc=0x7afb92
net/http.(*Transport).dialConn(0x12c2960, {0xcd09b0, 0xc0003280f0}, {{}, 0x0, {0xc00031a140, 0x5}, {0xc000330018, 0x14}, 0x0})
	net/http/transport.go:1783 +0x7e5 fp=0xc000429ee0 sp=0xc000429a28 pc=0x7b2b65
net/http.(*Transport).dialConnFor(0x12c2960, 0xc000336000)
	net/http/transport.go:1618 +0xb8 fp=0xc000429f90 sp=0xc000429ee0 pc=0x7b1678
net/http.(*Transport).startDialConnForLocked.func1()
	net/http/transport.go:1600 +0x35 fp=0xc000429fe0 sp=0xc000429f90 pc=0x7b14b5
runtime.goexit({})
	runtime/asm_amd64.s:1700 +0x1 fp=0xc000429fe8 sp=0xc000429fe0 pc=0x487861
created by net/http.(*Transport).startDialConnForLocked in goroutine 39
	net/http/transport.go:1599 +0x112

goroutine 99 gp=0xc0005021c0 m=nil [select]:
runtime.gopark(0xc00042b5b8?, 0x2?, 0xe8?, 0x4?, 0xc00042b470?)
	runtime/proc.go:435 +0xce fp=0xc00042b2f8 sp=0xc00042b2d8 pc=0x47fa2e
runtime.selectgo(0xc00042b5b8, 0xc00042b46c, 0x14?, 0x0, 0x0?, 0x1)
	runtime/select.go:351 +0x837 fp=0xc00042b430 sp=0xc00042b2f8 pc=0x45d597
net.(*Resolver).lookupIPAddr(0x1316040, {0xcd0a20, 0xc0005163f0}, {0xba2f91, 0x3}, {0xc000000528, 0x10})
	net/lookup.go:342 +0x3d9 fp=0xc00042b610 sp=0xc00042b430 pc=0x6be139
net.(*Resolver).internetAddrList(0x1316040?, {0xcd0a20?, 0xc0005163f0?}, {0xba2f91, 0x3}, {0xc000000528?, 0x423165?})
	net/ipsock.go:289 +0x4c5 fp=0xc00042b708 sp=0xc00042b610 pc=0x6bc425
net.(*Resolver).resolveAddrList(0x1316040, {0xcd0a20, 0xc0005163f0}, {0xba35b1, 0x4}, {0xba2f91?, 0x426405?}, {0xc000000528, 0x14}, {0x0, ...})
	net/dial.go:353 +0x3e5 fp=0xc00042b808 sp=0xc00042b708 pc=0x6aa265
net.(*Dialer).DialContext(0xc0000a62d0, {0xcd09b0, 0xc0000c0140}, {0xba2f91, 0x3}, {0xc000000528, 0x14})
	net/dial.go:560 +0x408 fp=0xc00042b978 sp=0xc00042b808 pc=0x6ab008
net.(*Dialer).DialContext-fm({0xcd09b0?, 0xc0000c0140?}, {0xba2f91?, 0x1339ea0?}, {0xc000000528?, 0xc000512a18?})
	<autogenerated>:1 +0x49 fp=0xc00042b9c0 sp=0xc00042b978 pc=0x7c6629
net/http.(*Transport).dial(0x0?, {0xcd09b0?, 0xc0000c0140?}, {0xba2f91?, 0x0?}, {0xc000000528?, 0x0?})
	net/http/transport.go:1278 +0xd2 fp=0xc00042ba28 sp=0xc00042b9c0 pc=0x7afb92
net/http.(*Transport).dialConn(0x12c2960, {0xcd09b0, 0xc0000c0140}, {{}, 0x0, {0xc00002e120, 0x5}, {0xc000000528, 0x14}, 0x0})
	net/http/transport.go:1783 +0x7e5 fp=0xc00042bee0 sp=0xc00042ba28 pc=0x7b2b65
net/http.(*Transport).dialConnFor(0x12c2960, 0xc0000de000)
	net/http/transport.go:1618 +0xb8 fp=0xc00042bf90 sp=0xc00042bee0 pc=0x7b1678
net/http.(*Transport).startDialConnForLocked.func1()
	net/http/transport.go:1600 +0x35 fp=0xc00042bfe0 sp=0xc00042bf90 pc=0x7b14b5
runtime.goexit({})
	runtime/asm_amd64.s:1700 +0x1 fp=0xc00042bfe8 sp=0xc00042bfe0 pc=0x487861
created by net/http.(*Transport).startDialConnForLocked in goroutine 36
	net/http/transport.go:1599 +0x112

goroutine 52 gp=0xc000282700 m=nil [runnable]:
runtime.asyncPreempt2()
	runtime/preempt.go:308 +0x39 fp=0xc00045a9c8 sp=0xc00045a9a8 pc=0x4497f9
runtime.asyncPreempt()
	runtime/preempt_amd64.s:46 +0xdb fp=0xc00045ab50 sp=0xc00045a9c8 pc=0x488e1b
net.(*netFD).addrFunc(...)
	net/sockaddr_posix.go:39
net.(*netFD).dial(0xc000462000, {0xcd0a20, 0xc00044c5b0}, {0xcd3268?, 0x0?}, {0xcd3268, 0xc0004204b0}, 0x0?)
	net/sock_posix.go:143 +0x746 fp=0xc00045ac28 sp=0xc00045ab50 pc=0x6c5006
net.socket({0xcd0a20, 0xc00044c5b0}, {0xba2f94, 0x3}, 0x2, 0x2, 0x1339ea0?, 0x0, {0xcd3268, 0x0}, ...)
	net/sock_posix.go:70 +0x29b fp=0xc00045acd0 sp=0xc00045ac28 pc=0x6c47bb
net.internetSocket({0xcd0a20, 0xc00044c5b0}, {0xba2f94, 0x3}, {0xcd3268, 0x0}, {0xcd3268, 0xc0004204b0}, 0x2, 0x0, ...)
	net/ipsock_posix.go:167 +0xf8 fp=0xc00045ad48 sp=0xc00045acd0 pc=0x6bce98
net.(*sysDialer).dialUDP(0x47c739?, {0xcd0a20?, 0xc00044c5b0?}, 0xabc700?, 0xc00045ae70?)
	net/udpsock_posix.go:212 +0xa7 fp=0xc00045add8 sp=0xc00045ad48 pc=0x6cbba7
net.(*sysDialer).dialSingle(0xc000460000, {0xcd0a20, 0xc00044c5b0}, {0xcce870, 0xc0004204b0})
	net/dial.go:725 +0x28b fp=0xc00045aea8 sp=0xc00045add8 pc=0x6aca6b
net.(*sysDialer).dialSerial(0xc000460000, {0xcd0a20, 0xc00044c5b0}, {0xc00043a100?, 0x1, 0x1c?})
	net/dial.go:686 +0x24e fp=0xc00045afb0 sp=0xc00045aea8 pc=0x6ac38e
net.(*sysDialer).dialParallel(0x0?, {0xcd0a20?, 0xc00044c5b0?}, {0xc00043a100?, 0xc00044c5b0?, 0xba35b1?}, {0x0?, 0xba2f94?, 0x5?})
	net/dial.go:587 +0x3a7 fp=0xc00045b1c8 sp=0xc00045afb0 pc=0x6aba67
net.(*Dialer).DialContext(0xc00045b380, {0xcd0a20, 0xc00044c5b0}, {0xba2f94, 0x3}, {0xc0002a2100, 0xe})
	net/dial.go:578 +0x6ac fp=0xc00045b338 sp=0xc00045b1c8 pc=0x6ab2ac
net.(*Resolver).dial(0xc00043a0f0?, {0xcd0a20?, 0xc00044c5b0?}, {0xba2f94?, 0x13173a0?}, {0xc0002a2100?, 0x0?})
	net/lookup.go:693 +0xa5 fp=0xc00045b420 sp=0xc00045b338 pc=0x6bed25
net.(*Resolver).exchange(_, {_, _}, {_, _}, {{{0x70, 0x72, 0x6f, 0x78, 0x79, ...}, ...}, ...}, ...)
	net/dnsclient_unix.go:185 +0x34a fp=0xc00045b7f8 sp=0xc00045b420 pc=0x6ae32a
net.(*Resolver).tryOneName(0x1316040, {0xcd09b0, 0xc0002ac190}, 0xc00029c3c0?, {0xc0002aa420, 0x11}, 0x1)
	net/dnsclient_unix.go:316 +0x4c6 fp=0xc00045be18 sp=0xc00045b7f8 pc=0x6af6c6
net.(*Resolver).goLookupIPCNAMEOrder.func3.1(0x0?)
	net/dnsclient_unix.go:667 +0x85 fp=0xc00045bfc8 sp=0xc00045be18 pc=0x6b22e5
net.(*Resolver).goLookupIPCNAMEOrder.func3.gowrap1()
	net/dnsclient_unix.go:670 +0x24 fp=0xc00045bfe0 sp=0xc00045bfc8 pc=0x6b2224
runtime.goexit({})
	runtime/asm_amd64.s:1700 +0x1 fp=0xc00045bfe8 sp=0xc00045bfe0 pc=0x487861
created by net.(*Resolver).goLookupIPCNAMEOrder.func3 in goroutine 51
	net/dnsclient_unix.go:666 +0x13f

goroutine 53 gp=0xc0002828c0 m=nil [runnable]:
net.dnsPacketRoundTrip({_, _}, _, {{{0x70, 0x72, 0x6f, 0x78, 0x79, 0x2e, 0x67, ...}, ...}, ...}, ...)
	net/dnsclient_unix.go:109 +0x3fd fp=0xc000457420 sp=0xc000457418 pc=0x6ad87d
net.(*Resolver).exchange(_, {_, _}, {_, _}, {{{0x70, 0x72, 0x6f, 0x78, 0x79, ...}, ...}, ...}, ...)
	net/dnsclient_unix.go:195 +0x4e5 fp=0xc0004577f8 sp=0xc000457420 pc=0x6ae4c5
net.(*Resolver).tryOneName(0x1316040, {0xcd09b0, 0xc0002ac190}, 0xc00029c3c0?, {0xc0002aa420, 0x11}, 0x1c)
	net/dnsclient_unix.go:316 +0x4c6 fp=0xc000457e18 sp=0xc0004577f8 pc=0x6af6c6
net.(*Resolver).goLookupIPCNAMEOrder.func3.1(0x0?)
	net/dnsclient_unix.go:667 +0x85 fp=0xc000457fc8 sp=0xc000457e18 pc=0x6b22e5
net.(*Resolver).goLookupIPCNAMEOrder.func3.gowrap1()
	net/dnsclient_unix.go:670 +0x24 fp=0xc000457fe0 sp=0xc000457fc8 pc=0x6b2224
runtime.goexit({})
	runtime/asm_amd64.s:1700 +0x1 fp=0xc000457fe8 sp=0xc000457fe0 pc=0x487861
created by net.(*Resolver).goLookupIPCNAMEOrder.func3 in goroutine 51
	net/dnsclient_unix.go:666 +0x13f

rax    0x2
rbx    0x0
rcx    0x0
rdx    0x129e87813
rdi    0x133a0e8
rsi    0xffffffffa5469690
rbp    0xffff53dfdc48
rsp    0xffff53dfd5d0
r8     0x77
r9     0x72
r10    0xa
r11    0x0
r12    0xffff53dfd650
r13    0x1
r14    0xc000005180
r15    0x3
rip    0x44424e
rflags 0x206
cs     0x33
fs     0x0
gs     0x0
[linux/arm64] [1/3] STEP 1/8: FROM registry.redhat.io/ubi8/nodejs-18:latest AS web-builder
Trying to pull registry.redhat.io/ubi8/nodejs-18:latest...
Getting image source signatures
Checking if image destination supports signatures
Copying blob sha256:c4fff77bc060c02d4f09680032367cb302e83402fc25b7c7ac001cb00238876f
Copying blob sha256:8fd64178c906794da03bc9b7d2d5e3b70073b47f8aa659230381d7fd897dc11b
Copying blob sha256:6ad04be99c8f2547888de53fad691136f65cf5a11c7a2567ef29477c3413f587
Copying config sha256:62a277f6499a7c210a1022190779f4387fc1294a28ea7696fc264248bf328a9b
Writing manifest to image destination
Storing signatures
[linux/arm64] [1/3] STEP 2/8: WORKDIR /opt/app-root
--> Using cache 87c07f8e7903c0333e290487c7fa5cdc27c444159ab4f0569e2985922b349f2d
--> 87c07f8e7903
[linux/arm64] [1/3] STEP 3/8: USER 0
--> Using cache 508717e77868bc0fddf7ad6c537cadaf6405a85bddb5fd01e8bdbb8652870ac7
--> 508717e77868
[linux/arm64] [1/3] STEP 4/8: COPY web/package*.json web/
--> Using cache 951b70a190bd2a156ec3acac59c01ee0e789b6495f6c048efd1b4caac98a5f37
--> 951b70a190bd
[linux/arm64] [1/3] STEP 5/8: COPY Makefile Makefile
--> Using cache 96d09c82c54bf513b7b8184e85b30726dafd77052001b5fad540d8cde6b01513
--> 96d09c82c54b
[linux/arm64] [1/3] STEP 6/8: RUN make install-frontend-ci-clean
--> Using cache dc080db5c3d52a7378f0738dec97f1186b0b44af8d6b10ebf40dd8c3ce06206c
--> dc080db5c3d5
[linux/arm64] [1/3] STEP 7/8: COPY web/ web/
--> Using cache 7d1cabab83ee6ca940f06905c0c414872df927789b575d2ad30363cb6a4be8ef
--> 7d1cabab83ee
[linux/arm64] [1/3] STEP 8/8: RUN make build-frontend
--> Using cache 0d25f3879f037411eadfae630716ca4c0c0cd535f6fd74c5ebf8c1835ed0906d
--> 0d25f3879f03
[linux/arm64] [2/3] STEP 1/11: FROM registry.ci.openshift.org/ocp/builder:rhel-8-golang-1.24-openshift-4.20 AS go-builder
Trying to pull registry.ci.openshift.org/ocp/builder:rhel-8-golang-1.24-openshift-4.20...
Getting image source signatures
Copying blob sha256:1601f0002240e476166ae25539061c09fadc016385d68cfd04c419472708f270
Copying blob sha256:abb828c6dd68e53a22f7a11904b72f9d5a7802fb5e7c380b3a22b18a02e9a463
Copying blob sha256:211523f3608ae0538e139764b42d3db023cbe3af165af43f3b35bd1008edbe2a
Copying config sha256:891a16a4d5dbbfb7e4204e6b986be2dacd9665316bcdabcec319512369b631f8
Writing manifest to image destination
[linux/arm64] [2/3] STEP 2/11: WORKDIR /opt/app-root
--> Using cache 90931a5e8cbd10e70724f79b68551ce684e76e9b00a70e1b702f01c5b2505e5c
--> 90931a5e8cbd
[linux/arm64] [2/3] STEP 3/11: COPY Makefile Makefile
--> Using cache 2c53cc3a3033b376438cc2e9eeee7da0ea29c63a131fddef9f392bca7a1f02d2
--> 2c53cc3a3033
[linux/arm64] [2/3] STEP 4/11: COPY go.mod go.mod
--> Using cache 47078adb2b1bf93642b24f2e1683083b9bd65b6e4b39d352b28410cb87f5b134
--> 47078adb2b1b
[linux/arm64] [2/3] STEP 5/11: COPY go.sum go.sum
--> Using cache 62791d00e08a8269267d00013c086e4e5930a7496e6d362ee35e44663d8f4d02
--> 62791d00e08a
[linux/arm64] [2/3] STEP 6/11: RUN go mod download
--> Using cache 0732e5970ede7e0d2f72fc605eef70bd75e9586659ef2f11fdc7f8216e2319f9
--> 0732e5970ede
[linux/arm64] [2/3] STEP 7/11: COPY cmd/ cmd/
--> Using cache 103f0f39e49524146d519accf7243c111bf0d7e1955b515f0f4b179061046c90
--> 103f0f39e495
[linux/arm64] [2/3] STEP 8/11: COPY pkg/ pkg/
--> Using cache b4632fdefedecef63835f91e5b125abfe9363e69ae0b14c4e377e9d02efab995
--> b4632fdefede
[linux/arm64] [2/3] STEP 9/11: ENV GOEXPERIMENT=strictfipsruntime
--> Using cache f6009013e51722ee1a0860708e7481af5cc0f9f7e9ff785d9d286bca8d7b961e
--> f6009013e517
[linux/arm64] [2/3] STEP 10/11: ENV CGO_ENABLED=1
--> Using cache 1766c43f712dc93f2ecd0eda43dbc510069e65cf2dcc9d649b47c3e13d70312b
--> 1766c43f712d
[linux/arm64] [2/3] STEP 11/11: RUN make build-backend BUILD_OPTS="-tags strictfipsruntime"
--> Using cache 9a8a410255ed6ffb17ce110b8566e8892b06f1da154dd167bc3214476b7aaac0
--> 9a8a410255ed
[linux/arm64] [3/3] STEP 1/4: FROM registry.access.redhat.com/ubi8/ubi
[linux/arm64] [3/3] STEP 2/4: COPY --from=web-builder /opt/app-root/web/dist /opt/app-root/web/dist
--> Using cache 656c7330b13fd5bcd2efc343bf74b862efd33bad77d5f96beac8cb22554855c3
--> 656c7330b13f
[linux/arm64] [3/3] STEP 3/4: COPY --from=go-builder /opt/app-root/plugin-backend /opt/app-root
--> Using cache 35648daf890c00fc94bfe0d22b54d83caf7d513253229a16b6c99441aa862f22
--> 35648daf890c
[linux/arm64] [3/3] STEP 4/4: ENTRYPOINT ["/opt/app-root/plugin-backend", "-static-path", "/opt/app-root/web/dist"]
--> Using cache 678243c2f7b436df05b5e5fb33d397d5847263b0fd03d2972c4b9a9d9bc0bceb
--> 678243c2f7b4
678243c2f7b436df05b5e5fb33d397d5847263b0fd03d2972c4b9a9d9bc0bceb
Error: [linux/amd64]: building at STEP "RUN go mod download": while running runtime: exit status 2

make: *** [podman-cross-build] Error 2
WARNING: Attempt 3 failed for console-dashboards-plugin @ release-coo-ocp-4.12 (exit code 2)
WARNING: Build failed for console-dashboards-plugin @ release-coo-ocp-4.12 after 3 attempts, continuing...
==========================================
Building distributed-tracing-console-plugin @ release-coo-ocp-4.12 with VERSION=v0.3.3 ORG=rh-ee-emurasak
==========================================
Already on 'release-coo-ocp-4.12'
M	Makefile
Your branch is up to date with 'origin/release-coo-ocp-4.12'.
From https://github.com/openshift/distributed-tracing-console-plugin
 * branch            release-coo-ocp-4.12 -> FETCH_HEAD
Already up to date.
--- Attempt 1/3 ---
podman manifest rm quay.io/rh-ee-emurasak/distributed-tracing-console-plugin:v0.3.3 || true
Untagged: quay.io/rh-ee-emurasak/distributed-tracing-console-plugin:v0.3.3
Deleted: 93b7cd00bf4e72fc4c0f87616d31d9f90c9a53cea4793c234f93674de3d1707d
podman manifest create quay.io/rh-ee-emurasak/distributed-tracing-console-plugin:v0.3.3
ff9666541a44a0e7a823cbe79bb33e0cc297ecc54a7063cb6d48cba7e9726f99
podman build --platform=linux/arm64,linux/amd64 --manifest quay.io/rh-ee-emurasak/distributed-tracing-console-plugin:v0.3.3 -f Dockerfile
[linux/amd64] [1/3] STEP 1/8: FROM registry.redhat.io/ubi8/nodejs-22:latest AS web-builder
Trying to pull registry.redhat.io/ubi8/nodejs-22:latest...
Getting image source signatures
Checking if image destination supports signatures
Copying blob sha256:e114f3bf44fdb152acae3e98961a32b080cc92a8b1274947ef95777f65996518
Copying blob sha256:b659079ce01565873eb67c4d47f0a94a60731d09351f7acfef987e5a525230aa
Copying blob sha256:21534294e787fc96343978989fe438bd9c6b835220e7ab6102d5b3909e617005
Copying config sha256:5ea91e077e50a926f72f6d553f79216fae172994f0f75d8e6d25a0ac5be9a951
Writing manifest to image destination
Storing signatures
[linux/amd64] [1/3] STEP 2/8: WORKDIR /opt/app-root
--> Using cache 5c0cf74e634d477f3a8b90775a7069661d476aa0335bb1ddc1bf3a5999a8bf0d
--> 5c0cf74e634d
[linux/amd64] [1/3] STEP 3/8: USER 0
--> Using cache 5f5757c23263b9d624c994718c11f6f1836bfc49d30c579d24bb9d52b5874077
--> 5f5757c23263
[linux/amd64] [1/3] STEP 4/8: COPY web/package*.json web/
--> Using cache 7e39214be85683c7dd55948f1f03a7af26ec818ab9063654079edfae62613310
--> 7e39214be856
[linux/amd64] [1/3] STEP 5/8: COPY Makefile Makefile
--> Using cache 75d113fef4af9b70b7883d7ce24840d9562ce40aae921e3f96ad008b1ed1f4b3
--> 75d113fef4af
[linux/amd64] [1/3] STEP 6/8: RUN make install-frontend-ci-clean
--> Using cache 011b8fb153273cf2ea36e35be80827fd2f45ebdbaecf0b4c75bd61b667cce54e
--> 011b8fb15327
[linux/amd64] [1/3] STEP 7/8: COPY web/ web/
--> Using cache 284c193385269aeb1a71e76836f9a98d14347dfd0f952a59e9fd07bf68305e9a
--> 284c19338526
[linux/amd64] [1/3] STEP 8/8: RUN make build-frontend
--> Using cache 74126fc8921d41c3383f40563067f0e4d534341d9372ca2f92ad9f06f4596596
--> 74126fc8921d
[linux/amd64] [2/3] STEP 1/11: FROM brew.registry.redhat.io/rh-osbs/openshift-golang-builder:rhel_9_1.25 AS go-builder
Trying to pull brew.registry.redhat.io/rh-osbs/openshift-golang-builder:rhel_9_1.25...
Getting image source signatures
Copying blob sha256:07b4b7296fb976a7b266e7a81c8e2cef5b0047bd20db6025d084fb8b608e05ed
Copying blob sha256:cb8cee91bb10a151d5f47bfaeade03a136feecdd326326b1bb7ffb26c45f6de8
Copying config sha256:e218eae4db33b56e53cba7f172626764546c2a49403ee52a4a6779724a202367
Writing manifest to image destination
[linux/amd64] [2/3] STEP 2/11: WORKDIR /opt/app-root
--> Using cache f6b923a6bb0b7b65a061b318df8c9f9f7dd37fef76eb231cd64d457317042265
--> f6b923a6bb0b
[linux/amd64] [2/3] STEP 3/11: COPY Makefile Makefile
--> Using cache 7bf8d1337fbf7c377952bb02c57fe38fffaebcbe0cdb3fdf6ef3ffd0ecd1d1cd
--> 7bf8d1337fbf
[linux/amd64] [2/3] STEP 4/11: COPY go.mod go.mod
--> Using cache 95ec4bd5d7b90d39337cfa22287edf508e00127ad1c7c07d2df51d6eff645e23
--> 95ec4bd5d7b9
[linux/amd64] [2/3] STEP 5/11: COPY go.sum go.sum
--> Using cache 7e1020f2084b09ac718fa542f91bbf0c344e0c9c2a3366e89c2e1078bc16c5aa
--> 7e1020f2084b
[linux/amd64] [2/3] STEP 6/11: RUN go mod download
--> Using cache 679df3f264d380ea88e28f29ea2b4c6503aba18e1325a1097abc78eb2f45b136
--> 679df3f264d3
[linux/amd64] [2/3] STEP 7/11: COPY cmd/ cmd/
--> Using cache bcc0f144a716220c3d44c34d9a1a00d86ad24494ee065e34c742a8760eafcb8c
--> bcc0f144a716
[linux/amd64] [2/3] STEP 8/11: COPY pkg/ pkg/
--> Using cache 5739fc66630d1105d7b36d2a73390f4b739eb5ea735be00c924d429e03e8bc47
--> 5739fc66630d
[linux/amd64] [2/3] STEP 9/11: ENV GOEXPERIMENT=strictfipsruntime
--> Using cache 3ecbd2ea2f4e89b6ae327e4916a91886b40d735c11c44bff74eabfdf55207ff0
--> 3ecbd2ea2f4e
[linux/amd64] [2/3] STEP 10/11: ENV CGO_ENABLED=1
--> Using cache 29ab9148715cafa366a4e7d17abadc87786e98fb131faf45a5cfb1cec76ccbd3
--> 29ab9148715c
[linux/amd64] [2/3] STEP 11/11: RUN make build-backend BUILD_OPTS="-tags strictfipsruntime"
--> Using cache 9fc812f609fa77598dd916c301f6be8d4b5a39c850d8bc2b49592d17c04db5ce
--> 9fc812f609fa
[linux/arm64] [1/3] STEP 1/8: FROM registry.redhat.io/ubi8/nodejs-22:latest AS web-builder
Trying to pull registry.redhat.io/ubi8/nodejs-22:latest...
Getting image source signatures
Checking if image destination supports signatures
Copying blob sha256:158c7ccacdc1bf2d10cdb1aabf204e4d3065fb88dff752bf3fff00404bde36fc
Copying blob sha256:be14e4bd5c48c79aa0c1bc73f7ad1515b7d2452caa02d5e74ad2e4fb3b70fa27
Copying blob sha256:e1de3abe41200e76a94241f1669175174b71b6f683a92b1d52ffc1ba0a8b8d0a
Copying config sha256:fdfa0b70e89329feaa226e2c9056c31972b91f9955eed1e23fa5a33d89224f54
Writing manifest to image destination
Storing signatures
[linux/arm64] [1/3] STEP 2/8: WORKDIR /opt/app-root
--> Using cache 92ca7a2a0204f8f78f02ca99ad816106c4bbd579d72feff1f00ee32fff486aaf
--> 92ca7a2a0204
[linux/arm64] [1/3] STEP 3/8: USER 0
--> Using cache a72c76b7052db84dff47a46f5df06a4c163b924d1b39f7d1be7650b4fc0c91e9
--> a72c76b7052d
[linux/arm64] [1/3] STEP 4/8: COPY web/package*.json web/
--> Using cache bb50ef713c6169d40fedd46534a8a0e10295be1d5fa1c9b26b53b104de4f298f
--> bb50ef713c61
[linux/arm64] [1/3] STEP 5/8: COPY Makefile Makefile
--> Using cache 403d395b2df44952758e081faea03fbd41686a73ea13f4f902b5c71b9844b6af
--> 403d395b2df4
[linux/arm64] [1/3] STEP 6/8: RUN make install-frontend-ci-clean
--> Using cache a3118a4aa1ff1d38383725df63b04b2d5bf7887b28e0ac9370f4c98e47ed751b
--> a3118a4aa1ff
[linux/arm64] [1/3] STEP 7/8: COPY web/ web/
--> Using cache 30fae688ea53c184a4e0e47d78815336de881cc3542f71669fa30421497828dd
--> 30fae688ea53
[linux/arm64] [1/3] STEP 8/8: RUN make build-frontend
--> Using cache 51dcaf0ef376b9059e4972595ff627081d9f026d43063645ebd1197645f532cd
--> 51dcaf0ef376
[linux/amd64] [3/3] STEP 1/4: FROM registry.access.redhat.com/ubi9/ubi-minimal
Trying to pull registry.access.redhat.com/ubi9/ubi-minimal:latest...
Getting image source signatures
Checking if image destination supports signatures
Copying blob sha256:dd148063a98f38d63a03cea2357d237d418889b91f204f507c033c944e443f45
Copying config sha256:6efa28c44703806c7c6ccb45ef6f4edc45ae794e0c0b28a1902cc64fece71ffc
Writing manifest to image destination
Storing signatures
[linux/amd64] [3/3] STEP 2/4: COPY --from=web-builder /opt/app-root/web/dist /opt/app-root/web/dist
--> Using cache 591e6f09d059dce59bcad61b2c8234459b9ba9f8712f38695e2bda9291482ed3
--> 591e6f09d059
[linux/amd64] [3/3] STEP 3/4: COPY --from=go-builder /opt/app-root/plugin-backend /opt/app-root
--> Using cache c0f698cf4a3988133fa41c279951569acdd077692e9bd44f8ada88465a3e0f4d
--> c0f698cf4a39
[linux/amd64] [3/3] STEP 4/4: ENTRYPOINT ["/opt/app-root/plugin-backend", "-static-path", "/opt/app-root/web/dist", "-config-path", "/opt/app-root/web/dist"]
--> Using cache 8285a635366c772bf0ed84df0f54a36caa52d416152eea71eada274545922517
--> 8285a635366c
[linux/arm64] [2/3] STEP 1/11: FROM brew.registry.redhat.io/rh-osbs/openshift-golang-builder:rhel_9_1.25 AS go-builder
Trying to pull brew.registry.redhat.io/rh-osbs/openshift-golang-builder:rhel_9_1.25...
8285a635366c772bf0ed84df0f54a36caa52d416152eea71eada274545922517
Getting image source signatures
Copying blob sha256:b98d37c87f15536538dc20373f6feca81ccf73779a63f168b7855ce2c2360cff
Copying blob sha256:9e9bee4738d78cc5b8c68706e99751b669394b1e52ebb360fabf583fee381119
Copying config sha256:6cc0ec0f03bcbce80b198dae197eb1ca379eb2fa2e7f2e456cf01f6464e2b1ec
Writing manifest to image destination
[linux/arm64] [2/3] STEP 2/11: WORKDIR /opt/app-root
--> Using cache 924774af5a2bef69edd1d79dab207c8a950fc41c3d8f44249f7e8e3f8b1b1c6a
--> 924774af5a2b
[linux/arm64] [2/3] STEP 3/11: COPY Makefile Makefile
--> Using cache 09faf94f8b7c4cf79e1cf493efdef614a8b16dad1af606c207c973f21caa0e60
--> 09faf94f8b7c
[linux/arm64] [2/3] STEP 4/11: COPY go.mod go.mod
--> Using cache 8ce680444ec9fc48fa73737f396d4644b48e43d21fbc227a3cd73239f376a400
--> 8ce680444ec9
[linux/arm64] [2/3] STEP 5/11: COPY go.sum go.sum
--> Using cache 90ea1010a79936a8cf9136574ad2bb090b353acf7ceaa535d7a2c7ee9689c7a3
--> 90ea1010a799
[linux/arm64] [2/3] STEP 6/11: RUN go mod download
--> Using cache 570e113b9f9eac4a4acd7d74528f2df21b8a411912b70528aafa84c227ad461b
--> 570e113b9f9e
[linux/arm64] [2/3] STEP 7/11: COPY cmd/ cmd/
--> Using cache 2f78cf9ab99bd197d0a90819d4053d14c55bf45b43d0e4264aff5e1e54604c15
--> 2f78cf9ab99b
[linux/arm64] [2/3] STEP 8/11: COPY pkg/ pkg/
--> Using cache 89552f1c01fc291e2a0fcc253e1430a70bec3b356c83853d69c493ba6644f5fc
--> 89552f1c01fc
[linux/arm64] [2/3] STEP 9/11: ENV GOEXPERIMENT=strictfipsruntime
--> Using cache fec96c6da645697f700bd2630d440e0768e9084d1ba33f36b3a332cf63da1e70
--> fec96c6da645
[linux/arm64] [2/3] STEP 10/11: ENV CGO_ENABLED=1
--> Using cache 68762f5d6771358efa2f52c6b93bbcaa9e58c90c30fbc222ea1a4d2e3b535a4e
--> 68762f5d6771
[linux/arm64] [2/3] STEP 11/11: RUN make build-backend BUILD_OPTS="-tags strictfipsruntime"
--> Using cache bff565eea72077f526a37450799a7aa7d1fd07cf595a7294e341984ff4c35da5
--> bff565eea720
[linux/arm64] [3/3] STEP 1/4: FROM registry.access.redhat.com/ubi9/ubi-minimal
Trying to pull registry.access.redhat.com/ubi9/ubi-minimal:latest...
Getting image source signatures
Checking if image destination supports signatures
Copying blob sha256:7db43598c7e47cf895f880f92e3cee9c07787091c97802ea3f2bea8fa4848040
Copying config sha256:64826a3b202499f826f4af0dc0afdbd7fd6681218074b7ea7ed3969c6e12009e
Writing manifest to image destination
Storing signatures
[linux/arm64] [3/3] STEP 2/4: COPY --from=web-builder /opt/app-root/web/dist /opt/app-root/web/dist
--> Using cache 8a4c5e7fe7047ec211cf3eb197cdf896eb42118f884fde2c09ffb9ac20e95339
--> 8a4c5e7fe704
[linux/arm64] [3/3] STEP 3/4: COPY --from=go-builder /opt/app-root/plugin-backend /opt/app-root
--> Using cache aec8d5cbdf6d4e1b731271443285cf58b378e653789794e257ca7611fadba492
--> aec8d5cbdf6d
[linux/arm64] [3/3] STEP 4/4: ENTRYPOINT ["/opt/app-root/plugin-backend", "-static-path", "/opt/app-root/web/dist", "-config-path", "/opt/app-root/web/dist"]
--> Using cache 2ccd1c92ee21e0038bbcf51f63246cce8f01cb515c81752f11b6c9bb350da091
--> 2ccd1c92ee21
2ccd1c92ee21e0038bbcf51f63246cce8f01cb515c81752f11b6c9bb350da091
podman manifest push quay.io/rh-ee-emurasak/distributed-tracing-console-plugin:v0.3.3
Getting image list signatures
Copying 2 images generated from 2 images in list
Copying image sha256:cea2663832c575f964a522db995e1574edcbad2bb63dbc83a6cf0184e4b9b331 (1/2)
Getting image source signatures
Copying blob sha256:1ed401758f2deeaf688de06206e8d8162e8127c8b0369c2dca1e5924a1b1af71
Copying blob sha256:fc619adba729ec24fef75235acd9b59c5e52bdef3e16a3803a6e9e3022ba748b
Copying blob sha256:a911b4f72ae937a2f0e49565aebfca5cae1c5689b7467e6239ef120378a11c18
Error: pushing manifest list quay.io/rh-ee-emurasak/distributed-tracing-console-plugin:v0.3.3: copying image 1/2 from manifest list: writing blob: initiating layer upload to /v2/rh-ee-emurasak/distributed-tracing-console-plugin/blobs/uploads/ in quay.io: unauthorized: access to the requested resource is not authorized
make: *** [podman-cross-build] Error 125
WARNING: Attempt 1 failed for distributed-tracing-console-plugin @ release-coo-ocp-4.12 (exit code 2)
--- Attempt 2/3 ---
podman manifest rm quay.io/rh-ee-emurasak/distributed-tracing-console-plugin:v0.3.3 || true
Untagged: quay.io/rh-ee-emurasak/distributed-tracing-console-plugin:v0.3.3
Deleted: ff9666541a44a0e7a823cbe79bb33e0cc297ecc54a7063cb6d48cba7e9726f99
podman manifest create quay.io/rh-ee-emurasak/distributed-tracing-console-plugin:v0.3.3
f001d8b84ff800ffdc1138036bfa0614e433d1a6e13a54dc1eeed1f4913105c7
podman build --platform=linux/arm64,linux/amd64 --manifest quay.io/rh-ee-emurasak/distributed-tracing-console-plugin:v0.3.3 -f Dockerfile
[linux/arm64] [1/3] STEP 1/8: FROM registry.redhat.io/ubi8/nodejs-22:latest AS web-builder
[linux/arm64] [1/3] STEP 2/8: WORKDIR /opt/app-root
--> Using cache 92ca7a2a0204f8f78f02ca99ad816106c4bbd579d72feff1f00ee32fff486aaf
--> 92ca7a2a0204
[linux/arm64] [1/3] STEP 3/8: USER 0
--> Using cache a72c76b7052db84dff47a46f5df06a4c163b924d1b39f7d1be7650b4fc0c91e9
--> a72c76b7052d
[linux/arm64] [1/3] STEP 4/8: COPY web/package*.json web/
--> Using cache bb50ef713c6169d40fedd46534a8a0e10295be1d5fa1c9b26b53b104de4f298f
--> bb50ef713c61
[linux/arm64] [1/3] STEP 5/8: COPY Makefile Makefile
--> Using cache 403d395b2df44952758e081faea03fbd41686a73ea13f4f902b5c71b9844b6af
--> 403d395b2df4
[linux/arm64] [1/3] STEP 6/8: RUN make install-frontend-ci-clean
--> Using cache a3118a4aa1ff1d38383725df63b04b2d5bf7887b28e0ac9370f4c98e47ed751b
--> a3118a4aa1ff
[linux/arm64] [1/3] STEP 7/8: COPY web/ web/
--> Using cache 30fae688ea53c184a4e0e47d78815336de881cc3542f71669fa30421497828dd
--> 30fae688ea53
[linux/arm64] [1/3] STEP 8/8: RUN make build-frontend
--> Using cache 51dcaf0ef376b9059e4972595ff627081d9f026d43063645ebd1197645f532cd
--> 51dcaf0ef376
[linux/arm64] [2/3] STEP 1/11: FROM brew.registry.redhat.io/rh-osbs/openshift-golang-builder:rhel_9_1.25 AS go-builder
[linux/arm64] [2/3] STEP 2/11: WORKDIR /opt/app-root
--> Using cache 924774af5a2bef69edd1d79dab207c8a950fc41c3d8f44249f7e8e3f8b1b1c6a
--> 924774af5a2b
[linux/arm64] [2/3] STEP 3/11: COPY Makefile Makefile
--> Using cache 09faf94f8b7c4cf79e1cf493efdef614a8b16dad1af606c207c973f21caa0e60
--> 09faf94f8b7c
[linux/arm64] [2/3] STEP 4/11: COPY go.mod go.mod
--> Using cache 8ce680444ec9fc48fa73737f396d4644b48e43d21fbc227a3cd73239f376a400
--> 8ce680444ec9
[linux/arm64] [2/3] STEP 5/11: COPY go.sum go.sum
--> Using cache 90ea1010a79936a8cf9136574ad2bb090b353acf7ceaa535d7a2c7ee9689c7a3
--> 90ea1010a799
[linux/arm64] [2/3] STEP 6/11: RUN go mod download
--> Using cache 570e113b9f9eac4a4acd7d74528f2df21b8a411912b70528aafa84c227ad461b
--> 570e113b9f9e
[linux/arm64] [2/3] STEP 7/11: COPY cmd/ cmd/
--> Using cache 2f78cf9ab99bd197d0a90819d4053d14c55bf45b43d0e4264aff5e1e54604c15
--> 2f78cf9ab99b
[linux/arm64] [2/3] STEP 8/11: COPY pkg/ pkg/
--> Using cache 89552f1c01fc291e2a0fcc253e1430a70bec3b356c83853d69c493ba6644f5fc
--> 89552f1c01fc
[linux/arm64] [2/3] STEP 9/11: ENV GOEXPERIMENT=strictfipsruntime
--> Using cache fec96c6da645697f700bd2630d440e0768e9084d1ba33f36b3a332cf63da1e70
--> fec96c6da645
[linux/arm64] [2/3] STEP 10/11: ENV CGO_ENABLED=1
--> Using cache 68762f5d6771358efa2f52c6b93bbcaa9e58c90c30fbc222ea1a4d2e3b535a4e
--> 68762f5d6771
[linux/arm64] [2/3] STEP 11/11: RUN make build-backend BUILD_OPTS="-tags strictfipsruntime"
--> Using cache bff565eea72077f526a37450799a7aa7d1fd07cf595a7294e341984ff4c35da5
--> bff565eea720
[linux/amd64] [1/3] STEP 1/8: FROM registry.redhat.io/ubi8/nodejs-22:latest AS web-builder
Trying to pull registry.redhat.io/ubi8/nodejs-22:latest...
Getting image source signatures
Checking if image destination supports signatures
Copying blob sha256:e114f3bf44fdb152acae3e98961a32b080cc92a8b1274947ef95777f65996518
Copying blob sha256:b659079ce01565873eb67c4d47f0a94a60731d09351f7acfef987e5a525230aa
Copying blob sha256:21534294e787fc96343978989fe438bd9c6b835220e7ab6102d5b3909e617005
Copying config sha256:5ea91e077e50a926f72f6d553f79216fae172994f0f75d8e6d25a0ac5be9a951
Writing manifest to image destination
Storing signatures
[linux/amd64] [1/3] STEP 2/8: WORKDIR /opt/app-root
--> Using cache 5c0cf74e634d477f3a8b90775a7069661d476aa0335bb1ddc1bf3a5999a8bf0d
--> 5c0cf74e634d
[linux/amd64] [1/3] STEP 3/8: USER 0
--> Using cache 5f5757c23263b9d624c994718c11f6f1836bfc49d30c579d24bb9d52b5874077
--> 5f5757c23263
[linux/amd64] [1/3] STEP 4/8: COPY web/package*.json web/
--> Using cache 7e39214be85683c7dd55948f1f03a7af26ec818ab9063654079edfae62613310
--> 7e39214be856
[linux/amd64] [1/3] STEP 5/8: COPY Makefile Makefile
--> Using cache 75d113fef4af9b70b7883d7ce24840d9562ce40aae921e3f96ad008b1ed1f4b3
--> 75d113fef4af
[linux/amd64] [1/3] STEP 6/8: RUN make install-frontend-ci-clean
--> Using cache 011b8fb153273cf2ea36e35be80827fd2f45ebdbaecf0b4c75bd61b667cce54e
--> 011b8fb15327
[linux/amd64] [1/3] STEP 7/8: COPY web/ web/
--> Using cache 284c193385269aeb1a71e76836f9a98d14347dfd0f952a59e9fd07bf68305e9a
--> 284c19338526
[linux/amd64] [1/3] STEP 8/8: RUN make build-frontend
--> Using cache 74126fc8921d41c3383f40563067f0e4d534341d9372ca2f92ad9f06f4596596
--> 74126fc8921d
[linux/arm64] [3/3] STEP 1/4: FROM registry.access.redhat.com/ubi9/ubi-minimal
[linux/arm64] [3/3] STEP 2/4: COPY --from=web-builder /opt/app-root/web/dist /opt/app-root/web/dist
--> Using cache 8a4c5e7fe7047ec211cf3eb197cdf896eb42118f884fde2c09ffb9ac20e95339
--> 8a4c5e7fe704
[linux/arm64] [3/3] STEP 3/4: COPY --from=go-builder /opt/app-root/plugin-backend /opt/app-root
--> Using cache aec8d5cbdf6d4e1b731271443285cf58b378e653789794e257ca7611fadba492
--> aec8d5cbdf6d
[linux/arm64] [3/3] STEP 4/4: ENTRYPOINT ["/opt/app-root/plugin-backend", "-static-path", "/opt/app-root/web/dist", "-config-path", "/opt/app-root/web/dist"]
--> Using cache 2ccd1c92ee21e0038bbcf51f63246cce8f01cb515c81752f11b6c9bb350da091
--> 2ccd1c92ee21
[linux/amd64] [2/3] STEP 1/11: FROM brew.registry.redhat.io/rh-osbs/openshift-golang-builder:rhel_9_1.25 AS go-builder
Trying to pull brew.registry.redhat.io/rh-osbs/openshift-golang-builder:rhel_9_1.25...
2ccd1c92ee21e0038bbcf51f63246cce8f01cb515c81752f11b6c9bb350da091
Getting image source signatures
Copying blob sha256:07b4b7296fb976a7b266e7a81c8e2cef5b0047bd20db6025d084fb8b608e05ed
Copying blob sha256:cb8cee91bb10a151d5f47bfaeade03a136feecdd326326b1bb7ffb26c45f6de8
Copying config sha256:e218eae4db33b56e53cba7f172626764546c2a49403ee52a4a6779724a202367
Writing manifest to image destination
[linux/amd64] [2/3] STEP 2/11: WORKDIR /opt/app-root
--> Using cache f6b923a6bb0b7b65a061b318df8c9f9f7dd37fef76eb231cd64d457317042265
--> f6b923a6bb0b
[linux/amd64] [2/3] STEP 3/11: COPY Makefile Makefile
--> Using cache 7bf8d1337fbf7c377952bb02c57fe38fffaebcbe0cdb3fdf6ef3ffd0ecd1d1cd
--> 7bf8d1337fbf
[linux/amd64] [2/3] STEP 4/11: COPY go.mod go.mod
--> Using cache 95ec4bd5d7b90d39337cfa22287edf508e00127ad1c7c07d2df51d6eff645e23
--> 95ec4bd5d7b9
[linux/amd64] [2/3] STEP 5/11: COPY go.sum go.sum
--> Using cache 7e1020f2084b09ac718fa542f91bbf0c344e0c9c2a3366e89c2e1078bc16c5aa
--> 7e1020f2084b
[linux/amd64] [2/3] STEP 6/11: RUN go mod download
--> Using cache 679df3f264d380ea88e28f29ea2b4c6503aba18e1325a1097abc78eb2f45b136
--> 679df3f264d3
[linux/amd64] [2/3] STEP 7/11: COPY cmd/ cmd/
--> Using cache bcc0f144a716220c3d44c34d9a1a00d86ad24494ee065e34c742a8760eafcb8c
--> bcc0f144a716
[linux/amd64] [2/3] STEP 8/11: COPY pkg/ pkg/
--> Using cache 5739fc66630d1105d7b36d2a73390f4b739eb5ea735be00c924d429e03e8bc47
--> 5739fc66630d
[linux/amd64] [2/3] STEP 9/11: ENV GOEXPERIMENT=strictfipsruntime
--> Using cache 3ecbd2ea2f4e89b6ae327e4916a91886b40d735c11c44bff74eabfdf55207ff0
--> 3ecbd2ea2f4e
[linux/amd64] [2/3] STEP 10/11: ENV CGO_ENABLED=1
--> Using cache 29ab9148715cafa366a4e7d17abadc87786e98fb131faf45a5cfb1cec76ccbd3
--> 29ab9148715c
[linux/amd64] [2/3] STEP 11/11: RUN make build-backend BUILD_OPTS="-tags strictfipsruntime"
--> Using cache 9fc812f609fa77598dd916c301f6be8d4b5a39c850d8bc2b49592d17c04db5ce
--> 9fc812f609fa
[linux/amd64] [3/3] STEP 1/4: FROM registry.access.redhat.com/ubi9/ubi-minimal
Trying to pull registry.access.redhat.com/ubi9/ubi-minimal:latest...
Getting image source signatures
Checking if image destination supports signatures
Copying blob sha256:dd148063a98f38d63a03cea2357d237d418889b91f204f507c033c944e443f45
Copying config sha256:6efa28c44703806c7c6ccb45ef6f4edc45ae794e0c0b28a1902cc64fece71ffc
Writing manifest to image destination
Storing signatures
[linux/amd64] [3/3] STEP 2/4: COPY --from=web-builder /opt/app-root/web/dist /opt/app-root/web/dist
--> Using cache 591e6f09d059dce59bcad61b2c8234459b9ba9f8712f38695e2bda9291482ed3
--> 591e6f09d059
[linux/amd64] [3/3] STEP 3/4: COPY --from=go-builder /opt/app-root/plugin-backend /opt/app-root
--> Using cache c0f698cf4a3988133fa41c279951569acdd077692e9bd44f8ada88465a3e0f4d
--> c0f698cf4a39
[linux/amd64] [3/3] STEP 4/4: ENTRYPOINT ["/opt/app-root/plugin-backend", "-static-path", "/opt/app-root/web/dist", "-config-path", "/opt/app-root/web/dist"]
--> Using cache 8285a635366c772bf0ed84df0f54a36caa52d416152eea71eada274545922517
--> 8285a635366c
8285a635366c772bf0ed84df0f54a36caa52d416152eea71eada274545922517
podman manifest push quay.io/rh-ee-emurasak/distributed-tracing-console-plugin:v0.3.3
Getting image list signatures
Copying 2 images generated from 2 images in list
Copying image sha256:88d45c203b5579e967546283a65ca0767446f74bd52fd59825027fe5608204b2 (1/2)
Getting image source signatures
Copying blob sha256:a9d03724ff5250263417935e3766186845bd55e204b63987ac28201c99501023
Copying blob sha256:87ffd1222d3aba6da5d67bbd7ef9cecba3a3830806163e678ae01cc57cd03d5e
Copying blob sha256:3d2cb824daf8263311bb3fa001648668a0c6ac92bbc9b7548a319aa63909f286
Error: pushing manifest list quay.io/rh-ee-emurasak/distributed-tracing-console-plugin:v0.3.3: copying image 1/2 from manifest list: writing blob: initiating layer upload to /v2/rh-ee-emurasak/distributed-tracing-console-plugin/blobs/uploads/ in quay.io: unauthorized: access to the requested resource is not authorized
make: *** [podman-cross-build] Error 125
WARNING: Attempt 2 failed for distributed-tracing-console-plugin @ release-coo-ocp-4.12 (exit code 2)
--- Attempt 3/3 ---
podman manifest rm quay.io/rh-ee-emurasak/distributed-tracing-console-plugin:v0.3.3 || true
Untagged: quay.io/rh-ee-emurasak/distributed-tracing-console-plugin:v0.3.3
Deleted: f001d8b84ff800ffdc1138036bfa0614e433d1a6e13a54dc1eeed1f4913105c7
podman manifest create quay.io/rh-ee-emurasak/distributed-tracing-console-plugin:v0.3.3
3386dd83223e51aa76c2129c3783ed70d3a81ee5d5dfb3a7f1aa6665b1392a46
podman build --platform=linux/arm64,linux/amd64 --manifest quay.io/rh-ee-emurasak/distributed-tracing-console-plugin:v0.3.3 -f Dockerfile
[linux/amd64] [1/3] STEP 1/8: FROM registry.redhat.io/ubi8/nodejs-22:latest AS web-builder
[linux/amd64] [1/3] STEP 2/8: WORKDIR /opt/app-root
--> Using cache 5c0cf74e634d477f3a8b90775a7069661d476aa0335bb1ddc1bf3a5999a8bf0d
--> 5c0cf74e634d
[linux/amd64] [1/3] STEP 3/8: USER 0
--> Using cache 5f5757c23263b9d624c994718c11f6f1836bfc49d30c579d24bb9d52b5874077
--> 5f5757c23263
[linux/amd64] [1/3] STEP 4/8: COPY web/package*.json web/
--> Using cache 7e39214be85683c7dd55948f1f03a7af26ec818ab9063654079edfae62613310
--> 7e39214be856
[linux/amd64] [1/3] STEP 5/8: COPY Makefile Makefile
--> Using cache 75d113fef4af9b70b7883d7ce24840d9562ce40aae921e3f96ad008b1ed1f4b3
--> 75d113fef4af
[linux/amd64] [1/3] STEP 6/8: RUN make install-frontend-ci-clean
--> Using cache 011b8fb153273cf2ea36e35be80827fd2f45ebdbaecf0b4c75bd61b667cce54e
--> 011b8fb15327
[linux/amd64] [1/3] STEP 7/8: COPY web/ web/
--> Using cache 284c193385269aeb1a71e76836f9a98d14347dfd0f952a59e9fd07bf68305e9a
--> 284c19338526
[linux/amd64] [1/3] STEP 8/8: RUN make build-frontend
--> Using cache 74126fc8921d41c3383f40563067f0e4d534341d9372ca2f92ad9f06f4596596
--> 74126fc8921d
[linux/arm64] [1/3] STEP 1/8: FROM registry.redhat.io/ubi8/nodejs-22:latest AS web-builder
Trying to pull registry.redhat.io/ubi8/nodejs-22:latest...
Getting image source signatures
Checking if image destination supports signatures
Copying blob sha256:158c7ccacdc1bf2d10cdb1aabf204e4d3065fb88dff752bf3fff00404bde36fc
Copying blob sha256:be14e4bd5c48c79aa0c1bc73f7ad1515b7d2452caa02d5e74ad2e4fb3b70fa27
Copying blob sha256:e1de3abe41200e76a94241f1669175174b71b6f683a92b1d52ffc1ba0a8b8d0a
Copying config sha256:fdfa0b70e89329feaa226e2c9056c31972b91f9955eed1e23fa5a33d89224f54
Writing manifest to image destination
Storing signatures
[linux/arm64] [1/3] STEP 2/8: WORKDIR /opt/app-root
--> Using cache 92ca7a2a0204f8f78f02ca99ad816106c4bbd579d72feff1f00ee32fff486aaf
--> 92ca7a2a0204
[linux/arm64] [1/3] STEP 3/8: USER 0
--> Using cache a72c76b7052db84dff47a46f5df06a4c163b924d1b39f7d1be7650b4fc0c91e9
--> a72c76b7052d
[linux/arm64] [1/3] STEP 4/8: COPY web/package*.json web/
--> Using cache bb50ef713c6169d40fedd46534a8a0e10295be1d5fa1c9b26b53b104de4f298f
--> bb50ef713c61
[linux/arm64] [1/3] STEP 5/8: COPY Makefile Makefile
--> Using cache 403d395b2df44952758e081faea03fbd41686a73ea13f4f902b5c71b9844b6af
--> 403d395b2df4
[linux/arm64] [1/3] STEP 6/8: RUN make install-frontend-ci-clean
--> Using cache a3118a4aa1ff1d38383725df63b04b2d5bf7887b28e0ac9370f4c98e47ed751b
--> a3118a4aa1ff
[linux/arm64] [1/3] STEP 7/8: COPY web/ web/
--> Using cache 30fae688ea53c184a4e0e47d78815336de881cc3542f71669fa30421497828dd
--> 30fae688ea53
[linux/arm64] [1/3] STEP 8/8: RUN make build-frontend
--> Using cache 51dcaf0ef376b9059e4972595ff627081d9f026d43063645ebd1197645f532cd
--> 51dcaf0ef376
[linux/amd64] [2/3] STEP 1/11: FROM brew.registry.redhat.io/rh-osbs/openshift-golang-builder:rhel_9_1.25 AS go-builder
[linux/amd64] [2/3] STEP 2/11: WORKDIR /opt/app-root
--> Using cache f6b923a6bb0b7b65a061b318df8c9f9f7dd37fef76eb231cd64d457317042265
--> f6b923a6bb0b
[linux/amd64] [2/3] STEP 3/11: COPY Makefile Makefile
--> Using cache 7bf8d1337fbf7c377952bb02c57fe38fffaebcbe0cdb3fdf6ef3ffd0ecd1d1cd
--> 7bf8d1337fbf
[linux/amd64] [2/3] STEP 4/11: COPY go.mod go.mod
--> Using cache 95ec4bd5d7b90d39337cfa22287edf508e00127ad1c7c07d2df51d6eff645e23
--> 95ec4bd5d7b9
[linux/amd64] [2/3] STEP 5/11: COPY go.sum go.sum
--> Using cache 7e1020f2084b09ac718fa542f91bbf0c344e0c9c2a3366e89c2e1078bc16c5aa
--> 7e1020f2084b
[linux/amd64] [2/3] STEP 6/11: RUN go mod download
--> Using cache 679df3f264d380ea88e28f29ea2b4c6503aba18e1325a1097abc78eb2f45b136
--> 679df3f264d3
[linux/amd64] [2/3] STEP 7/11: COPY cmd/ cmd/
--> Using cache bcc0f144a716220c3d44c34d9a1a00d86ad24494ee065e34c742a8760eafcb8c
--> bcc0f144a716
[linux/amd64] [2/3] STEP 8/11: COPY pkg/ pkg/
--> Using cache 5739fc66630d1105d7b36d2a73390f4b739eb5ea735be00c924d429e03e8bc47
--> 5739fc66630d
[linux/amd64] [2/3] STEP 9/11: ENV GOEXPERIMENT=strictfipsruntime
--> Using cache 3ecbd2ea2f4e89b6ae327e4916a91886b40d735c11c44bff74eabfdf55207ff0
--> 3ecbd2ea2f4e
[linux/amd64] [2/3] STEP 10/11: ENV CGO_ENABLED=1
--> Using cache 29ab9148715cafa366a4e7d17abadc87786e98fb131faf45a5cfb1cec76ccbd3
--> 29ab9148715c
[linux/amd64] [2/3] STEP 11/11: RUN make build-backend BUILD_OPTS="-tags strictfipsruntime"
--> Using cache 9fc812f609fa77598dd916c301f6be8d4b5a39c850d8bc2b49592d17c04db5ce
--> 9fc812f609fa
[linux/arm64] [2/3] STEP 1/11: FROM brew.registry.redhat.io/rh-osbs/openshift-golang-builder:rhel_9_1.25 AS go-builder
Trying to pull brew.registry.redhat.io/rh-osbs/openshift-golang-builder:rhel_9_1.25...
Getting image source signatures
Copying blob sha256:b98d37c87f15536538dc20373f6feca81ccf73779a63f168b7855ce2c2360cff
Copying blob sha256:9e9bee4738d78cc5b8c68706e99751b669394b1e52ebb360fabf583fee381119
Copying config sha256:6cc0ec0f03bcbce80b198dae197eb1ca379eb2fa2e7f2e456cf01f6464e2b1ec
Writing manifest to image destination
[linux/arm64] [2/3] STEP 2/11: WORKDIR /opt/app-root
--> Using cache 924774af5a2bef69edd1d79dab207c8a950fc41c3d8f44249f7e8e3f8b1b1c6a
--> 924774af5a2b
[linux/arm64] [2/3] STEP 3/11: COPY Makefile Makefile
--> Using cache 09faf94f8b7c4cf79e1cf493efdef614a8b16dad1af606c207c973f21caa0e60
--> 09faf94f8b7c
[linux/arm64] [2/3] STEP 4/11: COPY go.mod go.mod
--> Using cache 8ce680444ec9fc48fa73737f396d4644b48e43d21fbc227a3cd73239f376a400
--> 8ce680444ec9
[linux/arm64] [2/3] STEP 5/11: COPY go.sum go.sum
--> Using cache 90ea1010a79936a8cf9136574ad2bb090b353acf7ceaa535d7a2c7ee9689c7a3
--> 90ea1010a799
[linux/arm64] [2/3] STEP 6/11: RUN go mod download
--> Using cache 570e113b9f9eac4a4acd7d74528f2df21b8a411912b70528aafa84c227ad461b
--> 570e113b9f9e
[linux/arm64] [2/3] STEP 7/11: COPY cmd/ cmd/
--> Using cache 2f78cf9ab99bd197d0a90819d4053d14c55bf45b43d0e4264aff5e1e54604c15
--> 2f78cf9ab99b
[linux/arm64] [2/3] STEP 8/11: COPY pkg/ pkg/
--> Using cache 89552f1c01fc291e2a0fcc253e1430a70bec3b356c83853d69c493ba6644f5fc
--> 89552f1c01fc
[linux/arm64] [2/3] STEP 9/11: ENV GOEXPERIMENT=strictfipsruntime
--> Using cache fec96c6da645697f700bd2630d440e0768e9084d1ba33f36b3a332cf63da1e70
--> fec96c6da645
[linux/arm64] [2/3] STEP 10/11: ENV CGO_ENABLED=1
--> Using cache 68762f5d6771358efa2f52c6b93bbcaa9e58c90c30fbc222ea1a4d2e3b535a4e
--> 68762f5d6771
[linux/arm64] [2/3] STEP 11/11: RUN make build-backend BUILD_OPTS="-tags strictfipsruntime"
--> Using cache bff565eea72077f526a37450799a7aa7d1fd07cf595a7294e341984ff4c35da5
--> bff565eea720
[linux/amd64] [3/3] STEP 1/4: FROM registry.access.redhat.com/ubi9/ubi-minimal
[linux/amd64] [3/3] STEP 2/4: COPY --from=web-builder /opt/app-root/web/dist /opt/app-root/web/dist
--> Using cache 591e6f09d059dce59bcad61b2c8234459b9ba9f8712f38695e2bda9291482ed3
--> 591e6f09d059
[linux/amd64] [3/3] STEP 3/4: COPY --from=go-builder /opt/app-root/plugin-backend /opt/app-root
--> Using cache c0f698cf4a3988133fa41c279951569acdd077692e9bd44f8ada88465a3e0f4d
--> c0f698cf4a39
[linux/amd64] [3/3] STEP 4/4: ENTRYPOINT ["/opt/app-root/plugin-backend", "-static-path", "/opt/app-root/web/dist", "-config-path", "/opt/app-root/web/dist"]
--> Using cache 8285a635366c772bf0ed84df0f54a36caa52d416152eea71eada274545922517
--> 8285a635366c
[linux/arm64] [3/3] STEP 1/4: FROM registry.access.redhat.com/ubi9/ubi-minimal
Trying to pull registry.access.redhat.com/ubi9/ubi-minimal:latest...
8285a635366c772bf0ed84df0f54a36caa52d416152eea71eada274545922517
Getting image source signatures
Checking if image destination supports signatures
Copying blob sha256:7db43598c7e47cf895f880f92e3cee9c07787091c97802ea3f2bea8fa4848040
Copying config sha256:64826a3b202499f826f4af0dc0afdbd7fd6681218074b7ea7ed3969c6e12009e
Writing manifest to image destination
Storing signatures
[linux/arm64] [3/3] STEP 2/4: COPY --from=web-builder /opt/app-root/web/dist /opt/app-root/web/dist
--> Using cache 8a4c5e7fe7047ec211cf3eb197cdf896eb42118f884fde2c09ffb9ac20e95339
--> 8a4c5e7fe704
[linux/arm64] [3/3] STEP 3/4: COPY --from=go-builder /opt/app-root/plugin-backend /opt/app-root
--> Using cache aec8d5cbdf6d4e1b731271443285cf58b378e653789794e257ca7611fadba492
--> aec8d5cbdf6d
[linux/arm64] [3/3] STEP 4/4: ENTRYPOINT ["/opt/app-root/plugin-backend", "-static-path", "/opt/app-root/web/dist", "-config-path", "/opt/app-root/web/dist"]
--> Using cache 2ccd1c92ee21e0038bbcf51f63246cce8f01cb515c81752f11b6c9bb350da091
--> 2ccd1c92ee21
2ccd1c92ee21e0038bbcf51f63246cce8f01cb515c81752f11b6c9bb350da091
podman manifest push quay.io/rh-ee-emurasak/distributed-tracing-console-plugin:v0.3.3
Getting image list signatures
Copying 2 images generated from 2 images in list
Copying image sha256:cea2663832c575f964a522db995e1574edcbad2bb63dbc83a6cf0184e4b9b331 (1/2)
Getting image source signatures
Copying blob sha256:a911b4f72ae937a2f0e49565aebfca5cae1c5689b7467e6239ef120378a11c18
Copying blob sha256:fc619adba729ec24fef75235acd9b59c5e52bdef3e16a3803a6e9e3022ba748b
Copying blob sha256:1ed401758f2deeaf688de06206e8d8162e8127c8b0369c2dca1e5924a1b1af71
Error: pushing manifest list quay.io/rh-ee-emurasak/distributed-tracing-console-plugin:v0.3.3: copying image 1/2 from manifest list: writing blob: initiating layer upload to /v2/rh-ee-emurasak/distributed-tracing-console-plugin/blobs/uploads/ in quay.io: unauthorized: access to the requested resource is not authorized
make: *** [podman-cross-build] Error 125
WARNING: Attempt 3 failed for distributed-tracing-console-plugin @ release-coo-ocp-4.12 (exit code 2)
WARNING: Build failed for distributed-tracing-console-plugin @ release-coo-ocp-4.12 after 3 attempts, continuing...
==========================================
Building logging-view-plugin @ release-coo-ocp-4.12 with VERSION=v6.0.5 ORG=rh-ee-emurasak
==========================================
Already on 'release-coo-ocp-4.12'
M	Makefile
Your branch is up to date with 'origin/release-coo-ocp-4.12'.
From https://github.com/openshift/logging-view-plugin
 * branch            release-coo-ocp-4.12 -> FETCH_HEAD
Already up to date.
--- Attempt 1/3 ---
podman manifest rm quay.io/rh-ee-emurasak/logging-view-plugin:v6.0.5 || true
Untagged: quay.io/rh-ee-emurasak/logging-view-plugin:v6.0.5
Deleted: 784a26e1811669da4f2eae489538d27b0a2308b016847e38aef2165beb2bd217
podman manifest create quay.io/rh-ee-emurasak/logging-view-plugin:v6.0.5
4baae6984219676e565b6a55d782a5966138d2c7de16d563ef7dc34bbef4747a
podman build --platform=linux/arm64,linux/amd64 --manifest quay.io/rh-ee-emurasak/logging-view-plugin:v6.0.5 -f Dockerfile
[linux/amd64] [1/3] STEP 1/9: FROM registry.redhat.io/ubi9/nodejs-18:latest AS web-builder
[linux/amd64] [1/3] STEP 2/9: WORKDIR /opt/app-root
--> Using cache fe82e0dad25944f08a76d4d9549145ebb5f9c6da2ccc28ccdddd4d7a38bfe41e
--> fe82e0dad259
[linux/amd64] [1/3] STEP 3/9: USER 0
--> Using cache fddfae80fbcea22744b243d50f780eb179659461cfcffce8267082f5fb081678
--> fddfae80fbce
[linux/amd64] [1/3] STEP 4/9: ENV HUSKY=0
--> Using cache fcddae0eb457e7d9adb764b448199eb1a5f1c650eba90571732983736cd91a2f
--> fcddae0eb457
[linux/amd64] [1/3] STEP 5/9: COPY web/package*.json web/
--> Using cache b0a76358a767e9d4856e5b727b3497f6719f4f48dce1a1d843b6f32af1c21be0
--> b0a76358a767
[linux/amd64] [1/3] STEP 6/9: COPY Makefile Makefile
--> Using cache 4bfcace7a0b04f02b22a28de25f8b7165e145476946161800b3517831442d006
--> 4bfcace7a0b0
[linux/amd64] [1/3] STEP 7/9: RUN make install-frontend-ci-clean
cd web && npm ci --omit=optional --ignore-scripts
