Logging to /Users/emurasak/workspace/harness-official/tasks/upstream-images/build-and-push-20260901-102412.log
Fetching all branches for each repo...
  Fetching dashboards-plugin...
  Fetching distributed-tracing-plugin...
  Fetching logging-view-plugin...
  Fetching monitoring-plugin...
  Fetching troubleshooting-panel-plugin...
Fetch complete.
==========================================
SKIPPING dashboards-plugin @ release-coo-1.5-ocp-4.12 with VERSION=v0.4.3 (already built successfully)
==========================================
==========================================
SKIPPING distributed-tracing-plugin @ release-coo-1.5-ocp-4.12 with VERSION=v0.3.3 (already built successfully)
==========================================
==========================================
SKIPPING logging-view-plugin @ release-coo-1.5-ocp-4.12 with VERSION=v6.0.5 (already built successfully)
==========================================
==========================================
SKIPPING distributed-tracing-plugin @ release-coo-1.5-ocp-4.15 with VERSION=v0.4.3 (already built successfully)
==========================================
==========================================
Building logging-view-plugin @ release-coo-1.5-ocp-4.15 with VERSION=v6.1.6 ORG=openshift-observability-ui
==========================================
Already on 'release-coo-1.5-ocp-4.15'
Your branch is up to date with 'origin/release-coo-1.5-ocp-4.15'.
From https://github.com/openshift/logging-view-plugin
 * branch            release-coo-1.5-ocp-4.15 -> FETCH_HEAD
Already up to date.
--- Attempt 1/3 ---
podman manifest rm quay.io/openshift-observability-ui/logging-view-plugin:v6.1.6 || true
Error: quay.io/openshift-observability-ui/logging-view-plugin:v6.1.6: image not known
podman manifest create quay.io/openshift-observability-ui/logging-view-plugin:v6.1.6
53da427f73ebd1929252ccc8de5fa40bac6203c852bad8f77aceabdbe8716e3b
podman build --platform=linux/arm64,linux/amd64 --manifest quay.io/openshift-observability-ui/logging-view-plugin:v6.1.6 -f Dockerfile
[linux/amd64] [1/3] STEP 1/9: FROM registry.redhat.io/ubi9/nodejs-22:latest AS web-builder
Trying to pull registry.redhat.io/ubi9/nodejs-22:latest...
Getting image source signatures
Checking if image destination supports signatures
Copying blob sha256:d74f03e958176d9f637ef3f0c60d433f7a81709a1fe56c62d203eef3a536739e
Copying blob sha256:56649e4df8eddef4709849b46063574b7ddb22fc98fb75409885c838a4c9d381
Copying blob sha256:5c9af8529e118dd5a8d55d669c48114bfef7c8f5d743e5e560639dfabca3a5f9
Copying config sha256:0f7698e0407d0631a81bf20e78ec1d23de169a3b85762c7d4d6c629fe8f1d963
Writing manifest to image destination
Storing signatures
[linux/amd64] [1/3] STEP 2/9: WORKDIR /opt/app-root
--> 46caf77e96ba
[linux/amd64] [1/3] STEP 3/9: USER 0
--> 6745bb46d72d
[linux/amd64] [1/3] STEP 4/9: ENV HUSKY=0
--> 553b43b50f52
[linux/amd64] [1/3] STEP 5/9: COPY web/package*.json web/
--> 6662e8bcdadc
[linux/amd64] [1/3] STEP 6/9: COPY Makefile Makefile
--> 81a8b0d650e9
[linux/amd64] [1/3] STEP 7/9: RUN make install-frontend-ci-clean
cd web && npm ci --omit=optional --ignore-scripts
npm warn deprecated popper.js@1.16.1: You can find the new Popper v2 at @popperjs/core, this package is dedicated to the legacy v1
npm warn deprecated glob@10.5.0: Old versions of glob are not supported, and contain widely publicized security vulnerabilities, which have been fixed in the current version. Please update. Support for old versions may be purchased (at exorbitant rates) by contacting i@izs.me
npm warn deprecated glob@10.5.0: Old versions of glob are not supported, and contain widely publicized security vulnerabilities, which have been fixed in the current version. Please update. Support for old versions may be purchased (at exorbitant rates) by contacting i@izs.me
npm warn deprecated glob@10.5.0: Old versions of glob are not supported, and contain widely publicized security vulnerabilities, which have been fixed in the current version. Please update. Support for old versions may be purchased (at exorbitant rates) by contacting i@izs.me

added 1531 packages, and audited 1532 packages in 42s

273 packages are looking for funding
  run `npm fund` for details

22 vulnerabilities (1 low, 11 moderate, 9 high, 1 critical)

To address issues that do not require attention, run:
  npm audit fix

To address all issues (including breaking changes), run:
  npm audit fix --force

Run `npm audit` for details.
cd web && npm cache clean --force
npm warn using --force Recommended protections disabled.
--> 213822005aa3
[linux/amd64] [1/3] STEP 8/9: COPY web/ web/
--> fc344ada8666
[linux/amd64] [1/3] STEP 9/9: RUN make build-frontend
cd web && npm run build

> logging-view-plugin@6.1.0 build
> npm run clean && NODE_ENV=production npm run ts-node node_modules/.bin/webpack


> logging-view-plugin@6.1.0 clean
> rm -rf dist


> logging-view-plugin@6.1.0 ts-node
> ts-node -O '{"module":"commonjs"}' node_modules/.bin/webpack

assets by path *.js 4.84 MiB
  assets by chunk 2.69 MiB (id hint: vendors)
    assets by status 1.83 MiB [big]
      asset 9012-chunk-c30d86991a43474bcd20.min.js 1.12 MiB [emitted] [immutable] [big] (id hint: vendors) 1 related asset
      asset 573-chunk-6751882185f4ace03f14.min.js 462 KiB [emitted] [immutable] [big] (id hint: vendors) 1 related asset
      asset 9123-chunk-7c59f766bf5aed38d7e4.min.js 266 KiB [emitted] [immutable] [big] (id hint: vendors) 1 related asset
    + 9 assets
  + 81 assets
asset locales/en/plugin__logging-view-plugin.json 10.4 KiB [emitted] [from: ../locales/en/plugin__logging-view-plugin.json] [copied]
asset plugin-manifest.json 1.92 KiB [emitted]
orphan modules 2.72 MiB [orphan] 1566 modules
runtime modules 37.2 KiB 14 modules
built modules 2.96 MiB (javascript) 1.72 KiB (consume-shared) 1.56 KiB (share-init) [built]
  modules by path ../node_modules/ 2.66 MiB 431 modules
  modules by path ./ 308 KiB 48 modules
  consume-shared-module modules 1.72 KiB
    modules by path consume shared module (default) @patternfly/react-core/dist/dynamic/ 1.23 KiB 30 modules
    modules by path consume shared module (default) @patternfly/react-icons/dist/dynamic/icons/ 294 bytes 7 modules
    + 5 modules
  provide-module modules 1.56 KiB
    modules by path provide shared module (default) @patternfly/react-core/dist/dynamic/ 1.23 KiB 30 modules
    modules by path provide shared module (default) @patternfly/react-icons/dist/dynamic/icons/ 294 bytes 7 modules
    provide shared module (default) @patternfly/react-table/dist/dynamic/components/...(truncated) 42 bytes [built] [code generated]
  container entry 42 bytes [built] [code generated]

WARNING in asset size limit: The following asset(s) exceed the recommended size limit (244 KiB).
This can impact web performance.
Assets: 
  9123-chunk-7c59f766bf5aed38d7e4.min.js (266 KiB)
  9012-chunk-c30d86991a43474bcd20.min.js (1.12 MiB)
  573-chunk-6751882185f4ace03f14.min.js (462 KiB)

webpack 5.105.3 compiled with 1 warning in 52887 ms
--> 3817eb92ab65
[linux/amd64] [2/3] STEP 1/12: FROM registry.access.redhat.com/ubi9/go-toolset:1.26 AS go-builder
Trying to pull registry.access.redhat.com/ubi9/go-toolset:1.26...
Getting image source signatures
Checking if image destination supports signatures
Copying blob sha256:9dd7a54704c5a666e57e3f6efc35e90fc6da8ad2923d77d60d1c573ef3315791
Copying blob sha256:56649e4df8eddef4709849b46063574b7ddb22fc98fb75409885c838a4c9d381
Copying blob sha256:5c9af8529e118dd5a8d55d669c48114bfef7c8f5d743e5e560639dfabca3a5f9
Copying blob sha256:d68194b0e4a172e16c5cbb1bc0479d22da58da64d376a5cdb885730c90f6fc5b
Copying config sha256:11c3fc29fb378f2b34bbf7921ad5e41b11f9631214b3369f21fc66619a1c7872
Writing manifest to image destination
Storing signatures
[linux/amd64] [2/3] STEP 2/12: WORKDIR /opt/app-root
--> 249c9c189ce8
[linux/amd64] [2/3] STEP 3/12: COPY Makefile Makefile
--> 97b77db370bc
[linux/amd64] [2/3] STEP 4/12: COPY go.mod go.mod
--> 8f201b8cfceb
[linux/amd64] [2/3] STEP 5/12: COPY go.sum go.sum
--> 0d93d6dcd753
[linux/amd64] [2/3] STEP 6/12: RUN make install-backend
go mod download
--> b0c417b56bf3
[linux/amd64] [2/3] STEP 7/12: COPY config/ config/
--> 38cc7c0a4503
[linux/amd64] [2/3] STEP 8/12: COPY cmd/ cmd/
--> 1e07dc073fab
[linux/amd64] [2/3] STEP 9/12: COPY pkg/ pkg/
--> a89cee88887e
[linux/amd64] [2/3] STEP 10/12: ENV GOEXPERIMENT=strictfipsruntime
--> 5ab25737680a
[linux/amd64] [2/3] STEP 11/12: ENV CGO_ENABLED=1
--> 4413941e0049
[linux/amd64] [2/3] STEP 12/12: RUN make build-backend BUILD_OPTS="-tags strictfipsruntime"
go build -tags strictfipsruntime -mod=readonly -o plugin-backend cmd/plugin-backend.go
--> 551ead8dab4a
[linux/arm64] [1/3] STEP 1/9: FROM registry.redhat.io/ubi9/nodejs-22:latest AS web-builder
Trying to pull registry.redhat.io/ubi9/nodejs-22:latest...
Getting image source signatures
Checking if image destination supports signatures
Copying blob sha256:143df91a054c3d67ed690e7f87f430247e12263d24f8d216e794a40abed4caa8
Copying blob sha256:3fa2c3ec93bd0d2914f8e021fa5b043ace5a704a440ecd2db626edd260f6a3c8
Copying blob sha256:96c26ef68d364bcbd8f901e4664d7531ebb74699c6d8a69825e5925d8c6696c2
Copying config sha256:21c0269160eae1f56763a0def0f20ffead061334731e5fd18ceb2c7eca36dca5
Writing manifest to image destination
Storing signatures
[linux/arm64] [1/3] STEP 2/9: WORKDIR /opt/app-root
--> 146448a31d2f
[linux/arm64] [1/3] STEP 3/9: USER 0
--> 50faba38c511
[linux/arm64] [1/3] STEP 4/9: ENV HUSKY=0
--> 194539eb7b0f
[linux/arm64] [1/3] STEP 5/9: COPY web/package*.json web/
--> e0ffcd08c04f
[linux/arm64] [1/3] STEP 6/9: COPY Makefile Makefile
--> 08c6fd65090d
[linux/arm64] [1/3] STEP 7/9: RUN make install-frontend-ci-clean
cd web && npm ci --omit=optional --ignore-scripts
npm warn deprecated popper.js@1.16.1: You can find the new Popper v2 at @popperjs/core, this package is dedicated to the legacy v1
npm warn deprecated glob@10.5.0: Old versions of glob are not supported, and contain widely publicized security vulnerabilities, which have been fixed in the current version. Please update. Support for old versions may be purchased (at exorbitant rates) by contacting i@izs.me
npm warn deprecated glob@10.5.0: Old versions of glob are not supported, and contain widely publicized security vulnerabilities, which have been fixed in the current version. Please update. Support for old versions may be purchased (at exorbitant rates) by contacting i@izs.me
npm warn deprecated glob@10.5.0: Old versions of glob are not supported, and contain widely publicized security vulnerabilities, which have been fixed in the current version. Please update. Support for old versions may be purchased (at exorbitant rates) by contacting i@izs.me

added 1531 packages, and audited 1532 packages in 31s

273 packages are looking for funding
  run `npm fund` for details

22 vulnerabilities (1 low, 11 moderate, 9 high, 1 critical)

To address issues that do not require attention, run:
  npm audit fix

To address all issues (including breaking changes), run:
  npm audit fix --force

Run `npm audit` for details.
cd web && npm cache clean --force
npm warn using --force Recommended protections disabled.
--> f0cc6307a962
[linux/arm64] [1/3] STEP 8/9: COPY web/ web/
--> a30e6fea5e78
[linux/arm64] [1/3] STEP 9/9: RUN make build-frontend
cd web && npm run build

> logging-view-plugin@6.1.0 build
> npm run clean && NODE_ENV=production npm run ts-node node_modules/.bin/webpack


> logging-view-plugin@6.1.0 clean
> rm -rf dist


> logging-view-plugin@6.1.0 ts-node
> ts-node -O '{"module":"commonjs"}' node_modules/.bin/webpack

assets by path *.js 4.84 MiB
  assets by chunk 2.69 MiB (id hint: vendors)
    assets by status 1.83 MiB [big]
      asset 9012-chunk-c30d86991a43474bcd20.min.js 1.12 MiB [emitted] [immutable] [big] (id hint: vendors) 1 related asset
      asset 573-chunk-6751882185f4ace03f14.min.js 462 KiB [emitted] [immutable] [big] (id hint: vendors) 1 related asset
      asset 9123-chunk-7c59f766bf5aed38d7e4.min.js 266 KiB [emitted] [immutable] [big] (id hint: vendors) 1 related asset
    + 9 assets
  + 81 assets
asset locales/en/plugin__logging-view-plugin.json 10.4 KiB [emitted] [from: ../locales/en/plugin__logging-view-plugin.json] [copied]
asset plugin-manifest.json 1.92 KiB [emitted]
orphan modules 2.72 MiB [orphan] 1566 modules
runtime modules 37.2 KiB 14 modules
built modules 2.96 MiB (javascript) 1.72 KiB (consume-shared) 1.56 KiB (share-init) [built]
  modules by path ../node_modules/ 2.66 MiB 431 modules
  modules by path ./ 308 KiB 48 modules
  consume-shared-module modules 1.72 KiB
    modules by path consume shared module (default) @patternfly/react-core/dist/dynamic/ 1.23 KiB 30 modules
    modules by path consume shared module (default) @patternfly/react-icons/dist/dynamic/icons/ 294 bytes 7 modules
    + 5 modules
  provide-module modules 1.56 KiB
    modules by path provide shared module (default) @patternfly/react-core/dist/dynamic/ 1.23 KiB 30 modules
    modules by path provide shared module (default) @patternfly/react-icons/dist/dynamic/icons/ 294 bytes 7 modules
    provide shared module (default) @patternfly/react-table/dist/dynamic/components/...(truncated) 42 bytes [built] [code generated]
  container entry 42 bytes [built] [code generated]

WARNING in asset size limit: The following asset(s) exceed the recommended size limit (244 KiB).
This can impact web performance.
Assets: 
  9123-chunk-7c59f766bf5aed38d7e4.min.js (266 KiB)
  9012-chunk-c30d86991a43474bcd20.min.js (1.12 MiB)
  573-chunk-6751882185f4ace03f14.min.js (462 KiB)

webpack 5.105.3 compiled with 1 warning in 34670 ms
--> ba567e659bc1
[linux/amd64] [3/3] STEP 1/5: FROM registry.access.redhat.com/ubi9/ubi-minimal
Trying to pull registry.access.redhat.com/ubi9/ubi-minimal:latest...
Getting image source signatures
Checking if image destination supports signatures
Copying blob sha256:2943616793071e9fa96e298a7454ac45b7a498df6ca5c681004955a177cdf999
Copying config sha256:e3e6fe3b9c265802d2526c15071f59bd20f2d634fc82b7c633387d2cf2ec1056
Writing manifest to image destination
Storing signatures
[linux/amd64] [3/3] STEP 2/5: COPY --from=web-builder /opt/app-root/web/dist /opt/app-root/web/dist
--> 66da0e662641
[linux/amd64] [3/3] STEP 3/5: COPY --from=go-builder /opt/app-root/plugin-backend /opt/app-root
--> 6f9e14d19f07
[linux/amd64] [3/3] STEP 4/5: COPY --from=go-builder /opt/app-root/config /opt/app-root/config
--> 919eaece32a5
[linux/amd64] [3/3] STEP 5/5: ENTRYPOINT ["/opt/app-root/plugin-backend", "-config-path", "/opt/app-root/config", "-static-path", "/opt/app-root/web/dist"]
[linux/amd64] [3/3] COMMIT
--> da5a633525fc
[linux/arm64] [2/3] STEP 1/12: FROM registry.access.redhat.com/ubi9/go-toolset:1.26 AS go-builder
da5a633525fc4942255e861cee45774bc28c3ee0e9b0185d090d6c476efa8b16
Trying to pull registry.access.redhat.com/ubi9/go-toolset:1.26...
Getting image source signatures
Checking if image destination supports signatures
Copying blob sha256:3b33bd74c459c543768665bc4406a7ec75fd6a2de94164c1ad9968e07c895aaf
Copying blob sha256:852e434154bbab928ec83bdc7061dee5120584a0c35903abf2b024686bc65eb8
Copying blob sha256:96c26ef68d364bcbd8f901e4664d7531ebb74699c6d8a69825e5925d8c6696c2
Copying blob sha256:3fa2c3ec93bd0d2914f8e021fa5b043ace5a704a440ecd2db626edd260f6a3c8
Copying config sha256:c9e40cb14364af57c6c2c0ca7a8afc8b39349b65e751b3062bf52d82bdc297cb
Writing manifest to image destination
Storing signatures
[linux/arm64] [2/3] STEP 2/12: WORKDIR /opt/app-root
--> 275d9d355801
[linux/arm64] [2/3] STEP 3/12: COPY Makefile Makefile
--> 71679f2c7a1a
[linux/arm64] [2/3] STEP 4/12: COPY go.mod go.mod
--> 65ca096d8d31
[linux/arm64] [2/3] STEP 5/12: COPY go.sum go.sum
--> de163c9c1add
[linux/arm64] [2/3] STEP 6/12: RUN make install-backend
go mod download
--> cee14bcf6f87
[linux/arm64] [2/3] STEP 7/12: COPY config/ config/
--> 66f4c2337655
[linux/arm64] [2/3] STEP 8/12: COPY cmd/ cmd/
--> 44e18ae0aa8d
[linux/arm64] [2/3] STEP 9/12: COPY pkg/ pkg/
--> fa57e0edb0b3
[linux/arm64] [2/3] STEP 10/12: ENV GOEXPERIMENT=strictfipsruntime
--> 542df9f27137
[linux/arm64] [2/3] STEP 11/12: ENV CGO_ENABLED=1
--> f99f13723a30
[linux/arm64] [2/3] STEP 12/12: RUN make build-backend BUILD_OPTS="-tags strictfipsruntime"
go build -tags strictfipsruntime -mod=readonly -o plugin-backend cmd/plugin-backend.go
--> c9e2a83fc184
[linux/arm64] [3/3] STEP 1/5: FROM registry.access.redhat.com/ubi9/ubi-minimal
Trying to pull registry.access.redhat.com/ubi9/ubi-minimal:latest...
Getting image source signatures
Checking if image destination supports signatures
Copying blob sha256:8289a871631249c9c1a3b2366de832716cd43c77864c245a1c1364a2abeb5704
Copying config sha256:19a5d5dc0e92607939d631511c68a3b399a200a3bfbe6a1dfe726549e1527ae0
Writing manifest to image destination
Storing signatures
[linux/arm64] [3/3] STEP 2/5: COPY --from=web-builder /opt/app-root/web/dist /opt/app-root/web/dist
--> 209540c09c0a
[linux/arm64] [3/3] STEP 3/5: COPY --from=go-builder /opt/app-root/plugin-backend /opt/app-root
--> 3f753e7a9105
[linux/arm64] [3/3] STEP 4/5: COPY --from=go-builder /opt/app-root/config /opt/app-root/config
--> adce597e2f95
[linux/arm64] [3/3] STEP 5/5: ENTRYPOINT ["/opt/app-root/plugin-backend", "-config-path", "/opt/app-root/config", "-static-path", "/opt/app-root/web/dist"]
[linux/arm64] [3/3] COMMIT
--> b510b936b876
b510b936b876b52f4c4a2064658a53aba1391764a7cd7e9d5d921a3590ac4253
podman manifest push quay.io/openshift-observability-ui/logging-view-plugin:v6.1.6
Getting image list signatures
Copying 2 images generated from 2 images in list
Copying image sha256:62d369651a81c955df817289aa74d24e3935c5b1d806512a52bc8bc97da2a298 (1/2)
Getting image source signatures
Copying blob sha256:fc1bfcfafb195965645cae1962658aeb362461fff32ade20099c728279c02b1f
Copying blob sha256:56550161697f795bc52c827a70fe1e427be4c6bdf4e3c9b2d560f51c2524b6f3
Copying blob sha256:03ef43441b89130378949289a8d973d48ffb998b03e5e84c2a07b073fd7643e6
Copying blob sha256:968c0e5d1a40cec39ec15c7ddc8929d59962b0afae6a1f2e34fb9cbf8e481094
Copying config sha256:da5a633525fc4942255e861cee45774bc28c3ee0e9b0185d090d6c476efa8b16
Writing manifest to image destination
Copying image sha256:dd8b14a4aceed7c4430ae0f4c8acc4df6b3907c6c7e533d203453b07176339e3 (2/2)
Getting image source signatures
Copying blob sha256:10f07a4d63ed43add320bd358a59472248c80a0e7c30a7444dc14e9a8e04256d
Copying blob sha256:8bf6288b45e4e47699c4910f05d87a514d935c2e28c549e7d50efcd8cbce04f1
Copying blob sha256:5e0c0516b794028658ae88ffcfcd76efa540e4fbc1cd5844aeafbcb20488674a
Copying blob sha256:6a7fa2af8976b1dedfaedc0782b949a5762c8f96330252828379766f026ae800
Copying config sha256:b510b936b876b52f4c4a2064658a53aba1391764a7cd7e9d5d921a3590ac4253
Writing manifest to image destination
Writing manifest list to image destination
Storing list signatures
==========================================
Building monitoring-plugin @ release-coo-1.5-ocp-4.15 with VERSION=v0.4.5 ORG=openshift-observability-ui
==========================================
Switched to a new branch 'release-coo-1.5-ocp-4.15'
branch 'release-coo-1.5-ocp-4.15' set up to track 'origin/release-coo-1.5-ocp-4.15'.
From https://github.com/openshift/monitoring-plugin
 * branch              release-coo-1.5-ocp-4.15 -> FETCH_HEAD
Already up to date.
--- Attempt 1/3 ---
podman manifest rm quay.io/openshift-observability-ui/monitoring-console-plugin:v0.4.5 || true
Error: quay.io/openshift-observability-ui/monitoring-console-plugin:v0.4.5: image not known
podman manifest create quay.io/openshift-observability-ui/monitoring-console-plugin:v0.4.5
fafa3249afa75b425a62156d70e1245f47d02f42949da8e097eeb2ca60775269
podman build --platform linux/arm64,linux/amd64 --manifest quay.io/openshift-observability-ui/monitoring-console-plugin:v0.4.5 -f Dockerfile.mcp
[linux/arm64] [1/3] STEP 1/11: FROM registry.redhat.io/ubi9/nodejs-22:latest AS web-builder
[linux/arm64] [1/3] STEP 2/11: WORKDIR /opt/app-root
--> Using cache 146448a31d2fcfcd5a91a98d4a0c7d99547020a2f3b7985df74f9ee7ea8d4f17
--> 146448a31d2f
[linux/arm64] [1/3] STEP 3/11: USER 0
--> Using cache 50faba38c5114fa147b085f7edb0d428324b9b252ff7c16eb2958079515d5ded
--> 50faba38c511
[linux/arm64] [1/3] STEP 4/11: ENV HUSKY=0
--> Using cache 194539eb7b0f0e6f98e9d87a5c0af5160f8349cb1ac82af1288d800ed8250a71
--> 194539eb7b0f
[linux/arm64] [1/3] STEP 5/11: COPY web/package*.json web/
--> db3abfbdce36
[linux/arm64] [1/3] STEP 6/11: COPY Makefile Makefile
--> 858ba706db92
[linux/arm64] [1/3] STEP 7/11: RUN make install-frontend-ci
cd web && npm ci --ignore-scripts
npm warn deprecated rimraf@3.0.2: Rimraf versions prior to v4 are no longer supported
npm warn deprecated inflight@1.0.6: This module is not supported, and leaks memory. Do not use it. Check out lru-cache if you want a good and tested way to coalesce async requests by a key value, which is much more comprehensive and powerful.
npm warn deprecated i18next-parser@9.4.0: Project is deprecated, use i18next-cli instead
npm warn deprecated glob@7.2.3: Glob versions prior to v9 are no longer supported
npm warn deprecated eslint@8.44.0: This version is no longer supported. Please see https://eslint.org/version-support for other options.
npm warn deprecated @types/webpack-dev-server@4.7.2: This is a stub types definition. webpack-dev-server provides its own type definitions, so you do not need this installed.
npm warn deprecated @humanwhocodes/config-array@0.11.14: Use @eslint/config-array instead
npm warn deprecated @humanwhocodes/object-schema@2.0.3: Use @eslint/object-schema instead
npm warn deprecated glob@10.5.0: Old versions of glob are not supported, and contain widely publicized security vulnerabilities, which have been fixed in the current version. Please update. Support for old versions may be purchased (at exorbitant rates) by contacting i@izs.me

added 1382 packages, and audited 1383 packages in 33s

284 packages are looking for funding
  run `npm fund` for details

39 vulnerabilities (2 low, 16 moderate, 20 high, 1 critical)

To address issues that do not require attention, run:
  npm audit fix

To address all issues possible (including breaking changes), run:
  npm audit fix --force

Some issues need review, and may require choosing
a different dependency.

Run `npm audit` for details.
--> bd0ae421225a
[linux/arm64] [1/3] STEP 8/11: COPY web/ web/
--> 8d8744e1028f
[linux/arm64] [1/3] STEP 9/11: COPY config/ config/
--> c85c0c47d3f9
[linux/arm64] [1/3] STEP 10/11: ENV CONSOLE_PLUGIN_NAME="monitoring-console-plugin"
--> c66a8239a12c
[linux/arm64] [1/3] STEP 11/11: RUN make build-frontend
cd web && npm run build

> monitoring-plugin@0.4.0 build
> npm run clean && NODE_ENV=production npm run ts-node node_modules/.bin/webpack


> monitoring-plugin@0.4.0 clean
> rm -rf dist


> monitoring-plugin@0.4.0 ts-node
> ts-node -O '{"module":"commonjs"}' node_modules/.bin/webpack

DEPRECATION WARNING [legacy-js-api]: The legacy JS API is deprecated and will be removed in Dart Sass 2.0.0.

More info: https://sass-lang.com/d/legacy-js-api

DEPRECATION WARNING [legacy-js-api]: The legacy JS API is deprecated and will be removed in Dart Sass 2.0.0.

More info: https://sass-lang.com/d/legacy-js-api

DEPRECATION WARNING [legacy-js-api]: The legacy JS API is deprecated and will be removed in Dart Sass 2.0.0.

More info: https://sass-lang.com/d/legacy-js-api

DEPRECATION WARNING [legacy-js-api]: The legacy JS API is deprecated and will be removed in Dart Sass 2.0.0.

More info: https://sass-lang.com/d/legacy-js-api

DEPRECATION WARNING [legacy-js-api]: The legacy JS API is deprecated and will be removed in Dart Sass 2.0.0.

More info: https://sass-lang.com/d/legacy-js-api

assets by path *.js 9.09 MiB
  assets by chunk 8.34 MiB (id hint: vendors)
    assets by status 7.31 MiB [big] 3 assets
    + 36 assets
  + 97 assets
assets by path assets/ 1.33 MiB
  assets by chunk 1.27 MiB (auxiliary id hint: vendors) 84 assets
  asset assets/codicon..ttf 55.2 KiB [emitted] [from: components/metrics/codicon.ttf]
  asset assets/restricted-sign..svg 2.38 KiB [emitted] [from: components/console/imgs/restricted-sign.svg] (auxiliary name: exposed-MonitoringRouter)
assets by path locales/ 59.7 KiB
  asset locales/en/plugin__monitoring-console-plugin.json 19.3 KiB [emitted] [from: ../locales/en/plugin__monitoring-plugin.json] [copied]
  asset locales/ja/plugin__monitoring-console-plugin.json 14.9 KiB [emitted] [from: ../locales/ja/plugin__monitoring-plugin.json] [copied]
  asset locales/ko/plugin__monitoring-console-plugin.json 13.6 KiB [emitted] [from: ../locales/ko/plugin__monitoring-plugin.json] [copied]
  asset locales/zh/plugin__monitoring-console-plugin.json 11.9 KiB [emitted] [from: ../locales/zh/plugin__monitoring-plugin.json] [copied]
asset plugin-manifest.json 5.41 KiB [emitted]
orphan modules 20.4 MiB [orphan] 20670 modules
runtime modules 53 KiB 15 modules
built modules 18 MiB (javascript) 1.33 MiB (asset) 3.04 KiB (consume-shared) 2.75 KiB (share-init) [built]
  javascript modules 17.9 MiB 1637 modules
  asset modules 1.33 MiB (asset) 3.53 KiB (javascript)
    modules by path ../node_modules/ 1.27 MiB (asset) 3.45 KiB (javascript) 84 modules
    modules by path ./components/ 57.5 KiB (asset) 84 bytes (javascript) 2 modules
  consume-shared-module modules 3.04 KiB 74 modules
  provide-module modules 2.75 KiB
    modules by path provide shared module (default) @patternfly/react-core/dist/dynamic/ 1.93 KiB 47 modules
    modules by path provide shared module (default) @patternfly/react-icons/dist/dynamic/icons/ 756 bytes 18 modules
    modules by path provide shared module (default) @patternfly/react-table/dist/dynamic/components/ 84 bytes 2 modules
  ../node_modules/tlds/index.json 10.9 KiB [built] [code generated]

WARNING in asset size limit: The following asset(s) exceed the recommended size limit (244 KiB).
This can impact web performance.
Assets: 
  6966-chunk-51585fa2f3b3ce1f644e.min.js (2.42 MiB)
  2608-chunk-b8621f688195f5f8428e.min.js (4.56 MiB)
  6898-chunk-7f02beb01f61a974566c.min.js (342 KiB)

webpack 5.105.2 compiled with 1 warning in 86736 ms
--> 70d4b70fe8ff
[linux/arm64] [2/3] STEP 1/14: FROM registry.access.redhat.com/ubi9/go-toolset:1.26 AS go-builder
[linux/arm64] [2/3] STEP 2/14: WORKDIR /opt/app-root
--> Using cache 275d9d3558010c9a03d3348ab35720a53d8d7a01298d75858117915c94490556
--> 275d9d355801
[linux/arm64] [2/3] STEP 3/14: COPY Makefile Makefile
--> 9bf5ee010062
[linux/arm64] [2/3] STEP 4/14: COPY go.mod go.mod
--> c9d4fe05d835
[linux/arm64] [2/3] STEP 5/14: COPY go.sum go.sum
--> bac2a95ac72f
[linux/arm64] [2/3] STEP 6/14: RUN make install-backend
go mod download
--> 31e665b720b7
[linux/arm64] [2/3] STEP 7/14: COPY cmd/ cmd/
--> e4ea2fa81afa
[linux/arm64] [2/3] STEP 8/14: COPY pkg/ pkg/
--> ad106aebd83e
[linux/arm64] [2/3] STEP 9/14: ENV GOOS=${TARGETOS:-linux}
--> fb02ca967119
[linux/arm64] [2/3] STEP 10/14: ENV GOARCH=${TARGETARCH}
--> 4d58511a6ede
[linux/arm64] [2/3] STEP 11/14: ENV GOEXPERIMENT=strictfipsruntime
--> 81e171eca377
[linux/arm64] [2/3] STEP 12/14: ENV GOFLAGS=-mod=readonly
--> d8074d20deda
[linux/arm64] [2/3] STEP 13/14: ENV CGO_ENABLED=1
--> 72a9f56395aa
[linux/arm64] [2/3] STEP 14/14: RUN make build-backend
go build  -mod=readonly -o plugin-backend cmd/plugin-backend.go
--> a7fd9fd290f1
[linux/amd64] [1/3] STEP 1/11: FROM registry.redhat.io/ubi9/nodejs-22:latest AS web-builder
Trying to pull registry.redhat.io/ubi9/nodejs-22:latest...
Getting image source signatures
Checking if image destination supports signatures
Copying blob sha256:56649e4df8eddef4709849b46063574b7ddb22fc98fb75409885c838a4c9d381
Copying blob sha256:d74f03e958176d9f637ef3f0c60d433f7a81709a1fe56c62d203eef3a536739e
Copying blob sha256:5c9af8529e118dd5a8d55d669c48114bfef7c8f5d743e5e560639dfabca3a5f9
Copying config sha256:0f7698e0407d0631a81bf20e78ec1d23de169a3b85762c7d4d6c629fe8f1d963
Writing manifest to image destination
Storing signatures
[linux/amd64] [1/3] STEP 2/11: WORKDIR /opt/app-root
--> Using cache 46caf77e96ba61f5b06ab9ef3cfa61b96f6b86a65f88014b8db1d2fe4bd0b7c7
--> 46caf77e96ba
[linux/amd64] [1/3] STEP 3/11: USER 0
--> Using cache 6745bb46d72d6d391cf435e53a6fb78abcca81a1bfa9d30c8c00b8869d0ebc39
--> 6745bb46d72d
[linux/amd64] [1/3] STEP 4/11: ENV HUSKY=0
--> Using cache 553b43b50f5284068aec6569c5351039a8627c17337da821a9de97a1d0bd0e4d
--> 553b43b50f52
[linux/amd64] [1/3] STEP 5/11: COPY web/package*.json web/
--> 9be898fbe88e
[linux/amd64] [1/3] STEP 6/11: COPY Makefile Makefile
--> 3b5fe8cc091e
[linux/amd64] [1/3] STEP 7/11: RUN make install-frontend-ci
cd web && npm ci --ignore-scripts
npm warn deprecated rimraf@3.0.2: Rimraf versions prior to v4 are no longer supported
npm warn deprecated inflight@1.0.6: This module is not supported, and leaks memory. Do not use it. Check out lru-cache if you want a good and tested way to coalesce async requests by a key value, which is much more comprehensive and powerful.
npm warn deprecated glob@7.2.3: Glob versions prior to v9 are no longer supported
npm warn deprecated i18next-parser@9.4.0: Project is deprecated, use i18next-cli instead
npm warn deprecated @types/webpack-dev-server@4.7.2: This is a stub types definition. webpack-dev-server provides its own type definitions, so you do not need this installed.
npm warn deprecated @humanwhocodes/config-array@0.11.14: Use @eslint/config-array instead
npm warn deprecated @humanwhocodes/object-schema@2.0.3: Use @eslint/object-schema instead
npm warn deprecated eslint@8.44.0: This version is no longer supported. Please see https://eslint.org/version-support for other options.
npm warn deprecated glob@10.5.0: Old versions of glob are not supported, and contain widely publicized security vulnerabilities, which have been fixed in the current version. Please update. Support for old versions may be purchased (at exorbitant rates) by contacting i@izs.me

added 1382 packages, and audited 1383 packages in 44s

284 packages are looking for funding
  run `npm fund` for details

39 vulnerabilities (2 low, 16 moderate, 20 high, 1 critical)

To address issues that do not require attention, run:
  npm audit fix

To address all issues possible (including breaking changes), run:
  npm audit fix --force

Some issues need review, and may require choosing
a different dependency.

Run `npm audit` for details.
--> 94d437650594
[linux/amd64] [1/3] STEP 8/11: COPY web/ web/
--> b060b117a923
[linux/amd64] [1/3] STEP 9/11: COPY config/ config/
--> e0fd47af2dcf
[linux/amd64] [1/3] STEP 10/11: ENV CONSOLE_PLUGIN_NAME="monitoring-console-plugin"
--> b0f3624d2a3f
[linux/amd64] [1/3] STEP 11/11: RUN make build-frontend
cd web && npm run build

> monitoring-plugin@0.4.0 build
> npm run clean && NODE_ENV=production npm run ts-node node_modules/.bin/webpack


> monitoring-plugin@0.4.0 clean
> rm -rf dist


> monitoring-plugin@0.4.0 ts-node
> ts-node -O '{"module":"commonjs"}' node_modules/.bin/webpack

DEPRECATION WARNING [legacy-js-api]: The legacy JS API is deprecated and will be removed in Dart Sass 2.0.0.

More info: https://sass-lang.com/d/legacy-js-api

DEPRECATION WARNING [legacy-js-api]: The legacy JS API is deprecated and will be removed in Dart Sass 2.0.0.

More info: https://sass-lang.com/d/legacy-js-api

DEPRECATION WARNING [legacy-js-api]: The legacy JS API is deprecated and will be removed in Dart Sass 2.0.0.

More info: https://sass-lang.com/d/legacy-js-api

DEPRECATION WARNING [legacy-js-api]: The legacy JS API is deprecated and will be removed in Dart Sass 2.0.0.

More info: https://sass-lang.com/d/legacy-js-api

DEPRECATION WARNING [legacy-js-api]: The legacy JS API is deprecated and will be removed in Dart Sass 2.0.0.

More info: https://sass-lang.com/d/legacy-js-api

assets by path *.js 9.09 MiB
  assets by chunk 8.34 MiB (id hint: vendors)
    assets by status 7.31 MiB [big] 3 assets
    + 36 assets
  + 97 assets
assets by path assets/ 1.33 MiB
  assets by chunk 1.27 MiB (auxiliary id hint: vendors) 84 assets
  asset assets/codicon..ttf 55.2 KiB [emitted] [from: components/metrics/codicon.ttf]
  asset assets/restricted-sign..svg 2.38 KiB [emitted] [from: components/console/imgs/restricted-sign.svg] (auxiliary name: exposed-MonitoringRouter)
assets by path locales/ 59.7 KiB
  asset locales/en/plugin__monitoring-console-plugin.json 19.3 KiB [emitted] [from: ../locales/en/plugin__monitoring-plugin.json] [copied]
  asset locales/ja/plugin__monitoring-console-plugin.json 14.9 KiB [emitted] [from: ../locales/ja/plugin__monitoring-plugin.json] [copied]
  asset locales/ko/plugin__monitoring-console-plugin.json 13.6 KiB [emitted] [from: ../locales/ko/plugin__monitoring-plugin.json] [copied]
  asset locales/zh/plugin__monitoring-console-plugin.json 11.9 KiB [emitted] [from: ../locales/zh/plugin__monitoring-plugin.json] [copied]
asset plugin-manifest.json 5.41 KiB [emitted]
orphan modules 20.4 MiB [orphan] 20670 modules
runtime modules 53 KiB 15 modules
built modules 18 MiB (javascript) 1.33 MiB (asset) 3.04 KiB (consume-shared) 2.75 KiB (share-init) [built]
  javascript modules 17.9 MiB 1637 modules
  asset modules 1.33 MiB (asset) 3.53 KiB (javascript)
    modules by path ../node_modules/ 1.27 MiB (asset) 3.45 KiB (javascript) 84 modules
    modules by path ./components/ 57.5 KiB (asset) 84 bytes (javascript) 2 modules
  consume-shared-module modules 3.04 KiB 74 modules
  provide-module modules 2.75 KiB
    modules by path provide shared module (default) @patternfly/react-core/dist/dynamic/ 1.93 KiB 47 modules
    modules by path provide shared module (default) @patternfly/react-icons/dist/dynamic/icons/ 756 bytes 18 modules
    modules by path provide shared module (default) @patternfly/react-table/dist/dynamic/components/ 84 bytes 2 modules
  ../node_modules/tlds/index.json 10.9 KiB [built] [code generated]

WARNING in asset size limit: The following asset(s) exceed the recommended size limit (244 KiB).
This can impact web performance.
Assets: 
  6966-chunk-51585fa2f3b3ce1f644e.min.js (2.42 MiB)
  2608-chunk-b8621f688195f5f8428e.min.js (4.56 MiB)
  6898-chunk-7f02beb01f61a974566c.min.js (342 KiB)

webpack 5.105.2 compiled with 1 warning in 125223 ms
--> 9bd848f238dc
[linux/arm64] [3/3] STEP 1/8: FROM registry.access.redhat.com/ubi9/ubi-minimal
[linux/arm64] [3/3] STEP 2/8: RUN mkdir /licenses
--> 8cb771cd2e93
[linux/arm64] [3/3] STEP 3/8: COPY LICENSE /licenses/.
--> edf13d00da24
[linux/arm64] [3/3] STEP 4/8: USER 1001
--> e0dce6d83b83
[linux/arm64] [3/3] STEP 5/8: COPY --from=web-builder /opt/app-root/web/dist /opt/app-root/web/dist
--> 211e49ac800c
[linux/arm64] [3/3] STEP 6/8: COPY --from=go-builder /opt/app-root/plugin-backend /opt/app-root
--> 3e252cbedf32
[linux/arm64] [3/3] STEP 7/8: COPY --from=web-builder /opt/app-root/config /opt/app-root/config
--> 14575771c98c
[linux/arm64] [3/3] STEP 8/8: ENTRYPOINT ["/opt/app-root/plugin-backend", "-static-path", "/opt/app-root/web/dist"]
[linux/arm64] [3/3] COMMIT
--> 6e0756cad542
[linux/amd64] [2/3] STEP 1/14: FROM registry.access.redhat.com/ubi9/go-toolset:1.26 AS go-builder
6e0756cad5425e571c3b8b375da695ca864d427ee4c45474759a4bd1b8a8af9a
Trying to pull registry.access.redhat.com/ubi9/go-toolset:1.26...
Getting image source signatures
Checking if image destination supports signatures
Copying blob sha256:9dd7a54704c5a666e57e3f6efc35e90fc6da8ad2923d77d60d1c573ef3315791
Copying blob sha256:56649e4df8eddef4709849b46063574b7ddb22fc98fb75409885c838a4c9d381
Copying blob sha256:5c9af8529e118dd5a8d55d669c48114bfef7c8f5d743e5e560639dfabca3a5f9
Copying blob sha256:d68194b0e4a172e16c5cbb1bc0479d22da58da64d376a5cdb885730c90f6fc5b
Copying config sha256:11c3fc29fb378f2b34bbf7921ad5e41b11f9631214b3369f21fc66619a1c7872
Writing manifest to image destination
Storing signatures
[linux/amd64] [2/3] STEP 2/14: WORKDIR /opt/app-root
--> Using cache 249c9c189ce8d0c9e8ed9338206092cdd86fc56fca24809c5d37e11a15994ef9
--> 249c9c189ce8
[linux/amd64] [2/3] STEP 3/14: COPY Makefile Makefile
--> a8789df3ac5f
[linux/amd64] [2/3] STEP 4/14: COPY go.mod go.mod
--> f4e7a81e30e9
[linux/amd64] [2/3] STEP 5/14: COPY go.sum go.sum
--> f4b6733d1868
[linux/amd64] [2/3] STEP 6/14: RUN make install-backend
go mod download
--> cad387b4a039
[linux/amd64] [2/3] STEP 7/14: COPY cmd/ cmd/
--> 64bba4fadd91
[linux/amd64] [2/3] STEP 8/14: COPY pkg/ pkg/
--> b12a4ea9ed25
[linux/amd64] [2/3] STEP 9/14: ENV GOOS=${TARGETOS:-linux}
--> 46c734027e8e
[linux/amd64] [2/3] STEP 10/14: ENV GOARCH=${TARGETARCH}
--> 9884c1d10e7e
[linux/amd64] [2/3] STEP 11/14: ENV GOEXPERIMENT=strictfipsruntime
--> 3c38e0cbe6b8
[linux/amd64] [2/3] STEP 12/14: ENV GOFLAGS=-mod=readonly
--> 26d12e703f7c
[linux/amd64] [2/3] STEP 13/14: ENV CGO_ENABLED=1
--> 479cc5213b49
[linux/amd64] [2/3] STEP 14/14: RUN make build-backend
go build  -mod=readonly -o plugin-backend cmd/plugin-backend.go
--> 8c326c81494b
[linux/amd64] [3/3] STEP 1/8: FROM registry.access.redhat.com/ubi9/ubi-minimal
Trying to pull registry.access.redhat.com/ubi9/ubi-minimal:latest...
Getting image source signatures
Checking if image destination supports signatures
Copying blob sha256:2943616793071e9fa96e298a7454ac45b7a498df6ca5c681004955a177cdf999
Copying config sha256:e3e6fe3b9c265802d2526c15071f59bd20f2d634fc82b7c633387d2cf2ec1056
Writing manifest to image destination
Storing signatures
[linux/amd64] [3/3] STEP 2/8: RUN mkdir /licenses
--> 0ed35871fe8d
[linux/amd64] [3/3] STEP 3/8: COPY LICENSE /licenses/.
--> 9bdb0406ba8b
[linux/amd64] [3/3] STEP 4/8: USER 1001
--> e0adc7da7404
[linux/amd64] [3/3] STEP 5/8: COPY --from=web-builder /opt/app-root/web/dist /opt/app-root/web/dist
--> 3c839dd306a1
[linux/amd64] [3/3] STEP 6/8: COPY --from=go-builder /opt/app-root/plugin-backend /opt/app-root
--> a48ad4387791
[linux/amd64] [3/3] STEP 7/8: COPY --from=web-builder /opt/app-root/config /opt/app-root/config
--> 21cb0ad1e32a
[linux/amd64] [3/3] STEP 8/8: ENTRYPOINT ["/opt/app-root/plugin-backend", "-static-path", "/opt/app-root/web/dist"]
[linux/amd64] [3/3] COMMIT
--> 15445b2d8f5f
15445b2d8f5f3bebcf7595fd411b773dc776925f14103871626471ad438c40c8
podman manifest push quay.io/openshift-observability-ui/monitoring-console-plugin:v0.4.5
Getting image list signatures
Copying 2 images generated from 2 images in list
Copying image sha256:af6924474dda3867401e244bf144146aab06a861aff3f608ea343de00c50a745 (1/2)
Getting image source signatures
Copying blob sha256:5e0c0516b794028658ae88ffcfcd76efa540e4fbc1cd5844aeafbcb20488674a
Copying blob sha256:b675783c142a8e3a5a1c8351d31267d593d982ed8ed653406d933361e5f10a41
Copying blob sha256:717e3a0cf5f59a8cfe7e9bd7b760b16ee649c65a5c4751efdb216d9418119d52
Copying blob sha256:4a3adce208fa4cfdca5b9814292c3dec59c8662aecf2e91ed3e672f6179757ca
Copying blob sha256:92bf6017b7ae3730970ea790ca6881ed959dcd420ad9274e90d0c3e04539a2b9
Copying blob sha256:6daa6f83a312bc78cc73db59a1a99e99f69042e612504c732607917c58c8ebf2
Copying config sha256:6e0756cad5425e571c3b8b375da695ca864d427ee4c45474759a4bd1b8a8af9a
Writing manifest to image destination
Copying image sha256:82fdd12fcecf0faa771ce35846ccf3bf26b23712876ced9b40550531e91a4efa (2/2)
Getting image source signatures
Copying blob sha256:6401f6678a2191f8803a31bfd7bcd81aa9f48a7d7c75c840dfdc2baf4c4ae541
Copying blob sha256:e0442af9d9e9aab262f9d59823573dfbddaf7ac00f0b967edc70b3b5a5f9b647
Copying blob sha256:56550161697f795bc52c827a70fe1e427be4c6bdf4e3c9b2d560f51c2524b6f3
Copying blob sha256:6fac2a4a5cf5e041805a351ba3e64943d3b194761c3f943ecbcead6397014f14
Copying blob sha256:0ff5ddf3c3916b0f8b8c1ac9ceb4a930b786d31603f669008b46f76af85644e1
Copying blob sha256:2bf62ed22c70155592a7ca8a8d212a41fed04b962809ef65b60071a5ce919bed
Copying config sha256:15445b2d8f5f3bebcf7595fd411b773dc776925f14103871626471ad438c40c8
Writing manifest to image destination
Writing manifest list to image destination
Storing list signatures
==========================================
Building distributed-tracing-plugin @ release-coo-1.5-ocp-4.19 with VERSION=v1.0.3 ORG=openshift-observability-ui
==========================================
Switched to a new branch 'release-coo-1.5-ocp-4.19'
branch 'release-coo-1.5-ocp-4.19' set up to track 'origin/release-coo-1.5-ocp-4.19'.
From https://github.com/openshift/distributed-tracing-console-plugin
 * branch            release-coo-1.5-ocp-4.19 -> FETCH_HEAD
Already up to date.
--- Attempt 1/3 ---
podman manifest rm quay.io/openshift-observability-ui/distributed-tracing-console-plugin:v1.0.3 || true
Error: quay.io/openshift-observability-ui/distributed-tracing-console-plugin:v1.0.3: image not known
podman manifest create quay.io/openshift-observability-ui/distributed-tracing-console-plugin:v1.0.3
d02752cf0696794f420de9379de7a183520496add63ba58c53a3f2a4b935c9ff
podman build --platform=linux/arm64,linux/amd64 --manifest quay.io/openshift-observability-ui/distributed-tracing-console-plugin:v1.0.3 -f Dockerfile
[linux/amd64] [1/3] STEP 1/8: FROM registry.redhat.io/ubi9/nodejs-22:latest AS web-builder
[linux/amd64] [1/3] STEP 2/8: WORKDIR /opt/app-root
--> Using cache 46caf77e96ba61f5b06ab9ef3cfa61b96f6b86a65f88014b8db1d2fe4bd0b7c7
--> 46caf77e96ba
[linux/amd64] [1/3] STEP 3/8: USER 0
--> Using cache 6745bb46d72d6d391cf435e53a6fb78abcca81a1bfa9d30c8c00b8869d0ebc39
--> 6745bb46d72d
[linux/amd64] [1/3] STEP 4/8: COPY web/package*.json web/
--> d04ca8cb1db0
[linux/amd64] [1/3] STEP 5/8: COPY Makefile Makefile
--> 00dd2c309818
[linux/amd64] [1/3] STEP 6/8: RUN make install-frontend-ci-clean
cd web && npm ci --ignore-scripts --omit=optional
npm warn deprecated rimraf@3.0.2: Rimraf versions prior to v4 are no longer supported
npm warn deprecated inflight@1.0.6: This module is not supported, and leaks memory. Do not use it. Check out lru-cache if you want a good and tested way to coalesce async requests by a key value, which is much more comprehensive and powerful.
npm warn deprecated glob@7.2.3: Glob versions prior to v9 are no longer supported
npm warn deprecated popper.js@1.16.1: You can find the new Popper v2 at @popperjs/core, this package is dedicated to the legacy v1
npm warn deprecated eslint@8.57.1: This version is no longer supported. Please see https://eslint.org/version-support for other options.
npm warn deprecated @humanwhocodes/config-array@0.13.0: Use @eslint/config-array instead
npm warn deprecated @humanwhocodes/object-schema@2.0.3: Use @eslint/object-schema instead
npm warn deprecated rimraf@2.7.1: Rimraf versions prior to v4 are no longer supported

added 1811 packages, and audited 1812 packages in 50s

312 packages are looking for funding
  run `npm fund` for details

38 vulnerabilities (2 low, 19 moderate, 16 high, 1 critical)

To address issues that do not require attention, run:
  npm audit fix

To address all issues possible (including breaking changes), run:
  npm audit fix --force

Some issues need review, and may require choosing
a different dependency.

Run `npm audit` for details.
cd web && npm cache clean --force
npm warn using --force Recommended protections disabled.
--> e7ea78b92e87
[linux/amd64] [1/3] STEP 7/8: COPY web/ web/
--> eb89179024b7
[linux/amd64] [1/3] STEP 8/8: RUN make build-frontend
cd web && npm run build

> distributed-tracing-console-plugin@1.0.0 build
> npm run clean && NODE_ENV=production npm run webpack


> distributed-tracing-console-plugin@1.0.0 clean
> rm -rf dist


> distributed-tracing-console-plugin@1.0.0 webpack
> node -r ts-node/register ./node_modules/.bin/webpack

assets by path assets/ 1.27 MiB
  assets by path assets/*.woff 740 KiB 42 assets
  assets by path assets/*.woff2 565 KiB
    asset assets/inter-latin-ext-600-normal..woff2 35.4 KiB [emitted] [from: ../node_modules/@fontsource/inter/files/inter-latin-ext-600-normal.woff2] (auxiliary id hint: vendors)
    asset assets/inter-latin-ext-700-normal..woff2 35.4 KiB [emitted] [from: ../node_modules/@fontsource/inter/files/inter-latin-ext-700-normal.woff2] (auxiliary id hint: vendors)
    + 40 assets
assets by path *.js 3.3 MiB
  assets by chunk 2.94 MiB (id hint: vendors)
    asset 1907-chunk-a659e32230067e72d6a9.min.js 2.61 MiB [emitted] [immutable] [minimized] [big] (id hint: vendors) 1 related asset
    asset 3864-chunk-29ef05162fade1526552.min.js 121 KiB [emitted] [immutable] [minimized] (id hint: vendors) 1 related asset
    asset 6808-chunk-3dbcba6b79bcfec54e21.min.js 42 KiB [emitted] [immutable] [minimized] (id hint: vendors)
    + 9 assets
  + 67 assets
asset locales/en/plugin__distributed-tracing-console-plugin.json 4.29 KiB [emitted] [from: ../locales/en/plugin__distributed-tracing-console-plugin.json] [copied]
asset plugin-manifest.json 895 bytes [emitted]
orphan modules 21.9 MiB [orphan] 13317 modules
runtime modules 34.7 KiB 14 modules
built modules 10.2 MiB (javascript) 1.27 MiB (asset) 1.6 KiB (consume-shared) 1.39 KiB (share-init) [built]
  javascript modules 10.2 MiB 721 modules
  asset modules 1.27 MiB (asset) 3.45 KiB (javascript)
    modules by path ../node_modules/@fontsource/inter/files/*.woff2 565 KiB (asset) 1.72 KiB (javascript) 42 modules
    modules by path ../node_modules/@fontsource/inter/files/*.woff 740 KiB (asset) 1.72 KiB (javascript) 42 modules
  consume-shared-module modules 1.6 KiB
    modules by path consume shared module (default) @patternfly/ 1.39 KiB 34 modules
    + 5 modules
  provide-module modules 1.39 KiB
    modules by path provide shared module (default) @patternfly/react-core/dist/dynamic/ 924 bytes 22 modules
    modules by path provide shared module (default) @patternfly/react-icons/dist/dynamic/icons/ 504 bytes 12 modules

WARNING in asset size limit: The following asset(s) exceed the recommended size limit (244 KiB).
This can impact web performance.
Assets: 
  1907-chunk-a659e32230067e72d6a9.min.js (2.61 MiB)

webpack 5.105.3 compiled with 1 warning in 97863 ms
--> c0e785f5cbb6
[linux/arm64] [1/3] STEP 1/8: FROM registry.redhat.io/ubi9/nodejs-22:latest AS web-builder
Trying to pull registry.redhat.io/ubi9/nodejs-22:latest...
Getting image source signatures
Checking if image destination supports signatures
Copying blob sha256:143df91a054c3d67ed690e7f87f430247e12263d24f8d216e794a40abed4caa8
Copying blob sha256:96c26ef68d364bcbd8f901e4664d7531ebb74699c6d8a69825e5925d8c6696c2
Copying blob sha256:3fa2c3ec93bd0d2914f8e021fa5b043ace5a704a440ecd2db626edd260f6a3c8
Copying config sha256:21c0269160eae1f56763a0def0f20ffead061334731e5fd18ceb2c7eca36dca5
Writing manifest to image destination
Storing signatures
[linux/arm64] [1/3] STEP 2/8: WORKDIR /opt/app-root
--> Using cache 146448a31d2fcfcd5a91a98d4a0c7d99547020a2f3b7985df74f9ee7ea8d4f17
--> 146448a31d2f
[linux/arm64] [1/3] STEP 3/8: USER 0
--> Using cache 50faba38c5114fa147b085f7edb0d428324b9b252ff7c16eb2958079515d5ded
--> 50faba38c511
[linux/arm64] [1/3] STEP 4/8: COPY web/package*.json web/
--> 00949adbf3b0
[linux/arm64] [1/3] STEP 5/8: COPY Makefile Makefile
--> 202d93847d85
[linux/arm64] [1/3] STEP 6/8: RUN make install-frontend-ci-clean
cd web && npm ci --ignore-scripts --omit=optional
npm warn deprecated rimraf@3.0.2: Rimraf versions prior to v4 are no longer supported
npm warn deprecated popper.js@1.16.1: You can find the new Popper v2 at @popperjs/core, this package is dedicated to the legacy v1
npm warn deprecated inflight@1.0.6: This module is not supported, and leaks memory. Do not use it. Check out lru-cache if you want a good and tested way to coalesce async requests by a key value, which is much more comprehensive and powerful.
npm warn deprecated glob@7.2.3: Glob versions prior to v9 are no longer supported
npm warn deprecated eslint@8.57.1: This version is no longer supported. Please see https://eslint.org/version-support for other options.
npm warn deprecated @humanwhocodes/object-schema@2.0.3: Use @eslint/object-schema instead
npm warn deprecated @humanwhocodes/config-array@0.13.0: Use @eslint/config-array instead
npm warn deprecated rimraf@2.7.1: Rimraf versions prior to v4 are no longer supported

added 1811 packages, and audited 1812 packages in 39s

312 packages are looking for funding
  run `npm fund` for details

38 vulnerabilities (2 low, 19 moderate, 16 high, 1 critical)

To address issues that do not require attention, run:
  npm audit fix

To address all issues possible (including breaking changes), run:
  npm audit fix --force

Some issues need review, and may require choosing
a different dependency.

Run `npm audit` for details.
cd web && npm cache clean --force
npm warn using --force Recommended protections disabled.
--> 6827e7e226c9
[linux/arm64] [1/3] STEP 7/8: COPY web/ web/
--> 64e571e68e66
[linux/arm64] [1/3] STEP 8/8: RUN make build-frontend
cd web && npm run build

> distributed-tracing-console-plugin@1.0.0 build
> npm run clean && NODE_ENV=production npm run webpack


> distributed-tracing-console-plugin@1.0.0 clean
> rm -rf dist


> distributed-tracing-console-plugin@1.0.0 webpack
> node -r ts-node/register ./node_modules/.bin/webpack

assets by path assets/ 1.27 MiB
  assets by path assets/*.woff 740 KiB 42 assets
  assets by path assets/*.woff2 565 KiB
    asset assets/inter-latin-ext-600-normal..woff2 35.4 KiB [emitted] [from: ../node_modules/@fontsource/inter/files/inter-latin-ext-600-normal.woff2] (auxiliary id hint: vendors)
    asset assets/inter-latin-ext-700-normal..woff2 35.4 KiB [emitted] [from: ../node_modules/@fontsource/inter/files/inter-latin-ext-700-normal.woff2] (auxiliary id hint: vendors)
    + 40 assets
assets by path *.js 3.3 MiB
  assets by chunk 2.94 MiB (id hint: vendors)
    asset 1907-chunk-a659e32230067e72d6a9.min.js 2.61 MiB [emitted] [immutable] [minimized] [big] (id hint: vendors) 1 related asset
    asset 3864-chunk-29ef05162fade1526552.min.js 121 KiB [emitted] [immutable] [minimized] (id hint: vendors) 1 related asset
    asset 6808-chunk-3dbcba6b79bcfec54e21.min.js 42 KiB [emitted] [immutable] [minimized] (id hint: vendors)
    + 9 assets
  + 67 assets
asset locales/en/plugin__distributed-tracing-console-plugin.json 4.29 KiB [emitted] [from: ../locales/en/plugin__distributed-tracing-console-plugin.json] [copied]
asset plugin-manifest.json 895 bytes [emitted]
orphan modules 21.9 MiB [orphan] 13317 modules
runtime modules 34.7 KiB 14 modules
built modules 10.2 MiB (javascript) 1.27 MiB (asset) 1.6 KiB (consume-shared) 1.39 KiB (share-init) [built]
  javascript modules 10.2 MiB 721 modules
  asset modules 1.27 MiB (asset) 3.45 KiB (javascript)
    modules by path ../node_modules/@fontsource/inter/files/*.woff2 565 KiB (asset) 1.72 KiB (javascript) 42 modules
    modules by path ../node_modules/@fontsource/inter/files/*.woff 740 KiB (asset) 1.72 KiB (javascript) 42 modules
  consume-shared-module modules 1.6 KiB
    modules by path consume shared module (default) @patternfly/ 1.39 KiB 34 modules
    + 5 modules
  provide-module modules 1.39 KiB
    modules by path provide shared module (default) @patternfly/react-core/dist/dynamic/ 924 bytes 22 modules
    modules by path provide shared module (default) @patternfly/react-icons/dist/dynamic/icons/ 504 bytes 12 modules

WARNING in asset size limit: The following asset(s) exceed the recommended size limit (244 KiB).
This can impact web performance.
Assets: 
  1907-chunk-a659e32230067e72d6a9.min.js (2.61 MiB)

webpack 5.105.3 compiled with 1 warning in 67306 ms
--> a59fc2b03c32
[linux/amd64] [2/3] STEP 1/11: FROM registry.access.redhat.com/ubi9/go-toolset:1.26 AS go-builder
[linux/amd64] [2/3] STEP 2/11: WORKDIR /opt/app-root
--> Using cache 249c9c189ce8d0c9e8ed9338206092cdd86fc56fca24809c5d37e11a15994ef9
--> 249c9c189ce8
[linux/amd64] [2/3] STEP 3/11: COPY Makefile Makefile
--> 59b1893e9c5d
[linux/amd64] [2/3] STEP 4/11: COPY go.mod go.mod
--> 0b575a0c01c1
[linux/amd64] [2/3] STEP 5/11: COPY go.sum go.sum
--> 626eb130c5d7
[linux/amd64] [2/3] STEP 6/11: RUN go mod download
--> 2d58f753660e
[linux/amd64] [2/3] STEP 7/11: COPY cmd/ cmd/
--> 2e65eaf9fb00
[linux/amd64] [2/3] STEP 8/11: COPY pkg/ pkg/
--> c39a7e29d070
[linux/amd64] [2/3] STEP 9/11: ENV GOEXPERIMENT=strictfipsruntime
--> fcd8e9aa1c5d
[linux/amd64] [2/3] STEP 10/11: ENV CGO_ENABLED=1
--> 6ded92afdd3f
[linux/amd64] [2/3] STEP 11/11: RUN make build-backend BUILD_OPTS="-tags strictfipsruntime"
go build -tags strictfipsruntime -o plugin-backend -mod=readonly cmd/plugin-backend.go
--> 68d232ca2017
[linux/arm64] [2/3] STEP 1/11: FROM registry.access.redhat.com/ubi9/go-toolset:1.26 AS go-builder
Trying to pull registry.access.redhat.com/ubi9/go-toolset:1.26...
Getting image source signatures
Checking if image destination supports signatures
Copying blob sha256:3b33bd74c459c543768665bc4406a7ec75fd6a2de94164c1ad9968e07c895aaf
Copying blob sha256:3fa2c3ec93bd0d2914f8e021fa5b043ace5a704a440ecd2db626edd260f6a3c8
Copying blob sha256:96c26ef68d364bcbd8f901e4664d7531ebb74699c6d8a69825e5925d8c6696c2
Copying blob sha256:852e434154bbab928ec83bdc7061dee5120584a0c35903abf2b024686bc65eb8
Copying config sha256:c9e40cb14364af57c6c2c0ca7a8afc8b39349b65e751b3062bf52d82bdc297cb
Writing manifest to image destination
Storing signatures
[linux/arm64] [2/3] STEP 2/11: WORKDIR /opt/app-root
--> Using cache 275d9d3558010c9a03d3348ab35720a53d8d7a01298d75858117915c94490556
--> 275d9d355801
[linux/arm64] [2/3] STEP 3/11: COPY Makefile Makefile
--> dc72b5013917
[linux/arm64] [2/3] STEP 4/11: COPY go.mod go.mod
--> 805ea491d548
[linux/arm64] [2/3] STEP 5/11: COPY go.sum go.sum
--> 9506f2f8625b
[linux/arm64] [2/3] STEP 6/11: RUN go mod download
--> 31de66255093
[linux/arm64] [2/3] STEP 7/11: COPY cmd/ cmd/
--> afa0bb5dc9b5
[linux/arm64] [2/3] STEP 8/11: COPY pkg/ pkg/
--> 065a8e60cfb2
[linux/arm64] [2/3] STEP 9/11: ENV GOEXPERIMENT=strictfipsruntime
--> aaefae0b9b30
[linux/arm64] [2/3] STEP 10/11: ENV CGO_ENABLED=1
--> d0908539e2fa
[linux/arm64] [2/3] STEP 11/11: RUN make build-backend BUILD_OPTS="-tags strictfipsruntime"
go build -tags strictfipsruntime -o plugin-backend -mod=readonly cmd/plugin-backend.go
--> 5c14458ff9ca
[linux/amd64] [3/3] STEP 1/4: FROM registry.access.redhat.com/ubi9/ubi-minimal
[linux/amd64] [3/3] STEP 2/4: COPY --from=web-builder /opt/app-root/web/dist /opt/app-root/web/dist
--> 21536db25563
[linux/amd64] [3/3] STEP 3/4: COPY --from=go-builder /opt/app-root/plugin-backend /opt/app-root
--> 93581a6686df
[linux/amd64] [3/3] STEP 4/4: ENTRYPOINT ["/opt/app-root/plugin-backend", "-static-path", "/opt/app-root/web/dist", "-config-path", "/opt/app-root/web/dist"]
[linux/amd64] [3/3] COMMIT
--> 9728cade49ab
[linux/arm64] [3/3] STEP 1/4: FROM registry.access.redhat.com/ubi9/ubi-minimal
9728cade49abe25ebe699c24cfca4146b6dd47ed95ff40c1f768faf3a5cf88d6
Trying to pull registry.access.redhat.com/ubi9/ubi-minimal:latest...
Getting image source signatures
Checking if image destination supports signatures
Copying blob sha256:8289a871631249c9c1a3b2366de832716cd43c77864c245a1c1364a2abeb5704
Copying config sha256:19a5d5dc0e92607939d631511c68a3b399a200a3bfbe6a1dfe726549e1527ae0
Writing manifest to image destination
Storing signatures
[linux/arm64] [3/3] STEP 2/4: COPY --from=web-builder /opt/app-root/web/dist /opt/app-root/web/dist
--> 95d27a35b717
[linux/arm64] [3/3] STEP 3/4: COPY --from=go-builder /opt/app-root/plugin-backend /opt/app-root
--> faa1a867e86d
[linux/arm64] [3/3] STEP 4/4: ENTRYPOINT ["/opt/app-root/plugin-backend", "-static-path", "/opt/app-root/web/dist", "-config-path", "/opt/app-root/web/dist"]
[linux/arm64] [3/3] COMMIT
--> a8ec4288ebe5
a8ec4288ebe583a03b849b47eb22842b7ddf00bb9a41ff71ec84c5bc72214b3b
podman manifest push quay.io/openshift-observability-ui/distributed-tracing-console-plugin:v1.0.3
Getting image list signatures
Copying 2 images generated from 2 images in list
Copying image sha256:badf2297eb543e5c7464b96c3219cfc350359a283e4b3606cfe4733c1e1929c9 (1/2)
Getting image source signatures
Copying blob sha256:7f7aa4985ec6191ac3ddc89ff8b287c25480a28759a63c7d6b0d02c2ccb3430c
Copying blob sha256:56550161697f795bc52c827a70fe1e427be4c6bdf4e3c9b2d560f51c2524b6f3
Copying blob sha256:cbaf9da610d898d009e7f3cdb6de2db06dde1fd269b4d17a7bb690ca6fba3ef8
Copying config sha256:9728cade49abe25ebe699c24cfca4146b6dd47ed95ff40c1f768faf3a5cf88d6
Writing manifest to image destination
Copying image sha256:5317f46b5c343c61297cb6e133ab65533dfafeaeb607c42925d858362eb9ec97 (2/2)
Getting image source signatures
Copying blob sha256:4e641ee9d92c584aa2703234c616f8d5d1c9c342cf32b77ca9c6354badd5992f
Copying blob sha256:5e0c0516b794028658ae88ffcfcd76efa540e4fbc1cd5844aeafbcb20488674a
Copying blob sha256:03e0ff1c070a27cbb87078815dfa3123e18b68e5bb9d72153cb24e7d3a42fd8d
Copying config sha256:a8ec4288ebe583a03b849b47eb22842b7ddf00bb9a41ff71ec84c5bc72214b3b
Writing manifest to image destination
Writing manifest list to image destination
Storing list signatures
==========================================
Building troubleshooting-panel-plugin @ release-coo-1.5-ocp-4.19 with VERSION=v0.4.5 ORG=openshift-observability-ui
==========================================
Switched to a new branch 'release-coo-1.5-ocp-4.19'
branch 'release-coo-1.5-ocp-4.19' set up to track 'origin/release-coo-1.5-ocp-4.19'.
From https://github.com/openshift/troubleshooting-panel-console-plugin
 * branch            release-coo-1.5-ocp-4.19 -> FETCH_HEAD
Already up to date.
--- Attempt 1/3 ---
podman manifest rm quay.io/openshift-observability-ui/troubleshooting-panel-console-plugin:v0.4.5 || true
Error: quay.io/openshift-observability-ui/troubleshooting-panel-console-plugin:v0.4.5: image not known
podman manifest create quay.io/openshift-observability-ui/troubleshooting-panel-console-plugin:v0.4.5
adc3caf671136bb6fa3bfc3fb6c53afe28efc47152fe3e8fcd16510bb92d3194
podman build --platform=linux/arm64,linux/amd64 --manifest quay.io/openshift-observability-ui/troubleshooting-panel-console-plugin:v0.4.5 -f Dockerfile
[linux/amd64] [1/3] STEP 1/8: FROM registry.access.redhat.com/ubi9/nodejs-22:latest AS web-builder
Trying to pull registry.access.redhat.com/ubi9/nodejs-22:latest...
Getting image source signatures
Checking if image destination supports signatures
Copying blob sha256:d74f03e958176d9f637ef3f0c60d433f7a81709a1fe56c62d203eef3a536739e
Copying blob sha256:56649e4df8eddef4709849b46063574b7ddb22fc98fb75409885c838a4c9d381
Copying blob sha256:5c9af8529e118dd5a8d55d669c48114bfef7c8f5d743e5e560639dfabca3a5f9
Copying config sha256:0f7698e0407d0631a81bf20e78ec1d23de169a3b85762c7d4d6c629fe8f1d963
Writing manifest to image destination
Storing signatures
[linux/amd64] [1/3] STEP 2/8: WORKDIR /opt/app-root
--> Using cache 46caf77e96ba61f5b06ab9ef3cfa61b96f6b86a65f88014b8db1d2fe4bd0b7c7
--> 46caf77e96ba
[linux/amd64] [1/3] STEP 3/8: USER 0
--> Using cache 6745bb46d72d6d391cf435e53a6fb78abcca81a1bfa9d30c8c00b8869d0ebc39
--> 6745bb46d72d
[linux/amd64] [1/3] STEP 4/8: COPY web/package*.json web/
--> 516760c302c6
[linux/amd64] [1/3] STEP 5/8: COPY Makefile Makefile
--> b3d59a219497
[linux/amd64] [1/3] STEP 6/8: RUN make install-frontend
cd web && npm install
npm warn deprecated whatwg-encoding@3.1.1: Use @exodus/bytes instead for a more spec-conformant and faster implementation
npm warn deprecated rimraf@3.0.2: Rimraf versions prior to v4 are no longer supported
npm warn deprecated inflight@1.0.6: This module is not supported, and leaks memory. Do not use it. Check out lru-cache if you want a good and tested way to coalesce async requests by a key value, which is much more comprehensive and powerful.
npm warn deprecated glob@7.2.3: Glob versions prior to v9 are no longer supported
npm warn deprecated domexception@4.0.0: Use your platform's native DOMException instead
npm warn deprecated abab@2.0.6: Use your platform's native atob() and btoa() methods instead
npm warn deprecated @humanwhocodes/object-schema@2.0.3: Use @eslint/object-schema instead
npm warn deprecated @humanwhocodes/config-array@0.13.0: Use @eslint/config-array instead
npm warn deprecated popper.js@1.16.1: You can find the new Popper v2 at @popperjs/core, this package is dedicated to the legacy v1
npm warn deprecated @fortawesome/react-fontawesome@0.2.6: v0.2.x is no longer supported. Unless you are still using FontAwesome 5, please update to v3.1.1 or greater.
npm warn deprecated whatwg-encoding@2.0.0: Use @exodus/bytes instead for a more spec-conformant and faster implementation
npm warn deprecated whatwg-encoding@2.0.0: Use @exodus/bytes instead for a more spec-conformant and faster implementation
npm warn deprecated eslint@8.57.1: This version is no longer supported. Please see https://eslint.org/version-support for other options.

added 1721 packages, and audited 1722 packages in 1m

315 packages are looking for funding
  run `npm fund` for details

19 vulnerabilities (2 low, 7 moderate, 9 high, 1 critical)

To address issues that do not require attention, run:
  npm audit fix

To address all issues (including breaking changes), run:
  npm audit fix --force

Run `npm audit` for details.
--> b7fcb88d1000
[linux/amd64] [1/3] STEP 7/8: COPY web/ web/
--> 29b4e342e1de
[linux/amd64] [1/3] STEP 8/8: RUN make build-frontend
cd web && npm run lint && npm run lint:tsc

> troubleshooting-panel-console-plugin@0.4.0 lint
> eslint ./src --fix &&  stylelint "src/**/*.css" --allow-empty-input --fix


> troubleshooting-panel-console-plugin@0.4.0 lint:tsc
> tsc --noEmit

cd web && npm run i18n && npm run build

> troubleshooting-panel-console-plugin@0.4.0 i18n
> i18n-scripts/build-i18n.sh && node i18n-scripts/set-english-defaults.js

+ FILE_PATTERN='{!(dist|node_modules)/**/*.{js,jsx,ts,tsx,json},*.{js,jsx,ts,tsx,json}}'
+ i18next '{!(dist|node_modules)/**/*.{js,jsx,ts,tsx,json},*.{js,jsx,ts,tsx,json}}' '[-oc]' -c ./i18next-parser.config.js -o 'locales/$LOCALE/$NAMESPACE.json'

  i18next Parser
  --------------
  Input:  {!(dist|node_modules)/**/*.{js,jsx,ts,tsx,json},*.{js,jsx,ts,tsx,json}}, [-oc]
  Output: locales/$LOCALE/$NAMESPACE.json

  [read]    /opt/app-root/web/console-extensions.json
  [read]    /opt/app-root/web/cypress.config.ts
  [read]    /opt/app-root/web/cypress/e2e/acceptance.cy.ts
  [read]    /opt/app-root/web/cypress/fixtures/data-test.ts
  [read]    /opt/app-root/web/cypress/support/commands/auth-commands.ts
  [read]    /opt/app-root/web/cypress/support/commands/env.ts
  [read]    /opt/app-root/web/cypress/support/commands/selector-commands.ts
  [read]    /opt/app-root/web/cypress/support/commands/troubeshoot-commands.ts
  [read]    /opt/app-root/web/cypress/support/commands/utility-commands.ts
  [read]    /opt/app-root/web/cypress/support/e2e.ts
  [read]    /opt/app-root/web/cypress/tsconfig.json
  [read]    /opt/app-root/web/cypress/views/nav.ts
  [read]    /opt/app-root/web/cypress/views/tour.ts
  [read]    /opt/app-root/web/cypress/views/utils.ts
  [read]    /opt/app-root/web/i18n-scripts/common.js
  [read]    /opt/app-root/web/i18n-scripts/set-english-defaults.js
  [read]    /opt/app-root/web/i18next-parser.config.js
  [read]    /opt/app-root/web/jest.config.js
  [read]    /opt/app-root/web/locales/en/plugin__troubleshooting-panel-console-plugin.json
  [read]    /opt/app-root/web/package-lock.json
  [read]    /opt/app-root/web/package.json
  [read]    /opt/app-root/web/src/__tests__/alert.spec.ts
  [read]    /opt/app-root/web/src/__tests__/all-domains.spec.ts
  [read]    /opt/app-root/web/src/__tests__/icons-preview.spec.tsx
  [read]    /opt/app-root/web/src/__tests__/k8s.spec.ts
  [read]    /opt/app-root/web/src/__tests__/log.spec.ts
  [read]    /opt/app-root/web/src/__tests__/metric.spec.ts
  [read]    /opt/app-root/web/src/__tests__/netflow.spec.ts
  [read]    /opt/app-root/web/src/__tests__/time.spec.ts
  [read]    /opt/app-root/web/src/__tests__/trace.spec.ts
  [read]    /opt/app-root/web/src/__tests__/types.spec.ts
  [read]    /opt/app-root/web/src/cancellable-fetch.ts
  [read]    /opt/app-root/web/src/components/AdvancedSearchForm.tsx
  [read]    /opt/app-root/web/src/components/DateTimePicker.tsx
  [read]    /opt/app-root/web/src/components/DateTimeRangePicker.tsx
  [read]    /opt/app-root/web/src/components/HelpPopover.tsx
  [read]    /opt/app-root/web/src/components/icons.tsx
  [read]    /opt/app-root/web/src/components/Korrel8rPanel.tsx
  [read]    /opt/app-root/web/src/components/KubernetesIcon.tsx
  [read]    /opt/app-root/web/src/components/NullContextProvider.tsx
  [read]    /opt/app-root/web/src/components/Popover.tsx
  [read]    /opt/app-root/web/src/components/TimeRangeDropdown.tsx
  [warning] Key is not a string literal
  [read]    /opt/app-root/web/src/components/TimeUnitPicker.tsx
  [read]    /opt/app-root/web/src/components/topology/Korrel8rTopology.tsx
  [read]    /opt/app-root/web/src/getResources.ts
  [read]    /opt/app-root/web/src/hooks/useBoolean.ts
  [read]    /opt/app-root/web/src/hooks/useDomains.tsx
  [read]    /opt/app-root/web/src/hooks/useKorrel8r.ts
  [read]    /opt/app-root/web/src/hooks/useLocationQuery.ts
  [read]    /opt/app-root/web/src/hooks/useNavigateToQuery.ts
  [read]    /opt/app-root/web/src/hooks/usePluginAvailable.ts
  [read]    /opt/app-root/web/src/hooks/usePopover.tsx
  [read]    /opt/app-root/web/src/hooks/useTroubleshootingPanel.tsx
  [read]    /opt/app-root/web/src/korrel8r-client.ts
  [read]    /opt/app-root/web/src/korrel8r/alert.ts
  [read]    /opt/app-root/web/src/korrel8r/all-domains.ts
  [read]    /opt/app-root/web/src/korrel8r/client/core/ApiError.ts
  [read]    /opt/app-root/web/src/korrel8r/client/core/ApiRequestOptions.ts
  [read]    /opt/app-root/web/src/korrel8r/client/core/ApiResult.ts
  [read]    /opt/app-root/web/src/korrel8r/client/core/BaseHttpRequest.ts
  [read]    /opt/app-root/web/src/korrel8r/client/core/CancelablePromise.ts
  [read]    /opt/app-root/web/src/korrel8r/client/core/FetchHttpRequest.ts
  [read]    /opt/app-root/web/src/korrel8r/client/core/OpenAPI.ts
  [read]    /opt/app-root/web/src/korrel8r/client/core/request.ts
  [read]    /opt/app-root/web/src/korrel8r/client/index.ts
  [read]    /opt/app-root/web/src/korrel8r/client/Korrel8rClient.ts
  [read]    /opt/app-root/web/src/korrel8r/client/models/Constraint.ts
  [read]    /opt/app-root/web/src/korrel8r/client/models/Domain.ts
  [read]    /opt/app-root/web/src/korrel8r/client/models/Edge.ts
  [read]    /opt/app-root/web/src/korrel8r/client/models/Goals.ts
  [read]    /opt/app-root/web/src/korrel8r/client/models/Graph.ts
  [read]    /opt/app-root/web/src/korrel8r/client/models/Neighbours.ts
  [read]    /opt/app-root/web/src/korrel8r/client/models/Node.ts
  [read]    /opt/app-root/web/src/korrel8r/client/models/QueryCount.ts
  [read]    /opt/app-root/web/src/korrel8r/client/models/Rule.ts
  [read]    /opt/app-root/web/src/korrel8r/client/models/Start.ts
  [read]    /opt/app-root/web/src/korrel8r/client/models/Store.ts
  [read]    /opt/app-root/web/src/korrel8r/client/services/DefaultService.ts
  [read]    /opt/app-root/web/src/korrel8r/k8s.ts
  [read]    /opt/app-root/web/src/korrel8r/log.ts
  [read]    /opt/app-root/web/src/korrel8r/metric.ts
  [read]    /opt/app-root/web/src/korrel8r/netflow.ts
  [read]    /opt/app-root/web/src/korrel8r/trace.ts
  [read]    /opt/app-root/web/src/korrel8r/types.ts
  [read]    /opt/app-root/web/src/redux-actions.ts
  [read]    /opt/app-root/web/src/redux-reducers.ts
  [read]    /opt/app-root/web/src/time.ts
  [read]    /opt/app-root/web/tsconfig.json
  [read]    /opt/app-root/web/webpack.config.ts
  [write]   /opt/app-root/web/locales/en/plugin__troubleshooting-panel-console-plugin.json

  Stats:  89 files were parsed

> troubleshooting-panel-console-plugin@0.4.0 build
> npm run clean && npm run ts-node node_modules/.bin/webpack


> troubleshooting-panel-console-plugin@0.4.0 clean
> rm -rf dist


> troubleshooting-panel-console-plugin@0.4.0 ts-node
> ts-node -O '{"module":"commonjs"}' node_modules/.bin/webpack

assets by path *.js 4.38 MiB
  assets by chunk 3.5 MiB (id hint: vendors)
    asset vendors-node_modules_fortawesome_react-fontawesome_index_es_js-node_modules_patternfly_react--e1c2c2-chunk.js 1.26 MiB [emitted] (id hint: vendors) 1 related asset
    asset vendors-node_modules_patternfly_react-core_dist_esm_helpers_Popper_Popper_js-chunk.js 1.04 MiB [emitted] (id hint: vendors) 1 related asset
    asset vendors-node_modules_immutable_dist_immutable_es_js-node_modules_typesafe-actions_dist_typesa-cdf261-chunk.js 183 KiB [emitted] (id hint: vendors) 1 related asset
    asset vendors-node_modules_openshift-console_dynamic-plugin-sdk_lib_utils_fetch_console-fetch-utils-7ba8c2-chunk.js 161 KiB [emitted] (id hint: vendors) 1 related asset
    asset vendors-node_modules_patternfly_react-core_dist_esm_components_DatePicker_index_js-chunk.js 94.8 KiB [emitted] (id hint: vendors) 1 related asset
    asset vendors-node_modules_patternfly_react-core_dist_esm_components_Menu_Menu_js-node_modules_patt-b35725-chunk.js 90.8 KiB [emitted] (id hint: vendors) 1 related asset
    asset vendors-node_modules_patternfly_react-core_dist_esm_helpers_FocusTrap_FocusTrap_js-node_modul-246622-chunk.js 80.1 KiB [emitted] (id hint: vendors) 1 related asset
    asset vendors-node_modules_patternfly_react-core_dist_esm_components_Form_index_js-chunk.js 63.3 KiB [emitted] (id hint: vendors) 1 related asset
    asset vendors-node_modules_patternfly_react-core_dist_esm_components_TimePicker_index_js-chunk.js 56.3 KiB [emitted] (id hint: vendors) 1 related asset
    + 13 assets
  + 76 assets
asset locales/en/plugin__troubleshooting-panel-console-plugin.json 3.35 KiB [emitted] [from: ../locales/en/plugin__troubleshooting-panel-console-plugin.json] [copied]
asset plugin-manifest.json 1.19 KiB [emitted]
orphan modules 13 KiB [orphan] 47 modules
runtime modules 81.9 KiB 12 modules
javascript modules 3.04 MiB 362 modules
consume-shared-module modules 1.89 KiB
  modules by path consume shared module (default) @patternfly/ 1.68 KiB 41 modules
  + 5 modules
provide-module modules 1.64 KiB
  modules by path provide shared module (default) @patternfly/react-core/dist/dynamic/ 1.11 KiB 27 modules
  modules by path provide shared module (default) @patternfly/react-icons/dist/dynamic/icons/ 546 bytes
    provide shared module (default) @patternfly/react-icons/dist/dynamic/icons/atten...(truncated) 42 bytes [built] [code generated]
    provide shared module (default) @patternfly/react-icons/dist/dynamic/icons/clust...(truncated) 42 bytes [built] [code generated]
    + 11 modules
../node_modules/@fortawesome/fontawesome-svg-core/package.json 1.39 KiB [optional] [built] [code generated]

LOG from @openshift-console/dynamic-plugin-sdk-webpack/lib/webpack/loaders/dynamic-module-import-loader ../node_modules/ts-loader/index.js??ruleSet[1].rules[0].use[0]!./components/KubernetesIcon.tsx
<w> Non-index and non-dynamic module import @patternfly/react-icons/dist/esm/createIcon

webpack 5.104.1 compiled successfully in 24290 ms
--> 1ce6f47e3b15
[linux/arm64] [1/3] STEP 1/8: FROM registry.access.redhat.com/ubi9/nodejs-22:latest AS web-builder
Trying to pull registry.access.redhat.com/ubi9/nodejs-22:latest...
Getting image source signatures
Checking if image destination supports signatures
Copying blob sha256:143df91a054c3d67ed690e7f87f430247e12263d24f8d216e794a40abed4caa8
Copying blob sha256:3fa2c3ec93bd0d2914f8e021fa5b043ace5a704a440ecd2db626edd260f6a3c8
Copying blob sha256:96c26ef68d364bcbd8f901e4664d7531ebb74699c6d8a69825e5925d8c6696c2
Copying config sha256:21c0269160eae1f56763a0def0f20ffead061334731e5fd18ceb2c7eca36dca5
Writing manifest to image destination
Storing signatures
[linux/arm64] [1/3] STEP 2/8: WORKDIR /opt/app-root
--> Using cache 146448a31d2fcfcd5a91a98d4a0c7d99547020a2f3b7985df74f9ee7ea8d4f17
--> 146448a31d2f
[linux/arm64] [1/3] STEP 3/8: USER 0
--> Using cache 50faba38c5114fa147b085f7edb0d428324b9b252ff7c16eb2958079515d5ded
--> 50faba38c511
[linux/arm64] [1/3] STEP 4/8: COPY web/package*.json web/
--> 9ed7ddce1e7b
[linux/arm64] [1/3] STEP 5/8: COPY Makefile Makefile
--> 27a4fd68a387
[linux/arm64] [1/3] STEP 6/8: RUN make install-frontend
cd web && npm install
npm warn deprecated whatwg-encoding@3.1.1: Use @exodus/bytes instead for a more spec-conformant and faster implementation
npm warn deprecated rimraf@3.0.2: Rimraf versions prior to v4 are no longer supported
npm warn deprecated inflight@1.0.6: This module is not supported, and leaks memory. Do not use it. Check out lru-cache if you want a good and tested way to coalesce async requests by a key value, which is much more comprehensive and powerful.
npm warn deprecated popper.js@1.16.1: You can find the new Popper v2 at @popperjs/core, this package is dedicated to the legacy v1
npm warn deprecated glob@7.2.3: Glob versions prior to v9 are no longer supported
npm warn deprecated domexception@4.0.0: Use your platform's native DOMException instead
npm warn deprecated abab@2.0.6: Use your platform's native atob() and btoa() methods instead
npm warn deprecated eslint@8.57.1: This version is no longer supported. Please see https://eslint.org/version-support for other options.
npm warn deprecated @humanwhocodes/object-schema@2.0.3: Use @eslint/object-schema instead
npm warn deprecated @humanwhocodes/config-array@0.13.0: Use @eslint/config-array instead
npm warn deprecated @fortawesome/react-fontawesome@0.2.6: v0.2.x is no longer supported. Unless you are still using FontAwesome 5, please update to v3.1.1 or greater.
npm warn deprecated whatwg-encoding@2.0.0: Use @exodus/bytes instead for a more spec-conformant and faster implementation
npm warn deprecated whatwg-encoding@2.0.0: Use @exodus/bytes instead for a more spec-conformant and faster implementation

added 1721 packages, and audited 1722 packages in 59s

315 packages are looking for funding
  run `npm fund` for details

19 vulnerabilities (2 low, 7 moderate, 9 high, 1 critical)

To address issues that do not require attention, run:
  npm audit fix

To address all issues (including breaking changes), run:
  npm audit fix --force

Run `npm audit` for details.
--> b5f5ebb9e2e1
[linux/arm64] [1/3] STEP 7/8: COPY web/ web/
--> a5f59d989384
[linux/arm64] [1/3] STEP 8/8: RUN make build-frontend
cd web && npm run lint && npm run lint:tsc

> troubleshooting-panel-console-plugin@0.4.0 lint
> eslint ./src --fix &&  stylelint "src/**/*.css" --allow-empty-input --fix


> troubleshooting-panel-console-plugin@0.4.0 lint:tsc
> tsc --noEmit

cd web && npm run i18n && npm run build

> troubleshooting-panel-console-plugin@0.4.0 i18n
> i18n-scripts/build-i18n.sh && node i18n-scripts/set-english-defaults.js

+ FILE_PATTERN='{!(dist|node_modules)/**/*.{js,jsx,ts,tsx,json},*.{js,jsx,ts,tsx,json}}'
+ i18next '{!(dist|node_modules)/**/*.{js,jsx,ts,tsx,json},*.{js,jsx,ts,tsx,json}}' '[-oc]' -c ./i18next-parser.config.js -o 'locales/$LOCALE/$NAMESPACE.json'

  i18next Parser
  --------------
  Input:  {!(dist|node_modules)/**/*.{js,jsx,ts,tsx,json},*.{js,jsx,ts,tsx,json}}, [-oc]
  Output: locales/$LOCALE/$NAMESPACE.json

  [read]    /opt/app-root/web/console-extensions.json
  [read]    /opt/app-root/web/cypress.config.ts
  [read]    /opt/app-root/web/cypress/e2e/acceptance.cy.ts
  [read]    /opt/app-root/web/cypress/fixtures/data-test.ts
  [read]    /opt/app-root/web/cypress/support/commands/auth-commands.ts
  [read]    /opt/app-root/web/cypress/support/commands/env.ts
  [read]    /opt/app-root/web/cypress/support/commands/selector-commands.ts
  [read]    /opt/app-root/web/cypress/support/commands/troubeshoot-commands.ts
  [read]    /opt/app-root/web/cypress/support/commands/utility-commands.ts
  [read]    /opt/app-root/web/cypress/support/e2e.ts
  [read]    /opt/app-root/web/cypress/tsconfig.json
  [read]    /opt/app-root/web/cypress/views/nav.ts
  [read]    /opt/app-root/web/cypress/views/tour.ts
  [read]    /opt/app-root/web/cypress/views/utils.ts
  [read]    /opt/app-root/web/i18n-scripts/common.js
  [read]    /opt/app-root/web/i18n-scripts/set-english-defaults.js
  [read]    /opt/app-root/web/i18next-parser.config.js
  [read]    /opt/app-root/web/jest.config.js
  [read]    /opt/app-root/web/locales/en/plugin__troubleshooting-panel-console-plugin.json
  [read]    /opt/app-root/web/package-lock.json
  [read]    /opt/app-root/web/package.json
  [read]    /opt/app-root/web/src/__tests__/alert.spec.ts
  [read]    /opt/app-root/web/src/__tests__/all-domains.spec.ts
  [read]    /opt/app-root/web/src/__tests__/icons-preview.spec.tsx
  [read]    /opt/app-root/web/src/__tests__/k8s.spec.ts
  [read]    /opt/app-root/web/src/__tests__/log.spec.ts
  [read]    /opt/app-root/web/src/__tests__/metric.spec.ts
  [read]    /opt/app-root/web/src/__tests__/netflow.spec.ts
  [read]    /opt/app-root/web/src/__tests__/time.spec.ts
  [read]    /opt/app-root/web/src/__tests__/trace.spec.ts
  [read]    /opt/app-root/web/src/__tests__/types.spec.ts
  [read]    /opt/app-root/web/src/cancellable-fetch.ts
  [read]    /opt/app-root/web/src/components/AdvancedSearchForm.tsx
  [read]    /opt/app-root/web/src/components/DateTimePicker.tsx
  [read]    /opt/app-root/web/src/components/DateTimeRangePicker.tsx
  [read]    /opt/app-root/web/src/components/HelpPopover.tsx
  [read]    /opt/app-root/web/src/components/icons.tsx
  [read]    /opt/app-root/web/src/components/Korrel8rPanel.tsx
  [read]    /opt/app-root/web/src/components/KubernetesIcon.tsx
  [read]    /opt/app-root/web/src/components/NullContextProvider.tsx
  [read]    /opt/app-root/web/src/components/Popover.tsx
  [read]    /opt/app-root/web/src/components/TimeRangeDropdown.tsx
  [warning] Key is not a string literal
  [read]    /opt/app-root/web/src/components/TimeUnitPicker.tsx
  [read]    /opt/app-root/web/src/components/topology/Korrel8rTopology.tsx
  [read]    /opt/app-root/web/src/getResources.ts
  [read]    /opt/app-root/web/src/hooks/useBoolean.ts
  [read]    /opt/app-root/web/src/hooks/useDomains.tsx
  [read]    /opt/app-root/web/src/hooks/useKorrel8r.ts
  [read]    /opt/app-root/web/src/hooks/useLocationQuery.ts
  [read]    /opt/app-root/web/src/hooks/useNavigateToQuery.ts
  [read]    /opt/app-root/web/src/hooks/usePluginAvailable.ts
  [read]    /opt/app-root/web/src/hooks/usePopover.tsx
  [read]    /opt/app-root/web/src/hooks/useTroubleshootingPanel.tsx
  [read]    /opt/app-root/web/src/korrel8r-client.ts
  [read]    /opt/app-root/web/src/korrel8r/alert.ts
  [read]    /opt/app-root/web/src/korrel8r/all-domains.ts
  [read]    /opt/app-root/web/src/korrel8r/client/core/ApiError.ts
  [read]    /opt/app-root/web/src/korrel8r/client/core/ApiRequestOptions.ts
  [read]    /opt/app-root/web/src/korrel8r/client/core/ApiResult.ts
  [read]    /opt/app-root/web/src/korrel8r/client/core/BaseHttpRequest.ts
  [read]    /opt/app-root/web/src/korrel8r/client/core/CancelablePromise.ts
  [read]    /opt/app-root/web/src/korrel8r/client/core/FetchHttpRequest.ts
  [read]    /opt/app-root/web/src/korrel8r/client/core/OpenAPI.ts
  [read]    /opt/app-root/web/src/korrel8r/client/core/request.ts
  [read]    /opt/app-root/web/src/korrel8r/client/index.ts
  [read]    /opt/app-root/web/src/korrel8r/client/Korrel8rClient.ts
  [read]    /opt/app-root/web/src/korrel8r/client/models/Constraint.ts
  [read]    /opt/app-root/web/src/korrel8r/client/models/Domain.ts
  [read]    /opt/app-root/web/src/korrel8r/client/models/Edge.ts
  [read]    /opt/app-root/web/src/korrel8r/client/models/Goals.ts
  [read]    /opt/app-root/web/src/korrel8r/client/models/Graph.ts
  [read]    /opt/app-root/web/src/korrel8r/client/models/Neighbours.ts
  [read]    /opt/app-root/web/src/korrel8r/client/models/Node.ts
  [read]    /opt/app-root/web/src/korrel8r/client/models/QueryCount.ts
  [read]    /opt/app-root/web/src/korrel8r/client/models/Rule.ts
  [read]    /opt/app-root/web/src/korrel8r/client/models/Start.ts
  [read]    /opt/app-root/web/src/korrel8r/client/models/Store.ts
  [read]    /opt/app-root/web/src/korrel8r/client/services/DefaultService.ts
  [read]    /opt/app-root/web/src/korrel8r/k8s.ts
  [read]    /opt/app-root/web/src/korrel8r/log.ts
  [read]    /opt/app-root/web/src/korrel8r/metric.ts
  [read]    /opt/app-root/web/src/korrel8r/netflow.ts
  [read]    /opt/app-root/web/src/korrel8r/trace.ts
  [read]    /opt/app-root/web/src/korrel8r/types.ts
  [read]    /opt/app-root/web/src/redux-actions.ts
  [read]    /opt/app-root/web/src/redux-reducers.ts
  [read]    /opt/app-root/web/src/time.ts
  [read]    /opt/app-root/web/tsconfig.json
  [read]    /opt/app-root/web/webpack.config.ts
  [write]   /opt/app-root/web/locales/en/plugin__troubleshooting-panel-console-plugin.json

  Stats:  89 files were parsed

> troubleshooting-panel-console-plugin@0.4.0 build
> npm run clean && npm run ts-node node_modules/.bin/webpack


> troubleshooting-panel-console-plugin@0.4.0 clean
> rm -rf dist


> troubleshooting-panel-console-plugin@0.4.0 ts-node
> ts-node -O '{"module":"commonjs"}' node_modules/.bin/webpack

assets by path *.js 4.38 MiB
  assets by chunk 3.5 MiB (id hint: vendors)
    asset vendors-node_modules_fortawesome_react-fontawesome_index_es_js-node_modules_patternfly_react--e1c2c2-chunk.js 1.26 MiB [emitted] (id hint: vendors) 1 related asset
    asset vendors-node_modules_patternfly_react-core_dist_esm_helpers_Popper_Popper_js-chunk.js 1.04 MiB [emitted] (id hint: vendors) 1 related asset
    asset vendors-node_modules_immutable_dist_immutable_es_js-node_modules_typesafe-actions_dist_typesa-cdf261-chunk.js 183 KiB [emitted] (id hint: vendors) 1 related asset
    asset vendors-node_modules_openshift-console_dynamic-plugin-sdk_lib_utils_fetch_console-fetch-utils-7ba8c2-chunk.js 161 KiB [emitted] (id hint: vendors) 1 related asset
    asset vendors-node_modules_patternfly_react-core_dist_esm_components_DatePicker_index_js-chunk.js 94.8 KiB [emitted] (id hint: vendors) 1 related asset
    asset vendors-node_modules_patternfly_react-core_dist_esm_components_Menu_Menu_js-node_modules_patt-b35725-chunk.js 90.8 KiB [emitted] (id hint: vendors) 1 related asset
    asset vendors-node_modules_patternfly_react-core_dist_esm_helpers_FocusTrap_FocusTrap_js-node_modul-246622-chunk.js 80.1 KiB [emitted] (id hint: vendors) 1 related asset
    asset vendors-node_modules_patternfly_react-core_dist_esm_components_Form_index_js-chunk.js 63.3 KiB [emitted] (id hint: vendors) 1 related asset
    asset vendors-node_modules_patternfly_react-core_dist_esm_components_TimePicker_index_js-chunk.js 56.3 KiB [emitted] (id hint: vendors) 1 related asset
    + 13 assets
  + 76 assets
asset locales/en/plugin__troubleshooting-panel-console-plugin.json 3.35 KiB [emitted] [from: ../locales/en/plugin__troubleshooting-panel-console-plugin.json] [copied]
asset plugin-manifest.json 1.19 KiB [emitted]
orphan modules 13 KiB [orphan] 47 modules
runtime modules 81.9 KiB 12 modules
javascript modules 3.04 MiB 362 modules
consume-shared-module modules 1.89 KiB
  modules by path consume shared module (default) @patternfly/ 1.68 KiB 41 modules
  + 5 modules
provide-module modules 1.64 KiB
  modules by path provide shared module (default) @patternfly/react-core/dist/dynamic/ 1.11 KiB 27 modules
  modules by path provide shared module (default) @patternfly/react-icons/dist/dynamic/icons/ 546 bytes
    provide shared module (default) @patternfly/react-icons/dist/dynamic/icons/atten...(truncated) 42 bytes [built] [code generated]
    provide shared module (default) @patternfly/react-icons/dist/dynamic/icons/clust...(truncated) 42 bytes [built] [code generated]
    + 11 modules
../node_modules/@fortawesome/fontawesome-svg-core/package.json 1.39 KiB [optional] [built] [code generated]

LOG from @openshift-console/dynamic-plugin-sdk-webpack/lib/webpack/loaders/dynamic-module-import-loader ../node_modules/ts-loader/index.js??ruleSet[1].rules[0].use[0]!./components/KubernetesIcon.tsx
<w> Non-index and non-dynamic module import @patternfly/react-icons/dist/esm/createIcon

webpack 5.104.1 compiled successfully in 13476 ms
--> b725f522088e
[linux/amd64] [2/3] STEP 1/11: FROM registry.access.redhat.com/ubi9/go-toolset:1.26 AS go-builder
Trying to pull registry.access.redhat.com/ubi9/go-toolset:1.26...
Getting image source signatures
Checking if image destination supports signatures
Copying blob sha256:9dd7a54704c5a666e57e3f6efc35e90fc6da8ad2923d77d60d1c573ef3315791
Copying blob sha256:56649e4df8eddef4709849b46063574b7ddb22fc98fb75409885c838a4c9d381
Copying blob sha256:5c9af8529e118dd5a8d55d669c48114bfef7c8f5d743e5e560639dfabca3a5f9
Copying blob sha256:d68194b0e4a172e16c5cbb1bc0479d22da58da64d376a5cdb885730c90f6fc5b
Copying config sha256:11c3fc29fb378f2b34bbf7921ad5e41b11f9631214b3369f21fc66619a1c7872
Writing manifest to image destination
Storing signatures
[linux/amd64] [2/3] STEP 2/11: WORKDIR /opt/app-root
--> Using cache 249c9c189ce8d0c9e8ed9338206092cdd86fc56fca24809c5d37e11a15994ef9
--> 249c9c189ce8
[linux/amd64] [2/3] STEP 3/11: COPY Makefile Makefile
--> a325bf20fe9c
[linux/amd64] [2/3] STEP 4/11: COPY go.mod go.mod
--> f86ab7516e96
[linux/amd64] [2/3] STEP 5/11: COPY go.sum go.sum
--> 2af1d155d169
[linux/amd64] [2/3] STEP 6/11: RUN go mod download
--> 3488bf81ca3c
[linux/amd64] [2/3] STEP 7/11: COPY cmd/ cmd/
--> 070f1044865e
[linux/amd64] [2/3] STEP 8/11: COPY pkg/ pkg/
--> 9beefa084ecd
[linux/amd64] [2/3] STEP 9/11: ENV GOEXPERIMENT=strictfipsruntime
--> 74c80c399f6f
[linux/amd64] [2/3] STEP 10/11: ENV CGO_ENABLED=1
--> e244f735b9d6
[linux/amd64] [2/3] STEP 11/11: RUN make build-backend BUILD_OPTS="-tags strictfipsruntime"
go build -tags strictfipsruntime -o plugin-backend -mod=readonly cmd/plugin-backend.go
--> 862e110db03a
[linux/arm64] [2/3] STEP 1/11: FROM registry.access.redhat.com/ubi9/go-toolset:1.26 AS go-builder
Trying to pull registry.access.redhat.com/ubi9/go-toolset:1.26...
Getting image source signatures
Checking if image destination supports signatures
Copying blob sha256:3b33bd74c459c543768665bc4406a7ec75fd6a2de94164c1ad9968e07c895aaf
Copying blob sha256:3fa2c3ec93bd0d2914f8e021fa5b043ace5a704a440ecd2db626edd260f6a3c8
Copying blob sha256:96c26ef68d364bcbd8f901e4664d7531ebb74699c6d8a69825e5925d8c6696c2
Copying blob sha256:852e434154bbab928ec83bdc7061dee5120584a0c35903abf2b024686bc65eb8
Copying config sha256:c9e40cb14364af57c6c2c0ca7a8afc8b39349b65e751b3062bf52d82bdc297cb
Writing manifest to image destination
Storing signatures
[linux/arm64] [2/3] STEP 2/11: WORKDIR /opt/app-root
--> Using cache 275d9d3558010c9a03d3348ab35720a53d8d7a01298d75858117915c94490556
--> 275d9d355801
[linux/arm64] [2/3] STEP 3/11: COPY Makefile Makefile
--> e828a1ead30d
[linux/arm64] [2/3] STEP 4/11: COPY go.mod go.mod
--> 25c1b3199c20
[linux/arm64] [2/3] STEP 5/11: COPY go.sum go.sum
--> 09fabc9232eb
[linux/arm64] [2/3] STEP 6/11: RUN go mod download
--> cc472732d8ae
[linux/arm64] [2/3] STEP 7/11: COPY cmd/ cmd/
--> b5101f2f938e
[linux/arm64] [2/3] STEP 8/11: COPY pkg/ pkg/
--> 35e795091584
[linux/arm64] [2/3] STEP 9/11: ENV GOEXPERIMENT=strictfipsruntime
--> c84e7a643053
[linux/arm64] [2/3] STEP 10/11: ENV CGO_ENABLED=1
--> 1a705c86d423
[linux/arm64] [2/3] STEP 11/11: RUN make build-backend BUILD_OPTS="-tags strictfipsruntime"
go build -tags strictfipsruntime -o plugin-backend -mod=readonly cmd/plugin-backend.go
--> a559e63e3c36
[linux/amd64] [3/3] STEP 1/4: FROM registry.access.redhat.com/ubi9/ubi-minimal
Trying to pull registry.access.redhat.com/ubi9/ubi-minimal:latest...
Getting image source signatures
Checking if image destination supports signatures
Copying blob sha256:2943616793071e9fa96e298a7454ac45b7a498df6ca5c681004955a177cdf999
Copying config sha256:e3e6fe3b9c265802d2526c15071f59bd20f2d634fc82b7c633387d2cf2ec1056
Writing manifest to image destination
Storing signatures
[linux/amd64] [3/3] STEP 2/4: COPY --from=web-builder /opt/app-root/web/dist /opt/app-root/web/dist
--> daeff4725e15
[linux/amd64] [3/3] STEP 3/4: COPY --from=go-builder /opt/app-root/plugin-backend /opt/app-root
--> dd518f42fe5c
[linux/amd64] [3/3] STEP 4/4: ENTRYPOINT ["/opt/app-root/plugin-backend", "-static-path", "/opt/app-root/web/dist"]
[linux/amd64] [3/3] COMMIT
--> fb020cf0d939
[linux/arm64] [3/3] STEP 1/4: FROM registry.access.redhat.com/ubi9/ubi-minimal
fb020cf0d9390c5058c973ecc39af1c7b7ab2bcee4069c8cb0bb7a32cfcb2939
Trying to pull registry.access.redhat.com/ubi9/ubi-minimal:latest...
Getting image source signatures
Checking if image destination supports signatures
Copying blob sha256:8289a871631249c9c1a3b2366de832716cd43c77864c245a1c1364a2abeb5704
Copying config sha256:19a5d5dc0e92607939d631511c68a3b399a200a3bfbe6a1dfe726549e1527ae0
Writing manifest to image destination
Storing signatures
[linux/arm64] [3/3] STEP 2/4: COPY --from=web-builder /opt/app-root/web/dist /opt/app-root/web/dist
--> d8e74eff4a0d
[linux/arm64] [3/3] STEP 3/4: COPY --from=go-builder /opt/app-root/plugin-backend /opt/app-root
--> b7d20063bf84
[linux/arm64] [3/3] STEP 4/4: ENTRYPOINT ["/opt/app-root/plugin-backend", "-static-path", "/opt/app-root/web/dist"]
[linux/arm64] [3/3] COMMIT
--> 37e04008986d
37e04008986d819ede923a8f2da6578f4b68893a03742309c0404dec02285e70
podman manifest push quay.io/openshift-observability-ui/troubleshooting-panel-console-plugin:v0.4.5
Getting image list signatures
Copying 2 images generated from 2 images in list
Copying image sha256:38edcdb9b37944625bd8dc3a014b5f7b4afb897b02b9fe00450c02a298739942 (1/2)
Getting image source signatures
Copying blob sha256:7371b546ed74a7d7ee16de0aad434809376d8aee946c0efe8bf865d750e66ac1
Copying blob sha256:56550161697f795bc52c827a70fe1e427be4c6bdf4e3c9b2d560f51c2524b6f3
Copying blob sha256:f2ac57812346b599bd2e4a792694bee2416d834173eb2f334a8d5ca97eb4a78e
Copying config sha256:fb020cf0d9390c5058c973ecc39af1c7b7ab2bcee4069c8cb0bb7a32cfcb2939
Writing manifest to image destination
Copying image sha256:09148850de5cc40b5814c0a629ea4fe8701736af27cb42809c93caf42b55b061 (2/2)
Getting image source signatures
Copying blob sha256:63cbdec06d885acbf38f94fc0da5e02a58ef3cbd137fbffc1beb6b90c3da7fce
Copying blob sha256:5e0c0516b794028658ae88ffcfcd76efa540e4fbc1cd5844aeafbcb20488674a
Copying blob sha256:764f02e57a23b60e10401a7f90a3d0de33b14c7a6e8e4afa5c39ff5bfcf5bfd5
Copying config sha256:37e04008986d819ede923a8f2da6578f4b68893a03742309c0404dec02285e70
Writing manifest to image destination
Writing manifest list to image destination
Storing list signatures
==========================================
Building monitoring-plugin @ release-coo-1.5-ocp-4.19 with VERSION=v0.5.4 ORG=openshift-observability-ui
==========================================
Switched to a new branch 'release-coo-1.5-ocp-4.19'
branch 'release-coo-1.5-ocp-4.19' set up to track 'origin/release-coo-1.5-ocp-4.19'.
From https://github.com/openshift/monitoring-plugin
 * branch              release-coo-1.5-ocp-4.19 -> FETCH_HEAD
Already up to date.
--- Attempt 1/3 ---
podman manifest rm quay.io/openshift-observability-ui/monitoring-console-plugin:v0.5.4 || true
Error: quay.io/openshift-observability-ui/monitoring-console-plugin:v0.5.4: image not known
podman manifest create quay.io/openshift-observability-ui/monitoring-console-plugin:v0.5.4
e78f9962f142cb4623e961f492890d314fded806d298bf78582bcc88e8fe7af0
podman build --platform linux/arm64,linux/amd64 --manifest quay.io/openshift-observability-ui/monitoring-console-plugin:v0.5.4 -f Dockerfile.mcp
[linux/amd64] [1/3] STEP 1/11: FROM registry.redhat.io/ubi9/nodejs-22:latest AS web-builder
Trying to pull registry.redhat.io/ubi9/nodejs-22:latest...
Getting image source signatures
Checking if image destination supports signatures
Copying blob sha256:d74f03e958176d9f637ef3f0c60d433f7a81709a1fe56c62d203eef3a536739e
Copying blob sha256:56649e4df8eddef4709849b46063574b7ddb22fc98fb75409885c838a4c9d381
Copying blob sha256:5c9af8529e118dd5a8d55d669c48114bfef7c8f5d743e5e560639dfabca3a5f9
Copying config sha256:0f7698e0407d0631a81bf20e78ec1d23de169a3b85762c7d4d6c629fe8f1d963
Writing manifest to image destination
Storing signatures
[linux/amd64] [1/3] STEP 2/11: WORKDIR /opt/app-root
--> Using cache 46caf77e96ba61f5b06ab9ef3cfa61b96f6b86a65f88014b8db1d2fe4bd0b7c7
--> 46caf77e96ba
[linux/amd64] [1/3] STEP 3/11: USER 0
--> Using cache 6745bb46d72d6d391cf435e53a6fb78abcca81a1bfa9d30c8c00b8869d0ebc39
--> 6745bb46d72d
[linux/amd64] [1/3] STEP 4/11: ENV HUSKY=0
--> Using cache 553b43b50f5284068aec6569c5351039a8627c17337da821a9de97a1d0bd0e4d
--> 553b43b50f52
[linux/amd64] [1/3] STEP 5/11: COPY web/package*.json web/
--> 9bf94bf8c08e
[linux/amd64] [1/3] STEP 6/11: COPY Makefile Makefile
--> f56fd079e04e
[linux/amd64] [1/3] STEP 7/11: RUN make install-frontend-ci
cd web && npm ci --ignore-scripts
npm warn deprecated rimraf@3.0.2: Rimraf versions prior to v4 are no longer supported
npm warn deprecated lodash.get@4.4.2: This package is deprecated. Use the optional chaining (?.) operator instead.
npm warn deprecated inflight@1.0.6: This module is not supported, and leaks memory. Do not use it. Check out lru-cache if you want a good and tested way to coalesce async requests by a key value, which is much more comprehensive and powerful.
npm warn deprecated glob@7.2.3: Glob versions prior to v9 are no longer supported
npm warn deprecated i18next-parser@9.4.0: Project is deprecated, use i18next-cli instead
npm warn deprecated popper.js@1.16.1: You can find the new Popper v2 at @popperjs/core, this package is dedicated to the legacy v1
npm warn deprecated @humanwhocodes/config-array@0.13.0: Use @eslint/config-array instead
npm warn deprecated @humanwhocodes/object-schema@2.0.3: Use @eslint/object-schema instead
npm warn deprecated eslint@8.57.1: This version is no longer supported. Please see https://eslint.org/version-support for other options.
npm warn deprecated glob@10.5.0: Old versions of glob are not supported, and contain widely publicized security vulnerabilities, which have been fixed in the current version. Please update. Support for old versions may be purchased (at exorbitant rates) by contacting i@izs.me
npm warn deprecated glob@10.5.0: Old versions of glob are not supported, and contain widely publicized security vulnerabilities, which have been fixed in the current version. Please update. Support for old versions may be purchased (at exorbitant rates) by contacting i@izs.me
npm warn deprecated glob@10.5.0: Old versions of glob are not supported, and contain widely publicized security vulnerabilities, which have been fixed in the current version. Please update. Support for old versions may be purchased (at exorbitant rates) by contacting i@izs.me
npm warn deprecated glob@10.5.0: Old versions of glob are not supported, and contain widely publicized security vulnerabilities, which have been fixed in the current version. Please update. Support for old versions may be purchased (at exorbitant rates) by contacting i@izs.me

added 1873 packages, and audited 1874 packages in 54s

308 packages are looking for funding
  run `npm fund` for details

42 vulnerabilities (3 low, 18 moderate, 20 high, 1 critical)

To address issues that do not require attention, run:
  npm audit fix

To address all issues possible (including breaking changes), run:
  npm audit fix --force

Some issues need review, and may require choosing
a different dependency.

Run `npm audit` for details.
--> 5f12b3065b11
[linux/amd64] [1/3] STEP 8/11: COPY web/ web/
--> a2636ed87f61
[linux/amd64] [1/3] STEP 9/11: COPY config/ config/
--> 3c1ac533d0ff
[linux/amd64] [1/3] STEP 10/11: ENV CONSOLE_PLUGIN_NAME="monitoring-console-plugin"
--> 24c7c4055fcf
[linux/amd64] [1/3] STEP 11/11: RUN make build-frontend
cd web && npm run build

> monitoring-plugin@0.5.0 build
> npm run clean && NODE_ENV=production npm run ts-node node_modules/.bin/webpack


> monitoring-plugin@0.5.0 clean
> rm -rf dist


> monitoring-plugin@0.5.0 ts-node
> ts-node -O '{"module":"commonjs"}' node_modules/.bin/webpack

DEPRECATION WARNING [legacy-js-api]: The legacy JS API is deprecated and will be removed in Dart Sass 2.0.0.

More info: https://sass-lang.com/d/legacy-js-api

assets by path *.js 9.59 MiB
  assets by chunk 8.28 MiB (id hint: vendors)
    assets by status 7.3 MiB [big] 4 assets
    + 38 assets
  + 165 assets
assets by path assets/ 1.28 MiB
  assets by path assets/*.woff 740 KiB 42 assets
  assets by path assets/*.woff2 565 KiB 42 assets
  asset assets/restricted-sign..svg 2.38 KiB [emitted] [from: components/console/imgs/restricted-sign.svg] (auxiliary name: CmoAlertsPage, exposed-AlertRulesDetailsPage, exposed-AlertsDetailsPage, exposed-IncidentsPage, exposed-SilenceEditPage, exposed-SilencesDetailsPage, exposed-TargetsPage)
assets by path locales/ 115 KiB
  asset locales/en/plugin__monitoring-console-plugin.json 21.7 KiB [emitted] [from: ../locales/en/plugin__monitoring-plugin.json] [copied]
  asset locales/ja/plugin__monitoring-console-plugin.json 20.7 KiB [emitted] [from: ../locales/ja/plugin__monitoring-plugin.json] [copied]
  asset locales/fr/plugin__monitoring-console-plugin.json 19.3 KiB [emitted] [from: ../locales/fr/plugin__monitoring-plugin.json] [copied]
  + 3 assets
asset plugin-manifest.json 7.02 KiB [emitted]
orphan modules 19.4 MiB [orphan] 20194 modules
runtime modules 59.6 KiB 15 modules
built modules 17.8 MiB (javascript) 1.28 MiB (asset) 3.28 KiB (consume-shared) 3.04 KiB (share-init) [built]
  javascript modules 17.8 MiB 1728 modules
  asset modules 1.28 MiB (asset) 3.49 KiB (javascript)
    modules by path ../node_modules/@fontsource/inter/files/*.woff2 565 KiB (asset) 1.72 KiB (javascript) 42 modules
    modules by path ../node_modules/@fontsource/inter/files/*.woff 740 KiB (asset) 1.72 KiB (javascript) 42 modules
    ./components/console/imgs/restricted-sign.svg 2.38 KiB (asset) 42 bytes (javascript) [built] [code generated]
  consume-shared-module modules 3.28 KiB 80 modules
  provide-module modules 3.04 KiB
    modules by path provide shared module (default) @patternfly/react-core/dist/dynamic/ 1.93 KiB 47 modules
    modules by path provide shared module (default) @patternfly/react-icons/dist/dynamic/icons/ 1.03 KiB 25 modules
    modules by path provide shared module (default) @patternfly/react-table/dist/dynamic/components/ 84 bytes 2 modules
  ../node_modules/tlds/index.json 10.9 KiB [built] [code generated]

WARNING in asset size limit: The following asset(s) exceed the recommended size limit (244 KiB).
This can impact web performance.
Assets: 
  4617-chunk-d26499fbc029304a133e.min.js (311 KiB)
  9810-chunk-a64b894c03accad280e9.min.js (402 KiB)
  7534-chunk-7747d0708edacccd0897.min.js (2.08 MiB)
  8433-chunk-bb63bedb62c64aef9357.min.js (4.53 MiB)

webpack 5.105.2 compiled with 1 warning in 139328 ms
--> 24428018d1e5
[linux/amd64] [2/3] STEP 1/14: FROM registry.access.redhat.com/ubi9/go-toolset:1.26 AS go-builder
Trying to pull registry.access.redhat.com/ubi9/go-toolset:1.26...
Getting image source signatures
Checking if image destination supports signatures
Copying blob sha256:9dd7a54704c5a666e57e3f6efc35e90fc6da8ad2923d77d60d1c573ef3315791
Copying blob sha256:5c9af8529e118dd5a8d55d669c48114bfef7c8f5d743e5e560639dfabca3a5f9
Copying blob sha256:d68194b0e4a172e16c5cbb1bc0479d22da58da64d376a5cdb885730c90f6fc5b
Copying blob sha256:56649e4df8eddef4709849b46063574b7ddb22fc98fb75409885c838a4c9d381
Copying config sha256:11c3fc29fb378f2b34bbf7921ad5e41b11f9631214b3369f21fc66619a1c7872
Writing manifest to image destination
Storing signatures
[linux/amd64] [2/3] STEP 2/14: WORKDIR /opt/app-root
--> Using cache 249c9c189ce8d0c9e8ed9338206092cdd86fc56fca24809c5d37e11a15994ef9
--> 249c9c189ce8
[linux/amd64] [2/3] STEP 3/14: COPY Makefile Makefile
--> a49c7a49e3c5
[linux/amd64] [2/3] STEP 4/14: COPY go.mod go.mod
--> ac0b6cc319ed
[linux/amd64] [2/3] STEP 5/14: COPY go.sum go.sum
--> 2069124d8547
[linux/amd64] [2/3] STEP 6/14: RUN make install-backend
go mod download
--> 2fa693a96dd5
[linux/amd64] [2/3] STEP 7/14: COPY cmd/ cmd/
--> bd565fe98c83
[linux/amd64] [2/3] STEP 8/14: COPY pkg/ pkg/
--> da5204366c73
[linux/amd64] [2/3] STEP 9/14: ENV GOOS=${TARGETOS:-linux}
--> 0377df2b9df5
[linux/amd64] [2/3] STEP 10/14: ENV GOARCH=${TARGETARCH}
--> 7d965f74810a
[linux/amd64] [2/3] STEP 11/14: ENV GOEXPERIMENT=strictfipsruntime
--> 3c37878fce91
[linux/amd64] [2/3] STEP 12/14: ENV GOFLAGS=-mod=readonly
--> 3c5355f052e9
[linux/amd64] [2/3] STEP 13/14: ENV CGO_ENABLED=1
--> f478581ac78b
[linux/amd64] [2/3] STEP 14/14: RUN make build-backend
go build  -mod=readonly -o plugin-backend cmd/plugin-backend.go
--> 76cf53552d14
[linux/arm64] [1/3] STEP 1/11: FROM registry.redhat.io/ubi9/nodejs-22:latest AS web-builder
Trying to pull registry.redhat.io/ubi9/nodejs-22:latest...
Getting image source signatures
Checking if image destination supports signatures
Copying blob sha256:143df91a054c3d67ed690e7f87f430247e12263d24f8d216e794a40abed4caa8
Copying blob sha256:3fa2c3ec93bd0d2914f8e021fa5b043ace5a704a440ecd2db626edd260f6a3c8
Copying blob sha256:96c26ef68d364bcbd8f901e4664d7531ebb74699c6d8a69825e5925d8c6696c2
Copying config sha256:21c0269160eae1f56763a0def0f20ffead061334731e5fd18ceb2c7eca36dca5
Writing manifest to image destination
Storing signatures
[linux/arm64] [1/3] STEP 2/11: WORKDIR /opt/app-root
--> Using cache 146448a31d2fcfcd5a91a98d4a0c7d99547020a2f3b7985df74f9ee7ea8d4f17
--> 146448a31d2f
[linux/arm64] [1/3] STEP 3/11: USER 0
--> Using cache 50faba38c5114fa147b085f7edb0d428324b9b252ff7c16eb2958079515d5ded
--> 50faba38c511
[linux/arm64] [1/3] STEP 4/11: ENV HUSKY=0
--> Using cache 194539eb7b0f0e6f98e9d87a5c0af5160f8349cb1ac82af1288d800ed8250a71
--> 194539eb7b0f
[linux/arm64] [1/3] STEP 5/11: COPY web/package*.json web/
--> aae504cace62
[linux/arm64] [1/3] STEP 6/11: COPY Makefile Makefile
--> 3ae3db1ad0b1
[linux/arm64] [1/3] STEP 7/11: RUN make install-frontend-ci
cd web && npm ci --ignore-scripts
npm warn deprecated rimraf@3.0.2: Rimraf versions prior to v4 are no longer supported
npm warn deprecated popper.js@1.16.1: You can find the new Popper v2 at @popperjs/core, this package is dedicated to the legacy v1
npm warn deprecated lodash.get@4.4.2: This package is deprecated. Use the optional chaining (?.) operator instead.
npm warn deprecated inflight@1.0.6: This module is not supported, and leaks memory. Do not use it. Check out lru-cache if you want a good and tested way to coalesce async requests by a key value, which is much more comprehensive and powerful.
npm warn deprecated i18next-parser@9.4.0: Project is deprecated, use i18next-cli instead
npm warn deprecated glob@7.2.3: Glob versions prior to v9 are no longer supported
npm warn deprecated eslint@8.57.1: This version is no longer supported. Please see https://eslint.org/version-support for other options.
npm warn deprecated @humanwhocodes/config-array@0.13.0: Use @eslint/config-array instead
npm warn deprecated @humanwhocodes/object-schema@2.0.3: Use @eslint/object-schema instead
npm warn deprecated glob@10.5.0: Old versions of glob are not supported, and contain widely publicized security vulnerabilities, which have been fixed in the current version. Please update. Support for old versions may be purchased (at exorbitant rates) by contacting i@izs.me
npm warn deprecated glob@10.5.0: Old versions of glob are not supported, and contain widely publicized security vulnerabilities, which have been fixed in the current version. Please update. Support for old versions may be purchased (at exorbitant rates) by contacting i@izs.me
npm warn deprecated glob@10.5.0: Old versions of glob are not supported, and contain widely publicized security vulnerabilities, which have been fixed in the current version. Please update. Support for old versions may be purchased (at exorbitant rates) by contacting i@izs.me
npm warn deprecated glob@10.5.0: Old versions of glob are not supported, and contain widely publicized security vulnerabilities, which have been fixed in the current version. Please update. Support for old versions may be purchased (at exorbitant rates) by contacting i@izs.me

added 1873 packages, and audited 1874 packages in 36s

308 packages are looking for funding
  run `npm fund` for details

42 vulnerabilities (3 low, 18 moderate, 20 high, 1 critical)

To address issues that do not require attention, run:
  npm audit fix

To address all issues possible (including breaking changes), run:
  npm audit fix --force

Some issues need review, and may require choosing
a different dependency.

Run `npm audit` for details.
--> 096c2ca7b679
[linux/arm64] [1/3] STEP 8/11: COPY web/ web/
--> fc30136cddba
[linux/arm64] [1/3] STEP 9/11: COPY config/ config/
--> 1374b62a4180
[linux/arm64] [1/3] STEP 10/11: ENV CONSOLE_PLUGIN_NAME="monitoring-console-plugin"
--> aeae2c8d4dbc
[linux/arm64] [1/3] STEP 11/11: RUN make build-frontend
cd web && npm run build

> monitoring-plugin@0.5.0 build
> npm run clean && NODE_ENV=production npm run ts-node node_modules/.bin/webpack


> monitoring-plugin@0.5.0 clean
> rm -rf dist


> monitoring-plugin@0.5.0 ts-node
> ts-node -O '{"module":"commonjs"}' node_modules/.bin/webpack

DEPRECATION WARNING [legacy-js-api]: The legacy JS API is deprecated and will be removed in Dart Sass 2.0.0.

More info: https://sass-lang.com/d/legacy-js-api

assets by path *.js 9.59 MiB
  assets by chunk 8.28 MiB (id hint: vendors)
    assets by status 7.3 MiB [big] 4 assets
    + 38 assets
  + 165 assets
assets by path assets/ 1.28 MiB
  assets by path assets/*.woff 740 KiB 42 assets
  assets by path assets/*.woff2 565 KiB 42 assets
  asset assets/restricted-sign..svg 2.38 KiB [emitted] [from: components/console/imgs/restricted-sign.svg] (auxiliary name: CmoAlertsPage, exposed-AlertRulesDetailsPage, exposed-AlertsDetailsPage, exposed-IncidentsPage, exposed-SilenceEditPage, exposed-SilencesDetailsPage, exposed-TargetsPage)
assets by path locales/ 115 KiB
  asset locales/en/plugin__monitoring-console-plugin.json 21.7 KiB [emitted] [from: ../locales/en/plugin__monitoring-plugin.json] [copied]
  asset locales/ja/plugin__monitoring-console-plugin.json 20.7 KiB [emitted] [from: ../locales/ja/plugin__monitoring-plugin.json] [copied]
  asset locales/fr/plugin__monitoring-console-plugin.json 19.3 KiB [emitted] [from: ../locales/fr/plugin__monitoring-plugin.json] [copied]
  + 3 assets
asset plugin-manifest.json 7.02 KiB [emitted]
orphan modules 19.4 MiB [orphan] 20194 modules
runtime modules 59.6 KiB 15 modules
built modules 17.8 MiB (javascript) 1.28 MiB (asset) 3.28 KiB (consume-shared) 3.04 KiB (share-init) [built]
  javascript modules 17.8 MiB 1728 modules
  asset modules 1.28 MiB (asset) 3.49 KiB (javascript)
    modules by path ../node_modules/@fontsource/inter/files/*.woff2 565 KiB (asset) 1.72 KiB (javascript) 42 modules
    modules by path ../node_modules/@fontsource/inter/files/*.woff 740 KiB (asset) 1.72 KiB (javascript) 42 modules
    ./components/console/imgs/restricted-sign.svg 2.38 KiB (asset) 42 bytes (javascript) [built] [code generated]
  consume-shared-module modules 3.28 KiB 80 modules
  provide-module modules 3.04 KiB
    modules by path provide shared module (default) @patternfly/react-core/dist/dynamic/ 1.93 KiB 47 modules
    modules by path provide shared module (default) @patternfly/react-icons/dist/dynamic/icons/ 1.03 KiB 25 modules
    modules by path provide shared module (default) @patternfly/react-table/dist/dynamic/components/ 84 bytes 2 modules
  ../node_modules/tlds/index.json 10.9 KiB [built] [code generated]

WARNING in asset size limit: The following asset(s) exceed the recommended size limit (244 KiB).
This can impact web performance.
Assets: 
  4617-chunk-d26499fbc029304a133e.min.js (311 KiB)
  9810-chunk-a64b894c03accad280e9.min.js (402 KiB)
  7534-chunk-7747d0708edacccd0897.min.js (2.08 MiB)
  8433-chunk-bb63bedb62c64aef9357.min.js (4.53 MiB)

webpack 5.105.2 compiled with 1 warning in 102022 ms
--> e3f0405560da
[linux/amd64] [3/3] STEP 1/8: FROM registry.access.redhat.com/ubi9/ubi-minimal
Trying to pull registry.access.redhat.com/ubi9/ubi-minimal:latest...
Getting image source signatures
Checking if image destination supports signatures
Copying blob sha256:2943616793071e9fa96e298a7454ac45b7a498df6ca5c681004955a177cdf999
Copying config sha256:e3e6fe3b9c265802d2526c15071f59bd20f2d634fc82b7c633387d2cf2ec1056
Writing manifest to image destination
Storing signatures
[linux/amd64] [3/3] STEP 2/8: RUN mkdir /licenses
--> Using cache 0ed35871fe8d57084069f37e7a086335e15fdb7fdb17510fb7b41a2f7bebbbca
--> 0ed35871fe8d
[linux/amd64] [3/3] STEP 3/8: COPY LICENSE /licenses/.
--> Using cache 9bdb0406ba8b6b622e74ddebfda95b429826cf5e03359945cc27e6dfffb4767b
--> 9bdb0406ba8b
[linux/amd64] [3/3] STEP 4/8: USER 1001
--> Using cache e0adc7da74045b7305cecc73ef0839a85263462406d951cf920a8e5d42ff68ff
--> e0adc7da7404
[linux/amd64] [3/3] STEP 5/8: COPY --from=web-builder /opt/app-root/web/dist /opt/app-root/web/dist
--> 7813e179de04
[linux/amd64] [3/3] STEP 6/8: COPY --from=go-builder /opt/app-root/plugin-backend /opt/app-root
--> f66b2cbfd917
[linux/amd64] [3/3] STEP 7/8: COPY --from=web-builder /opt/app-root/config /opt/app-root/config
--> cbbe16d29d3e
[linux/amd64] [3/3] STEP 8/8: ENTRYPOINT ["/opt/app-root/plugin-backend", "-static-path", "/opt/app-root/web/dist"]
[linux/amd64] [3/3] COMMIT
--> 9c37f4b1da6b
[linux/arm64] [2/3] STEP 1/14: FROM registry.access.redhat.com/ubi9/go-toolset:1.26 AS go-builder
9c37f4b1da6bed9ab21b6e75eeb39a58cae71ae069357aeeea4e9ebbcfeb7230
Trying to pull registry.access.redhat.com/ubi9/go-toolset:1.26...
Getting image source signatures
Checking if image destination supports signatures
Copying blob sha256:3b33bd74c459c543768665bc4406a7ec75fd6a2de94164c1ad9968e07c895aaf
Copying blob sha256:3fa2c3ec93bd0d2914f8e021fa5b043ace5a704a440ecd2db626edd260f6a3c8
Copying blob sha256:96c26ef68d364bcbd8f901e4664d7531ebb74699c6d8a69825e5925d8c6696c2
Copying blob sha256:852e434154bbab928ec83bdc7061dee5120584a0c35903abf2b024686bc65eb8
Copying config sha256:c9e40cb14364af57c6c2c0ca7a8afc8b39349b65e751b3062bf52d82bdc297cb
Writing manifest to image destination
Storing signatures
[linux/arm64] [2/3] STEP 2/14: WORKDIR /opt/app-root
--> Using cache 275d9d3558010c9a03d3348ab35720a53d8d7a01298d75858117915c94490556
--> 275d9d355801
[linux/arm64] [2/3] STEP 3/14: COPY Makefile Makefile
--> 19163f0379b5
[linux/arm64] [2/3] STEP 4/14: COPY go.mod go.mod
--> 520394981682
[linux/arm64] [2/3] STEP 5/14: COPY go.sum go.sum
--> ea2caaa6615e
[linux/arm64] [2/3] STEP 6/14: RUN make install-backend
go mod download
--> 38ed8b585d2c
[linux/arm64] [2/3] STEP 7/14: COPY cmd/ cmd/
--> 057ef61831ed
[linux/arm64] [2/3] STEP 8/14: COPY pkg/ pkg/
--> a72f03832bea
[linux/arm64] [2/3] STEP 9/14: ENV GOOS=${TARGETOS:-linux}
--> 35cebcf01055
[linux/arm64] [2/3] STEP 10/14: ENV GOARCH=${TARGETARCH}
--> 27c3eaa57aca
[linux/arm64] [2/3] STEP 11/14: ENV GOEXPERIMENT=strictfipsruntime
--> 78716c8463ba
[linux/arm64] [2/3] STEP 12/14: ENV GOFLAGS=-mod=readonly
--> e6d5c2d0570b
[linux/arm64] [2/3] STEP 13/14: ENV CGO_ENABLED=1
--> ab63c67eaa8d
[linux/arm64] [2/3] STEP 14/14: RUN make build-backend
go build  -mod=readonly -o plugin-backend cmd/plugin-backend.go
--> 6bd85f31d6c5
[linux/arm64] [3/3] STEP 1/8: FROM registry.access.redhat.com/ubi9/ubi-minimal
Trying to pull registry.access.redhat.com/ubi9/ubi-minimal:latest...
Getting image source signatures
Checking if image destination supports signatures
Copying blob sha256:8289a871631249c9c1a3b2366de832716cd43c77864c245a1c1364a2abeb5704
Copying config sha256:19a5d5dc0e92607939d631511c68a3b399a200a3bfbe6a1dfe726549e1527ae0
Writing manifest to image destination
Storing signatures
[linux/arm64] [3/3] STEP 2/8: RUN mkdir /licenses
--> Using cache 8cb771cd2e935f190d584b6b34c0426e43d214e0281d8181f615d3754ad832d1
--> 8cb771cd2e93
[linux/arm64] [3/3] STEP 3/8: COPY LICENSE /licenses/.
--> Using cache edf13d00da24aec13f3a9460fb4a99648e0cf63e97ba20fce830a1061dc6f01b
--> edf13d00da24
[linux/arm64] [3/3] STEP 4/8: USER 1001
--> Using cache e0dce6d83b832d94a4cfa3705eced13c968469bc61d99a57c3eb4b9aa320b95c
--> e0dce6d83b83
[linux/arm64] [3/3] STEP 5/8: COPY --from=web-builder /opt/app-root/web/dist /opt/app-root/web/dist
--> 4f632017e244
[linux/arm64] [3/3] STEP 6/8: COPY --from=go-builder /opt/app-root/plugin-backend /opt/app-root
--> 0cae26d0a90d
[linux/arm64] [3/3] STEP 7/8: COPY --from=web-builder /opt/app-root/config /opt/app-root/config
--> 4e5ff878e403
[linux/arm64] [3/3] STEP 8/8: ENTRYPOINT ["/opt/app-root/plugin-backend", "-static-path", "/opt/app-root/web/dist"]
[linux/arm64] [3/3] COMMIT
--> 4e1d60ca4fd9
4e1d60ca4fd9a79600e3292845313370fe9819054854a35f392e16f2bc0b9d55
podman manifest push quay.io/openshift-observability-ui/monitoring-console-plugin:v0.5.4
Getting image list signatures
Copying 2 images generated from 2 images in list
Copying image sha256:21a40cc6899214ff2c4d283b960f6b3dd58041b823f34e2f93f09fd3b9828bbc (1/2)
Getting image source signatures
Copying blob sha256:cdf6d0ccacd73a8ca47b88e993feaaea420d6bc5d2a635a40b07c659cc16b575
Copying blob sha256:0ff5ddf3c3916b0f8b8c1ac9ceb4a930b786d31603f669008b46f76af85644e1
Copying blob sha256:56550161697f795bc52c827a70fe1e427be4c6bdf4e3c9b2d560f51c2524b6f3
Copying blob sha256:e0442af9d9e9aab262f9d59823573dfbddaf7ac00f0b967edc70b3b5a5f9b647
Copying blob sha256:4ea64784476db530fc830ad0ede0dd393c5ad31288b18ef877f778e0a2e5f681
Copying blob sha256:99895871cd96aa7f92b4eaa99f32450a0ed29c5c31c73198e2fd40708a7e4693
Copying config sha256:9c37f4b1da6bed9ab21b6e75eeb39a58cae71ae069357aeeea4e9ebbcfeb7230
Writing manifest to image destination
Copying image sha256:c300d85cee190952f5d3e3de2fbffe1fc4fbc5149ee6b02093fe55c9e59ffa2b (2/2)
Getting image source signatures
Copying blob sha256:86d778be02da5dff3caaef14d49830caa72af4fee8eb1a1865a09f1a7422977b
Copying blob sha256:717e3a0cf5f59a8cfe7e9bd7b760b16ee649c65a5c4751efdb216d9418119d52
Copying blob sha256:5e0c0516b794028658ae88ffcfcd76efa540e4fbc1cd5844aeafbcb20488674a
Copying blob sha256:9963b21e2b87a244bcca6982861da1ed6c106d78498a3442708441c8be49d45e
Copying blob sha256:4a3adce208fa4cfdca5b9814292c3dec59c8662aecf2e91ed3e672f6179757ca
Copying blob sha256:4c9bde44f5cadb428be35675461ab38d78cdb3cdbf0115c592904b375a78b659
Copying config sha256:4e1d60ca4fd9a79600e3292845313370fe9819054854a35f392e16f2bc0b9d55
Writing manifest to image destination
Writing manifest list to image destination
Storing list signatures
==========================================
Building distributed-tracing-plugin @ release-coo-1.5-ocp-4.22 with VERSION=v1.1.0 ORG=openshift-observability-ui
==========================================
Switched to a new branch 'release-coo-1.5-ocp-4.22'
branch 'release-coo-1.5-ocp-4.22' set up to track 'origin/release-coo-1.5-ocp-4.22'.
From https://github.com/openshift/distributed-tracing-console-plugin
 * branch            release-coo-1.5-ocp-4.22 -> FETCH_HEAD
Already up to date.
--- Attempt 1/3 ---
podman manifest rm quay.io/openshift-observability-ui/distributed-tracing-console-plugin:v1.1.0 || true
Error: quay.io/openshift-observability-ui/distributed-tracing-console-plugin:v1.1.0: image not known
podman manifest create quay.io/openshift-observability-ui/distributed-tracing-console-plugin:v1.1.0
d8e176d1631d2fde2f128498ddc95e9e787f551609a7ed141b866f3a55637469
podman build --platform=linux/arm64,linux/amd64 --manifest quay.io/openshift-observability-ui/distributed-tracing-console-plugin:v1.1.0 -f Dockerfile
[linux/amd64] [1/3] STEP 1/8: FROM registry.redhat.io/ubi9/nodejs-22:latest AS web-builder
Trying to pull registry.redhat.io/ubi9/nodejs-22:latest...
Getting image source signatures
Checking if image destination supports signatures
Copying blob sha256:d74f03e958176d9f637ef3f0c60d433f7a81709a1fe56c62d203eef3a536739e
Copying blob sha256:56649e4df8eddef4709849b46063574b7ddb22fc98fb75409885c838a4c9d381
Copying blob sha256:5c9af8529e118dd5a8d55d669c48114bfef7c8f5d743e5e560639dfabca3a5f9
Copying config sha256:0f7698e0407d0631a81bf20e78ec1d23de169a3b85762c7d4d6c629fe8f1d963
Writing manifest to image destination
Storing signatures
[linux/amd64] [1/3] STEP 2/8: WORKDIR /opt/app-root
--> Using cache 46caf77e96ba61f5b06ab9ef3cfa61b96f6b86a65f88014b8db1d2fe4bd0b7c7
--> 46caf77e96ba
[linux/amd64] [1/3] STEP 3/8: USER 0
--> Using cache 6745bb46d72d6d391cf435e53a6fb78abcca81a1bfa9d30c8c00b8869d0ebc39
--> 6745bb46d72d
[linux/amd64] [1/3] STEP 4/8: COPY web/package*.json web/
--> 32801cbb4297
[linux/amd64] [1/3] STEP 5/8: COPY Makefile Makefile
--> 5ce99695732d
[linux/amd64] [1/3] STEP 6/8: RUN make install-frontend-ci-clean
cd web && npm ci --ignore-scripts --omit=optional
npm warn deprecated whatwg-encoding@3.1.1: Use @exodus/bytes instead for a more spec-conformant and faster implementation
npm warn deprecated rimraf@3.0.2: Rimraf versions prior to v4 are no longer supported
npm warn deprecated inflight@1.0.6: This module is not supported, and leaks memory. Do not use it. Check out lru-cache if you want a good and tested way to coalesce async requests by a key value, which is much more comprehensive and powerful.
npm warn deprecated glob@7.2.3: Glob versions prior to v9 are no longer supported
npm warn deprecated rimraf@2.7.1: Rimraf versions prior to v4 are no longer supported
npm warn deprecated glob@10.5.0: Old versions of glob are not supported, and contain widely publicized security vulnerabilities, which have been fixed in the current version. Please update. Support for old versions may be purchased (at exorbitant rates) by contacting i@izs.me
npm warn deprecated glob@10.5.0: Old versions of glob are not supported, and contain widely publicized security vulnerabilities, which have been fixed in the current version. Please update. Support for old versions may be purchased (at exorbitant rates) by contacting i@izs.me
npm warn deprecated glob@10.5.0: Old versions of glob are not supported, and contain widely publicized security vulnerabilities, which have been fixed in the current version. Please update. Support for old versions may be purchased (at exorbitant rates) by contacting i@izs.me
npm warn deprecated glob@10.5.0: Old versions of glob are not supported, and contain widely publicized security vulnerabilities, which have been fixed in the current version. Please update. Support for old versions may be purchased (at exorbitant rates) by contacting i@izs.me

added 1727 packages, and audited 1728 packages in 55s

311 packages are looking for funding
  run `npm fund` for details

38 vulnerabilities (2 low, 17 moderate, 18 high, 1 critical)

To address issues that do not require attention, run:
  npm audit fix

To address all issues possible (including breaking changes), run:
  npm audit fix --force

Some issues need review, and may require choosing
a different dependency.

Run `npm audit` for details.
cd web && npm cache clean --force
npm warn using --force Recommended protections disabled.
--> 2e969d9f6420
[linux/amd64] [1/3] STEP 7/8: COPY web/ web/
--> cebe58c9bf47
[linux/amd64] [1/3] STEP 8/8: RUN make build-frontend
cd web && npm run build

> distributed-tracing-console-plugin@1.0.0 build
> npm run clean && NODE_ENV=production npm run webpack


> distributed-tracing-console-plugin@1.0.0 clean
> rm -rf dist


> distributed-tracing-console-plugin@1.0.0 webpack
> node -r ts-node/register ./node_modules/.bin/webpack

@patternfly/react-core dynamic modules taken from dist/dynamic-modules.json
@patternfly/react-icons dynamic modules taken from dist/dynamic-modules.json
@patternfly/react-templates dynamic modules taken from dist/dynamic-modules.json
assets by path assets/ 1.27 MiB
  assets by path assets/*.woff 740 KiB 42 assets
  assets by path assets/*.woff2 565 KiB
    asset assets/inter-latin-ext-600-normal..woff2 35.4 KiB [emitted] [from: ../node_modules/@fontsource/inter/files/inter-latin-ext-600-normal.woff2] (auxiliary id hint: vendors)
    + 41 assets
assets by path *.js 3.37 MiB
  assets by chunk 2.97 MiB (id hint: vendors)
    asset 9911-chunk-d5678a1d8861af23fdb1.min.js 2.59 MiB [emitted] [immutable] [minimized] [big] (id hint: vendors) 1 related asset
    asset 3864-chunk-a584ce5774a4b071dbe5.min.js 130 KiB [emitted] [immutable] [minimized] (id hint: vendors) 1 related asset
    asset 7768-chunk-0e74882a8a4428559b83.min.js 44.7 KiB [emitted] [immutable] [minimized] (id hint: vendors)
    asset 6808-chunk-5919f5818be6f8a391b5.min.js 42 KiB [emitted] [immutable] [minimized] (id hint: vendors)
    + 10 assets
  + 64 assets
asset locales/en/plugin__distributed-tracing-console-plugin.json 4.29 KiB [emitted] [from: ../locales/en/plugin__distributed-tracing-console-plugin.json] [copied]
asset plugin-manifest.json 895 bytes [emitted]
orphan modules 21.1 MiB [orphan] 13431 modules
runtime modules 36.4 KiB 14 modules
built modules 10.2 MiB (javascript) 1.27 MiB (asset) 1.64 KiB (consume-shared) 1.44 KiB (share-init) [built]
  javascript modules 10.2 MiB 727 modules
  asset modules 1.27 MiB (asset) 3.45 KiB (javascript)
    modules by path ../node_modules/@fontsource/inter/files/*.woff2 565 KiB (asset) 1.72 KiB (javascript) 42 modules
    modules by path ../node_modules/@fontsource/inter/files/*.woff 740 KiB (asset) 1.72 KiB (javascript) 42 modules
  consume-shared-module modules 1.64 KiB
    modules by path consume shared module (default) @patternfly/ 1.44 KiB 35 modules
    modules by path *.1 (singleton) 84 bytes 2 modules
    + 3 modules
  provide-module modules 1.44 KiB
    modules by path provide shared module (default) @patternfly/react-core/dist/dynamic/ 924 bytes 22 modules
    modules by path provide shared module (default) @patternfly/react-icons/dist/dynamic/icons/ 504 bytes 12 modules
    provide shared module (default) @patternfly/react-templates/dist/dynamic/compone...(truncated) 42 bytes [built] [code generated]

WARNING in asset size limit: The following asset(s) exceed the recommended size limit (244 KiB).
This can impact web performance.
Assets: 
  9911-chunk-d5678a1d8861af23fdb1.min.js (2.59 MiB)

webpack 5.106.2 compiled with 1 warning in 112556 ms
--> 29ebb55b20e6
[linux/amd64] [2/3] STEP 1/11: FROM registry.access.redhat.com/ubi9/go-toolset:1.26 AS go-builder
Trying to pull registry.access.redhat.com/ubi9/go-toolset:1.26...
Getting image source signatures
Checking if image destination supports signatures
Copying blob sha256:9dd7a54704c5a666e57e3f6efc35e90fc6da8ad2923d77d60d1c573ef3315791
Copying blob sha256:56649e4df8eddef4709849b46063574b7ddb22fc98fb75409885c838a4c9d381
Copying blob sha256:5c9af8529e118dd5a8d55d669c48114bfef7c8f5d743e5e560639dfabca3a5f9
Copying blob sha256:d68194b0e4a172e16c5cbb1bc0479d22da58da64d376a5cdb885730c90f6fc5b
Copying config sha256:11c3fc29fb378f2b34bbf7921ad5e41b11f9631214b3369f21fc66619a1c7872
Writing manifest to image destination
Storing signatures
[linux/amd64] [2/3] STEP 2/11: WORKDIR /opt/app-root
--> Using cache 249c9c189ce8d0c9e8ed9338206092cdd86fc56fca24809c5d37e11a15994ef9
--> 249c9c189ce8
[linux/amd64] [2/3] STEP 3/11: COPY Makefile Makefile
--> Using cache 59b1893e9c5d6a9227eb65c3427b695790e0926c64c72bac6adba7659a2e83e6
--> 59b1893e9c5d
[linux/amd64] [2/3] STEP 4/11: COPY go.mod go.mod
--> cfdd58a00d39
[linux/amd64] [2/3] STEP 5/11: COPY go.sum go.sum
--> 23024b9394ce
[linux/amd64] [2/3] STEP 6/11: RUN go mod download
--> c130df0febc7
[linux/amd64] [2/3] STEP 7/11: COPY cmd/ cmd/
--> ee6594495f61
[linux/amd64] [2/3] STEP 8/11: COPY pkg/ pkg/
--> 72b55f7c245c
[linux/amd64] [2/3] STEP 9/11: ENV GOEXPERIMENT=strictfipsruntime
--> 5ae1c85dba5e
[linux/amd64] [2/3] STEP 10/11: ENV CGO_ENABLED=1
--> d22939cd065e
[linux/amd64] [2/3] STEP 11/11: RUN make build-backend BUILD_OPTS="-tags strictfipsruntime"
go build -tags strictfipsruntime -o plugin-backend -mod=readonly cmd/plugin-backend.go
--> 5423c7c7347b
[linux/arm64] [1/3] STEP 1/8: FROM registry.redhat.io/ubi9/nodejs-22:latest AS web-builder
Trying to pull registry.redhat.io/ubi9/nodejs-22:latest...
Getting image source signatures
Checking if image destination supports signatures
Copying blob sha256:143df91a054c3d67ed690e7f87f430247e12263d24f8d216e794a40abed4caa8
Copying blob sha256:3fa2c3ec93bd0d2914f8e021fa5b043ace5a704a440ecd2db626edd260f6a3c8
Copying blob sha256:96c26ef68d364bcbd8f901e4664d7531ebb74699c6d8a69825e5925d8c6696c2
Copying config sha256:21c0269160eae1f56763a0def0f20ffead061334731e5fd18ceb2c7eca36dca5
Writing manifest to image destination
Storing signatures
[linux/arm64] [1/3] STEP 2/8: WORKDIR /opt/app-root
--> Using cache 146448a31d2fcfcd5a91a98d4a0c7d99547020a2f3b7985df74f9ee7ea8d4f17
--> 146448a31d2f
[linux/arm64] [1/3] STEP 3/8: USER 0
--> Using cache 50faba38c5114fa147b085f7edb0d428324b9b252ff7c16eb2958079515d5ded
--> 50faba38c511
[linux/arm64] [1/3] STEP 4/8: COPY web/package*.json web/
--> 8984cd42998f
[linux/arm64] [1/3] STEP 5/8: COPY Makefile Makefile
--> 05f71a0e337a
[linux/arm64] [1/3] STEP 6/8: RUN make install-frontend-ci-clean
cd web && npm ci --ignore-scripts --omit=optional
npm warn deprecated whatwg-encoding@3.1.1: Use @exodus/bytes instead for a more spec-conformant and faster implementation
npm warn deprecated rimraf@3.0.2: Rimraf versions prior to v4 are no longer supported
npm warn deprecated inflight@1.0.6: This module is not supported, and leaks memory. Do not use it. Check out lru-cache if you want a good and tested way to coalesce async requests by a key value, which is much more comprehensive and powerful.
npm warn deprecated glob@7.2.3: Glob versions prior to v9 are no longer supported
npm warn deprecated rimraf@2.7.1: Rimraf versions prior to v4 are no longer supported
npm warn deprecated glob@10.5.0: Old versions of glob are not supported, and contain widely publicized security vulnerabilities, which have been fixed in the current version. Please update. Support for old versions may be purchased (at exorbitant rates) by contacting i@izs.me
npm warn deprecated glob@10.5.0: Old versions of glob are not supported, and contain widely publicized security vulnerabilities, which have been fixed in the current version. Please update. Support for old versions may be purchased (at exorbitant rates) by contacting i@izs.me
npm warn deprecated glob@10.5.0: Old versions of glob are not supported, and contain widely publicized security vulnerabilities, which have been fixed in the current version. Please update. Support for old versions may be purchased (at exorbitant rates) by contacting i@izs.me
npm warn deprecated glob@10.5.0: Old versions of glob are not supported, and contain widely publicized security vulnerabilities, which have been fixed in the current version. Please update. Support for old versions may be purchased (at exorbitant rates) by contacting i@izs.me

added 1727 packages, and audited 1728 packages in 38s

311 packages are looking for funding
  run `npm fund` for details

38 vulnerabilities (2 low, 17 moderate, 18 high, 1 critical)

To address issues that do not require attention, run:
  npm audit fix

To address all issues possible (including breaking changes), run:
  npm audit fix --force

Some issues need review, and may require choosing
a different dependency.

Run `npm audit` for details.
cd web && npm cache clean --force
npm warn using --force Recommended protections disabled.
--> afaf93376b23
[linux/arm64] [1/3] STEP 7/8: COPY web/ web/
--> 2f47ee48272f
[linux/arm64] [1/3] STEP 8/8: RUN make build-frontend
cd web && npm run build

> distributed-tracing-console-plugin@1.0.0 build
> npm run clean && NODE_ENV=production npm run webpack


> distributed-tracing-console-plugin@1.0.0 clean
> rm -rf dist


> distributed-tracing-console-plugin@1.0.0 webpack
> node -r ts-node/register ./node_modules/.bin/webpack

@patternfly/react-core dynamic modules taken from dist/dynamic-modules.json
@patternfly/react-icons dynamic modules taken from dist/dynamic-modules.json
@patternfly/react-templates dynamic modules taken from dist/dynamic-modules.json
assets by path assets/ 1.27 MiB
  assets by path assets/*.woff 740 KiB 42 assets
  assets by path assets/*.woff2 565 KiB
    asset assets/inter-latin-ext-600-normal..woff2 35.4 KiB [emitted] [from: ../node_modules/@fontsource/inter/files/inter-latin-ext-600-normal.woff2] (auxiliary id hint: vendors)
    + 41 assets
assets by path *.js 3.37 MiB
  assets by chunk 2.97 MiB (id hint: vendors)
    asset 9911-chunk-d5678a1d8861af23fdb1.min.js 2.59 MiB [emitted] [immutable] [minimized] [big] (id hint: vendors) 1 related asset
    asset 3864-chunk-a584ce5774a4b071dbe5.min.js 130 KiB [emitted] [immutable] [minimized] (id hint: vendors) 1 related asset
    asset 7768-chunk-0e74882a8a4428559b83.min.js 44.7 KiB [emitted] [immutable] [minimized] (id hint: vendors)
    asset 6808-chunk-5919f5818be6f8a391b5.min.js 42 KiB [emitted] [immutable] [minimized] (id hint: vendors)
    + 10 assets
  + 64 assets
asset locales/en/plugin__distributed-tracing-console-plugin.json 4.29 KiB [emitted] [from: ../locales/en/plugin__distributed-tracing-console-plugin.json] [copied]
asset plugin-manifest.json 895 bytes [emitted]
orphan modules 21.1 MiB [orphan] 13431 modules
runtime modules 36.4 KiB 14 modules
built modules 10.2 MiB (javascript) 1.27 MiB (asset) 1.64 KiB (consume-shared) 1.44 KiB (share-init) [built]
  javascript modules 10.2 MiB 727 modules
  asset modules 1.27 MiB (asset) 3.45 KiB (javascript)
    modules by path ../node_modules/@fontsource/inter/files/*.woff2 565 KiB (asset) 1.72 KiB (javascript) 42 modules
    modules by path ../node_modules/@fontsource/inter/files/*.woff 740 KiB (asset) 1.72 KiB (javascript) 42 modules
  consume-shared-module modules 1.64 KiB
    modules by path consume shared module (default) @patternfly/ 1.44 KiB 35 modules
    modules by path *.1 (singleton) 84 bytes 2 modules
    + 3 modules
  provide-module modules 1.44 KiB
    modules by path provide shared module (default) @patternfly/react-core/dist/dynamic/ 924 bytes 22 modules
    modules by path provide shared module (default) @patternfly/react-icons/dist/dynamic/icons/ 504 bytes 12 modules
    provide shared module (default) @patternfly/react-templates/dist/dynamic/compone...(truncated) 42 bytes [built] [code generated]

WARNING in asset size limit: The following asset(s) exceed the recommended size limit (244 KiB).
This can impact web performance.
Assets: 
  9911-chunk-d5678a1d8861af23fdb1.min.js (2.59 MiB)

webpack 5.106.2 compiled with 1 warning in 79882 ms
--> 2295bac3d39c
[linux/amd64] [3/3] STEP 1/4: FROM registry.access.redhat.com/ubi9/ubi-minimal
Trying to pull registry.access.redhat.com/ubi9/ubi-minimal:latest...
Getting image source signatures
Checking if image destination supports signatures
Copying blob sha256:2943616793071e9fa96e298a7454ac45b7a498df6ca5c681004955a177cdf999
Copying config sha256:e3e6fe3b9c265802d2526c15071f59bd20f2d634fc82b7c633387d2cf2ec1056
Writing manifest to image destination
Storing signatures
[linux/amd64] [3/3] STEP 2/4: COPY --from=web-builder /opt/app-root/web/dist /opt/app-root/web/dist
--> c0a7e57f2811
[linux/amd64] [3/3] STEP 3/4: COPY --from=go-builder /opt/app-root/plugin-backend /opt/app-root
--> 09e03344206f
[linux/amd64] [3/3] STEP 4/4: ENTRYPOINT ["/opt/app-root/plugin-backend", "-static-path", "/opt/app-root/web/dist", "-config-path", "/opt/app-root/web/dist"]
[linux/amd64] [3/3] COMMIT
--> 664a7925d473
[linux/arm64] [2/3] STEP 1/11: FROM registry.access.redhat.com/ubi9/go-toolset:1.26 AS go-builder
664a7925d473ed3fe6db6a6170012a4f7c069afa764db9a4aed973b9ee66e464
Trying to pull registry.access.redhat.com/ubi9/go-toolset:1.26...
Getting image source signatures
Checking if image destination supports signatures
Copying blob sha256:3b33bd74c459c543768665bc4406a7ec75fd6a2de94164c1ad9968e07c895aaf
Copying blob sha256:3fa2c3ec93bd0d2914f8e021fa5b043ace5a704a440ecd2db626edd260f6a3c8
Copying blob sha256:96c26ef68d364bcbd8f901e4664d7531ebb74699c6d8a69825e5925d8c6696c2
Copying blob sha256:852e434154bbab928ec83bdc7061dee5120584a0c35903abf2b024686bc65eb8
Copying config sha256:c9e40cb14364af57c6c2c0ca7a8afc8b39349b65e751b3062bf52d82bdc297cb
Writing manifest to image destination
Storing signatures
[linux/arm64] [2/3] STEP 2/11: WORKDIR /opt/app-root
--> Using cache 275d9d3558010c9a03d3348ab35720a53d8d7a01298d75858117915c94490556
--> 275d9d355801
[linux/arm64] [2/3] STEP 3/11: COPY Makefile Makefile
--> Using cache dc72b5013917f4f31a1059fe8699bf0b5c19be137cc0355935c31d1f0e88417c
--> dc72b5013917
[linux/arm64] [2/3] STEP 4/11: COPY go.mod go.mod
--> f9d63c94d04e
[linux/arm64] [2/3] STEP 5/11: COPY go.sum go.sum
--> 80c89192d399
[linux/arm64] [2/3] STEP 6/11: RUN go mod download
--> 2743677a2527
[linux/arm64] [2/3] STEP 7/11: COPY cmd/ cmd/
--> 9c5eddb268ea
[linux/arm64] [2/3] STEP 8/11: COPY pkg/ pkg/
--> 9cbd4e4217bd
[linux/arm64] [2/3] STEP 9/11: ENV GOEXPERIMENT=strictfipsruntime
--> 5eb5721ed991
[linux/arm64] [2/3] STEP 10/11: ENV CGO_ENABLED=1
--> 61045c84fcba
[linux/arm64] [2/3] STEP 11/11: RUN make build-backend BUILD_OPTS="-tags strictfipsruntime"
go build -tags strictfipsruntime -o plugin-backend -mod=readonly cmd/plugin-backend.go
--> 87a815c0b7ba
[linux/arm64] [3/3] STEP 1/4: FROM registry.access.redhat.com/ubi9/ubi-minimal
Trying to pull registry.access.redhat.com/ubi9/ubi-minimal:latest...
Getting image source signatures
Checking if image destination supports signatures
Copying blob sha256:8289a871631249c9c1a3b2366de832716cd43c77864c245a1c1364a2abeb5704
Copying config sha256:19a5d5dc0e92607939d631511c68a3b399a200a3bfbe6a1dfe726549e1527ae0
Writing manifest to image destination
Storing signatures
[linux/arm64] [3/3] STEP 2/4: COPY --from=web-builder /opt/app-root/web/dist /opt/app-root/web/dist
--> 0e531655aa28
[linux/arm64] [3/3] STEP 3/4: COPY --from=go-builder /opt/app-root/plugin-backend /opt/app-root
--> b8fdee00cb66
[linux/arm64] [3/3] STEP 4/4: ENTRYPOINT ["/opt/app-root/plugin-backend", "-static-path", "/opt/app-root/web/dist", "-config-path", "/opt/app-root/web/dist"]
[linux/arm64] [3/3] COMMIT
--> 7aeab00384cb
7aeab00384cb92d3941a0e8eee3aa329651940151bfb06ab8021e9452d82963e
podman manifest push quay.io/openshift-observability-ui/distributed-tracing-console-plugin:v1.1.0
Getting image list signatures
Copying 2 images generated from 2 images in list
Copying image sha256:9c15211d8a196c90b63ab97d0430af640885900f0a6f1c9d85daf9fd1d34b43e (1/2)
Getting image source signatures
Copying blob sha256:a774c1a7959957fb3fefbecf096c2faac68de474c3e86076e9b6aae1ef0a7a13
Copying blob sha256:56550161697f795bc52c827a70fe1e427be4c6bdf4e3c9b2d560f51c2524b6f3
Copying blob sha256:f2f7ffe62665949ca3ac0ae20082215822e858855e6adf3ab3598e451fa0c1ce
Copying config sha256:664a7925d473ed3fe6db6a6170012a4f7c069afa764db9a4aed973b9ee66e464
Writing manifest to image destination
Copying image sha256:c48989e2002ab6147dcf15f3e291c5a7d718aa62a6a4a98b9580df53e39f256e (2/2)
Getting image source signatures
Copying blob sha256:3c8fdf35cf641262b965509c306e929fc15e34aabc1d287763fdb614285aed9b
Copying blob sha256:5e0c0516b794028658ae88ffcfcd76efa540e4fbc1cd5844aeafbcb20488674a
Copying blob sha256:a56609b2fba803d70a1f99e88a6e53820aa71b4427c5657bdf768a349500ea09
Copying config sha256:7aeab00384cb92d3941a0e8eee3aa329651940151bfb06ab8021e9452d82963e
Writing manifest to image destination
Writing manifest list to image destination
Storing list signatures
==========================================
Building troubleshooting-panel-plugin @ release-coo-1.5-ocp-4.22 with VERSION=v1.0.0 ORG=openshift-observability-ui
==========================================
Switched to a new branch 'release-coo-1.5-ocp-4.22'
branch 'release-coo-1.5-ocp-4.22' set up to track 'origin/release-coo-1.5-ocp-4.22'.
From https://github.com/openshift/troubleshooting-panel-console-plugin
 * branch            release-coo-1.5-ocp-4.22 -> FETCH_HEAD
Already up to date.
--- Attempt 1/3 ---
podman manifest rm quay.io/openshift-observability-ui/troubleshooting-panel-console-plugin:v1.0.0 || true
Error: quay.io/openshift-observability-ui/troubleshooting-panel-console-plugin:v1.0.0: image not known
podman manifest create quay.io/openshift-observability-ui/troubleshooting-panel-console-plugin:v1.0.0
dd1c629bf3457c6e5015df56275df23774e241536537c55e91a4e0253b4a4021
podman build --platform=linux/arm64,linux/amd64 --manifest quay.io/openshift-observability-ui/troubleshooting-panel-console-plugin:v1.0.0 -f Dockerfile
[linux/arm64] [1/3] STEP 1/8: FROM registry.access.redhat.com/ubi9/nodejs-22:latest AS web-builder
[linux/arm64] [1/3] STEP 2/8: WORKDIR /opt/app-root
--> Using cache 146448a31d2fcfcd5a91a98d4a0c7d99547020a2f3b7985df74f9ee7ea8d4f17
--> 146448a31d2f
[linux/arm64] [1/3] STEP 3/8: USER 0
--> Using cache 50faba38c5114fa147b085f7edb0d428324b9b252ff7c16eb2958079515d5ded
--> 50faba38c511
[linux/arm64] [1/3] STEP 4/8: COPY web/package*.json web/
--> b814ba5023cc
[linux/arm64] [1/3] STEP 5/8: COPY Makefile Makefile
--> d7691c0ef16b
[linux/arm64] [1/3] STEP 6/8: RUN make install-frontend
cd web && npm install
npm warn deprecated whatwg-encoding@3.1.1: Use @exodus/bytes instead for a more spec-conformant and faster implementation
npm warn deprecated rimraf@3.0.2: Rimraf versions prior to v4 are no longer supported
npm warn deprecated popper.js@1.16.1: You can find the new Popper v2 at @popperjs/core, this package is dedicated to the legacy v1
npm warn deprecated inflight@1.0.6: This module is not supported, and leaks memory. Do not use it. Check out lru-cache if you want a good and tested way to coalesce async requests by a key value, which is much more comprehensive and powerful.
npm warn deprecated i18next-parser@9.4.0: Project is deprecated, use i18next-cli instead
npm warn deprecated glob@7.2.3: Old versions of glob are not supported, and contain widely publicized security vulnerabilities, which have been fixed in the current version. Please update. Support for old versions may be purchased (at exorbitant rates) by contacting i@izs.me
npm warn deprecated domexception@4.0.0: Use your platform's native DOMException instead
npm warn deprecated abab@2.0.6: Use your platform's native atob() and btoa() methods instead
npm warn deprecated @fortawesome/react-fontawesome@0.2.6: v0.2.x is no longer supported. Unless you are still using FontAwesome 5, please update to v3.1.1 or greater.
npm warn deprecated glob@10.5.0: Old versions of glob are not supported, and contain widely publicized security vulnerabilities, which have been fixed in the current version. Please update. Support for old versions may be purchased (at exorbitant rates) by contacting i@izs.me
npm warn deprecated whatwg-encoding@2.0.0: Use @exodus/bytes instead for a more spec-conformant and faster implementation
npm warn deprecated whatwg-encoding@2.0.0: Use @exodus/bytes instead for a more spec-conformant and faster implementation
npm warn deprecated glob@10.5.0: Old versions of glob are not supported, and contain widely publicized security vulnerabilities, which have been fixed in the current version. Please update. Support for old versions may be purchased (at exorbitant rates) by contacting i@izs.me

added 1558 packages, and audited 1559 packages in 56s

331 packages are looking for funding
  run `npm fund` for details

30 vulnerabilities (2 low, 15 moderate, 12 high, 1 critical)

To address issues that do not require attention, run:
  npm audit fix

To address all issues (including breaking changes), run:
  npm audit fix --force

Run `npm audit` for details.
--> d7e059d73507
[linux/arm64] [1/3] STEP 7/8: COPY web/ web/
--> 9fda907edaa5
[linux/arm64] [1/3] STEP 8/8: RUN make build-frontend
cd web && npm run lint && npm run lint:tsc

> troubleshooting-panel-console-plugin@0.4.0 lint
> eslint ./src --fix &&  stylelint "src/**/*.css" --allow-empty-input --fix


> troubleshooting-panel-console-plugin@0.4.0 lint:tsc
> tsc --noEmit

cd web && npm run i18n && npm run build

> troubleshooting-panel-console-plugin@0.4.0 i18n
> i18n-scripts/build-i18n.sh && node i18n-scripts/set-english-defaults.js

+ FILE_PATTERN='{!(dist|node_modules)/**/*.{js,jsx,ts,tsx,json},*.{js,jsx,ts,tsx,json}}'
+ i18next '{!(dist|node_modules)/**/*.{js,jsx,ts,tsx,json},*.{js,jsx,ts,tsx,json}}' '[-oc]' -c ./i18next-parser.config.js -o 'locales/$LOCALE/$NAMESPACE.json'

  i18next Parser
  --------------
  Input:  {!(dist|node_modules)/**/*.{js,jsx,ts,tsx,json},*.{js,jsx,ts,tsx,json}}, [-oc]
  Output: locales/$LOCALE/$NAMESPACE.json

  [read]    /opt/app-root/web/console-extensions.json
  [read]    /opt/app-root/web/cypress.config.ts
  [read]    /opt/app-root/web/cypress/e2e/acceptance.cy.ts
  [read]    /opt/app-root/web/cypress/fixtures/data-test.ts
  [read]    /opt/app-root/web/cypress/support/commands/auth-commands.ts
  [read]    /opt/app-root/web/cypress/support/commands/env.ts
  [read]    /opt/app-root/web/cypress/support/commands/selector-commands.ts
  [read]    /opt/app-root/web/cypress/support/commands/troubeshoot-commands.ts
  [read]    /opt/app-root/web/cypress/support/commands/utility-commands.ts
  [read]    /opt/app-root/web/cypress/support/e2e.ts
  [read]    /opt/app-root/web/cypress/tsconfig.json
  [read]    /opt/app-root/web/cypress/views/nav.ts
  [read]    /opt/app-root/web/cypress/views/tour.ts
  [read]    /opt/app-root/web/cypress/views/utils.ts
  [read]    /opt/app-root/web/eslint.config.ts
  [read]    /opt/app-root/web/i18n-scripts/common.js
  [read]    /opt/app-root/web/i18n-scripts/set-english-defaults.js
  [read]    /opt/app-root/web/i18next-parser.config.js
  [read]    /opt/app-root/web/jest.config.js
  [read]    /opt/app-root/web/locales/en/plugin__troubleshooting-panel-console-plugin.json
  [read]    /opt/app-root/web/openapi-ts.config.ts
  [read]    /opt/app-root/web/package-lock.json
  [read]    /opt/app-root/web/package.json
  [read]    /opt/app-root/web/src/__tests__/agentNavigation.spec.ts
  [read]    /opt/app-root/web/src/__tests__/alert.spec.ts
  [read]    /opt/app-root/web/src/__tests__/icons-preview.spec.tsx
  [read]    /opt/app-root/web/src/__tests__/k8s.spec.ts
  [read]    /opt/app-root/web/src/__tests__/log.spec.ts
  [read]    /opt/app-root/web/src/__tests__/metric.spec.ts
  [read]    /opt/app-root/web/src/__tests__/netflow.spec.ts
  [read]    /opt/app-root/web/src/__tests__/status.spec.ts
  [read]    /opt/app-root/web/src/__tests__/time.spec.ts
  [read]    /opt/app-root/web/src/__tests__/trace.spec.ts
  [read]    /opt/app-root/web/src/__tests__/types.spec.ts
  [read]    /opt/app-root/web/src/components/AdvancedSearchForm.tsx
  [read]    /opt/app-root/web/src/components/AgentMenu.tsx
  [read]    /opt/app-root/web/src/components/AIExperienceIcon.tsx
  [read]    /opt/app-root/web/src/components/DateTimePicker.tsx
  [read]    /opt/app-root/web/src/components/DateTimeRangePicker.tsx
  [read]    /opt/app-root/web/src/components/HelpPopover.tsx
  [read]    /opt/app-root/web/src/components/icons.tsx
  [read]    /opt/app-root/web/src/components/Korrel8rPanel.tsx
  [read]    /opt/app-root/web/src/components/KubernetesIcon.tsx
  [read]    /opt/app-root/web/src/components/NullContextProvider.tsx
  [read]    /opt/app-root/web/src/components/Popover.tsx
  [read]    /opt/app-root/web/src/components/TimeRangeDropdown.tsx
  [read]    /opt/app-root/web/src/components/TimeUnitPicker.tsx
  [read]    /opt/app-root/web/src/components/topology/Korrel8rTopology.tsx
  [read]    /opt/app-root/web/src/components/topology/status.ts
  [read]    /opt/app-root/web/src/encoder-shim.ts
  [read]    /opt/app-root/web/src/getResources.ts
  [read]    /opt/app-root/web/src/hooks/useAgentNavigation.ts
  [read]    /opt/app-root/web/src/hooks/useBoolean.ts
  [read]    /opt/app-root/web/src/hooks/useDomains.tsx
  [read]    /opt/app-root/web/src/hooks/useFeatures.ts
  [read]    /opt/app-root/web/src/hooks/useLocationQuery.ts
  [read]    /opt/app-root/web/src/hooks/useNavigateToQuery.ts
  [read]    /opt/app-root/web/src/hooks/usePluginAvailable.ts
  [read]    /opt/app-root/web/src/hooks/usePopover.tsx
  [read]    /opt/app-root/web/src/hooks/useTimeUnitLabel.tsx
  [read]    /opt/app-root/web/src/hooks/useTroubleshootingPanel.tsx
  [read]    /opt/app-root/web/src/index.d.ts
  [read]    /opt/app-root/web/src/korrel8r-client.ts
  [read]    /opt/app-root/web/src/korrel8r/alert.ts
  [read]    /opt/app-root/web/src/korrel8r/client/client.gen.ts
  [read]    /opt/app-root/web/src/korrel8r/client/client/client.gen.ts
  [read]    /opt/app-root/web/src/korrel8r/client/client/index.ts
  [read]    /opt/app-root/web/src/korrel8r/client/client/types.gen.ts
  [read]    /opt/app-root/web/src/korrel8r/client/client/utils.gen.ts
  [read]    /opt/app-root/web/src/korrel8r/client/core/auth.gen.ts
  [read]    /opt/app-root/web/src/korrel8r/client/core/bodySerializer.gen.ts
  [read]    /opt/app-root/web/src/korrel8r/client/core/params.gen.ts
  [read]    /opt/app-root/web/src/korrel8r/client/core/pathSerializer.gen.ts
  [read]    /opt/app-root/web/src/korrel8r/client/core/queryKeySerializer.gen.ts
  [read]    /opt/app-root/web/src/korrel8r/client/core/serverSentEvents.gen.ts
  [read]    /opt/app-root/web/src/korrel8r/client/core/types.gen.ts
  [read]    /opt/app-root/web/src/korrel8r/client/core/utils.gen.ts
  [read]    /opt/app-root/web/src/korrel8r/client/index.ts
  [read]    /opt/app-root/web/src/korrel8r/client/sdk.gen.ts
  [read]    /opt/app-root/web/src/korrel8r/client/types.gen.ts
  [read]    /opt/app-root/web/src/korrel8r/k8s.ts
  [read]    /opt/app-root/web/src/korrel8r/log.ts
  [read]    /opt/app-root/web/src/korrel8r/metric.ts
  [read]    /opt/app-root/web/src/korrel8r/netflow.ts
  [read]    /opt/app-root/web/src/korrel8r/trace.ts
  [read]    /opt/app-root/web/src/korrel8r/types.ts
  [read]    /opt/app-root/web/src/redux-actions.ts
  [read]    /opt/app-root/web/src/redux-reducers.ts
  [read]    /opt/app-root/web/src/sleep.ts
  [read]    /opt/app-root/web/src/time.ts
  [read]    /opt/app-root/web/tsconfig.json
  [read]    /opt/app-root/web/webpack.config.ts
  [write]   /opt/app-root/web/locales/en/plugin__troubleshooting-panel-console-plugin.json

  Stats:  92 files were parsed

> troubleshooting-panel-console-plugin@0.4.0 build
> npm run clean && npm run ts-node node_modules/.bin/webpack


> troubleshooting-panel-console-plugin@0.4.0 clean
> rm -rf dist


> troubleshooting-panel-console-plugin@0.4.0 ts-node
> ts-node -O '{"module":"commonjs"}' node_modules/.bin/webpack

@patternfly/react-core dynamic modules taken from dist/dynamic-modules.json
@patternfly/react-icons dynamic modules taken from dist/dynamic-modules.json
assets by path *.js 4.68 MiB
  assets by chunk 3.63 MiB (id hint: vendors)
    asset vendors-node_modules_fortawesome_react-fontawesome_index_es_js-node_modules_patternfly_react--68e614-chunk.js 1.4 MiB [emitted] (id hint: vendors) 1 related asset
    asset vendors-node_modules_patternfly_react-core_dist_esm_helpers_Popper_Popper_js-chunk.js 1.16 MiB [emitted] (id hint: vendors) 1 related asset
    asset vendors-node_modules_immutable_dist_immutable_es_js-node_modules_typesafe-actions_dist_typesa-cdf261-chunk.js 183 KiB [emitted] (id hint: vendors) 1 related asset
    asset vendors-node_modules_patternfly_react-core_dist_esm_components_DatePicker_index_js-chunk.js 94.8 KiB [emitted] (id hint: vendors) 1 related asset
    asset vendors-node_modules_patternfly_react-core_dist_esm_components_Menu_Menu_js-node_modules_patt-b35725-chunk.js 90.8 KiB [emitted] (id hint: vendors) 1 related asset
    asset vendors-node_modules_patternfly_react-core_dist_esm_helpers_FocusTrap_FocusTrap_js-node_modul-246622-chunk.js 80.1 KiB [emitted] (id hint: vendors) 1 related asset
    asset vendors-node_modules_patternfly_react-core_dist_esm_components_Form_index_js-chunk.js 63.3 KiB [emitted] (id hint: vendors) 1 related asset
    asset vendors-node_modules_patternfly_react-core_dist_esm_components_TimePicker_index_js-chunk.js 56.3 KiB [emitted] (id hint: vendors) 1 related asset
    asset vendors-node_modules_patternfly_react-core_dist_esm_components_EmptyState_index_js-chunk.js 54.1 KiB [emitted] (id hint: vendors) 1 related asset
    + 13 assets
  + 84 assets
asset locales/en/plugin__troubleshooting-panel-console-plugin.json 3.61 KiB [emitted] [from: ../locales/en/plugin__troubleshooting-panel-console-plugin.json] [copied]
asset plugin-manifest.json 1.19 KiB [emitted]
orphan modules 48.9 KiB [orphan] 74 modules
runtime modules 89.5 KiB 12 modules
javascript modules 3.21 MiB 400 modules
consume-shared-module modules 2.09 KiB
  modules by path consume shared module (default) @patternfly/ 1.89 KiB 46 modules
  modules by path *.1 (singleton) 84 bytes 2 modules
  + 3 modules
provide-module modules 1.85 KiB
  modules by path provide shared module (default) @patternfly/react-core/dist/dynamic/ 1.23 KiB 30 modules
  modules by path provide shared module (default) @patternfly/react-icons/dist/dynamic/icons/ 630 bytes
    provide shared module (default) @patternfly/react-icons/dist/dynamic/icons/atten...(truncated) 42 bytes [built] [code generated]
    provide shared module (default) @patternfly/react-icons/dist/dynamic/icons/ban-i...(truncated) 42 bytes [built] [code generated]
    + 13 modules
../node_modules/@fortawesome/fontawesome-svg-core/package.json 1.39 KiB [optional] [built] [code generated]
webpack 5.106.0 compiled successfully in 2332 ms
--> 71d169359788
[linux/amd64] [1/3] STEP 1/8: FROM registry.access.redhat.com/ubi9/nodejs-22:latest AS web-builder
Trying to pull registry.access.redhat.com/ubi9/nodejs-22:latest...
Getting image source signatures
Checking if image destination supports signatures
Copying blob sha256:d74f03e958176d9f637ef3f0c60d433f7a81709a1fe56c62d203eef3a536739e
Copying blob sha256:56649e4df8eddef4709849b46063574b7ddb22fc98fb75409885c838a4c9d381
Copying blob sha256:5c9af8529e118dd5a8d55d669c48114bfef7c8f5d743e5e560639dfabca3a5f9
Copying config sha256:0f7698e0407d0631a81bf20e78ec1d23de169a3b85762c7d4d6c629fe8f1d963
Writing manifest to image destination
Storing signatures
[linux/amd64] [1/3] STEP 2/8: WORKDIR /opt/app-root
--> Using cache 46caf77e96ba61f5b06ab9ef3cfa61b96f6b86a65f88014b8db1d2fe4bd0b7c7
--> 46caf77e96ba
[linux/amd64] [1/3] STEP 3/8: USER 0
--> Using cache 6745bb46d72d6d391cf435e53a6fb78abcca81a1bfa9d30c8c00b8869d0ebc39
--> 6745bb46d72d
[linux/amd64] [1/3] STEP 4/8: COPY web/package*.json web/
--> 73cd8e292e1d
[linux/amd64] [1/3] STEP 5/8: COPY Makefile Makefile
--> 9614cb23bc8f
[linux/amd64] [1/3] STEP 6/8: RUN make install-frontend
cd web && npm install
npm warn deprecated whatwg-encoding@3.1.1: Use @exodus/bytes instead for a more spec-conformant and faster implementation
npm warn deprecated rimraf@3.0.2: Rimraf versions prior to v4 are no longer supported
npm warn deprecated inflight@1.0.6: This module is not supported, and leaks memory. Do not use it. Check out lru-cache if you want a good and tested way to coalesce async requests by a key value, which is much more comprehensive and powerful.
npm warn deprecated glob@7.2.3: Old versions of glob are not supported, and contain widely publicized security vulnerabilities, which have been fixed in the current version. Please update. Support for old versions may be purchased (at exorbitant rates) by contacting i@izs.me
npm warn deprecated domexception@4.0.0: Use your platform's native DOMException instead
npm warn deprecated i18next-parser@9.4.0: Project is deprecated, use i18next-cli instead
npm warn deprecated abab@2.0.6: Use your platform's native atob() and btoa() methods instead
npm warn deprecated popper.js@1.16.1: You can find the new Popper v2 at @popperjs/core, this package is dedicated to the legacy v1
npm warn deprecated @fortawesome/react-fontawesome@0.2.6: v0.2.x is no longer supported. Unless you are still using FontAwesome 5, please update to v3.1.1 or greater.
npm warn deprecated whatwg-encoding@2.0.0: Use @exodus/bytes instead for a more spec-conformant and faster implementation
npm warn deprecated whatwg-encoding@2.0.0: Use @exodus/bytes instead for a more spec-conformant and faster implementation
npm warn deprecated glob@10.5.0: Old versions of glob are not supported, and contain widely publicized security vulnerabilities, which have been fixed in the current version. Please update. Support for old versions may be purchased (at exorbitant rates) by contacting i@izs.me
npm warn deprecated glob@10.5.0: Old versions of glob are not supported, and contain widely publicized security vulnerabilities, which have been fixed in the current version. Please update. Support for old versions may be purchased (at exorbitant rates) by contacting i@izs.me

added 1558 packages, and audited 1559 packages in 1m

331 packages are looking for funding
  run `npm fund` for details

30 vulnerabilities (2 low, 15 moderate, 12 high, 1 critical)

To address issues that do not require attention, run:
  npm audit fix

To address all issues (including breaking changes), run:
  npm audit fix --force

Run `npm audit` for details.
--> 1ffcf0ad5ce2
[linux/amd64] [1/3] STEP 7/8: COPY web/ web/
--> aed460c2e1af
[linux/amd64] [1/3] STEP 8/8: RUN make build-frontend
cd web && npm run lint && npm run lint:tsc

> troubleshooting-panel-console-plugin@0.4.0 lint
> eslint ./src --fix &&  stylelint "src/**/*.css" --allow-empty-input --fix


> troubleshooting-panel-console-plugin@0.4.0 lint:tsc
> tsc --noEmit

cd web && npm run i18n && npm run build

> troubleshooting-panel-console-plugin@0.4.0 i18n
> i18n-scripts/build-i18n.sh && node i18n-scripts/set-english-defaults.js

+ FILE_PATTERN='{!(dist|node_modules)/**/*.{js,jsx,ts,tsx,json},*.{js,jsx,ts,tsx,json}}'
+ i18next '{!(dist|node_modules)/**/*.{js,jsx,ts,tsx,json},*.{js,jsx,ts,tsx,json}}' '[-oc]' -c ./i18next-parser.config.js -o 'locales/$LOCALE/$NAMESPACE.json'

  i18next Parser
  --------------
  Input:  {!(dist|node_modules)/**/*.{js,jsx,ts,tsx,json},*.{js,jsx,ts,tsx,json}}, [-oc]
  Output: locales/$LOCALE/$NAMESPACE.json

  [read]    /opt/app-root/web/console-extensions.json
  [read]    /opt/app-root/web/cypress.config.ts
  [read]    /opt/app-root/web/cypress/e2e/acceptance.cy.ts
  [read]    /opt/app-root/web/cypress/fixtures/data-test.ts
  [read]    /opt/app-root/web/cypress/support/commands/auth-commands.ts
  [read]    /opt/app-root/web/cypress/support/commands/env.ts
  [read]    /opt/app-root/web/cypress/support/commands/selector-commands.ts
  [read]    /opt/app-root/web/cypress/support/commands/troubeshoot-commands.ts
  [read]    /opt/app-root/web/cypress/support/commands/utility-commands.ts
  [read]    /opt/app-root/web/cypress/support/e2e.ts
  [read]    /opt/app-root/web/cypress/tsconfig.json
  [read]    /opt/app-root/web/cypress/views/nav.ts
  [read]    /opt/app-root/web/cypress/views/tour.ts
  [read]    /opt/app-root/web/cypress/views/utils.ts
  [read]    /opt/app-root/web/eslint.config.ts
  [read]    /opt/app-root/web/i18n-scripts/common.js
  [read]    /opt/app-root/web/i18n-scripts/set-english-defaults.js
  [read]    /opt/app-root/web/i18next-parser.config.js
  [read]    /opt/app-root/web/jest.config.js
  [read]    /opt/app-root/web/locales/en/plugin__troubleshooting-panel-console-plugin.json
  [read]    /opt/app-root/web/openapi-ts.config.ts
  [read]    /opt/app-root/web/package-lock.json
  [read]    /opt/app-root/web/package.json
  [read]    /opt/app-root/web/src/__tests__/agentNavigation.spec.ts
  [read]    /opt/app-root/web/src/__tests__/alert.spec.ts
  [read]    /opt/app-root/web/src/__tests__/icons-preview.spec.tsx
  [read]    /opt/app-root/web/src/__tests__/k8s.spec.ts
  [read]    /opt/app-root/web/src/__tests__/log.spec.ts
  [read]    /opt/app-root/web/src/__tests__/metric.spec.ts
  [read]    /opt/app-root/web/src/__tests__/netflow.spec.ts
  [read]    /opt/app-root/web/src/__tests__/status.spec.ts
  [read]    /opt/app-root/web/src/__tests__/time.spec.ts
  [read]    /opt/app-root/web/src/__tests__/trace.spec.ts
  [read]    /opt/app-root/web/src/__tests__/types.spec.ts
  [read]    /opt/app-root/web/src/components/AdvancedSearchForm.tsx
  [read]    /opt/app-root/web/src/components/AgentMenu.tsx
  [read]    /opt/app-root/web/src/components/AIExperienceIcon.tsx
  [read]    /opt/app-root/web/src/components/DateTimePicker.tsx
  [read]    /opt/app-root/web/src/components/DateTimeRangePicker.tsx
  [read]    /opt/app-root/web/src/components/HelpPopover.tsx
  [read]    /opt/app-root/web/src/components/icons.tsx
  [read]    /opt/app-root/web/src/components/Korrel8rPanel.tsx
  [read]    /opt/app-root/web/src/components/KubernetesIcon.tsx
  [read]    /opt/app-root/web/src/components/NullContextProvider.tsx
  [read]    /opt/app-root/web/src/components/Popover.tsx
  [read]    /opt/app-root/web/src/components/TimeRangeDropdown.tsx
  [read]    /opt/app-root/web/src/components/TimeUnitPicker.tsx
  [read]    /opt/app-root/web/src/components/topology/Korrel8rTopology.tsx
  [read]    /opt/app-root/web/src/components/topology/status.ts
  [read]    /opt/app-root/web/src/encoder-shim.ts
  [read]    /opt/app-root/web/src/getResources.ts
  [read]    /opt/app-root/web/src/hooks/useAgentNavigation.ts
  [read]    /opt/app-root/web/src/hooks/useBoolean.ts
  [read]    /opt/app-root/web/src/hooks/useDomains.tsx
  [read]    /opt/app-root/web/src/hooks/useFeatures.ts
  [read]    /opt/app-root/web/src/hooks/useLocationQuery.ts
  [read]    /opt/app-root/web/src/hooks/useNavigateToQuery.ts
  [read]    /opt/app-root/web/src/hooks/usePluginAvailable.ts
  [read]    /opt/app-root/web/src/hooks/usePopover.tsx
  [read]    /opt/app-root/web/src/hooks/useTimeUnitLabel.tsx
  [read]    /opt/app-root/web/src/hooks/useTroubleshootingPanel.tsx
  [read]    /opt/app-root/web/src/index.d.ts
  [read]    /opt/app-root/web/src/korrel8r-client.ts
  [read]    /opt/app-root/web/src/korrel8r/alert.ts
  [read]    /opt/app-root/web/src/korrel8r/client/client.gen.ts
  [read]    /opt/app-root/web/src/korrel8r/client/client/client.gen.ts
  [read]    /opt/app-root/web/src/korrel8r/client/client/index.ts
  [read]    /opt/app-root/web/src/korrel8r/client/client/types.gen.ts
  [read]    /opt/app-root/web/src/korrel8r/client/client/utils.gen.ts
  [read]    /opt/app-root/web/src/korrel8r/client/core/auth.gen.ts
  [read]    /opt/app-root/web/src/korrel8r/client/core/bodySerializer.gen.ts
  [read]    /opt/app-root/web/src/korrel8r/client/core/params.gen.ts
  [read]    /opt/app-root/web/src/korrel8r/client/core/pathSerializer.gen.ts
  [read]    /opt/app-root/web/src/korrel8r/client/core/queryKeySerializer.gen.ts
  [read]    /opt/app-root/web/src/korrel8r/client/core/serverSentEvents.gen.ts
  [read]    /opt/app-root/web/src/korrel8r/client/core/types.gen.ts
  [read]    /opt/app-root/web/src/korrel8r/client/core/utils.gen.ts
  [read]    /opt/app-root/web/src/korrel8r/client/index.ts
  [read]    /opt/app-root/web/src/korrel8r/client/sdk.gen.ts
  [read]    /opt/app-root/web/src/korrel8r/client/types.gen.ts
  [read]    /opt/app-root/web/src/korrel8r/k8s.ts
  [read]    /opt/app-root/web/src/korrel8r/log.ts
  [read]    /opt/app-root/web/src/korrel8r/metric.ts
  [read]    /opt/app-root/web/src/korrel8r/netflow.ts
  [read]    /opt/app-root/web/src/korrel8r/trace.ts
  [read]    /opt/app-root/web/src/korrel8r/types.ts
  [read]    /opt/app-root/web/src/redux-actions.ts
  [read]    /opt/app-root/web/src/redux-reducers.ts
  [read]    /opt/app-root/web/src/sleep.ts
  [read]    /opt/app-root/web/src/time.ts
  [read]    /opt/app-root/web/tsconfig.json
  [read]    /opt/app-root/web/webpack.config.ts
  [write]   /opt/app-root/web/locales/en/plugin__troubleshooting-panel-console-plugin.json

  Stats:  92 files were parsed

> troubleshooting-panel-console-plugin@0.4.0 build
> npm run clean && npm run ts-node node_modules/.bin/webpack


> troubleshooting-panel-console-plugin@0.4.0 clean
> rm -rf dist


> troubleshooting-panel-console-plugin@0.4.0 ts-node
> ts-node -O '{"module":"commonjs"}' node_modules/.bin/webpack

@patternfly/react-core dynamic modules taken from dist/dynamic-modules.json
@patternfly/react-icons dynamic modules taken from dist/dynamic-modules.json
assets by path *.js 4.68 MiB
  assets by chunk 3.63 MiB (id hint: vendors)
    asset vendors-node_modules_fortawesome_react-fontawesome_index_es_js-node_modules_patternfly_react--68e614-chunk.js 1.4 MiB [emitted] (id hint: vendors) 1 related asset
    asset vendors-node_modules_patternfly_react-core_dist_esm_helpers_Popper_Popper_js-chunk.js 1.16 MiB [emitted] (id hint: vendors) 1 related asset
    asset vendors-node_modules_immutable_dist_immutable_es_js-node_modules_typesafe-actions_dist_typesa-cdf261-chunk.js 183 KiB [emitted] (id hint: vendors) 1 related asset
    asset vendors-node_modules_patternfly_react-core_dist_esm_components_DatePicker_index_js-chunk.js 94.8 KiB [emitted] (id hint: vendors) 1 related asset
    asset vendors-node_modules_patternfly_react-core_dist_esm_components_Menu_Menu_js-node_modules_patt-b35725-chunk.js 90.8 KiB [emitted] (id hint: vendors) 1 related asset
    asset vendors-node_modules_patternfly_react-core_dist_esm_helpers_FocusTrap_FocusTrap_js-node_modul-246622-chunk.js 80.1 KiB [emitted] (id hint: vendors) 1 related asset
    asset vendors-node_modules_patternfly_react-core_dist_esm_components_Form_index_js-chunk.js 63.3 KiB [emitted] (id hint: vendors) 1 related asset
    asset vendors-node_modules_patternfly_react-core_dist_esm_components_TimePicker_index_js-chunk.js 56.3 KiB [emitted] (id hint: vendors) 1 related asset
    asset vendors-node_modules_patternfly_react-core_dist_esm_components_EmptyState_index_js-chunk.js 54.1 KiB [emitted] (id hint: vendors) 1 related asset
    + 13 assets
  + 84 assets
asset locales/en/plugin__troubleshooting-panel-console-plugin.json 3.61 KiB [emitted] [from: ../locales/en/plugin__troubleshooting-panel-console-plugin.json] [copied]
asset plugin-manifest.json 1.19 KiB [emitted]
orphan modules 48.9 KiB [orphan] 74 modules
runtime modules 89.5 KiB 12 modules
javascript modules 3.21 MiB 400 modules
consume-shared-module modules 2.09 KiB
  modules by path consume shared module (default) @patternfly/ 1.89 KiB 46 modules
  modules by path *.1 (singleton) 84 bytes 2 modules
  + 3 modules
provide-module modules 1.85 KiB
  modules by path provide shared module (default) @patternfly/react-core/dist/dynamic/ 1.23 KiB 30 modules
  modules by path provide shared module (default) @patternfly/react-icons/dist/dynamic/icons/ 630 bytes
    provide shared module (default) @patternfly/react-icons/dist/dynamic/icons/atten...(truncated) 42 bytes [built] [code generated]
    provide shared module (default) @patternfly/react-icons/dist/dynamic/icons/ban-i...(truncated) 42 bytes [built] [code generated]
    + 13 modules
../node_modules/@fortawesome/fontawesome-svg-core/package.json 1.39 KiB [optional] [built] [code generated]
webpack 5.106.0 compiled successfully in 4057 ms
--> bd37411d39f0
[linux/arm64] [2/3] STEP 1/11: FROM registry.access.redhat.com/ubi9/go-toolset:1.26 AS go-builder
[linux/arm64] [2/3] STEP 2/11: WORKDIR /opt/app-root
--> Using cache 275d9d3558010c9a03d3348ab35720a53d8d7a01298d75858117915c94490556
--> 275d9d355801
[linux/arm64] [2/3] STEP 3/11: COPY Makefile Makefile
--> f34e80fc0f22
[linux/arm64] [2/3] STEP 4/11: COPY go.mod go.mod
--> 79dfda0184ad
[linux/arm64] [2/3] STEP 5/11: COPY go.sum go.sum
--> 954eb05944f6
[linux/arm64] [2/3] STEP 6/11: RUN go mod download
--> 398dc86b244f
[linux/arm64] [2/3] STEP 7/11: COPY cmd/ cmd/
--> 59e38ddef748
[linux/arm64] [2/3] STEP 8/11: COPY pkg/ pkg/
--> f231fb67577e
[linux/arm64] [2/3] STEP 9/11: ENV GOEXPERIMENT=strictfipsruntime
--> 09d15a091dd7
[linux/arm64] [2/3] STEP 10/11: ENV CGO_ENABLED=1
--> 7bfd1983ed61
[linux/arm64] [2/3] STEP 11/11: RUN make build-backend BUILD_OPTS="-tags strictfipsruntime"
go build -tags strictfipsruntime -o plugin-backend -mod=readonly cmd/plugin-backend.go
--> d2b80c4a5f7c
[linux/amd64] [2/3] STEP 1/11: FROM registry.access.redhat.com/ubi9/go-toolset:1.26 AS go-builder
Trying to pull registry.access.redhat.com/ubi9/go-toolset:1.26...
Getting image source signatures
Checking if image destination supports signatures
Copying blob sha256:9dd7a54704c5a666e57e3f6efc35e90fc6da8ad2923d77d60d1c573ef3315791
Copying blob sha256:56649e4df8eddef4709849b46063574b7ddb22fc98fb75409885c838a4c9d381
Copying blob sha256:5c9af8529e118dd5a8d55d669c48114bfef7c8f5d743e5e560639dfabca3a5f9
Copying blob sha256:d68194b0e4a172e16c5cbb1bc0479d22da58da64d376a5cdb885730c90f6fc5b
Copying config sha256:11c3fc29fb378f2b34bbf7921ad5e41b11f9631214b3369f21fc66619a1c7872
Writing manifest to image destination
Storing signatures
[linux/amd64] [2/3] STEP 2/11: WORKDIR /opt/app-root
--> Using cache 249c9c189ce8d0c9e8ed9338206092cdd86fc56fca24809c5d37e11a15994ef9
--> 249c9c189ce8
[linux/amd64] [2/3] STEP 3/11: COPY Makefile Makefile
--> 6f141c262f51
[linux/amd64] [2/3] STEP 4/11: COPY go.mod go.mod
--> 6f882974b9b3
[linux/amd64] [2/3] STEP 5/11: COPY go.sum go.sum
--> 42553ca1b004
[linux/amd64] [2/3] STEP 6/11: RUN go mod download
--> 8c21dcc83ab2
[linux/amd64] [2/3] STEP 7/11: COPY cmd/ cmd/
--> 9cf60da75b74
[linux/amd64] [2/3] STEP 8/11: COPY pkg/ pkg/
--> dbc33f773a8d
[linux/amd64] [2/3] STEP 9/11: ENV GOEXPERIMENT=strictfipsruntime
--> 1dad06550c37
[linux/amd64] [2/3] STEP 10/11: ENV CGO_ENABLED=1
--> f5bad4398bf6
[linux/amd64] [2/3] STEP 11/11: RUN make build-backend BUILD_OPTS="-tags strictfipsruntime"
go build -tags strictfipsruntime -o plugin-backend -mod=readonly cmd/plugin-backend.go
--> 8e4f2e2811b6
[linux/arm64] [3/3] STEP 1/4: FROM registry.access.redhat.com/ubi9/ubi-minimal
[linux/arm64] [3/3] STEP 2/4: COPY --from=web-builder /opt/app-root/web/dist /opt/app-root/web/dist
--> 3550bdbff607
[linux/arm64] [3/3] STEP 3/4: COPY --from=go-builder /opt/app-root/plugin-backend /opt/app-root
--> 996fbbc2d429
[linux/arm64] [3/3] STEP 4/4: ENTRYPOINT ["/opt/app-root/plugin-backend", "-static-path", "/opt/app-root/web/dist"]
[linux/arm64] [3/3] COMMIT
--> 0e9976879ebc
[linux/amd64] [3/3] STEP 1/4: FROM registry.access.redhat.com/ubi9/ubi-minimal
0e9976879ebcf045d01372648bfaa2050a657028ca137be9c21114f9d346a799
Trying to pull registry.access.redhat.com/ubi9/ubi-minimal:latest...
Getting image source signatures
Checking if image destination supports signatures
Copying blob sha256:2943616793071e9fa96e298a7454ac45b7a498df6ca5c681004955a177cdf999
Copying config sha256:e3e6fe3b9c265802d2526c15071f59bd20f2d634fc82b7c633387d2cf2ec1056
Writing manifest to image destination
Storing signatures
[linux/amd64] [3/3] STEP 2/4: COPY --from=web-builder /opt/app-root/web/dist /opt/app-root/web/dist
--> c20ef7f4c380
[linux/amd64] [3/3] STEP 3/4: COPY --from=go-builder /opt/app-root/plugin-backend /opt/app-root
--> 223dce00a2bb
[linux/amd64] [3/3] STEP 4/4: ENTRYPOINT ["/opt/app-root/plugin-backend", "-static-path", "/opt/app-root/web/dist"]
[linux/amd64] [3/3] COMMIT
--> 4cf27f0ef236
4cf27f0ef236bc75dd75cb81430d51e2f1282201fc34ff2f6ccdf5f8b6e934a9
podman manifest push quay.io/openshift-observability-ui/troubleshooting-panel-console-plugin:v1.0.0
Getting image list signatures
Copying 2 images generated from 2 images in list
Copying image sha256:9cb7159d072131973be798b020a933ad2c45b8603e9abbf5e96e8e1bbea9e618 (1/2)
Getting image source signatures
Copying blob sha256:7df8a3ed81af2762ab14649d50ac827d42180f2bd1c350675cddf166d78ffc07
Copying blob sha256:5e0c0516b794028658ae88ffcfcd76efa540e4fbc1cd5844aeafbcb20488674a
Copying blob sha256:0eed8a08b1e66168b6f2ba8670795ebf1e689b67e6cc820d751fb4586d2eed9a
Copying config sha256:0e9976879ebcf045d01372648bfaa2050a657028ca137be9c21114f9d346a799
Writing manifest to image destination
Copying image sha256:02554c00213d26a4a738c97292a8904838062a548d36639ec215da5e5b9b4077 (2/2)
Getting image source signatures
Copying blob sha256:3489a8f713b1f6f3f45de67ba314811d7f1cfab3eef9727946460c0eb64fade4
Copying blob sha256:56550161697f795bc52c827a70fe1e427be4c6bdf4e3c9b2d560f51c2524b6f3
Copying blob sha256:a3f3f8e47ee6037c41203d4aa3d664715ec041aa49bf9d245d09be1712a2970d
Copying config sha256:4cf27f0ef236bc75dd75cb81430d51e2f1282201fc34ff2f6ccdf5f8b6e934a9
Writing manifest to image destination
Writing manifest list to image destination
Storing list signatures
==========================================
Building monitoring-plugin @ release-coo-1.5-ocp-4.22 with VERSION=v1.0.0 ORG=openshift-observability-ui
==========================================
Switched to a new branch 'release-coo-1.5-ocp-4.22'
branch 'release-coo-1.5-ocp-4.22' set up to track 'origin/release-coo-1.5-ocp-4.22'.
From https://github.com/openshift/monitoring-plugin
 * branch              release-coo-1.5-ocp-4.22 -> FETCH_HEAD
Already up to date.
--- Attempt 1/3 ---
podman manifest create -a quay.io/openshift-observability-ui/monitoring-console-plugin:v1.0.0
2f90670da64e1abea531934f04015a84bbcb8946aae57e95b2012c5943db542a
podman build --platform linux/arm64,linux/amd64 --manifest quay.io/openshift-observability-ui/monitoring-console-plugin:v1.0.0 -f Dockerfile.mcp
[linux/arm64] [1/3] STEP 1/11: FROM registry.redhat.io/ubi9/nodejs-22:latest AS web-builder
[linux/arm64] [1/3] STEP 2/11: WORKDIR /opt/app-root
--> Using cache 146448a31d2fcfcd5a91a98d4a0c7d99547020a2f3b7985df74f9ee7ea8d4f17
--> 146448a31d2f
[linux/arm64] [1/3] STEP 3/11: USER 0
--> Using cache 50faba38c5114fa147b085f7edb0d428324b9b252ff7c16eb2958079515d5ded
--> 50faba38c511
[linux/arm64] [1/3] STEP 4/11: ENV HUSKY=0
--> Using cache 194539eb7b0f0e6f98e9d87a5c0af5160f8349cb1ac82af1288d800ed8250a71
--> 194539eb7b0f
[linux/arm64] [1/3] STEP 5/11: COPY web/package*.json web/
--> aed01865986a
[linux/arm64] [1/3] STEP 6/11: COPY Makefile Makefile
--> 2a141ecfb474
[linux/arm64] [1/3] STEP 7/11: RUN make install-frontend-ci
cd web && npm ci --ignore-scripts
npm warn deprecated rimraf@3.0.2: Rimraf versions prior to v4 are no longer supported
npm warn deprecated lodash.get@4.4.2: This package is deprecated. Use the optional chaining (?.) operator instead.
npm warn deprecated inflight@1.0.6: This module is not supported, and leaks memory. Do not use it. Check out lru-cache if you want a good and tested way to coalesce async requests by a key value, which is much more comprehensive and powerful.
npm warn deprecated i18next-parser@9.4.0: Project is deprecated, use i18next-cli instead
npm warn deprecated glob@7.2.3: Glob versions prior to v9 are no longer supported
npm warn deprecated glob@10.5.0: Old versions of glob are not supported, and contain widely publicized security vulnerabilities, which have been fixed in the current version. Please update. Support for old versions may be purchased (at exorbitant rates) by contacting i@izs.me
npm warn deprecated glob@10.5.0: Old versions of glob are not supported, and contain widely publicized security vulnerabilities, which have been fixed in the current version. Please update. Support for old versions may be purchased (at exorbitant rates) by contacting i@izs.me
npm warn deprecated glob@10.5.0: Old versions of glob are not supported, and contain widely publicized security vulnerabilities, which have been fixed in the current version. Please update. Support for old versions may be purchased (at exorbitant rates) by contacting i@izs.me
npm warn deprecated glob@10.5.0: Old versions of glob are not supported, and contain widely publicized security vulnerabilities, which have been fixed in the current version. Please update. Support for old versions may be purchased (at exorbitant rates) by contacting i@izs.me
npm warn deprecated glob@10.5.0: Old versions of glob are not supported, and contain widely publicized security vulnerabilities, which have been fixed in the current version. Please update. Support for old versions may be purchased (at exorbitant rates) by contacting i@izs.me

added 1834 packages, and audited 1835 packages in 41s

324 packages are looking for funding
  run `npm fund` for details

44 vulnerabilities (3 low, 17 moderate, 23 high, 1 critical)

To address issues that do not require attention, run:
  npm audit fix

To address all issues possible (including breaking changes), run:
  npm audit fix --force

Some issues need review, and may require choosing
a different dependency.

Run `npm audit` for details.
--> f07f511fa84b
[linux/arm64] [1/3] STEP 8/11: COPY web/ web/
--> 63628df28f16
[linux/arm64] [1/3] STEP 9/11: COPY config/ config/
--> cf327eef5b6b
[linux/arm64] [1/3] STEP 10/11: ENV CONSOLE_PLUGIN_NAME="monitoring-console-plugin"
--> 3dae4c84a51a
[linux/arm64] [1/3] STEP 11/11: RUN make build-frontend
cd web && npm run build

> monitoring-plugin@1.0.0 build
> npm run clean && NODE_ENV=production npm run ts-node node_modules/.bin/webpack


> monitoring-plugin@1.0.0 clean
> rm -rf dist


> monitoring-plugin@1.0.0 ts-node
> ts-node -O '{"module":"commonjs"}' node_modules/.bin/webpack

@patternfly/react-core dynamic modules taken from dist/dynamic-modules.json
@patternfly/react-data-view dynamic modules generated from dist/dynamic
@patternfly/react-icons dynamic modules taken from dist/dynamic-modules.json
@patternfly/react-table dynamic modules taken from dist/dynamic-modules.json
@patternfly/react-templates dynamic modules taken from dist/dynamic-modules.json
assets by path *.js 9.87 MiB
  assets by chunk 8.17 MiB (id hint: vendors)
    assets by status 7.08 MiB [big] 4 assets
    + 38 assets
  + 187 assets
assets by path assets/ 1.28 MiB
  assets by path assets/*.woff 740 KiB 42 assets
  assets by path assets/*.woff2 565 KiB 42 assets
  asset assets/restricted-sign..svg 2.38 KiB [emitted] [from: components/console/imgs/restricted-sign.svg] (auxiliary name: CmoAlertsPage, exposed-AlertRulesDetailsPage, exposed-AlertsDetailsPage, exposed-IncidentsPage, exposed-SilenceEditPage, exposed-SilencesDetailsPage, exposed-TargetsPage)
assets by path locales/ 115 KiB
  asset locales/en/plugin__monitoring-console-plugin.json 22.2 KiB [emitted] [from: ../locales/en/plugin__monitoring-plugin.json] [copied]
  asset locales/ja/plugin__monitoring-console-plugin.json 20.7 KiB [emitted] [from: ../locales/ja/plugin__monitoring-plugin.json] [copied]
  asset locales/fr/plugin__monitoring-console-plugin.json 19.3 KiB [emitted] [from: ../locales/fr/plugin__monitoring-plugin.json] [copied]
  + 3 assets
asset plugin-manifest.json 7.89 KiB [emitted]
orphan modules 21.2 MiB [orphan] 21870 modules
runtime modules 67.2 KiB 15 modules
built modules 17.9 MiB (javascript) 1.28 MiB (asset) 3.65 KiB (consume-shared) 3.36 KiB (share-init) [built]
  modules by path ../node_modules/ 17.1 MiB (javascript) 1.27 MiB (asset)
    javascript modules 17.1 MiB 1620 modules
    asset modules 1.27 MiB (asset) 3.45 KiB (javascript) 84 modules
    ../node_modules/tlds/index.json 10.9 KiB [built] [code generated]
  modules by path ./ 787 KiB (javascript) 2.38 KiB (asset) 91 modules
  consume-shared-module modules 3.65 KiB 89 modules
  provide-module modules 3.36 KiB 82 modules
  modules by path @console/ 30 bytes
    @console/internal/models (ignored) 15 bytes [built] [code generated]
    @console/shared/src/utils/console-fetch (ignored) 15 bytes [built] [code generated]
  container entry 42 bytes [built] [code generated]

LOG from @openshift-console/dynamic-plugin-sdk-webpack/lib/webpack/loaders/dynamic-module-import-loader ../node_modules/esbuild-loader/dist/index.cjs??ruleSet[1].rules[0]!./components/dashboards/perses/dashboard-list.tsx
<w> Non-index and non-dynamic module import @patternfly/react-data-view/dist/dynamic/DataViewFilters

LOG from @openshift-console/dynamic-plugin-sdk-webpack/lib/webpack/loaders/dynamic-module-import-loader ../node_modules/esbuild-loader/dist/index.cjs??ruleSet[1].rules[0]!./components/table/TableCheckboxFilter.tsx
<w> Non-index and non-dynamic module import @patternfly/react-data-view/dist/dynamic/DataViewFilters

WARNING in asset size limit: The following asset(s) exceed the recommended size limit (244 KiB).
This can impact web performance.
Assets: 
  4617-chunk-930f5be14d66a6081df4.min.js (311 KiB)
  4572-chunk-0efec978b172a3428cf4.min.js (402 KiB)
  6344-chunk-3701ca6460f3248e4d71.min.js (1.87 MiB)
  700-chunk-3112e12c055837b7fae9.min.js (4.51 MiB)

webpack 5.105.4 compiled with 1 warning in 103162 ms
--> ee05fb64b60b
[linux/amd64] [1/3] STEP 1/11: FROM registry.redhat.io/ubi9/nodejs-22:latest AS web-builder
Trying to pull registry.redhat.io/ubi9/nodejs-22:latest...
Getting image source signatures
Checking if image destination supports signatures
Copying blob sha256:d74f03e958176d9f637ef3f0c60d433f7a81709a1fe56c62d203eef3a536739e
Copying blob sha256:56649e4df8eddef4709849b46063574b7ddb22fc98fb75409885c838a4c9d381
Copying blob sha256:5c9af8529e118dd5a8d55d669c48114bfef7c8f5d743e5e560639dfabca3a5f9
Copying config sha256:0f7698e0407d0631a81bf20e78ec1d23de169a3b85762c7d4d6c629fe8f1d963
Writing manifest to image destination
Storing signatures
[linux/amd64] [1/3] STEP 2/11: WORKDIR /opt/app-root
--> Using cache 46caf77e96ba61f5b06ab9ef3cfa61b96f6b86a65f88014b8db1d2fe4bd0b7c7
--> 46caf77e96ba
[linux/amd64] [1/3] STEP 3/11: USER 0
--> Using cache 6745bb46d72d6d391cf435e53a6fb78abcca81a1bfa9d30c8c00b8869d0ebc39
--> 6745bb46d72d
[linux/amd64] [1/3] STEP 4/11: ENV HUSKY=0
--> Using cache 553b43b50f5284068aec6569c5351039a8627c17337da821a9de97a1d0bd0e4d
--> 553b43b50f52
[linux/amd64] [1/3] STEP 5/11: COPY web/package*.json web/
--> 03744fa5c298
[linux/amd64] [1/3] STEP 6/11: COPY Makefile Makefile
--> 1ae91e73e08b
[linux/amd64] [1/3] STEP 7/11: RUN make install-frontend-ci
cd web && npm ci --ignore-scripts
npm warn deprecated rimraf@3.0.2: Rimraf versions prior to v4 are no longer supported
npm warn deprecated lodash.get@4.4.2: This package is deprecated. Use the optional chaining (?.) operator instead.
npm warn deprecated inflight@1.0.6: This module is not supported, and leaks memory. Do not use it. Check out lru-cache if you want a good and tested way to coalesce async requests by a key value, which is much more comprehensive and powerful.
npm warn deprecated i18next-parser@9.4.0: Project is deprecated, use i18next-cli instead
npm warn deprecated glob@7.2.3: Glob versions prior to v9 are no longer supported
npm warn deprecated glob@10.5.0: Old versions of glob are not supported, and contain widely publicized security vulnerabilities, which have been fixed in the current version. Please update. Support for old versions may be purchased (at exorbitant rates) by contacting i@izs.me
npm warn deprecated glob@10.5.0: Old versions of glob are not supported, and contain widely publicized security vulnerabilities, which have been fixed in the current version. Please update. Support for old versions may be purchased (at exorbitant rates) by contacting i@izs.me
npm warn deprecated glob@10.5.0: Old versions of glob are not supported, and contain widely publicized security vulnerabilities, which have been fixed in the current version. Please update. Support for old versions may be purchased (at exorbitant rates) by contacting i@izs.me
npm warn deprecated glob@10.5.0: Old versions of glob are not supported, and contain widely publicized security vulnerabilities, which have been fixed in the current version. Please update. Support for old versions may be purchased (at exorbitant rates) by contacting i@izs.me
npm warn deprecated glob@10.5.0: Old versions of glob are not supported, and contain widely publicized security vulnerabilities, which have been fixed in the current version. Please update. Support for old versions may be purchased (at exorbitant rates) by contacting i@izs.me

added 1834 packages, and audited 1835 packages in 56s

324 packages are looking for funding
  run `npm fund` for details

44 vulnerabilities (3 low, 17 moderate, 23 high, 1 critical)

To address issues that do not require attention, run:
  npm audit fix

To address all issues possible (including breaking changes), run:
  npm audit fix --force

Some issues need review, and may require choosing
a different dependency.

Run `npm audit` for details.
--> 910a385ef35a
[linux/amd64] [1/3] STEP 8/11: COPY web/ web/
--> bceeff71667e
[linux/amd64] [1/3] STEP 9/11: COPY config/ config/
--> 83ba572b91f0
[linux/amd64] [1/3] STEP 10/11: ENV CONSOLE_PLUGIN_NAME="monitoring-console-plugin"
--> 2e5d9aad14f4
[linux/amd64] [1/3] STEP 11/11: RUN make build-frontend
cd web && npm run build

> monitoring-plugin@1.0.0 build
> npm run clean && NODE_ENV=production npm run ts-node node_modules/.bin/webpack


> monitoring-plugin@1.0.0 clean
> rm -rf dist


> monitoring-plugin@1.0.0 ts-node
> ts-node -O '{"module":"commonjs"}' node_modules/.bin/webpack

@patternfly/react-core dynamic modules taken from dist/dynamic-modules.json
@patternfly/react-data-view dynamic modules generated from dist/dynamic
@patternfly/react-icons dynamic modules taken from dist/dynamic-modules.json
@patternfly/react-table dynamic modules taken from dist/dynamic-modules.json
@patternfly/react-templates dynamic modules taken from dist/dynamic-modules.json
assets by path *.js 9.87 MiB
  assets by chunk 8.17 MiB (id hint: vendors)
    assets by status 7.08 MiB [big] 4 assets
    + 38 assets
  + 187 assets
assets by path assets/ 1.28 MiB
  assets by path assets/*.woff 740 KiB 42 assets
  assets by path assets/*.woff2 565 KiB 42 assets
  asset assets/restricted-sign..svg 2.38 KiB [emitted] [from: components/console/imgs/restricted-sign.svg] (auxiliary name: CmoAlertsPage, exposed-AlertRulesDetailsPage, exposed-AlertsDetailsPage, exposed-IncidentsPage, exposed-SilenceEditPage, exposed-SilencesDetailsPage, exposed-TargetsPage)
assets by path locales/ 115 KiB
  asset locales/en/plugin__monitoring-console-plugin.json 22.2 KiB [emitted] [from: ../locales/en/plugin__monitoring-plugin.json] [copied]
  asset locales/ja/plugin__monitoring-console-plugin.json 20.7 KiB [emitted] [from: ../locales/ja/plugin__monitoring-plugin.json] [copied]
  asset locales/fr/plugin__monitoring-console-plugin.json 19.3 KiB [emitted] [from: ../locales/fr/plugin__monitoring-plugin.json] [copied]
  + 3 assets
asset plugin-manifest.json 7.89 KiB [emitted]
orphan modules 21.2 MiB [orphan] 21870 modules
runtime modules 67.2 KiB 15 modules
built modules 17.9 MiB (javascript) 1.28 MiB (asset) 3.65 KiB (consume-shared) 3.36 KiB (share-init) [built]
  modules by path ../node_modules/ 17.1 MiB (javascript) 1.27 MiB (asset)
    javascript modules 17.1 MiB 1620 modules
    asset modules 1.27 MiB (asset) 3.45 KiB (javascript) 84 modules
    ../node_modules/tlds/index.json 10.9 KiB [built] [code generated]
  modules by path ./ 787 KiB (javascript) 2.38 KiB (asset) 91 modules
  consume-shared-module modules 3.65 KiB 89 modules
  provide-module modules 3.36 KiB 82 modules
  modules by path @console/ 30 bytes
    @console/internal/models (ignored) 15 bytes [built] [code generated]
    @console/shared/src/utils/console-fetch (ignored) 15 bytes [built] [code generated]
  container entry 42 bytes [built] [code generated]

LOG from @openshift-console/dynamic-plugin-sdk-webpack/lib/webpack/loaders/dynamic-module-import-loader ../node_modules/esbuild-loader/dist/index.cjs??ruleSet[1].rules[0]!./components/dashboards/perses/dashboard-list.tsx
<w> Non-index and non-dynamic module import @patternfly/react-data-view/dist/dynamic/DataViewFilters

LOG from @openshift-console/dynamic-plugin-sdk-webpack/lib/webpack/loaders/dynamic-module-import-loader ../node_modules/esbuild-loader/dist/index.cjs??ruleSet[1].rules[0]!./components/table/TableCheckboxFilter.tsx
<w> Non-index and non-dynamic module import @patternfly/react-data-view/dist/dynamic/DataViewFilters

WARNING in asset size limit: The following asset(s) exceed the recommended size limit (244 KiB).
This can impact web performance.
Assets: 
  4617-chunk-930f5be14d66a6081df4.min.js (311 KiB)
  4572-chunk-0efec978b172a3428cf4.min.js (402 KiB)
  6344-chunk-3701ca6460f3248e4d71.min.js (1.87 MiB)
  700-chunk-3112e12c055837b7fae9.min.js (4.51 MiB)

webpack 5.105.4 compiled with 1 warning in 130577 ms
--> c2cb1637e19c
[linux/arm64] [2/3] STEP 1/14: FROM registry.access.redhat.com/ubi9/go-toolset:1.26 AS go-builder
Trying to pull registry.access.redhat.com/ubi9/go-toolset:1.26...
Getting image source signatures
Checking if image destination supports signatures
Copying blob sha256:3fa2c3ec93bd0d2914f8e021fa5b043ace5a704a440ecd2db626edd260f6a3c8
Copying blob sha256:3b33bd74c459c543768665bc4406a7ec75fd6a2de94164c1ad9968e07c895aaf
Copying blob sha256:96c26ef68d364bcbd8f901e4664d7531ebb74699c6d8a69825e5925d8c6696c2
Copying blob sha256:852e434154bbab928ec83bdc7061dee5120584a0c35903abf2b024686bc65eb8
Copying config sha256:c9e40cb14364af57c6c2c0ca7a8afc8b39349b65e751b3062bf52d82bdc297cb
Writing manifest to image destination
Storing signatures
[linux/arm64] [2/3] STEP 2/14: WORKDIR /opt/app-root
--> Using cache 275d9d3558010c9a03d3348ab35720a53d8d7a01298d75858117915c94490556
--> 275d9d355801
[linux/arm64] [2/3] STEP 3/14: COPY Makefile Makefile
--> 7a53e8b8742a
[linux/arm64] [2/3] STEP 4/14: COPY go.mod go.mod
--> 3eea68f9c472
[linux/arm64] [2/3] STEP 5/14: COPY go.sum go.sum
--> e20594a396c2
[linux/arm64] [2/3] STEP 6/14: RUN make install-backend
go mod download
--> a9bc1727e392
[linux/arm64] [2/3] STEP 7/14: COPY cmd/ cmd/
--> cad5d91e3473
[linux/arm64] [2/3] STEP 8/14: COPY pkg/ pkg/
--> 65531b9ce888
[linux/arm64] [2/3] STEP 9/14: ENV GOOS=${TARGETOS:-linux}
--> ae7ffbc43f9a
[linux/arm64] [2/3] STEP 10/14: ENV GOARCH=${TARGETARCH}
--> 099380241d82
[linux/arm64] [2/3] STEP 11/14: ENV GOEXPERIMENT=strictfipsruntime
--> b2675bec8828
[linux/arm64] [2/3] STEP 12/14: ENV GOFLAGS=-mod=readonly
--> 71b334c61965
[linux/arm64] [2/3] STEP 13/14: ENV CGO_ENABLED=1
--> cac8fa02040e
[linux/arm64] [2/3] STEP 14/14: RUN make build-backend
go build  -mod=readonly -o plugin-backend cmd/plugin-backend.go
--> c18f2aa14880
[linux/amd64] [2/3] STEP 1/14: FROM registry.access.redhat.com/ubi9/go-toolset:1.26 AS go-builder
Trying to pull registry.access.redhat.com/ubi9/go-toolset:1.26...
Getting image source signatures
Checking if image destination supports signatures
Copying blob sha256:9dd7a54704c5a666e57e3f6efc35e90fc6da8ad2923d77d60d1c573ef3315791
Copying blob sha256:56649e4df8eddef4709849b46063574b7ddb22fc98fb75409885c838a4c9d381
Copying blob sha256:5c9af8529e118dd5a8d55d669c48114bfef7c8f5d743e5e560639dfabca3a5f9
Copying blob sha256:d68194b0e4a172e16c5cbb1bc0479d22da58da64d376a5cdb885730c90f6fc5b
Copying config sha256:11c3fc29fb378f2b34bbf7921ad5e41b11f9631214b3369f21fc66619a1c7872
Writing manifest to image destination
Storing signatures
[linux/amd64] [2/3] STEP 2/14: WORKDIR /opt/app-root
--> Using cache 249c9c189ce8d0c9e8ed9338206092cdd86fc56fca24809c5d37e11a15994ef9
--> 249c9c189ce8
[linux/amd64] [2/3] STEP 3/14: COPY Makefile Makefile
--> 0aae84ef7ad0
[linux/amd64] [2/3] STEP 4/14: COPY go.mod go.mod
--> 42270cd62793
[linux/amd64] [2/3] STEP 5/14: COPY go.sum go.sum
--> f434da99203b
[linux/amd64] [2/3] STEP 6/14: RUN make install-backend
go mod download
--> 0b51ecc3cd2c
[linux/amd64] [2/3] STEP 7/14: COPY cmd/ cmd/
--> 8700006f34d4
[linux/amd64] [2/3] STEP 8/14: COPY pkg/ pkg/
--> 02363b5f3fa6
[linux/amd64] [2/3] STEP 9/14: ENV GOOS=${TARGETOS:-linux}
--> 3ad46418594d
[linux/amd64] [2/3] STEP 10/14: ENV GOARCH=${TARGETARCH}
--> b503fe44d235
[linux/amd64] [2/3] STEP 11/14: ENV GOEXPERIMENT=strictfipsruntime
--> 63cee45e9690
[linux/amd64] [2/3] STEP 12/14: ENV GOFLAGS=-mod=readonly
--> ea095b3ad1a7
[linux/amd64] [2/3] STEP 13/14: ENV CGO_ENABLED=1
--> 13f4343d32b1
[linux/amd64] [2/3] STEP 14/14: RUN make build-backend
go build  -mod=readonly -o plugin-backend cmd/plugin-backend.go
--> 350391ebf74a
[linux/arm64] [3/3] STEP 1/8: FROM registry.access.redhat.com/ubi9/ubi-minimal
Trying to pull registry.access.redhat.com/ubi9/ubi-minimal:latest...
Getting image source signatures
Checking if image destination supports signatures
Copying blob sha256:8289a871631249c9c1a3b2366de832716cd43c77864c245a1c1364a2abeb5704
Copying config sha256:19a5d5dc0e92607939d631511c68a3b399a200a3bfbe6a1dfe726549e1527ae0
Writing manifest to image destination
Storing signatures
[linux/arm64] [3/3] STEP 2/8: RUN mkdir /licenses
--> Using cache 8cb771cd2e935f190d584b6b34c0426e43d214e0281d8181f615d3754ad832d1
--> 8cb771cd2e93
[linux/arm64] [3/3] STEP 3/8: COPY LICENSE /licenses/.
--> Using cache edf13d00da24aec13f3a9460fb4a99648e0cf63e97ba20fce830a1061dc6f01b
--> edf13d00da24
[linux/arm64] [3/3] STEP 4/8: USER 1001
--> Using cache e0dce6d83b832d94a4cfa3705eced13c968469bc61d99a57c3eb4b9aa320b95c
--> e0dce6d83b83
[linux/arm64] [3/3] STEP 5/8: COPY --from=web-builder /opt/app-root/web/dist /opt/app-root/web/dist
--> 7795489a1329
[linux/arm64] [3/3] STEP 6/8: COPY --from=go-builder /opt/app-root/plugin-backend /opt/app-root
--> 8b3e255efca8
[linux/arm64] [3/3] STEP 7/8: COPY --from=web-builder /opt/app-root/config /opt/app-root/config
--> 36e032144407
[linux/arm64] [3/3] STEP 8/8: ENTRYPOINT ["/opt/app-root/plugin-backend", "-static-path", "/opt/app-root/web/dist"]
[linux/arm64] [3/3] COMMIT
--> 90cc3212d760
[linux/amd64] [3/3] STEP 1/8: FROM registry.access.redhat.com/ubi9/ubi-minimal
90cc3212d760725390466382b7e089545cd52ae6107c4a3124c6f302fe11fbac
Trying to pull registry.access.redhat.com/ubi9/ubi-minimal:latest...
Getting image source signatures
Checking if image destination supports signatures
Copying blob sha256:2943616793071e9fa96e298a7454ac45b7a498df6ca5c681004955a177cdf999
Copying config sha256:e3e6fe3b9c265802d2526c15071f59bd20f2d634fc82b7c633387d2cf2ec1056
Writing manifest to image destination
Storing signatures
[linux/amd64] [3/3] STEP 2/8: RUN mkdir /licenses
--> Using cache 0ed35871fe8d57084069f37e7a086335e15fdb7fdb17510fb7b41a2f7bebbbca
--> 0ed35871fe8d
[linux/amd64] [3/3] STEP 3/8: COPY LICENSE /licenses/.
--> Using cache 9bdb0406ba8b6b622e74ddebfda95b429826cf5e03359945cc27e6dfffb4767b
--> 9bdb0406ba8b
[linux/amd64] [3/3] STEP 4/8: USER 1001
--> Using cache e0adc7da74045b7305cecc73ef0839a85263462406d951cf920a8e5d42ff68ff
--> e0adc7da7404
[linux/amd64] [3/3] STEP 5/8: COPY --from=web-builder /opt/app-root/web/dist /opt/app-root/web/dist
--> 86277af7fd8f
[linux/amd64] [3/3] STEP 6/8: COPY --from=go-builder /opt/app-root/plugin-backend /opt/app-root
--> f08a6f38064a
[linux/amd64] [3/3] STEP 7/8: COPY --from=web-builder /opt/app-root/config /opt/app-root/config
--> b21870de4aac
[linux/amd64] [3/3] STEP 8/8: ENTRYPOINT ["/opt/app-root/plugin-backend", "-static-path", "/opt/app-root/web/dist"]
[linux/amd64] [3/3] COMMIT
--> d1addc701b4a
d1addc701b4a8186cdab2550b2890ead71f5aa1af3a0007ce1f1e5985c0a94d3
podman manifest push quay.io/openshift-observability-ui/monitoring-console-plugin:v1.0.0
Getting image list signatures
Copying 2 images generated from 2 images in list
Copying image sha256:03004f19f7c66cb3cf935b09fc49382f073bebaea0b5309efd061ec7fb5b5ba5 (1/2)
Getting image source signatures
Copying blob sha256:86e9881b6c6657770533a0846a58c2a08b99a3f8b270078405c9dfb0dd4d255e
Copying blob sha256:717e3a0cf5f59a8cfe7e9bd7b760b16ee649c65a5c4751efdb216d9418119d52
Copying blob sha256:5e0c0516b794028658ae88ffcfcd76efa540e4fbc1cd5844aeafbcb20488674a
Copying blob sha256:76024f395008e887301683f988996bb61c2d3dc34d7c647bbd9305671923fc40
Copying blob sha256:4a3adce208fa4cfdca5b9814292c3dec59c8662aecf2e91ed3e672f6179757ca
Copying blob sha256:077680120ea37d27aea4f75de234d661360bdf9fe0bfebf94d1cf71021692d0f
Copying config sha256:90cc3212d760725390466382b7e089545cd52ae6107c4a3124c6f302fe11fbac
Writing manifest to image destination
Copying image sha256:55dd4344a17dbe2dc3ac4838c2cb469aa4e3eb2d86b485be19e2970e39bff017 (2/2)
Getting image source signatures
Copying blob sha256:bba47e61fab2fc8112d361bf7b23575ffe94a8a622a2c8c35d70c37054fd0dfa
Copying blob sha256:e0442af9d9e9aab262f9d59823573dfbddaf7ac00f0b967edc70b3b5a5f9b647
Copying blob sha256:56550161697f795bc52c827a70fe1e427be4c6bdf4e3c9b2d560f51c2524b6f3
Copying blob sha256:3752ca1c583f044c751e253cc7ca25cad2ac37638a3f84a89f0145f2e1c08b6b
Copying blob sha256:0ff5ddf3c3916b0f8b8c1ac9ceb4a930b786d31603f669008b46f76af85644e1
Copying blob sha256:7eafb620b7f4f3586715242203be4c84e3982477f03e8ae4b5b95a3983ddb719
Copying config sha256:d1addc701b4a8186cdab2550b2890ead71f5aa1af3a0007ce1f1e5985c0a94d3
Writing manifest to image destination
Writing manifest list to image destination
Storing list signatures
==========================================
Building logging-view-plugin @ release-coo-1.5-ocp-4.22 with VERSION=v6.2.1 ORG=openshift-observability-ui
==========================================
Switched to a new branch 'release-coo-1.5-ocp-4.22'
branch 'release-coo-1.5-ocp-4.22' set up to track 'origin/release-coo-1.5-ocp-4.22'.
From https://github.com/openshift/logging-view-plugin
 * branch            release-coo-1.5-ocp-4.22 -> FETCH_HEAD
Already up to date.
--- Attempt 1/3 ---
Makefile:45: warning: overriding commands for target `test-backend'
Makefile:41: warning: ignoring old commands for target `test-backend'
podman manifest rm quay.io/openshift-observability-ui/logging-view-plugin:v6.2.1 || true
Error: quay.io/openshift-observability-ui/logging-view-plugin:v6.2.1: image not known
podman manifest create quay.io/openshift-observability-ui/logging-view-plugin:v6.2.1
82b495df87044abbf0fe5762e9e37d427ef8713f3fa3da4a8761ec9a1a6f6d60
podman build --platform linux/arm64,linux/amd64 --manifest quay.io/openshift-observability-ui/logging-view-plugin:v6.2.1 -f Dockerfile
[linux/amd64] [1/3] STEP 1/9: FROM registry.redhat.io/ubi9/nodejs-22:latest AS web-builder
[linux/amd64] [1/3] STEP 2/9: WORKDIR /opt/app-root
--> Using cache 46caf77e96ba61f5b06ab9ef3cfa61b96f6b86a65f88014b8db1d2fe4bd0b7c7
--> 46caf77e96ba
[linux/amd64] [1/3] STEP 3/9: USER 0
--> Using cache 6745bb46d72d6d391cf435e53a6fb78abcca81a1bfa9d30c8c00b8869d0ebc39
--> 6745bb46d72d
[linux/amd64] [1/3] STEP 4/9: ENV HUSKY=0
--> Using cache 553b43b50f5284068aec6569c5351039a8627c17337da821a9de97a1d0bd0e4d
--> 553b43b50f52
[linux/amd64] [1/3] STEP 5/9: COPY web/package*.json web/
--> 470a6a6331de
[linux/amd64] [1/3] STEP 6/9: COPY Makefile Makefile
--> 670c80b3478d
[linux/amd64] [1/3] STEP 7/9: RUN make install-frontend-ci-clean
Makefile:45: warning: overriding recipe for target 'test-backend'
Makefile:41: warning: ignoring old recipe for target 'test-backend'
cd web && npm ci --omit=optional --ignore-scripts
npm warn deprecated whatwg-encoding@3.1.1: Use @exodus/bytes instead for a more spec-conformant and faster implementation
npm warn deprecated rimraf@3.0.2: Rimraf versions prior to v4 are no longer supported
npm warn deprecated uuid@8.3.2: uuid@10 and below is no longer supported.  For ESM codebases, update to uuid@latest.  For CommonJS codebases, use uuid@11 (but be aware this version will likely be deprecated in 2028).
npm warn deprecated inflight@1.0.6: This module is not supported, and leaks memory. Do not use it. Check out lru-cache if you want a good and tested way to coalesce async requests by a key value, which is much more comprehensive and powerful.
npm warn deprecated glob@7.2.3: Old versions of glob are not supported, and contain widely publicized security vulnerabilities, which have been fixed in the current version. Please update. Support for old versions may be purchased (at exorbitant rates) by contacting i@izs.me
npm warn deprecated i18next-parser@9.4.0: Project is deprecated, use i18next-cli instead
npm warn deprecated @types/webpack-dev-server@4.7.2: This is a stub types definition. webpack-dev-server provides its own type definitions, so you do not need this installed.
npm warn deprecated glob@10.5.0: Old versions of glob are not supported, and contain widely publicized security vulnerabilities, which have been fixed in the current version. Please update. Support for old versions may be purchased (at exorbitant rates) by contacting i@izs.me
npm warn deprecated glob@10.5.0: Old versions of glob are not supported, and contain widely publicized security vulnerabilities, which have been fixed in the current version. Please update. Support for old versions may be purchased (at exorbitant rates) by contacting i@izs.me
npm warn deprecated glob@10.5.0: Old versions of glob are not supported, and contain widely publicized security vulnerabilities, which have been fixed in the current version. Please update. Support for old versions may be purchased (at exorbitant rates) by contacting i@izs.me
npm warn deprecated glob@10.5.0: Old versions of glob are not supported, and contain widely publicized security vulnerabilities, which have been fixed in the current version. Please update. Support for old versions may be purchased (at exorbitant rates) by contacting i@izs.me
npm warn deprecated glob@10.5.0: Old versions of glob are not supported, and contain widely publicized security vulnerabilities, which have been fixed in the current version. Please update. Support for old versions may be purchased (at exorbitant rates) by contacting i@izs.me

added 1556 packages, and audited 1557 packages in 34s

321 packages are looking for funding
  run `npm fund` for details

25 vulnerabilities (2 low, 12 moderate, 10 high, 1 critical)

To address issues that do not require attention, run:
  npm audit fix

To address all issues (including breaking changes), run:
  npm audit fix --force

Run `npm audit` for details.
cd web && npm cache clean --force
npm warn using --force Recommended protections disabled.
--> 1cc5d7dc35cf
[linux/amd64] [1/3] STEP 8/9: COPY web/ web/
--> 7afd89ec4706
[linux/amd64] [1/3] STEP 9/9: RUN make build-frontend
Makefile:45: warning: overriding recipe for target 'test-backend'
Makefile:41: warning: ignoring old recipe for target 'test-backend'
cd web && npm run build

> logging-view-plugin@6.1.0 build
> npm run clean && NODE_ENV=production npm run ts-node node_modules/.bin/webpack


> logging-view-plugin@6.1.0 clean
> rm -rf dist


> logging-view-plugin@6.1.0 ts-node
> ts-node -O '{"module":"commonjs"}' node_modules/.bin/webpack

@patternfly/react-core dynamic modules taken from dist/dynamic-modules.json
@patternfly/react-icons dynamic modules taken from dist/dynamic-modules.json
@patternfly/react-table dynamic modules taken from dist/dynamic-modules.json
assets by path *.js 4.79 MiB
  assets by chunk 2.64 MiB (id hint: vendors)
    assets by status 1.61 MiB [big]
      asset 9666-chunk-69eed8215e04934b0b32.min.js 1.13 MiB [emitted] [immutable] [big] (id hint: vendors) 1 related asset
      asset 3076-chunk-d3dd5c0fd35e0abdbd6a.min.js 494 KiB [emitted] [immutable] [big] (id hint: vendors) 1 related asset
    + 11 assets
  + 82 assets
asset locales/en/plugin__logging-view-plugin.json 10.4 KiB [emitted] [from: ../locales/en/plugin__logging-view-plugin.json] [copied]
asset plugin-manifest.json 1.92 KiB [emitted]
orphan modules 2.59 MiB [orphan] 1519 modules
runtime modules 37.8 KiB 14 modules
built modules 2.9 MiB (javascript) 1.72 KiB (consume-shared) 1.56 KiB (share-init) [built]
  modules by path ../node_modules/ 2.6 MiB 436 modules
  modules by path ./ 301 KiB 48 modules
  consume-shared-module modules 1.72 KiB
    modules by path consume shared module (default) @patternfly/react-core/dist/dynamic/ 1.23 KiB 30 modules
    modules by path consume shared module (default) @patternfly/react-icons/dist/dynamic/icons/ 294 bytes 7 modules
    modules by path *.1 (singleton) 84 bytes 2 modules
    + 3 modules
  provide-module modules 1.56 KiB
    modules by path provide shared module (default) @patternfly/react-core/dist/dynamic/ 1.23 KiB 30 modules
    modules by path provide shared module (default) @patternfly/react-icons/dist/dynamic/icons/ 294 bytes 7 modules
    provide shared module (default) @patternfly/react-table/dist/dynamic/components/...(truncated) 42 bytes [built] [code generated]
  container entry 42 bytes [built] [code generated]

WARNING in asset size limit: The following asset(s) exceed the recommended size limit (244 KiB).
This can impact web performance.
Assets: 
  9666-chunk-69eed8215e04934b0b32.min.js (1.13 MiB)
  3076-chunk-d3dd5c0fd35e0abdbd6a.min.js (494 KiB)

webpack 5.106.2 compiled with 1 warning in 32371 ms
--> 83857233956f
[linux/arm64] [1/3] STEP 1/9: FROM registry.redhat.io/ubi9/nodejs-22:latest AS web-builder
Trying to pull registry.redhat.io/ubi9/nodejs-22:latest...
Getting image source signatures
Checking if image destination supports signatures
Copying blob sha256:143df91a054c3d67ed690e7f87f430247e12263d24f8d216e794a40abed4caa8
Copying blob sha256:96c26ef68d364bcbd8f901e4664d7531ebb74699c6d8a69825e5925d8c6696c2
Copying blob sha256:3fa2c3ec93bd0d2914f8e021fa5b043ace5a704a440ecd2db626edd260f6a3c8
Copying config sha256:21c0269160eae1f56763a0def0f20ffead061334731e5fd18ceb2c7eca36dca5
Writing manifest to image destination
Storing signatures
[linux/arm64] [1/3] STEP 2/9: WORKDIR /opt/app-root
--> Using cache 146448a31d2fcfcd5a91a98d4a0c7d99547020a2f3b7985df74f9ee7ea8d4f17
--> 146448a31d2f
[linux/arm64] [1/3] STEP 3/9: USER 0
--> Using cache 50faba38c5114fa147b085f7edb0d428324b9b252ff7c16eb2958079515d5ded
--> 50faba38c511
[linux/arm64] [1/3] STEP 4/9: ENV HUSKY=0
--> Using cache 194539eb7b0f0e6f98e9d87a5c0af5160f8349cb1ac82af1288d800ed8250a71
--> 194539eb7b0f
[linux/arm64] [1/3] STEP 5/9: COPY web/package*.json web/
--> b4f1d027e75f
[linux/arm64] [1/3] STEP 6/9: COPY Makefile Makefile
--> 94c140a5f3fc
[linux/arm64] [1/3] STEP 7/9: RUN make install-frontend-ci-clean
Makefile:45: warning: overriding recipe for target 'test-backend'
Makefile:41: warning: ignoring old recipe for target 'test-backend'
cd web && npm ci --omit=optional --ignore-scripts
npm warn deprecated whatwg-encoding@3.1.1: Use @exodus/bytes instead for a more spec-conformant and faster implementation
npm warn deprecated uuid@8.3.2: uuid@10 and below is no longer supported.  For ESM codebases, update to uuid@latest.  For CommonJS codebases, use uuid@11 (but be aware this version will likely be deprecated in 2028).
npm warn deprecated rimraf@3.0.2: Rimraf versions prior to v4 are no longer supported
npm warn deprecated inflight@1.0.6: This module is not supported, and leaks memory. Do not use it. Check out lru-cache if you want a good and tested way to coalesce async requests by a key value, which is much more comprehensive and powerful.
npm warn deprecated i18next-parser@9.4.0: Project is deprecated, use i18next-cli instead
npm warn deprecated glob@7.2.3: Old versions of glob are not supported, and contain widely publicized security vulnerabilities, which have been fixed in the current version. Please update. Support for old versions may be purchased (at exorbitant rates) by contacting i@izs.me
npm warn deprecated @types/webpack-dev-server@4.7.2: This is a stub types definition. webpack-dev-server provides its own type definitions, so you do not need this installed.
npm warn deprecated glob@10.5.0: Old versions of glob are not supported, and contain widely publicized security vulnerabilities, which have been fixed in the current version. Please update. Support for old versions may be purchased (at exorbitant rates) by contacting i@izs.me
npm warn deprecated glob@10.5.0: Old versions of glob are not supported, and contain widely publicized security vulnerabilities, which have been fixed in the current version. Please update. Support for old versions may be purchased (at exorbitant rates) by contacting i@izs.me
npm warn deprecated glob@10.5.0: Old versions of glob are not supported, and contain widely publicized security vulnerabilities, which have been fixed in the current version. Please update. Support for old versions may be purchased (at exorbitant rates) by contacting i@izs.me
npm warn deprecated glob@10.5.0: Old versions of glob are not supported, and contain widely publicized security vulnerabilities, which have been fixed in the current version. Please update. Support for old versions may be purchased (at exorbitant rates) by contacting i@izs.me
npm warn deprecated glob@10.5.0: Old versions of glob are not supported, and contain widely publicized security vulnerabilities, which have been fixed in the current version. Please update. Support for old versions may be purchased (at exorbitant rates) by contacting i@izs.me

added 1556 packages, and audited 1557 packages in 25s

321 packages are looking for funding
  run `npm fund` for details

25 vulnerabilities (2 low, 12 moderate, 10 high, 1 critical)

To address issues that do not require attention, run:
  npm audit fix

To address all issues (including breaking changes), run:
  npm audit fix --force

Run `npm audit` for details.
cd web && npm cache clean --force
npm warn using --force Recommended protections disabled.
--> 7ab2711d7c10
[linux/arm64] [1/3] STEP 8/9: COPY web/ web/
--> 00cacc8bfe9b
[linux/arm64] [1/3] STEP 9/9: RUN make build-frontend
Makefile:45: warning: overriding recipe for target 'test-backend'
Makefile:41: warning: ignoring old recipe for target 'test-backend'
cd web && npm run build

> logging-view-plugin@6.1.0 build
> npm run clean && NODE_ENV=production npm run ts-node node_modules/.bin/webpack


> logging-view-plugin@6.1.0 clean
> rm -rf dist


> logging-view-plugin@6.1.0 ts-node
> ts-node -O '{"module":"commonjs"}' node_modules/.bin/webpack

@patternfly/react-core dynamic modules taken from dist/dynamic-modules.json
@patternfly/react-icons dynamic modules taken from dist/dynamic-modules.json
@patternfly/react-table dynamic modules taken from dist/dynamic-modules.json
assets by path *.js 4.79 MiB
  assets by chunk 2.64 MiB (id hint: vendors)
    assets by status 1.61 MiB [big]
      asset 9666-chunk-69eed8215e04934b0b32.min.js 1.13 MiB [emitted] [immutable] [big] (id hint: vendors) 1 related asset
      asset 3076-chunk-d3dd5c0fd35e0abdbd6a.min.js 494 KiB [emitted] [immutable] [big] (id hint: vendors) 1 related asset
    + 11 assets
  + 82 assets
asset locales/en/plugin__logging-view-plugin.json 10.4 KiB [emitted] [from: ../locales/en/plugin__logging-view-plugin.json] [copied]
asset plugin-manifest.json 1.92 KiB [emitted]
orphan modules 2.59 MiB [orphan] 1519 modules
runtime modules 37.8 KiB 14 modules
built modules 2.9 MiB (javascript) 1.72 KiB (consume-shared) 1.56 KiB (share-init) [built]
  modules by path ../node_modules/ 2.6 MiB 436 modules
  modules by path ./ 301 KiB 48 modules
  consume-shared-module modules 1.72 KiB
    modules by path consume shared module (default) @patternfly/react-core/dist/dynamic/ 1.23 KiB 30 modules
    modules by path consume shared module (default) @patternfly/react-icons/dist/dynamic/icons/ 294 bytes 7 modules
    modules by path *.1 (singleton) 84 bytes 2 modules
    + 3 modules
  provide-module modules 1.56 KiB
    modules by path provide shared module (default) @patternfly/react-core/dist/dynamic/ 1.23 KiB 30 modules
    modules by path provide shared module (default) @patternfly/react-icons/dist/dynamic/icons/ 294 bytes 7 modules
    provide shared module (default) @patternfly/react-table/dist/dynamic/components/...(truncated) 42 bytes [built] [code generated]
  container entry 42 bytes [built] [code generated]

WARNING in asset size limit: The following asset(s) exceed the recommended size limit (244 KiB).
This can impact web performance.
Assets: 
  9666-chunk-69eed8215e04934b0b32.min.js (1.13 MiB)
  3076-chunk-d3dd5c0fd35e0abdbd6a.min.js (494 KiB)

webpack 5.106.2 compiled with 1 warning in 19682 ms
--> d0b6506b822c
[linux/amd64] [2/3] STEP 1/12: FROM registry.access.redhat.com/ubi9/go-toolset:1.26 AS go-builder
[linux/amd64] [2/3] STEP 2/12: WORKDIR /opt/app-root
--> Using cache 249c9c189ce8d0c9e8ed9338206092cdd86fc56fca24809c5d37e11a15994ef9
--> 249c9c189ce8
[linux/amd64] [2/3] STEP 3/12: COPY Makefile Makefile
--> 160026f56eee
[linux/amd64] [2/3] STEP 4/12: COPY go.mod go.mod
--> 36fdcf91db38
[linux/amd64] [2/3] STEP 5/12: COPY go.sum go.sum
--> b9abd517578f
[linux/amd64] [2/3] STEP 6/12: RUN make install-backend
Makefile:45: warning: overriding recipe for target 'test-backend'
Makefile:41: warning: ignoring old recipe for target 'test-backend'
go mod download
--> 69786af262a8
[linux/amd64] [2/3] STEP 7/12: COPY config/ config/
--> 1459461556b0
[linux/amd64] [2/3] STEP 8/12: COPY cmd/ cmd/
--> da7b57ead616
[linux/amd64] [2/3] STEP 9/12: COPY pkg/ pkg/
--> 730c41640b07
[linux/amd64] [2/3] STEP 10/12: ENV GOEXPERIMENT=strictfipsruntime
--> 236a337e5164
[linux/amd64] [2/3] STEP 11/12: ENV CGO_ENABLED=1
--> e5a69f6390dc
[linux/amd64] [2/3] STEP 12/12: RUN make build-backend BUILD_OPTS="-tags strictfipsruntime"
Makefile:45: warning: overriding recipe for target 'test-backend'
Makefile:41: warning: ignoring old recipe for target 'test-backend'
go build -tags strictfipsruntime -mod=readonly -o plugin-backend cmd/plugin-backend.go
--> 0cb76046694c
[linux/arm64] [2/3] STEP 1/12: FROM registry.access.redhat.com/ubi9/go-toolset:1.26 AS go-builder
Trying to pull registry.access.redhat.com/ubi9/go-toolset:1.26...
Getting image source signatures
Checking if image destination supports signatures
Copying blob sha256:3b33bd74c459c543768665bc4406a7ec75fd6a2de94164c1ad9968e07c895aaf
Copying blob sha256:3fa2c3ec93bd0d2914f8e021fa5b043ace5a704a440ecd2db626edd260f6a3c8
Copying blob sha256:96c26ef68d364bcbd8f901e4664d7531ebb74699c6d8a69825e5925d8c6696c2
Copying blob sha256:852e434154bbab928ec83bdc7061dee5120584a0c35903abf2b024686bc65eb8
Copying config sha256:c9e40cb14364af57c6c2c0ca7a8afc8b39349b65e751b3062bf52d82bdc297cb
Writing manifest to image destination
Storing signatures
[linux/arm64] [2/3] STEP 2/12: WORKDIR /opt/app-root
--> Using cache 275d9d3558010c9a03d3348ab35720a53d8d7a01298d75858117915c94490556
--> 275d9d355801
[linux/arm64] [2/3] STEP 3/12: COPY Makefile Makefile
--> aa4a2da9bd3e
[linux/arm64] [2/3] STEP 4/12: COPY go.mod go.mod
--> 016cca7fce6a
[linux/arm64] [2/3] STEP 5/12: COPY go.sum go.sum
--> 49698f443a11
[linux/arm64] [2/3] STEP 6/12: RUN make install-backend
Makefile:45: warning: overriding recipe for target 'test-backend'
Makefile:41: warning: ignoring old recipe for target 'test-backend'
go mod download
--> fb4d2bca8d03
[linux/arm64] [2/3] STEP 7/12: COPY config/ config/
--> cfcd77f4d9ec
[linux/arm64] [2/3] STEP 8/12: COPY cmd/ cmd/
--> 90fa84a459d7
[linux/arm64] [2/3] STEP 9/12: COPY pkg/ pkg/
--> 106a5f6c5158
[linux/arm64] [2/3] STEP 10/12: ENV GOEXPERIMENT=strictfipsruntime
--> b9ea4d5ba221
[linux/arm64] [2/3] STEP 11/12: ENV CGO_ENABLED=1
--> 6ca746eca01c
[linux/arm64] [2/3] STEP 12/12: RUN make build-backend BUILD_OPTS="-tags strictfipsruntime"
Makefile:45: warning: overriding recipe for target 'test-backend'
Makefile:41: warning: ignoring old recipe for target 'test-backend'
go build -tags strictfipsruntime -mod=readonly -o plugin-backend cmd/plugin-backend.go
--> 97921d4f0a48
[linux/amd64] [3/3] STEP 1/5: FROM registry.access.redhat.com/ubi9/ubi-minimal
[linux/amd64] [3/3] STEP 2/5: COPY --from=web-builder /opt/app-root/web/dist /opt/app-root/web/dist
--> 377dc4ea2769
[linux/amd64] [3/3] STEP 3/5: COPY --from=go-builder /opt/app-root/plugin-backend /opt/app-root
--> 5757ca1e8841
[linux/amd64] [3/3] STEP 4/5: COPY --from=go-builder /opt/app-root/config /opt/app-root/config
--> fc689ece365c
[linux/amd64] [3/3] STEP 5/5: ENTRYPOINT ["/opt/app-root/plugin-backend", "-config-path", "/opt/app-root/config", "-static-path", "/opt/app-root/web/dist"]
[linux/amd64] [3/3] COMMIT
--> 78d51d43df7d
[linux/arm64] [3/3] STEP 1/5: FROM registry.access.redhat.com/ubi9/ubi-minimal
78d51d43df7dfce9f6515fe966401c9fe20b76299d8a465420227a3b8f722850
Trying to pull registry.access.redhat.com/ubi9/ubi-minimal:latest...
Getting image source signatures
Checking if image destination supports signatures
Copying blob sha256:8289a871631249c9c1a3b2366de832716cd43c77864c245a1c1364a2abeb5704
Copying config sha256:19a5d5dc0e92607939d631511c68a3b399a200a3bfbe6a1dfe726549e1527ae0
Writing manifest to image destination
Storing signatures
[linux/arm64] [3/3] STEP 2/5: COPY --from=web-builder /opt/app-root/web/dist /opt/app-root/web/dist
--> cddf094ebb0b
[linux/arm64] [3/3] STEP 3/5: COPY --from=go-builder /opt/app-root/plugin-backend /opt/app-root
--> e3b4ed25c5ca
[linux/arm64] [3/3] STEP 4/5: COPY --from=go-builder /opt/app-root/config /opt/app-root/config
--> 83abdf9ce5dc
[linux/arm64] [3/3] STEP 5/5: ENTRYPOINT ["/opt/app-root/plugin-backend", "-config-path", "/opt/app-root/config", "-static-path", "/opt/app-root/web/dist"]
[linux/arm64] [3/3] COMMIT
--> b0f34d47467f
b0f34d47467f11e6427412bf7e971e824889ff7ef5e8cf07f218c4289aa4890d
podman manifest push quay.io/openshift-observability-ui/logging-view-plugin:v6.2.1
Getting image list signatures
Copying 2 images generated from 2 images in list
Copying image sha256:a6d317edda44dd8dc92d7ba8211170dcdf39a002fd4134494a24733ab3293fc0 (1/2)
Getting image source signatures
Copying blob sha256:e0cac076722d0939de6d5ca5c1f5457c8203dc00857aab80d09aa5b552a43b1d
Copying blob sha256:56550161697f795bc52c827a70fe1e427be4c6bdf4e3c9b2d560f51c2524b6f3
Copying blob sha256:ab4a4dbec12a9acde9b91a1ab38f7f374ee234aba70b8fdd87e1c33275cc2b7a
Copying blob sha256:42b97f750fc6b07e7d4015f542a1ac747737f923828385fd4641a948e5bd042e
Copying config sha256:78d51d43df7dfce9f6515fe966401c9fe20b76299d8a465420227a3b8f722850
Writing manifest to image destination
Copying image sha256:95bc7c650c4397c90636ff9836edff791392fcad02eb3ab4d92df3870dec12ea (2/2)
Getting image source signatures
Copying blob sha256:5e0c0516b794028658ae88ffcfcd76efa540e4fbc1cd5844aeafbcb20488674a
Copying blob sha256:f551e56923ed291b0c5d592004bf26b83b3d707701e351623e398e64ff5a7d22
Copying blob sha256:87b8ac807cb3413f38539ac51a2fb9e8dbdc006c7b080de4767a75eadd46248b
Copying blob sha256:d0847a3ef32f4a131d485ce9edcfff8666fae615870ea271c176e377c62542eb
Copying config sha256:b0f34d47467f11e6427412bf7e971e824889ff7ef5e8cf07f218c4289aa4890d
Writing manifest to image destination
Writing manifest list to image destination
Storing list signatures

==========================================
  BUILD SUMMARY
==========================================
REPO                                          BRANCH                         VERSION    CHECKOUT   PULL       BRANCH     BUILD      ATTEMPTS
----                                          ------                         -------    --------   ----       ------     -----      --------
dashboards-plugin                             release-coo-1.5-ocp-4.12       v0.4.3     SKIPPED    SKIPPED    SKIPPED    SKIPPED    0
distributed-tracing-plugin                    release-coo-1.5-ocp-4.12       v0.3.3     SKIPPED    SKIPPED    SKIPPED    SKIPPED    0
logging-view-plugin                           release-coo-1.5-ocp-4.12       v6.0.5     SKIPPED    SKIPPED    SKIPPED    SKIPPED    0
distributed-tracing-plugin                    release-coo-1.5-ocp-4.15       v0.4.3     SKIPPED    SKIPPED    SKIPPED    SKIPPED    0
logging-view-plugin                           release-coo-1.5-ocp-4.15       v6.1.6     OK         OK         OK         SUCCESS    1
monitoring-plugin                             release-coo-1.5-ocp-4.15       v0.4.5     OK         OK         OK         SUCCESS    1
distributed-tracing-plugin                    release-coo-1.5-ocp-4.19       v1.0.3     OK         OK         OK         SUCCESS    1
troubleshooting-panel-plugin                  release-coo-1.5-ocp-4.19       v0.4.5     OK         OK         OK         SUCCESS    1
monitoring-plugin                             release-coo-1.5-ocp-4.19       v0.5.4     OK         OK         OK         SUCCESS    1
distributed-tracing-plugin                    release-coo-1.5-ocp-4.22       v1.1.0     OK         OK         OK         SUCCESS    1
troubleshooting-panel-plugin                  release-coo-1.5-ocp-4.22       v1.0.0     OK         OK         OK         SUCCESS    1
monitoring-plugin                             release-coo-1.5-ocp-4.22       v1.0.0     OK         OK         OK         SUCCESS    1
logging-view-plugin                           release-coo-1.5-ocp-4.22       v6.2.1     OK         OK         OK         SUCCESS    1
==========================================
Total: 13  |  Succeeded: 9  |  Skipped: 4  |  Failed: 0
==========================================

==========================================
  IMAGE SUMMARY
==========================================

✅ SUCCESSFULLY BUILT IMAGES:
   quay.io/openshift-observability-ui/logging-view-plugin:v6.1.6
   quay.io/openshift-observability-ui/monitoring-console-plugin:v0.4.5
   quay.io/openshift-observability-ui/distributed-tracing-console-plugin:v1.0.3
   quay.io/openshift-observability-ui/troubleshooting-panel-console-plugin:v0.4.5
   quay.io/openshift-observability-ui/monitoring-console-plugin:v0.5.4
   quay.io/openshift-observability-ui/distributed-tracing-console-plugin:v1.1.0
   quay.io/openshift-observability-ui/troubleshooting-panel-console-plugin:v1.0.0
   quay.io/openshift-observability-ui/monitoring-console-plugin:v1.0.0
   quay.io/openshift-observability-ui/logging-view-plugin:v6.2.1

⏭️  SKIPPED IMAGES (already built):
   quay.io/openshift-observability-ui/console-dashboards-plugin:v0.4.3
   quay.io/openshift-observability-ui/distributed-tracing-console-plugin:v0.3.3
   quay.io/openshift-observability-ui/logging-view-plugin:v6.0.5
   quay.io/openshift-observability-ui/distributed-tracing-console-plugin:v0.4.3

❌ FAILED IMAGES:
   (none)

==========================================
