Logging to /Users/emurasak/workspace/harness/tasks/upstream-images/build-and-push-20260604-162028.log
Fetching all branches for each repo...
  Fetching console-dashboards-plugin...
  Fetching distributed-tracing-console-plugin...
  Fetching logging-view-plugin...
  Fetching monitoring-plugin...
  Fetching troubleshooting-panel-console-plugin...
Fetch complete.
==========================================
Building console-dashboards-plugin @ release-coo-ocp-4.12 with VERSION=v0.4.3 ORG=rh-ee-emurasak
==========================================
Already on 'release-coo-ocp-4.12'
Your branch is up to date with 'origin/release-coo-ocp-4.12'.
From https://github.com/openshift/console-dashboards-plugin
 * branch            release-coo-ocp-4.12 -> FETCH_HEAD
Already up to date.
--- Attempt 1/3 ---
podman manifest rm quay.io/rh-ee-emurasak/console-dashboards-plugin:v0.4.3 || true
Error: quay.io/rh-ee-emurasak/console-dashboards-plugin:v0.4.3: image not known
podman manifest create quay.io/rh-ee-emurasak/console-dashboards-plugin:v0.4.3
146945d2542d467a45f97788a7bbf78dc964b6deffec6b913e097e18d7538aa1
podman build --platform=linux/arm64,linux/amd64 --manifest quay.io/rh-ee-emurasak/console-dashboards-plugin:v0.4.3 -f Dockerfile.dev
[linux/amd64] [1/3] STEP 1/9: FROM registry.redhat.io/ubi9/nodejs-22:latest AS web-builder
Trying to pull registry.redhat.io/ubi9/nodejs-22:latest...
Getting image source signatures
Checking if image destination supports signatures
Copying blob sha256:669ecfdf872e83fa8f88dbdbe9b75f628fb72b9210cbdcce7ea0f449a74cac9e
Copying blob sha256:9a785c83dc42af66688cf5d3dd8e0500ce65bad5a679b45744d62c2fffbb60d8
Copying blob sha256:1c3800ac7d8629ddf73a031732f867dbc0c46d5a7dd1f70c0656c2e6e351e3aa
Copying config sha256:7ff8c7d7ce9b0c742c2379ee8b8206279c959b199e0e12bd8d486ef717c6da23
Writing manifest to image destination
Storing signatures
[linux/amd64] [1/3] STEP 2/9: WORKDIR /opt/app-root
--> ee0873c779f9
[linux/amd64] [1/3] STEP 3/9: USER 0
--> d12af7a24add
[linux/amd64] [1/3] STEP 4/9: ENV HUSKY=0
--> 428918fb2167
[linux/amd64] [1/3] STEP 5/9: COPY web/package*.json web/
--> 18c511f09ab2
[linux/amd64] [1/3] STEP 6/9: COPY Makefile Makefile
--> 490eacaffdf8
[linux/amd64] [1/3] STEP 7/9: RUN make install-frontend-ci
cd web && npm ci --ignore-scripts

added 703 packages, and audited 704 packages in 44s

145 packages are looking for funding
  run `npm fund` for details

32 vulnerabilities (20 moderate, 12 high)

To address issues that do not require attention, run:
  npm audit fix

To address all issues (including breaking changes), run:
  npm audit fix --force

Run `npm audit` for details.
--> 1bda7744b4dc
[linux/amd64] [1/3] STEP 8/9: COPY web/ web/
--> d9f49413fcdc
[linux/amd64] [1/3] STEP 9/9: RUN make build-frontend
cd web && npm run build

> console-dashboards-plugin@0.1.0 build
> npm run clean && NODE_ENV=production npm run ts-node node_modules/.bin/webpack


> console-dashboards-plugin@0.1.0 clean
> rm -rf dist


> console-dashboards-plugin@0.1.0 ts-node
> ts-node -O '{"module":"commonjs"}' node_modules/.bin/webpack

assets by info 19.5 KiB [immutable]
  asset 763-chunk-85263579519beb4f771c.min.js 16.6 KiB [emitted] [immutable] [minimized] (id hint: vendors)
  asset exposed-ProxyTestPage-chunk-2f9082ef890be2ba1e5e.min.js 2.35 KiB [emitted] [immutable] [minimized] (name: exposed-ProxyTestPage)
  asset exposed-GetDatasource-chunk-71e85ff48850c9bbb80c.min.js 559 bytes [emitted] [immutable] [minimized] (name: exposed-GetDatasource)
asset plugin-entry.js 5.64 KiB [emitted] [minimized] (name: console-dashboards-plugin)
asset plugin-manifest.json 733 bytes [emitted]
runtime modules 15.6 KiB 11 modules
built modules 37.8 KiB (javascript) 42 bytes (consume-shared) [built]
  cacheable modules 37.7 KiB
    ./components/ProxyTestPage.tsx 3.73 KiB [built] [code generated]
    ./getDatasource.tsx 878 bytes [built] [code generated]
    ../node_modules/lru-cache/index.mjs 33.1 KiB [built] [code generated]
  container entry 42 bytes [built] [code generated]
  consume shared module (default) react@^17.0.1 (singleton) 42 bytes [built] [code generated]
webpack 5.105.3 compiled successfully in 3419 ms
--> 2a514477fa82
[linux/arm64] [1/3] STEP 1/9: FROM registry.redhat.io/ubi9/nodejs-22:latest AS web-builder
Trying to pull registry.redhat.io/ubi9/nodejs-22:latest...
Getting image source signatures
Checking if image destination supports signatures
Copying blob sha256:8cc4364173e08b740ee39103f76581907e7a0eaa07260aeb6afbbebb8dde106e
Copying blob sha256:6c68ec2cb8914dd7cd64b186ef8674ae644c890fcae14edf9a3b33fde3a76cce
Copying blob sha256:98245caf86240da0764634e4873f8d78498df819a738bee6e752ffc1dc9be497
Copying config sha256:bceceabd26d12d7ba9de7f0aad51a65d5ae092bd1ae800eb7bad9330a6a05b8e
Writing manifest to image destination
Storing signatures
[linux/arm64] [1/3] STEP 2/9: WORKDIR /opt/app-root
--> 4a877a5ee24b
[linux/arm64] [1/3] STEP 3/9: USER 0
--> ab1e77442535
[linux/arm64] [1/3] STEP 4/9: ENV HUSKY=0
--> 159d00804dfa
[linux/arm64] [1/3] STEP 5/9: COPY web/package*.json web/
--> 7b5efe977c76
[linux/arm64] [1/3] STEP 6/9: COPY Makefile Makefile
--> 1a4d575a5dc8
[linux/arm64] [1/3] STEP 7/9: RUN make install-frontend-ci
cd web && npm ci --ignore-scripts

added 703 packages, and audited 704 packages in 35s

145 packages are looking for funding
  run `npm fund` for details

32 vulnerabilities (20 moderate, 12 high)

To address issues that do not require attention, run:
  npm audit fix

To address all issues (including breaking changes), run:
  npm audit fix --force

Run `npm audit` for details.
--> ecf7ad1021a8
[linux/arm64] [1/3] STEP 8/9: COPY web/ web/
--> a986751d0de3
[linux/arm64] [1/3] STEP 9/9: RUN make build-frontend
cd web && npm run build

> console-dashboards-plugin@0.1.0 build
> npm run clean && NODE_ENV=production npm run ts-node node_modules/.bin/webpack


> console-dashboards-plugin@0.1.0 clean
> rm -rf dist


> console-dashboards-plugin@0.1.0 ts-node
> ts-node -O '{"module":"commonjs"}' node_modules/.bin/webpack

assets by info 19.5 KiB [immutable]
  asset 763-chunk-85263579519beb4f771c.min.js 16.6 KiB [emitted] [immutable] [minimized] (id hint: vendors)
  asset exposed-ProxyTestPage-chunk-2f9082ef890be2ba1e5e.min.js 2.35 KiB [emitted] [immutable] [minimized] (name: exposed-ProxyTestPage)
  asset exposed-GetDatasource-chunk-71e85ff48850c9bbb80c.min.js 559 bytes [emitted] [immutable] [minimized] (name: exposed-GetDatasource)
asset plugin-entry.js 5.64 KiB [emitted] [minimized] (name: console-dashboards-plugin)
asset plugin-manifest.json 733 bytes [emitted]
runtime modules 15.6 KiB 11 modules
built modules 37.8 KiB (javascript) 42 bytes (consume-shared) [built]
  cacheable modules 37.7 KiB
    ./components/ProxyTestPage.tsx 3.73 KiB [built] [code generated]
    ./getDatasource.tsx 878 bytes [built] [code generated]
    ../node_modules/lru-cache/index.mjs 33.1 KiB [built] [code generated]
  container entry 42 bytes [built] [code generated]
  consume shared module (default) react@^17.0.1 (singleton) 42 bytes [built] [code generated]
webpack 5.105.3 compiled successfully in 1773 ms
--> 1511c1e623eb
[linux/amd64] [2/3] STEP 1/12: FROM registry.redhat.io/ubi9/go-toolset:1.25 AS go-builder
Trying to pull registry.redhat.io/ubi9/go-toolset:1.25...
Getting image source signatures
Checking if image destination supports signatures
Copying blob sha256:dda984240b64df834c0d31b021fbed482c215cabf5ed5d878186963cb5911973
Copying blob sha256:b66ab30abd6c3aa6e70bb84e4b3f0025035459b0fa3fc0d28bb37e057cde7b50
Copying blob sha256:45b10115c57ace5faafc3bcd0e634280e70c95bd3c0a576df4aa121f3ec5fc49
Copying blob sha256:2118fefecd7294918fa82547312fee454e5e7f39fa82dd5d7fd262d06ba68d8c
Copying config sha256:7fff5af3dd41a2f0ad623df354abde9c1805402da09701bb0e637fcbdcd8087c
Writing manifest to image destination
Storing signatures
[linux/amd64] [2/3] STEP 2/12: WORKDIR /opt/app-root
--> 86b8efc4c3d0
[linux/amd64] [2/3] STEP 3/12: COPY Makefile Makefile
--> afee7a68286b
[linux/amd64] [2/3] STEP 4/12: COPY go.mod go.mod
--> 57b31c8c4432
[linux/amd64] [2/3] STEP 5/12: COPY go.sum go.sum
--> e3501cda62b9
[linux/amd64] [2/3] STEP 6/12: RUN make install-backend
go mod download
--> 13eda1d561a8
[linux/amd64] [2/3] STEP 7/12: COPY cmd/ cmd/
--> 384302c4885a
[linux/amd64] [2/3] STEP 8/12: COPY pkg/ pkg/
--> 5c80a99e859f
[linux/amd64] [2/3] STEP 9/12: ENV GOFLAGS='-mod=mod'
--> 7bcb0fd7b2d3
[linux/amd64] [2/3] STEP 10/12: ENV GOEXPERIMENT=strictfipsruntime
--> 16bcd297b9d9
[linux/amd64] [2/3] STEP 11/12: ENV CGO_ENABLED=1
--> b36f6d6b894c
[linux/amd64] [2/3] STEP 12/12: RUN make build-backend BUILD_OPTS="-tags strictfipsruntime"
go build -tags strictfipsruntime -o plugin-backend -mod=readonly cmd/plugin-backend.go
--> 1ee1b97ec4ed
[linux/arm64] [2/3] STEP 1/12: FROM registry.redhat.io/ubi9/go-toolset:1.25 AS go-builder
Trying to pull registry.redhat.io/ubi9/go-toolset:1.25...
Getting image source signatures
Checking if image destination supports signatures
Copying blob sha256:66c47a7ff47768837c084e8a7889a768b3f736f72ddb31d8896c4c5112926914
Copying blob sha256:3acb2651aa507a3dc73403b6f868ec79a6adc5a0e5b5cd28e1ba929a8242123c
Copying blob sha256:50f4486c2c29c67be01752141bafc257baa50c8faa5233b266dea1d53dd22f42
Copying blob sha256:fca9483741ef9908527fb331bfc4347aed6bd4c42834bd157908f393ef5cdddf
Copying config sha256:5ee6e349584b9f289a4846389f30250a2f902f821dfe0be769aaada31a0644bf
Writing manifest to image destination
Storing signatures
[linux/arm64] [2/3] STEP 2/12: WORKDIR /opt/app-root
--> 69393d02cc7a
[linux/arm64] [2/3] STEP 3/12: COPY Makefile Makefile
--> cfacffd2bad9
[linux/arm64] [2/3] STEP 4/12: COPY go.mod go.mod
--> f953251c27de
[linux/arm64] [2/3] STEP 5/12: COPY go.sum go.sum
--> 18b9527ad577
[linux/arm64] [2/3] STEP 6/12: RUN make install-backend
go mod download
--> 5e6471c3c51a
[linux/arm64] [2/3] STEP 7/12: COPY cmd/ cmd/
--> 46a915ce4f41
[linux/arm64] [2/3] STEP 8/12: COPY pkg/ pkg/
--> 7aa567d74fc8
[linux/arm64] [2/3] STEP 9/12: ENV GOFLAGS='-mod=mod'
--> d88d69171776
[linux/arm64] [2/3] STEP 10/12: ENV GOEXPERIMENT=strictfipsruntime
--> 8e1470a8cf72
[linux/arm64] [2/3] STEP 11/12: ENV CGO_ENABLED=1
--> 1c735391c7f9
[linux/arm64] [2/3] STEP 12/12: RUN make build-backend BUILD_OPTS="-tags strictfipsruntime"
go build -tags strictfipsruntime -o plugin-backend -mod=readonly cmd/plugin-backend.go
--> 027eb6be3fad
[linux/amd64] [3/3] STEP 1/7: FROM registry.redhat.io/rhel9-4-els/rhel:9.4
Trying to pull registry.redhat.io/rhel9-4-els/rhel:9.4...
Getting image source signatures
Checking if image destination supports signatures
Copying blob sha256:9e5082548d869f2944301a153c8568183a38cf0df310a3fb0b2daf2af3b5f841
Copying config sha256:77849b1a77e7859a392840d43bed01557ec82ac0c2ac4283d962deec354ceee6
Writing manifest to image destination
Storing signatures
[linux/amd64] [3/3] STEP 2/7: RUN mkdir /licenses
--> 7c9c8f811fed
[linux/amd64] [3/3] STEP 3/7: COPY LICENSE /licenses/.
--> 900786d52b62
[linux/amd64] [3/3] STEP 4/7: USER 1001
--> 8bfeb660af45
[linux/amd64] [3/3] STEP 5/7: COPY --from=web-builder /opt/app-root/web/dist /opt/app-root/web/dist
--> c36e89f21d79
[linux/amd64] [3/3] STEP 6/7: COPY --from=go-builder /opt/app-root/plugin-backend /opt/app-root
--> 05e7374d8ae3
[linux/amd64] [3/3] STEP 7/7: ENTRYPOINT ["/opt/app-root/plugin-backend", "-static-path", "/opt/app-root/web/dist"]
[linux/amd64] [3/3] COMMIT
--> a5511cb2c60f
[linux/arm64] [3/3] STEP 1/7: FROM registry.redhat.io/rhel9-4-els/rhel:9.4
a5511cb2c60fec4eb39638652d43f2c8e19985292dd6cf1c33c91f7fd7aa55bb
Trying to pull registry.redhat.io/rhel9-4-els/rhel:9.4...
Getting image source signatures
Checking if image destination supports signatures
Copying blob sha256:79500177a417e8e03b63a0893e7e6b03f94ac7a605be761a51e28f082a16087f
Copying config sha256:62846c379ae900d8abe0855310d3d4e7ca7b0b21cc231d45bdfe5a0044988475
Writing manifest to image destination
Storing signatures
[linux/arm64] [3/3] STEP 2/7: RUN mkdir /licenses
--> a5c755ae1bbd
[linux/arm64] [3/3] STEP 3/7: COPY LICENSE /licenses/.
--> 6714165e7c0e
[linux/arm64] [3/3] STEP 4/7: USER 1001
--> 306f4b38f4ae
[linux/arm64] [3/3] STEP 5/7: COPY --from=web-builder /opt/app-root/web/dist /opt/app-root/web/dist
--> 38e8012e1bfd
[linux/arm64] [3/3] STEP 6/7: COPY --from=go-builder /opt/app-root/plugin-backend /opt/app-root
--> 897ce6db5125
[linux/arm64] [3/3] STEP 7/7: ENTRYPOINT ["/opt/app-root/plugin-backend", "-static-path", "/opt/app-root/web/dist"]
[linux/arm64] [3/3] COMMIT
--> d47b14ec1961
d47b14ec1961efa601a7ea4afec3699351cb5227f331829efe906fd2aab1c8e0
podman manifest push quay.io/rh-ee-emurasak/console-dashboards-plugin:v0.4.3
Getting image list signatures
Copying 2 images generated from 2 images in list
Copying image sha256:52081cff856b0b450b26f3b0cfa24fd46e3382a6bace7f61274bbcac43206c6c (1/2)
Getting image source signatures
Copying blob sha256:3d41b92b6643b5f44b604492642af48bebf6adbd7ef68582447265ecdd4f4f17
Copying blob sha256:74ea6a5315ac2a0a27a1e4e6f87703374739fbd596e872724a21ab09c6bdf5dd
Copying blob sha256:1cdb0dbebd02b8ff11c078890d25bdad92de5768b913c44ac5ba737ee8f8a126
Copying blob sha256:8f145ca8d1360b1f7e80c2d3712485eb6ddf255f02da3637641b8ad64e6c48a2
Copying blob sha256:b491f400eb4e2e31e3c8ebc3283dca2fccec8a3b7f4ffefbeb7fd5f3323edc10
Copying config sha256:a5511cb2c60fec4eb39638652d43f2c8e19985292dd6cf1c33c91f7fd7aa55bb
Writing manifest to image destination
Copying image sha256:0516f6a2f8f206b9bb31e9a0496538c6930dfc8e9ae3f372c67bc10a24b4b426 (2/2)
Getting image source signatures
Copying blob sha256:21e65a54ede47bf944c6c3fdc551921e0694fe5a7be297778555b97716fc8e14
Copying blob sha256:abdb8cc72e3424e4355a57b5eaf69a820fc9a93b5ef3124d51f184bbf887b049
Copying blob sha256:fedc3ad64ff522dabd5a7c35818f62e579fec070f6dd639f5052ef7f8d056c6f
Copying blob sha256:d4f23463a867bfcca4913e6996b2ca649a5867ee9e4c8152aebb286c5255555a
Copying blob sha256:bf31016b9e87c6e3adea2fab6972ab1f344d462e2118a423d88e15f5b1bb1366
Copying config sha256:d47b14ec1961efa601a7ea4afec3699351cb5227f331829efe906fd2aab1c8e0
Writing manifest to image destination
Writing manifest list to image destination
Storing list signatures
==========================================
Building distributed-tracing-console-plugin @ release-coo-ocp-4.12 with VERSION=v0.3.3 ORG=rh-ee-emurasak
==========================================
Switched to branch 'release-coo-ocp-4.12'
Your branch is up to date with 'origin/release-coo-ocp-4.12'.
From https://github.com/openshift/distributed-tracing-console-plugin
 * branch            release-coo-ocp-4.12 -> FETCH_HEAD
Already up to date.
--- Attempt 1/3 ---
podman manifest rm quay.io/rh-ee-emurasak/distributed-tracing-console-plugin:v0.3.3 || true
Error: quay.io/rh-ee-emurasak/distributed-tracing-console-plugin:v0.3.3: image not known
podman manifest create quay.io/rh-ee-emurasak/distributed-tracing-console-plugin:v0.3.3
c25fb804d78c078bfde5cd45417223dfee82589467f1539b07d42c4f23623361
podman build --platform=linux/arm64,linux/amd64 --manifest quay.io/rh-ee-emurasak/distributed-tracing-console-plugin:v0.3.3 -f Dockerfile.dev
[linux/arm64] [1/3] STEP 1/8: FROM registry.redhat.io/ubi9/nodejs-22:latest AS web-builder
[linux/arm64] [1/3] STEP 2/8: WORKDIR /opt/app-root
--> Using cache 4a877a5ee24b97054fef45e1d90d7f1abbe9d1b5abab7bce73ce51b13c58c525
--> 4a877a5ee24b
[linux/arm64] [1/3] STEP 3/8: USER 0
--> Using cache ab1e774425350ab5c699ca7304913b98511440ae324cc53d8caaa0c028f11cc8
--> ab1e77442535
[linux/arm64] [1/3] STEP 4/8: COPY web/package*.json web/
--> bfba6281f3ee
[linux/arm64] [1/3] STEP 5/8: COPY Makefile Makefile
--> 3e8fcf4ce711
[linux/arm64] [1/3] STEP 6/8: RUN make install-frontend-ci-clean
cd web && npm ci --ignore-scripts --omit=optional
npm warn deprecated trim@0.0.1: Use String.prototype.trim() instead
npm warn deprecated rimraf@3.0.2: Rimraf versions prior to v4 are no longer supported
npm warn deprecated mini-create-react-context@0.4.1: Package no longer supported. Contact Support at https://www.npmjs.com/support for more info.
npm warn deprecated inflight@1.0.6: This module is not supported, and leaks memory. Do not use it. Check out lru-cache if you want a good and tested way to coalesce async requests by a key value, which is much more comprehensive and powerful.
npm warn deprecated popper.js@1.16.1: You can find the new Popper v2 at @popperjs/core, this package is dedicated to the legacy v1
npm warn deprecated glob@7.2.3: Glob versions prior to v9 are no longer supported
npm warn deprecated i18next-parser@8.13.0: Project is deprecated, use i18next-cli instead
npm warn deprecated circular-json@0.3.3: CircularJSON is in maintenance only, flatted is its successor.
npm warn deprecated eslint@8.57.1: This version is no longer supported. Please see https://eslint.org/version-support for other options.
npm warn deprecated core-js@2.6.12: core-js@<3.23.3 is no longer maintained and not recommended for usage due to the number of issues. Because of the V8 engine whims, feature detection in old core-js versions could cause a slowdown up to 100x even if nothing is polyfilled. Some versions have web compatibility issues. Please, upgrade your dependencies to the actual version of core-js.
npm warn deprecated @humanwhocodes/config-array@0.13.0: Use @eslint/config-array instead
npm warn deprecated @humanwhocodes/object-schema@2.0.3: Use @eslint/object-schema instead
npm warn deprecated uuid@3.4.0: Please upgrade  to version 7 or higher.  Older versions may use Math.random() in certain circumstances, which is known to be problematic.  See https://v8.dev/blog/math-random for details.
npm warn deprecated rimraf@2.7.1: Rimraf versions prior to v4 are no longer supported
npm warn deprecated rimraf@2.6.3: Rimraf versions prior to v4 are no longer supported
npm warn deprecated browserslist@2.11.3: Browserslist 2 could fail on reading Browserslist >3.0 config used in other tools.

added 2089 packages, and audited 2090 packages in 1m

318 packages are looking for funding
  run `npm fund` for details

62 vulnerabilities (1 low, 41 moderate, 20 high)

To address issues that do not require attention, run:
  npm audit fix

To address all issues possible (including breaking changes), run:
  npm audit fix --force

Some issues need review, and may require choosing
a different dependency.

Run `npm audit` for details.
cd web && npm cache clean --force
npm warn using --force Recommended protections disabled.
--> d2fe6d544931
[linux/arm64] [1/3] STEP 7/8: COPY web/ web/
--> 28abf1f20542
[linux/arm64] [1/3] STEP 8/8: RUN make build-frontend
cd web && npm run build

> distributed-tracing-console-plugin@0.3.0 build
> npm run clean && NODE_ENV=production npm run webpack


> distributed-tracing-console-plugin@0.3.0 clean
> rm -rf dist


> distributed-tracing-console-plugin@0.3.0 webpack
> node -r ts-node/register ./node_modules/.bin/webpack

assets by path assets/ 1.27 MiB
  assets by path assets/*.woff 740 KiB 42 assets
  assets by path assets/*.woff2 565 KiB
    asset assets/inter-latin-ext-600-normal..woff2 35.4 KiB [emitted] [from: ../node_modules/@fontsource/inter/files/inter-latin-ext-600-normal.woff2] (auxiliary id hint: vendors)
    asset assets/inter-latin-ext-700-normal..woff2 35.4 KiB [emitted] [from: ../node_modules/@fontsource/inter/files/inter-latin-ext-700-normal.woff2] (auxiliary id hint: vendors)
    + 40 assets
assets by path *.js 2.91 MiB
  assets by chunk 2.85 MiB (id hint: vendors)
    asset 231-chunk-f6f04aea9cd53f0eebdb.min.js 2.71 MiB [emitted] [immutable] [minimized] [big] (id hint: vendors) 1 related asset
    + 2 assets
  + 4 assets
asset locales/en/plugin__distributed-tracing-console-plugin.json 4.06 KiB [emitted] [from: ../locales/en/plugin__distributed-tracing-console-plugin.json] [copied]
asset plugin-manifest.json 951 bytes [emitted]
orphan modules 23.6 MiB (javascript) 168 bytes (consume-shared) [orphan] 14918 modules
runtime modules 18.8 KiB 14 modules
built modules 9.82 MiB (javascript) 1.27 MiB (asset) 1010 bytes (consume-shared) 42 bytes (share-init) [built]
  javascript modules 9.82 MiB
    modules by path ../node_modules/ 9.72 MiB 654 modules
    modules by path ./ 104 KiB 15 modules
    container entry 42 bytes [built] [code generated]
  asset modules 1.27 MiB (asset) 3.45 KiB (javascript)
    modules by path ../node_modules/@fontsource/inter/files/*.woff2 565 KiB (asset) 1.72 KiB (javascript) 42 modules
    modules by path ../node_modules/@fontsource/inter/files/*.woff 740 KiB (asset) 1.72 KiB (javascript) 42 modules
  consume-shared-module modules 1010 bytes
    modules by path *.0 (singleton) 378 bytes 9 modules
    modules by path *.1 (singleton) 84 bytes 2 modules
    + 13 modules
  provide shared module (default) react-helmet@6.1.0 = ../node_modules/react-helme...(truncated) 42 bytes [built] [code generated]

WARNING in asset size limit: The following asset(s) exceed the recommended size limit (244 KiB).
This can impact web performance.
Assets: 
  231-chunk-f6f04aea9cd53f0eebdb.min.js (2.71 MiB)

webpack 5.105.3 compiled with 1 warning in 58760 ms
--> c7344d636a1b
[linux/arm64] [2/3] STEP 1/9: FROM brew.registry.redhat.io/rh-osbs/openshift-golang-builder:rhel_9_1.25 AS go-builder
Trying to pull brew.registry.redhat.io/rh-osbs/openshift-golang-builder:rhel_9_1.25...
Getting image source signatures
Copying blob sha256:b98d37c87f15536538dc20373f6feca81ccf73779a63f168b7855ce2c2360cff
Copying blob sha256:9e9bee4738d78cc5b8c68706e99751b669394b1e52ebb360fabf583fee381119
Copying config sha256:6cc0ec0f03bcbce80b198dae197eb1ca379eb2fa2e7f2e456cf01f6464e2b1ec
Writing manifest to image destination
[linux/arm64] [2/3] STEP 2/9: WORKDIR /opt/app-root
--> 0d6cbc4ff6d8
[linux/arm64] [2/3] STEP 3/9: COPY Makefile Makefile
--> 0ce1fe2169ae
[linux/arm64] [2/3] STEP 4/9: COPY go.mod go.mod
--> fb6b42ce702e
[linux/arm64] [2/3] STEP 5/9: COPY go.sum go.sum
--> 7e9e804ad990
[linux/arm64] [2/3] STEP 6/9: RUN go mod download
Go compliance shim [1] [rhel-9-golang-1.25][openshift-golang-builder]: assessment: CGO_ENABLED=1
Go compliance shim [1] [rhel-9-golang-1.25][openshift-golang-builder]: assessment: dynamic linking
Go compliance shim [1] [rhel-9-golang-1.25][openshift-golang-builder]: skipping forced compliance due to broad exemption
Go compliance shim [1] [rhel-9-golang-1.25][openshift-golang-builder]: EXEMPT: 1


Go compliance shim [1] [rhel-9-golang-1.25][openshift-golang-builder]: final command line arguments: "mod" "download" 

Go compliance shim [1] [rhel-9-golang-1.25][openshift-golang-builder]: invoking real go binary
Go compliance shim [1] [rhel-9-golang-1.25][openshift-golang-builder]: Exited with: 0
--> 333ff424c168
[linux/arm64] [2/3] STEP 7/9: COPY cmd/ cmd/
--> e37bc4f7a60c
[linux/arm64] [2/3] STEP 8/9: COPY pkg/ pkg/
--> b4f955daf68a
[linux/arm64] [2/3] STEP 9/9: RUN make build-backend
go build  -o plugin-backend -mod=readonly cmd/plugin-backend.go
Go compliance shim [2] [rhel-9-golang-1.25][openshift-golang-builder]: assessment: CGO_ENABLED=1
Go compliance shim [2] [rhel-9-golang-1.25][openshift-golang-builder]: assessment: dynamic linking
Go compliance shim [2] [rhel-9-golang-1.25][openshift-golang-builder]: skipping forced compliance due to broad exemption
Go compliance shim [2] [rhel-9-golang-1.25][openshift-golang-builder]: EXEMPT: 1


Go compliance shim [2] [rhel-9-golang-1.25][openshift-golang-builder]: final command line arguments: "build" "-o" "plugin-backend" "-mod=readonly" "cmd/plugin-backend.go" 

Go compliance shim [2] [rhel-9-golang-1.25][openshift-golang-builder]: invoking real go binary
Go compliance shim [2] [rhel-9-golang-1.25][openshift-golang-builder]: Exited with: 0
--> f395d73aa94b
[linux/amd64] [1/3] STEP 1/8: FROM registry.redhat.io/ubi9/nodejs-22:latest AS web-builder
Trying to pull registry.redhat.io/ubi9/nodejs-22:latest...
Getting image source signatures
Checking if image destination supports signatures
Copying blob sha256:669ecfdf872e83fa8f88dbdbe9b75f628fb72b9210cbdcce7ea0f449a74cac9e
Copying blob sha256:9a785c83dc42af66688cf5d3dd8e0500ce65bad5a679b45744d62c2fffbb60d8
Copying blob sha256:1c3800ac7d8629ddf73a031732f867dbc0c46d5a7dd1f70c0656c2e6e351e3aa
Copying config sha256:7ff8c7d7ce9b0c742c2379ee8b8206279c959b199e0e12bd8d486ef717c6da23
Writing manifest to image destination
Storing signatures
[linux/amd64] [1/3] STEP 2/8: WORKDIR /opt/app-root
--> Using cache ee0873c779f9dc2cf40d8976949d244c692f337607954c0305de23374f5df9fe
--> ee0873c779f9
[linux/amd64] [1/3] STEP 3/8: USER 0
--> Using cache d12af7a24add7288a368f8b754bec277378d57de4936d85e6b7e1c238b5e8746
--> d12af7a24add
[linux/amd64] [1/3] STEP 4/8: COPY web/package*.json web/
--> 60f765fc0d49
[linux/amd64] [1/3] STEP 5/8: COPY Makefile Makefile
--> 546ff7a60f62
[linux/amd64] [1/3] STEP 6/8: RUN make install-frontend-ci-clean
cd web && npm ci --ignore-scripts --omit=optional
npm warn deprecated trim@0.0.1: Use String.prototype.trim() instead
npm warn deprecated rimraf@3.0.2: Rimraf versions prior to v4 are no longer supported
npm warn deprecated mini-create-react-context@0.4.1: Package no longer supported. Contact Support at https://www.npmjs.com/support for more info.
npm warn deprecated inflight@1.0.6: This module is not supported, and leaks memory. Do not use it. Check out lru-cache if you want a good and tested way to coalesce async requests by a key value, which is much more comprehensive and powerful.
npm warn deprecated glob@7.2.3: Glob versions prior to v9 are no longer supported
npm warn deprecated circular-json@0.3.3: CircularJSON is in maintenance only, flatted is its successor.
npm warn deprecated i18next-parser@8.13.0: Project is deprecated, use i18next-cli instead
npm warn deprecated popper.js@1.16.1: You can find the new Popper v2 at @popperjs/core, this package is dedicated to the legacy v1
npm warn deprecated @humanwhocodes/config-array@0.13.0: Use @eslint/config-array instead
npm warn deprecated @humanwhocodes/object-schema@2.0.3: Use @eslint/object-schema instead
npm warn deprecated uuid@3.4.0: Please upgrade  to version 7 or higher.  Older versions may use Math.random() in certain circumstances, which is known to be problematic.  See https://v8.dev/blog/math-random for details.
npm warn deprecated rimraf@2.7.1: Rimraf versions prior to v4 are no longer supported
npm warn deprecated rimraf@2.6.3: Rimraf versions prior to v4 are no longer supported
npm warn deprecated browserslist@2.11.3: Browserslist 2 could fail on reading Browserslist >3.0 config used in other tools.
npm warn deprecated eslint@8.57.1: This version is no longer supported. Please see https://eslint.org/version-support for other options.
npm warn deprecated core-js@2.6.12: core-js@<3.23.3 is no longer maintained and not recommended for usage due to the number of issues. Because of the V8 engine whims, feature detection in old core-js versions could cause a slowdown up to 100x even if nothing is polyfilled. Some versions have web compatibility issues. Please, upgrade your dependencies to the actual version of core-js.

added 2089 packages, and audited 2090 packages in 2m

318 packages are looking for funding
  run `npm fund` for details

62 vulnerabilities (1 low, 41 moderate, 20 high)

To address issues that do not require attention, run:
  npm audit fix

To address all issues possible (including breaking changes), run:
  npm audit fix --force

Some issues need review, and may require choosing
a different dependency.

Run `npm audit` for details.
cd web && npm cache clean --force
npm warn using --force Recommended protections disabled.
--> 84363799012f
[linux/amd64] [1/3] STEP 7/8: COPY web/ web/
--> ea0e0136fcd9
[linux/amd64] [1/3] STEP 8/8: RUN make build-frontend
cd web && npm run build

> distributed-tracing-console-plugin@0.3.0 build
> npm run clean && NODE_ENV=production npm run webpack


> distributed-tracing-console-plugin@0.3.0 clean
> rm -rf dist


> distributed-tracing-console-plugin@0.3.0 webpack
> node -r ts-node/register ./node_modules/.bin/webpack

assets by path assets/ 1.27 MiB
  assets by path assets/*.woff 740 KiB 42 assets
  assets by path assets/*.woff2 565 KiB
    asset assets/inter-latin-ext-600-normal..woff2 35.4 KiB [emitted] [from: ../node_modules/@fontsource/inter/files/inter-latin-ext-600-normal.woff2] (auxiliary id hint: vendors)
    asset assets/inter-latin-ext-700-normal..woff2 35.4 KiB [emitted] [from: ../node_modules/@fontsource/inter/files/inter-latin-ext-700-normal.woff2] (auxiliary id hint: vendors)
    + 40 assets
assets by path *.js 2.91 MiB
  assets by chunk 2.85 MiB (id hint: vendors)
    asset 231-chunk-f6f04aea9cd53f0eebdb.min.js 2.71 MiB [emitted] [immutable] [minimized] [big] (id hint: vendors) 1 related asset
    + 2 assets
  + 4 assets
asset locales/en/plugin__distributed-tracing-console-plugin.json 4.06 KiB [emitted] [from: ../locales/en/plugin__distributed-tracing-console-plugin.json] [copied]
asset plugin-manifest.json 951 bytes [emitted]
orphan modules 23.6 MiB (javascript) 168 bytes (consume-shared) [orphan] 14918 modules
runtime modules 18.8 KiB 14 modules
built modules 9.82 MiB (javascript) 1.27 MiB (asset) 1010 bytes (consume-shared) 42 bytes (share-init) [built]
  javascript modules 9.82 MiB
    modules by path ../node_modules/ 9.72 MiB 654 modules
    modules by path ./ 104 KiB 15 modules
    container entry 42 bytes [built] [code generated]
  asset modules 1.27 MiB (asset) 3.45 KiB (javascript)
    modules by path ../node_modules/@fontsource/inter/files/*.woff2 565 KiB (asset) 1.72 KiB (javascript) 42 modules
    modules by path ../node_modules/@fontsource/inter/files/*.woff 740 KiB (asset) 1.72 KiB (javascript) 42 modules
  consume-shared-module modules 1010 bytes
    modules by path *.0 (singleton) 378 bytes 9 modules
    modules by path *.1 (singleton) 84 bytes 2 modules
    + 13 modules
  provide shared module (default) react-helmet@6.1.0 = ../node_modules/react-helme...(truncated) 42 bytes [built] [code generated]

WARNING in asset size limit: The following asset(s) exceed the recommended size limit (244 KiB).
This can impact web performance.
Assets: 
  231-chunk-f6f04aea9cd53f0eebdb.min.js (2.71 MiB)

webpack 5.105.3 compiled with 1 warning in 112429 ms
--> 334826835c53
[linux/arm64] [3/3] STEP 1/4: FROM registry.access.redhat.com/ubi9/ubi-minimal
Trying to pull registry.access.redhat.com/ubi9/ubi-minimal:latest...
Getting image source signatures
Checking if image destination supports signatures
Copying blob sha256:7db43598c7e47cf895f880f92e3cee9c07787091c97802ea3f2bea8fa4848040
Copying config sha256:64826a3b202499f826f4af0dc0afdbd7fd6681218074b7ea7ed3969c6e12009e
Writing manifest to image destination
Storing signatures
[linux/arm64] [3/3] STEP 2/4: COPY --from=web-builder /opt/app-root/web/dist /opt/app-root/web/dist
--> c05f863307e1
[linux/arm64] [3/3] STEP 3/4: COPY --from=go-builder /opt/app-root/plugin-backend /opt/app-root
--> 7c3aa6a0b336
[linux/arm64] [3/3] STEP 4/4: ENTRYPOINT ["/opt/app-root/plugin-backend", "-static-path", "/opt/app-root/web/dist", "-config-path", "/opt/app-root/web/dist"]
[linux/arm64] [3/3] COMMIT
--> 8ba5ce3fd5a8
[linux/amd64] [2/3] STEP 1/9: FROM brew.registry.redhat.io/rh-osbs/openshift-golang-builder:rhel_9_1.25 AS go-builder
8ba5ce3fd5a85186b1ee04f7aeff7d6a7b2289ea69410866f8b0506aeac0a225
Trying to pull brew.registry.redhat.io/rh-osbs/openshift-golang-builder:rhel_9_1.25...
Getting image source signatures
Copying blob sha256:07b4b7296fb976a7b266e7a81c8e2cef5b0047bd20db6025d084fb8b608e05ed
Copying blob sha256:cb8cee91bb10a151d5f47bfaeade03a136feecdd326326b1bb7ffb26c45f6de8
Copying config sha256:e218eae4db33b56e53cba7f172626764546c2a49403ee52a4a6779724a202367
Writing manifest to image destination
[linux/amd64] [2/3] STEP 2/9: WORKDIR /opt/app-root
--> 84defa708a74
[linux/amd64] [2/3] STEP 3/9: COPY Makefile Makefile
--> df0a807b4cd7
[linux/amd64] [2/3] STEP 4/9: COPY go.mod go.mod
--> 5b28c8e719bf
[linux/amd64] [2/3] STEP 5/9: COPY go.sum go.sum
--> 83c5691dbce4
[linux/amd64] [2/3] STEP 6/9: RUN go mod download
Go compliance shim [1] [rhel-9-golang-1.25][openshift-golang-builder]: assessment: CGO_ENABLED=1
Go compliance shim [1] [rhel-9-golang-1.25][openshift-golang-builder]: assessment: dynamic linking
Go compliance shim [1] [rhel-9-golang-1.25][openshift-golang-builder]: skipping forced compliance due to broad exemption
Go compliance shim [1] [rhel-9-golang-1.25][openshift-golang-builder]: EXEMPT: 1


Go compliance shim [1] [rhel-9-golang-1.25][openshift-golang-builder]: final command line arguments: "mod" "download" 

Go compliance shim [1] [rhel-9-golang-1.25][openshift-golang-builder]: invoking real go binary
Go compliance shim [1] [rhel-9-golang-1.25][openshift-golang-builder]: Exited with: 0
--> 3833b877432f
[linux/amd64] [2/3] STEP 7/9: COPY cmd/ cmd/
--> 9b5fe994ca8b
[linux/amd64] [2/3] STEP 8/9: COPY pkg/ pkg/
--> 7b1ad04684fc
[linux/amd64] [2/3] STEP 9/9: RUN make build-backend
go build  -o plugin-backend -mod=readonly cmd/plugin-backend.go
Go compliance shim [2] [rhel-9-golang-1.25][openshift-golang-builder]: assessment: CGO_ENABLED=1
Go compliance shim [2] [rhel-9-golang-1.25][openshift-golang-builder]: assessment: dynamic linking
Go compliance shim [2] [rhel-9-golang-1.25][openshift-golang-builder]: skipping forced compliance due to broad exemption
Go compliance shim [2] [rhel-9-golang-1.25][openshift-golang-builder]: EXEMPT: 1


Go compliance shim [2] [rhel-9-golang-1.25][openshift-golang-builder]: final command line arguments: "build" "-o" "plugin-backend" "-mod=readonly" "cmd/plugin-backend.go" 

Go compliance shim [2] [rhel-9-golang-1.25][openshift-golang-builder]: invoking real go binary
Go compliance shim [2] [rhel-9-golang-1.25][openshift-golang-builder]: Exited with: 0
--> 8322af069d28
[linux/amd64] [3/3] STEP 1/4: FROM registry.access.redhat.com/ubi9/ubi-minimal
Trying to pull registry.access.redhat.com/ubi9/ubi-minimal:latest...
Getting image source signatures
Checking if image destination supports signatures
Copying blob sha256:dd148063a98f38d63a03cea2357d237d418889b91f204f507c033c944e443f45
Copying config sha256:6efa28c44703806c7c6ccb45ef6f4edc45ae794e0c0b28a1902cc64fece71ffc
Writing manifest to image destination
Storing signatures
[linux/amd64] [3/3] STEP 2/4: COPY --from=web-builder /opt/app-root/web/dist /opt/app-root/web/dist
--> ccae68b936b4
[linux/amd64] [3/3] STEP 3/4: COPY --from=go-builder /opt/app-root/plugin-backend /opt/app-root
--> 8a8dde6d1ded
[linux/amd64] [3/3] STEP 4/4: ENTRYPOINT ["/opt/app-root/plugin-backend", "-static-path", "/opt/app-root/web/dist", "-config-path", "/opt/app-root/web/dist"]
[linux/amd64] [3/3] COMMIT
--> 6188495b72d5
6188495b72d5c1297f2e176f20cd480d77681b3e0272ad277d51e2511c34019c
podman manifest push quay.io/rh-ee-emurasak/distributed-tracing-console-plugin:v0.3.3
Getting image list signatures
Copying 2 images generated from 2 images in list
Copying image sha256:e377a516752e65f3cd452cd2ec5e0f2fee64053873473c7ab30839fa47b3ad64 (1/2)
Getting image source signatures
Copying blob sha256:65fc42ec20803f9b049741cc09f83c4c3e9ae679a71a5eec88cdb96ef433121a
Copying blob sha256:87ffd1222d3aba6da5d67bbd7ef9cecba3a3830806163e678ae01cc57cd03d5e
Copying blob sha256:e563f4e9361bafaec415239479bb69ec94ff8fca75b1dbe84b05d17371a8f322
Copying config sha256:8ba5ce3fd5a85186b1ee04f7aeff7d6a7b2289ea69410866f8b0506aeac0a225
Writing manifest to image destination
Copying image sha256:0d11dfb002aa045299400faa9c75d8c6fd98036a6f140f5fa045e9c7923af766 (2/2)
Getting image source signatures
Copying blob sha256:a15d89f25f33dbaf9f23161c5defa65a622bea341563c220213736b5023fa647
Copying blob sha256:fc619adba729ec24fef75235acd9b59c5e52bdef3e16a3803a6e9e3022ba748b
Copying blob sha256:a717c003a88cba6aca062dfed1d36098c5cb87d26cc3f94fd24149dc39e83cf3
Copying config sha256:6188495b72d5c1297f2e176f20cd480d77681b3e0272ad277d51e2511c34019c
Writing manifest to image destination
Writing manifest list to image destination
Storing list signatures
==========================================
Building logging-view-plugin @ release-coo-ocp-4.12 with VERSION=v6.0.5 ORG=rh-ee-emurasak
==========================================
Switched to branch 'release-coo-ocp-4.12'
Your branch is up to date with 'origin/release-coo-ocp-4.12'.
From https://github.com/openshift/logging-view-plugin
 * branch            release-coo-ocp-4.12 -> FETCH_HEAD
Already up to date.
--- Attempt 1/3 ---
podman manifest rm quay.io/rh-ee-emurasak/logging-view-plugin:v6.0.5 || true
Error: quay.io/rh-ee-emurasak/logging-view-plugin:v6.0.5: image not known
podman manifest create quay.io/rh-ee-emurasak/logging-view-plugin:v6.0.5
9b20dc5b9360b841ae36a48f0874bba009e5a0d50e460ffa16159698a6aa4ac5
podman build --platform=linux/arm64,linux/amd64 --manifest quay.io/rh-ee-emurasak/logging-view-plugin:v6.0.5 -f Dockerfile.dev
[linux/arm64] [1/3] STEP 1/9: FROM registry.redhat.io/ubi9/nodejs-22:latest AS web-builder
Trying to pull registry.redhat.io/ubi9/nodejs-22:latest...
Getting image source signatures
Checking if image destination supports signatures
Copying blob sha256:8cc4364173e08b740ee39103f76581907e7a0eaa07260aeb6afbbebb8dde106e
Copying blob sha256:6c68ec2cb8914dd7cd64b186ef8674ae644c890fcae14edf9a3b33fde3a76cce
Copying blob sha256:98245caf86240da0764634e4873f8d78498df819a738bee6e752ffc1dc9be497
Copying config sha256:bceceabd26d12d7ba9de7f0aad51a65d5ae092bd1ae800eb7bad9330a6a05b8e
Writing manifest to image destination
Storing signatures
[linux/arm64] [1/3] STEP 2/9: WORKDIR /opt/app-root
--> Using cache 4a877a5ee24b97054fef45e1d90d7f1abbe9d1b5abab7bce73ce51b13c58c525
--> 4a877a5ee24b
[linux/arm64] [1/3] STEP 3/9: USER 0
--> Using cache ab1e774425350ab5c699ca7304913b98511440ae324cc53d8caaa0c028f11cc8
--> ab1e77442535
[linux/arm64] [1/3] STEP 4/9: ENV HUSKY=0
--> Using cache 159d00804dfad7eab6efa3ad8127664170b0b71bfa5d19464cc26ecdf010adc2
--> 159d00804dfa
[linux/arm64] [1/3] STEP 5/9: COPY web/package*.json web/
--> 43fc7a5b1f1c
[linux/arm64] [1/3] STEP 6/9: COPY Makefile Makefile
--> 2032d627e7d6
[linux/arm64] [1/3] STEP 7/9: RUN make install-frontend-ci-clean
cd web && npm ci --omit=optional --ignore-scripts

added 1436 packages, and audited 1437 packages in 35s

267 packages are looking for funding
  run `npm fund` for details

34 vulnerabilities (21 moderate, 12 high, 1 critical)

To address issues that do not require attention, run:
  npm audit fix

To address all issues (including breaking changes), run:
  npm audit fix --force

Run `npm audit` for details.
cd web && npm cache clean --force
npm warn using --force Recommended protections disabled.
--> f896912a47fe
[linux/arm64] [1/3] STEP 8/9: COPY web/ web/
--> 49e85b2b3e12
[linux/arm64] [1/3] STEP 9/9: RUN make build-frontend
cd web && npm run build

> logging-view-plugin@6.0.0 build
> npm run clean && NODE_ENV=production npm run ts-node node_modules/.bin/webpack


> logging-view-plugin@6.0.0 clean
> rm -rf dist


> logging-view-plugin@6.0.0 ts-node
> ts-node -O '{"module":"commonjs"}' node_modules/.bin/webpack

assets by info 2.55 MiB [immutable]
  assets by chunk 2.22 MiB (id hint: vendors)
    asset 198-chunk-da28374bb5b04895f8ca.min.js 1.45 MiB [emitted] [immutable] [big] (id hint: vendors) 1 related asset
    asset 924-chunk-b61cc50348712154c403.min.js 621 KiB [emitted] [immutable] [big] (id hint: vendors) 1 related asset
    asset 31-chunk-fa29db6230d9ee04494a.min.js 169 KiB [emitted] [immutable] (id hint: vendors) 1 related asset
  + 9 assets
asset plugin-entry.js 27.7 KiB [emitted] (name: logging-view-plugin) 1 related asset
asset locales/en/plugin__logging-view-plugin.json 6.89 KiB [emitted] [from: ../locales/en/plugin__logging-view-plugin.json] [copied]
asset plugin-manifest.json 2.63 KiB [emitted]
orphan modules 3.29 MiB [orphan] 2525 modules
runtime modules 17.5 KiB 14 modules
built modules 2.31 MiB (javascript) 504 bytes (consume-shared) [built]
  modules by path ../node_modules/ 2.08 MiB 375 modules
  modules by path ./ 236 KiB 44 modules
  consume-shared-module modules 504 bytes
    modules by path *.0 (singleton) 210 bytes 5 modules
    modules by path consume shared module (default) @patternfly/ 126 bytes
      consume shared module (default) @patternfly/react-core@=4.239.0 (singleton) 42 bytes [built] [code generated]
      + 2 modules
    + 4 modules
  container entry 42 bytes [built] [code generated]

WARNING in asset size limit: The following asset(s) exceed the recommended size limit (244 KiB).
This can impact web performance.
Assets: 
  198-chunk-da28374bb5b04895f8ca.min.js (1.45 MiB)
  924-chunk-b61cc50348712154c403.min.js (621 KiB)

webpack 5.105.3 compiled with 1 warning in 10572 ms
--> 208ffa918b35
[linux/arm64] [2/3] STEP 1/10: FROM brew.registry.redhat.io/rh-osbs/openshift-golang-builder:rhel_9_golang_1.24 AS go-builder
Trying to pull brew.registry.redhat.io/rh-osbs/openshift-golang-builder:rhel_9_golang_1.24...
Getting image source signatures
Copying blob sha256:0b3425962862e4c28bb2a8c620101947643235ac8ec98ebf4dd6948f79db8178
Copying blob sha256:65442b90c1456946b65a513148c3e504c3e1ae3889d427d5b4526ba9cec3ea0e
Copying config sha256:6b75237990fc7d8f0d9c2ac0d8181360163689361a8fa8d7ae3709b82f0e5e4e
Writing manifest to image destination
[linux/arm64] [2/3] STEP 2/10: WORKDIR /opt/app-root
--> 29f153f844ea
[linux/arm64] [2/3] STEP 3/10: COPY Makefile Makefile
--> fb46d1b0b133
[linux/arm64] [2/3] STEP 4/10: COPY go.mod go.mod
--> ada440d3f19a
[linux/arm64] [2/3] STEP 5/10: COPY go.sum go.sum
--> d506811b2031
[linux/arm64] [2/3] STEP 6/10: RUN make install-backend
go mod download
Go compliance shim [2] [rhel-9-golang-1.24][openshift-golang-builder]: assessment: CGO_ENABLED=1
Go compliance shim [2] [rhel-9-golang-1.24][openshift-golang-builder]: assessment: dynamic linking
Go compliance shim [2] [rhel-9-golang-1.24][openshift-golang-builder]: skipping forced compliance due to broad exemption
Go compliance shim [2] [rhel-9-golang-1.24][openshift-golang-builder]: EXEMPT: 1


Go compliance shim [2] [rhel-9-golang-1.24][openshift-golang-builder]: final command line arguments: "mod" "download" 

Go compliance shim [2] [rhel-9-golang-1.24][openshift-golang-builder]: invoking real go binary
Go compliance shim [2] [rhel-9-golang-1.24][openshift-golang-builder]: Exited with: 0
--> bccd4b48d011
[linux/arm64] [2/3] STEP 7/10: COPY config/ config/
--> 188fb30ce397
[linux/arm64] [2/3] STEP 8/10: COPY cmd/ cmd/
--> 998df2cc9348
[linux/arm64] [2/3] STEP 9/10: COPY pkg/ pkg/
--> e38be610c1fa
[linux/arm64] [2/3] STEP 10/10: RUN make build-backend
Go compliance shim [2] [rhel-9-golang-1.24][openshift-golang-builder]: go build  -mod=readonly -o plugin-backend -mod=readonly cmd/plugin-backend.go
assessment: CGO_ENABLED=1
Go compliance shim [2] [rhel-9-golang-1.24][openshift-golang-builder]: assessment: dynamic linking
Go compliance shim [2] [rhel-9-golang-1.24][openshift-golang-builder]: skipping forced compliance due to broad exemption
Go compliance shim [2] [rhel-9-golang-1.24][openshift-golang-builder]: EXEMPT: 1


Go compliance shim [2] [rhel-9-golang-1.24][openshift-golang-builder]: final command line arguments: "build" "-mod=readonly" "-o" "plugin-backend" "-mod=readonly" "cmd/plugin-backend.go" 

Go compliance shim [2] [rhel-9-golang-1.24][openshift-golang-builder]: invoking real go binary
Go compliance shim [2] [rhel-9-golang-1.24][openshift-golang-builder]: Exited with: 0
--> 72f8b6531790
[linux/amd64] [1/3] STEP 1/9: FROM registry.redhat.io/ubi9/nodejs-22:latest AS web-builder
Trying to pull registry.redhat.io/ubi9/nodejs-22:latest...
Getting image source signatures
Checking if image destination supports signatures
Copying blob sha256:669ecfdf872e83fa8f88dbdbe9b75f628fb72b9210cbdcce7ea0f449a74cac9e
Copying blob sha256:9a785c83dc42af66688cf5d3dd8e0500ce65bad5a679b45744d62c2fffbb60d8
Copying blob sha256:1c3800ac7d8629ddf73a031732f867dbc0c46d5a7dd1f70c0656c2e6e351e3aa
Copying config sha256:7ff8c7d7ce9b0c742c2379ee8b8206279c959b199e0e12bd8d486ef717c6da23
Writing manifest to image destination
Storing signatures
[linux/amd64] [1/3] STEP 2/9: WORKDIR /opt/app-root
--> Using cache ee0873c779f9dc2cf40d8976949d244c692f337607954c0305de23374f5df9fe
--> ee0873c779f9
[linux/amd64] [1/3] STEP 3/9: USER 0
--> Using cache d12af7a24add7288a368f8b754bec277378d57de4936d85e6b7e1c238b5e8746
--> d12af7a24add
[linux/amd64] [1/3] STEP 4/9: ENV HUSKY=0
--> Using cache 428918fb2167a036aab0e55fa9583e1bbabfd218db990ab1f6581b762c19c045
--> 428918fb2167
[linux/amd64] [1/3] STEP 5/9: COPY web/package*.json web/
--> 427e05ec151f
[linux/amd64] [1/3] STEP 6/9: COPY Makefile Makefile
--> 679b1654e312
[linux/amd64] [1/3] STEP 7/9: RUN make install-frontend-ci-clean
cd web && npm ci --omit=optional --ignore-scripts

added 1436 packages, and audited 1437 packages in 50s

267 packages are looking for funding
  run `npm fund` for details

34 vulnerabilities (21 moderate, 12 high, 1 critical)

To address issues that do not require attention, run:
  npm audit fix

To address all issues (including breaking changes), run:
  npm audit fix --force

Run `npm audit` for details.
cd web && npm cache clean --force
npm warn using --force Recommended protections disabled.
--> b14497904fbe
[linux/amd64] [1/3] STEP 8/9: COPY web/ web/
--> d7e05b371637
[linux/amd64] [1/3] STEP 9/9: RUN make build-frontend
cd web && npm run build

> logging-view-plugin@6.0.0 build
> npm run clean && NODE_ENV=production npm run ts-node node_modules/.bin/webpack


> logging-view-plugin@6.0.0 clean
> rm -rf dist


> logging-view-plugin@6.0.0 ts-node
> ts-node -O '{"module":"commonjs"}' node_modules/.bin/webpack

assets by info 2.55 MiB [immutable]
  assets by chunk 2.22 MiB (id hint: vendors)
    asset 198-chunk-da28374bb5b04895f8ca.min.js 1.45 MiB [emitted] [immutable] [big] (id hint: vendors) 1 related asset
    asset 924-chunk-b61cc50348712154c403.min.js 621 KiB [emitted] [immutable] [big] (id hint: vendors) 1 related asset
    asset 31-chunk-fa29db6230d9ee04494a.min.js 169 KiB [emitted] [immutable] (id hint: vendors) 1 related asset
  + 9 assets
asset plugin-entry.js 27.7 KiB [emitted] (name: logging-view-plugin) 1 related asset
asset locales/en/plugin__logging-view-plugin.json 6.89 KiB [emitted] [from: ../locales/en/plugin__logging-view-plugin.json] [copied]
asset plugin-manifest.json 2.63 KiB [emitted]
orphan modules 3.29 MiB [orphan] 2525 modules
runtime modules 17.5 KiB 14 modules
built modules 2.31 MiB (javascript) 504 bytes (consume-shared) [built]
  modules by path ../node_modules/ 2.08 MiB 375 modules
  modules by path ./ 236 KiB 44 modules
  consume-shared-module modules 504 bytes
    modules by path *.0 (singleton) 210 bytes 5 modules
    modules by path consume shared module (default) @patternfly/ 126 bytes
      consume shared module (default) @patternfly/react-core@=4.239.0 (singleton) 42 bytes [built] [code generated]
      + 2 modules
    + 4 modules
  container entry 42 bytes [built] [code generated]

WARNING in asset size limit: The following asset(s) exceed the recommended size limit (244 KiB).
This can impact web performance.
Assets: 
  198-chunk-da28374bb5b04895f8ca.min.js (1.45 MiB)
  924-chunk-b61cc50348712154c403.min.js (621 KiB)

webpack 5.105.3 compiled with 1 warning in 19352 ms
--> 16087a19e814
[linux/arm64] [3/3] STEP 1/5: FROM registry.access.redhat.com/ubi9/ubi-minimal
Trying to pull registry.access.redhat.com/ubi9/ubi-minimal:latest...
Getting image source signatures
Checking if image destination supports signatures
Copying blob sha256:7db43598c7e47cf895f880f92e3cee9c07787091c97802ea3f2bea8fa4848040
Copying config sha256:64826a3b202499f826f4af0dc0afdbd7fd6681218074b7ea7ed3969c6e12009e
Writing manifest to image destination
Storing signatures
[linux/arm64] [3/3] STEP 2/5: COPY --from=web-builder /opt/app-root/web/dist /opt/app-root/web/dist
--> bfc3fc16846f
[linux/arm64] [3/3] STEP 3/5: COPY --from=go-builder /opt/app-root/plugin-backend /opt/app-root
--> 947f330678b9
[linux/arm64] [3/3] STEP 4/5: COPY --from=go-builder /opt/app-root/config /opt/app-root/config
--> a9f0321ee51c
[linux/arm64] [3/3] STEP 5/5: ENTRYPOINT ["/opt/app-root/plugin-backend", "-config-path", "/opt/app-root/config", "-static-path", "/opt/app-root/web/dist"]
[linux/arm64] [3/3] COMMIT
--> e6fd81117173
[linux/amd64] [2/3] STEP 1/10: FROM brew.registry.redhat.io/rh-osbs/openshift-golang-builder:rhel_9_golang_1.24 AS go-builder
e6fd811171739d367705e6a2475b34b417508270df31b4cfcc0f2b0c15ca81e2
Trying to pull brew.registry.redhat.io/rh-osbs/openshift-golang-builder:rhel_9_golang_1.24...
Getting image source signatures
Copying blob sha256:e2e2fd836dcf8c102bc7bdec3fa60ccac6c08515308f3a3fd42a61dbecea6239
Copying blob sha256:5e09f8650bc245176f116be7bf617e9ebbda9f1690adc8f25ef8cc558cd62fbf
Copying config sha256:4110829d2ea57e0eeded3bd6d60857e756e7c4076501cd57b752f0411b653164
Writing manifest to image destination
[linux/amd64] [2/3] STEP 2/10: WORKDIR /opt/app-root
--> 36b55a0c33e9
[linux/amd64] [2/3] STEP 3/10: COPY Makefile Makefile
--> abcde7f693e8
[linux/amd64] [2/3] STEP 4/10: COPY go.mod go.mod
--> 692c2b2e5a88
[linux/amd64] [2/3] STEP 5/10: COPY go.sum go.sum
--> fa9a5fa65d35
[linux/amd64] [2/3] STEP 6/10: RUN make install-backend
go mod download
Go compliance shim [2] [rhel-9-golang-1.24][openshift-golang-builder]: assessment: CGO_ENABLED=1
Go compliance shim [2] [rhel-9-golang-1.24][openshift-golang-builder]: assessment: dynamic linking
Go compliance shim [2] [rhel-9-golang-1.24][openshift-golang-builder]: skipping forced compliance due to broad exemption
Go compliance shim [2] [rhel-9-golang-1.24][openshift-golang-builder]: EXEMPT: 1


Go compliance shim [2] [rhel-9-golang-1.24][openshift-golang-builder]: final command line arguments: "mod" "download" 

Go compliance shim [2] [rhel-9-golang-1.24][openshift-golang-builder]: invoking real go binary
Go compliance shim [2] [rhel-9-golang-1.24][openshift-golang-builder]: Exited with: 0
--> fe7ef623212a
[linux/amd64] [2/3] STEP 7/10: COPY config/ config/
--> ccb8ace6390c
[linux/amd64] [2/3] STEP 8/10: COPY cmd/ cmd/
--> a6efac6c66a8
[linux/amd64] [2/3] STEP 9/10: COPY pkg/ pkg/
--> 391a6b8558f5
[linux/amd64] [2/3] STEP 10/10: RUN make build-backend
go build  -mod=readonly -o plugin-backend -mod=readonly cmd/plugin-backend.go
Go compliance shim [2] [rhel-9-golang-1.24][openshift-golang-builder]: assessment: CGO_ENABLED=1
Go compliance shim [2] [rhel-9-golang-1.24][openshift-golang-builder]: assessment: dynamic linking
Go compliance shim [2] [rhel-9-golang-1.24][openshift-golang-builder]: skipping forced compliance due to broad exemption
Go compliance shim [2] [rhel-9-golang-1.24][openshift-golang-builder]: EXEMPT: 1


Go compliance shim [2] [rhel-9-golang-1.24][openshift-golang-builder]: final command line arguments: "build" "-mod=readonly" "-o" "plugin-backend" "-mod=readonly" "cmd/plugin-backend.go" 

Go compliance shim [2] [rhel-9-golang-1.24][openshift-golang-builder]: invoking real go binary
Go compliance shim [2] [rhel-9-golang-1.24][openshift-golang-builder]: Exited with: 0
--> f17d9169df11
[linux/amd64] [3/3] STEP 1/5: FROM registry.access.redhat.com/ubi9/ubi-minimal
Trying to pull registry.access.redhat.com/ubi9/ubi-minimal:latest...
Getting image source signatures
Checking if image destination supports signatures
Copying blob sha256:dd148063a98f38d63a03cea2357d237d418889b91f204f507c033c944e443f45
Copying config sha256:6efa28c44703806c7c6ccb45ef6f4edc45ae794e0c0b28a1902cc64fece71ffc
Writing manifest to image destination
Storing signatures
[linux/amd64] [3/3] STEP 2/5: COPY --from=web-builder /opt/app-root/web/dist /opt/app-root/web/dist
--> e41eada2d972
[linux/amd64] [3/3] STEP 3/5: COPY --from=go-builder /opt/app-root/plugin-backend /opt/app-root
--> 49d128d6de6e
[linux/amd64] [3/3] STEP 4/5: COPY --from=go-builder /opt/app-root/config /opt/app-root/config
--> a4e052539234
[linux/amd64] [3/3] STEP 5/5: ENTRYPOINT ["/opt/app-root/plugin-backend", "-config-path", "/opt/app-root/config", "-static-path", "/opt/app-root/web/dist"]
[linux/amd64] [3/3] COMMIT
--> a897a6f13351
a897a6f13351a68094cdb8f8240942b42c38c86c9656d59fb3999013356d36c9
podman manifest push quay.io/rh-ee-emurasak/logging-view-plugin:v6.0.5
Getting image list signatures
Copying 2 images generated from 2 images in list
Copying image sha256:7c6ce81ffd68b9639a092bc341572993482399a2a2c4068ba4921937723c91bb (1/2)
Getting image source signatures
Copying blob sha256:87ffd1222d3aba6da5d67bbd7ef9cecba3a3830806163e678ae01cc57cd03d5e
Copying blob sha256:618f33c9e92a3e4950fcc4df4a88c5ad8484b8cd6c262e22f456881809a61f5b
Copying blob sha256:0af772f9e93959b8a116bc04a96a4778a9481f2ecf06ccaed62ca7c5b1574a6c
Copying blob sha256:0310d62dd158e208fe704ad8395dae0032c8c08daca53827ae318b5cbaa7d70c
Copying config sha256:e6fd811171739d367705e6a2475b34b417508270df31b4cfcc0f2b0c15ca81e2
Writing manifest to image destination
Copying image sha256:4324b79e3003e37b0ff05cd1735c0c75a690dc7732c7feb0f7c32941baef76df (2/2)
Getting image source signatures
Copying blob sha256:e00bfc21a03d589c6a9eb29a18028b32cbebe6189978c565fa1d1f23c52a924c
Copying blob sha256:4e27e0e2a5ecc36f79d666974c5cc32d5a32ee63f761fab4896e83467f505d1d
Copying blob sha256:fc619adba729ec24fef75235acd9b59c5e52bdef3e16a3803a6e9e3022ba748b
Copying blob sha256:25192e610c460018084d727cd925d450bec963339df15d1c3b132b94474995ce
Copying config sha256:a897a6f13351a68094cdb8f8240942b42c38c86c9656d59fb3999013356d36c9
Writing manifest to image destination
Writing manifest list to image destination
Storing list signatures
==========================================
Building distributed-tracing-console-plugin @ release-coo-ocp-4.15 with VERSION=v0.4.3 ORG=rh-ee-emurasak
==========================================
Switched to branch 'release-coo-ocp-4.15'
Your branch is up to date with 'origin/release-coo-ocp-4.15'.
From https://github.com/openshift/distributed-tracing-console-plugin
 * branch            release-coo-ocp-4.15 -> FETCH_HEAD
Already up to date.
--- Attempt 1/3 ---
podman manifest rm quay.io/rh-ee-emurasak/distributed-tracing-console-plugin:v0.4.3 || true
Error: quay.io/rh-ee-emurasak/distributed-tracing-console-plugin:v0.4.3: image not known
podman manifest create quay.io/rh-ee-emurasak/distributed-tracing-console-plugin:v0.4.3
3ec61e4b6b61ebf99f78d1b6919d97a2cc8e19094c9806de362f34d3f87f1023
podman build --platform=linux/arm64,linux/amd64 --manifest quay.io/rh-ee-emurasak/distributed-tracing-console-plugin:v0.4.3 -f Dockerfile.dev
[linux/arm64] [1/3] STEP 1/8: FROM registry.redhat.io/ubi9/nodejs-22:latest AS web-builder
Trying to pull registry.redhat.io/ubi9/nodejs-22:latest...
Getting image source signatures
Checking if image destination supports signatures
Copying blob sha256:8cc4364173e08b740ee39103f76581907e7a0eaa07260aeb6afbbebb8dde106e
Copying blob sha256:6c68ec2cb8914dd7cd64b186ef8674ae644c890fcae14edf9a3b33fde3a76cce
Copying blob sha256:98245caf86240da0764634e4873f8d78498df819a738bee6e752ffc1dc9be497
Copying config sha256:bceceabd26d12d7ba9de7f0aad51a65d5ae092bd1ae800eb7bad9330a6a05b8e
Writing manifest to image destination
Storing signatures
[linux/arm64] [1/3] STEP 2/8: WORKDIR /opt/app-root
--> Using cache 4a877a5ee24b97054fef45e1d90d7f1abbe9d1b5abab7bce73ce51b13c58c525
--> 4a877a5ee24b
[linux/arm64] [1/3] STEP 3/8: USER 0
--> Using cache ab1e774425350ab5c699ca7304913b98511440ae324cc53d8caaa0c028f11cc8
--> ab1e77442535
[linux/arm64] [1/3] STEP 4/8: ENV HUSKY=0
--> Using cache 159d00804dfad7eab6efa3ad8127664170b0b71bfa5d19464cc26ecdf010adc2
--> 159d00804dfa
[linux/arm64] [1/3] STEP 5/8: COPY web/package*.json web/
--> 7e7a090353c0
[linux/arm64] [1/3] STEP 6/8: COPY Makefile Makefile
--> 07b74a1a9944
[linux/arm64] [1/3] STEP 7/8: RUN --mount=type=cache,target=/opt/app-root/src/.npm COPY web/ web/
/bin/sh: line 1: COPY: command not found
[linux/amd64] [1/3] STEP 1/8: FROM registry.redhat.io/ubi9/nodejs-22:latest AS web-builder
Trying to pull registry.redhat.io/ubi9/nodejs-22:latest...
Getting image source signatures
Checking if image destination supports signatures
Copying blob sha256:669ecfdf872e83fa8f88dbdbe9b75f628fb72b9210cbdcce7ea0f449a74cac9e
Copying blob sha256:9a785c83dc42af66688cf5d3dd8e0500ce65bad5a679b45744d62c2fffbb60d8
Copying blob sha256:1c3800ac7d8629ddf73a031732f867dbc0c46d5a7dd1f70c0656c2e6e351e3aa
Copying config sha256:7ff8c7d7ce9b0c742c2379ee8b8206279c959b199e0e12bd8d486ef717c6da23
Writing manifest to image destination
Storing signatures
[linux/amd64] [1/3] STEP 2/8: WORKDIR /opt/app-root
--> Using cache ee0873c779f9dc2cf40d8976949d244c692f337607954c0305de23374f5df9fe
--> ee0873c779f9
[linux/amd64] [1/3] STEP 3/8: USER 0
--> Using cache d12af7a24add7288a368f8b754bec277378d57de4936d85e6b7e1c238b5e8746
--> d12af7a24add
[linux/amd64] [1/3] STEP 4/8: ENV HUSKY=0
--> Using cache 428918fb2167a036aab0e55fa9583e1bbabfd218db990ab1f6581b762c19c045
--> 428918fb2167
[linux/amd64] [1/3] STEP 5/8: COPY web/package*.json web/
--> 80da4c92b5d5
[linux/amd64] [1/3] STEP 6/8: COPY Makefile Makefile
--> 41c3f4d1ae7d
[linux/amd64] [1/3] STEP 7/8: RUN --mount=type=cache,target=/opt/app-root/src/.npm COPY web/ web/
/bin/sh: line 1: COPY: command not found
Error: 2 errors occurred:
	* [linux/arm64]: building at STEP "RUN --mount=type=cache,target=/opt/app-root/src/.npm COPY web/ web/": while running runtime: exit status 127
	* [linux/amd64]: building at STEP "RUN --mount=type=cache,target=/opt/app-root/src/.npm COPY web/ web/": while running runtime: exit status 127



make: *** [podman-cross-build] Error 127
WARNING: Attempt 1 failed for distributed-tracing-console-plugin @ release-coo-ocp-4.15 (exit code 2)
--- Attempt 2/3 ---
podman manifest rm quay.io/rh-ee-emurasak/distributed-tracing-console-plugin:v0.4.3 || true
Untagged: quay.io/rh-ee-emurasak/distributed-tracing-console-plugin:v0.4.3
Deleted: 3ec61e4b6b61ebf99f78d1b6919d97a2cc8e19094c9806de362f34d3f87f1023
podman manifest create quay.io/rh-ee-emurasak/distributed-tracing-console-plugin:v0.4.3
6d2715a55adae66ba6ccc38a29ced0301ebb71c5d2fdef9fbea49f6f639ab5aa
podman build --platform=linux/arm64,linux/amd64 --manifest quay.io/rh-ee-emurasak/distributed-tracing-console-plugin:v0.4.3 -f Dockerfile.dev
[linux/amd64] [1/3] STEP 1/8: FROM registry.redhat.io/ubi9/nodejs-22:latest AS web-builder
[linux/amd64] [1/3] STEP 2/8: WORKDIR /opt/app-root
--> Using cache ee0873c779f9dc2cf40d8976949d244c692f337607954c0305de23374f5df9fe
--> ee0873c779f9
[linux/amd64] [1/3] STEP 3/8: USER 0
--> Using cache d12af7a24add7288a368f8b754bec277378d57de4936d85e6b7e1c238b5e8746
--> d12af7a24add
[linux/amd64] [1/3] STEP 4/8: ENV HUSKY=0
--> Using cache 428918fb2167a036aab0e55fa9583e1bbabfd218db990ab1f6581b762c19c045
--> 428918fb2167
[linux/amd64] [1/3] STEP 5/8: COPY web/package*.json web/
--> Using cache 80da4c92b5d5a76e6e227f81d6a0b86feed2b45b66050635a0a36c66ab5c3ee0
--> 80da4c92b5d5
[linux/amd64] [1/3] STEP 6/8: COPY Makefile Makefile
--> Using cache 41c3f4d1ae7d2168f617c6f41ff9ab21e89019f5b4cc82e9d6f837fe07ae25af
--> 41c3f4d1ae7d
[linux/amd64] [1/3] STEP 7/8: RUN --mount=type=cache,target=/opt/app-root/src/.npm COPY web/ web/
/bin/sh: line 1: COPY: command not found
[linux/arm64] [1/3] STEP 1/8: FROM registry.redhat.io/ubi9/nodejs-22:latest AS web-builder
Trying to pull registry.redhat.io/ubi9/nodejs-22:latest...
Getting image source signatures
Checking if image destination supports signatures
Copying blob sha256:8cc4364173e08b740ee39103f76581907e7a0eaa07260aeb6afbbebb8dde106e
Copying blob sha256:6c68ec2cb8914dd7cd64b186ef8674ae644c890fcae14edf9a3b33fde3a76cce
Copying blob sha256:98245caf86240da0764634e4873f8d78498df819a738bee6e752ffc1dc9be497
Copying config sha256:bceceabd26d12d7ba9de7f0aad51a65d5ae092bd1ae800eb7bad9330a6a05b8e
Writing manifest to image destination
Storing signatures
[linux/arm64] [1/3] STEP 2/8: WORKDIR /opt/app-root
--> Using cache 4a877a5ee24b97054fef45e1d90d7f1abbe9d1b5abab7bce73ce51b13c58c525
--> 4a877a5ee24b
[linux/arm64] [1/3] STEP 3/8: USER 0
--> Using cache ab1e774425350ab5c699ca7304913b98511440ae324cc53d8caaa0c028f11cc8
--> ab1e77442535
[linux/arm64] [1/3] STEP 4/8: ENV HUSKY=0
--> Using cache 159d00804dfad7eab6efa3ad8127664170b0b71bfa5d19464cc26ecdf010adc2
--> 159d00804dfa
[linux/arm64] [1/3] STEP 5/8: COPY web/package*.json web/
--> Using cache 7e7a090353c036721886914b4e5fa7069d9563c676701b100e8f415251e447df
--> 7e7a090353c0
[linux/arm64] [1/3] STEP 6/8: COPY Makefile Makefile
--> Using cache 07b74a1a994477e5f620d1bdc25adddc4b16d3bf40cbd4d299b49629d666f946
--> 07b74a1a9944
[linux/arm64] [1/3] STEP 7/8: RUN --mount=type=cache,target=/opt/app-root/src/.npm COPY web/ web/
/bin/sh: line 1: COPY: command not found
Error: 2 errors occurred:
	* [linux/amd64]: building at STEP "RUN --mount=type=cache,target=/opt/app-root/src/.npm COPY web/ web/": while running runtime: exit status 127
	* [linux/arm64]: building at STEP "RUN --mount=type=cache,target=/opt/app-root/src/.npm COPY web/ web/": while running runtime: exit status 127



make: *** [podman-cross-build] Error 127
WARNING: Attempt 2 failed for distributed-tracing-console-plugin @ release-coo-ocp-4.15 (exit code 2)
--- Attempt 3/3 ---
podman manifest rm quay.io/rh-ee-emurasak/distributed-tracing-console-plugin:v0.4.3 || true
Untagged: quay.io/rh-ee-emurasak/distributed-tracing-console-plugin:v0.4.3
Deleted: 6d2715a55adae66ba6ccc38a29ced0301ebb71c5d2fdef9fbea49f6f639ab5aa
podman manifest create quay.io/rh-ee-emurasak/distributed-tracing-console-plugin:v0.4.3
d2d35593addbabda7017011dbb0b4bae278828be19c5b4d79d506723806a7038
podman build --platform=linux/arm64,linux/amd64 --manifest quay.io/rh-ee-emurasak/distributed-tracing-console-plugin:v0.4.3 -f Dockerfile.dev
[linux/arm64] [1/3] STEP 1/8: FROM registry.redhat.io/ubi9/nodejs-22:latest AS web-builder
[linux/arm64] [1/3] STEP 2/8: WORKDIR /opt/app-root
--> Using cache 4a877a5ee24b97054fef45e1d90d7f1abbe9d1b5abab7bce73ce51b13c58c525
--> 4a877a5ee24b
[linux/arm64] [1/3] STEP 3/8: USER 0
--> Using cache ab1e774425350ab5c699ca7304913b98511440ae324cc53d8caaa0c028f11cc8
--> ab1e77442535
[linux/arm64] [1/3] STEP 4/8: ENV HUSKY=0
--> Using cache 159d00804dfad7eab6efa3ad8127664170b0b71bfa5d19464cc26ecdf010adc2
--> 159d00804dfa
[linux/arm64] [1/3] STEP 5/8: COPY web/package*.json web/
--> Using cache 7e7a090353c036721886914b4e5fa7069d9563c676701b100e8f415251e447df
--> 7e7a090353c0
[linux/arm64] [1/3] STEP 6/8: COPY Makefile Makefile
--> Using cache 07b74a1a994477e5f620d1bdc25adddc4b16d3bf40cbd4d299b49629d666f946
--> 07b74a1a9944
[linux/arm64] [1/3] STEP 7/8: RUN --mount=type=cache,target=/opt/app-root/src/.npm COPY web/ web/
/bin/sh: line 1: COPY: command not found
[linux/amd64] [1/3] STEP 1/8: FROM registry.redhat.io/ubi9/nodejs-22:latest AS web-builder
Trying to pull registry.redhat.io/ubi9/nodejs-22:latest...
Getting image source signatures
Checking if image destination supports signatures
Copying blob sha256:669ecfdf872e83fa8f88dbdbe9b75f628fb72b9210cbdcce7ea0f449a74cac9e
Copying blob sha256:9a785c83dc42af66688cf5d3dd8e0500ce65bad5a679b45744d62c2fffbb60d8
Copying blob sha256:1c3800ac7d8629ddf73a031732f867dbc0c46d5a7dd1f70c0656c2e6e351e3aa
Copying config sha256:7ff8c7d7ce9b0c742c2379ee8b8206279c959b199e0e12bd8d486ef717c6da23
Writing manifest to image destination
Storing signatures
[linux/amd64] [1/3] STEP 2/8: WORKDIR /opt/app-root
--> Using cache ee0873c779f9dc2cf40d8976949d244c692f337607954c0305de23374f5df9fe
--> ee0873c779f9
[linux/amd64] [1/3] STEP 3/8: USER 0
--> Using cache d12af7a24add7288a368f8b754bec277378d57de4936d85e6b7e1c238b5e8746
--> d12af7a24add
[linux/amd64] [1/3] STEP 4/8: ENV HUSKY=0
--> Using cache 428918fb2167a036aab0e55fa9583e1bbabfd218db990ab1f6581b762c19c045
--> 428918fb2167
[linux/amd64] [1/3] STEP 5/8: COPY web/package*.json web/
--> Using cache 80da4c92b5d5a76e6e227f81d6a0b86feed2b45b66050635a0a36c66ab5c3ee0
--> 80da4c92b5d5
[linux/amd64] [1/3] STEP 6/8: COPY Makefile Makefile
--> Using cache 41c3f4d1ae7d2168f617c6f41ff9ab21e89019f5b4cc82e9d6f837fe07ae25af
--> 41c3f4d1ae7d
[linux/amd64] [1/3] STEP 7/8: RUN --mount=type=cache,target=/opt/app-root/src/.npm COPY web/ web/
/bin/sh: line 1: COPY: command not found
Error: 2 errors occurred:
	* [linux/arm64]: building at STEP "RUN --mount=type=cache,target=/opt/app-root/src/.npm COPY web/ web/": while running runtime: exit status 127
	* [linux/amd64]: building at STEP "RUN --mount=type=cache,target=/opt/app-root/src/.npm COPY web/ web/": while running runtime: exit status 127



make: *** [podman-cross-build] Error 127
WARNING: Attempt 3 failed for distributed-tracing-console-plugin @ release-coo-ocp-4.15 (exit code 2)
WARNING: Build failed for distributed-tracing-console-plugin @ release-coo-ocp-4.15 after 3 attempts, continuing...
==========================================
Building logging-view-plugin @ release-coo-ocp-4.15 with VERSION=v6.1.6 ORG=rh-ee-emurasak
==========================================
Switched to branch 'release-coo-ocp-4.15'
Your branch is up to date with 'origin/release-coo-ocp-4.15'.
From https://github.com/openshift/logging-view-plugin
 * branch            release-coo-ocp-4.15 -> FETCH_HEAD
   9c2bb34..3b46bba  release-coo-ocp-4.15 -> origin/release-coo-ocp-4.15
Updating 9c2bb34..3b46bba
Fast-forward
 Makefile | 11 +++++++++++
 1 file changed, 11 insertions(+)
--- Attempt 1/3 ---
podman manifest rm quay.io/rh-ee-emurasak/logging-view-plugin:latest || true
Error: quay.io/rh-ee-emurasak/logging-view-plugin:latest: image not known
podman manifest create quay.io/rh-ee-emurasak/logging-view-plugin:latest
507164e9f012877cb880b224e11c8d1524b178aaabcf44ccc9a637e1cc47ae2a
podman build --platform=linux/arm64,linux/amd64 --manifest quay.io/rh-ee-emurasak/logging-view-plugin:latest -f Dockerfile.dev
[linux/amd64] [1/3] STEP 1/9: FROM registry.redhat.io/ubi9/nodejs-22:latest AS web-builder
[linux/amd64] [1/3] STEP 2/9: WORKDIR /opt/app-root
--> Using cache ee0873c779f9dc2cf40d8976949d244c692f337607954c0305de23374f5df9fe
--> ee0873c779f9
[linux/amd64] [1/3] STEP 3/9: USER 0
--> Using cache d12af7a24add7288a368f8b754bec277378d57de4936d85e6b7e1c238b5e8746
--> d12af7a24add
[linux/amd64] [1/3] STEP 4/9: ENV HUSKY=0
--> Using cache 428918fb2167a036aab0e55fa9583e1bbabfd218db990ab1f6581b762c19c045
--> 428918fb2167
[linux/amd64] [1/3] STEP 5/9: COPY web/package*.json web/
--> 83bedec0487d
[linux/amd64] [1/3] STEP 6/9: COPY Makefile Makefile
--> b90e24915a18
[linux/amd64] [1/3] STEP 7/9: RUN make install-frontend-ci-clean
cd web && npm ci --omit=optional --ignore-scripts

added 1523 packages, and audited 1524 packages in 44s

265 packages are looking for funding
  run `npm fund` for details

34 vulnerabilities (21 moderate, 12 high, 1 critical)

To address issues that do not require attention, run:
  npm audit fix

To address all issues (including breaking changes), run:
  npm audit fix --force

Run `npm audit` for details.
cd web && npm cache clean --force
npm warn using --force Recommended protections disabled.
--> 759e3b9c7c26
[linux/amd64] [1/3] STEP 8/9: COPY web/ web/
--> 4a8e17910e2e
[linux/amd64] [1/3] STEP 9/9: RUN make build-frontend
cd web && npm run build

> logging-view-plugin@6.1.0 build
> npm run clean && NODE_ENV=production npm run ts-node node_modules/.bin/webpack


> logging-view-plugin@6.1.0 clean
> rm -rf dist


> logging-view-plugin@6.1.0 ts-node
> ts-node -O '{"module":"commonjs"}' node_modules/.bin/webpack

assets by path *.js 4.83 MiB
  assets by chunk 2.69 MiB (id hint: vendors)
    assets by status 1.83 MiB [big]
      asset 9012-chunk-baaae8eb1415a60454d4.min.js 1.12 MiB [emitted] [immutable] [big] (id hint: vendors) 1 related asset
      asset 573-chunk-6751882185f4ace03f14.min.js 462 KiB [emitted] [immutable] [big] (id hint: vendors) 1 related asset
      asset 9123-chunk-7c59f766bf5aed38d7e4.min.js 266 KiB [emitted] [immutable] [big] (id hint: vendors) 1 related asset
    + 9 assets
  + 81 assets
asset locales/en/plugin__logging-view-plugin.json 10.4 KiB [emitted] [from: ../locales/en/plugin__logging-view-plugin.json] [copied]
asset plugin-manifest.json 1.92 KiB [emitted]
orphan modules 2.72 MiB [orphan] 1566 modules
runtime modules 37.2 KiB 14 modules
built modules 2.95 MiB (javascript) 1.72 KiB (consume-shared) 1.56 KiB (share-init) [built]
  modules by path ../node_modules/ 2.65 MiB 431 modules
  modules by path ./ 306 KiB 48 modules
  consume-shared-module modules 1.72 KiB
    modules by path consume shared module (default) @patternfly/react-core/dist/dynamic/ 1.23 KiB 30 modules
    modules by path consume shared module (default) @patternfly/react-icons/dist/dynamic/icons/ 294 bytes 7 modules
    + 5 modules
  provide-module modules 1.56 KiB
    modules by path provide shared module (default) @patternfly/react-core/dist/dynamic/ 1.23 KiB 30 modules
    modules by path provide shared module (default) @patternfly/react-icons/dist/dynamic/icons/ 294 bytes 7 modules
    provide shared module (default) @patternfly/react-table/dist/dynamic/components/...(truncated) 42 bytes [built] [code generated]
  container entry 42 bytes [built] [code generated]

WARNING in asset size limit: The following asset(s) exceed the recommended size limit (244 KiB).
This can impact web performance.
Assets: 
  9123-chunk-7c59f766bf5aed38d7e4.min.js (266 KiB)
  9012-chunk-baaae8eb1415a60454d4.min.js (1.12 MiB)
  573-chunk-6751882185f4ace03f14.min.js (462 KiB)

webpack 5.105.3 compiled with 1 warning in 51469 ms
--> dc01c5747149
[linux/amd64] [2/3] STEP 1/10: FROM brew.registry.redhat.io/rh-osbs/openshift-golang-builder:rhel_9_golang_1.24 AS go-builder
[linux/amd64] [2/3] STEP 2/10: WORKDIR /opt/app-root
--> Using cache 36b55a0c33e98d54baa5cff3502d7ac389137efdfda6dc50a4253d80b0fe4e19
--> 36b55a0c33e9
[linux/amd64] [2/3] STEP 3/10: COPY Makefile Makefile
--> 1e61b5ca89e8
[linux/amd64] [2/3] STEP 4/10: COPY go.mod go.mod
--> c850b3453009
[linux/amd64] [2/3] STEP 5/10: COPY go.sum go.sum
--> e92849c5fa43
[linux/amd64] [2/3] STEP 6/10: RUN make install-backend
go mod download
Go compliance shim [2] [rhel-9-golang-1.24][openshift-golang-builder]: assessment: CGO_ENABLED=1
Go compliance shim [2] [rhel-9-golang-1.24][openshift-golang-builder]: assessment: dynamic linking
Go compliance shim [2] [rhel-9-golang-1.24][openshift-golang-builder]: skipping forced compliance due to broad exemption
Go compliance shim [2] [rhel-9-golang-1.24][openshift-golang-builder]: EXEMPT: 1


Go compliance shim [2] [rhel-9-golang-1.24][openshift-golang-builder]: final command line arguments: "mod" "download" 

Go compliance shim [2] [rhel-9-golang-1.24][openshift-golang-builder]: invoking real go binary
Go compliance shim [2] [rhel-9-golang-1.24][openshift-golang-builder]: Exited with: 0
--> 7f15d7117e06
[linux/amd64] [2/3] STEP 7/10: COPY config/ config/
--> 247b0707c4c2
[linux/amd64] [2/3] STEP 8/10: COPY cmd/ cmd/
--> 8c94314b6890
[linux/amd64] [2/3] STEP 9/10: COPY pkg/ pkg/
--> d4c9679a6df0
[linux/amd64] [2/3] STEP 10/10: RUN make build-backend
go build  -mod=readonly -o plugin-backend cmd/plugin-backend.go
Go compliance shim [2] [rhel-9-golang-1.24][openshift-golang-builder]: assessment: CGO_ENABLED=1
Go compliance shim [2] [rhel-9-golang-1.24][openshift-golang-builder]: assessment: dynamic linking
Go compliance shim [2] [rhel-9-golang-1.24][openshift-golang-builder]: skipping forced compliance due to broad exemption
Go compliance shim [2] [rhel-9-golang-1.24][openshift-golang-builder]: EXEMPT: 1


Go compliance shim [2] [rhel-9-golang-1.24][openshift-golang-builder]: final command line arguments: "build" "-mod=readonly" "-o" "plugin-backend" "cmd/plugin-backend.go" 

Go compliance shim [2] [rhel-9-golang-1.24][openshift-golang-builder]: invoking real go binary
Go compliance shim [2] [rhel-9-golang-1.24][openshift-golang-builder]: Exited with: 0
--> 7153ac004eae
[linux/arm64] [1/3] STEP 1/9: FROM registry.redhat.io/ubi9/nodejs-22:latest AS web-builder
Trying to pull registry.redhat.io/ubi9/nodejs-22:latest...
Getting image source signatures
Checking if image destination supports signatures
Copying blob sha256:8cc4364173e08b740ee39103f76581907e7a0eaa07260aeb6afbbebb8dde106e
Copying blob sha256:6c68ec2cb8914dd7cd64b186ef8674ae644c890fcae14edf9a3b33fde3a76cce
Copying blob sha256:98245caf86240da0764634e4873f8d78498df819a738bee6e752ffc1dc9be497
Copying config sha256:bceceabd26d12d7ba9de7f0aad51a65d5ae092bd1ae800eb7bad9330a6a05b8e
Writing manifest to image destination
Storing signatures
[linux/arm64] [1/3] STEP 2/9: WORKDIR /opt/app-root
--> Using cache 4a877a5ee24b97054fef45e1d90d7f1abbe9d1b5abab7bce73ce51b13c58c525
--> 4a877a5ee24b
[linux/arm64] [1/3] STEP 3/9: USER 0
--> Using cache ab1e774425350ab5c699ca7304913b98511440ae324cc53d8caaa0c028f11cc8
--> ab1e77442535
[linux/arm64] [1/3] STEP 4/9: ENV HUSKY=0
--> Using cache 159d00804dfad7eab6efa3ad8127664170b0b71bfa5d19464cc26ecdf010adc2
--> 159d00804dfa
[linux/arm64] [1/3] STEP 5/9: COPY web/package*.json web/
--> fc2060b2a905
[linux/arm64] [1/3] STEP 6/9: COPY Makefile Makefile
--> 647e8b73ac72
[linux/arm64] [1/3] STEP 7/9: RUN make install-frontend-ci-clean
cd web && npm ci --omit=optional --ignore-scripts

added 1523 packages, and audited 1524 packages in 36s

265 packages are looking for funding
  run `npm fund` for details

34 vulnerabilities (21 moderate, 12 high, 1 critical)

To address issues that do not require attention, run:
  npm audit fix

To address all issues (including breaking changes), run:
  npm audit fix --force

Run `npm audit` for details.
cd web && npm cache clean --force
npm warn using --force Recommended protections disabled.
--> ce2dc8a3d84c
[linux/arm64] [1/3] STEP 8/9: COPY web/ web/
--> 5d8cf00a153e
[linux/arm64] [1/3] STEP 9/9: RUN make build-frontend
cd web && npm run build

> logging-view-plugin@6.1.0 build
> npm run clean && NODE_ENV=production npm run ts-node node_modules/.bin/webpack


> logging-view-plugin@6.1.0 clean
> rm -rf dist


> logging-view-plugin@6.1.0 ts-node
> ts-node -O '{"module":"commonjs"}' node_modules/.bin/webpack

assets by path *.js 4.83 MiB
  assets by chunk 2.69 MiB (id hint: vendors)
    assets by status 1.83 MiB [big]
      asset 9012-chunk-baaae8eb1415a60454d4.min.js 1.12 MiB [emitted] [immutable] [big] (id hint: vendors) 1 related asset
      asset 573-chunk-6751882185f4ace03f14.min.js 462 KiB [emitted] [immutable] [big] (id hint: vendors) 1 related asset
      asset 9123-chunk-7c59f766bf5aed38d7e4.min.js 266 KiB [emitted] [immutable] [big] (id hint: vendors) 1 related asset
    + 9 assets
  + 81 assets
asset locales/en/plugin__logging-view-plugin.json 10.4 KiB [emitted] [from: ../locales/en/plugin__logging-view-plugin.json] [copied]
asset plugin-manifest.json 1.92 KiB [emitted]
orphan modules 2.72 MiB [orphan] 1566 modules
runtime modules 37.2 KiB 14 modules
built modules 2.95 MiB (javascript) 1.72 KiB (consume-shared) 1.56 KiB (share-init) [built]
  modules by path ../node_modules/ 2.65 MiB 431 modules
  modules by path ./ 306 KiB 48 modules
  consume-shared-module modules 1.72 KiB
    modules by path consume shared module (default) @patternfly/react-core/dist/dynamic/ 1.23 KiB 30 modules
    modules by path consume shared module (default) @patternfly/react-icons/dist/dynamic/icons/ 294 bytes 7 modules
    + 5 modules
  provide-module modules 1.56 KiB
    modules by path provide shared module (default) @patternfly/react-core/dist/dynamic/ 1.23 KiB 30 modules
    modules by path provide shared module (default) @patternfly/react-icons/dist/dynamic/icons/ 294 bytes 7 modules
    provide shared module (default) @patternfly/react-table/dist/dynamic/components/...(truncated) 42 bytes [built] [code generated]
  container entry 42 bytes [built] [code generated]

WARNING in asset size limit: The following asset(s) exceed the recommended size limit (244 KiB).
This can impact web performance.
Assets: 
  9123-chunk-7c59f766bf5aed38d7e4.min.js (266 KiB)
  9012-chunk-baaae8eb1415a60454d4.min.js (1.12 MiB)
  573-chunk-6751882185f4ace03f14.min.js (462 KiB)

webpack 5.105.3 compiled with 1 warning in 33983 ms
--> a36f3fb0b19a
[linux/amd64] [3/3] STEP 1/5: FROM registry.access.redhat.com/ubi9/ubi-minimal
[linux/amd64] [3/3] STEP 2/5: COPY --from=web-builder /opt/app-root/web/dist /opt/app-root/web/dist
--> 08e8e2991e99
[linux/amd64] [3/3] STEP 3/5: COPY --from=go-builder /opt/app-root/plugin-backend /opt/app-root
--> 2989f196d617
[linux/amd64] [3/3] STEP 4/5: COPY --from=go-builder /opt/app-root/config /opt/app-root/config
--> cff7e6d92b43
[linux/amd64] [3/3] STEP 5/5: ENTRYPOINT ["/opt/app-root/plugin-backend", "-config-path", "/opt/app-root/config", "-static-path", "/opt/app-root/web/dist"]
[linux/amd64] [3/3] COMMIT
--> b3e452a55e97
[linux/arm64] [2/3] STEP 1/10: FROM brew.registry.redhat.io/rh-osbs/openshift-golang-builder:rhel_9_golang_1.24 AS go-builder
b3e452a55e9701b970f0f9403571b00b887527283526c355ccfe0980408e5286
Trying to pull brew.registry.redhat.io/rh-osbs/openshift-golang-builder:rhel_9_golang_1.24...
Getting image source signatures
Copying blob sha256:0b3425962862e4c28bb2a8c620101947643235ac8ec98ebf4dd6948f79db8178
Copying blob sha256:65442b90c1456946b65a513148c3e504c3e1ae3889d427d5b4526ba9cec3ea0e
Copying config sha256:6b75237990fc7d8f0d9c2ac0d8181360163689361a8fa8d7ae3709b82f0e5e4e
Writing manifest to image destination
[linux/arm64] [2/3] STEP 2/10: WORKDIR /opt/app-root
--> Using cache 29f153f844ea16cc922da5dddc6160351aa0dc5f437a8346b9ad04347b96ef22
--> 29f153f844ea
[linux/arm64] [2/3] STEP 3/10: COPY Makefile Makefile
--> b8227394553d
[linux/arm64] [2/3] STEP 4/10: COPY go.mod go.mod
--> c70dcf69b049
[linux/arm64] [2/3] STEP 5/10: COPY go.sum go.sum
--> 17e6b320bd18
[linux/arm64] [2/3] STEP 6/10: RUN make install-backend
go mod download
Go compliance shim [2] [rhel-9-golang-1.24][openshift-golang-builder]: assessment: CGO_ENABLED=1
Go compliance shim [2] [rhel-9-golang-1.24][openshift-golang-builder]: assessment: dynamic linking
Go compliance shim [2] [rhel-9-golang-1.24][openshift-golang-builder]: skipping forced compliance due to broad exemption
Go compliance shim [2] [rhel-9-golang-1.24][openshift-golang-builder]: EXEMPT: 1


Go compliance shim [2] [rhel-9-golang-1.24][openshift-golang-builder]: final command line arguments: "mod" "download" 

Go compliance shim [2] [rhel-9-golang-1.24][openshift-golang-builder]: invoking real go binary
Go compliance shim [2] [rhel-9-golang-1.24][openshift-golang-builder]: Exited with: 0
--> 1a90073e03fd
[linux/arm64] [2/3] STEP 7/10: COPY config/ config/
--> 6156281064d8
[linux/arm64] [2/3] STEP 8/10: COPY cmd/ cmd/
--> 58c2dd31b568
[linux/arm64] [2/3] STEP 9/10: COPY pkg/ pkg/
--> 54a8bbe117f8
[linux/arm64] [2/3] STEP 10/10: RUN make build-backend
go build  -mod=readonly -o plugin-backend cmd/plugin-backend.go
Go compliance shim [2] [rhel-9-golang-1.24][openshift-golang-builder]: assessment: CGO_ENABLED=1
Go compliance shim [2] [rhel-9-golang-1.24][openshift-golang-builder]: assessment: dynamic linking
Go compliance shim [2] [rhel-9-golang-1.24][openshift-golang-builder]: skipping forced compliance due to broad exemption
Go compliance shim [2] [rhel-9-golang-1.24][openshift-golang-builder]: EXEMPT: 1


Go compliance shim [2] [rhel-9-golang-1.24][openshift-golang-builder]: final command line arguments: "build" "-mod=readonly" "-o" "plugin-backend" "cmd/plugin-backend.go" 

Go compliance shim [2] [rhel-9-golang-1.24][openshift-golang-builder]: invoking real go binary
Go compliance shim [2] [rhel-9-golang-1.24][openshift-golang-builder]: Exited with: 0
--> ce2fb30811b3
[linux/arm64] [3/3] STEP 1/5: FROM registry.access.redhat.com/ubi9/ubi-minimal
Trying to pull registry.access.redhat.com/ubi9/ubi-minimal:latest...
Getting image source signatures
Checking if image destination supports signatures
Copying blob sha256:7db43598c7e47cf895f880f92e3cee9c07787091c97802ea3f2bea8fa4848040
Copying config sha256:64826a3b202499f826f4af0dc0afdbd7fd6681218074b7ea7ed3969c6e12009e
Writing manifest to image destination
Storing signatures
[linux/arm64] [3/3] STEP 2/5: COPY --from=web-builder /opt/app-root/web/dist /opt/app-root/web/dist
--> def0c09a3a2c
[linux/arm64] [3/3] STEP 3/5: COPY --from=go-builder /opt/app-root/plugin-backend /opt/app-root
--> 83ff6a827d72
[linux/arm64] [3/3] STEP 4/5: COPY --from=go-builder /opt/app-root/config /opt/app-root/config
--> 9279112bc65b
[linux/arm64] [3/3] STEP 5/5: ENTRYPOINT ["/opt/app-root/plugin-backend", "-config-path", "/opt/app-root/config", "-static-path", "/opt/app-root/web/dist"]
[linux/arm64] [3/3] COMMIT
--> e0889169c345
e0889169c345c20b49e9e1aae96adf10d54d796a07a50117c6f9585c84b5a4e4
podman manifest push quay.io/rh-ee-emurasak/logging-view-plugin:latest
Getting image list signatures
Copying 2 images generated from 2 images in list
Copying image sha256:01169b5944b5e92e726efc5208735085dfef37ed45f7836c1f3d7117046f8138 (1/2)
Getting image source signatures
Copying blob sha256:8a2c4ba6fff63c0d14a3f471c5951ce237f64446f1431b226c0dde54095fb240
Copying blob sha256:fc619adba729ec24fef75235acd9b59c5e52bdef3e16a3803a6e9e3022ba748b
Copying blob sha256:0702562f26a0b18eab1f161b3e7f10b426010a4e075e947c847795c8bcaa6a6d
Copying blob sha256:cfe5ad86216b644638ad0d2437487979c9033297c9a7992082f95af1308f1937
Copying config sha256:b3e452a55e9701b970f0f9403571b00b887527283526c355ccfe0980408e5286
Writing manifest to image destination
Copying image sha256:9cf33f8b7bf832b5cbcc3ba1c994787a0f98827adf6d0161b4a46c93554aa512 (2/2)
Getting image source signatures
Copying blob sha256:87e88e708041557165bbb352803b07eb32cf16f8232a495a69211b2bdea283b8
Copying blob sha256:87ffd1222d3aba6da5d67bbd7ef9cecba3a3830806163e678ae01cc57cd03d5e
Copying blob sha256:8006c5b0c9ebe7e001c797cfc9dda3a3476175ea790f1043dbda3b89a12e7d37
Copying blob sha256:72d2a1da7ca6a3a56e98d2e68879f498a5f11d55715b496d79ad5af52c949f83
Copying config sha256:e0889169c345c20b49e9e1aae96adf10d54d796a07a50117c6f9585c84b5a4e4
Writing manifest to image destination
Writing manifest list to image destination
Storing list signatures
==========================================
Building monitoring-plugin @ release-coo-ocp-4.15 with VERSION=v0.4.5 ORG=rh-ee-emurasak
==========================================
Switched to branch 'release-coo-ocp-4.15'
Your branch is up to date with 'origin/release-coo-ocp-4.15'.
From https://github.com/openshift/monitoring-plugin
 * branch            release-coo-ocp-4.15 -> FETCH_HEAD
Already up to date.
--- Attempt 1/3 ---
podman manifest rm quay.io/rh-ee-emurasak/monitoring-console-plugin:v0.4.5 || true
Error: quay.io/rh-ee-emurasak/monitoring-console-plugin:v0.4.5: image not known
podman manifest create quay.io/rh-ee-emurasak/monitoring-console-plugin:v0.4.5
71bd1290678babea69e30cba8a4ecbe3c1789daab8b1c7bb4e299095f7f85e16
podman build --platform linux/arm64,linux/amd64 --manifest quay.io/rh-ee-emurasak/monitoring-console-plugin:v0.4.5 -f Dockerfile.mcp
[linux/arm64] [1/3] STEP 1/11: FROM registry.redhat.io/ubi9/nodejs-20:1-59 AS web-builder
Trying to pull registry.redhat.io/ubi9/nodejs-20:1-59...
Getting image source signatures
Checking if image destination supports signatures
Copying blob sha256:d4500cc116c35b566fa0da2cbf5b660ba4a46baf1e10af00895c93ff462305ac
Copying blob sha256:5fa3c2b243a50b3675f35932b5f4935ef65e57cddc5d4cc7ba71679269790399
Copying blob sha256:64e1bf5bb696db82701f92056c4296537d0cad1564e1e6b21d12ef94672e2151
Copying config sha256:ef61de170c3517e89e80b8172fe30f7250c126c0ca6111ac7e1ef476d74208f7
Writing manifest to image destination
Storing signatures
[linux/arm64] [1/3] STEP 2/11: USER 0
--> 51a2d1cdd3f4
[linux/arm64] [1/3] STEP 3/11: WORKDIR /opt/app-root
--> f3e0803e3f38
[linux/arm64] [1/3] STEP 4/11: ENV HUSKY=0
--> bebcd61ae3dc
[linux/arm64] [1/3] STEP 5/11: COPY Makefile Makefile
--> 7bf60cd5634d
[linux/arm64] [1/3] STEP 6/11: COPY scripts/update-plugin-name.sh scripts/update-plugin-name.sh
--> 910dbb0a6ac7
[linux/arm64] [1/3] STEP 7/11: COPY web/ web/
--> daad4c80064d
[linux/arm64] [1/3] STEP 8/11: RUN make update-plugin-name
./scripts/update-plugin-name.sh
--> da71bb0304d4
[linux/arm64] [1/3] STEP 9/11: ENV I18N_NAMESPACE="plugin__monitoring-console-plugin"
--> b4c7667dc4dd
[linux/arm64] [1/3] STEP 10/11: RUN make install-frontend
cd web && npm install
npm warn EBADENGINE Unsupported engine {
npm warn EBADENGINE   package: 'undici@7.24.7',
npm warn EBADENGINE   required: { node: '>=20.18.1' },
npm warn EBADENGINE   current: { node: 'v20.16.0', npm: '10.8.1' }
npm warn EBADENGINE }
npm warn EBADENGINE Unsupported engine {
npm warn EBADENGINE   package: 'cheerio@1.1.2',
npm warn EBADENGINE   required: { node: '>=20.18.1' },
npm warn EBADENGINE   current: { node: 'v20.16.0', npm: '10.8.1' }
npm warn EBADENGINE }
npm warn EBADENGINE Unsupported engine {
npm warn EBADENGINE   package: 'undici@7.25.0',
npm warn EBADENGINE   required: { node: '>=20.18.1' },
npm warn EBADENGINE   current: { node: 'v20.16.0', npm: '10.8.1' }
npm warn EBADENGINE }
npm warn deprecated rimraf@3.0.2: Rimraf versions prior to v4 are no longer supported
npm warn deprecated inflight@1.0.6: This module is not supported, and leaks memory. Do not use it. Check out lru-cache if you want a good and tested way to coalesce async requests by a key value, which is much more comprehensive and powerful.
npm warn deprecated i18next-parser@9.4.0: Project is deprecated, use i18next-cli instead
npm warn deprecated glob@7.2.3: Glob versions prior to v9 are no longer supported
npm warn deprecated eslint@8.44.0: This version is no longer supported. Please see https://eslint.org/version-support for other options.
npm warn deprecated @types/webpack-dev-server@4.7.2: This is a stub types definition. webpack-dev-server provides its own type definitions, so you do not need this installed.
npm warn deprecated @humanwhocodes/object-schema@2.0.3: Use @eslint/object-schema instead
npm warn deprecated @humanwhocodes/config-array@0.11.14: Use @eslint/config-array instead
npm warn deprecated glob@10.5.0: Old versions of glob are not supported, and contain widely publicized security vulnerabilities, which have been fixed in the current version. Please update. Support for old versions may be purchased (at exorbitant rates) by contacting i@izs.me

> monitoring-console-plugin@0.4.0 prepare
> cd .. && husky install web/.husky

husky - HUSKY env variable is set to 0, skipping install

added 1395 packages, and audited 1396 packages in 2m

285 packages are looking for funding
  run `npm fund` for details

26 vulnerabilities (1 low, 23 moderate, 2 high)

To address issues that do not require attention, run:
  npm audit fix

To address all issues (including breaking changes), run:
  npm audit fix --force

Run `npm audit` for details.
npm notice
npm notice New major version of npm available! 10.8.1 -> 11.16.0
npm notice Changelog: https://github.com/npm/cli/releases/tag/v11.16.0
npm notice To update run: npm install -g npm@11.16.0
npm notice
--> 7bb3c6bafac6
[linux/arm64] [1/3] STEP 11/11: RUN make build-frontend
cd web && npm run build

> monitoring-console-plugin@0.4.0 build
> npm run clean && NODE_ENV=production npm run ts-node node_modules/.bin/webpack


> monitoring-console-plugin@0.4.0 clean
> rm -rf dist


> monitoring-console-plugin@0.4.0 ts-node
> ts-node -O '{"module":"commonjs"}' node_modules/.bin/webpack

DEPRECATION WARNING [legacy-js-api]: The legacy JS API is deprecated and will be removed in Dart Sass 2.0.0.

More info: https://sass-lang.com/d/legacy-js-api

DEPRECATION WARNING [legacy-js-api]: The legacy JS API is deprecated and will be removed in Dart Sass 2.0.0.

More info: https://sass-lang.com/d/legacy-js-api

DEPRECATION WARNING [legacy-js-api]: The legacy JS API is deprecated and will be removed in Dart Sass 2.0.0.

More info: https://sass-lang.com/d/legacy-js-api

DEPRECATION WARNING [legacy-js-api]: The legacy JS API is deprecated and will be removed in Dart Sass 2.0.0.

More info: https://sass-lang.com/d/legacy-js-api

DEPRECATION WARNING [legacy-js-api]: The legacy JS API is deprecated and will be removed in Dart Sass 2.0.0.

More info: https://sass-lang.com/d/legacy-js-api

assets by path *.js 9.07 MiB
  assets by chunk 8.32 MiB (id hint: vendors)
    assets by status 7.29 MiB [big] 3 assets
    + 36 assets
  + 97 assets
assets by path assets/ 1.33 MiB
  assets by chunk 1.27 MiB (auxiliary id hint: vendors) 84 assets
  asset assets/codicon..ttf 55.2 KiB [emitted] [from: components/metrics/codicon.ttf]
  asset assets/restricted-sign..svg 2.38 KiB [emitted] [from: components/console/imgs/restricted-sign.svg] (auxiliary name: exposed-MonitoringRouter)
assets by path locales/ 59.3 KiB
  asset locales/en/plugin__monitoring-console-plugin.json 18.8 KiB [emitted] [from: ../locales/en/plugin__monitoring-console-plugin.json] [copied]
  asset locales/ja/plugin__monitoring-console-plugin.json 14.9 KiB [emitted] [from: ../locales/ja/plugin__monitoring-console-plugin.json] [copied]
  asset locales/ko/plugin__monitoring-console-plugin.json 13.6 KiB [emitted] [from: ../locales/ko/plugin__monitoring-console-plugin.json] [copied]
  asset locales/zh/plugin__monitoring-console-plugin.json 11.9 KiB [emitted] [from: ../locales/zh/plugin__monitoring-console-plugin.json] [copied]
asset plugin-manifest.json 5.41 KiB [emitted]
orphan modules 20.4 MiB [orphan] 20670 modules
runtime modules 53 KiB 15 modules
built modules 17.9 MiB (javascript) 1.33 MiB (asset) 3.04 KiB (consume-shared) 2.75 KiB (share-init) [built]
  javascript modules 17.9 MiB 1641 modules
  asset modules 1.33 MiB (asset) 3.53 KiB (javascript)
    modules by path ../node_modules/ 1.27 MiB (asset) 3.45 KiB (javascript) 84 modules
    modules by path ./components/ 57.5 KiB (asset) 84 bytes (javascript) 2 modules
  consume-shared-module modules 3.04 KiB 74 modules
  provide-module modules 2.75 KiB
    modules by path provide shared module (default) @patternfly/react-core/dist/dynamic/ 1.93 KiB 47 modules
    modules by path provide shared module (default) @patternfly/react-icons/dist/dynamic/icons/ 756 bytes 18 modules
    modules by path provide shared module (default) @patternfly/react-table/dist/dynamic/components/ 84 bytes 2 modules
  ../node_modules/tlds/index.json 10.9 KiB [built] [code generated]

WARNING in asset size limit: The following asset(s) exceed the recommended size limit (244 KiB).
This can impact web performance.
Assets: 
  6966-chunk-a961092f8109ff7abdf0.min.js (2.41 MiB)
  2608-chunk-7876e82306734b18a308.min.js (4.55 MiB)
  6898-chunk-7f02beb01f61a974566c.min.js (342 KiB)

webpack 5.105.2 compiled with 1 warning in 159037 ms
--> f2341c7f4243
[linux/arm64] [2/3] STEP 1/9: FROM brew.registry.redhat.io/rh-osbs/openshift-golang-builder:rhel_9_golang_1.23 AS go-builder
Trying to pull brew.registry.redhat.io/rh-osbs/openshift-golang-builder:rhel_9_golang_1.23...
Getting image source signatures
Copying blob sha256:10a820fbfa9bf553704fdab350d6257933786b946cde63407232f218a87208d0
Copying blob sha256:65442b90c1456946b65a513148c3e504c3e1ae3889d427d5b4526ba9cec3ea0e
Copying config sha256:7f90d348835f7e737efffd52afa9785160436c02c7ea5a8cf804f305ddf0c38b
Writing manifest to image destination
[linux/arm64] [2/3] STEP 2/9: WORKDIR /opt/app-root
--> 21e25e0e8b01
[linux/arm64] [2/3] STEP 3/9: COPY Makefile Makefile
--> a181a8bb1a7b
[linux/arm64] [2/3] STEP 4/9: COPY go.mod go.mod
--> 6bd431a148b3
[linux/arm64] [2/3] STEP 5/9: COPY go.sum go.sum
--> af228abacc19
[linux/arm64] [2/3] STEP 6/9: RUN go mod download
Go compliance shim [1] [rhel-9-golang-1.23][openshift-golang-builder]: assessment: CGO_ENABLED=1
Go compliance shim [1] [rhel-9-golang-1.23][openshift-golang-builder]: assessment: dynamic linking
Go compliance shim [1] [rhel-9-golang-1.23][openshift-golang-builder]: skipping forced compliance due to broad exemption
Go compliance shim [1] [rhel-9-golang-1.23][openshift-golang-builder]: EXEMPT: 1


Go compliance shim [1] [rhel-9-golang-1.23][openshift-golang-builder]: final command line arguments: "mod" "download" 

Go compliance shim [1] [rhel-9-golang-1.23][openshift-golang-builder]: invoking real go binary
Go compliance shim [1] [rhel-9-golang-1.23][openshift-golang-builder]: Exited with: 0
--> f4ac78aa15b4
[linux/arm64] [2/3] STEP 7/9: COPY cmd/ cmd/
--> 5878e2e88e2e
[linux/arm64] [2/3] STEP 8/9: COPY pkg/ pkg/
--> d2b8770b0614
[linux/arm64] [2/3] STEP 9/9: RUN go build -mod=mod -o plugin-backend cmd/plugin-backend.go
Go compliance shim [1] [rhel-9-golang-1.23][openshift-golang-builder]: assessment: CGO_ENABLED=1
Go compliance shim [1] [rhel-9-golang-1.23][openshift-golang-builder]: assessment: dynamic linking
Go compliance shim [1] [rhel-9-golang-1.23][openshift-golang-builder]: skipping forced compliance due to broad exemption
Go compliance shim [1] [rhel-9-golang-1.23][openshift-golang-builder]: EXEMPT: 1


Go compliance shim [1] [rhel-9-golang-1.23][openshift-golang-builder]: final command line arguments: "build" "-mod=mod" "-o" "plugin-backend" "cmd/plugin-backend.go" 

Go compliance shim [1] [rhel-9-golang-1.23][openshift-golang-builder]: invoking real go binary
Go compliance shim [1] [rhel-9-golang-1.23][openshift-golang-builder]: Exited with: 0
--> 91803fe8171f
[linux/amd64] [1/3] STEP 1/11: FROM registry.redhat.io/ubi9/nodejs-20:1-59 AS web-builder
Trying to pull registry.redhat.io/ubi9/nodejs-20:1-59...
Getting image source signatures
Checking if image destination supports signatures
Copying blob sha256:94cdc3e7c5bff42dbb2c7ea912676b1b9baaa677b8c1b514f4b7a7f719d59c6a
Copying blob sha256:f5e6502d2728ac70bea5ebf27077abc1ccfcc4b6601b93055132a1559bac5151
Copying blob sha256:617256ad76f67c02baf41a3596507347f65a9c7566960e649da610cae4da591e
Copying config sha256:7697932fa5075c88fab12d0ca95acb35c325597a68f18a7cfd25d5b158f58cea
Writing manifest to image destination
Storing signatures
[linux/amd64] [1/3] STEP 2/11: USER 0
--> 48cf484a0d99
[linux/amd64] [1/3] STEP 3/11: WORKDIR /opt/app-root
--> 36e717e2cea7
[linux/amd64] [1/3] STEP 4/11: ENV HUSKY=0
--> 77a1d7d89e1b
[linux/amd64] [1/3] STEP 5/11: COPY Makefile Makefile
--> ca88b4a11b0d
[linux/amd64] [1/3] STEP 6/11: COPY scripts/update-plugin-name.sh scripts/update-plugin-name.sh
--> 03496e8cdff8
[linux/amd64] [1/3] STEP 7/11: COPY web/ web/
--> 0d7ee3687b4c
[linux/amd64] [1/3] STEP 8/11: RUN make update-plugin-name
./scripts/update-plugin-name.sh
--> ce4c72bdb591
[linux/amd64] [1/3] STEP 9/11: ENV I18N_NAMESPACE="plugin__monitoring-console-plugin"
--> 1f33f26eb023
[linux/amd64] [1/3] STEP 10/11: RUN make install-frontend
cd web && npm install
npm warn EBADENGINE Unsupported engine {
npm warn EBADENGINE   package: 'undici@7.24.7',
npm warn EBADENGINE   required: { node: '>=20.18.1' },
npm warn EBADENGINE   current: { node: 'v20.16.0', npm: '10.8.1' }
npm warn EBADENGINE }
npm warn EBADENGINE Unsupported engine {
npm warn EBADENGINE   package: 'cheerio@1.1.2',
npm warn EBADENGINE   required: { node: '>=20.18.1' },
npm warn EBADENGINE   current: { node: 'v20.16.0', npm: '10.8.1' }
npm warn EBADENGINE }
npm warn EBADENGINE Unsupported engine {
npm warn EBADENGINE   package: 'undici@7.25.0',
npm warn EBADENGINE   required: { node: '>=20.18.1' },
npm warn EBADENGINE   current: { node: 'v20.16.0', npm: '10.8.1' }
npm warn EBADENGINE }
npm warn deprecated rimraf@3.0.2: Rimraf versions prior to v4 are no longer supported
npm warn deprecated inflight@1.0.6: This module is not supported, and leaks memory. Do not use it. Check out lru-cache if you want a good and tested way to coalesce async requests by a key value, which is much more comprehensive and powerful.
npm warn deprecated glob@7.2.3: Glob versions prior to v9 are no longer supported
npm warn deprecated i18next-parser@9.4.0: Project is deprecated, use i18next-cli instead
npm warn deprecated @types/webpack-dev-server@4.7.2: This is a stub types definition. webpack-dev-server provides its own type definitions, so you do not need this installed.
npm warn deprecated @humanwhocodes/config-array@0.11.14: Use @eslint/config-array instead
npm warn deprecated @humanwhocodes/object-schema@2.0.3: Use @eslint/object-schema instead
npm warn deprecated eslint@8.44.0: This version is no longer supported. Please see https://eslint.org/version-support for other options.
npm warn deprecated glob@10.5.0: Old versions of glob are not supported, and contain widely publicized security vulnerabilities, which have been fixed in the current version. Please update. Support for old versions may be purchased (at exorbitant rates) by contacting i@izs.me

> monitoring-console-plugin@0.4.0 prepare
> cd .. && husky install web/.husky

husky - HUSKY env variable is set to 0, skipping install

added 1395 packages, and audited 1396 packages in 3m

285 packages are looking for funding
  run `npm fund` for details

26 vulnerabilities (1 low, 23 moderate, 2 high)

To address issues that do not require attention, run:
  npm audit fix

To address all issues (including breaking changes), run:
  npm audit fix --force

Run `npm audit` for details.
npm notice
npm notice New major version of npm available! 10.8.1 -> 11.16.0
npm notice Changelog: https://github.com/npm/cli/releases/tag/v11.16.0
npm notice To update run: npm install -g npm@11.16.0
npm notice
--> 907b8ee94396
[linux/amd64] [1/3] STEP 11/11: RUN make build-frontend
cd web && npm run build

> monitoring-console-plugin@0.4.0 build
> npm run clean && NODE_ENV=production npm run ts-node node_modules/.bin/webpack


> monitoring-console-plugin@0.4.0 clean
> rm -rf dist


> monitoring-console-plugin@0.4.0 ts-node
> ts-node -O '{"module":"commonjs"}' node_modules/.bin/webpack

DEPRECATION WARNING [legacy-js-api]: The legacy JS API is deprecated and will be removed in Dart Sass 2.0.0.

More info: https://sass-lang.com/d/legacy-js-api

DEPRECATION WARNING [legacy-js-api]: The legacy JS API is deprecated and will be removed in Dart Sass 2.0.0.

More info: https://sass-lang.com/d/legacy-js-api

DEPRECATION WARNING [legacy-js-api]: The legacy JS API is deprecated and will be removed in Dart Sass 2.0.0.

More info: https://sass-lang.com/d/legacy-js-api

DEPRECATION WARNING [legacy-js-api]: The legacy JS API is deprecated and will be removed in Dart Sass 2.0.0.

More info: https://sass-lang.com/d/legacy-js-api

DEPRECATION WARNING [legacy-js-api]: The legacy JS API is deprecated and will be removed in Dart Sass 2.0.0.

More info: https://sass-lang.com/d/legacy-js-api

assets by path *.js 9.07 MiB
  assets by chunk 8.32 MiB (id hint: vendors)
    assets by status 7.29 MiB [big] 3 assets
    + 36 assets
  + 97 assets
assets by path assets/ 1.33 MiB
  assets by chunk 1.27 MiB (auxiliary id hint: vendors) 84 assets
  asset assets/codicon..ttf 55.2 KiB [emitted] [from: components/metrics/codicon.ttf]
  asset assets/restricted-sign..svg 2.38 KiB [emitted] [from: components/console/imgs/restricted-sign.svg] (auxiliary name: exposed-MonitoringRouter)
assets by path locales/ 59.3 KiB
  asset locales/en/plugin__monitoring-console-plugin.json 18.8 KiB [emitted] [from: ../locales/en/plugin__monitoring-console-plugin.json] [copied]
  asset locales/ja/plugin__monitoring-console-plugin.json 14.9 KiB [emitted] [from: ../locales/ja/plugin__monitoring-console-plugin.json] [copied]
  asset locales/ko/plugin__monitoring-console-plugin.json 13.6 KiB [emitted] [from: ../locales/ko/plugin__monitoring-console-plugin.json] [copied]
  asset locales/zh/plugin__monitoring-console-plugin.json 11.9 KiB [emitted] [from: ../locales/zh/plugin__monitoring-console-plugin.json] [copied]
asset plugin-manifest.json 5.41 KiB [emitted]
orphan modules 20.4 MiB [orphan] 20670 modules
runtime modules 53 KiB 15 modules
built modules 17.9 MiB (javascript) 1.33 MiB (asset) 3.04 KiB (consume-shared) 2.75 KiB (share-init) [built]
  javascript modules 17.9 MiB 1641 modules
  asset modules 1.33 MiB (asset) 3.53 KiB (javascript)
    modules by path ../node_modules/ 1.27 MiB (asset) 3.45 KiB (javascript) 84 modules
    modules by path ./components/ 57.5 KiB (asset) 84 bytes (javascript) 2 modules
  consume-shared-module modules 3.04 KiB 74 modules
  provide-module modules 2.75 KiB
    modules by path provide shared module (default) @patternfly/react-core/dist/dynamic/ 1.93 KiB 47 modules
    modules by path provide shared module (default) @patternfly/react-icons/dist/dynamic/icons/ 756 bytes 18 modules
    modules by path provide shared module (default) @patternfly/react-table/dist/dynamic/components/ 84 bytes 2 modules
  ../node_modules/tlds/index.json 10.9 KiB [built] [code generated]

WARNING in asset size limit: The following asset(s) exceed the recommended size limit (244 KiB).
This can impact web performance.
Assets: 
  6966-chunk-a961092f8109ff7abdf0.min.js (2.41 MiB)
  2608-chunk-7876e82306734b18a308.min.js (4.55 MiB)
  6898-chunk-7f02beb01f61a974566c.min.js (342 KiB)

webpack 5.105.2 compiled with 1 warning in 202090 ms
--> a9855380bd51
[linux/arm64] [3/3] STEP 1/7: FROM registry.access.redhat.com/ubi9/ubi-minimal
[linux/arm64] [3/3] STEP 2/7: USER 1001
--> fc9b42e63575
[linux/arm64] [3/3] STEP 3/7: COPY --from=web-builder /opt/app-root/web/dist /opt/app-root/web/dist
--> 4165705e6868
[linux/arm64] [3/3] STEP 4/7: COPY --from=web-builder /opt/app-root/web/package.json /opt/app-root/web/package.json
--> cf766786f4c6
[linux/arm64] [3/3] STEP 5/7: COPY --from=go-builder /opt/app-root/plugin-backend /opt/app-root
--> c4f18b9f484e
[linux/arm64] [3/3] STEP 6/7: COPY config/ /opt/app-root/config
--> 1145c3837a9a
[linux/arm64] [3/3] STEP 7/7: ENTRYPOINT ["/opt/app-root/plugin-backend", "-static-path", "/opt/app-root/web/dist", "-config-path", "/opt/app-root/config"]
[linux/arm64] [3/3] COMMIT
--> 2a7277a8e6f0
[linux/amd64] [2/3] STEP 1/9: FROM brew.registry.redhat.io/rh-osbs/openshift-golang-builder:rhel_9_golang_1.23 AS go-builder
2a7277a8e6f016a93a8666f6445c96b2876dd0a306d020c2935c6746bf4b32d7
Trying to pull brew.registry.redhat.io/rh-osbs/openshift-golang-builder:rhel_9_golang_1.23...
Getting image source signatures
Copying blob sha256:41e2642345fb0cc51dd8e4e60037216de84dce6e2f39b0d82165821221e8de3b
Copying blob sha256:5e09f8650bc245176f116be7bf617e9ebbda9f1690adc8f25ef8cc558cd62fbf
Copying config sha256:f3dea12931ce061bd2c181dcd80faa7303ae748e7e7e098d3a70a0d0f58161d6
Writing manifest to image destination
[linux/amd64] [2/3] STEP 2/9: WORKDIR /opt/app-root
--> c9486a0a201c
[linux/amd64] [2/3] STEP 3/9: COPY Makefile Makefile
--> be4278ca7f64
[linux/amd64] [2/3] STEP 4/9: COPY go.mod go.mod
--> cf3ec9cc85aa
[linux/amd64] [2/3] STEP 5/9: COPY go.sum go.sum
--> 4761ea1c5da2
[linux/amd64] [2/3] STEP 6/9: RUN go mod download
Go compliance shim [1] [rhel-9-golang-1.23][openshift-golang-builder]: assessment: CGO_ENABLED=1
Go compliance shim [1] [rhel-9-golang-1.23][openshift-golang-builder]: assessment: dynamic linking
Go compliance shim [1] [rhel-9-golang-1.23][openshift-golang-builder]: skipping forced compliance due to broad exemption
Go compliance shim [1] [rhel-9-golang-1.23][openshift-golang-builder]: EXEMPT: 1


Go compliance shim [1] [rhel-9-golang-1.23][openshift-golang-builder]: final command line arguments: "mod" "download" 

Go compliance shim [1] [rhel-9-golang-1.23][openshift-golang-builder]: invoking real go binary
Go compliance shim [1] [rhel-9-golang-1.23][openshift-golang-builder]: Exited with: 0
--> d74b098e0c62
[linux/amd64] [2/3] STEP 7/9: COPY cmd/ cmd/
--> 255fdd889da0
[linux/amd64] [2/3] STEP 8/9: COPY pkg/ pkg/
--> 34420af25477
[linux/amd64] [2/3] STEP 9/9: RUN go build -mod=mod -o plugin-backend cmd/plugin-backend.go
Go compliance shim [1] [rhel-9-golang-1.23][openshift-golang-builder]: assessment: CGO_ENABLED=1
Go compliance shim [1] [rhel-9-golang-1.23][openshift-golang-builder]: assessment: dynamic linking
Go compliance shim [1] [rhel-9-golang-1.23][openshift-golang-builder]: skipping forced compliance due to broad exemption
Go compliance shim [1] [rhel-9-golang-1.23][openshift-golang-builder]: EXEMPT: 1


Go compliance shim [1] [rhel-9-golang-1.23][openshift-golang-builder]: final command line arguments: "build" "-mod=mod" "-o" "plugin-backend" "cmd/plugin-backend.go" 

Go compliance shim [1] [rhel-9-golang-1.23][openshift-golang-builder]: invoking real go binary
Go compliance shim [1] [rhel-9-golang-1.23][openshift-golang-builder]: Exited with: 0
--> ca65705e92fa
[linux/amd64] [3/3] STEP 1/7: FROM registry.access.redhat.com/ubi9/ubi-minimal
Trying to pull registry.access.redhat.com/ubi9/ubi-minimal:latest...
Getting image source signatures
Checking if image destination supports signatures
Copying blob sha256:dd148063a98f38d63a03cea2357d237d418889b91f204f507c033c944e443f45
Copying config sha256:6efa28c44703806c7c6ccb45ef6f4edc45ae794e0c0b28a1902cc64fece71ffc
Writing manifest to image destination
Storing signatures
[linux/amd64] [3/3] STEP 2/7: USER 1001
--> f75eb08ddaa6
[linux/amd64] [3/3] STEP 3/7: COPY --from=web-builder /opt/app-root/web/dist /opt/app-root/web/dist
--> 73c74b4e8209
[linux/amd64] [3/3] STEP 4/7: COPY --from=web-builder /opt/app-root/web/package.json /opt/app-root/web/package.json
--> 73fae69d1044
[linux/amd64] [3/3] STEP 5/7: COPY --from=go-builder /opt/app-root/plugin-backend /opt/app-root
--> 7c62c5e16e42
[linux/amd64] [3/3] STEP 6/7: COPY config/ /opt/app-root/config
--> 52db408e13ab
[linux/amd64] [3/3] STEP 7/7: ENTRYPOINT ["/opt/app-root/plugin-backend", "-static-path", "/opt/app-root/web/dist", "-config-path", "/opt/app-root/config"]
[linux/amd64] [3/3] COMMIT
--> e3911e5676dc
e3911e5676dc7f6699a793f717aaedc59075f886841a55deb0e9eef9e7f72004
podman manifest push quay.io/rh-ee-emurasak/monitoring-console-plugin:v0.4.5
Getting image list signatures
Copying 2 images generated from 2 images in list
Copying image sha256:746e4e4e5954ac0fb505f75b15b409949262c0a7c34df134baca7084254cc7a1 (1/2)
Getting image source signatures
Copying blob sha256:87ffd1222d3aba6da5d67bbd7ef9cecba3a3830806163e678ae01cc57cd03d5e
Copying blob sha256:8b9457e2099c84ff19f70d10c94e47cf0c57a6682b41b214a4d4ee48e75926e6
Copying blob sha256:6e36b98fb2d2ecab45092cf99d4140b3ff4316e82fe52bd214a79e165dcaa465
Copying blob sha256:e83784ddfd8d4aadc169648a9216091cf2e40740e89ac31db1e4856f3f5996cd
Copying blob sha256:0ccaeff37eb8b5e23f87dbb36a54f42b76188d7cd0a0384bf37577eefb9dc75b
Copying config sha256:2a7277a8e6f016a93a8666f6445c96b2876dd0a306d020c2935c6746bf4b32d7
Writing manifest to image destination
Copying image sha256:8784fea3ba32eb2c9e6b2c93fe87e715a07e079fe49a208c4b4298d087e45725 (2/2)
Getting image source signatures
Copying blob sha256:f2573c1497ea6bed8c06fe9f0d91eba0fbb533d80d502f21c349e00ca1d0c37c
Copying blob sha256:fc619adba729ec24fef75235acd9b59c5e52bdef3e16a3803a6e9e3022ba748b
Copying blob sha256:41e8a8c9d0372080fbb38fe7a82401224b38fb258114e68a39561008694bad77
Copying blob sha256:3b8ad26f645d4f2a375ed42734c3fbecda456874014e5485a54447c0967a7ee5
Copying blob sha256:520e17ca271dbc47d9ab8060a7569978517547dbbcf2a847c1f3585193703c7f
Copying config sha256:e3911e5676dc7f6699a793f717aaedc59075f886841a55deb0e9eef9e7f72004
Writing manifest to image destination
Writing manifest list to image destination
Storing list signatures
==========================================
Building distributed-tracing-console-plugin @ release-coo-ocp-4.19 with VERSION=v1.0.3 ORG=rh-ee-emurasak
==========================================
Switched to branch 'release-coo-ocp-4.19'
Your branch is up to date with 'origin/release-coo-ocp-4.19'.
From https://github.com/openshift/distributed-tracing-console-plugin
 * branch            release-coo-ocp-4.19 -> FETCH_HEAD
Already up to date.
--- Attempt 1/3 ---
podman manifest rm quay.io/rh-ee-emurasak/distributed-tracing-console-plugin:v1.0.3 || true
Error: quay.io/rh-ee-emurasak/distributed-tracing-console-plugin:v1.0.3: image not known
podman manifest create quay.io/rh-ee-emurasak/distributed-tracing-console-plugin:v1.0.3
a8b68e10f37e56e35053870ec6450611be257ca6c6bc9146a0d252f981973765
podman build --platform=linux/arm64,linux/amd64 --manifest quay.io/rh-ee-emurasak/distributed-tracing-console-plugin:v1.0.3 -f Dockerfile.dev
[linux/amd64] [1/3] STEP 1/9: FROM registry.redhat.io/ubi9/nodejs-22:latest AS web-builder
Trying to pull registry.redhat.io/ubi9/nodejs-22:latest...
Getting image source signatures
Checking if image destination supports signatures
Copying blob sha256:669ecfdf872e83fa8f88dbdbe9b75f628fb72b9210cbdcce7ea0f449a74cac9e
Copying blob sha256:9a785c83dc42af66688cf5d3dd8e0500ce65bad5a679b45744d62c2fffbb60d8
Copying blob sha256:1c3800ac7d8629ddf73a031732f867dbc0c46d5a7dd1f70c0656c2e6e351e3aa
Copying config sha256:7ff8c7d7ce9b0c742c2379ee8b8206279c959b199e0e12bd8d486ef717c6da23
Writing manifest to image destination
Storing signatures
[linux/amd64] [1/3] STEP 2/9: WORKDIR /opt/app-root
--> Using cache ee0873c779f9dc2cf40d8976949d244c692f337607954c0305de23374f5df9fe
--> ee0873c779f9
[linux/amd64] [1/3] STEP 3/9: USER 0
--> Using cache d12af7a24add7288a368f8b754bec277378d57de4936d85e6b7e1c238b5e8746
--> d12af7a24add
[linux/amd64] [1/3] STEP 4/9: ENV HUSKY=0
--> Using cache 428918fb2167a036aab0e55fa9583e1bbabfd218db990ab1f6581b762c19c045
--> 428918fb2167
[linux/amd64] [1/3] STEP 5/9: COPY web/package*.json web/
--> e9e4ec196a94
[linux/amd64] [1/3] STEP 6/9: COPY Makefile Makefile
--> b04d3726b03d
[linux/amd64] [1/3] STEP 7/9: RUN make install-frontend-ci-clean
cd web && npm ci --ignore-scripts --omit=optional
npm warn deprecated rimraf@3.0.2: Rimraf versions prior to v4 are no longer supported
npm warn deprecated popper.js@1.16.1: You can find the new Popper v2 at @popperjs/core, this package is dedicated to the legacy v1
npm warn deprecated inflight@1.0.6: This module is not supported, and leaks memory. Do not use it. Check out lru-cache if you want a good and tested way to coalesce async requests by a key value, which is much more comprehensive and powerful.
npm warn deprecated glob@7.2.3: Glob versions prior to v9 are no longer supported
npm warn deprecated eslint@8.57.1: This version is no longer supported. Please see https://eslint.org/version-support for other options.
npm warn deprecated @humanwhocodes/object-schema@2.0.3: Use @eslint/object-schema instead
npm warn deprecated @humanwhocodes/config-array@0.13.0: Use @eslint/config-array instead
npm warn deprecated rimraf@2.7.1: Rimraf versions prior to v4 are no longer supported

added 1811 packages, and audited 1812 packages in 1m

313 packages are looking for funding
  run `npm fund` for details

25 vulnerabilities (1 low, 20 moderate, 4 high)

To address issues that do not require attention, run:
  npm audit fix

To address all issues (including breaking changes), run:
  npm audit fix --force

Run `npm audit` for details.
cd web && npm cache clean --force
npm warn using --force Recommended protections disabled.
--> e23209220518
[linux/amd64] [1/3] STEP 8/9: COPY web/ web/
--> a9238358554f
[linux/amd64] [1/3] STEP 9/9: RUN make build-frontend
cd web && npm run build

> distributed-tracing-console-plugin@1.0.0 build
> npm run clean && NODE_ENV=production npm run webpack


> distributed-tracing-console-plugin@1.0.0 clean
> rm -rf dist


> distributed-tracing-console-plugin@1.0.0 webpack
> node -r ts-node/register ./node_modules/.bin/webpack

assets by path assets/ 1.27 MiB
  assets by path assets/*.woff 740 KiB 42 assets
  assets by path assets/*.woff2 565 KiB
    asset assets/inter-latin-ext-600-normal..woff2 35.4 KiB [emitted] [from: ../node_modules/@fontsource/inter/files/inter-latin-ext-600-normal.woff2] (auxiliary id hint: vendors)
    asset assets/inter-latin-ext-700-normal..woff2 35.4 KiB [emitted] [from: ../node_modules/@fontsource/inter/files/inter-latin-ext-700-normal.woff2] (auxiliary id hint: vendors)
    + 40 assets
assets by path *.js 3.28 MiB
  assets by chunk 2.92 MiB (id hint: vendors)
    asset 1907-chunk-a659e32230067e72d6a9.min.js 2.61 MiB [emitted] [immutable] [minimized] [big] (id hint: vendors) 1 related asset
    asset 3864-chunk-29ef05162fade1526552.min.js 121 KiB [emitted] [immutable] [minimized] (id hint: vendors) 1 related asset
    asset 9252-chunk-7a4ebe4030b397b180f5.min.js 40.1 KiB [emitted] [immutable] [minimized] (id hint: vendors)
    + 9 assets
  + 67 assets
asset locales/en/plugin__distributed-tracing-console-plugin.json 4.29 KiB [emitted] [from: ../locales/en/plugin__distributed-tracing-console-plugin.json] [copied]
asset plugin-manifest.json 895 bytes [emitted]
orphan modules 21.9 MiB [orphan] 13317 modules
runtime modules 34.7 KiB 14 modules
built modules 10.2 MiB (javascript) 1.27 MiB (asset) 1.6 KiB (consume-shared) 1.39 KiB (share-init) [built]
  javascript modules 10.2 MiB 721 modules
  asset modules 1.27 MiB (asset) 3.45 KiB (javascript)
    modules by path ../node_modules/@fontsource/inter/files/*.woff2 565 KiB (asset) 1.72 KiB (javascript) 42 modules
    modules by path ../node_modules/@fontsource/inter/files/*.woff 740 KiB (asset) 1.72 KiB (javascript) 42 modules
  consume-shared-module modules 1.6 KiB
    modules by path consume shared module (default) @patternfly/ 1.39 KiB 34 modules
    + 5 modules
  provide-module modules 1.39 KiB
    modules by path provide shared module (default) @patternfly/react-core/dist/dynamic/ 924 bytes 22 modules
    modules by path provide shared module (default) @patternfly/react-icons/dist/dynamic/icons/ 504 bytes 12 modules

WARNING in asset size limit: The following asset(s) exceed the recommended size limit (244 KiB).
This can impact web performance.
Assets: 
  1907-chunk-a659e32230067e72d6a9.min.js (2.61 MiB)

webpack 5.105.3 compiled with 1 warning in 146646 ms
--> b704e4b4b567
[linux/arm64] [1/3] STEP 1/9: FROM registry.redhat.io/ubi9/nodejs-22:latest AS web-builder
Trying to pull registry.redhat.io/ubi9/nodejs-22:latest...
Getting image source signatures
Checking if image destination supports signatures
Copying blob sha256:8cc4364173e08b740ee39103f76581907e7a0eaa07260aeb6afbbebb8dde106e
Copying blob sha256:6c68ec2cb8914dd7cd64b186ef8674ae644c890fcae14edf9a3b33fde3a76cce
Copying blob sha256:98245caf86240da0764634e4873f8d78498df819a738bee6e752ffc1dc9be497
Copying config sha256:bceceabd26d12d7ba9de7f0aad51a65d5ae092bd1ae800eb7bad9330a6a05b8e
Writing manifest to image destination
Storing signatures
[linux/arm64] [1/3] STEP 2/9: WORKDIR /opt/app-root
--> Using cache 4a877a5ee24b97054fef45e1d90d7f1abbe9d1b5abab7bce73ce51b13c58c525
--> 4a877a5ee24b
[linux/arm64] [1/3] STEP 3/9: USER 0
--> Using cache ab1e774425350ab5c699ca7304913b98511440ae324cc53d8caaa0c028f11cc8
--> ab1e77442535
[linux/arm64] [1/3] STEP 4/9: ENV HUSKY=0
--> Using cache 159d00804dfad7eab6efa3ad8127664170b0b71bfa5d19464cc26ecdf010adc2
--> 159d00804dfa
[linux/arm64] [1/3] STEP 5/9: COPY web/package*.json web/
--> 202ffb02e06d
[linux/arm64] [1/3] STEP 6/9: COPY Makefile Makefile
--> 53432354e50f
[linux/arm64] [1/3] STEP 7/9: RUN make install-frontend-ci-clean
cd web && npm ci --ignore-scripts --omit=optional
npm warn deprecated rimraf@3.0.2: Rimraf versions prior to v4 are no longer supported
npm warn deprecated popper.js@1.16.1: You can find the new Popper v2 at @popperjs/core, this package is dedicated to the legacy v1
npm warn deprecated inflight@1.0.6: This module is not supported, and leaks memory. Do not use it. Check out lru-cache if you want a good and tested way to coalesce async requests by a key value, which is much more comprehensive and powerful.
npm warn deprecated glob@7.2.3: Glob versions prior to v9 are no longer supported
npm warn deprecated eslint@8.57.1: This version is no longer supported. Please see https://eslint.org/version-support for other options.
npm warn deprecated @humanwhocodes/config-array@0.13.0: Use @eslint/config-array instead
npm warn deprecated @humanwhocodes/object-schema@2.0.3: Use @eslint/object-schema instead
npm warn deprecated rimraf@2.7.1: Rimraf versions prior to v4 are no longer supported

added 1811 packages, and audited 1812 packages in 1m

313 packages are looking for funding
  run `npm fund` for details

25 vulnerabilities (1 low, 20 moderate, 4 high)

To address issues that do not require attention, run:
  npm audit fix

To address all issues (including breaking changes), run:
  npm audit fix --force

Run `npm audit` for details.
cd web && npm cache clean --force
npm warn using --force Recommended protections disabled.
--> 55f07e2789bb
[linux/arm64] [1/3] STEP 8/9: COPY web/ web/
--> 92fefd35eed2
[linux/arm64] [1/3] STEP 9/9: RUN make build-frontend
cd web && npm run build

> distributed-tracing-console-plugin@1.0.0 build
> npm run clean && NODE_ENV=production npm run webpack


> distributed-tracing-console-plugin@1.0.0 clean
> rm -rf dist


> distributed-tracing-console-plugin@1.0.0 webpack
> node -r ts-node/register ./node_modules/.bin/webpack

assets by path assets/ 1.27 MiB
  assets by path assets/*.woff 740 KiB 42 assets
  assets by path assets/*.woff2 565 KiB
    asset assets/inter-latin-ext-600-normal..woff2 35.4 KiB [emitted] [from: ../node_modules/@fontsource/inter/files/inter-latin-ext-600-normal.woff2] (auxiliary id hint: vendors)
    asset assets/inter-latin-ext-700-normal..woff2 35.4 KiB [emitted] [from: ../node_modules/@fontsource/inter/files/inter-latin-ext-700-normal.woff2] (auxiliary id hint: vendors)
    + 40 assets
assets by path *.js 3.28 MiB
  assets by chunk 2.92 MiB (id hint: vendors)
    asset 1907-chunk-a659e32230067e72d6a9.min.js 2.61 MiB [emitted] [immutable] [minimized] [big] (id hint: vendors) 1 related asset
    asset 3864-chunk-29ef05162fade1526552.min.js 121 KiB [emitted] [immutable] [minimized] (id hint: vendors) 1 related asset
    asset 9252-chunk-7a4ebe4030b397b180f5.min.js 40.1 KiB [emitted] [immutable] [minimized] (id hint: vendors)
    + 9 assets
  + 67 assets
asset locales/en/plugin__distributed-tracing-console-plugin.json 4.29 KiB [emitted] [from: ../locales/en/plugin__distributed-tracing-console-plugin.json] [copied]
asset plugin-manifest.json 895 bytes [emitted]
orphan modules 21.9 MiB [orphan] 13317 modules
runtime modules 34.7 KiB 14 modules
built modules 10.2 MiB (javascript) 1.27 MiB (asset) 1.6 KiB (consume-shared) 1.39 KiB (share-init) [built]
  javascript modules 10.2 MiB 721 modules
  asset modules 1.27 MiB (asset) 3.45 KiB (javascript)
    modules by path ../node_modules/@fontsource/inter/files/*.woff2 565 KiB (asset) 1.72 KiB (javascript) 42 modules
    modules by path ../node_modules/@fontsource/inter/files/*.woff 740 KiB (asset) 1.72 KiB (javascript) 42 modules
  consume-shared-module modules 1.6 KiB
    modules by path consume shared module (default) @patternfly/ 1.39 KiB 34 modules
    + 5 modules
  provide-module modules 1.39 KiB
    modules by path provide shared module (default) @patternfly/react-core/dist/dynamic/ 924 bytes 22 modules
    modules by path provide shared module (default) @patternfly/react-icons/dist/dynamic/icons/ 504 bytes 12 modules

WARNING in asset size limit: The following asset(s) exceed the recommended size limit (244 KiB).
This can impact web performance.
Assets: 
  1907-chunk-a659e32230067e72d6a9.min.js (2.61 MiB)

webpack 5.105.3 compiled with 1 warning in 92131 ms
--> 868a79e65f10
[linux/amd64] [2/3] STEP 1/12: FROM brew.registry.redhat.io/rh-osbs/openshift-golang-builder:rhel_9_1.25 AS go-builder
[linux/amd64] [2/3] STEP 2/12: WORKDIR /opt/app-root
--> Using cache 84defa708a747fba6008f02334d83ca3a413868da81ffd18308d92f475f26aa5
--> 84defa708a74
[linux/amd64] [2/3] STEP 3/12: COPY Makefile Makefile
--> Using cache df0a807b4cd7441595ee1790a5a16a1ccac262ba7ffab0663e2a8be5d869da46
--> df0a807b4cd7
[linux/amd64] [2/3] STEP 4/12: COPY go.mod go.mod
--> 194444ab44f9
[linux/amd64] [2/3] STEP 5/12: COPY go.sum go.sum
--> ff6b814644c8
[linux/amd64] [2/3] STEP 6/12: RUN make install-backend
go mod download
Go compliance shim [2] [rhel-9-golang-1.25][openshift-golang-builder]: assessment: CGO_ENABLED=1
Go compliance shim [2] [rhel-9-golang-1.25][openshift-golang-builder]: assessment: dynamic linking
Go compliance shim [2] [rhel-9-golang-1.25][openshift-golang-builder]: skipping forced compliance due to broad exemption
Go compliance shim [2] [rhel-9-golang-1.25][openshift-golang-builder]: EXEMPT: 1


Go compliance shim [2] [rhel-9-golang-1.25][openshift-golang-builder]: final command line arguments: "mod" "download" 

Go compliance shim [2] [rhel-9-golang-1.25][openshift-golang-builder]: invoking real go binary
Go compliance shim [2] [rhel-9-golang-1.25][openshift-golang-builder]: Exited with: 0
--> 9e56fcba16fd
[linux/amd64] [2/3] STEP 7/12: COPY cmd/ cmd/
--> 1dc769b309e4
[linux/amd64] [2/3] STEP 8/12: COPY pkg/ pkg/
--> 54e6616cedf4
[linux/amd64] [2/3] STEP 9/12: ENV GOFLAGS='-mod=mod'
--> eaf24f12dc69
[linux/amd64] [2/3] STEP 10/12: ENV GOEXPERIMENT=strictfipsruntime
--> 16322d61ba18
[linux/amd64] [2/3] STEP 11/12: ENV CGO_ENABLED=1
--> bb2944942f65
[linux/amd64] [2/3] STEP 12/12: RUN make build-backend BUILD_OPTS="-tags strictfipsruntime"
go build -tags strictfipsruntime -o plugin-backend -mod=readonly cmd/plugin-backend.go
Go compliance shim [2] [rhel-9-golang-1.25][openshift-golang-builder]: assessment: CGO_ENABLED=1
Go compliance shim [2] [rhel-9-golang-1.25][openshift-golang-builder]: assessment: dynamic linking
Go compliance shim [2] [rhel-9-golang-1.25][openshift-golang-builder]: skipping forced compliance due to broad exemption
Go compliance shim [2] [rhel-9-golang-1.25][openshift-golang-builder]: EXEMPT: 1


Go compliance shim [2] [rhel-9-golang-1.25][openshift-golang-builder]: final command line arguments: "build" "-tags" "strictfipsruntime" "-o" "plugin-backend" "-mod=readonly" "cmd/plugin-backend.go" 

Go compliance shim [2] [rhel-9-golang-1.25][openshift-golang-builder]: invoking real go binary
Go compliance shim [2] [rhel-9-golang-1.25][openshift-golang-builder]: Exited with: 0
--> 6119617df8c2
[linux/arm64] [2/3] STEP 1/12: FROM brew.registry.redhat.io/rh-osbs/openshift-golang-builder:rhel_9_1.25 AS go-builder
Trying to pull brew.registry.redhat.io/rh-osbs/openshift-golang-builder:rhel_9_1.25...
Getting image source signatures
Copying blob sha256:b98d37c87f15536538dc20373f6feca81ccf73779a63f168b7855ce2c2360cff
Copying blob sha256:9e9bee4738d78cc5b8c68706e99751b669394b1e52ebb360fabf583fee381119
Copying config sha256:6cc0ec0f03bcbce80b198dae197eb1ca379eb2fa2e7f2e456cf01f6464e2b1ec
Writing manifest to image destination
[linux/arm64] [2/3] STEP 2/12: WORKDIR /opt/app-root
--> Using cache 0d6cbc4ff6d85e67db298d4226c761e8599d853b5bd1910a9b9a7a4a6abe35b3
--> 0d6cbc4ff6d8
[linux/arm64] [2/3] STEP 3/12: COPY Makefile Makefile
--> Using cache 0ce1fe2169ae114d86907e180e902717b8fe1a66dc3f083ab145b37df5813cf3
--> 0ce1fe2169ae
[linux/arm64] [2/3] STEP 4/12: COPY go.mod go.mod
--> 9fcc7b7f3cb0
[linux/arm64] [2/3] STEP 5/12: COPY go.sum go.sum
--> 333ccac0b913
[linux/arm64] [2/3] STEP 6/12: RUN make install-backend
go mod download
Go compliance shim [2] [rhel-9-golang-1.25][openshift-golang-builder]: assessment: CGO_ENABLED=1
Go compliance shim [2] [rhel-9-golang-1.25][openshift-golang-builder]: assessment: dynamic linking
Go compliance shim [2] [rhel-9-golang-1.25][openshift-golang-builder]: skipping forced compliance due to broad exemption
Go compliance shim [2] [rhel-9-golang-1.25][openshift-golang-builder]: EXEMPT: 1


Go compliance shim [2] [rhel-9-golang-1.25][openshift-golang-builder]: final command line arguments: "mod" "download" 

Go compliance shim [2] [rhel-9-golang-1.25][openshift-golang-builder]: invoking real go binary
Go compliance shim [2] [rhel-9-golang-1.25][openshift-golang-builder]: Exited with: 0
--> 42edfe666497
[linux/arm64] [2/3] STEP 7/12: COPY cmd/ cmd/
--> f7f4e7cdb169
[linux/arm64] [2/3] STEP 8/12: COPY pkg/ pkg/
--> 2fed3184b5b1
[linux/arm64] [2/3] STEP 9/12: ENV GOFLAGS='-mod=mod'
--> ded1e6846250
[linux/arm64] [2/3] STEP 10/12: ENV GOEXPERIMENT=strictfipsruntime
--> 3d586864d336
[linux/arm64] [2/3] STEP 11/12: ENV CGO_ENABLED=1
--> 8862c6d52106
[linux/arm64] [2/3] STEP 12/12: RUN make build-backend BUILD_OPTS="-tags strictfipsruntime"
go build -tags strictfipsruntime -o plugin-backend -mod=readonly cmd/plugin-backend.go
Go compliance shim [2] [rhel-9-golang-1.25][openshift-golang-builder]: assessment: CGO_ENABLED=1
Go compliance shim [2] [rhel-9-golang-1.25][openshift-golang-builder]: assessment: dynamic linking
Go compliance shim [2] [rhel-9-golang-1.25][openshift-golang-builder]: skipping forced compliance due to broad exemption
Go compliance shim [2] [rhel-9-golang-1.25][openshift-golang-builder]: EXEMPT: 1


Go compliance shim [2] [rhel-9-golang-1.25][openshift-golang-builder]: final command line arguments: "build" "-tags" "strictfipsruntime" "-o" "plugin-backend" "-mod=readonly" "cmd/plugin-backend.go" 

Go compliance shim [2] [rhel-9-golang-1.25][openshift-golang-builder]: invoking real go binary
Go compliance shim [2] [rhel-9-golang-1.25][openshift-golang-builder]: Exited with: 0
--> 0410d700b697
[linux/amd64] [3/3] STEP 1/7: FROM registry.redhat.io/rhel9-4-els/rhel:9.4
Trying to pull registry.redhat.io/rhel9-4-els/rhel:9.4...
Getting image source signatures
Checking if image destination supports signatures
Copying blob sha256:9e5082548d869f2944301a153c8568183a38cf0df310a3fb0b2daf2af3b5f841
Copying config sha256:77849b1a77e7859a392840d43bed01557ec82ac0c2ac4283d962deec354ceee6
Writing manifest to image destination
Storing signatures
[linux/amd64] [3/3] STEP 2/7: RUN mkdir /licenses
--> Using cache 7c9c8f811fedc401cf03fecf15e2775286acdfcbd0ce9bf592815337ac5f9e5e
--> 7c9c8f811fed
[linux/amd64] [3/3] STEP 3/7: COPY LICENSE /licenses/.
--> dcceabce08ca
[linux/amd64] [3/3] STEP 4/7: USER 1001
--> 7259b0d002f1
[linux/amd64] [3/3] STEP 5/7: COPY --from=web-builder /opt/app-root/web/dist /opt/app-root/web/dist
--> abd70b391be3
[linux/amd64] [3/3] STEP 6/7: COPY --from=go-builder /opt/app-root/plugin-backend /opt/app-root
--> 1d9f4113c935
[linux/amd64] [3/3] STEP 7/7: ENTRYPOINT ["/opt/app-root/plugin-backend", "-static-path", "/opt/app-root/web/dist"]
[linux/amd64] [3/3] COMMIT
--> 1c7cde96da62
[linux/arm64] [3/3] STEP 1/7: FROM registry.redhat.io/rhel9-4-els/rhel:9.4
1c7cde96da62c9a44b97c64f181f5d181a695726f443284b4822eb31ec0a5843
Trying to pull registry.redhat.io/rhel9-4-els/rhel:9.4...
Getting image source signatures
Checking if image destination supports signatures
Copying blob sha256:79500177a417e8e03b63a0893e7e6b03f94ac7a605be761a51e28f082a16087f
Copying config sha256:62846c379ae900d8abe0855310d3d4e7ca7b0b21cc231d45bdfe5a0044988475
Writing manifest to image destination
Storing signatures
[linux/arm64] [3/3] STEP 2/7: RUN mkdir /licenses
--> Using cache a5c755ae1bbd31609a2c489015f1eff3b8cb42338f8820b0095369540fb52ad3
--> a5c755ae1bbd
[linux/arm64] [3/3] STEP 3/7: COPY LICENSE /licenses/.
--> ef50cb1a2dab
[linux/arm64] [3/3] STEP 4/7: USER 1001
--> 553519855fa3
[linux/arm64] [3/3] STEP 5/7: COPY --from=web-builder /opt/app-root/web/dist /opt/app-root/web/dist
--> 96683493e8e9
[linux/arm64] [3/3] STEP 6/7: COPY --from=go-builder /opt/app-root/plugin-backend /opt/app-root
--> a925be23e456
[linux/arm64] [3/3] STEP 7/7: ENTRYPOINT ["/opt/app-root/plugin-backend", "-static-path", "/opt/app-root/web/dist"]
[linux/arm64] [3/3] COMMIT
--> ac7dea98612a
ac7dea98612a07976a242dd06668b0f8a55329b369be07b378f8d1e19e387f84
podman manifest push quay.io/rh-ee-emurasak/distributed-tracing-console-plugin:v1.0.3
Getting image list signatures
Copying 2 images generated from 2 images in list
Copying image sha256:523a8bd8d20347374d23d4d743a5ef095e7a286c7a4cf02ac1200488e322e304 (1/2)
Getting image source signatures
Copying blob sha256:20742bfc8ca1fe09e33d27cf9ef79941084be9265c12a1868b350a4584a34aeb
Copying blob sha256:8f145ca8d1360b1f7e80c2d3712485eb6ddf255f02da3637641b8ad64e6c48a2
Copying blob sha256:74ea6a5315ac2a0a27a1e4e6f87703374739fbd596e872724a21ab09c6bdf5dd
Copying blob sha256:c27241c697980320b94223b9772003444cd7f632a60257bc5672d72ad6989a06
Copying blob sha256:b8534c412546d73e8c8fe6cc77909e1e1f230a97e79ad932ac48e900dd534c44
Copying config sha256:1c7cde96da62c9a44b97c64f181f5d181a695726f443284b4822eb31ec0a5843
Writing manifest to image destination
Copying image sha256:01869d8c10dd3639736707ebe3b5692d9acac20cff2c7d72bde7f91164833d14 (2/2)
Getting image source signatures
Copying blob sha256:1e772c4d9016ef3ce282c777ff41e2e5ea10f7753205900c4efe4ef9b42ac17a
Copying blob sha256:d4f23463a867bfcca4913e6996b2ca649a5867ee9e4c8152aebb286c5255555a
Copying blob sha256:abdb8cc72e3424e4355a57b5eaf69a820fc9a93b5ef3124d51f184bbf887b049
Copying blob sha256:97b089b00098d03cf79e7b864d1f75e52e0fd4fde2acdef8a63a0ca3769bc16f
Copying blob sha256:b3a6cc2a60c51f0e03621c3c1d7e773f8b992ac23fc3d62efc0cf6a77657160e
Copying config sha256:ac7dea98612a07976a242dd06668b0f8a55329b369be07b378f8d1e19e387f84
Writing manifest to image destination
Writing manifest list to image destination
Storing list signatures
==========================================
Building troubleshooting-panel-console-plugin @ release-coo-ocp-4.19 with VERSION=v0.4.5 ORG=rh-ee-emurasak
==========================================
Switched to branch 'release-coo-ocp-4.19'
Your branch is up to date with 'origin/release-coo-ocp-4.19'.
From https://github.com/openshift/troubleshooting-panel-console-plugin
 * branch            release-coo-ocp-4.19 -> FETCH_HEAD
Already up to date.
--- Attempt 1/3 ---
podman manifest rm quay.io/rh-ee-emurasak/troubleshooting-panel-console-plugin:v0.4.5 || true
Error: quay.io/rh-ee-emurasak/troubleshooting-panel-console-plugin:v0.4.5: image not known
podman manifest create quay.io/rh-ee-emurasak/troubleshooting-panel-console-plugin:v0.4.5
fdfd089df78cbcec7849c8a0e60f8bf43e82cf6690a8a60b036141cee223e3a1
podman build --platform=linux/arm64,linux/amd64 --manifest quay.io/rh-ee-emurasak/troubleshooting-panel-console-plugin:v0.4.5 -f Dockerfile.dev
[linux/amd64] [1/3] STEP 1/9: FROM registry.redhat.io/ubi9/nodejs-22:latest AS web-builder
Trying to pull registry.redhat.io/ubi9/nodejs-22:latest...
Getting image source signatures
Checking if image destination supports signatures
Copying blob sha256:669ecfdf872e83fa8f88dbdbe9b75f628fb72b9210cbdcce7ea0f449a74cac9e
Copying blob sha256:9a785c83dc42af66688cf5d3dd8e0500ce65bad5a679b45744d62c2fffbb60d8
Copying blob sha256:1c3800ac7d8629ddf73a031732f867dbc0c46d5a7dd1f70c0656c2e6e351e3aa
Copying config sha256:7ff8c7d7ce9b0c742c2379ee8b8206279c959b199e0e12bd8d486ef717c6da23
Writing manifest to image destination
Storing signatures
[linux/amd64] [1/3] STEP 2/9: WORKDIR /opt/app-root
--> Using cache ee0873c779f9dc2cf40d8976949d244c692f337607954c0305de23374f5df9fe
--> ee0873c779f9
[linux/amd64] [1/3] STEP 3/9: USER 0
--> Using cache d12af7a24add7288a368f8b754bec277378d57de4936d85e6b7e1c238b5e8746
--> d12af7a24add
[linux/amd64] [1/3] STEP 4/9: ENV HUSKY=0
--> Using cache 428918fb2167a036aab0e55fa9583e1bbabfd218db990ab1f6581b762c19c045
--> 428918fb2167
[linux/amd64] [1/3] STEP 5/9: COPY web/package*.json web/
--> b37423979fd6
[linux/amd64] [1/3] STEP 6/9: COPY Makefile Makefile
--> 9d4c1bdbbdeb
[linux/amd64] [1/3] STEP 7/9: RUN make install-frontend-ci
cd web && npm ci --ignore-scripts
npm warn deprecated whatwg-encoding@3.1.1: Use @exodus/bytes instead for a more spec-conformant and faster implementation
npm warn deprecated rimraf@3.0.2: Rimraf versions prior to v4 are no longer supported
npm warn deprecated inflight@1.0.6: This module is not supported, and leaks memory. Do not use it. Check out lru-cache if you want a good and tested way to coalesce async requests by a key value, which is much more comprehensive and powerful.
npm warn deprecated glob@7.2.3: Glob versions prior to v9 are no longer supported
npm warn deprecated domexception@4.0.0: Use your platform's native DOMException instead
npm warn deprecated popper.js@1.16.1: You can find the new Popper v2 at @popperjs/core, this package is dedicated to the legacy v1
npm warn deprecated abab@2.0.6: Use your platform's native atob() and btoa() methods instead
npm warn deprecated @humanwhocodes/config-array@0.13.0: Use @eslint/config-array instead
npm warn deprecated @humanwhocodes/object-schema@2.0.3: Use @eslint/object-schema instead
npm warn deprecated @fortawesome/react-fontawesome@0.2.6: v0.2.x is no longer supported. Unless you are still using FontAwesome 5, please update to v3.1.1 or greater.
npm warn deprecated whatwg-encoding@2.0.0: Use @exodus/bytes instead for a more spec-conformant and faster implementation
npm warn deprecated whatwg-encoding@2.0.0: Use @exodus/bytes instead for a more spec-conformant and faster implementation
npm warn deprecated eslint@8.57.1: This version is no longer supported. Please see https://eslint.org/version-support for other options.

added 1696 packages, and audited 1697 packages in 40s

297 packages are looking for funding
  run `npm fund` for details

35 vulnerabilities (2 low, 21 moderate, 11 high, 1 critical)

To address issues that do not require attention, run:
  npm audit fix

To address all issues (including breaking changes), run:
  npm audit fix --force

Run `npm audit` for details.
--> a4ffc2f6f2f2
[linux/amd64] [1/3] STEP 8/9: COPY web/ web/
--> 8ab0423c3678
[linux/amd64] [1/3] STEP 9/9: RUN make build-frontend
cd web && npm run lint && npm run lint:tsc

> troubleshooting-panel-console-plugin@0.4.0 lint
> eslint ./src --fix &&  stylelint "src/**/*.css" --allow-empty-input --fix


> troubleshooting-panel-console-plugin@0.4.0 lint:tsc
> tsc --noEmit

cd web && npm run i18n && npm run build

> troubleshooting-panel-console-plugin@0.4.0 i18n
> i18n-scripts/build-i18n.sh && node i18n-scripts/set-english-defaults.js

+ FILE_PATTERN='{!(dist|node_modules)/**/*.{js,jsx,ts,tsx,json},*.{js,jsx,ts,tsx,json}}'
+ i18next '{!(dist|node_modules)/**/*.{js,jsx,ts,tsx,json},*.{js,jsx,ts,tsx,json}}' '[-oc]' -c ./i18next-parser.config.js -o 'locales/$LOCALE/$NAMESPACE.json'

  i18next Parser
  --------------
  Input:  {!(dist|node_modules)/**/*.{js,jsx,ts,tsx,json},*.{js,jsx,ts,tsx,json}}, [-oc]
  Output: locales/$LOCALE/$NAMESPACE.json

  [read]    /opt/app-root/web/console-extensions.json
  [read]    /opt/app-root/web/cypress.config.ts
  [read]    /opt/app-root/web/cypress/e2e/acceptance.cy.ts
  [read]    /opt/app-root/web/cypress/fixtures/data-test.ts
  [read]    /opt/app-root/web/cypress/support/commands/auth-commands.ts
  [read]    /opt/app-root/web/cypress/support/commands/env.ts
  [read]    /opt/app-root/web/cypress/support/commands/selector-commands.ts
  [read]    /opt/app-root/web/cypress/support/commands/troubeshoot-commands.ts
  [read]    /opt/app-root/web/cypress/support/commands/utility-commands.ts
  [read]    /opt/app-root/web/cypress/support/e2e.ts
  [read]    /opt/app-root/web/cypress/tsconfig.json
  [read]    /opt/app-root/web/cypress/views/nav.ts
  [read]    /opt/app-root/web/cypress/views/tour.ts
  [read]    /opt/app-root/web/cypress/views/utils.ts
  [read]    /opt/app-root/web/i18n-scripts/common.js
  [read]    /opt/app-root/web/i18n-scripts/set-english-defaults.js
  [read]    /opt/app-root/web/i18next-parser.config.js
  [read]    /opt/app-root/web/jest.config.js
  [read]    /opt/app-root/web/locales/en/plugin__troubleshooting-panel-console-plugin.json
  [read]    /opt/app-root/web/package-lock.json
  [read]    /opt/app-root/web/package.json
  [read]    /opt/app-root/web/src/__tests__/alert.spec.ts
  [read]    /opt/app-root/web/src/__tests__/all-domains.spec.ts
  [read]    /opt/app-root/web/src/__tests__/icons-preview.spec.tsx
  [read]    /opt/app-root/web/src/__tests__/k8s.spec.ts
  [read]    /opt/app-root/web/src/__tests__/log.spec.ts
  [read]    /opt/app-root/web/src/__tests__/metric.spec.ts
  [read]    /opt/app-root/web/src/__tests__/netflow.spec.ts
  [read]    /opt/app-root/web/src/__tests__/time.spec.ts
  [read]    /opt/app-root/web/src/__tests__/trace.spec.ts
  [read]    /opt/app-root/web/src/__tests__/types.spec.ts
  [read]    /opt/app-root/web/src/cancellable-fetch.ts
  [read]    /opt/app-root/web/src/components/AdvancedSearchForm.tsx
  [read]    /opt/app-root/web/src/components/DateTimePicker.tsx
  [read]    /opt/app-root/web/src/components/DateTimeRangePicker.tsx
  [read]    /opt/app-root/web/src/components/HelpPopover.tsx
  [read]    /opt/app-root/web/src/components/icons.tsx
  [read]    /opt/app-root/web/src/components/Korrel8rPanel.tsx
  [read]    /opt/app-root/web/src/components/KubernetesIcon.tsx
  [read]    /opt/app-root/web/src/components/NullContextProvider.tsx
  [read]    /opt/app-root/web/src/components/Popover.tsx
  [read]    /opt/app-root/web/src/components/TimeRangeDropdown.tsx
  [warning] Key is not a string literal
  [read]    /opt/app-root/web/src/components/TimeUnitPicker.tsx
  [read]    /opt/app-root/web/src/components/topology/Korrel8rTopology.tsx
  [read]    /opt/app-root/web/src/getResources.ts
  [read]    /opt/app-root/web/src/hooks/useBoolean.ts
  [read]    /opt/app-root/web/src/hooks/useDomains.tsx
  [read]    /opt/app-root/web/src/hooks/useKorrel8r.ts
  [read]    /opt/app-root/web/src/hooks/useLocationQuery.ts
  [read]    /opt/app-root/web/src/hooks/useNavigateToQuery.ts
  [read]    /opt/app-root/web/src/hooks/usePluginAvailable.ts
  [read]    /opt/app-root/web/src/hooks/usePopover.tsx
  [read]    /opt/app-root/web/src/hooks/useTroubleshootingPanel.tsx
  [read]    /opt/app-root/web/src/korrel8r-client.ts
  [read]    /opt/app-root/web/src/korrel8r/alert.ts
  [read]    /opt/app-root/web/src/korrel8r/all-domains.ts
  [read]    /opt/app-root/web/src/korrel8r/client/core/ApiError.ts
  [read]    /opt/app-root/web/src/korrel8r/client/core/ApiRequestOptions.ts
  [read]    /opt/app-root/web/src/korrel8r/client/core/ApiResult.ts
  [read]    /opt/app-root/web/src/korrel8r/client/core/BaseHttpRequest.ts
  [read]    /opt/app-root/web/src/korrel8r/client/core/CancelablePromise.ts
  [read]    /opt/app-root/web/src/korrel8r/client/core/FetchHttpRequest.ts
  [read]    /opt/app-root/web/src/korrel8r/client/core/OpenAPI.ts
  [read]    /opt/app-root/web/src/korrel8r/client/core/request.ts
  [read]    /opt/app-root/web/src/korrel8r/client/index.ts
  [read]    /opt/app-root/web/src/korrel8r/client/Korrel8rClient.ts
  [read]    /opt/app-root/web/src/korrel8r/client/models/Constraint.ts
  [read]    /opt/app-root/web/src/korrel8r/client/models/Domain.ts
  [read]    /opt/app-root/web/src/korrel8r/client/models/Edge.ts
  [read]    /opt/app-root/web/src/korrel8r/client/models/Goals.ts
  [read]    /opt/app-root/web/src/korrel8r/client/models/Graph.ts
  [read]    /opt/app-root/web/src/korrel8r/client/models/Neighbours.ts
  [read]    /opt/app-root/web/src/korrel8r/client/models/Node.ts
  [read]    /opt/app-root/web/src/korrel8r/client/models/QueryCount.ts
  [read]    /opt/app-root/web/src/korrel8r/client/models/Rule.ts
  [read]    /opt/app-root/web/src/korrel8r/client/models/Start.ts
  [read]    /opt/app-root/web/src/korrel8r/client/models/Store.ts
  [read]    /opt/app-root/web/src/korrel8r/client/services/DefaultService.ts
  [read]    /opt/app-root/web/src/korrel8r/k8s.ts
  [read]    /opt/app-root/web/src/korrel8r/log.ts
  [read]    /opt/app-root/web/src/korrel8r/metric.ts
  [read]    /opt/app-root/web/src/korrel8r/netflow.ts
  [read]    /opt/app-root/web/src/korrel8r/trace.ts
  [read]    /opt/app-root/web/src/korrel8r/types.ts
  [read]    /opt/app-root/web/src/redux-actions.ts
  [read]    /opt/app-root/web/src/redux-reducers.ts
  [read]    /opt/app-root/web/src/time.ts
  [read]    /opt/app-root/web/tsconfig.json
  [read]    /opt/app-root/web/webpack.config.ts
  [write]   /opt/app-root/web/locales/en/plugin__troubleshooting-panel-console-plugin.json

  Stats:  89 files were parsed

> troubleshooting-panel-console-plugin@0.4.0 build
> npm run clean && npm run ts-node node_modules/.bin/webpack


> troubleshooting-panel-console-plugin@0.4.0 clean
> rm -rf dist


> troubleshooting-panel-console-plugin@0.4.0 ts-node
> ts-node -O '{"module":"commonjs"}' node_modules/.bin/webpack

assets by path *.js 4.38 MiB
  assets by chunk 3.5 MiB (id hint: vendors)
    asset vendors-node_modules_fortawesome_react-fontawesome_index_es_js-node_modules_patternfly_react--e1c2c2-chunk.js 1.26 MiB [emitted] (id hint: vendors) 1 related asset
    asset vendors-node_modules_patternfly_react-core_dist_esm_helpers_Popper_Popper_js-chunk.js 1.04 MiB [emitted] (id hint: vendors) 1 related asset
    asset vendors-node_modules_immutable_dist_immutable_es_js-node_modules_typesafe-actions_dist_typesa-cdf261-chunk.js 183 KiB [emitted] (id hint: vendors) 1 related asset
    asset vendors-node_modules_openshift-console_dynamic-plugin-sdk_lib_utils_fetch_console-fetch-utils-7ba8c2-chunk.js 161 KiB [emitted] (id hint: vendors) 1 related asset
    asset vendors-node_modules_patternfly_react-core_dist_esm_components_DatePicker_index_js-chunk.js 94.8 KiB [emitted] (id hint: vendors) 1 related asset
    asset vendors-node_modules_patternfly_react-core_dist_esm_components_Menu_Menu_js-node_modules_patt-b35725-chunk.js 90.8 KiB [emitted] (id hint: vendors) 1 related asset
    asset vendors-node_modules_patternfly_react-core_dist_esm_helpers_FocusTrap_FocusTrap_js-node_modul-246622-chunk.js 80.1 KiB [emitted] (id hint: vendors) 1 related asset
    asset vendors-node_modules_patternfly_react-core_dist_esm_components_Form_index_js-chunk.js 63.3 KiB [emitted] (id hint: vendors) 1 related asset
    asset vendors-node_modules_patternfly_react-core_dist_esm_components_TimePicker_index_js-chunk.js 56.3 KiB [emitted] (id hint: vendors) 1 related asset
    + 13 assets
  + 76 assets
asset locales/en/plugin__troubleshooting-panel-console-plugin.json 3.35 KiB [emitted] [from: ../locales/en/plugin__troubleshooting-panel-console-plugin.json] [copied]
asset plugin-manifest.json 1.19 KiB [emitted]
orphan modules 13 KiB [orphan] 47 modules
runtime modules 81.9 KiB 12 modules
javascript modules 3.04 MiB 362 modules
consume-shared-module modules 1.89 KiB
  modules by path consume shared module (default) @patternfly/ 1.68 KiB 41 modules
  + 5 modules
provide-module modules 1.64 KiB
  modules by path provide shared module (default) @patternfly/react-core/dist/dynamic/ 1.11 KiB 27 modules
  modules by path provide shared module (default) @patternfly/react-icons/dist/dynamic/icons/ 546 bytes
    provide shared module (default) @patternfly/react-icons/dist/dynamic/icons/atten...(truncated) 42 bytes [built] [code generated]
    provide shared module (default) @patternfly/react-icons/dist/dynamic/icons/clust...(truncated) 42 bytes [built] [code generated]
    + 11 modules
../node_modules/@fortawesome/fontawesome-svg-core/package.json 1.39 KiB [optional] [built] [code generated]

LOG from @openshift-console/dynamic-plugin-sdk-webpack/lib/webpack/loaders/dynamic-module-import-loader ../node_modules/ts-loader/index.js??ruleSet[1].rules[0].use[0]!./components/KubernetesIcon.tsx
<w> Non-index and non-dynamic module import @patternfly/react-icons/dist/esm/createIcon

webpack 5.104.1 compiled successfully in 26586 ms
--> 68af24ff16d4
[linux/amd64] [2/3] STEP 1/12: FROM registry.redhat.io/ubi9/go-toolset:latest AS go-builder
Trying to pull registry.redhat.io/ubi9/go-toolset:latest...
Getting image source signatures
Checking if image destination supports signatures
Copying blob sha256:abb09666cc1de271f3e5253dfb7b7a98f9f02be60985f67957cd85c00045909a
Copying blob sha256:1c3800ac7d8629ddf73a031732f867dbc0c46d5a7dd1f70c0656c2e6e351e3aa
Copying blob sha256:9a785c83dc42af66688cf5d3dd8e0500ce65bad5a679b45744d62c2fffbb60d8
Copying blob sha256:79bf983a6fc321f356b4f94df5424dfebe35e763f97529f52571a67faba3f682
Copying config sha256:d89a73c9b5506a7c3e54020d79017f7b27d9c055aa528c0c7c3f10db7779daa5
Writing manifest to image destination
Storing signatures
[linux/amd64] [2/3] STEP 2/12: WORKDIR /opt/app-root
--> f45b3a42ff1a
[linux/amd64] [2/3] STEP 3/12: COPY Makefile Makefile
--> 6cd5f428ce26
[linux/amd64] [2/3] STEP 4/12: COPY go.mod go.mod
--> 59b4b4fbcabe
[linux/amd64] [2/3] STEP 5/12: COPY go.sum go.sum
--> 0c76eb1300f2
[linux/amd64] [2/3] STEP 6/12: RUN make install-backend
go mod download
--> f8fba5ee9827
[linux/amd64] [2/3] STEP 7/12: COPY cmd/ cmd/
--> 57e5f8abeb8d
[linux/amd64] [2/3] STEP 8/12: COPY pkg/ pkg/
--> ee4232d5e871
[linux/amd64] [2/3] STEP 9/12: ENV GOFLAGS='-mod=mod'
--> daf73c3f66ff
[linux/amd64] [2/3] STEP 10/12: ENV GOEXPERIMENT=strictfipsruntime
--> 094d9095ad62
[linux/amd64] [2/3] STEP 11/12: ENV CGO_ENABLED=1
--> 9cc4dad4992e
[linux/amd64] [2/3] STEP 12/12: RUN make build-backend BUILD_OPTS="-tags strictfipsruntime"
go build -tags strictfipsruntime -o plugin-backend -mod=readonly cmd/plugin-backend.go
--> 3b6a617a4c9d
[linux/arm64] [1/3] STEP 1/9: FROM registry.redhat.io/ubi9/nodejs-22:latest AS web-builder
Trying to pull registry.redhat.io/ubi9/nodejs-22:latest...
Getting image source signatures
Checking if image destination supports signatures
Copying blob sha256:6c68ec2cb8914dd7cd64b186ef8674ae644c890fcae14edf9a3b33fde3a76cce
Copying blob sha256:8cc4364173e08b740ee39103f76581907e7a0eaa07260aeb6afbbebb8dde106e
Copying blob sha256:98245caf86240da0764634e4873f8d78498df819a738bee6e752ffc1dc9be497
Copying config sha256:bceceabd26d12d7ba9de7f0aad51a65d5ae092bd1ae800eb7bad9330a6a05b8e
Writing manifest to image destination
Storing signatures
[linux/arm64] [1/3] STEP 2/9: WORKDIR /opt/app-root
--> Using cache 4a877a5ee24b97054fef45e1d90d7f1abbe9d1b5abab7bce73ce51b13c58c525
--> 4a877a5ee24b
[linux/arm64] [1/3] STEP 3/9: USER 0
--> Using cache ab1e774425350ab5c699ca7304913b98511440ae324cc53d8caaa0c028f11cc8
--> ab1e77442535
[linux/arm64] [1/3] STEP 4/9: ENV HUSKY=0
--> Using cache 159d00804dfad7eab6efa3ad8127664170b0b71bfa5d19464cc26ecdf010adc2
--> 159d00804dfa
[linux/arm64] [1/3] STEP 5/9: COPY web/package*.json web/
--> 02ea2f6c7622
[linux/arm64] [1/3] STEP 6/9: COPY Makefile Makefile
--> af5b94b9ba52
[linux/arm64] [1/3] STEP 7/9: RUN make install-frontend-ci
cd web && npm ci --ignore-scripts
npm warn deprecated whatwg-encoding@3.1.1: Use @exodus/bytes instead for a more spec-conformant and faster implementation
npm warn deprecated rimraf@3.0.2: Rimraf versions prior to v4 are no longer supported
npm warn deprecated popper.js@1.16.1: You can find the new Popper v2 at @popperjs/core, this package is dedicated to the legacy v1
npm warn deprecated inflight@1.0.6: This module is not supported, and leaks memory. Do not use it. Check out lru-cache if you want a good and tested way to coalesce async requests by a key value, which is much more comprehensive and powerful.
npm warn deprecated glob@7.2.3: Glob versions prior to v9 are no longer supported
npm warn deprecated domexception@4.0.0: Use your platform's native DOMException instead
npm warn deprecated eslint@8.57.1: This version is no longer supported. Please see https://eslint.org/version-support for other options.
npm warn deprecated abab@2.0.6: Use your platform's native atob() and btoa() methods instead
npm warn deprecated @humanwhocodes/object-schema@2.0.3: Use @eslint/object-schema instead
npm warn deprecated @humanwhocodes/config-array@0.13.0: Use @eslint/config-array instead
npm warn deprecated @fortawesome/react-fontawesome@0.2.6: v0.2.x is no longer supported. Unless you are still using FontAwesome 5, please update to v3.1.1 or greater.
npm warn deprecated whatwg-encoding@2.0.0: Use @exodus/bytes instead for a more spec-conformant and faster implementation
npm warn deprecated whatwg-encoding@2.0.0: Use @exodus/bytes instead for a more spec-conformant and faster implementation

added 1696 packages, and audited 1697 packages in 32s

297 packages are looking for funding
  run `npm fund` for details

35 vulnerabilities (2 low, 21 moderate, 11 high, 1 critical)

To address issues that do not require attention, run:
  npm audit fix

To address all issues (including breaking changes), run:
  npm audit fix --force

Run `npm audit` for details.
--> ff66ad13d2e0
[linux/arm64] [1/3] STEP 8/9: COPY web/ web/
--> 60e436076ccd
[linux/arm64] [1/3] STEP 9/9: RUN make build-frontend
cd web && npm run lint && npm run lint:tsc

> troubleshooting-panel-console-plugin@0.4.0 lint
> eslint ./src --fix &&  stylelint "src/**/*.css" --allow-empty-input --fix


> troubleshooting-panel-console-plugin@0.4.0 lint:tsc
> tsc --noEmit

cd web && npm run i18n && npm run build

> troubleshooting-panel-console-plugin@0.4.0 i18n
> i18n-scripts/build-i18n.sh && node i18n-scripts/set-english-defaults.js

+ FILE_PATTERN='{!(dist|node_modules)/**/*.{js,jsx,ts,tsx,json},*.{js,jsx,ts,tsx,json}}'
+ i18next '{!(dist|node_modules)/**/*.{js,jsx,ts,tsx,json},*.{js,jsx,ts,tsx,json}}' '[-oc]' -c ./i18next-parser.config.js -o 'locales/$LOCALE/$NAMESPACE.json'

  i18next Parser
  --------------
  Input:  {!(dist|node_modules)/**/*.{js,jsx,ts,tsx,json},*.{js,jsx,ts,tsx,json}}, [-oc]
  Output: locales/$LOCALE/$NAMESPACE.json

  [read]    /opt/app-root/web/console-extensions.json
  [read]    /opt/app-root/web/cypress.config.ts
  [read]    /opt/app-root/web/cypress/e2e/acceptance.cy.ts
  [read]    /opt/app-root/web/cypress/fixtures/data-test.ts
  [read]    /opt/app-root/web/cypress/support/commands/auth-commands.ts
  [read]    /opt/app-root/web/cypress/support/commands/env.ts
  [read]    /opt/app-root/web/cypress/support/commands/selector-commands.ts
  [read]    /opt/app-root/web/cypress/support/commands/troubeshoot-commands.ts
  [read]    /opt/app-root/web/cypress/support/commands/utility-commands.ts
  [read]    /opt/app-root/web/cypress/support/e2e.ts
  [read]    /opt/app-root/web/cypress/tsconfig.json
  [read]    /opt/app-root/web/cypress/views/nav.ts
  [read]    /opt/app-root/web/cypress/views/tour.ts
  [read]    /opt/app-root/web/cypress/views/utils.ts
  [read]    /opt/app-root/web/i18n-scripts/common.js
  [read]    /opt/app-root/web/i18n-scripts/set-english-defaults.js
  [read]    /opt/app-root/web/i18next-parser.config.js
  [read]    /opt/app-root/web/jest.config.js
  [read]    /opt/app-root/web/locales/en/plugin__troubleshooting-panel-console-plugin.json
  [read]    /opt/app-root/web/package-lock.json
  [read]    /opt/app-root/web/package.json
  [read]    /opt/app-root/web/src/__tests__/alert.spec.ts
  [read]    /opt/app-root/web/src/__tests__/all-domains.spec.ts
  [read]    /opt/app-root/web/src/__tests__/icons-preview.spec.tsx
  [read]    /opt/app-root/web/src/__tests__/k8s.spec.ts
  [read]    /opt/app-root/web/src/__tests__/log.spec.ts
  [read]    /opt/app-root/web/src/__tests__/metric.spec.ts
  [read]    /opt/app-root/web/src/__tests__/netflow.spec.ts
  [read]    /opt/app-root/web/src/__tests__/time.spec.ts
  [read]    /opt/app-root/web/src/__tests__/trace.spec.ts
  [read]    /opt/app-root/web/src/__tests__/types.spec.ts
  [read]    /opt/app-root/web/src/cancellable-fetch.ts
  [read]    /opt/app-root/web/src/components/AdvancedSearchForm.tsx
  [read]    /opt/app-root/web/src/components/DateTimePicker.tsx
  [read]    /opt/app-root/web/src/components/DateTimeRangePicker.tsx
  [read]    /opt/app-root/web/src/components/HelpPopover.tsx
  [read]    /opt/app-root/web/src/components/icons.tsx
  [read]    /opt/app-root/web/src/components/Korrel8rPanel.tsx
  [read]    /opt/app-root/web/src/components/KubernetesIcon.tsx
  [read]    /opt/app-root/web/src/components/NullContextProvider.tsx
  [read]    /opt/app-root/web/src/components/Popover.tsx
  [read]    /opt/app-root/web/src/components/TimeRangeDropdown.tsx
  [warning] Key is not a string literal
  [read]    /opt/app-root/web/src/components/TimeUnitPicker.tsx
  [read]    /opt/app-root/web/src/components/topology/Korrel8rTopology.tsx
  [read]    /opt/app-root/web/src/getResources.ts
  [read]    /opt/app-root/web/src/hooks/useBoolean.ts
  [read]    /opt/app-root/web/src/hooks/useDomains.tsx
  [read]    /opt/app-root/web/src/hooks/useKorrel8r.ts
  [read]    /opt/app-root/web/src/hooks/useLocationQuery.ts
  [read]    /opt/app-root/web/src/hooks/useNavigateToQuery.ts
  [read]    /opt/app-root/web/src/hooks/usePluginAvailable.ts
  [read]    /opt/app-root/web/src/hooks/usePopover.tsx
  [read]    /opt/app-root/web/src/hooks/useTroubleshootingPanel.tsx
  [read]    /opt/app-root/web/src/korrel8r-client.ts
  [read]    /opt/app-root/web/src/korrel8r/alert.ts
  [read]    /opt/app-root/web/src/korrel8r/all-domains.ts
  [read]    /opt/app-root/web/src/korrel8r/client/core/ApiError.ts
  [read]    /opt/app-root/web/src/korrel8r/client/core/ApiRequestOptions.ts
  [read]    /opt/app-root/web/src/korrel8r/client/core/ApiResult.ts
  [read]    /opt/app-root/web/src/korrel8r/client/core/BaseHttpRequest.ts
  [read]    /opt/app-root/web/src/korrel8r/client/core/CancelablePromise.ts
  [read]    /opt/app-root/web/src/korrel8r/client/core/FetchHttpRequest.ts
  [read]    /opt/app-root/web/src/korrel8r/client/core/OpenAPI.ts
  [read]    /opt/app-root/web/src/korrel8r/client/core/request.ts
  [read]    /opt/app-root/web/src/korrel8r/client/index.ts
  [read]    /opt/app-root/web/src/korrel8r/client/Korrel8rClient.ts
  [read]    /opt/app-root/web/src/korrel8r/client/models/Constraint.ts
  [read]    /opt/app-root/web/src/korrel8r/client/models/Domain.ts
  [read]    /opt/app-root/web/src/korrel8r/client/models/Edge.ts
  [read]    /opt/app-root/web/src/korrel8r/client/models/Goals.ts
  [read]    /opt/app-root/web/src/korrel8r/client/models/Graph.ts
  [read]    /opt/app-root/web/src/korrel8r/client/models/Neighbours.ts
  [read]    /opt/app-root/web/src/korrel8r/client/models/Node.ts
  [read]    /opt/app-root/web/src/korrel8r/client/models/QueryCount.ts
  [read]    /opt/app-root/web/src/korrel8r/client/models/Rule.ts
  [read]    /opt/app-root/web/src/korrel8r/client/models/Start.ts
  [read]    /opt/app-root/web/src/korrel8r/client/models/Store.ts
  [read]    /opt/app-root/web/src/korrel8r/client/services/DefaultService.ts
  [read]    /opt/app-root/web/src/korrel8r/k8s.ts
  [read]    /opt/app-root/web/src/korrel8r/log.ts
  [read]    /opt/app-root/web/src/korrel8r/metric.ts
  [read]    /opt/app-root/web/src/korrel8r/netflow.ts
  [read]    /opt/app-root/web/src/korrel8r/trace.ts
  [read]    /opt/app-root/web/src/korrel8r/types.ts
  [read]    /opt/app-root/web/src/redux-actions.ts
  [read]    /opt/app-root/web/src/redux-reducers.ts
  [read]    /opt/app-root/web/src/time.ts
  [read]    /opt/app-root/web/tsconfig.json
  [read]    /opt/app-root/web/webpack.config.ts
  [write]   /opt/app-root/web/locales/en/plugin__troubleshooting-panel-console-plugin.json

  Stats:  89 files were parsed

> troubleshooting-panel-console-plugin@0.4.0 build
> npm run clean && npm run ts-node node_modules/.bin/webpack


> troubleshooting-panel-console-plugin@0.4.0 clean
> rm -rf dist


> troubleshooting-panel-console-plugin@0.4.0 ts-node
> ts-node -O '{"module":"commonjs"}' node_modules/.bin/webpack

assets by path *.js 4.38 MiB
  assets by chunk 3.5 MiB (id hint: vendors)
    asset vendors-node_modules_fortawesome_react-fontawesome_index_es_js-node_modules_patternfly_react--e1c2c2-chunk.js 1.26 MiB [emitted] (id hint: vendors) 1 related asset
    asset vendors-node_modules_patternfly_react-core_dist_esm_helpers_Popper_Popper_js-chunk.js 1.04 MiB [emitted] (id hint: vendors) 1 related asset
    asset vendors-node_modules_immutable_dist_immutable_es_js-node_modules_typesafe-actions_dist_typesa-cdf261-chunk.js 183 KiB [emitted] (id hint: vendors) 1 related asset
    asset vendors-node_modules_openshift-console_dynamic-plugin-sdk_lib_utils_fetch_console-fetch-utils-7ba8c2-chunk.js 161 KiB [emitted] (id hint: vendors) 1 related asset
    asset vendors-node_modules_patternfly_react-core_dist_esm_components_DatePicker_index_js-chunk.js 94.8 KiB [emitted] (id hint: vendors) 1 related asset
    asset vendors-node_modules_patternfly_react-core_dist_esm_components_Menu_Menu_js-node_modules_patt-b35725-chunk.js 90.8 KiB [emitted] (id hint: vendors) 1 related asset
    asset vendors-node_modules_patternfly_react-core_dist_esm_helpers_FocusTrap_FocusTrap_js-node_modul-246622-chunk.js 80.1 KiB [emitted] (id hint: vendors) 1 related asset
    asset vendors-node_modules_patternfly_react-core_dist_esm_components_Form_index_js-chunk.js 63.3 KiB [emitted] (id hint: vendors) 1 related asset
    asset vendors-node_modules_patternfly_react-core_dist_esm_components_TimePicker_index_js-chunk.js 56.3 KiB [emitted] (id hint: vendors) 1 related asset
    + 13 assets
  + 76 assets
asset locales/en/plugin__troubleshooting-panel-console-plugin.json 3.35 KiB [emitted] [from: ../locales/en/plugin__troubleshooting-panel-console-plugin.json] [copied]
asset plugin-manifest.json 1.19 KiB [emitted]
orphan modules 13 KiB [orphan] 47 modules
runtime modules 81.9 KiB 12 modules
javascript modules 3.04 MiB 362 modules
consume-shared-module modules 1.89 KiB
  modules by path consume shared module (default) @patternfly/ 1.68 KiB 41 modules
  + 5 modules
provide-module modules 1.64 KiB
  modules by path provide shared module (default) @patternfly/react-core/dist/dynamic/ 1.11 KiB 27 modules
  modules by path provide shared module (default) @patternfly/react-icons/dist/dynamic/icons/ 546 bytes
    provide shared module (default) @patternfly/react-icons/dist/dynamic/icons/atten...(truncated) 42 bytes [built] [code generated]
    provide shared module (default) @patternfly/react-icons/dist/dynamic/icons/clust...(truncated) 42 bytes [built] [code generated]
    + 11 modules
../node_modules/@fortawesome/fontawesome-svg-core/package.json 1.39 KiB [optional] [built] [code generated]

LOG from @openshift-console/dynamic-plugin-sdk-webpack/lib/webpack/loaders/dynamic-module-import-loader ../node_modules/ts-loader/index.js??ruleSet[1].rules[0].use[0]!./components/KubernetesIcon.tsx
<w> Non-index and non-dynamic module import @patternfly/react-icons/dist/esm/createIcon

webpack 5.104.1 compiled successfully in 18610 ms
--> 7c29a35b8ae1
[linux/amd64] [3/3] STEP 1/7: FROM registry.redhat.io/rhel9-4-els/rhel:9.4
Trying to pull registry.redhat.io/rhel9-4-els/rhel:9.4...
Getting image source signatures
Checking if image destination supports signatures
Copying blob sha256:9e5082548d869f2944301a153c8568183a38cf0df310a3fb0b2daf2af3b5f841
Copying config sha256:77849b1a77e7859a392840d43bed01557ec82ac0c2ac4283d962deec354ceee6
Writing manifest to image destination
Storing signatures
[linux/amd64] [3/3] STEP 2/7: RUN mkdir /licenses
--> Using cache 7c9c8f811fedc401cf03fecf15e2775286acdfcbd0ce9bf592815337ac5f9e5e
--> 7c9c8f811fed
[linux/amd64] [3/3] STEP 3/7: COPY LICENSE /licenses/.
--> 8de6dd68ac99
[linux/amd64] [3/3] STEP 4/7: USER 1001
--> c0e974b6e0a9
[linux/amd64] [3/3] STEP 5/7: COPY --from=web-builder /opt/app-root/web/dist /opt/app-root/web/dist
--> 2361ef6889c9
[linux/amd64] [3/3] STEP 6/7: COPY --from=go-builder /opt/app-root/plugin-backend /opt/app-root
--> f9456093c6c3
[linux/amd64] [3/3] STEP 7/7: ENTRYPOINT ["/opt/app-root/plugin-backend", "-static-path", "/opt/app-root/web/dist"]
[linux/amd64] [3/3] COMMIT
--> 39d1299c7008
[linux/arm64] [2/3] STEP 1/12: FROM registry.redhat.io/ubi9/go-toolset:latest AS go-builder
39d1299c7008525a4b581de3d84af3337167e6d905b5e73410942e3a985d4438
Trying to pull registry.redhat.io/ubi9/go-toolset:latest...
Getting image source signatures
Checking if image destination supports signatures
Copying blob sha256:c8fdbe3acf44fc21949baa4b7451cf11a0419f45f9666bd58fb6bbfdd44a1035
Copying blob sha256:6c68ec2cb8914dd7cd64b186ef8674ae644c890fcae14edf9a3b33fde3a76cce
Copying blob sha256:98245caf86240da0764634e4873f8d78498df819a738bee6e752ffc1dc9be497
Copying blob sha256:b207289c33efdee1c8daaf54d7533bc0b6b26ba33b63f27dfe4e45d033915609
Copying config sha256:5c5428a28f03480ea8a85cc3dc12e18a5af2121cb26ba4e79a2782af0124f13d
Writing manifest to image destination
Storing signatures
[linux/arm64] [2/3] STEP 2/12: WORKDIR /opt/app-root
--> e196eef773fc
[linux/arm64] [2/3] STEP 3/12: COPY Makefile Makefile
--> d445724cbd78
[linux/arm64] [2/3] STEP 4/12: COPY go.mod go.mod
--> 2a1184ab7a5a
[linux/arm64] [2/3] STEP 5/12: COPY go.sum go.sum
--> 138a8324d725
[linux/arm64] [2/3] STEP 6/12: RUN make install-backend
go mod download
--> 5f49b2c3d3d5
[linux/arm64] [2/3] STEP 7/12: COPY cmd/ cmd/
--> 707c827840a8
[linux/arm64] [2/3] STEP 8/12: COPY pkg/ pkg/
--> 760bad9b6ee6
[linux/arm64] [2/3] STEP 9/12: ENV GOFLAGS='-mod=mod'
--> 4861bf3274de
[linux/arm64] [2/3] STEP 10/12: ENV GOEXPERIMENT=strictfipsruntime
--> 3e7317454c2c
[linux/arm64] [2/3] STEP 11/12: ENV CGO_ENABLED=1
--> bdf3696416b1
[linux/arm64] [2/3] STEP 12/12: RUN make build-backend BUILD_OPTS="-tags strictfipsruntime"
go build -tags strictfipsruntime -o plugin-backend -mod=readonly cmd/plugin-backend.go
--> ed313f759561
[linux/arm64] [3/3] STEP 1/7: FROM registry.redhat.io/rhel9-4-els/rhel:9.4
Trying to pull registry.redhat.io/rhel9-4-els/rhel:9.4...
Getting image source signatures
Checking if image destination supports signatures
Copying blob sha256:79500177a417e8e03b63a0893e7e6b03f94ac7a605be761a51e28f082a16087f
Copying config sha256:62846c379ae900d8abe0855310d3d4e7ca7b0b21cc231d45bdfe5a0044988475
Writing manifest to image destination
Storing signatures
[linux/arm64] [3/3] STEP 2/7: RUN mkdir /licenses
--> Using cache a5c755ae1bbd31609a2c489015f1eff3b8cb42338f8820b0095369540fb52ad3
--> a5c755ae1bbd
[linux/arm64] [3/3] STEP 3/7: COPY LICENSE /licenses/.
--> f347cec8193b
[linux/arm64] [3/3] STEP 4/7: USER 1001
--> 5ce14a1e56ca
[linux/arm64] [3/3] STEP 5/7: COPY --from=web-builder /opt/app-root/web/dist /opt/app-root/web/dist
--> d6df3b1ecdaa
[linux/arm64] [3/3] STEP 6/7: COPY --from=go-builder /opt/app-root/plugin-backend /opt/app-root
--> cd4375d2aa2e
[linux/arm64] [3/3] STEP 7/7: ENTRYPOINT ["/opt/app-root/plugin-backend", "-static-path", "/opt/app-root/web/dist"]
[linux/arm64] [3/3] COMMIT
--> 0a9d8eb08d03
0a9d8eb08d03b6147f404cb362f4d853f3e9ac61cf033a95901bbaacec77ef1d
podman manifest push quay.io/rh-ee-emurasak/troubleshooting-panel-console-plugin:v0.4.5
Getting image list signatures
Copying 2 images generated from 2 images in list
Copying image sha256:870c40420e003a7261fa5abbdd68a4b0e87066727a492f2b2e42d662a3d80dbc (1/2)
Getting image source signatures
Copying blob sha256:74ea6a5315ac2a0a27a1e4e6f87703374739fbd596e872724a21ab09c6bdf5dd
Copying blob sha256:61363d41ebb838c202567f8db9f65ceea8587c81df001c7206b2943f6a58a62a
Copying blob sha256:8f145ca8d1360b1f7e80c2d3712485eb6ddf255f02da3637641b8ad64e6c48a2
Copying blob sha256:83b1eb4da5a2c82e780f772a2fbf6a159fc444e6dcc29a5b26137395de7e71a5
Copying blob sha256:54c5bab81d9d339cf9ac6da4be8b6701d424ddd72afa5c03d817a0396daba667
Copying config sha256:39d1299c7008525a4b581de3d84af3337167e6d905b5e73410942e3a985d4438
Writing manifest to image destination
Copying image sha256:6412eef2927cf780e7dc1b79aad954fd6a384f8816ff058e4763b29e9e485752 (2/2)
Getting image source signatures
Copying blob sha256:19e45d152bf8d78ac17db89d42fee991f8683f41b2665218cc584c8954a39216
Copying blob sha256:abdb8cc72e3424e4355a57b5eaf69a820fc9a93b5ef3124d51f184bbf887b049
Copying blob sha256:d6d0f237db8a0253dbfae4dec93ceeb371114980932e399b13eb3b8be037b55c
Copying blob sha256:d4f23463a867bfcca4913e6996b2ca649a5867ee9e4c8152aebb286c5255555a
Copying blob sha256:a60182bb911059a140b0aa400bade2cfb201ce9b6884c84afadb1e20586ea415
Copying config sha256:0a9d8eb08d03b6147f404cb362f4d853f3e9ac61cf033a95901bbaacec77ef1d
Writing manifest to image destination
Writing manifest list to image destination
Storing list signatures
==========================================
Building monitoring-plugin @ release-coo-ocp-4.19 with VERSION=v0.5.4 ORG=rh-ee-emurasak
==========================================
Switched to branch 'release-coo-ocp-4.19'
Your branch is up to date with 'origin/release-coo-ocp-4.19'.
From https://github.com/openshift/monitoring-plugin
 * branch            release-coo-ocp-4.19 -> FETCH_HEAD
Already up to date.
--- Attempt 1/3 ---
podman manifest rm quay.io/rh-ee-emurasak/monitoring-console-plugin:v0.5.4 || true
Error: quay.io/rh-ee-emurasak/monitoring-console-plugin:v0.5.4: image not known
podman manifest create quay.io/rh-ee-emurasak/monitoring-console-plugin:v0.5.4
7a821ad186262db1e1b7d0a54f10e95085f53037ba45051f23371c06978a7de3
podman build --platform linux/arm64,linux/amd64 --manifest quay.io/rh-ee-emurasak/monitoring-console-plugin:v0.5.4 -f Dockerfile.mcp
[linux/arm64] [1/3] STEP 1/13: FROM registry.redhat.io/ubi9/nodejs-22:latest AS web-builder
[linux/arm64] [1/3] STEP 2/13: WORKDIR /opt/app-root
--> Using cache 4a877a5ee24b97054fef45e1d90d7f1abbe9d1b5abab7bce73ce51b13c58c525
--> 4a877a5ee24b
[linux/arm64] [1/3] STEP 3/13: USER 0
--> Using cache ab1e774425350ab5c699ca7304913b98511440ae324cc53d8caaa0c028f11cc8
--> ab1e77442535
[linux/arm64] [1/3] STEP 4/13: ENV HUSKY=0
--> Using cache 159d00804dfad7eab6efa3ad8127664170b0b71bfa5d19464cc26ecdf010adc2
--> 159d00804dfa
[linux/arm64] [1/3] STEP 5/13: COPY web/package*.json web/
--> c602eb7fddc1
[linux/arm64] [1/3] STEP 6/13: COPY Makefile Makefile
--> 8eb0f0156071
[linux/arm64] [1/3] STEP 7/13: RUN cd web && npm ci --legacy-peer-deps --ignore-scripts
npm warn deprecated rimraf@3.0.2: Rimraf versions prior to v4 are no longer supported
npm warn deprecated popper.js@1.16.1: You can find the new Popper v2 at @popperjs/core, this package is dedicated to the legacy v1
npm warn deprecated lodash.get@4.4.2: This package is deprecated. Use the optional chaining (?.) operator instead.
npm warn deprecated inflight@1.0.6: This module is not supported, and leaks memory. Do not use it. Check out lru-cache if you want a good and tested way to coalesce async requests by a key value, which is much more comprehensive and powerful.
npm warn deprecated i18next-parser@9.4.0: Project is deprecated, use i18next-cli instead
npm warn deprecated glob@7.2.3: Glob versions prior to v9 are no longer supported
npm warn deprecated eslint@8.57.1: This version is no longer supported. Please see https://eslint.org/version-support for other options.
npm warn deprecated @humanwhocodes/object-schema@2.0.3: Use @eslint/object-schema instead
npm warn deprecated @humanwhocodes/config-array@0.13.0: Use @eslint/config-array instead
npm warn deprecated glob@10.5.0: Old versions of glob are not supported, and contain widely publicized security vulnerabilities, which have been fixed in the current version. Please update. Support for old versions may be purchased (at exorbitant rates) by contacting i@izs.me

added 1755 packages, and audited 1756 packages in 46s

305 packages are looking for funding
  run `npm fund` for details

24 vulnerabilities (22 moderate, 2 high)

To address issues that do not require attention, run:
  npm audit fix

To address all issues (including breaking changes), run:
  npm audit fix --force

Run `npm audit` for details.
--> e62085a39b3a
[linux/arm64] [1/3] STEP 8/13: COPY web/ web/
--> a8672f7b496f
[linux/arm64] [1/3] STEP 9/13: COPY config/ config/
--> f109bd185daf
[linux/arm64] [1/3] STEP 10/13: COPY scripts/update-plugin-name.sh scripts/update-plugin-name.sh
--> cbc20b74dc47
[linux/arm64] [1/3] STEP 11/13: RUN make update-plugin-name
./scripts/update-plugin-name.sh
--> c51ab46a2498
[linux/arm64] [1/3] STEP 12/13: ENV I18N_NAMESPACE="plugin__monitoring-console-plugin"
--> 9fd55b0ad842
[linux/arm64] [1/3] STEP 13/13: RUN make build-frontend
cd web && npm run build

> monitoring-console-plugin@0.5.0 build
> npm run clean && NODE_ENV=production npm run ts-node node_modules/.bin/webpack


> monitoring-console-plugin@0.5.0 clean
> rm -rf dist


> monitoring-console-plugin@0.5.0 ts-node
> ts-node -O '{"module":"commonjs"}' node_modules/.bin/webpack

DEPRECATION WARNING [legacy-js-api]: The legacy JS API is deprecated and will be removed in Dart Sass 2.0.0.

More info: https://sass-lang.com/d/legacy-js-api

assets by path *.js 9.58 MiB
  assets by chunk 8.27 MiB (id hint: vendors)
    assets by status 7.3 MiB [big] 4 assets
    + 38 assets
  + 165 assets
assets by path assets/ 1.28 MiB
  assets by path assets/*.woff 740 KiB 42 assets
  assets by path assets/*.woff2 565 KiB 42 assets
  asset assets/restricted-sign..svg 2.38 KiB [emitted] [from: components/console/imgs/restricted-sign.svg] (auxiliary name: CmoAlertsPage, exposed-AlertRulesDetailsPage, exposed-AlertsDetailsPage, exposed-IncidentsPage, exposed-SilenceEditPage, exposed-SilencesDetailsPage, exposed-TargetsPage)
assets by path locales/ 115 KiB
  asset locales/en/plugin__monitoring-console-plugin.json 21.8 KiB [emitted] [from: ../locales/en/plugin__monitoring-console-plugin.json] [copied]
  asset locales/ja/plugin__monitoring-console-plugin.json 20.7 KiB [emitted] [from: ../locales/ja/plugin__monitoring-console-plugin.json] [copied]
  asset locales/fr/plugin__monitoring-console-plugin.json 19.3 KiB [emitted] [from: ../locales/fr/plugin__monitoring-console-plugin.json] [copied]
  + 3 assets
asset plugin-manifest.json 7.02 KiB [emitted]
orphan modules 19.4 MiB [orphan] 20194 modules
runtime modules 59.6 KiB 15 modules
built modules 17.8 MiB (javascript) 1.28 MiB (asset) 3.28 KiB (consume-shared) 3.04 KiB (share-init) [built]
  javascript modules 17.8 MiB 1732 modules
  asset modules 1.28 MiB (asset) 3.49 KiB (javascript)
    modules by path ../node_modules/@fontsource/inter/files/*.woff2 565 KiB (asset) 1.72 KiB (javascript) 42 modules
    modules by path ../node_modules/@fontsource/inter/files/*.woff 740 KiB (asset) 1.72 KiB (javascript) 42 modules
    ./components/console/imgs/restricted-sign.svg 2.38 KiB (asset) 42 bytes (javascript) [built] [code generated]
  consume-shared-module modules 3.28 KiB 80 modules
  provide-module modules 3.04 KiB
    modules by path provide shared module (default) @patternfly/react-core/dist/dynamic/ 1.93 KiB 47 modules
    modules by path provide shared module (default) @patternfly/react-icons/dist/dynamic/icons/ 1.03 KiB 25 modules
    modules by path provide shared module (default) @patternfly/react-table/dist/dynamic/components/ 84 bytes 2 modules
  ../node_modules/tlds/index.json 10.9 KiB [built] [code generated]

WARNING in asset size limit: The following asset(s) exceed the recommended size limit (244 KiB).
This can impact web performance.
Assets: 
  4617-chunk-d26499fbc029304a133e.min.js (311 KiB)
  9810-chunk-a64b894c03accad280e9.min.js (402 KiB)
  7534-chunk-43e5a98482d88225241c.min.js (2.08 MiB)
  8433-chunk-c91222c9e2cc31b48e7d.min.js (4.53 MiB)

webpack 5.105.2 compiled with 1 warning in 122787 ms
--> 43d1bad134d3
[linux/amd64] [1/3] STEP 1/13: FROM registry.redhat.io/ubi9/nodejs-22:latest AS web-builder
Trying to pull registry.redhat.io/ubi9/nodejs-22:latest...
Getting image source signatures
Checking if image destination supports signatures
Copying blob sha256:669ecfdf872e83fa8f88dbdbe9b75f628fb72b9210cbdcce7ea0f449a74cac9e
Copying blob sha256:9a785c83dc42af66688cf5d3dd8e0500ce65bad5a679b45744d62c2fffbb60d8
Copying blob sha256:1c3800ac7d8629ddf73a031732f867dbc0c46d5a7dd1f70c0656c2e6e351e3aa
Copying config sha256:7ff8c7d7ce9b0c742c2379ee8b8206279c959b199e0e12bd8d486ef717c6da23
Writing manifest to image destination
Storing signatures
[linux/amd64] [1/3] STEP 2/13: WORKDIR /opt/app-root
--> Using cache ee0873c779f9dc2cf40d8976949d244c692f337607954c0305de23374f5df9fe
--> ee0873c779f9
[linux/amd64] [1/3] STEP 3/13: USER 0
--> Using cache d12af7a24add7288a368f8b754bec277378d57de4936d85e6b7e1c238b5e8746
--> d12af7a24add
[linux/amd64] [1/3] STEP 4/13: ENV HUSKY=0
--> Using cache 428918fb2167a036aab0e55fa9583e1bbabfd218db990ab1f6581b762c19c045
--> 428918fb2167
[linux/amd64] [1/3] STEP 5/13: COPY web/package*.json web/
--> 700c2b92d38c
[linux/amd64] [1/3] STEP 6/13: COPY Makefile Makefile
--> bde0ea8a4280
[linux/amd64] [1/3] STEP 7/13: RUN cd web && npm ci --legacy-peer-deps --ignore-scripts
npm warn deprecated rimraf@3.0.2: Rimraf versions prior to v4 are no longer supported
npm warn deprecated lodash.get@4.4.2: This package is deprecated. Use the optional chaining (?.) operator instead.
npm warn deprecated inflight@1.0.6: This module is not supported, and leaks memory. Do not use it. Check out lru-cache if you want a good and tested way to coalesce async requests by a key value, which is much more comprehensive and powerful.
npm warn deprecated glob@7.2.3: Glob versions prior to v9 are no longer supported
npm warn deprecated i18next-parser@9.4.0: Project is deprecated, use i18next-cli instead
npm warn deprecated popper.js@1.16.1: You can find the new Popper v2 at @popperjs/core, this package is dedicated to the legacy v1
npm warn deprecated @humanwhocodes/object-schema@2.0.3: Use @eslint/object-schema instead
npm warn deprecated @humanwhocodes/config-array@0.13.0: Use @eslint/config-array instead
npm warn deprecated eslint@8.57.1: This version is no longer supported. Please see https://eslint.org/version-support for other options.
npm warn deprecated glob@10.5.0: Old versions of glob are not supported, and contain widely publicized security vulnerabilities, which have been fixed in the current version. Please update. Support for old versions may be purchased (at exorbitant rates) by contacting i@izs.me

added 1755 packages, and audited 1756 packages in 56s

305 packages are looking for funding
  run `npm fund` for details

24 vulnerabilities (22 moderate, 2 high)

To address issues that do not require attention, run:
  npm audit fix

To address all issues (including breaking changes), run:
  npm audit fix --force

Run `npm audit` for details.
--> 1f544b82bb54
[linux/amd64] [1/3] STEP 8/13: COPY web/ web/
--> a1fbc9b7798e
[linux/amd64] [1/3] STEP 9/13: COPY config/ config/
--> b952c7637dc6
[linux/amd64] [1/3] STEP 10/13: COPY scripts/update-plugin-name.sh scripts/update-plugin-name.sh
--> 99ef3f87106e
[linux/amd64] [1/3] STEP 11/13: RUN make update-plugin-name
./scripts/update-plugin-name.sh
--> d2b715291dd7
[linux/amd64] [1/3] STEP 12/13: ENV I18N_NAMESPACE="plugin__monitoring-console-plugin"
--> 7a8ad9cefb6d
[linux/amd64] [1/3] STEP 13/13: RUN make build-frontend
cd web && npm run build

> monitoring-console-plugin@0.5.0 build
> npm run clean && NODE_ENV=production npm run ts-node node_modules/.bin/webpack


> monitoring-console-plugin@0.5.0 clean
> rm -rf dist


> monitoring-console-plugin@0.5.0 ts-node
> ts-node -O '{"module":"commonjs"}' node_modules/.bin/webpack

DEPRECATION WARNING [legacy-js-api]: The legacy JS API is deprecated and will be removed in Dart Sass 2.0.0.

More info: https://sass-lang.com/d/legacy-js-api

assets by path *.js 9.58 MiB
  assets by chunk 8.27 MiB (id hint: vendors)
    assets by status 7.3 MiB [big] 4 assets
    + 38 assets
  + 165 assets
assets by path assets/ 1.28 MiB
  assets by path assets/*.woff 740 KiB 42 assets
  assets by path assets/*.woff2 565 KiB 42 assets
  asset assets/restricted-sign..svg 2.38 KiB [emitted] [from: components/console/imgs/restricted-sign.svg] (auxiliary name: CmoAlertsPage, exposed-AlertRulesDetailsPage, exposed-AlertsDetailsPage, exposed-IncidentsPage, exposed-SilenceEditPage, exposed-SilencesDetailsPage, exposed-TargetsPage)
assets by path locales/ 115 KiB
  asset locales/en/plugin__monitoring-console-plugin.json 21.8 KiB [emitted] [from: ../locales/en/plugin__monitoring-console-plugin.json] [copied]
  asset locales/ja/plugin__monitoring-console-plugin.json 20.7 KiB [emitted] [from: ../locales/ja/plugin__monitoring-console-plugin.json] [copied]
  asset locales/fr/plugin__monitoring-console-plugin.json 19.3 KiB [emitted] [from: ../locales/fr/plugin__monitoring-console-plugin.json] [copied]
  + 3 assets
asset plugin-manifest.json 7.02 KiB [emitted]
orphan modules 19.4 MiB [orphan] 20194 modules
runtime modules 59.6 KiB 15 modules
built modules 17.8 MiB (javascript) 1.28 MiB (asset) 3.28 KiB (consume-shared) 3.04 KiB (share-init) [built]
  javascript modules 17.8 MiB 1732 modules
  asset modules 1.28 MiB (asset) 3.49 KiB (javascript)
    modules by path ../node_modules/@fontsource/inter/files/*.woff2 565 KiB (asset) 1.72 KiB (javascript) 42 modules
    modules by path ../node_modules/@fontsource/inter/files/*.woff 740 KiB (asset) 1.72 KiB (javascript) 42 modules
    ./components/console/imgs/restricted-sign.svg 2.38 KiB (asset) 42 bytes (javascript) [built] [code generated]
  consume-shared-module modules 3.28 KiB 80 modules
  provide-module modules 3.04 KiB
    modules by path provide shared module (default) @patternfly/react-core/dist/dynamic/ 1.93 KiB 47 modules
    modules by path provide shared module (default) @patternfly/react-icons/dist/dynamic/icons/ 1.03 KiB 25 modules
    modules by path provide shared module (default) @patternfly/react-table/dist/dynamic/components/ 84 bytes 2 modules
  ../node_modules/tlds/index.json 10.9 KiB [built] [code generated]

WARNING in asset size limit: The following asset(s) exceed the recommended size limit (244 KiB).
This can impact web performance.
Assets: 
  4617-chunk-d26499fbc029304a133e.min.js (311 KiB)
  9810-chunk-a64b894c03accad280e9.min.js (402 KiB)
  7534-chunk-43e5a98482d88225241c.min.js (2.08 MiB)
  8433-chunk-c91222c9e2cc31b48e7d.min.js (4.53 MiB)

webpack 5.105.2 compiled with 1 warning in 165429 ms
--> 910960899171
[linux/arm64] [2/3] STEP 1/14: FROM brew.registry.redhat.io/rh-osbs/openshift-golang-builder:rhel_9_1.24 AS go-builder
Trying to pull brew.registry.redhat.io/rh-osbs/openshift-golang-builder:rhel_9_1.24...
Getting image source signatures
Copying blob sha256:0b3425962862e4c28bb2a8c620101947643235ac8ec98ebf4dd6948f79db8178
Copying blob sha256:65442b90c1456946b65a513148c3e504c3e1ae3889d427d5b4526ba9cec3ea0e
Copying config sha256:6b75237990fc7d8f0d9c2ac0d8181360163689361a8fa8d7ae3709b82f0e5e4e
Writing manifest to image destination
[linux/arm64] [2/3] STEP 2/14: WORKDIR /opt/app-root
--> Using cache 29f153f844ea16cc922da5dddc6160351aa0dc5f437a8346b9ad04347b96ef22
--> 29f153f844ea
[linux/arm64] [2/3] STEP 3/14: COPY Makefile Makefile
--> 7a2902937048
[linux/arm64] [2/3] STEP 4/14: COPY go.mod go.mod
--> 9b4a0dd03e49
[linux/arm64] [2/3] STEP 5/14: COPY go.sum go.sum
--> 676be915a1c9
[linux/arm64] [2/3] STEP 6/14: RUN make install-backend
go mod download
Go compliance shim [2] [rhel-9-golang-1.24][openshift-golang-builder]: assessment: CGO_ENABLED=1
Go compliance shim [2] [rhel-9-golang-1.24][openshift-golang-builder]: assessment: dynamic linking
Go compliance shim [2] [rhel-9-golang-1.24][openshift-golang-builder]: skipping forced compliance due to broad exemption
Go compliance shim [2] [rhel-9-golang-1.24][openshift-golang-builder]: EXEMPT: 1


Go compliance shim [2] [rhel-9-golang-1.24][openshift-golang-builder]: final command line arguments: "mod" "download" 

Go compliance shim [2] [rhel-9-golang-1.24][openshift-golang-builder]: invoking real go binary
Go compliance shim [2] [rhel-9-golang-1.24][openshift-golang-builder]: Exited with: 0
--> 83a79cc16d5e
[linux/arm64] [2/3] STEP 7/14: COPY cmd/ cmd/
--> 60efff5e78bd
[linux/arm64] [2/3] STEP 8/14: COPY pkg/ pkg/
--> bcd1c7c7989e
[linux/arm64] [2/3] STEP 9/14: ENV GOOS=${TARGETOS:-linux}
--> 6d8dec52b6cb
[linux/arm64] [2/3] STEP 10/14: ENV GOARCH=${TARGETARCH}
--> 6b220f2c83a5
[linux/arm64] [2/3] STEP 11/14: ENV GOEXPERIMENT=strictfipsruntime
--> c26c4d4b8d92
[linux/arm64] [2/3] STEP 12/14: ENV GOFLAGS=-mod=readonly
--> e28e971e7548
[linux/arm64] [2/3] STEP 13/14: ENV CGO_ENABLED=1
--> 55d2c86a42b1
[linux/arm64] [2/3] STEP 14/14: RUN make build-backend
go build  -mod=readonly -o plugin-backend cmd/plugin-backend.go
Go compliance shim [2] [rhel-9-golang-1.24][openshift-golang-builder]: assessment: CGO_ENABLED=1
Go compliance shim [2] [rhel-9-golang-1.24][openshift-golang-builder]: assessment: dynamic linking
Go compliance shim [2] [rhel-9-golang-1.24][openshift-golang-builder]: skipping forced compliance due to broad exemption
Go compliance shim [2] [rhel-9-golang-1.24][openshift-golang-builder]: EXEMPT: 1


Go compliance shim [2] [rhel-9-golang-1.24][openshift-golang-builder]: final command line arguments: "build" "-mod=readonly" "-o" "plugin-backend" "cmd/plugin-backend.go" 

Go compliance shim [2] [rhel-9-golang-1.24][openshift-golang-builder]: invoking real go binary
Go compliance shim [2] [rhel-9-golang-1.24][openshift-golang-builder]: Exited with: 0
--> 37143a5b5113
[linux/amd64] [2/3] STEP 1/14: FROM brew.registry.redhat.io/rh-osbs/openshift-golang-builder:rhel_9_1.24 AS go-builder
Trying to pull brew.registry.redhat.io/rh-osbs/openshift-golang-builder:rhel_9_1.24...
Getting image source signatures
Copying blob sha256:e2e2fd836dcf8c102bc7bdec3fa60ccac6c08515308f3a3fd42a61dbecea6239
Copying blob sha256:5e09f8650bc245176f116be7bf617e9ebbda9f1690adc8f25ef8cc558cd62fbf
Copying config sha256:4110829d2ea57e0eeded3bd6d60857e756e7c4076501cd57b752f0411b653164
Writing manifest to image destination
[linux/amd64] [2/3] STEP 2/14: WORKDIR /opt/app-root
--> Using cache 36b55a0c33e98d54baa5cff3502d7ac389137efdfda6dc50a4253d80b0fe4e19
--> 36b55a0c33e9
[linux/amd64] [2/3] STEP 3/14: COPY Makefile Makefile
--> e9563f4041ba
[linux/amd64] [2/3] STEP 4/14: COPY go.mod go.mod
--> e6c320ae4fa2
[linux/amd64] [2/3] STEP 5/14: COPY go.sum go.sum
--> 0a115e959949
[linux/amd64] [2/3] STEP 6/14: RUN make install-backend
go mod download
Go compliance shim [2] [rhel-9-golang-1.24][openshift-golang-builder]: assessment: CGO_ENABLED=1
Go compliance shim [2] [rhel-9-golang-1.24][openshift-golang-builder]: assessment: dynamic linking
Go compliance shim [2] [rhel-9-golang-1.24][openshift-golang-builder]: skipping forced compliance due to broad exemption
Go compliance shim [2] [rhel-9-golang-1.24][openshift-golang-builder]: EXEMPT: 1


Go compliance shim [2] [rhel-9-golang-1.24][openshift-golang-builder]: final command line arguments: "mod" "download" 

Go compliance shim [2] [rhel-9-golang-1.24][openshift-golang-builder]: invoking real go binary
Go compliance shim [2] [rhel-9-golang-1.24][openshift-golang-builder]: Exited with: 0
--> 4c81ed7dcdb9
[linux/amd64] [2/3] STEP 7/14: COPY cmd/ cmd/
--> f73e6e8b1b7a
[linux/amd64] [2/3] STEP 8/14: COPY pkg/ pkg/
--> f7496e8c39df
[linux/amd64] [2/3] STEP 9/14: ENV GOOS=${TARGETOS:-linux}
--> 6c28a62887ef
[linux/amd64] [2/3] STEP 10/14: ENV GOARCH=${TARGETARCH}
--> 4478f4cd9c3c
[linux/amd64] [2/3] STEP 11/14: ENV GOEXPERIMENT=strictfipsruntime
--> 5a9e539a5877
[linux/amd64] [2/3] STEP 12/14: ENV GOFLAGS=-mod=readonly
--> 71d9167e56d5
[linux/amd64] [2/3] STEP 13/14: ENV CGO_ENABLED=1
--> 9667e7388dca
[linux/amd64] [2/3] STEP 14/14: RUN make build-backend
go build  -mod=readonly -o plugin-backend cmd/plugin-backend.go
Go compliance shim [2] [rhel-9-golang-1.24][openshift-golang-builder]: assessment: CGO_ENABLED=1
Go compliance shim [2] [rhel-9-golang-1.24][openshift-golang-builder]: assessment: dynamic linking
Go compliance shim [2] [rhel-9-golang-1.24][openshift-golang-builder]: skipping forced compliance due to broad exemption
Go compliance shim [2] [rhel-9-golang-1.24][openshift-golang-builder]: EXEMPT: 1


Go compliance shim [2] [rhel-9-golang-1.24][openshift-golang-builder]: final command line arguments: "build" "-mod=readonly" "-o" "plugin-backend" "cmd/plugin-backend.go" 

Go compliance shim [2] [rhel-9-golang-1.24][openshift-golang-builder]: invoking real go binary
Go compliance shim [2] [rhel-9-golang-1.24][openshift-golang-builder]: Exited with: 0
--> 0baaf941eab3
[linux/arm64] [3/3] STEP 1/8: FROM registry.redhat.io/rhel9-4-els/rhel:9.4
[linux/arm64] [3/3] STEP 2/8: RUN mkdir /licenses
--> Using cache a5c755ae1bbd31609a2c489015f1eff3b8cb42338f8820b0095369540fb52ad3
--> a5c755ae1bbd
[linux/arm64] [3/3] STEP 3/8: COPY LICENSE /licenses/.
--> 554edd6eb808
[linux/arm64] [3/3] STEP 4/8: USER 1001
--> 3094ccd40147
[linux/arm64] [3/3] STEP 5/8: COPY --from=web-builder /opt/app-root/web/dist /opt/app-root/web/dist
--> e1c763d5c586
[linux/arm64] [3/3] STEP 6/8: COPY --from=go-builder /opt/app-root/plugin-backend /opt/app-root
--> 2ee27e6e4784
[linux/arm64] [3/3] STEP 7/8: COPY --from=web-builder /opt/app-root/config /opt/app-root/config
--> da2013f78524
[linux/arm64] [3/3] STEP 8/8: ENTRYPOINT ["/opt/app-root/plugin-backend", "-static-path", "/opt/app-root/web/dist"]
[linux/arm64] [3/3] COMMIT
--> c30cf44cf0bd
[linux/amd64] [3/3] STEP 1/8: FROM registry.redhat.io/rhel9-4-els/rhel:9.4
Trying to pull registry.redhat.io/rhel9-4-els/rhel:9.4...
Getting image source signatures
Checking if image destination supports signatures
Copying blob sha256:9e5082548d869f2944301a153c8568183a38cf0df310a3fb0b2daf2af3b5f841
Copying config sha256:77849b1a77e7859a392840d43bed01557ec82ac0c2ac4283d962deec354ceee6
Writing manifest to image destination
Storing signatures
c30cf44cf0bda15defed39408a43ae37f9cf7f7a0b69deb963bb9b8c2e30b4bc
[linux/amd64] [3/3] STEP 2/8: RUN mkdir /licenses
--> Using cache 7c9c8f811fedc401cf03fecf15e2775286acdfcbd0ce9bf592815337ac5f9e5e
--> 7c9c8f811fed
[linux/amd64] [3/3] STEP 3/8: COPY LICENSE /licenses/.
--> 0ce014189e19
[linux/amd64] [3/3] STEP 4/8: USER 1001
--> ef28b9865e89
[linux/amd64] [3/3] STEP 5/8: COPY --from=web-builder /opt/app-root/web/dist /opt/app-root/web/dist
--> 67a0ca4d63ca
[linux/amd64] [3/3] STEP 6/8: COPY --from=go-builder /opt/app-root/plugin-backend /opt/app-root
--> b0344b901f36
[linux/amd64] [3/3] STEP 7/8: COPY --from=web-builder /opt/app-root/config /opt/app-root/config
--> 6c4c8b6d53e4
[linux/amd64] [3/3] STEP 8/8: ENTRYPOINT ["/opt/app-root/plugin-backend", "-static-path", "/opt/app-root/web/dist"]
[linux/amd64] [3/3] COMMIT
--> 6ee2d86924ea
6ee2d86924eac9cdd630361783e185445925bfbebdad79ae8a9d84d9c22c389d
podman manifest push quay.io/rh-ee-emurasak/monitoring-console-plugin:v0.5.4
Getting image list signatures
Copying 2 images generated from 2 images in list
Copying image sha256:b40b77a0b23612311cdf74c3e78eac5f0f06bcdaf39e7e9d13f746beee2c1949 (1/2)
Getting image source signatures
Copying blob sha256:b10ca3d06ae4a0f798cba04b905f4f80f91d24bab92b2f225b7b25144ad3ae22
Copying blob sha256:631bdb95877a000c66f4475d4facff68c3e162ba20080853644c18c9eea41cf3
Copying blob sha256:abdb8cc72e3424e4355a57b5eaf69a820fc9a93b5ef3124d51f184bbf887b049
Copying blob sha256:d4f23463a867bfcca4913e6996b2ca649a5867ee9e4c8152aebb286c5255555a
Copying blob sha256:25ae1e0ab427b7b5de89bf01694f63c61d986020420f3e327c25cea7d4add4bc
Copying blob sha256:6293095c649b7eb36e08f00be9aa00250524a90fb7cf2e7894438837636f271e
Copying config sha256:c30cf44cf0bda15defed39408a43ae37f9cf7f7a0b69deb963bb9b8c2e30b4bc
Writing manifest to image destination
Copying image sha256:824edefac802d90889242a04a6a20d50c7ba48019d0f99c8d665d1508bf8b88d (2/2)
Getting image source signatures
Copying blob sha256:74ea6a5315ac2a0a27a1e4e6f87703374739fbd596e872724a21ab09c6bdf5dd
Copying blob sha256:b79a2860eaa81ed1fd04feb5485f5c55f8278b3805ce5ac08aecf7440e68dbdc
Copying blob sha256:8f145ca8d1360b1f7e80c2d3712485eb6ddf255f02da3637641b8ad64e6c48a2
Copying blob sha256:cfa2184966a88c7394c2c79d5d889ec838ff7d45664eebcaa2487d23fd6da01f
Copying blob sha256:0e9e1b242c3cce5ae9eac8d3fdb803819fc8323098f09764eff2738cadef0044
Copying blob sha256:a069355df0f2b25cb0d8e6f132d0fa57b0ee81a0ffcc60e7fd79085b41e6c99a
Copying config sha256:6ee2d86924eac9cdd630361783e185445925bfbebdad79ae8a9d84d9c22c389d
Writing manifest to image destination
Writing manifest list to image destination
Storing list signatures
==========================================
Building distributed-tracing-console-plugin @ release-coo-ocp-4.22 with VERSION=v1.1.0 ORG=rh-ee-emurasak
==========================================
Switched to branch 'release-coo-ocp-4.22'
Your branch is up to date with 'origin/release-coo-ocp-4.22'.
From https://github.com/openshift/distributed-tracing-console-plugin
 * branch            release-coo-ocp-4.22 -> FETCH_HEAD
Already up to date.
--- Attempt 1/3 ---
podman manifest rm quay.io/rh-ee-emurasak/distributed-tracing-console-plugin:v1.1.0 || true
Error: quay.io/rh-ee-emurasak/distributed-tracing-console-plugin:v1.1.0: image not known
podman manifest create quay.io/rh-ee-emurasak/distributed-tracing-console-plugin:v1.1.0
17cae6aef3410df804d1f0503be0e9deb1d8bc2ba121ec141e813a99f97fab7e
podman build --platform=linux/arm64,linux/amd64 --manifest quay.io/rh-ee-emurasak/distributed-tracing-console-plugin:v1.1.0 -f Dockerfile.dev
[linux/arm64] [1/3] STEP 1/9: FROM registry.redhat.io/ubi9/nodejs-22:latest AS web-builder
Trying to pull registry.redhat.io/ubi9/nodejs-22:latest...
Getting image source signatures
Checking if image destination supports signatures
Copying blob sha256:8cc4364173e08b740ee39103f76581907e7a0eaa07260aeb6afbbebb8dde106e
Copying blob sha256:6c68ec2cb8914dd7cd64b186ef8674ae644c890fcae14edf9a3b33fde3a76cce
Copying blob sha256:98245caf86240da0764634e4873f8d78498df819a738bee6e752ffc1dc9be497
Copying config sha256:bceceabd26d12d7ba9de7f0aad51a65d5ae092bd1ae800eb7bad9330a6a05b8e
Writing manifest to image destination
Storing signatures
[linux/arm64] [1/3] STEP 2/9: WORKDIR /opt/app-root
--> Using cache 4a877a5ee24b97054fef45e1d90d7f1abbe9d1b5abab7bce73ce51b13c58c525
--> 4a877a5ee24b
[linux/arm64] [1/3] STEP 3/9: USER 0
--> Using cache ab1e774425350ab5c699ca7304913b98511440ae324cc53d8caaa0c028f11cc8
--> ab1e77442535
[linux/arm64] [1/3] STEP 4/9: ENV HUSKY=0
--> Using cache 159d00804dfad7eab6efa3ad8127664170b0b71bfa5d19464cc26ecdf010adc2
--> 159d00804dfa
[linux/arm64] [1/3] STEP 5/9: COPY web/package*.json web/
--> 3e001ea31579
[linux/arm64] [1/3] STEP 6/9: COPY Makefile Makefile
--> 77ab0ef220de
[linux/arm64] [1/3] STEP 7/9: RUN make install-frontend-ci-clean
cd web && npm ci --ignore-scripts --omit=optional
npm warn deprecated whatwg-encoding@3.1.1: Use @exodus/bytes instead for a more spec-conformant and faster implementation
npm warn deprecated rimraf@3.0.2: Rimraf versions prior to v4 are no longer supported
npm warn deprecated inflight@1.0.6: This module is not supported, and leaks memory. Do not use it. Check out lru-cache if you want a good and tested way to coalesce async requests by a key value, which is much more comprehensive and powerful.
npm warn deprecated glob@7.2.3: Glob versions prior to v9 are no longer supported
npm warn deprecated rimraf@2.7.1: Rimraf versions prior to v4 are no longer supported
npm warn deprecated glob@10.5.0: Old versions of glob are not supported, and contain widely publicized security vulnerabilities, which have been fixed in the current version. Please update. Support for old versions may be purchased (at exorbitant rates) by contacting i@izs.me
npm warn deprecated glob@10.5.0: Old versions of glob are not supported, and contain widely publicized security vulnerabilities, which have been fixed in the current version. Please update. Support for old versions may be purchased (at exorbitant rates) by contacting i@izs.me
npm warn deprecated glob@10.5.0: Old versions of glob are not supported, and contain widely publicized security vulnerabilities, which have been fixed in the current version. Please update. Support for old versions may be purchased (at exorbitant rates) by contacting i@izs.me
npm warn deprecated glob@10.5.0: Old versions of glob are not supported, and contain widely publicized security vulnerabilities, which have been fixed in the current version. Please update. Support for old versions may be purchased (at exorbitant rates) by contacting i@izs.me

added 1726 packages, and audited 1727 packages in 39s

310 packages are looking for funding
  run `npm fund` for details

27 vulnerabilities (1 low, 19 moderate, 7 high)

To address issues that do not require attention, run:
  npm audit fix

To address all issues (including breaking changes), run:
  npm audit fix --force

Run `npm audit` for details.
cd web && npm cache clean --force
npm warn using --force Recommended protections disabled.
--> 663881342019
[linux/arm64] [1/3] STEP 8/9: COPY web/ web/
--> 523d40fe31fb
[linux/arm64] [1/3] STEP 9/9: RUN make build-frontend
cd web && npm run build

> distributed-tracing-console-plugin@1.0.0 build
> npm run clean && NODE_ENV=production npm run webpack


> distributed-tracing-console-plugin@1.0.0 clean
> rm -rf dist


> distributed-tracing-console-plugin@1.0.0 webpack
> node -r ts-node/register ./node_modules/.bin/webpack

assets by path assets/ 1.27 MiB
  assets by path assets/*.woff 740 KiB 42 assets
  assets by path assets/*.woff2 565 KiB
    asset assets/inter-latin-ext-600-normal..woff2 35.4 KiB [emitted] [from: ../node_modules/@fontsource/inter/files/inter-latin-ext-600-normal.woff2] (auxiliary id hint: vendors)
    + 41 assets
assets by path *.js 3.3 MiB
  assets by chunk 2.9 MiB (id hint: vendors)
    asset 9911-chunk-d5678a1d8861af23fdb1.min.js 2.59 MiB [emitted] [immutable] [minimized] [big] (id hint: vendors) 1 related asset
    asset 3864-chunk-a584ce5774a4b071dbe5.min.js 130 KiB [emitted] [immutable] [minimized] (id hint: vendors) 1 related asset
    asset 4123-chunk-55a800dcef5c3575529a.min.js 39.9 KiB [emitted] [immutable] [minimized] (id hint: vendors)
    + 9 assets
  + 66 assets
asset locales/en/plugin__distributed-tracing-console-plugin.json 4.29 KiB [emitted] [from: ../locales/en/plugin__distributed-tracing-console-plugin.json] [copied]
asset plugin-manifest.json 895 bytes [emitted]
orphan modules 21.1 MiB [orphan] 13444 modules
runtime modules 34.7 KiB 14 modules
built modules 10.2 MiB (javascript) 1.27 MiB (asset) 1.6 KiB (consume-shared) 1.39 KiB (share-init) [built]
  javascript modules 10.2 MiB 718 modules
  asset modules 1.27 MiB (asset) 3.45 KiB (javascript)
    modules by path ../node_modules/@fontsource/inter/files/*.woff2 565 KiB (asset) 1.72 KiB (javascript) 42 modules
    modules by path ../node_modules/@fontsource/inter/files/*.woff 740 KiB (asset) 1.72 KiB (javascript) 42 modules
  consume-shared-module modules 1.6 KiB
    modules by path consume shared module (default) @patternfly/ 1.39 KiB 34 modules
    modules by path *.1 (singleton) 84 bytes 2 modules
    + 3 modules
  provide-module modules 1.39 KiB
    modules by path provide shared module (default) @patternfly/react-core/dist/dynamic/ 924 bytes 22 modules
    modules by path provide shared module (default) @patternfly/react-icons/dist/dynamic/icons/ 504 bytes 12 modules

WARNING in asset size limit: The following asset(s) exceed the recommended size limit (244 KiB).
This can impact web performance.
Assets: 
  9911-chunk-d5678a1d8861af23fdb1.min.js (2.59 MiB)

webpack 5.106.2 compiled with 1 warning in 115577 ms
--> 0072615a0419
[linux/amd64] [1/3] STEP 1/9: FROM registry.redhat.io/ubi9/nodejs-22:latest AS web-builder
Trying to pull registry.redhat.io/ubi9/nodejs-22:latest...
Getting image source signatures
Checking if image destination supports signatures
Copying blob sha256:669ecfdf872e83fa8f88dbdbe9b75f628fb72b9210cbdcce7ea0f449a74cac9e
Copying blob sha256:9a785c83dc42af66688cf5d3dd8e0500ce65bad5a679b45744d62c2fffbb60d8
Copying blob sha256:1c3800ac7d8629ddf73a031732f867dbc0c46d5a7dd1f70c0656c2e6e351e3aa
Copying config sha256:7ff8c7d7ce9b0c742c2379ee8b8206279c959b199e0e12bd8d486ef717c6da23
Writing manifest to image destination
Storing signatures
[linux/amd64] [1/3] STEP 2/9: WORKDIR /opt/app-root
--> Using cache ee0873c779f9dc2cf40d8976949d244c692f337607954c0305de23374f5df9fe
--> ee0873c779f9
[linux/amd64] [1/3] STEP 3/9: USER 0
--> Using cache d12af7a24add7288a368f8b754bec277378d57de4936d85e6b7e1c238b5e8746
--> d12af7a24add
[linux/amd64] [1/3] STEP 4/9: ENV HUSKY=0
--> Using cache 428918fb2167a036aab0e55fa9583e1bbabfd218db990ab1f6581b762c19c045
--> 428918fb2167
[linux/amd64] [1/3] STEP 5/9: COPY web/package*.json web/
--> 16abaeb0b962
[linux/amd64] [1/3] STEP 6/9: COPY Makefile Makefile
--> 350f356136e1
[linux/amd64] [1/3] STEP 7/9: RUN make install-frontend-ci-clean
cd web && npm ci --ignore-scripts --omit=optional
npm warn deprecated whatwg-encoding@3.1.1: Use @exodus/bytes instead for a more spec-conformant and faster implementation
npm warn deprecated rimraf@3.0.2: Rimraf versions prior to v4 are no longer supported
npm warn deprecated inflight@1.0.6: This module is not supported, and leaks memory. Do not use it. Check out lru-cache if you want a good and tested way to coalesce async requests by a key value, which is much more comprehensive and powerful.
npm warn deprecated glob@7.2.3: Glob versions prior to v9 are no longer supported
npm warn deprecated rimraf@2.7.1: Rimraf versions prior to v4 are no longer supported
npm warn deprecated glob@10.5.0: Old versions of glob are not supported, and contain widely publicized security vulnerabilities, which have been fixed in the current version. Please update. Support for old versions may be purchased (at exorbitant rates) by contacting i@izs.me
npm warn deprecated glob@10.5.0: Old versions of glob are not supported, and contain widely publicized security vulnerabilities, which have been fixed in the current version. Please update. Support for old versions may be purchased (at exorbitant rates) by contacting i@izs.me
npm warn deprecated glob@10.5.0: Old versions of glob are not supported, and contain widely publicized security vulnerabilities, which have been fixed in the current version. Please update. Support for old versions may be purchased (at exorbitant rates) by contacting i@izs.me
npm warn deprecated glob@10.5.0: Old versions of glob are not supported, and contain widely publicized security vulnerabilities, which have been fixed in the current version. Please update. Support for old versions may be purchased (at exorbitant rates) by contacting i@izs.me

added 1726 packages, and audited 1727 packages in 1m

310 packages are looking for funding
  run `npm fund` for details

27 vulnerabilities (1 low, 19 moderate, 7 high)

To address issues that do not require attention, run:
  npm audit fix

To address all issues (including breaking changes), run:
  npm audit fix --force

Run `npm audit` for details.
cd web && npm cache clean --force
npm warn using --force Recommended protections disabled.
--> 76d68ab2ec4f
[linux/amd64] [1/3] STEP 8/9: COPY web/ web/
--> 20019710f5ea
[linux/amd64] [1/3] STEP 9/9: RUN make build-frontend
cd web && npm run build

> distributed-tracing-console-plugin@1.0.0 build
> npm run clean && NODE_ENV=production npm run webpack


> distributed-tracing-console-plugin@1.0.0 clean
> rm -rf dist


> distributed-tracing-console-plugin@1.0.0 webpack
> node -r ts-node/register ./node_modules/.bin/webpack

assets by path assets/ 1.27 MiB
  assets by path assets/*.woff 740 KiB 42 assets
  assets by path assets/*.woff2 565 KiB
    asset assets/inter-latin-ext-600-normal..woff2 35.4 KiB [emitted] [from: ../node_modules/@fontsource/inter/files/inter-latin-ext-600-normal.woff2] (auxiliary id hint: vendors)
    + 41 assets
assets by path *.js 3.3 MiB
  assets by chunk 2.9 MiB (id hint: vendors)
    asset 9911-chunk-d5678a1d8861af23fdb1.min.js 2.59 MiB [emitted] [immutable] [minimized] [big] (id hint: vendors) 1 related asset
    asset 3864-chunk-a584ce5774a4b071dbe5.min.js 130 KiB [emitted] [immutable] [minimized] (id hint: vendors) 1 related asset
    asset 4123-chunk-55a800dcef5c3575529a.min.js 39.9 KiB [emitted] [immutable] [minimized] (id hint: vendors)
    + 9 assets
  + 66 assets
asset locales/en/plugin__distributed-tracing-console-plugin.json 4.29 KiB [emitted] [from: ../locales/en/plugin__distributed-tracing-console-plugin.json] [copied]
asset plugin-manifest.json 895 bytes [emitted]
orphan modules 21.1 MiB [orphan] 13444 modules
runtime modules 34.7 KiB 14 modules
built modules 10.2 MiB (javascript) 1.27 MiB (asset) 1.6 KiB (consume-shared) 1.39 KiB (share-init) [built]
  javascript modules 10.2 MiB 718 modules
  asset modules 1.27 MiB (asset) 3.45 KiB (javascript)
    modules by path ../node_modules/@fontsource/inter/files/*.woff2 565 KiB (asset) 1.72 KiB (javascript) 42 modules
    modules by path ../node_modules/@fontsource/inter/files/*.woff 740 KiB (asset) 1.72 KiB (javascript) 42 modules
  consume-shared-module modules 1.6 KiB
    modules by path consume shared module (default) @patternfly/ 1.39 KiB 34 modules
    modules by path *.1 (singleton) 84 bytes 2 modules
    + 3 modules
  provide-module modules 1.39 KiB
    modules by path provide shared module (default) @patternfly/react-core/dist/dynamic/ 924 bytes 22 modules
    modules by path provide shared module (default) @patternfly/react-icons/dist/dynamic/icons/ 504 bytes 12 modules

WARNING in asset size limit: The following asset(s) exceed the recommended size limit (244 KiB).
This can impact web performance.
Assets: 
  9911-chunk-d5678a1d8861af23fdb1.min.js (2.59 MiB)

webpack 5.106.2 compiled with 1 warning in 136946 ms
--> ca4b6a41aae8
[linux/arm64] [2/3] STEP 1/12: FROM brew.registry.redhat.io/rh-osbs/openshift-golang-builder:rhel_9_1.25 AS go-builder
[linux/arm64] [2/3] STEP 2/12: WORKDIR /opt/app-root
--> Using cache 0d6cbc4ff6d85e67db298d4226c761e8599d853b5bd1910a9b9a7a4a6abe35b3
--> 0d6cbc4ff6d8
[linux/arm64] [2/3] STEP 3/12: COPY Makefile Makefile
--> Using cache 0ce1fe2169ae114d86907e180e902717b8fe1a66dc3f083ab145b37df5813cf3
--> 0ce1fe2169ae
[linux/arm64] [2/3] STEP 4/12: COPY go.mod go.mod
--> Using cache 9fcc7b7f3cb0b1693b099ab119d7ecd8f12db63ca76a9cfe67ada855da1f6ee1
--> 9fcc7b7f3cb0
[linux/arm64] [2/3] STEP 5/12: COPY go.sum go.sum
--> Using cache 333ccac0b913a0478d1e3e615e41ff9f838a4eb8c2d288b72e7a12f03f82fac2
--> 333ccac0b913
[linux/arm64] [2/3] STEP 6/12: RUN make install-backend
--> Using cache 42edfe6664978b48daa6c0e217636332773302d2821fcb79b5ffebe7390d59c2
--> 42edfe666497
[linux/arm64] [2/3] STEP 7/12: COPY cmd/ cmd/
--> Using cache f7f4e7cdb1696b9796b3109a621aab59804af09cb611983fdd21caa5b350edea
--> f7f4e7cdb169
[linux/arm64] [2/3] STEP 8/12: COPY pkg/ pkg/
--> Using cache 2fed3184b5b16637b65f7114ce7b5a1258af1c1fecc102688ccd6c32b20b1db2
--> 2fed3184b5b1
[linux/arm64] [2/3] STEP 9/12: ENV GOFLAGS='-mod=mod'
--> Using cache ded1e6846250719cba63226c34af4feb76c540e4368f505c26b3c261962dc2ae
--> ded1e6846250
[linux/arm64] [2/3] STEP 10/12: ENV GOEXPERIMENT=strictfipsruntime
--> Using cache 3d586864d33652377e6619b8af80e85b0c6ea7f04ac4855597ad254f68afc278
--> 3d586864d336
[linux/arm64] [2/3] STEP 11/12: ENV CGO_ENABLED=1
--> Using cache 8862c6d52106973ab7cca05d12dc74ddca8f8c63b9934fef34d6f34bda931c6a
--> 8862c6d52106
[linux/arm64] [2/3] STEP 12/12: RUN make build-backend BUILD_OPTS="-tags strictfipsruntime"
--> Using cache 0410d700b69733e6a240324cb252a42321c6d05ebbad697e646a7147e2e201e3
--> 0410d700b697
[linux/amd64] [2/3] STEP 1/12: FROM brew.registry.redhat.io/rh-osbs/openshift-golang-builder:rhel_9_1.25 AS go-builder
Trying to pull brew.registry.redhat.io/rh-osbs/openshift-golang-builder:rhel_9_1.25...
Getting image source signatures
Copying blob sha256:07b4b7296fb976a7b266e7a81c8e2cef5b0047bd20db6025d084fb8b608e05ed
Copying blob sha256:cb8cee91bb10a151d5f47bfaeade03a136feecdd326326b1bb7ffb26c45f6de8
Copying config sha256:e218eae4db33b56e53cba7f172626764546c2a49403ee52a4a6779724a202367
Writing manifest to image destination
[linux/amd64] [2/3] STEP 2/12: WORKDIR /opt/app-root
--> Using cache 84defa708a747fba6008f02334d83ca3a413868da81ffd18308d92f475f26aa5
--> 84defa708a74
[linux/amd64] [2/3] STEP 3/12: COPY Makefile Makefile
--> Using cache df0a807b4cd7441595ee1790a5a16a1ccac262ba7ffab0663e2a8be5d869da46
--> df0a807b4cd7
[linux/amd64] [2/3] STEP 4/12: COPY go.mod go.mod
--> Using cache 194444ab44f9af525055abebd12e920c2b11b9d40fdd7e1492de0975cb4140bf
--> 194444ab44f9
[linux/amd64] [2/3] STEP 5/12: COPY go.sum go.sum
--> Using cache ff6b814644c8e3d0a6e49e9a10a9adf763d2daff37b3fabf9620449b1e88b6d1
--> ff6b814644c8
[linux/amd64] [2/3] STEP 6/12: RUN make install-backend
--> Using cache 9e56fcba16fd9c85fb2fa4d9d5de1d7f6da6919b3b7677dd0332e9c05528dc94
--> 9e56fcba16fd
[linux/amd64] [2/3] STEP 7/12: COPY cmd/ cmd/
--> Using cache 1dc769b309e426f131b61bfb1dca8d143806614b320b2040c3fa6022160ee361
--> 1dc769b309e4
[linux/amd64] [2/3] STEP 8/12: COPY pkg/ pkg/
--> Using cache 54e6616cedf426247233b463296d5219c7c8a8c3d477b262b75cdc44fe25a993
--> 54e6616cedf4
[linux/amd64] [2/3] STEP 9/12: ENV GOFLAGS='-mod=mod'
--> Using cache eaf24f12dc69fcdb9bb854c34e61edbe20fc925518cae564508d4bd5bae81d60
--> eaf24f12dc69
[linux/amd64] [2/3] STEP 10/12: ENV GOEXPERIMENT=strictfipsruntime
--> Using cache 16322d61ba18259cb89c53883fed316865c26dd5ffb915adcc2d57b99acec214
--> 16322d61ba18
[linux/amd64] [2/3] STEP 11/12: ENV CGO_ENABLED=1
--> Using cache bb2944942f6528d07488a32bbb0e3d11a31584557c53461ae4e2ba28c39cde28
--> bb2944942f65
[linux/amd64] [2/3] STEP 12/12: RUN make build-backend BUILD_OPTS="-tags strictfipsruntime"
--> Using cache 6119617df8c28c2f1650c8abe036dc2e718b32db37238f5f12cd2ec50c8343a7
--> 6119617df8c2
[linux/arm64] [3/3] STEP 1/7: FROM registry.redhat.io/rhel9-4-els/rhel:9.4
Trying to pull registry.redhat.io/rhel9-4-els/rhel:9.4...
Getting image source signatures
Checking if image destination supports signatures
Copying blob sha256:79500177a417e8e03b63a0893e7e6b03f94ac7a605be761a51e28f082a16087f
Copying config sha256:62846c379ae900d8abe0855310d3d4e7ca7b0b21cc231d45bdfe5a0044988475
Writing manifest to image destination
Storing signatures
[linux/arm64] [3/3] STEP 2/7: RUN mkdir /licenses
--> Using cache a5c755ae1bbd31609a2c489015f1eff3b8cb42338f8820b0095369540fb52ad3
--> a5c755ae1bbd
[linux/arm64] [3/3] STEP 3/7: COPY LICENSE /licenses/.
--> Using cache ef50cb1a2dabb08cf0042260bf41981b2448ad5c16ca3ae4e9242349dc163a2c
--> ef50cb1a2dab
[linux/arm64] [3/3] STEP 4/7: USER 1001
--> Using cache 553519855fa3114399859ac747d8c281e7080e8454c163a3bc35de9808f524fb
--> 553519855fa3
[linux/arm64] [3/3] STEP 5/7: COPY --from=web-builder /opt/app-root/web/dist /opt/app-root/web/dist
--> 53a6cdf0c197
[linux/arm64] [3/3] STEP 6/7: COPY --from=go-builder /opt/app-root/plugin-backend /opt/app-root
--> eed0f8e7488b
[linux/arm64] [3/3] STEP 7/7: ENTRYPOINT ["/opt/app-root/plugin-backend", "-static-path", "/opt/app-root/web/dist"]
[linux/arm64] [3/3] COMMIT
--> 98519f9da8aa
[linux/amd64] [3/3] STEP 1/7: FROM registry.redhat.io/rhel9-4-els/rhel:9.4
98519f9da8aab706a554b8e3c3a8a921dcde625a8086b5f0ec34997e213845ef
Trying to pull registry.redhat.io/rhel9-4-els/rhel:9.4...
Getting image source signatures
Checking if image destination supports signatures
Copying blob sha256:9e5082548d869f2944301a153c8568183a38cf0df310a3fb0b2daf2af3b5f841
Copying config sha256:77849b1a77e7859a392840d43bed01557ec82ac0c2ac4283d962deec354ceee6
Writing manifest to image destination
Storing signatures
[linux/amd64] [3/3] STEP 2/7: RUN mkdir /licenses
--> Using cache 7c9c8f811fedc401cf03fecf15e2775286acdfcbd0ce9bf592815337ac5f9e5e
--> 7c9c8f811fed
[linux/amd64] [3/3] STEP 3/7: COPY LICENSE /licenses/.
--> Using cache dcceabce08cab6bc55f1b13fb24ca7d7ca5d8c4cfdb593bff342d299d8454724
--> dcceabce08ca
[linux/amd64] [3/3] STEP 4/7: USER 1001
--> Using cache 7259b0d002f1c428646813155fadea5469f21b184a955dd500c0bd03660fbb96
--> 7259b0d002f1
[linux/amd64] [3/3] STEP 5/7: COPY --from=web-builder /opt/app-root/web/dist /opt/app-root/web/dist
--> 4aa289fd61eb
[linux/amd64] [3/3] STEP 6/7: COPY --from=go-builder /opt/app-root/plugin-backend /opt/app-root
--> 62eadc322830
[linux/amd64] [3/3] STEP 7/7: ENTRYPOINT ["/opt/app-root/plugin-backend", "-static-path", "/opt/app-root/web/dist"]
[linux/amd64] [3/3] COMMIT
--> 722ac275ce65
722ac275ce65e92a9ddf55593239b3156f7c4ffcc080d3b6ad9d6e1dadce3582
podman manifest push quay.io/rh-ee-emurasak/distributed-tracing-console-plugin:v1.1.0
Getting image list signatures
Copying 2 images generated from 2 images in list
Copying image sha256:87b5a02cf38ae4ed47b47f9a9937e903cb4b9cbb9950a93dfb5b71b83901f8ab (1/2)
Getting image source signatures
Copying blob sha256:d933d1e9d8828a271298c8670fba3e09e7c895f6e66ee13b7afd653b8a8a44d0
Copying blob sha256:d4f23463a867bfcca4913e6996b2ca649a5867ee9e4c8152aebb286c5255555a
Copying blob sha256:abdb8cc72e3424e4355a57b5eaf69a820fc9a93b5ef3124d51f184bbf887b049
Copying blob sha256:97b089b00098d03cf79e7b864d1f75e52e0fd4fde2acdef8a63a0ca3769bc16f
Copying blob sha256:8ade1533c2abe10a57c38d5de645c955ce4a9435e1a8e9f0d5b4546a17df9803
Copying config sha256:98519f9da8aab706a554b8e3c3a8a921dcde625a8086b5f0ec34997e213845ef
Writing manifest to image destination
Copying image sha256:afe6ab743449c1d8d19fc0f1d428918656c38d80d4fe1af07d2a6e42a6ece4a7 (2/2)
Getting image source signatures
Copying blob sha256:85f653e0bb73608a376acda812e1ce4652338a9e03a3052660127f706125f852
Copying blob sha256:8f145ca8d1360b1f7e80c2d3712485eb6ddf255f02da3637641b8ad64e6c48a2
Copying blob sha256:74ea6a5315ac2a0a27a1e4e6f87703374739fbd596e872724a21ab09c6bdf5dd
Copying blob sha256:c27241c697980320b94223b9772003444cd7f632a60257bc5672d72ad6989a06
Copying blob sha256:65d22cc14d88337985580cba1a5c30f1c791ea0ce3e4ac9c54cf0a0e36758480
Copying config sha256:722ac275ce65e92a9ddf55593239b3156f7c4ffcc080d3b6ad9d6e1dadce3582
Writing manifest to image destination
Writing manifest list to image destination
Storing list signatures
==========================================
Building troubleshooting-panel-console-plugin @ release-coo-ocp-4.22 with VERSION=v1.0.0 ORG=rh-ee-emurasak
==========================================
Switched to branch 'release-coo-ocp-4.22'
Your branch is up to date with 'origin/release-coo-ocp-4.22'.
From https://github.com/openshift/troubleshooting-panel-console-plugin
 * branch            release-coo-ocp-4.22 -> FETCH_HEAD
Already up to date.
--- Attempt 1/3 ---
podman manifest rm quay.io/rh-ee-emurasak/troubleshooting-panel-console-plugin:v1.0.0 || true
Error: quay.io/rh-ee-emurasak/troubleshooting-panel-console-plugin:v1.0.0: image not known
podman manifest create quay.io/rh-ee-emurasak/troubleshooting-panel-console-plugin:v1.0.0
74b52d14d2fe7279d6806c069d664feeca9ba8b8a1b4c668b0c717e9759b95d1
podman build --platform=linux/arm64,linux/amd64 --manifest quay.io/rh-ee-emurasak/troubleshooting-panel-console-plugin:v1.0.0 -f Dockerfile.dev
[linux/amd64] [1/3] STEP 1/9: FROM registry.redhat.io/ubi9/nodejs-22:latest AS web-builder
[linux/amd64] [1/3] STEP 2/9: WORKDIR /opt/app-root
--> Using cache ee0873c779f9dc2cf40d8976949d244c692f337607954c0305de23374f5df9fe
--> ee0873c779f9
[linux/amd64] [1/3] STEP 3/9: USER 0
--> Using cache d12af7a24add7288a368f8b754bec277378d57de4936d85e6b7e1c238b5e8746
--> d12af7a24add
[linux/amd64] [1/3] STEP 4/9: ENV HUSKY=0
--> Using cache 428918fb2167a036aab0e55fa9583e1bbabfd218db990ab1f6581b762c19c045
--> 428918fb2167
[linux/amd64] [1/3] STEP 5/9: COPY web/package*.json web/
--> 177c4edb127a
[linux/amd64] [1/3] STEP 6/9: COPY Makefile Makefile
--> 86c5cc349425
[linux/amd64] [1/3] STEP 7/9: RUN make install-frontend-ci
cd web && npm ci --ignore-scripts
npm warn deprecated whatwg-encoding@3.1.1: Use @exodus/bytes instead for a more spec-conformant and faster implementation
npm warn deprecated rimraf@3.0.2: Rimraf versions prior to v4 are no longer supported
npm warn deprecated popper.js@1.16.1: You can find the new Popper v2 at @popperjs/core, this package is dedicated to the legacy v1
npm warn deprecated inflight@1.0.6: This module is not supported, and leaks memory. Do not use it. Check out lru-cache if you want a good and tested way to coalesce async requests by a key value, which is much more comprehensive and powerful.
npm warn deprecated i18next-parser@9.4.0: Project is deprecated, use i18next-cli instead
npm warn deprecated glob@7.2.3: Old versions of glob are not supported, and contain widely publicized security vulnerabilities, which have been fixed in the current version. Please update. Support for old versions may be purchased (at exorbitant rates) by contacting i@izs.me
npm warn deprecated domexception@4.0.0: Use your platform's native DOMException instead
npm warn deprecated abab@2.0.6: Use your platform's native atob() and btoa() methods instead
npm warn deprecated @fortawesome/react-fontawesome@0.2.6: v0.2.x is no longer supported. Unless you are still using FontAwesome 5, please update to v3.1.1 or greater.
npm warn deprecated glob@10.5.0: Old versions of glob are not supported, and contain widely publicized security vulnerabilities, which have been fixed in the current version. Please update. Support for old versions may be purchased (at exorbitant rates) by contacting i@izs.me
npm warn deprecated whatwg-encoding@2.0.0: Use @exodus/bytes instead for a more spec-conformant and faster implementation
npm warn deprecated whatwg-encoding@2.0.0: Use @exodus/bytes instead for a more spec-conformant and faster implementation
npm warn deprecated glob@10.5.0: Old versions of glob are not supported, and contain widely publicized security vulnerabilities, which have been fixed in the current version. Please update. Support for old versions may be purchased (at exorbitant rates) by contacting i@izs.me

added 1556 packages, and audited 1557 packages in 38s

329 packages are looking for funding
  run `npm fund` for details

28 vulnerabilities (2 low, 20 moderate, 6 high)

To address issues that do not require attention, run:
  npm audit fix

To address all issues (including breaking changes), run:
  npm audit fix --force

Run `npm audit` for details.
--> 36f5dfc7c49a
[linux/amd64] [1/3] STEP 8/9: COPY web/ web/
--> d7ab8f3a12b3
[linux/amd64] [1/3] STEP 9/9: RUN make build-frontend
cd web && npm run lint && npm run lint:tsc

> troubleshooting-panel-console-plugin@0.4.0 lint
> eslint ./src --fix &&  stylelint "src/**/*.css" --allow-empty-input --fix


> troubleshooting-panel-console-plugin@0.4.0 lint:tsc
> tsc --noEmit

cd web && npm run i18n && npm run build

> troubleshooting-panel-console-plugin@0.4.0 i18n
> i18n-scripts/build-i18n.sh && node i18n-scripts/set-english-defaults.js

+ FILE_PATTERN='{!(dist|node_modules)/**/*.{js,jsx,ts,tsx,json},*.{js,jsx,ts,tsx,json}}'
+ i18next '{!(dist|node_modules)/**/*.{js,jsx,ts,tsx,json},*.{js,jsx,ts,tsx,json}}' '[-oc]' -c ./i18next-parser.config.js -o 'locales/$LOCALE/$NAMESPACE.json'

  i18next Parser
  --------------
  Input:  {!(dist|node_modules)/**/*.{js,jsx,ts,tsx,json},*.{js,jsx,ts,tsx,json}}, [-oc]
  Output: locales/$LOCALE/$NAMESPACE.json

  [read]    /opt/app-root/web/console-extensions.json
  [read]    /opt/app-root/web/cypress.config.ts
  [read]    /opt/app-root/web/cypress/e2e/acceptance.cy.ts
  [read]    /opt/app-root/web/cypress/fixtures/data-test.ts
  [read]    /opt/app-root/web/cypress/support/commands/auth-commands.ts
  [read]    /opt/app-root/web/cypress/support/commands/env.ts
  [read]    /opt/app-root/web/cypress/support/commands/selector-commands.ts
  [read]    /opt/app-root/web/cypress/support/commands/troubeshoot-commands.ts
  [read]    /opt/app-root/web/cypress/support/commands/utility-commands.ts
  [read]    /opt/app-root/web/cypress/support/e2e.ts
  [read]    /opt/app-root/web/cypress/tsconfig.json
  [read]    /opt/app-root/web/cypress/views/nav.ts
  [read]    /opt/app-root/web/cypress/views/tour.ts
  [read]    /opt/app-root/web/cypress/views/utils.ts
  [read]    /opt/app-root/web/eslint.config.ts
  [read]    /opt/app-root/web/i18n-scripts/common.js
  [read]    /opt/app-root/web/i18n-scripts/set-english-defaults.js
  [read]    /opt/app-root/web/i18next-parser.config.js
  [read]    /opt/app-root/web/jest.config.js
  [read]    /opt/app-root/web/locales/en/plugin__troubleshooting-panel-console-plugin.json
  [read]    /opt/app-root/web/openapi-ts.config.ts
  [read]    /opt/app-root/web/package-lock.json
  [read]    /opt/app-root/web/package.json
  [read]    /opt/app-root/web/src/__tests__/agentNavigation.spec.ts
  [read]    /opt/app-root/web/src/__tests__/alert.spec.ts
  [read]    /opt/app-root/web/src/__tests__/icons-preview.spec.tsx
  [read]    /opt/app-root/web/src/__tests__/k8s.spec.ts
  [read]    /opt/app-root/web/src/__tests__/log.spec.ts
  [read]    /opt/app-root/web/src/__tests__/metric.spec.ts
  [read]    /opt/app-root/web/src/__tests__/netflow.spec.ts
  [read]    /opt/app-root/web/src/__tests__/status.spec.ts
  [read]    /opt/app-root/web/src/__tests__/time.spec.ts
  [read]    /opt/app-root/web/src/__tests__/trace.spec.ts
  [read]    /opt/app-root/web/src/__tests__/types.spec.ts
  [read]    /opt/app-root/web/src/components/AdvancedSearchForm.tsx
  [read]    /opt/app-root/web/src/components/AgentMenu.tsx
  [read]    /opt/app-root/web/src/components/AIExperienceIcon.tsx
  [read]    /opt/app-root/web/src/components/DateTimePicker.tsx
  [read]    /opt/app-root/web/src/components/DateTimeRangePicker.tsx
  [read]    /opt/app-root/web/src/components/HelpPopover.tsx
  [read]    /opt/app-root/web/src/components/icons.tsx
  [read]    /opt/app-root/web/src/components/Korrel8rPanel.tsx
  [read]    /opt/app-root/web/src/components/KubernetesIcon.tsx
  [read]    /opt/app-root/web/src/components/NullContextProvider.tsx
  [read]    /opt/app-root/web/src/components/Popover.tsx
  [read]    /opt/app-root/web/src/components/TimeRangeDropdown.tsx
  [read]    /opt/app-root/web/src/components/TimeUnitPicker.tsx
  [read]    /opt/app-root/web/src/components/topology/Korrel8rTopology.tsx
  [read]    /opt/app-root/web/src/components/topology/status.ts
  [read]    /opt/app-root/web/src/encoder-shim.ts
  [read]    /opt/app-root/web/src/getResources.ts
  [read]    /opt/app-root/web/src/hooks/useAgentNavigation.ts
  [read]    /opt/app-root/web/src/hooks/useBoolean.ts
  [read]    /opt/app-root/web/src/hooks/useDomains.tsx
  [read]    /opt/app-root/web/src/hooks/useFeatures.ts
  [read]    /opt/app-root/web/src/hooks/useLocationQuery.ts
  [read]    /opt/app-root/web/src/hooks/useNavigateToQuery.ts
  [read]    /opt/app-root/web/src/hooks/usePluginAvailable.ts
  [read]    /opt/app-root/web/src/hooks/usePopover.tsx
  [read]    /opt/app-root/web/src/hooks/useTimeUnitLabel.tsx
  [read]    /opt/app-root/web/src/hooks/useTroubleshootingPanel.tsx
  [read]    /opt/app-root/web/src/index.d.ts
  [read]    /opt/app-root/web/src/korrel8r-client.ts
  [read]    /opt/app-root/web/src/korrel8r/alert.ts
  [read]    /opt/app-root/web/src/korrel8r/client/client.gen.ts
  [read]    /opt/app-root/web/src/korrel8r/client/client/client.gen.ts
  [read]    /opt/app-root/web/src/korrel8r/client/client/index.ts
  [read]    /opt/app-root/web/src/korrel8r/client/client/types.gen.ts
  [read]    /opt/app-root/web/src/korrel8r/client/client/utils.gen.ts
  [read]    /opt/app-root/web/src/korrel8r/client/core/auth.gen.ts
  [read]    /opt/app-root/web/src/korrel8r/client/core/bodySerializer.gen.ts
  [read]    /opt/app-root/web/src/korrel8r/client/core/params.gen.ts
  [read]    /opt/app-root/web/src/korrel8r/client/core/pathSerializer.gen.ts
  [read]    /opt/app-root/web/src/korrel8r/client/core/queryKeySerializer.gen.ts
  [read]    /opt/app-root/web/src/korrel8r/client/core/serverSentEvents.gen.ts
  [read]    /opt/app-root/web/src/korrel8r/client/core/types.gen.ts
  [read]    /opt/app-root/web/src/korrel8r/client/core/utils.gen.ts
  [read]    /opt/app-root/web/src/korrel8r/client/index.ts
  [read]    /opt/app-root/web/src/korrel8r/client/sdk.gen.ts
  [read]    /opt/app-root/web/src/korrel8r/client/types.gen.ts
  [read]    /opt/app-root/web/src/korrel8r/k8s.ts
  [read]    /opt/app-root/web/src/korrel8r/log.ts
  [read]    /opt/app-root/web/src/korrel8r/metric.ts
  [read]    /opt/app-root/web/src/korrel8r/netflow.ts
  [read]    /opt/app-root/web/src/korrel8r/trace.ts
  [read]    /opt/app-root/web/src/korrel8r/types.ts
  [read]    /opt/app-root/web/src/redux-actions.ts
  [read]    /opt/app-root/web/src/redux-reducers.ts
  [read]    /opt/app-root/web/src/sleep.ts
  [read]    /opt/app-root/web/src/time.ts
  [read]    /opt/app-root/web/tsconfig.json
  [read]    /opt/app-root/web/webpack.config.ts
  [write]   /opt/app-root/web/locales/en/plugin__troubleshooting-panel-console-plugin.json

  Stats:  92 files were parsed

> troubleshooting-panel-console-plugin@0.4.0 build
> npm run clean && npm run ts-node node_modules/.bin/webpack


> troubleshooting-panel-console-plugin@0.4.0 clean
> rm -rf dist


> troubleshooting-panel-console-plugin@0.4.0 ts-node
> ts-node -O '{"module":"commonjs"}' node_modules/.bin/webpack

assets by path *.js 4.65 MiB
  assets by chunk 3.63 MiB (id hint: vendors)
    asset vendors-node_modules_fortawesome_react-fontawesome_index_es_js-node_modules_patternfly_react--68e614-chunk.js 1.4 MiB [emitted] (id hint: vendors) 1 related asset
    asset vendors-node_modules_patternfly_react-core_dist_esm_helpers_Popper_Popper_js-chunk.js 1.16 MiB [emitted] (id hint: vendors) 1 related asset
    asset vendors-node_modules_immutable_dist_immutable_es_js-node_modules_typesafe-actions_dist_typesa-cdf261-chunk.js 183 KiB [emitted] (id hint: vendors) 1 related asset
    asset vendors-node_modules_patternfly_react-core_dist_esm_components_DatePicker_index_js-chunk.js 94.8 KiB [emitted] (id hint: vendors) 1 related asset
    asset vendors-node_modules_patternfly_react-core_dist_esm_components_Menu_Menu_js-node_modules_patt-b35725-chunk.js 90.8 KiB [emitted] (id hint: vendors) 1 related asset
    asset vendors-node_modules_patternfly_react-core_dist_esm_helpers_FocusTrap_FocusTrap_js-node_modul-246622-chunk.js 80.1 KiB [emitted] (id hint: vendors) 1 related asset
    asset vendors-node_modules_patternfly_react-core_dist_esm_components_Form_index_js-chunk.js 63.3 KiB [emitted] (id hint: vendors) 1 related asset
    asset vendors-node_modules_patternfly_react-core_dist_esm_components_TimePicker_index_js-chunk.js 56.3 KiB [emitted] (id hint: vendors) 1 related asset
    asset vendors-node_modules_patternfly_react-core_dist_esm_components_EmptyState_index_js-chunk.js 54.1 KiB [emitted] (id hint: vendors) 1 related asset
    + 13 assets
  + 80 assets
asset locales/en/plugin__troubleshooting-panel-console-plugin.json 3.63 KiB [emitted] [from: ../locales/en/plugin__troubleshooting-panel-console-plugin.json] [copied]
asset plugin-manifest.json 1.19 KiB [emitted]
orphan modules 48.9 KiB [orphan] 73 modules
runtime modules 87 KiB 12 modules
javascript modules 3.2 MiB 394 modules
consume-shared-module modules 2.01 KiB
  modules by path consume shared module (default) @patternfly/ 1.8 KiB 44 modules
  modules by path *.1 (singleton) 84 bytes 2 modules
  + 3 modules
provide-module modules 1.76 KiB
  modules by path provide shared module (default) @patternfly/react-core/dist/dynamic/ 1.19 KiB 29 modules
  modules by path provide shared module (default) @patternfly/react-icons/dist/dynamic/icons/ 588 bytes
    provide shared module (default) @patternfly/react-icons/dist/dynamic/icons/atten...(truncated) 42 bytes [built] [code generated]
    provide shared module (default) @patternfly/react-icons/dist/dynamic/icons/clust...(truncated) 42 bytes [built] [code generated]
    + 12 modules
../node_modules/@fortawesome/fontawesome-svg-core/package.json 1.39 KiB [optional] [built] [code generated]

LOG from @openshift-console/dynamic-plugin-sdk-webpack/lib/webpack/loaders/dynamic-module-import-loader ../node_modules/swc-loader/src/index.js!./components/KubernetesIcon.tsx
<w> Non-index and non-dynamic module import @patternfly/react-icons/dist/esm/createIcon

webpack 5.106.0 compiled successfully in 6249 ms
--> 9923c791be70
[linux/amd64] [2/3] STEP 1/12: FROM registry.redhat.io/ubi9/go-toolset:latest AS go-builder
Trying to pull registry.redhat.io/ubi9/go-toolset:latest...
Getting image source signatures
Checking if image destination supports signatures
Copying blob sha256:abb09666cc1de271f3e5253dfb7b7a98f9f02be60985f67957cd85c00045909a
Copying blob sha256:9a785c83dc42af66688cf5d3dd8e0500ce65bad5a679b45744d62c2fffbb60d8
Copying blob sha256:1c3800ac7d8629ddf73a031732f867dbc0c46d5a7dd1f70c0656c2e6e351e3aa
Copying blob sha256:79bf983a6fc321f356b4f94df5424dfebe35e763f97529f52571a67faba3f682
Copying config sha256:d89a73c9b5506a7c3e54020d79017f7b27d9c055aa528c0c7c3f10db7779daa5
Writing manifest to image destination
Storing signatures
[linux/amd64] [2/3] STEP 2/12: WORKDIR /opt/app-root
--> Using cache f45b3a42ff1a53afe751f5c01befada790e1481525f5c55165736589a0d16bdd
--> f45b3a42ff1a
[linux/amd64] [2/3] STEP 3/12: COPY Makefile Makefile
--> 49e3202bea90
[linux/amd64] [2/3] STEP 4/12: COPY go.mod go.mod
--> 6efad01bfce1
[linux/amd64] [2/3] STEP 5/12: COPY go.sum go.sum
--> b3334d1ab999
[linux/amd64] [2/3] STEP 6/12: RUN make install-backend
go mod download
--> 785bbc6df5fe
[linux/amd64] [2/3] STEP 7/12: COPY cmd/ cmd/
--> fbf3638960a8
[linux/amd64] [2/3] STEP 8/12: COPY pkg/ pkg/
--> 4d23aed26352
[linux/amd64] [2/3] STEP 9/12: ENV GOFLAGS='-mod=mod'
--> bec944994151
[linux/amd64] [2/3] STEP 10/12: ENV GOEXPERIMENT=strictfipsruntime
--> d53d86ac471e
[linux/amd64] [2/3] STEP 11/12: ENV CGO_ENABLED=1
--> 1253ff821fe1
[linux/amd64] [2/3] STEP 12/12: RUN make build-backend BUILD_OPTS="-tags strictfipsruntime"
go build -tags strictfipsruntime -o plugin-backend -mod=readonly cmd/plugin-backend.go
--> 39fa7da0719a
[linux/arm64] [1/3] STEP 1/9: FROM registry.redhat.io/ubi9/nodejs-22:latest AS web-builder
Trying to pull registry.redhat.io/ubi9/nodejs-22:latest...
Getting image source signatures
Checking if image destination supports signatures
Copying blob sha256:8cc4364173e08b740ee39103f76581907e7a0eaa07260aeb6afbbebb8dde106e
Copying blob sha256:6c68ec2cb8914dd7cd64b186ef8674ae644c890fcae14edf9a3b33fde3a76cce
Copying blob sha256:98245caf86240da0764634e4873f8d78498df819a738bee6e752ffc1dc9be497
Copying config sha256:bceceabd26d12d7ba9de7f0aad51a65d5ae092bd1ae800eb7bad9330a6a05b8e
Writing manifest to image destination
Storing signatures
[linux/arm64] [1/3] STEP 2/9: WORKDIR /opt/app-root
--> Using cache 4a877a5ee24b97054fef45e1d90d7f1abbe9d1b5abab7bce73ce51b13c58c525
--> 4a877a5ee24b
[linux/arm64] [1/3] STEP 3/9: USER 0
--> Using cache ab1e774425350ab5c699ca7304913b98511440ae324cc53d8caaa0c028f11cc8
--> ab1e77442535
[linux/arm64] [1/3] STEP 4/9: ENV HUSKY=0
--> Using cache 159d00804dfad7eab6efa3ad8127664170b0b71bfa5d19464cc26ecdf010adc2
--> 159d00804dfa
[linux/arm64] [1/3] STEP 5/9: COPY web/package*.json web/
--> 6269d7bd8f8e
[linux/arm64] [1/3] STEP 6/9: COPY Makefile Makefile
--> 74a8f9ecd735
[linux/arm64] [1/3] STEP 7/9: RUN make install-frontend-ci
cd web && npm ci --ignore-scripts
npm warn deprecated whatwg-encoding@3.1.1: Use @exodus/bytes instead for a more spec-conformant and faster implementation
npm warn deprecated rimraf@3.0.2: Rimraf versions prior to v4 are no longer supported
npm warn deprecated popper.js@1.16.1: You can find the new Popper v2 at @popperjs/core, this package is dedicated to the legacy v1
npm warn deprecated inflight@1.0.6: This module is not supported, and leaks memory. Do not use it. Check out lru-cache if you want a good and tested way to coalesce async requests by a key value, which is much more comprehensive and powerful.
npm warn deprecated i18next-parser@9.4.0: Project is deprecated, use i18next-cli instead
npm warn deprecated glob@7.2.3: Old versions of glob are not supported, and contain widely publicized security vulnerabilities, which have been fixed in the current version. Please update. Support for old versions may be purchased (at exorbitant rates) by contacting i@izs.me
npm warn deprecated domexception@4.0.0: Use your platform's native DOMException instead
npm warn deprecated abab@2.0.6: Use your platform's native atob() and btoa() methods instead
npm warn deprecated @fortawesome/react-fontawesome@0.2.6: v0.2.x is no longer supported. Unless you are still using FontAwesome 5, please update to v3.1.1 or greater.
npm warn deprecated glob@10.5.0: Old versions of glob are not supported, and contain widely publicized security vulnerabilities, which have been fixed in the current version. Please update. Support for old versions may be purchased (at exorbitant rates) by contacting i@izs.me
npm warn deprecated whatwg-encoding@2.0.0: Use @exodus/bytes instead for a more spec-conformant and faster implementation
npm warn deprecated glob@10.5.0: Old versions of glob are not supported, and contain widely publicized security vulnerabilities, which have been fixed in the current version. Please update. Support for old versions may be purchased (at exorbitant rates) by contacting i@izs.me
npm warn deprecated whatwg-encoding@2.0.0: Use @exodus/bytes instead for a more spec-conformant and faster implementation

added 1556 packages, and audited 1557 packages in 28s

329 packages are looking for funding
  run `npm fund` for details

28 vulnerabilities (2 low, 20 moderate, 6 high)

To address issues that do not require attention, run:
  npm audit fix

To address all issues (including breaking changes), run:
  npm audit fix --force

Run `npm audit` for details.
--> 2fd021853052
[linux/arm64] [1/3] STEP 8/9: COPY web/ web/
--> ae5e37e80dcd
[linux/arm64] [1/3] STEP 9/9: RUN make build-frontend
cd web && npm run lint && npm run lint:tsc

> troubleshooting-panel-console-plugin@0.4.0 lint
> eslint ./src --fix &&  stylelint "src/**/*.css" --allow-empty-input --fix


> troubleshooting-panel-console-plugin@0.4.0 lint:tsc
> tsc --noEmit

cd web && npm run i18n && npm run build

> troubleshooting-panel-console-plugin@0.4.0 i18n
> i18n-scripts/build-i18n.sh && node i18n-scripts/set-english-defaults.js

+ FILE_PATTERN='{!(dist|node_modules)/**/*.{js,jsx,ts,tsx,json},*.{js,jsx,ts,tsx,json}}'
+ i18next '{!(dist|node_modules)/**/*.{js,jsx,ts,tsx,json},*.{js,jsx,ts,tsx,json}}' '[-oc]' -c ./i18next-parser.config.js -o 'locales/$LOCALE/$NAMESPACE.json'

  i18next Parser
  --------------
  Input:  {!(dist|node_modules)/**/*.{js,jsx,ts,tsx,json},*.{js,jsx,ts,tsx,json}}, [-oc]
  Output: locales/$LOCALE/$NAMESPACE.json

  [read]    /opt/app-root/web/console-extensions.json
  [read]    /opt/app-root/web/cypress.config.ts
  [read]    /opt/app-root/web/cypress/e2e/acceptance.cy.ts
  [read]    /opt/app-root/web/cypress/fixtures/data-test.ts
  [read]    /opt/app-root/web/cypress/support/commands/auth-commands.ts
  [read]    /opt/app-root/web/cypress/support/commands/env.ts
  [read]    /opt/app-root/web/cypress/support/commands/selector-commands.ts
  [read]    /opt/app-root/web/cypress/support/commands/troubeshoot-commands.ts
  [read]    /opt/app-root/web/cypress/support/commands/utility-commands.ts
  [read]    /opt/app-root/web/cypress/support/e2e.ts
  [read]    /opt/app-root/web/cypress/tsconfig.json
  [read]    /opt/app-root/web/cypress/views/nav.ts
  [read]    /opt/app-root/web/cypress/views/tour.ts
  [read]    /opt/app-root/web/cypress/views/utils.ts
  [read]    /opt/app-root/web/eslint.config.ts
  [read]    /opt/app-root/web/i18n-scripts/common.js
  [read]    /opt/app-root/web/i18n-scripts/set-english-defaults.js
  [read]    /opt/app-root/web/i18next-parser.config.js
  [read]    /opt/app-root/web/jest.config.js
  [read]    /opt/app-root/web/locales/en/plugin__troubleshooting-panel-console-plugin.json
  [read]    /opt/app-root/web/openapi-ts.config.ts
  [read]    /opt/app-root/web/package-lock.json
  [read]    /opt/app-root/web/package.json
  [read]    /opt/app-root/web/src/__tests__/agentNavigation.spec.ts
  [read]    /opt/app-root/web/src/__tests__/alert.spec.ts
  [read]    /opt/app-root/web/src/__tests__/icons-preview.spec.tsx
  [read]    /opt/app-root/web/src/__tests__/k8s.spec.ts
  [read]    /opt/app-root/web/src/__tests__/log.spec.ts
  [read]    /opt/app-root/web/src/__tests__/metric.spec.ts
  [read]    /opt/app-root/web/src/__tests__/netflow.spec.ts
  [read]    /opt/app-root/web/src/__tests__/status.spec.ts
  [read]    /opt/app-root/web/src/__tests__/time.spec.ts
  [read]    /opt/app-root/web/src/__tests__/trace.spec.ts
  [read]    /opt/app-root/web/src/__tests__/types.spec.ts
  [read]    /opt/app-root/web/src/components/AdvancedSearchForm.tsx
  [read]    /opt/app-root/web/src/components/AgentMenu.tsx
  [read]    /opt/app-root/web/src/components/AIExperienceIcon.tsx
  [read]    /opt/app-root/web/src/components/DateTimePicker.tsx
  [read]    /opt/app-root/web/src/components/DateTimeRangePicker.tsx
  [read]    /opt/app-root/web/src/components/HelpPopover.tsx
  [read]    /opt/app-root/web/src/components/icons.tsx
  [read]    /opt/app-root/web/src/components/Korrel8rPanel.tsx
  [read]    /opt/app-root/web/src/components/KubernetesIcon.tsx
  [read]    /opt/app-root/web/src/components/NullContextProvider.tsx
  [read]    /opt/app-root/web/src/components/Popover.tsx
  [read]    /opt/app-root/web/src/components/TimeRangeDropdown.tsx
  [read]    /opt/app-root/web/src/components/TimeUnitPicker.tsx
  [read]    /opt/app-root/web/src/components/topology/Korrel8rTopology.tsx
  [read]    /opt/app-root/web/src/components/topology/status.ts
  [read]    /opt/app-root/web/src/encoder-shim.ts
  [read]    /opt/app-root/web/src/getResources.ts
  [read]    /opt/app-root/web/src/hooks/useAgentNavigation.ts
  [read]    /opt/app-root/web/src/hooks/useBoolean.ts
  [read]    /opt/app-root/web/src/hooks/useDomains.tsx
  [read]    /opt/app-root/web/src/hooks/useFeatures.ts
  [read]    /opt/app-root/web/src/hooks/useLocationQuery.ts
  [read]    /opt/app-root/web/src/hooks/useNavigateToQuery.ts
  [read]    /opt/app-root/web/src/hooks/usePluginAvailable.ts
  [read]    /opt/app-root/web/src/hooks/usePopover.tsx
  [read]    /opt/app-root/web/src/hooks/useTimeUnitLabel.tsx
  [read]    /opt/app-root/web/src/hooks/useTroubleshootingPanel.tsx
  [read]    /opt/app-root/web/src/index.d.ts
  [read]    /opt/app-root/web/src/korrel8r-client.ts
  [read]    /opt/app-root/web/src/korrel8r/alert.ts
  [read]    /opt/app-root/web/src/korrel8r/client/client.gen.ts
  [read]    /opt/app-root/web/src/korrel8r/client/client/client.gen.ts
  [read]    /opt/app-root/web/src/korrel8r/client/client/index.ts
  [read]    /opt/app-root/web/src/korrel8r/client/client/types.gen.ts
  [read]    /opt/app-root/web/src/korrel8r/client/client/utils.gen.ts
  [read]    /opt/app-root/web/src/korrel8r/client/core/auth.gen.ts
  [read]    /opt/app-root/web/src/korrel8r/client/core/bodySerializer.gen.ts
  [read]    /opt/app-root/web/src/korrel8r/client/core/params.gen.ts
  [read]    /opt/app-root/web/src/korrel8r/client/core/pathSerializer.gen.ts
  [read]    /opt/app-root/web/src/korrel8r/client/core/queryKeySerializer.gen.ts
  [read]    /opt/app-root/web/src/korrel8r/client/core/serverSentEvents.gen.ts
  [read]    /opt/app-root/web/src/korrel8r/client/core/types.gen.ts
  [read]    /opt/app-root/web/src/korrel8r/client/core/utils.gen.ts
  [read]    /opt/app-root/web/src/korrel8r/client/index.ts
  [read]    /opt/app-root/web/src/korrel8r/client/sdk.gen.ts
  [read]    /opt/app-root/web/src/korrel8r/client/types.gen.ts
  [read]    /opt/app-root/web/src/korrel8r/k8s.ts
  [read]    /opt/app-root/web/src/korrel8r/log.ts
  [read]    /opt/app-root/web/src/korrel8r/metric.ts
  [read]    /opt/app-root/web/src/korrel8r/netflow.ts
  [read]    /opt/app-root/web/src/korrel8r/trace.ts
  [read]    /opt/app-root/web/src/korrel8r/types.ts
  [read]    /opt/app-root/web/src/redux-actions.ts
  [read]    /opt/app-root/web/src/redux-reducers.ts
  [read]    /opt/app-root/web/src/sleep.ts
  [read]    /opt/app-root/web/src/time.ts
  [read]    /opt/app-root/web/tsconfig.json
  [read]    /opt/app-root/web/webpack.config.ts
  [write]   /opt/app-root/web/locales/en/plugin__troubleshooting-panel-console-plugin.json

  Stats:  92 files were parsed

> troubleshooting-panel-console-plugin@0.4.0 build
> npm run clean && npm run ts-node node_modules/.bin/webpack


> troubleshooting-panel-console-plugin@0.4.0 clean
> rm -rf dist


> troubleshooting-panel-console-plugin@0.4.0 ts-node
> ts-node -O '{"module":"commonjs"}' node_modules/.bin/webpack

assets by path *.js 4.65 MiB
  assets by chunk 3.63 MiB (id hint: vendors)
    asset vendors-node_modules_fortawesome_react-fontawesome_index_es_js-node_modules_patternfly_react--68e614-chunk.js 1.4 MiB [emitted] (id hint: vendors) 1 related asset
    asset vendors-node_modules_patternfly_react-core_dist_esm_helpers_Popper_Popper_js-chunk.js 1.16 MiB [emitted] (id hint: vendors) 1 related asset
    asset vendors-node_modules_immutable_dist_immutable_es_js-node_modules_typesafe-actions_dist_typesa-cdf261-chunk.js 183 KiB [emitted] (id hint: vendors) 1 related asset
    asset vendors-node_modules_patternfly_react-core_dist_esm_components_DatePicker_index_js-chunk.js 94.8 KiB [emitted] (id hint: vendors) 1 related asset
    asset vendors-node_modules_patternfly_react-core_dist_esm_components_Menu_Menu_js-node_modules_patt-b35725-chunk.js 90.8 KiB [emitted] (id hint: vendors) 1 related asset
    asset vendors-node_modules_patternfly_react-core_dist_esm_helpers_FocusTrap_FocusTrap_js-node_modul-246622-chunk.js 80.1 KiB [emitted] (id hint: vendors) 1 related asset
    asset vendors-node_modules_patternfly_react-core_dist_esm_components_Form_index_js-chunk.js 63.3 KiB [emitted] (id hint: vendors) 1 related asset
    asset vendors-node_modules_patternfly_react-core_dist_esm_components_TimePicker_index_js-chunk.js 56.3 KiB [emitted] (id hint: vendors) 1 related asset
    asset vendors-node_modules_patternfly_react-core_dist_esm_components_EmptyState_index_js-chunk.js 54.1 KiB [emitted] (id hint: vendors) 1 related asset
    + 13 assets
  + 80 assets
asset locales/en/plugin__troubleshooting-panel-console-plugin.json 3.63 KiB [emitted] [from: ../locales/en/plugin__troubleshooting-panel-console-plugin.json] [copied]
asset plugin-manifest.json 1.19 KiB [emitted]
orphan modules 48.9 KiB [orphan] 73 modules
runtime modules 87 KiB 12 modules
javascript modules 3.2 MiB 394 modules
consume-shared-module modules 2.01 KiB
  modules by path consume shared module (default) @patternfly/ 1.8 KiB 44 modules
  modules by path *.1 (singleton) 84 bytes 2 modules
  + 3 modules
provide-module modules 1.76 KiB
  modules by path provide shared module (default) @patternfly/react-core/dist/dynamic/ 1.19 KiB 29 modules
  modules by path provide shared module (default) @patternfly/react-icons/dist/dynamic/icons/ 588 bytes
    provide shared module (default) @patternfly/react-icons/dist/dynamic/icons/atten...(truncated) 42 bytes [built] [code generated]
    provide shared module (default) @patternfly/react-icons/dist/dynamic/icons/clust...(truncated) 42 bytes [built] [code generated]
    + 12 modules
../node_modules/@fortawesome/fontawesome-svg-core/package.json 1.39 KiB [optional] [built] [code generated]

LOG from @openshift-console/dynamic-plugin-sdk-webpack/lib/webpack/loaders/dynamic-module-import-loader ../node_modules/swc-loader/src/index.js!./components/KubernetesIcon.tsx
<w> Non-index and non-dynamic module import @patternfly/react-icons/dist/esm/createIcon

webpack 5.106.0 compiled successfully in 3348 ms
--> a8b8d2d759ce
[linux/amd64] [3/3] STEP 1/7: FROM registry.redhat.io/rhel9-4-els/rhel:9.4
[linux/amd64] [3/3] STEP 2/7: RUN mkdir /licenses
--> Using cache 7c9c8f811fedc401cf03fecf15e2775286acdfcbd0ce9bf592815337ac5f9e5e
--> 7c9c8f811fed
[linux/amd64] [3/3] STEP 3/7: COPY LICENSE /licenses/.
--> Using cache 8de6dd68ac99a065347bedcf61282866593c98716fafeab6d3ab2b1818dba93f
--> 8de6dd68ac99
[linux/amd64] [3/3] STEP 4/7: USER 1001
--> Using cache c0e974b6e0a9178b7e260b79fa1956e4d60ae233fcef78e672ddf2a8eaee37a1
--> c0e974b6e0a9
[linux/amd64] [3/3] STEP 5/7: COPY --from=web-builder /opt/app-root/web/dist /opt/app-root/web/dist
--> 490df38b46b4
[linux/amd64] [3/3] STEP 6/7: COPY --from=go-builder /opt/app-root/plugin-backend /opt/app-root
--> 860f0dd9223e
[linux/amd64] [3/3] STEP 7/7: ENTRYPOINT ["/opt/app-root/plugin-backend", "-static-path", "/opt/app-root/web/dist"]
[linux/amd64] [3/3] COMMIT
--> ce77bf996f3b
[linux/arm64] [2/3] STEP 1/12: FROM registry.redhat.io/ubi9/go-toolset:latest AS go-builder
ce77bf996f3b42b5217ae16908e9b4a336da88fd1aed4bbb7d615ee125101edd
Trying to pull registry.redhat.io/ubi9/go-toolset:latest...
Getting image source signatures
Checking if image destination supports signatures
Copying blob sha256:c8fdbe3acf44fc21949baa4b7451cf11a0419f45f9666bd58fb6bbfdd44a1035
Copying blob sha256:6c68ec2cb8914dd7cd64b186ef8674ae644c890fcae14edf9a3b33fde3a76cce
Copying blob sha256:98245caf86240da0764634e4873f8d78498df819a738bee6e752ffc1dc9be497
Copying blob sha256:b207289c33efdee1c8daaf54d7533bc0b6b26ba33b63f27dfe4e45d033915609
Copying config sha256:5c5428a28f03480ea8a85cc3dc12e18a5af2121cb26ba4e79a2782af0124f13d
Writing manifest to image destination
Storing signatures
[linux/arm64] [2/3] STEP 2/12: WORKDIR /opt/app-root
--> Using cache e196eef773fc8c8b75cc7d8d57a2c927c3ca78bd99bf7d885bb8e081096fe0fa
--> e196eef773fc
[linux/arm64] [2/3] STEP 3/12: COPY Makefile Makefile
--> 79f01f510376
[linux/arm64] [2/3] STEP 4/12: COPY go.mod go.mod
--> dc37f13e9e4a
[linux/arm64] [2/3] STEP 5/12: COPY go.sum go.sum
--> 8a862f695ffd
[linux/arm64] [2/3] STEP 6/12: RUN make install-backend
go mod download
--> 7f9f4c901473
[linux/arm64] [2/3] STEP 7/12: COPY cmd/ cmd/
--> 47c6ea9d5f8c
[linux/arm64] [2/3] STEP 8/12: COPY pkg/ pkg/
--> 7055afba2b20
[linux/arm64] [2/3] STEP 9/12: ENV GOFLAGS='-mod=mod'
--> 66d9d760796f
[linux/arm64] [2/3] STEP 10/12: ENV GOEXPERIMENT=strictfipsruntime
--> 4e653701676f
[linux/arm64] [2/3] STEP 11/12: ENV CGO_ENABLED=1
--> 4c3cbac1984a
[linux/arm64] [2/3] STEP 12/12: RUN make build-backend BUILD_OPTS="-tags strictfipsruntime"
go build -tags strictfipsruntime -o plugin-backend -mod=readonly cmd/plugin-backend.go
--> f70ffd1db8db
[linux/arm64] [3/3] STEP 1/7: FROM registry.redhat.io/rhel9-4-els/rhel:9.4
Trying to pull registry.redhat.io/rhel9-4-els/rhel:9.4...
Getting image source signatures
Checking if image destination supports signatures
Copying blob sha256:79500177a417e8e03b63a0893e7e6b03f94ac7a605be761a51e28f082a16087f
Copying config sha256:62846c379ae900d8abe0855310d3d4e7ca7b0b21cc231d45bdfe5a0044988475
Writing manifest to image destination
Storing signatures
[linux/arm64] [3/3] STEP 2/7: RUN mkdir /licenses
--> Using cache a5c755ae1bbd31609a2c489015f1eff3b8cb42338f8820b0095369540fb52ad3
--> a5c755ae1bbd
[linux/arm64] [3/3] STEP 3/7: COPY LICENSE /licenses/.
--> Using cache f347cec8193b7d8230991630f73b4b37b49303611a2b9bb7036fc12fea05f1da
--> f347cec8193b
[linux/arm64] [3/3] STEP 4/7: USER 1001
--> Using cache 5ce14a1e56cae2e94cf464bdd7b0cfd9a4d1c05b5cb961b3f86030584b0dd97a
--> 5ce14a1e56ca
[linux/arm64] [3/3] STEP 5/7: COPY --from=web-builder /opt/app-root/web/dist /opt/app-root/web/dist
--> 27c66537574f
[linux/arm64] [3/3] STEP 6/7: COPY --from=go-builder /opt/app-root/plugin-backend /opt/app-root
--> 1b674753673e
[linux/arm64] [3/3] STEP 7/7: ENTRYPOINT ["/opt/app-root/plugin-backend", "-static-path", "/opt/app-root/web/dist"]
[linux/arm64] [3/3] COMMIT
--> 7414d260f64b
7414d260f64b1038747895f725e738c39aff7e048ff4d15f58a390072c7cb110
podman manifest push quay.io/rh-ee-emurasak/troubleshooting-panel-console-plugin:v1.0.0
Getting image list signatures
Copying 2 images generated from 2 images in list
Copying image sha256:d5dac9932106b03078d89ea8dd51a5b8e3a28871618489d5e67c000bd6840259 (1/2)
Getting image source signatures
Copying blob sha256:1ac803ce98cd45844636127d62d49d28f7009123745397acaf3c27225bbf27d8
Copying blob sha256:8f145ca8d1360b1f7e80c2d3712485eb6ddf255f02da3637641b8ad64e6c48a2
Copying blob sha256:74ea6a5315ac2a0a27a1e4e6f87703374739fbd596e872724a21ab09c6bdf5dd
Copying blob sha256:83b1eb4da5a2c82e780f772a2fbf6a159fc444e6dcc29a5b26137395de7e71a5
Copying blob sha256:8d17c5579a35b7fdd052e525369075a48ac32fed834152ca382646d1e6afeb59
Copying config sha256:ce77bf996f3b42b5217ae16908e9b4a336da88fd1aed4bbb7d615ee125101edd
Writing manifest to image destination
Copying image sha256:c8dced8b0ca9af3c7f13e2e35a853a689e02d8ea5c9012b29427f2854625d205 (2/2)
Getting image source signatures
Copying blob sha256:fad2ce61cc1a7c8e0946866f2193ad20060128c713a7c7fb003ded35332c49a9
Copying blob sha256:abdb8cc72e3424e4355a57b5eaf69a820fc9a93b5ef3124d51f184bbf887b049
Copying blob sha256:d6d0f237db8a0253dbfae4dec93ceeb371114980932e399b13eb3b8be037b55c
Copying blob sha256:d4f23463a867bfcca4913e6996b2ca649a5867ee9e4c8152aebb286c5255555a
Copying blob sha256:27b92c3114bb30374565c40bcdb2878634112f999d3d84255e41d99f8488b762
Copying config sha256:7414d260f64b1038747895f725e738c39aff7e048ff4d15f58a390072c7cb110
Writing manifest to image destination
Writing manifest list to image destination
Storing list signatures
==========================================
Building monitoring-plugin @ release-coo-ocp-4.22 with VERSION=v1.0.0 ORG=rh-ee-emurasak
==========================================
Switched to branch 'release-coo-ocp-4.22'
Your branch is up to date with 'origin/release-coo-ocp-4.22'.
From https://github.com/openshift/monitoring-plugin
 * branch            release-coo-ocp-4.22 -> FETCH_HEAD
Already up to date.
--- Attempt 1/3 ---
podman manifest create -a quay.io/rh-ee-emurasak/monitoring-console-plugin:v1.0.0
e8ba25700ae40acfb31fe80412726da90f8b3489605612f21f21b73bc8e7695f
podman build --platform linux/arm64,linux/amd64 --manifest quay.io/rh-ee-emurasak/monitoring-console-plugin:v1.0.0 -f Dockerfile.mcp
[linux/arm64] [1/3] STEP 1/13: FROM registry.redhat.io/ubi9/nodejs-22:latest AS web-builder
[linux/arm64] [1/3] STEP 2/13: WORKDIR /opt/app-root
--> Using cache 4a877a5ee24b97054fef45e1d90d7f1abbe9d1b5abab7bce73ce51b13c58c525
--> 4a877a5ee24b
[linux/arm64] [1/3] STEP 3/13: USER 0
--> Using cache ab1e774425350ab5c699ca7304913b98511440ae324cc53d8caaa0c028f11cc8
--> ab1e77442535
[linux/arm64] [1/3] STEP 4/13: ENV HUSKY=0
--> Using cache 159d00804dfad7eab6efa3ad8127664170b0b71bfa5d19464cc26ecdf010adc2
--> 159d00804dfa
[linux/arm64] [1/3] STEP 5/13: COPY web/package*.json web/
--> c8651b11daa0
[linux/arm64] [1/3] STEP 6/13: COPY Makefile Makefile
--> daabad2ab40a
[linux/arm64] [1/3] STEP 7/13: RUN cd web && npm ci --legacy-peer-deps --ignore-scripts
npm warn deprecated rimraf@3.0.2: Rimraf versions prior to v4 are no longer supported
npm warn deprecated lodash.get@4.4.2: This package is deprecated. Use the optional chaining (?.) operator instead.
npm warn deprecated inflight@1.0.6: This module is not supported, and leaks memory. Do not use it. Check out lru-cache if you want a good and tested way to coalesce async requests by a key value, which is much more comprehensive and powerful.
npm warn deprecated i18next-parser@9.4.0: Project is deprecated, use i18next-cli instead
npm warn deprecated glob@7.2.3: Glob versions prior to v9 are no longer supported
npm warn deprecated glob@10.5.0: Old versions of glob are not supported, and contain widely publicized security vulnerabilities, which have been fixed in the current version. Please update. Support for old versions may be purchased (at exorbitant rates) by contacting i@izs.me
npm warn deprecated glob@10.5.0: Old versions of glob are not supported, and contain widely publicized security vulnerabilities, which have been fixed in the current version. Please update. Support for old versions may be purchased (at exorbitant rates) by contacting i@izs.me
npm warn deprecated glob@10.5.0: Old versions of glob are not supported, and contain widely publicized security vulnerabilities, which have been fixed in the current version. Please update. Support for old versions may be purchased (at exorbitant rates) by contacting i@izs.me
npm warn deprecated glob@10.5.0: Old versions of glob are not supported, and contain widely publicized security vulnerabilities, which have been fixed in the current version. Please update. Support for old versions may be purchased (at exorbitant rates) by contacting i@izs.me

added 1701 packages, and audited 1702 packages in 42s

319 packages are looking for funding
  run `npm fund` for details

26 vulnerabilities (23 moderate, 3 high)

To address issues that do not require attention, run:
  npm audit fix

To address all issues (including breaking changes), run:
  npm audit fix --force

Run `npm audit` for details.
--> d514faf74975
[linux/arm64] [1/3] STEP 8/13: COPY web/ web/
--> 10f5e57653c7
[linux/arm64] [1/3] STEP 9/13: COPY config/ config/
--> 5cfc4645d870
[linux/arm64] [1/3] STEP 10/13: COPY scripts/update-plugin-name.sh scripts/update-plugin-name.sh
--> 306463fd4f3c
[linux/arm64] [1/3] STEP 11/13: RUN make update-plugin-name
./scripts/update-plugin-name.sh
--> 52b7405f2abf
[linux/arm64] [1/3] STEP 12/13: ENV I18N_NAMESPACE="plugin__monitoring-console-plugin"
--> c246f72fd9cf
[linux/arm64] [1/3] STEP 13/13: RUN make build-frontend
cd web && npm run build

> monitoring-console-plugin@1.0.0 build
> npm run clean && NODE_ENV=production npm run ts-node node_modules/.bin/webpack


> monitoring-console-plugin@1.0.0 clean
> rm -rf dist


> monitoring-console-plugin@1.0.0 ts-node
> ts-node -O '{"module":"commonjs"}' node_modules/.bin/webpack

assets by path *.js 9.77 MiB
  assets by chunk 8.11 MiB (id hint: vendors)
    assets by status 7.07 MiB [big] 4 assets
    + 38 assets
  + 177 assets
assets by path assets/ 1.28 MiB
  assets by path assets/*.woff 740 KiB 42 assets
  assets by path assets/*.woff2 565 KiB 42 assets
  asset assets/restricted-sign..svg 2.38 KiB [emitted] [from: components/console/imgs/restricted-sign.svg] (auxiliary name: CmoAlertsPage, exposed-AlertRulesDetailsPage, exposed-AlertsDetailsPage, exposed-IncidentsPage, exposed-SilenceEditPage, exposed-SilencesDetailsPage, exposed-TargetsPage)
assets by path locales/ 115 KiB
  asset locales/en/plugin__monitoring-console-plugin.json 22.2 KiB [emitted] [from: ../locales/en/plugin__monitoring-console-plugin.json] [copied]
  asset locales/ja/plugin__monitoring-console-plugin.json 20.7 KiB [emitted] [from: ../locales/ja/plugin__monitoring-console-plugin.json] [copied]
  asset locales/fr/plugin__monitoring-console-plugin.json 19.3 KiB [emitted] [from: ../locales/fr/plugin__monitoring-console-plugin.json] [copied]
  + 3 assets
asset plugin-manifest.json 7.89 KiB [emitted]
orphan modules 19.3 MiB [orphan] 20233 modules
runtime modules 62.1 KiB 16 modules
built modules 17.8 MiB (javascript) 1.28 MiB (asset) 3.32 KiB (consume-shared) 3.08 KiB (share-init) [built]
  modules by path ../node_modules/ 17 MiB (javascript) 1.27 MiB (asset) 1705 modules
  modules by path ./ 788 KiB (javascript) 2.38 KiB (asset) 91 modules
  consume-shared-module modules 3.32 KiB 81 modules
  provide-module modules 3.08 KiB
    modules by path provide shared module (default) @patternfly/react-core/dist/dynamic/ 1.97 KiB 48 modules
    modules by path provide shared module (default) @patternfly/react-icons/dist/dynamic/icons/ 1.03 KiB 25 modules
    modules by path provide shared module (default) @patternfly/react-table/dist/dynamic/components/ 84 bytes 2 modules
  modules by path @console/internal/ 30 bytes
    @console/internal/module/auth (ignored) 15 bytes [built] [code generated]
    @console/internal/models (ignored) 15 bytes [built] [code generated]
  container entry 42 bytes [built] [code generated]

WARNING in asset size limit: The following asset(s) exceed the recommended size limit (244 KiB).
This can impact web performance.
Assets: 
  4617-chunk-f040b4586499cba121b1.min.js (311 KiB)
  9810-chunk-a64b894c03accad280e9.min.js (402 KiB)
  1848-chunk-267f4680c378ff96ac83.min.js (1.86 MiB)
  4616-chunk-8b92f11d45652b61ae32.min.js (4.51 MiB)

webpack 5.105.4 compiled with 1 warning in 114397 ms
--> 1c345250cf9f
[linux/arm64] [2/3] STEP 1/14: FROM brew.registry.redhat.io/rh-osbs/openshift-golang-builder:rhel_9_1.24 AS go-builder
Trying to pull brew.registry.redhat.io/rh-osbs/openshift-golang-builder:rhel_9_1.24...
Getting image source signatures
Copying blob sha256:0b3425962862e4c28bb2a8c620101947643235ac8ec98ebf4dd6948f79db8178
Copying blob sha256:65442b90c1456946b65a513148c3e504c3e1ae3889d427d5b4526ba9cec3ea0e
Copying config sha256:6b75237990fc7d8f0d9c2ac0d8181360163689361a8fa8d7ae3709b82f0e5e4e
Writing manifest to image destination
[linux/arm64] [2/3] STEP 2/14: WORKDIR /opt/app-root
--> Using cache 29f153f844ea16cc922da5dddc6160351aa0dc5f437a8346b9ad04347b96ef22
--> 29f153f844ea
[linux/arm64] [2/3] STEP 3/14: COPY Makefile Makefile
--> 3ec5d3d3cbbc
[linux/arm64] [2/3] STEP 4/14: COPY go.mod go.mod
--> 9286a36cfb12
[linux/arm64] [2/3] STEP 5/14: COPY go.sum go.sum
--> cfd91ffc2358
[linux/arm64] [2/3] STEP 6/14: RUN make install-backend
go mod download
Go compliance shim [2] [rhel-9-golang-1.24][openshift-golang-builder]: assessment: CGO_ENABLED=1
Go compliance shim [2] [rhel-9-golang-1.24][openshift-golang-builder]: assessment: dynamic linking
Go compliance shim [2] [rhel-9-golang-1.24][openshift-golang-builder]: skipping forced compliance due to broad exemption
Go compliance shim [2] [rhel-9-golang-1.24][openshift-golang-builder]: EXEMPT: 1


Go compliance shim [2] [rhel-9-golang-1.24][openshift-golang-builder]: final command line arguments: "mod" "download" 

Go compliance shim [2] [rhel-9-golang-1.24][openshift-golang-builder]: invoking real go binary
Go compliance shim [2] [rhel-9-golang-1.24][openshift-golang-builder]: Exited with: 0
--> 44cf4b5a9166
[linux/arm64] [2/3] STEP 7/14: COPY cmd/ cmd/
--> 7c0d382ee8ed
[linux/arm64] [2/3] STEP 8/14: COPY pkg/ pkg/
--> 0e91187ae5a4
[linux/arm64] [2/3] STEP 9/14: ENV GOOS=${TARGETOS:-linux}
--> 2deb0d8be17c
[linux/arm64] [2/3] STEP 10/14: ENV GOARCH=${TARGETARCH}
--> 8d327834d6a8
[linux/arm64] [2/3] STEP 11/14: ENV GOEXPERIMENT=strictfipsruntime
--> 2ce1f2a606ee
[linux/arm64] [2/3] STEP 12/14: ENV GOFLAGS=-mod=readonly
--> f94d87efb6d0
[linux/arm64] [2/3] STEP 13/14: ENV CGO_ENABLED=1
--> 5e748bcc67ab
[linux/arm64] [2/3] STEP 14/14: RUN make build-backend
go build  -mod=readonly -o plugin-backend cmd/plugin-backend.go
Go compliance shim [2] [rhel-9-golang-1.24][openshift-golang-builder]: assessment: CGO_ENABLED=1
Go compliance shim [2] [rhel-9-golang-1.24][openshift-golang-builder]: assessment: dynamic linking
Go compliance shim [2] [rhel-9-golang-1.24][openshift-golang-builder]: skipping forced compliance due to broad exemption
Go compliance shim [2] [rhel-9-golang-1.24][openshift-golang-builder]: EXEMPT: 1


Go compliance shim [2] [rhel-9-golang-1.24][openshift-golang-builder]: final command line arguments: "build" "-mod=readonly" "-o" "plugin-backend" "cmd/plugin-backend.go" 

Go compliance shim [2] [rhel-9-golang-1.24][openshift-golang-builder]: invoking real go binary
Go compliance shim [2] [rhel-9-golang-1.24][openshift-golang-builder]: Exited with: 0
--> a3bddcf33d25
[linux/amd64] [1/3] STEP 1/13: FROM registry.redhat.io/ubi9/nodejs-22:latest AS web-builder
Trying to pull registry.redhat.io/ubi9/nodejs-22:latest...
Getting image source signatures
Checking if image destination supports signatures
Copying blob sha256:669ecfdf872e83fa8f88dbdbe9b75f628fb72b9210cbdcce7ea0f449a74cac9e
Copying blob sha256:9a785c83dc42af66688cf5d3dd8e0500ce65bad5a679b45744d62c2fffbb60d8
Copying blob sha256:1c3800ac7d8629ddf73a031732f867dbc0c46d5a7dd1f70c0656c2e6e351e3aa
Copying config sha256:7ff8c7d7ce9b0c742c2379ee8b8206279c959b199e0e12bd8d486ef717c6da23
Writing manifest to image destination
Storing signatures
[linux/amd64] [1/3] STEP 2/13: WORKDIR /opt/app-root
--> Using cache ee0873c779f9dc2cf40d8976949d244c692f337607954c0305de23374f5df9fe
--> ee0873c779f9
[linux/amd64] [1/3] STEP 3/13: USER 0
--> Using cache d12af7a24add7288a368f8b754bec277378d57de4936d85e6b7e1c238b5e8746
--> d12af7a24add
[linux/amd64] [1/3] STEP 4/13: ENV HUSKY=0
--> Using cache 428918fb2167a036aab0e55fa9583e1bbabfd218db990ab1f6581b762c19c045
--> 428918fb2167
[linux/amd64] [1/3] STEP 5/13: COPY web/package*.json web/
--> b5306bf63fe1
[linux/amd64] [1/3] STEP 6/13: COPY Makefile Makefile
--> 6caa94be8e01
[linux/amd64] [1/3] STEP 7/13: RUN cd web && npm ci --legacy-peer-deps --ignore-scripts
npm warn deprecated rimraf@3.0.2: Rimraf versions prior to v4 are no longer supported
npm warn deprecated lodash.get@4.4.2: This package is deprecated. Use the optional chaining (?.) operator instead.
npm warn deprecated inflight@1.0.6: This module is not supported, and leaks memory. Do not use it. Check out lru-cache if you want a good and tested way to coalesce async requests by a key value, which is much more comprehensive and powerful.
npm warn deprecated i18next-parser@9.4.0: Project is deprecated, use i18next-cli instead
npm warn deprecated glob@7.2.3: Glob versions prior to v9 are no longer supported
npm warn deprecated glob@10.5.0: Old versions of glob are not supported, and contain widely publicized security vulnerabilities, which have been fixed in the current version. Please update. Support for old versions may be purchased (at exorbitant rates) by contacting i@izs.me
npm warn deprecated glob@10.5.0: Old versions of glob are not supported, and contain widely publicized security vulnerabilities, which have been fixed in the current version. Please update. Support for old versions may be purchased (at exorbitant rates) by contacting i@izs.me
npm warn deprecated glob@10.5.0: Old versions of glob are not supported, and contain widely publicized security vulnerabilities, which have been fixed in the current version. Please update. Support for old versions may be purchased (at exorbitant rates) by contacting i@izs.me
npm warn deprecated glob@10.5.0: Old versions of glob are not supported, and contain widely publicized security vulnerabilities, which have been fixed in the current version. Please update. Support for old versions may be purchased (at exorbitant rates) by contacting i@izs.me

added 1701 packages, and audited 1702 packages in 60s

319 packages are looking for funding
  run `npm fund` for details

26 vulnerabilities (23 moderate, 3 high)

To address issues that do not require attention, run:
  npm audit fix

To address all issues (including breaking changes), run:
  npm audit fix --force

Run `npm audit` for details.
--> b0825e876b6f
[linux/amd64] [1/3] STEP 8/13: COPY web/ web/
--> 23ca0baff6b7
[linux/amd64] [1/3] STEP 9/13: COPY config/ config/
--> 5ce360d45a26
[linux/amd64] [1/3] STEP 10/13: COPY scripts/update-plugin-name.sh scripts/update-plugin-name.sh
--> 942330608b6b
[linux/amd64] [1/3] STEP 11/13: RUN make update-plugin-name
./scripts/update-plugin-name.sh
--> 5d24561ef496
[linux/amd64] [1/3] STEP 12/13: ENV I18N_NAMESPACE="plugin__monitoring-console-plugin"
--> 9c4705ccc923
[linux/amd64] [1/3] STEP 13/13: RUN make build-frontend
cd web && npm run build

> monitoring-console-plugin@1.0.0 build
> npm run clean && NODE_ENV=production npm run ts-node node_modules/.bin/webpack


> monitoring-console-plugin@1.0.0 clean
> rm -rf dist


> monitoring-console-plugin@1.0.0 ts-node
> ts-node -O '{"module":"commonjs"}' node_modules/.bin/webpack

assets by path *.js 9.77 MiB
  assets by chunk 8.11 MiB (id hint: vendors)
    assets by status 7.07 MiB [big] 4 assets
    + 38 assets
  + 177 assets
assets by path assets/ 1.28 MiB
  assets by path assets/*.woff 740 KiB 42 assets
  assets by path assets/*.woff2 565 KiB 42 assets
  asset assets/restricted-sign..svg 2.38 KiB [emitted] [from: components/console/imgs/restricted-sign.svg] (auxiliary name: CmoAlertsPage, exposed-AlertRulesDetailsPage, exposed-AlertsDetailsPage, exposed-IncidentsPage, exposed-SilenceEditPage, exposed-SilencesDetailsPage, exposed-TargetsPage)
assets by path locales/ 115 KiB
  asset locales/en/plugin__monitoring-console-plugin.json 22.2 KiB [emitted] [from: ../locales/en/plugin__monitoring-console-plugin.json] [copied]
  asset locales/ja/plugin__monitoring-console-plugin.json 20.7 KiB [emitted] [from: ../locales/ja/plugin__monitoring-console-plugin.json] [copied]
  asset locales/fr/plugin__monitoring-console-plugin.json 19.3 KiB [emitted] [from: ../locales/fr/plugin__monitoring-console-plugin.json] [copied]
  + 3 assets
asset plugin-manifest.json 7.89 KiB [emitted]
orphan modules 19.3 MiB [orphan] 20233 modules
runtime modules 62.1 KiB 16 modules
built modules 17.8 MiB (javascript) 1.28 MiB (asset) 3.32 KiB (consume-shared) 3.08 KiB (share-init) [built]
  modules by path ../node_modules/ 17 MiB (javascript) 1.27 MiB (asset) 1705 modules
  modules by path ./ 788 KiB (javascript) 2.38 KiB (asset) 91 modules
  consume-shared-module modules 3.32 KiB 81 modules
  provide-module modules 3.08 KiB
    modules by path provide shared module (default) @patternfly/react-core/dist/dynamic/ 1.97 KiB 48 modules
    modules by path provide shared module (default) @patternfly/react-icons/dist/dynamic/icons/ 1.03 KiB 25 modules
    modules by path provide shared module (default) @patternfly/react-table/dist/dynamic/components/ 84 bytes 2 modules
  modules by path @console/internal/ 30 bytes
    @console/internal/module/auth (ignored) 15 bytes [built] [code generated]
    @console/internal/models (ignored) 15 bytes [built] [code generated]
  container entry 42 bytes [built] [code generated]

WARNING in asset size limit: The following asset(s) exceed the recommended size limit (244 KiB).
This can impact web performance.
Assets: 
  4617-chunk-f040b4586499cba121b1.min.js (311 KiB)
  9810-chunk-a64b894c03accad280e9.min.js (402 KiB)
  1848-chunk-267f4680c378ff96ac83.min.js (1.86 MiB)
  4616-chunk-8b92f11d45652b61ae32.min.js (4.51 MiB)

webpack 5.105.4 compiled with 1 warning in 158235 ms
--> c5487ae4668f
[linux/arm64] [3/3] STEP 1/8: FROM registry.redhat.io/rhel9-4-els/rhel:9.4
[linux/arm64] [3/3] STEP 2/8: RUN mkdir /licenses
--> Using cache a5c755ae1bbd31609a2c489015f1eff3b8cb42338f8820b0095369540fb52ad3
--> a5c755ae1bbd
[linux/arm64] [3/3] STEP 3/8: COPY LICENSE /licenses/.
--> Using cache 554edd6eb808254c48d02154095e87817f3f037985bc49a6553d049046b29351
--> 554edd6eb808
[linux/arm64] [3/3] STEP 4/8: USER 1001
--> Using cache 3094ccd40147b4eb3b47d22592de149f39d1886bd6ffbff8c2b40071db13f444
--> 3094ccd40147
[linux/arm64] [3/3] STEP 5/8: COPY --from=web-builder /opt/app-root/web/dist /opt/app-root/web/dist
--> 27d3067fbcdc
[linux/arm64] [3/3] STEP 6/8: COPY --from=go-builder /opt/app-root/plugin-backend /opt/app-root
--> 4d62eedc12a3
[linux/arm64] [3/3] STEP 7/8: COPY --from=web-builder /opt/app-root/config /opt/app-root/config
--> 088eaf4d9b61
[linux/arm64] [3/3] STEP 8/8: ENTRYPOINT ["/opt/app-root/plugin-backend", "-static-path", "/opt/app-root/web/dist"]
[linux/arm64] [3/3] COMMIT
--> 99ca9cbc60b2
[linux/amd64] [2/3] STEP 1/14: FROM brew.registry.redhat.io/rh-osbs/openshift-golang-builder:rhel_9_1.24 AS go-builder
99ca9cbc60b245e1d298cdc909f65281aff47ca46bdcadd502f54492a066bca6
Trying to pull brew.registry.redhat.io/rh-osbs/openshift-golang-builder:rhel_9_1.24...
Getting image source signatures
Copying blob sha256:e2e2fd836dcf8c102bc7bdec3fa60ccac6c08515308f3a3fd42a61dbecea6239
Copying blob sha256:5e09f8650bc245176f116be7bf617e9ebbda9f1690adc8f25ef8cc558cd62fbf
Copying config sha256:4110829d2ea57e0eeded3bd6d60857e756e7c4076501cd57b752f0411b653164
Writing manifest to image destination
[linux/amd64] [2/3] STEP 2/14: WORKDIR /opt/app-root
--> Using cache 36b55a0c33e98d54baa5cff3502d7ac389137efdfda6dc50a4253d80b0fe4e19
--> 36b55a0c33e9
[linux/amd64] [2/3] STEP 3/14: COPY Makefile Makefile
--> 2854833c1717
[linux/amd64] [2/3] STEP 4/14: COPY go.mod go.mod
--> 9a927a29a442
[linux/amd64] [2/3] STEP 5/14: COPY go.sum go.sum
--> 660a62a674db
[linux/amd64] [2/3] STEP 6/14: RUN make install-backend
go mod download
Go compliance shim [2] [rhel-9-golang-1.24][openshift-golang-builder]: assessment: CGO_ENABLED=1
Go compliance shim [2] [rhel-9-golang-1.24][openshift-golang-builder]: assessment: dynamic linking
Go compliance shim [2] [rhel-9-golang-1.24][openshift-golang-builder]: skipping forced compliance due to broad exemption
Go compliance shim [2] [rhel-9-golang-1.24][openshift-golang-builder]: EXEMPT: 1


Go compliance shim [2] [rhel-9-golang-1.24][openshift-golang-builder]: final command line arguments: "mod" "download" 

Go compliance shim [2] [rhel-9-golang-1.24][openshift-golang-builder]: invoking real go binary
Go compliance shim [2] [rhel-9-golang-1.24][openshift-golang-builder]: Exited with: 0
--> dc2e264bc42d
[linux/amd64] [2/3] STEP 7/14: COPY cmd/ cmd/
--> 99facdea9161
[linux/amd64] [2/3] STEP 8/14: COPY pkg/ pkg/
--> abe5401c8747
[linux/amd64] [2/3] STEP 9/14: ENV GOOS=${TARGETOS:-linux}
--> 5a85c24296c0
[linux/amd64] [2/3] STEP 10/14: ENV GOARCH=${TARGETARCH}
--> 65f18bfe218f
[linux/amd64] [2/3] STEP 11/14: ENV GOEXPERIMENT=strictfipsruntime
--> f09f5b6a15f1
[linux/amd64] [2/3] STEP 12/14: ENV GOFLAGS=-mod=readonly
--> 2bca9b7b4bcd
[linux/amd64] [2/3] STEP 13/14: ENV CGO_ENABLED=1
--> 215e5224f931
[linux/amd64] [2/3] STEP 14/14: RUN make build-backend
go build  -mod=readonly -o plugin-backend cmd/plugin-backend.go
Go compliance shim [2] [rhel-9-golang-1.24][openshift-golang-builder]: assessment: CGO_ENABLED=1
Go compliance shim [2] [rhel-9-golang-1.24][openshift-golang-builder]: assessment: dynamic linking
Go compliance shim [2] [rhel-9-golang-1.24][openshift-golang-builder]: skipping forced compliance due to broad exemption
Go compliance shim [2] [rhel-9-golang-1.24][openshift-golang-builder]: EXEMPT: 1


Go compliance shim [2] [rhel-9-golang-1.24][openshift-golang-builder]: final command line arguments: "build" "-mod=readonly" "-o" "plugin-backend" "cmd/plugin-backend.go" 

Go compliance shim [2] [rhel-9-golang-1.24][openshift-golang-builder]: invoking real go binary
Go compliance shim [2] [rhel-9-golang-1.24][openshift-golang-builder]: Exited with: 0
--> 1c5c68446564
[linux/amd64] [3/3] STEP 1/8: FROM registry.redhat.io/rhel9-4-els/rhel:9.4
Trying to pull registry.redhat.io/rhel9-4-els/rhel:9.4...
Getting image source signatures
Checking if image destination supports signatures
Copying blob sha256:9e5082548d869f2944301a153c8568183a38cf0df310a3fb0b2daf2af3b5f841
Copying config sha256:77849b1a77e7859a392840d43bed01557ec82ac0c2ac4283d962deec354ceee6
Writing manifest to image destination
Storing signatures
[linux/amd64] [3/3] STEP 2/8: RUN mkdir /licenses
--> Using cache 7c9c8f811fedc401cf03fecf15e2775286acdfcbd0ce9bf592815337ac5f9e5e
--> 7c9c8f811fed
[linux/amd64] [3/3] STEP 3/8: COPY LICENSE /licenses/.
--> Using cache 0ce014189e19fdc9ce66fddf23cf9b1e86acfdf999485f6b509ed56078063f72
--> 0ce014189e19
[linux/amd64] [3/3] STEP 4/8: USER 1001
--> Using cache ef28b9865e89e47c5c4f34d0a1e320ba4b1fbc29f5c9dbff6808474e4bf32dc4
--> ef28b9865e89
[linux/amd64] [3/3] STEP 5/8: COPY --from=web-builder /opt/app-root/web/dist /opt/app-root/web/dist
--> a17f9bd0561e
[linux/amd64] [3/3] STEP 6/8: COPY --from=go-builder /opt/app-root/plugin-backend /opt/app-root
--> 6dd6cc85341c
[linux/amd64] [3/3] STEP 7/8: COPY --from=web-builder /opt/app-root/config /opt/app-root/config
--> 98c4da6cfab7
[linux/amd64] [3/3] STEP 8/8: ENTRYPOINT ["/opt/app-root/plugin-backend", "-static-path", "/opt/app-root/web/dist"]
[linux/amd64] [3/3] COMMIT
--> fdd327268b14
fdd327268b14a247dec3a3dc61083e75a47b18b15b64bc12c485dca1824c4b88
podman manifest push quay.io/rh-ee-emurasak/monitoring-console-plugin:v1.0.0
Getting image list signatures
Copying 2 images generated from 2 images in list
Copying image sha256:b469385e21166228fde32143ffafac7aaeb0e290c8ab0d73f6663a8f452e9374 (1/2)
Getting image source signatures
Copying blob sha256:abdb8cc72e3424e4355a57b5eaf69a820fc9a93b5ef3124d51f184bbf887b049
Copying blob sha256:d4f23463a867bfcca4913e6996b2ca649a5867ee9e4c8152aebb286c5255555a
Copying blob sha256:631bdb95877a000c66f4475d4facff68c3e162ba20080853644c18c9eea41cf3
Copying blob sha256:bf20796ac7e0f37ad2d7cb60f0f67213325a0cbbd36bce45566dc14f85401e50
Copying blob sha256:2437d51ed6cbec50b443994190a7a3ac73164b592ffb8e5e6f58dc249d9d1c2f
Copying blob sha256:1ecac92787e324b25f6305efc3147efd49b3135e3dc4d105a07b757c89a0951e
Copying config sha256:99ca9cbc60b245e1d298cdc909f65281aff47ca46bdcadd502f54492a066bca6
Writing manifest to image destination
Copying image sha256:5d7affa7c61319644aa64d375283e232f6d5003da4b72760802efe5f57ee1b9b (2/2)
Getting image source signatures
Copying blob sha256:88a8b9ef7860e9b6833692b1ec22d0da25aee5457626f6ccba1bd4e30c13311f
Copying blob sha256:8f145ca8d1360b1f7e80c2d3712485eb6ddf255f02da3637641b8ad64e6c48a2
Copying blob sha256:74ea6a5315ac2a0a27a1e4e6f87703374739fbd596e872724a21ab09c6bdf5dd
Copying blob sha256:b60540ce6ebb329daa5921a19784ea9065e9cd97218673753c9b4c19926ddccc
Copying blob sha256:cfa2184966a88c7394c2c79d5d889ec838ff7d45664eebcaa2487d23fd6da01f
Copying blob sha256:59f4dea0b238f1f19780fd3dd8f9266ea1a9819a53f0a5478ffc3e462c52cee2
Copying config sha256:fdd327268b14a247dec3a3dc61083e75a47b18b15b64bc12c485dca1824c4b88
Writing manifest to image destination
Writing manifest list to image destination
Storing list signatures
==========================================
Building logging-view-plugin @ release-coo-ocp-4.22 with VERSION=v6.2.1 ORG=rh-ee-emurasak
==========================================
Switched to branch 'release-coo-ocp-4.22'
Your branch is up to date with 'origin/release-coo-ocp-4.22'.
From https://github.com/openshift/logging-view-plugin
 * branch            release-coo-ocp-4.22 -> FETCH_HEAD
Already up to date.
--- Attempt 1/3 ---
Makefile:45: warning: overriding commands for target `test-backend'
Makefile:41: warning: ignoring old commands for target `test-backend'
podman manifest rm quay.io/rh-ee-emurasak/logging-view-plugin:v6.2.1 || true
Error: quay.io/rh-ee-emurasak/logging-view-plugin:v6.2.1: image not known
podman manifest create quay.io/rh-ee-emurasak/logging-view-plugin:v6.2.1
f4077c13b353d8fba3bd3c010d72e39857fa980a12f2f5a73f1686af8ebace87
podman build --platform linux/arm64,linux/amd64 --manifest quay.io/rh-ee-emurasak/logging-view-plugin:v6.2.1 -f Dockerfile
[linux/arm64] [1/3] STEP 1/9: FROM registry.redhat.io/ubi9/nodejs-22:latest AS web-builder
Trying to pull registry.redhat.io/ubi9/nodejs-22:latest...
Getting image source signatures
Checking if image destination supports signatures
Copying blob sha256:6c68ec2cb8914dd7cd64b186ef8674ae644c890fcae14edf9a3b33fde3a76cce
Copying blob sha256:272885b21c5c665689f75262d01a13bd9ad42ae7c5a88870229aa3a5e014924c
Copying blob sha256:45bf04b3a5452bc9970eadea3c1e628777dfcc3d98626d309fe2cf72bea242a8
Copying config sha256:cdec7cf555668e1fe375792b3dc43ee3d3c7f4ce80dc22f9891253977b126024
Writing manifest to image destination
Storing signatures
[linux/arm64] [1/3] STEP 2/9: WORKDIR /opt/app-root
--> 9932d5a13361
[linux/arm64] [1/3] STEP 3/9: USER 0
--> 0b4d237c1123
[linux/arm64] [1/3] STEP 4/9: ENV HUSKY=0
--> 07a317fb064b
[linux/arm64] [1/3] STEP 5/9: COPY web/package*.json web/
--> d4670e61bd38
[linux/arm64] [1/3] STEP 6/9: COPY Makefile Makefile
--> 804b45f4a4f8
[linux/arm64] [1/3] STEP 7/9: RUN make install-frontend-ci-clean
Makefile:45: warning: overriding recipe for target 'test-backend'
Makefile:41: warning: ignoring old recipe for target 'test-backend'
cd web && npm ci --omit=optional --ignore-scripts
npm warn deprecated whatwg-encoding@3.1.1: Use @exodus/bytes instead for a more spec-conformant and faster implementation
npm warn deprecated uuid@8.3.2: uuid@10 and below is no longer supported.  For ESM codebases, update to uuid@latest.  For CommonJS codebases, use uuid@11 (but be aware this version will likely be deprecated in 2028).
npm warn deprecated rimraf@3.0.2: Rimraf versions prior to v4 are no longer supported
npm warn deprecated inflight@1.0.6: This module is not supported, and leaks memory. Do not use it. Check out lru-cache if you want a good and tested way to coalesce async requests by a key value, which is much more comprehensive and powerful.
npm warn deprecated i18next-parser@9.4.0: Project is deprecated, use i18next-cli instead
npm warn deprecated glob@7.2.3: Old versions of glob are not supported, and contain widely publicized security vulnerabilities, which have been fixed in the current version. Please update. Support for old versions may be purchased (at exorbitant rates) by contacting i@izs.me
npm warn deprecated @types/webpack-dev-server@4.7.2: This is a stub types definition. webpack-dev-server provides its own type definitions, so you do not need this installed.
npm warn deprecated glob@10.5.0: Old versions of glob are not supported, and contain widely publicized security vulnerabilities, which have been fixed in the current version. Please update. Support for old versions may be purchased (at exorbitant rates) by contacting i@izs.me
npm warn deprecated glob@10.5.0: Old versions of glob are not supported, and contain widely publicized security vulnerabilities, which have been fixed in the current version. Please update. Support for old versions may be purchased (at exorbitant rates) by contacting i@izs.me
npm warn deprecated glob@10.5.0: Old versions of glob are not supported, and contain widely publicized security vulnerabilities, which have been fixed in the current version. Please update. Support for old versions may be purchased (at exorbitant rates) by contacting i@izs.me
npm warn deprecated glob@10.5.0: Old versions of glob are not supported, and contain widely publicized security vulnerabilities, which have been fixed in the current version. Please update. Support for old versions may be purchased (at exorbitant rates) by contacting i@izs.me
npm warn deprecated glob@10.5.0: Old versions of glob are not supported, and contain widely publicized security vulnerabilities, which have been fixed in the current version. Please update. Support for old versions may be purchased (at exorbitant rates) by contacting i@izs.me

added 1554 packages, and audited 1555 packages in 34s

310 packages are looking for funding
  run `npm fund` for details

27 vulnerabilities (1 low, 20 moderate, 6 high)

To address issues that do not require attention, run:
  npm audit fix

To address all issues (including breaking changes), run:
  npm audit fix --force

Run `npm audit` for details.
cd web && npm cache clean --force
npm warn using --force Recommended protections disabled.
--> 9f8a7af18377
[linux/arm64] [1/3] STEP 8/9: COPY web/ web/
--> 47ed6f2487b0
[linux/arm64] [1/3] STEP 9/9: RUN make build-frontend
Makefile:45: warning: overriding recipe for target 'test-backend'
Makefile:41: warning: ignoring old recipe for target 'test-backend'
cd web && npm run build

> logging-view-plugin@6.1.0 build
> npm run clean && NODE_ENV=production npm run ts-node node_modules/.bin/webpack


> logging-view-plugin@6.1.0 clean
> rm -rf dist


> logging-view-plugin@6.1.0 ts-node
> ts-node -O '{"module":"commonjs"}' node_modules/.bin/webpack

@patternfly/react-core dynamic modules taken from dist/dynamic-modules.json
Cannot resolve base path for package @patternfly/react-data-view
@patternfly/react-icons dynamic modules taken from dist/dynamic-modules.json
@patternfly/react-table dynamic modules taken from dist/dynamic-modules.json
Cannot resolve base path for package @patternfly/react-templates
assets by path *.js 4.78 MiB
  assets by chunk 2.64 MiB (id hint: vendors)
    assets by status 1.61 MiB [big]
      asset 9666-chunk-69eed8215e04934b0b32.min.js 1.13 MiB [emitted] [immutable] [big] (id hint: vendors) 1 related asset
      asset 3076-chunk-d3dd5c0fd35e0abdbd6a.min.js 494 KiB [emitted] [immutable] [big] (id hint: vendors) 1 related asset
    + 11 assets
  + 82 assets
asset locales/en/plugin__logging-view-plugin.json 10.4 KiB [emitted] [from: ../locales/en/plugin__logging-view-plugin.json] [copied]
asset plugin-manifest.json 1.92 KiB [emitted]
orphan modules 2.59 MiB [orphan] 1519 modules
runtime modules 37.8 KiB 14 modules
built modules 2.89 MiB (javascript) 1.72 KiB (consume-shared) 1.56 KiB (share-init) [built]
  modules by path ../node_modules/ 2.6 MiB 436 modules
  modules by path ./ 299 KiB 48 modules
  consume-shared-module modules 1.72 KiB
    modules by path consume shared module (default) @patternfly/react-core/dist/dynamic/ 1.23 KiB 30 modules
    modules by path consume shared module (default) @patternfly/react-icons/dist/dynamic/icons/ 294 bytes 7 modules
    modules by path *.1 (singleton) 84 bytes 2 modules
    + 3 modules
  provide-module modules 1.56 KiB
    modules by path provide shared module (default) @patternfly/react-core/dist/dynamic/ 1.23 KiB 30 modules
    modules by path provide shared module (default) @patternfly/react-icons/dist/dynamic/icons/ 294 bytes 7 modules
    provide shared module (default) @patternfly/react-table/dist/dynamic/components/...(truncated) 42 bytes [built] [code generated]
  container entry 42 bytes [built] [code generated]

WARNING in asset size limit: The following asset(s) exceed the recommended size limit (244 KiB).
This can impact web performance.
Assets: 
  9666-chunk-69eed8215e04934b0b32.min.js (1.13 MiB)
  3076-chunk-d3dd5c0fd35e0abdbd6a.min.js (494 KiB)

webpack 5.106.2 compiled with 1 warning in 29906 ms
--> 0101fa0dfac3
[linux/amd64] [1/3] STEP 1/9: FROM registry.redhat.io/ubi9/nodejs-22:latest AS web-builder
Trying to pull registry.redhat.io/ubi9/nodejs-22:latest...
Getting image source signatures
Checking if image destination supports signatures
Copying blob sha256:669ecfdf872e83fa8f88dbdbe9b75f628fb72b9210cbdcce7ea0f449a74cac9e
Copying blob sha256:9a785c83dc42af66688cf5d3dd8e0500ce65bad5a679b45744d62c2fffbb60d8
Copying blob sha256:1c3800ac7d8629ddf73a031732f867dbc0c46d5a7dd1f70c0656c2e6e351e3aa
Copying config sha256:7ff8c7d7ce9b0c742c2379ee8b8206279c959b199e0e12bd8d486ef717c6da23
Writing manifest to image destination
Storing signatures
[linux/amd64] [1/3] STEP 2/9: WORKDIR /opt/app-root
--> Using cache ee0873c779f9dc2cf40d8976949d244c692f337607954c0305de23374f5df9fe
--> ee0873c779f9
[linux/amd64] [1/3] STEP 3/9: USER 0
--> Using cache d12af7a24add7288a368f8b754bec277378d57de4936d85e6b7e1c238b5e8746
--> d12af7a24add
[linux/amd64] [1/3] STEP 4/9: ENV HUSKY=0
--> Using cache 428918fb2167a036aab0e55fa9583e1bbabfd218db990ab1f6581b762c19c045
--> 428918fb2167
[linux/amd64] [1/3] STEP 5/9: COPY web/package*.json web/
--> bd421c5c74da
[linux/amd64] [1/3] STEP 6/9: COPY Makefile Makefile
--> c3c6767e0dec
[linux/amd64] [1/3] STEP 7/9: RUN make install-frontend-ci-clean
Makefile:45: warning: overriding recipe for target 'test-backend'
Makefile:41: warning: ignoring old recipe for target 'test-backend'
cd web && npm ci --omit=optional --ignore-scripts
npm warn deprecated whatwg-encoding@3.1.1: Use @exodus/bytes instead for a more spec-conformant and faster implementation
npm warn deprecated uuid@8.3.2: uuid@10 and below is no longer supported.  For ESM codebases, update to uuid@latest.  For CommonJS codebases, use uuid@11 (but be aware this version will likely be deprecated in 2028).
npm warn deprecated rimraf@3.0.2: Rimraf versions prior to v4 are no longer supported
npm warn deprecated inflight@1.0.6: This module is not supported, and leaks memory. Do not use it. Check out lru-cache if you want a good and tested way to coalesce async requests by a key value, which is much more comprehensive and powerful.
npm warn deprecated i18next-parser@9.4.0: Project is deprecated, use i18next-cli instead
npm warn deprecated glob@7.2.3: Old versions of glob are not supported, and contain widely publicized security vulnerabilities, which have been fixed in the current version. Please update. Support for old versions may be purchased (at exorbitant rates) by contacting i@izs.me
npm warn deprecated @types/webpack-dev-server@4.7.2: This is a stub types definition. webpack-dev-server provides its own type definitions, so you do not need this installed.
npm warn deprecated glob@10.5.0: Old versions of glob are not supported, and contain widely publicized security vulnerabilities, which have been fixed in the current version. Please update. Support for old versions may be purchased (at exorbitant rates) by contacting i@izs.me
npm warn deprecated glob@10.5.0: Old versions of glob are not supported, and contain widely publicized security vulnerabilities, which have been fixed in the current version. Please update. Support for old versions may be purchased (at exorbitant rates) by contacting i@izs.me
npm warn deprecated glob@10.5.0: Old versions of glob are not supported, and contain widely publicized security vulnerabilities, which have been fixed in the current version. Please update. Support for old versions may be purchased (at exorbitant rates) by contacting i@izs.me
npm warn deprecated glob@10.5.0: Old versions of glob are not supported, and contain widely publicized security vulnerabilities, which have been fixed in the current version. Please update. Support for old versions may be purchased (at exorbitant rates) by contacting i@izs.me
npm warn deprecated glob@10.5.0: Old versions of glob are not supported, and contain widely publicized security vulnerabilities, which have been fixed in the current version. Please update. Support for old versions may be purchased (at exorbitant rates) by contacting i@izs.me

added 1554 packages, and audited 1555 packages in 49s

310 packages are looking for funding
  run `npm fund` for details

27 vulnerabilities (1 low, 20 moderate, 6 high)

To address issues that do not require attention, run:
  npm audit fix

To address all issues (including breaking changes), run:
  npm audit fix --force

Run `npm audit` for details.
cd web && npm cache clean --force
npm warn using --force Recommended protections disabled.
--> 7ced5a7e3e02
[linux/amd64] [1/3] STEP 8/9: COPY web/ web/
--> 0e50f46112a8
[linux/amd64] [1/3] STEP 9/9: RUN make build-frontend
Makefile:45: warning: overriding recipe for target 'test-backend'
Makefile:41: warning: ignoring old recipe for target 'test-backend'
cd web && npm run build

> logging-view-plugin@6.1.0 build
> npm run clean && NODE_ENV=production npm run ts-node node_modules/.bin/webpack


> logging-view-plugin@6.1.0 clean
> rm -rf dist


> logging-view-plugin@6.1.0 ts-node
> ts-node -O '{"module":"commonjs"}' node_modules/.bin/webpack

@patternfly/react-core dynamic modules taken from dist/dynamic-modules.json
Cannot resolve base path for package @patternfly/react-data-view
Cannot resolve base path for package @patternfly/react-templates
@patternfly/react-icons dynamic modules taken from dist/dynamic-modules.json
@patternfly/react-table dynamic modules taken from dist/dynamic-modules.json
assets by path *.js 4.78 MiB
  assets by chunk 2.64 MiB (id hint: vendors)
    assets by status 1.61 MiB [big]
      asset 9666-chunk-69eed8215e04934b0b32.min.js 1.13 MiB [emitted] [immutable] [big] (id hint: vendors) 1 related asset
      asset 3076-chunk-d3dd5c0fd35e0abdbd6a.min.js 494 KiB [emitted] [immutable] [big] (id hint: vendors) 1 related asset
    + 11 assets
  + 82 assets
asset locales/en/plugin__logging-view-plugin.json 10.4 KiB [emitted] [from: ../locales/en/plugin__logging-view-plugin.json] [copied]
asset plugin-manifest.json 1.92 KiB [emitted]
orphan modules 2.59 MiB [orphan] 1519 modules
runtime modules 37.8 KiB 14 modules
built modules 2.89 MiB (javascript) 1.72 KiB (consume-shared) 1.56 KiB (share-init) [built]
  modules by path ../node_modules/ 2.6 MiB 436 modules
  modules by path ./ 299 KiB 48 modules
  consume-shared-module modules 1.72 KiB
    modules by path consume shared module (default) @patternfly/react-core/dist/dynamic/ 1.23 KiB 30 modules
    modules by path consume shared module (default) @patternfly/react-icons/dist/dynamic/icons/ 294 bytes 7 modules
    modules by path *.1 (singleton) 84 bytes 2 modules
    + 3 modules
  provide-module modules 1.56 KiB
    modules by path provide shared module (default) @patternfly/react-core/dist/dynamic/ 1.23 KiB 30 modules
    modules by path provide shared module (default) @patternfly/react-icons/dist/dynamic/icons/ 294 bytes 7 modules
    provide shared module (default) @patternfly/react-table/dist/dynamic/components/...(truncated) 42 bytes [built] [code generated]
  container entry 42 bytes [built] [code generated]

WARNING in asset size limit: The following asset(s) exceed the recommended size limit (244 KiB).
This can impact web performance.
Assets: 
  9666-chunk-69eed8215e04934b0b32.min.js (1.13 MiB)
  3076-chunk-d3dd5c0fd35e0abdbd6a.min.js (494 KiB)

webpack 5.106.2 compiled with 1 warning in 48494 ms
--> b5ef17d8e60c
[linux/arm64] [2/3] STEP 1/12: FROM registry.ci.openshift.org/ocp/builder:rhel-9-golang-1.25-openshift-4.22 AS go-builder
Trying to pull registry.ci.openshift.org/ocp/builder:rhel-9-golang-1.25-openshift-4.22...
Getting image source signatures
Copying blob sha256:1eda8633af783db3a42b1f529531a61cfb66ba346055a3843a5d1e33e6b66724
Copying blob sha256:9e9bee4738d78cc5b8c68706e99751b669394b1e52ebb360fabf583fee381119
Copying blob sha256:5b61c27edafe5e77ded797c82768f76bc75782d396b9df5960fa44c429b4056d
Copying config sha256:c70f9b12fce57ea7894ab8230c272768ec9ecc9362a909badc4eb75d5aa2a5a0
Writing manifest to image destination
[linux/arm64] [2/3] STEP 2/12: WORKDIR /opt/app-root
--> 8c2ac92d0728
[linux/arm64] [2/3] STEP 3/12: COPY Makefile Makefile
--> 1035bd098a03
[linux/arm64] [2/3] STEP 4/12: COPY go.mod go.mod
--> 183dffe6e19c
[linux/arm64] [2/3] STEP 5/12: COPY go.sum go.sum
--> aa7021486c45
[linux/arm64] [2/3] STEP 6/12: RUN make install-backend
Makefile:45: warning: overriding recipe for target 'test-backend'
Makefile:41: warning: ignoring old recipe for target 'test-backend'
go mod download
--> c48544e1b23d
[linux/arm64] [2/3] STEP 7/12: COPY config/ config/
--> b9d4f273b89a
[linux/arm64] [2/3] STEP 8/12: COPY cmd/ cmd/
--> 94358c99a455
[linux/arm64] [2/3] STEP 9/12: COPY pkg/ pkg/
--> cf93749b8c20
[linux/arm64] [2/3] STEP 10/12: ENV GOEXPERIMENT=strictfipsruntime
--> 022da2fc2cb7
[linux/arm64] [2/3] STEP 11/12: ENV CGO_ENABLED=1
--> ac56de5ccb69
[linux/arm64] [2/3] STEP 12/12: RUN make build-backend BUILD_OPTS="-tags strictfipsruntime"
Makefile:45: warning: overriding recipe for target 'test-backend'
Makefile:41: warning: ignoring old recipe for target 'test-backend'
go build -tags strictfipsruntime -mod=readonly -o plugin-backend cmd/plugin-backend.go
--> 5899346c4e08
[linux/amd64] [2/3] STEP 1/12: FROM registry.ci.openshift.org/ocp/builder:rhel-9-golang-1.25-openshift-4.22 AS go-builder
Trying to pull registry.ci.openshift.org/ocp/builder:rhel-9-golang-1.25-openshift-4.22...
Getting image source signatures
Copying blob sha256:62b3af1f3bb836696025e1eed4ab22158046acf0efda0dd2b2088d031f1c4d2d
Copying blob sha256:cb8cee91bb10a151d5f47bfaeade03a136feecdd326326b1bb7ffb26c45f6de8
Copying blob sha256:bdb88ac36bdf391d418c29297642f76f82d5a4d646b4962c31184290c3b2d7bf
Copying config sha256:90030b472b020e351b129b4bf18ba6ad5f8ae9c59997f0bf9294be3ee50f8d14
Writing manifest to image destination
[linux/amd64] [2/3] STEP 2/12: WORKDIR /opt/app-root
--> be9ec3782041
[linux/amd64] [2/3] STEP 3/12: COPY Makefile Makefile
--> a769bf188e8a
[linux/amd64] [2/3] STEP 4/12: COPY go.mod go.mod
--> 706f9e263d4f
[linux/amd64] [2/3] STEP 5/12: COPY go.sum go.sum
--> b370c08241b7
[linux/amd64] [2/3] STEP 6/12: RUN make install-backend
Makefile:45: warning: overriding recipe for target 'test-backend'
Makefile:41: warning: ignoring old recipe for target 'test-backend'
go mod download
--> 664c2829b4b8
[linux/amd64] [2/3] STEP 7/12: COPY config/ config/
--> f53b79a7a350
[linux/amd64] [2/3] STEP 8/12: COPY cmd/ cmd/
--> a32e9815d710
[linux/amd64] [2/3] STEP 9/12: COPY pkg/ pkg/
--> 92b90ccf3aaa
[linux/amd64] [2/3] STEP 10/12: ENV GOEXPERIMENT=strictfipsruntime
--> 76b0911b7fde
[linux/amd64] [2/3] STEP 11/12: ENV CGO_ENABLED=1
--> 40100786f6e3
[linux/amd64] [2/3] STEP 12/12: RUN make build-backend BUILD_OPTS="-tags strictfipsruntime"
Makefile:45: warning: overriding recipe for target 'test-backend'
Makefile:41: warning: ignoring old recipe for target 'test-backend'
go build -tags strictfipsruntime -mod=readonly -o plugin-backend cmd/plugin-backend.go
--> 5f24e2347fb4
[linux/arm64] [3/3] STEP 1/5: FROM registry.redhat.io/rhel9-4-els/rhel:9.4
Trying to pull registry.redhat.io/rhel9-4-els/rhel:9.4...
Getting image source signatures
Checking if image destination supports signatures
Copying blob sha256:79500177a417e8e03b63a0893e7e6b03f94ac7a605be761a51e28f082a16087f
Copying config sha256:62846c379ae900d8abe0855310d3d4e7ca7b0b21cc231d45bdfe5a0044988475
Writing manifest to image destination
Storing signatures
[linux/arm64] [3/3] STEP 2/5: COPY --from=web-builder /opt/app-root/web/dist /opt/app-root/web/dist
--> b910452d80ea
[linux/arm64] [3/3] STEP 3/5: COPY --from=go-builder /opt/app-root/plugin-backend /opt/app-root
--> 07894c7d9349
[linux/arm64] [3/3] STEP 4/5: COPY --from=go-builder /opt/app-root/config /opt/app-root/config
--> 8c1b41fd80dc
[linux/arm64] [3/3] STEP 5/5: ENTRYPOINT ["/opt/app-root/plugin-backend", "-config-path", "/opt/app-root/config", "-static-path", "/opt/app-root/web/dist"]
[linux/arm64] [3/3] COMMIT
--> c7217b19ac1f
[linux/amd64] [3/3] STEP 1/5: FROM registry.redhat.io/rhel9-4-els/rhel:9.4
c7217b19ac1f5537371d3d62f737dba95545b5895017fd50799c87ba3eb1ec05
Trying to pull registry.redhat.io/rhel9-4-els/rhel:9.4...
Getting image source signatures
Checking if image destination supports signatures
Copying blob sha256:9e5082548d869f2944301a153c8568183a38cf0df310a3fb0b2daf2af3b5f841
Copying config sha256:77849b1a77e7859a392840d43bed01557ec82ac0c2ac4283d962deec354ceee6
Writing manifest to image destination
Storing signatures
[linux/amd64] [3/3] STEP 2/5: COPY --from=web-builder /opt/app-root/web/dist /opt/app-root/web/dist
--> 8e775e3f17f8
[linux/amd64] [3/3] STEP 3/5: COPY --from=go-builder /opt/app-root/plugin-backend /opt/app-root
--> 23f64d0f0b18
[linux/amd64] [3/3] STEP 4/5: COPY --from=go-builder /opt/app-root/config /opt/app-root/config
--> 52528d64eb2c
[linux/amd64] [3/3] STEP 5/5: ENTRYPOINT ["/opt/app-root/plugin-backend", "-config-path", "/opt/app-root/config", "-static-path", "/opt/app-root/web/dist"]
[linux/amd64] [3/3] COMMIT
--> 9142b43619c1
9142b43619c1b177a5b0b442792f23c9fed293eb230d85c55c15e02662332e43
podman manifest push quay.io/rh-ee-emurasak/logging-view-plugin:v6.2.1
Getting image list signatures
Copying 2 images generated from 2 images in list
Copying image sha256:ca8e8ab9f73ec79f13fa2d55b61db756c32f2c3a865441abb60d6ab552dc7a79 (1/2)
Getting image source signatures
Copying blob sha256:994382787b9ba0010f95bbba6c8838c6beb7c5b634808393e86fbb23d7788bd0
Copying blob sha256:abdb8cc72e3424e4355a57b5eaf69a820fc9a93b5ef3124d51f184bbf887b049
Copying blob sha256:64897ca5056cb2742636d5e7e9048e008e628351138aae9ceb891dfff0eeead5
Copying blob sha256:fecac0f5205fe792933732009d860c54599882e23e38591313be18cd4b67f254
Copying config sha256:c7217b19ac1f5537371d3d62f737dba95545b5895017fd50799c87ba3eb1ec05
Writing manifest to image destination
Copying image sha256:3ba76275f0b5135ef6c2461b4e693a07c34815ae7aab82f5b0c7ac3effa4f325 (2/2)
Getting image source signatures
Copying blob sha256:c84b0553b0c49c9ddbfce8efa7a5632f88bac546893670a51b69b7b819e831a3
Copying blob sha256:74ea6a5315ac2a0a27a1e4e6f87703374739fbd596e872724a21ab09c6bdf5dd
Copying blob sha256:87be3e13881bad78424138b9e4a1ddb45310ffd197404104684afbe505c94134
Copying blob sha256:0119cc5a4b7e7510ba4ef0ccbe9d899ca0c1217645dd9e29109ba4c5fd4c9b5c
Copying config sha256:9142b43619c1b177a5b0b442792f23c9fed293eb230d85c55c15e02662332e43
Writing manifest to image destination
Writing manifest list to image destination
Storing list signatures

==========================================
  BUILD SUMMARY
==========================================
REPO                                          BRANCH                         VERSION    CHECKOUT   PULL       BRANCH     BUILD      ATTEMPTS
----                                          ------                         -------    --------   ----       ------     -----      --------
console-dashboards-plugin                     release-coo-ocp-4.12           v0.4.3     OK         OK         OK         SUCCESS    1
distributed-tracing-console-plugin            release-coo-ocp-4.12           v0.3.3     OK         OK         OK         SUCCESS    1
logging-view-plugin                           release-coo-ocp-4.12           v6.0.5     OK         OK         OK         SUCCESS    1
distributed-tracing-console-plugin            release-coo-ocp-4.15           v0.4.3     OK         OK         OK         FAILED     3
logging-view-plugin                           release-coo-ocp-4.15           v6.1.6     OK         OK         OK         SUCCESS    1
monitoring-plugin                             release-coo-ocp-4.15           v0.4.5     OK         OK         OK         SUCCESS    1
distributed-tracing-console-plugin            release-coo-ocp-4.19           v1.0.3     OK         OK         OK         SUCCESS    1
troubleshooting-panel-console-plugin          release-coo-ocp-4.19           v0.4.5     OK         OK         OK         SUCCESS    1
monitoring-plugin                             release-coo-ocp-4.19           v0.5.4     OK         OK         OK         SUCCESS    1
distributed-tracing-console-plugin            release-coo-ocp-4.22           v1.1.0     OK         OK         OK         SUCCESS    1
troubleshooting-panel-console-plugin          release-coo-ocp-4.22           v1.0.0     OK         OK         OK         SUCCESS    1
monitoring-plugin                             release-coo-ocp-4.22           v1.0.0     OK         OK         OK         SUCCESS    1
logging-view-plugin                           release-coo-ocp-4.22           v6.2.1     OK         OK         OK         SUCCESS    1
==========================================
Total: 13  |  Succeeded: 12  |  Failed: 1
==========================================
