Logging to /Users/emurasak/workspace/harness-official/tasks/upstream-images/build-and-push-new-20260901-140047.log
Fetching all branches for each repo...
  Fetching distributed-tracing-plugin...
  Fetching logging-view-plugin...
  Fetching monitoring-plugin...
From https://github.com/openshift/monitoring-plugin
   525bbd15..0ec83454  main                 -> origin/main
 + baa26c88...221d9e6b move-alerting-tests  -> origin/move-alerting-tests  (forced update)
 + 402b2a1b...3a91dc29 move-fixtures        -> origin/move-fixtures  (forced update)
 + 139ce19e...701a5131 move-support         -> origin/move-support  (forced update)
 + 8b16f12b...e57372f3 move-views           -> origin/move-views  (forced update)
 + 49f5513b...1799e7c5 refactor-variables   -> origin/refactor-variables  (forced update)
   525bbd15..0ec83454  release-5.1          -> origin/release-5.1
   525bbd15..0ec83454  release-5.2          -> origin/release-5.2
   5714db87..0192dbb3  release-coo-ocp-4.22 -> origin/release-coo-ocp-4.22
 + 6e7f913f...300c4766 run-changes          -> origin/run-changes  (forced update)
  Fetching troubleshooting-panel-plugin...
Fetch complete.
==========================================
Building distributed-tracing-plugin @ release-coo-ocp-4.12 with VERSION=v0.3.4 ORG=openshift-observability-ui
==========================================
Switched to branch 'release-coo-ocp-4.12'
Your branch is up to date with 'origin/release-coo-ocp-4.12'.
From https://github.com/openshift/distributed-tracing-console-plugin
 * branch            release-coo-ocp-4.12 -> FETCH_HEAD
Already up to date.
--- Attempt 1/3 ---
podman manifest rm quay.io/openshift-observability-ui/distributed-tracing-console-plugin:v0.3.4 || true
Error: quay.io/openshift-observability-ui/distributed-tracing-console-plugin:v0.3.4: image not known
podman manifest create quay.io/openshift-observability-ui/distributed-tracing-console-plugin:v0.3.4
99baab581e362bdb684589034ebf0f9fd8ce90413511e3df6ba972d2428f1cc7
podman build --platform=linux/arm64,linux/amd64 --manifest quay.io/openshift-observability-ui/distributed-tracing-console-plugin:v0.3.4 -f Dockerfile
[linux/amd64] [1/3] STEP 1/8: FROM registry.redhat.io/ubi9/nodejs-22:latest AS web-builder
Trying to pull registry.redhat.io/ubi9/nodejs-22:latest...
Getting image source signatures
Checking if image destination supports signatures
Copying blob sha256:d74f03e958176d9f637ef3f0c60d433f7a81709a1fe56c62d203eef3a536739e
Copying blob sha256:56649e4df8eddef4709849b46063574b7ddb22fc98fb75409885c838a4c9d381
Copying blob sha256:5c9af8529e118dd5a8d55d669c48114bfef7c8f5d743e5e560639dfabca3a5f9
Copying config sha256:0f7698e0407d0631a81bf20e78ec1d23de169a3b85762c7d4d6c629fe8f1d963
Writing manifest to image destination
Storing signatures
[linux/amd64] [1/3] STEP 2/8: WORKDIR /opt/app-root
--> b22f0152de7e
[linux/amd64] [1/3] STEP 3/8: USER 0
--> ed155e792b6c
[linux/amd64] [1/3] STEP 4/8: COPY web/package*.json web/
--> 79df116fde72
[linux/amd64] [1/3] STEP 5/8: COPY Makefile Makefile
--> be95510843be
[linux/amd64] [1/3] STEP 6/8: RUN make install-frontend-ci-clean
cd web && npm ci --ignore-scripts --omit=optional
npm warn deprecated rimraf@3.0.2: Rimraf versions prior to v4 are no longer supported
npm warn deprecated mini-create-react-context@0.4.1: Package no longer supported. Contact Support at https://www.npmjs.com/support for more info.
npm warn deprecated inflight@1.0.6: This module is not supported, and leaks memory. Do not use it. Check out lru-cache if you want a good and tested way to coalesce async requests by a key value, which is much more comprehensive and powerful.
npm warn deprecated glob@7.2.3: Glob versions prior to v9 are no longer supported
npm warn deprecated i18next-parser@9.4.0: Project is deprecated, use i18next-cli instead
npm warn deprecated popper.js@1.16.1: You can find the new Popper v2 at @popperjs/core, this package is dedicated to the legacy v1
npm warn deprecated eslint@8.57.1: This version is no longer supported. Please see https://eslint.org/version-support for other options.
npm warn deprecated @humanwhocodes/object-schema@2.0.3: Use @eslint/object-schema instead
npm warn deprecated @humanwhocodes/config-array@0.13.0: Use @eslint/config-array instead
npm warn deprecated rimraf@2.7.1: Rimraf versions prior to v4 are no longer supported
npm warn deprecated core-js@2.6.12: core-js@<3.23.3 is no longer maintained and not recommended for usage due to the number of issues. Because of the V8 engine whims, feature detection in old core-js versions could cause a slowdown up to 100x even if nothing is polyfilled. Some versions have web compatibility issues. Please, upgrade your dependencies to the actual version of core-js.

added 1775 packages, and audited 1776 packages in 51s

291 packages are looking for funding
  run `npm fund` for details

45 vulnerabilities (3 low, 23 moderate, 18 high, 1 critical)

To address issues that do not require attention, run:
  npm audit fix

To address all issues possible (including breaking changes), run:
  npm audit fix --force

Some issues need review, and may require choosing
a different dependency.

Run `npm audit` for details.
cd web && npm cache clean --force
npm warn using --force Recommended protections disabled.
--> 7dc4b8f2e45e
[linux/amd64] [1/3] STEP 7/8: COPY web/ web/
--> daf2cbb8d381
[linux/amd64] [1/3] STEP 8/8: RUN make build-frontend
cd web && npm run build

> distributed-tracing-console-plugin@0.3.0 build
> npm run clean && NODE_ENV=production npm run webpack


> distributed-tracing-console-plugin@0.3.0 clean
> rm -rf dist


> distributed-tracing-console-plugin@0.3.0 webpack
> node -r ts-node/register ./node_modules/.bin/webpack

assets by path assets/ 1.27 MiB
  assets by path assets/*.woff 740 KiB 42 assets
  assets by path assets/*.woff2 565 KiB
    asset assets/inter-latin-ext-600-normal..woff2 35.4 KiB [emitted] [from: ../node_modules/@fontsource/inter/files/inter-latin-ext-600-normal.woff2] (auxiliary id hint: vendors)
    asset assets/inter-latin-ext-700-normal..woff2 35.4 KiB [emitted] [from: ../node_modules/@fontsource/inter/files/inter-latin-ext-700-normal.woff2] (auxiliary id hint: vendors)
    + 40 assets
assets by path *.js 2.91 MiB
  assets by chunk 2.85 MiB (id hint: vendors)
    asset 231-chunk-f6f04aea9cd53f0eebdb.min.js 2.71 MiB [emitted] [immutable] [minimized] [big] (id hint: vendors) 1 related asset
    + 2 assets
  + 4 assets
asset locales/en/plugin__distributed-tracing-console-plugin.json 4.06 KiB [emitted] [from: ../locales/en/plugin__distributed-tracing-console-plugin.json] [copied]
asset plugin-manifest.json 951 bytes [emitted]
orphan modules 23.6 MiB (javascript) 168 bytes (consume-shared) [orphan] 14918 modules
runtime modules 18.8 KiB 14 modules
built modules 9.82 MiB (javascript) 1.27 MiB (asset) 1010 bytes (consume-shared) 42 bytes (share-init) [built]
  javascript modules 9.82 MiB
    modules by path ../node_modules/ 9.72 MiB 654 modules
    modules by path ./ 104 KiB 15 modules
    container entry 42 bytes [built] [code generated]
  asset modules 1.27 MiB (asset) 3.45 KiB (javascript)
    modules by path ../node_modules/@fontsource/inter/files/*.woff2 565 KiB (asset) 1.72 KiB (javascript) 42 modules
    modules by path ../node_modules/@fontsource/inter/files/*.woff 740 KiB (asset) 1.72 KiB (javascript) 42 modules
  consume-shared-module modules 1010 bytes
    modules by path *.0 (singleton) 378 bytes 9 modules
    modules by path *.1 (singleton) 84 bytes 2 modules
    + 13 modules
  provide shared module (default) react-helmet@6.1.0 = ../node_modules/react-helme...(truncated) 42 bytes [built] [code generated]

WARNING in asset size limit: The following asset(s) exceed the recommended size limit (244 KiB).
This can impact web performance.
Assets: 
  231-chunk-f6f04aea9cd53f0eebdb.min.js (2.71 MiB)

webpack 5.105.3 compiled with 1 warning in 55550 ms
--> 8178789d8331
[linux/arm64] [1/3] STEP 1/8: FROM registry.redhat.io/ubi9/nodejs-22:latest AS web-builder
Trying to pull registry.redhat.io/ubi9/nodejs-22:latest...
Getting image source signatures
Checking if image destination supports signatures
Copying blob sha256:143df91a054c3d67ed690e7f87f430247e12263d24f8d216e794a40abed4caa8
Copying blob sha256:96c26ef68d364bcbd8f901e4664d7531ebb74699c6d8a69825e5925d8c6696c2
Copying blob sha256:3fa2c3ec93bd0d2914f8e021fa5b043ace5a704a440ecd2db626edd260f6a3c8
Copying config sha256:21c0269160eae1f56763a0def0f20ffead061334731e5fd18ceb2c7eca36dca5
Writing manifest to image destination
Storing signatures
[linux/arm64] [1/3] STEP 2/8: WORKDIR /opt/app-root
--> f138705962d1
[linux/arm64] [1/3] STEP 3/8: USER 0
--> 61b9a6eeee01
[linux/arm64] [1/3] STEP 4/8: COPY web/package*.json web/
--> 14427be3c030
[linux/arm64] [1/3] STEP 5/8: COPY Makefile Makefile
--> fc0003844b89
[linux/arm64] [1/3] STEP 6/8: RUN make install-frontend-ci-clean
cd web && npm ci --ignore-scripts --omit=optional
npm warn deprecated rimraf@3.0.2: Rimraf versions prior to v4 are no longer supported
npm warn deprecated popper.js@1.16.1: You can find the new Popper v2 at @popperjs/core, this package is dedicated to the legacy v1
npm warn deprecated mini-create-react-context@0.4.1: Package no longer supported. Contact Support at https://www.npmjs.com/support for more info.
npm warn deprecated inflight@1.0.6: This module is not supported, and leaks memory. Do not use it. Check out lru-cache if you want a good and tested way to coalesce async requests by a key value, which is much more comprehensive and powerful.
npm warn deprecated i18next-parser@9.4.0: Project is deprecated, use i18next-cli instead
npm warn deprecated glob@7.2.3: Glob versions prior to v9 are no longer supported
npm warn deprecated eslint@8.57.1: This version is no longer supported. Please see https://eslint.org/version-support for other options.
npm warn deprecated core-js@2.6.12: core-js@<3.23.3 is no longer maintained and not recommended for usage due to the number of issues. Because of the V8 engine whims, feature detection in old core-js versions could cause a slowdown up to 100x even if nothing is polyfilled. Some versions have web compatibility issues. Please, upgrade your dependencies to the actual version of core-js.
npm warn deprecated @humanwhocodes/object-schema@2.0.3: Use @eslint/object-schema instead
npm warn deprecated @humanwhocodes/config-array@0.13.0: Use @eslint/config-array instead
npm warn deprecated rimraf@2.7.1: Rimraf versions prior to v4 are no longer supported

added 1775 packages, and audited 1776 packages in 46s

291 packages are looking for funding
  run `npm fund` for details

45 vulnerabilities (3 low, 23 moderate, 18 high, 1 critical)

To address issues that do not require attention, run:
  npm audit fix

To address all issues possible (including breaking changes), run:
  npm audit fix --force

Some issues need review, and may require choosing
a different dependency.

Run `npm audit` for details.
cd web && npm cache clean --force
npm warn using --force Recommended protections disabled.
--> 68b026889943
[linux/arm64] [1/3] STEP 7/8: COPY web/ web/
--> ac8d389e9723
[linux/arm64] [1/3] STEP 8/8: RUN make build-frontend
cd web && npm run build

> distributed-tracing-console-plugin@0.3.0 build
> npm run clean && NODE_ENV=production npm run webpack


> distributed-tracing-console-plugin@0.3.0 clean
> rm -rf dist


> distributed-tracing-console-plugin@0.3.0 webpack
> node -r ts-node/register ./node_modules/.bin/webpack

assets by path assets/ 1.27 MiB
  assets by path assets/*.woff 740 KiB 42 assets
  assets by path assets/*.woff2 565 KiB
    asset assets/inter-latin-ext-600-normal..woff2 35.4 KiB [emitted] [from: ../node_modules/@fontsource/inter/files/inter-latin-ext-600-normal.woff2] (auxiliary id hint: vendors)
    asset assets/inter-latin-ext-700-normal..woff2 35.4 KiB [emitted] [from: ../node_modules/@fontsource/inter/files/inter-latin-ext-700-normal.woff2] (auxiliary id hint: vendors)
    + 40 assets
assets by path *.js 2.91 MiB
  assets by chunk 2.85 MiB (id hint: vendors)
    asset 231-chunk-f6f04aea9cd53f0eebdb.min.js 2.71 MiB [emitted] [immutable] [minimized] [big] (id hint: vendors) 1 related asset
    + 2 assets
  + 4 assets
asset locales/en/plugin__distributed-tracing-console-plugin.json 4.06 KiB [emitted] [from: ../locales/en/plugin__distributed-tracing-console-plugin.json] [copied]
asset plugin-manifest.json 951 bytes [emitted]
orphan modules 23.6 MiB (javascript) 168 bytes (consume-shared) [orphan] 14918 modules
runtime modules 18.8 KiB 14 modules
built modules 9.82 MiB (javascript) 1.27 MiB (asset) 1010 bytes (consume-shared) 42 bytes (share-init) [built]
  javascript modules 9.82 MiB
    modules by path ../node_modules/ 9.72 MiB 654 modules
    modules by path ./ 104 KiB 15 modules
    container entry 42 bytes [built] [code generated]
  asset modules 1.27 MiB (asset) 3.45 KiB (javascript)
    modules by path ../node_modules/@fontsource/inter/files/*.woff2 565 KiB (asset) 1.72 KiB (javascript) 42 modules
    modules by path ../node_modules/@fontsource/inter/files/*.woff 740 KiB (asset) 1.72 KiB (javascript) 42 modules
  consume-shared-module modules 1010 bytes
    modules by path *.0 (singleton) 378 bytes 9 modules
    modules by path *.1 (singleton) 84 bytes 2 modules
    + 13 modules
  provide shared module (default) react-helmet@6.1.0 = ../node_modules/react-helme...(truncated) 42 bytes [built] [code generated]

WARNING in asset size limit: The following asset(s) exceed the recommended size limit (244 KiB).
This can impact web performance.
Assets: 
  231-chunk-f6f04aea9cd53f0eebdb.min.js (2.71 MiB)

webpack 5.105.3 compiled with 1 warning in 49301 ms
--> c428c32dae03
[linux/amd64] [2/3] STEP 1/11: FROM registry.access.redhat.com/ubi9/go-toolset:1.26 AS go-builder
Trying to pull registry.access.redhat.com/ubi9/go-toolset:1.26...
Getting image source signatures
Checking if image destination supports signatures
Copying blob sha256:9dd7a54704c5a666e57e3f6efc35e90fc6da8ad2923d77d60d1c573ef3315791
Copying blob sha256:56649e4df8eddef4709849b46063574b7ddb22fc98fb75409885c838a4c9d381
Copying blob sha256:5c9af8529e118dd5a8d55d669c48114bfef7c8f5d743e5e560639dfabca3a5f9
Copying blob sha256:d68194b0e4a172e16c5cbb1bc0479d22da58da64d376a5cdb885730c90f6fc5b
Copying config sha256:11c3fc29fb378f2b34bbf7921ad5e41b11f9631214b3369f21fc66619a1c7872
Writing manifest to image destination
Storing signatures
[linux/amd64] [2/3] STEP 2/11: WORKDIR /opt/app-root
--> cee354c451d2
[linux/amd64] [2/3] STEP 3/11: COPY Makefile Makefile
--> 42222903f3f5
[linux/amd64] [2/3] STEP 4/11: COPY go.mod go.mod
--> 6fd5d320eecc
[linux/amd64] [2/3] STEP 5/11: COPY go.sum go.sum
--> 17bcb0814618
[linux/amd64] [2/3] STEP 6/11: RUN go mod download
--> 55e1c70ef143
[linux/amd64] [2/3] STEP 7/11: COPY cmd/ cmd/
--> 58f96873c7e2
[linux/amd64] [2/3] STEP 8/11: COPY pkg/ pkg/
--> ff7b44cc4d0f
[linux/amd64] [2/3] STEP 9/11: ENV GOEXPERIMENT=strictfipsruntime
--> a6197bfd868c
[linux/amd64] [2/3] STEP 10/11: ENV CGO_ENABLED=1
--> b24a351db4ad
[linux/amd64] [2/3] STEP 11/11: RUN make build-backend BUILD_OPTS="-tags strictfipsruntime"
go build -tags strictfipsruntime -o plugin-backend -mod=readonly cmd/plugin-backend.go
--> 63a4cd4333c4
[linux/arm64] [2/3] STEP 1/11: FROM registry.access.redhat.com/ubi9/go-toolset:1.26 AS go-builder
Trying to pull registry.access.redhat.com/ubi9/go-toolset:1.26...
Getting image source signatures
Checking if image destination supports signatures
Copying blob sha256:3b33bd74c459c543768665bc4406a7ec75fd6a2de94164c1ad9968e07c895aaf
Copying blob sha256:96c26ef68d364bcbd8f901e4664d7531ebb74699c6d8a69825e5925d8c6696c2
Copying blob sha256:3fa2c3ec93bd0d2914f8e021fa5b043ace5a704a440ecd2db626edd260f6a3c8
Copying blob sha256:852e434154bbab928ec83bdc7061dee5120584a0c35903abf2b024686bc65eb8
Copying config sha256:c9e40cb14364af57c6c2c0ca7a8afc8b39349b65e751b3062bf52d82bdc297cb
Writing manifest to image destination
Storing signatures
[linux/arm64] [2/3] STEP 2/11: WORKDIR /opt/app-root
--> b41719939b9c
[linux/arm64] [2/3] STEP 3/11: COPY Makefile Makefile
--> 1d8c8d5d84f1
[linux/arm64] [2/3] STEP 4/11: COPY go.mod go.mod
--> 4e216d135342
[linux/arm64] [2/3] STEP 5/11: COPY go.sum go.sum
--> b40f8c22cdbb
[linux/arm64] [2/3] STEP 6/11: RUN go mod download
--> 5b1c7106ce8e
[linux/arm64] [2/3] STEP 7/11: COPY cmd/ cmd/
--> 5b7494ecdabb
[linux/arm64] [2/3] STEP 8/11: COPY pkg/ pkg/
--> 09afffa3123f
[linux/arm64] [2/3] STEP 9/11: ENV GOEXPERIMENT=strictfipsruntime
--> c93389488137
[linux/arm64] [2/3] STEP 10/11: ENV CGO_ENABLED=1
--> 982e700cce63
[linux/arm64] [2/3] STEP 11/11: RUN make build-backend BUILD_OPTS="-tags strictfipsruntime"
go build -tags strictfipsruntime -o plugin-backend -mod=readonly cmd/plugin-backend.go
--> 60d02b3a0389
[linux/amd64] [3/3] STEP 1/4: FROM registry.access.redhat.com/ubi9/ubi-minimal
Trying to pull registry.access.redhat.com/ubi9/ubi-minimal:latest...
Getting image source signatures
Checking if image destination supports signatures
Copying blob sha256:2943616793071e9fa96e298a7454ac45b7a498df6ca5c681004955a177cdf999
Copying config sha256:e3e6fe3b9c265802d2526c15071f59bd20f2d634fc82b7c633387d2cf2ec1056
Writing manifest to image destination
Storing signatures
[linux/amd64] [3/3] STEP 2/4: COPY --from=web-builder /opt/app-root/web/dist /opt/app-root/web/dist
--> 8efa307e61d3
[linux/amd64] [3/3] STEP 3/4: COPY --from=go-builder /opt/app-root/plugin-backend /opt/app-root
--> e7624f2a13ae
[linux/amd64] [3/3] STEP 4/4: ENTRYPOINT ["/opt/app-root/plugin-backend", "-static-path", "/opt/app-root/web/dist", "-config-path", "/opt/app-root/web/dist"]
[linux/amd64] [3/3] COMMIT
--> 4933a4c98413
[linux/arm64] [3/3] STEP 1/4: FROM registry.access.redhat.com/ubi9/ubi-minimal
4933a4c9841347494ef6da8ec3afdef22dca182c052787d3d8c9241e2efc75d1
Trying to pull registry.access.redhat.com/ubi9/ubi-minimal:latest...
Getting image source signatures
Checking if image destination supports signatures
Copying blob sha256:8289a871631249c9c1a3b2366de832716cd43c77864c245a1c1364a2abeb5704
Copying config sha256:19a5d5dc0e92607939d631511c68a3b399a200a3bfbe6a1dfe726549e1527ae0
Writing manifest to image destination
Storing signatures
[linux/arm64] [3/3] STEP 2/4: COPY --from=web-builder /opt/app-root/web/dist /opt/app-root/web/dist
--> d68cc90b57fa
[linux/arm64] [3/3] STEP 3/4: COPY --from=go-builder /opt/app-root/plugin-backend /opt/app-root
--> 409a9633169d
[linux/arm64] [3/3] STEP 4/4: ENTRYPOINT ["/opt/app-root/plugin-backend", "-static-path", "/opt/app-root/web/dist", "-config-path", "/opt/app-root/web/dist"]
[linux/arm64] [3/3] COMMIT
--> f19406adbf75
f19406adbf753a708ca9c447ff7c1f12404a4312abc5571a9f725fbe0c6ed89e
podman manifest push quay.io/openshift-observability-ui/distributed-tracing-console-plugin:v0.3.4
Getting image list signatures
Copying 2 images generated from 2 images in list
Copying image sha256:9b4d69af0f9ad782754a58194028f899928c6c69202015892ca5d7bb7ac37eb5 (1/2)
Getting image source signatures
Copying blob sha256:563b870a2b471443b221b5791c630eeb5423acc78f7d4d0759e902fb130ea1ad
Copying blob sha256:56550161697f795bc52c827a70fe1e427be4c6bdf4e3c9b2d560f51c2524b6f3
Copying blob sha256:49c5463f127b76423eb8b53261ec045b161b16b28ebce40ccb3b28776d582145
Copying config sha256:4933a4c9841347494ef6da8ec3afdef22dca182c052787d3d8c9241e2efc75d1
Writing manifest to image destination
Copying image sha256:b94080e3177c4f37c2bfa8e34f1bb9b9bba2f7e0e26e7b4c270e6a8975c55f89 (2/2)
Getting image source signatures
Copying blob sha256:c47e0988117a0a0b32ba29fae212190dd16bb427113bec92e9f4ea36343c8e07
Copying blob sha256:5e0c0516b794028658ae88ffcfcd76efa540e4fbc1cd5844aeafbcb20488674a
Copying blob sha256:ec3da30cd3a5c9370d8785fdd04b0e7a96d07cfb9e31fbfaeab3aeefe327b958
Copying config sha256:f19406adbf753a708ca9c447ff7c1f12404a4312abc5571a9f725fbe0c6ed89e
Writing manifest to image destination
Writing manifest list to image destination
Storing list signatures
==========================================
Building logging-view-plugin @ release-coo-ocp-4.12 with VERSION=v6.0.6 ORG=openshift-observability-ui
==========================================
Switched to branch 'release-coo-ocp-4.12'
Your branch is up to date with 'origin/release-coo-ocp-4.12'.
From https://github.com/openshift/logging-view-plugin
 * branch            release-coo-ocp-4.12 -> FETCH_HEAD
Already up to date.
--- Attempt 1/3 ---
podman manifest rm quay.io/openshift-observability-ui/logging-view-plugin:v6.0.6 || true
Error: quay.io/openshift-observability-ui/logging-view-plugin:v6.0.6: image not known
podman manifest create quay.io/openshift-observability-ui/logging-view-plugin:v6.0.6
f86235761fee48a4016a5170cdccef519032e06e3eca88b244e07fb628e1c4fa
podman build --platform=linux/arm64,linux/amd64 --manifest quay.io/openshift-observability-ui/logging-view-plugin:v6.0.6 -f Dockerfile
[linux/amd64] [1/3] STEP 1/9: FROM registry.redhat.io/ubi9/nodejs-22:latest AS web-builder
Trying to pull registry.redhat.io/ubi9/nodejs-22:latest...
Getting image source signatures
Checking if image destination supports signatures
Copying blob sha256:d74f03e958176d9f637ef3f0c60d433f7a81709a1fe56c62d203eef3a536739e
Copying blob sha256:5c9af8529e118dd5a8d55d669c48114bfef7c8f5d743e5e560639dfabca3a5f9
Copying blob sha256:56649e4df8eddef4709849b46063574b7ddb22fc98fb75409885c838a4c9d381
Copying config sha256:0f7698e0407d0631a81bf20e78ec1d23de169a3b85762c7d4d6c629fe8f1d963
Writing manifest to image destination
Storing signatures
[linux/amd64] [1/3] STEP 2/9: WORKDIR /opt/app-root
--> Using cache b22f0152de7eae01284befccc688cd7f0aac90f9a9f14475c9c86519977a6ea1
--> b22f0152de7e
[linux/amd64] [1/3] STEP 3/9: USER 0
--> Using cache ed155e792b6cd464124a716b1ae9cfb467dea71e7ba8606efa9aabf472452497
--> ed155e792b6c
[linux/amd64] [1/3] STEP 4/9: ENV HUSKY=0
--> d7e1ce788912
[linux/amd64] [1/3] STEP 5/9: COPY web/package*.json web/
--> 85386f821abd
[linux/amd64] [1/3] STEP 6/9: COPY Makefile Makefile
--> 27964d517c58
[linux/amd64] [1/3] STEP 7/9: RUN make install-frontend-ci-clean
cd web && npm ci --omit=optional --ignore-scripts
npm warn deprecated whatwg-encoding@3.1.1: Use @exodus/bytes instead for a more spec-conformant and faster implementation
npm warn deprecated i18next-parser@9.3.0: Project is deprecated, use i18next-cli instead
npm warn deprecated glob@10.5.0: Old versions of glob are not supported, and contain widely publicized security vulnerabilities, which have been fixed in the current version. Please update. Support for old versions may be purchased (at exorbitant rates) by contacting i@izs.me
npm warn deprecated glob@10.5.0: Old versions of glob are not supported, and contain widely publicized security vulnerabilities, which have been fixed in the current version. Please update. Support for old versions may be purchased (at exorbitant rates) by contacting i@izs.me
npm warn deprecated glob@10.5.0: Old versions of glob are not supported, and contain widely publicized security vulnerabilities, which have been fixed in the current version. Please update. Support for old versions may be purchased (at exorbitant rates) by contacting i@izs.me
npm warn deprecated glob@10.5.0: Old versions of glob are not supported, and contain widely publicized security vulnerabilities, which have been fixed in the current version. Please update. Support for old versions may be purchased (at exorbitant rates) by contacting i@izs.me

added 1483 packages, and audited 1484 packages in 35s

285 packages are looking for funding
  run `npm fund` for details

15 vulnerabilities (1 low, 5 moderate, 8 high, 1 critical)

To address issues that do not require attention, run:
  npm audit fix

To address all issues (including breaking changes), run:
  npm audit fix --force

Run `npm audit` for details.
cd web && npm cache clean --force
npm warn using --force Recommended protections disabled.
--> 86bc03af8151
[linux/amd64] [1/3] STEP 8/9: COPY web/ web/
--> 56ae5006e31d
[linux/amd64] [1/3] STEP 9/9: RUN make build-frontend
cd web && npm run build

> logging-view-plugin@6.0.0 build
> npm run clean && NODE_ENV=production npm run ts-node node_modules/.bin/webpack


> logging-view-plugin@6.0.0 clean
> rm -rf dist


> logging-view-plugin@6.0.0 ts-node
> ts-node -O '{"module":"commonjs"}' node_modules/.bin/webpack

assets by info 2.55 MiB [immutable]
  assets by chunk 2.22 MiB (id hint: vendors)
    asset 198-chunk-6b4b6e74f73724458366.min.js 1.45 MiB [emitted] [immutable] [big] (id hint: vendors) 1 related asset
    asset 924-chunk-b61cc50348712154c403.min.js 621 KiB [emitted] [immutable] [big] (id hint: vendors) 1 related asset
    asset 31-chunk-fa29db6230d9ee04494a.min.js 169 KiB [emitted] [immutable] (id hint: vendors) 1 related asset
  + 9 assets
asset plugin-entry.js 27.7 KiB [emitted] (name: logging-view-plugin) 1 related asset
asset locales/en/plugin__logging-view-plugin.json 6.83 KiB [emitted] [from: ../locales/en/plugin__logging-view-plugin.json] [copied]
asset plugin-manifest.json 2.63 KiB [emitted]
orphan modules 3.29 MiB [orphan] 2525 modules
runtime modules 17.5 KiB 14 modules
built modules 2.31 MiB (javascript) 504 bytes (consume-shared) [built]
  modules by path ../node_modules/ 2.08 MiB 375 modules
  modules by path ./ 237 KiB 44 modules
  consume-shared-module modules 504 bytes
    modules by path *.0 (singleton) 210 bytes 5 modules
    modules by path consume shared module (default) @patternfly/ 126 bytes
      consume shared module (default) @patternfly/react-core@=4.239.0 (singleton) 42 bytes [built] [code generated]
      + 2 modules
    + 4 modules
  container entry 42 bytes [built] [code generated]

WARNING in asset size limit: The following asset(s) exceed the recommended size limit (244 KiB).
This can impact web performance.
Assets: 
  198-chunk-6b4b6e74f73724458366.min.js (1.45 MiB)
  924-chunk-b61cc50348712154c403.min.js (621 KiB)

webpack 5.105.3 compiled with 1 warning in 15607 ms
--> 42b1e75a3f4f
[linux/amd64] [2/3] STEP 1/12: FROM registry.access.redhat.com/ubi9/go-toolset:1.26 AS go-builder
Trying to pull registry.access.redhat.com/ubi9/go-toolset:1.26...
Getting image source signatures
Checking if image destination supports signatures
Copying blob sha256:9dd7a54704c5a666e57e3f6efc35e90fc6da8ad2923d77d60d1c573ef3315791
Copying blob sha256:56649e4df8eddef4709849b46063574b7ddb22fc98fb75409885c838a4c9d381
Copying blob sha256:5c9af8529e118dd5a8d55d669c48114bfef7c8f5d743e5e560639dfabca3a5f9
Copying blob sha256:d68194b0e4a172e16c5cbb1bc0479d22da58da64d376a5cdb885730c90f6fc5b
Copying config sha256:11c3fc29fb378f2b34bbf7921ad5e41b11f9631214b3369f21fc66619a1c7872
Writing manifest to image destination
Storing signatures
[linux/amd64] [2/3] STEP 2/12: WORKDIR /opt/app-root
--> Using cache cee354c451d26ec48e252e69f6a18fab7e7ba3c3da8f781ab23670ac2f707413
--> cee354c451d2
[linux/amd64] [2/3] STEP 3/12: COPY Makefile Makefile
--> e55392237bdd
[linux/amd64] [2/3] STEP 4/12: COPY go.mod go.mod
--> 3ead15445e8c
[linux/amd64] [2/3] STEP 5/12: COPY go.sum go.sum
--> 0d9c27d6a6cd
[linux/amd64] [2/3] STEP 6/12: RUN make install-backend
go mod download
--> 0679fc3efb63
[linux/amd64] [2/3] STEP 7/12: COPY config/ config/
--> 0c3277626883
[linux/amd64] [2/3] STEP 8/12: COPY cmd/ cmd/
--> 174de9b1dd9f
[linux/amd64] [2/3] STEP 9/12: COPY pkg/ pkg/
--> c67270074f61
[linux/amd64] [2/3] STEP 10/12: ENV GOEXPERIMENT=strictfipsruntime
--> dd34a815a467
[linux/amd64] [2/3] STEP 11/12: ENV CGO_ENABLED=1
--> e48de05e8a1e
[linux/amd64] [2/3] STEP 12/12: RUN make build-backend BUILD_OPTS="-tags strictfipsruntime"
go build -tags strictfipsruntime -mod=readonly -o plugin-backend -mod=readonly cmd/plugin-backend.go
--> 3ff39d65ae9e
[linux/arm64] [1/3] STEP 1/9: FROM registry.redhat.io/ubi9/nodejs-22:latest AS web-builder
Trying to pull registry.redhat.io/ubi9/nodejs-22:latest...
Getting image source signatures
Checking if image destination supports signatures
Copying blob sha256:143df91a054c3d67ed690e7f87f430247e12263d24f8d216e794a40abed4caa8
Copying blob sha256:3fa2c3ec93bd0d2914f8e021fa5b043ace5a704a440ecd2db626edd260f6a3c8
Copying blob sha256:96c26ef68d364bcbd8f901e4664d7531ebb74699c6d8a69825e5925d8c6696c2
Copying config sha256:21c0269160eae1f56763a0def0f20ffead061334731e5fd18ceb2c7eca36dca5
Writing manifest to image destination
Storing signatures
[linux/arm64] [1/3] STEP 2/9: WORKDIR /opt/app-root
--> Using cache f138705962d11e61edb13d571ef027b5aaab047c990ddb975b6c9bd527be9ff2
--> f138705962d1
[linux/arm64] [1/3] STEP 3/9: USER 0
--> Using cache 61b9a6eeee01e35ad9cddcbb7edcdd161f356f63b32f84c07f8ec25b4736e4c7
--> 61b9a6eeee01
[linux/arm64] [1/3] STEP 4/9: ENV HUSKY=0
--> e420b43c6a8a
[linux/arm64] [1/3] STEP 5/9: COPY web/package*.json web/
--> 927f2b07957b
[linux/arm64] [1/3] STEP 6/9: COPY Makefile Makefile
--> e44f77a98079
[linux/arm64] [1/3] STEP 7/9: RUN make install-frontend-ci-clean
cd web && npm ci --omit=optional --ignore-scripts
npm warn deprecated whatwg-encoding@3.1.1: Use @exodus/bytes instead for a more spec-conformant and faster implementation
npm warn deprecated i18next-parser@9.3.0: Project is deprecated, use i18next-cli instead
npm warn deprecated glob@10.5.0: Old versions of glob are not supported, and contain widely publicized security vulnerabilities, which have been fixed in the current version. Please update. Support for old versions may be purchased (at exorbitant rates) by contacting i@izs.me
npm warn deprecated glob@10.5.0: Old versions of glob are not supported, and contain widely publicized security vulnerabilities, which have been fixed in the current version. Please update. Support for old versions may be purchased (at exorbitant rates) by contacting i@izs.me
npm warn deprecated glob@10.5.0: Old versions of glob are not supported, and contain widely publicized security vulnerabilities, which have been fixed in the current version. Please update. Support for old versions may be purchased (at exorbitant rates) by contacting i@izs.me
npm warn deprecated glob@10.5.0: Old versions of glob are not supported, and contain widely publicized security vulnerabilities, which have been fixed in the current version. Please update. Support for old versions may be purchased (at exorbitant rates) by contacting i@izs.me

added 1483 packages, and audited 1484 packages in 25s

285 packages are looking for funding
  run `npm fund` for details

15 vulnerabilities (1 low, 5 moderate, 8 high, 1 critical)

To address issues that do not require attention, run:
  npm audit fix

To address all issues (including breaking changes), run:
  npm audit fix --force

Run `npm audit` for details.
cd web && npm cache clean --force
npm warn using --force Recommended protections disabled.
--> 2dfb8f7208a3
[linux/arm64] [1/3] STEP 8/9: COPY web/ web/
--> 09535781740b
[linux/arm64] [1/3] STEP 9/9: RUN make build-frontend
cd web && npm run build

> logging-view-plugin@6.0.0 build
> npm run clean && NODE_ENV=production npm run ts-node node_modules/.bin/webpack


> logging-view-plugin@6.0.0 clean
> rm -rf dist


> logging-view-plugin@6.0.0 ts-node
> ts-node -O '{"module":"commonjs"}' node_modules/.bin/webpack

assets by info 2.55 MiB [immutable]
  assets by chunk 2.22 MiB (id hint: vendors)
    asset 198-chunk-6b4b6e74f73724458366.min.js 1.45 MiB [emitted] [immutable] [big] (id hint: vendors) 1 related asset
    asset 924-chunk-b61cc50348712154c403.min.js 621 KiB [emitted] [immutable] [big] (id hint: vendors) 1 related asset
    asset 31-chunk-fa29db6230d9ee04494a.min.js 169 KiB [emitted] [immutable] (id hint: vendors) 1 related asset
  + 9 assets
asset plugin-entry.js 27.7 KiB [emitted] (name: logging-view-plugin) 1 related asset
asset locales/en/plugin__logging-view-plugin.json 6.83 KiB [emitted] [from: ../locales/en/plugin__logging-view-plugin.json] [copied]
asset plugin-manifest.json 2.63 KiB [emitted]
orphan modules 3.29 MiB [orphan] 2525 modules
runtime modules 17.5 KiB 14 modules
built modules 2.31 MiB (javascript) 504 bytes (consume-shared) [built]
  modules by path ../node_modules/ 2.08 MiB 375 modules
  modules by path ./ 237 KiB 44 modules
  consume-shared-module modules 504 bytes
    modules by path *.0 (singleton) 210 bytes 5 modules
    modules by path consume shared module (default) @patternfly/ 126 bytes
      consume shared module (default) @patternfly/react-core@=4.239.0 (singleton) 42 bytes [built] [code generated]
      + 2 modules
    + 4 modules
  container entry 42 bytes [built] [code generated]

WARNING in asset size limit: The following asset(s) exceed the recommended size limit (244 KiB).
This can impact web performance.
Assets: 
  198-chunk-6b4b6e74f73724458366.min.js (1.45 MiB)
  924-chunk-b61cc50348712154c403.min.js (621 KiB)

webpack 5.105.3 compiled with 1 warning in 9208 ms
--> e0f969c611a3
[linux/amd64] [3/3] STEP 1/5: FROM registry.access.redhat.com/ubi9/ubi-minimal
Trying to pull registry.access.redhat.com/ubi9/ubi-minimal:latest...
Getting image source signatures
Checking if image destination supports signatures
Copying blob sha256:2943616793071e9fa96e298a7454ac45b7a498df6ca5c681004955a177cdf999
Copying config sha256:e3e6fe3b9c265802d2526c15071f59bd20f2d634fc82b7c633387d2cf2ec1056
Writing manifest to image destination
Storing signatures
[linux/amd64] [3/3] STEP 2/5: COPY --from=web-builder /opt/app-root/web/dist /opt/app-root/web/dist
--> ae3d24e4ee22
[linux/amd64] [3/3] STEP 3/5: COPY --from=go-builder /opt/app-root/plugin-backend /opt/app-root
--> 566ac761e772
[linux/amd64] [3/3] STEP 4/5: COPY --from=go-builder /opt/app-root/config /opt/app-root/config
--> 12be64a6766d
[linux/amd64] [3/3] STEP 5/5: ENTRYPOINT ["/opt/app-root/plugin-backend", "-config-path", "/opt/app-root/config", "-static-path", "/opt/app-root/web/dist"]
[linux/amd64] [3/3] COMMIT
--> 243623af1ad0
[linux/arm64] [2/3] STEP 1/12: FROM registry.access.redhat.com/ubi9/go-toolset:1.26 AS go-builder
243623af1ad026b5f33a322df3943e9f31ccab6e9c66ce31975ee76a8732a4a9
Trying to pull registry.access.redhat.com/ubi9/go-toolset:1.26...
Getting image source signatures
Checking if image destination supports signatures
Copying blob sha256:3b33bd74c459c543768665bc4406a7ec75fd6a2de94164c1ad9968e07c895aaf
Copying blob sha256:3fa2c3ec93bd0d2914f8e021fa5b043ace5a704a440ecd2db626edd260f6a3c8
Copying blob sha256:96c26ef68d364bcbd8f901e4664d7531ebb74699c6d8a69825e5925d8c6696c2
Copying blob sha256:852e434154bbab928ec83bdc7061dee5120584a0c35903abf2b024686bc65eb8
Copying config sha256:c9e40cb14364af57c6c2c0ca7a8afc8b39349b65e751b3062bf52d82bdc297cb
Writing manifest to image destination
Storing signatures
[linux/arm64] [2/3] STEP 2/12: WORKDIR /opt/app-root
--> Using cache b41719939b9ccc27e127d90e34c6d07d71d530c12510c6240a59107642bf4978
--> b41719939b9c
[linux/arm64] [2/3] STEP 3/12: COPY Makefile Makefile
--> 001e954b197e
[linux/arm64] [2/3] STEP 4/12: COPY go.mod go.mod
--> 47fc5527b015
[linux/arm64] [2/3] STEP 5/12: COPY go.sum go.sum
--> 8e2c6c4d8815
[linux/arm64] [2/3] STEP 6/12: RUN make install-backend
go mod download
--> ad0a554547d2
[linux/arm64] [2/3] STEP 7/12: COPY config/ config/
--> 567c64a044a6
[linux/arm64] [2/3] STEP 8/12: COPY cmd/ cmd/
--> fd40fa2eecf0
[linux/arm64] [2/3] STEP 9/12: COPY pkg/ pkg/
--> 17ebc87d2ed4
[linux/arm64] [2/3] STEP 10/12: ENV GOEXPERIMENT=strictfipsruntime
--> 180ad523f105
[linux/arm64] [2/3] STEP 11/12: ENV CGO_ENABLED=1
--> 365eeedf285d
[linux/arm64] [2/3] STEP 12/12: RUN make build-backend BUILD_OPTS="-tags strictfipsruntime"
go build -tags strictfipsruntime -mod=readonly -o plugin-backend -mod=readonly cmd/plugin-backend.go
--> b194f718be4d
[linux/arm64] [3/3] STEP 1/5: FROM registry.access.redhat.com/ubi9/ubi-minimal
Trying to pull registry.access.redhat.com/ubi9/ubi-minimal:latest...
Getting image source signatures
Checking if image destination supports signatures
Copying blob sha256:8289a871631249c9c1a3b2366de832716cd43c77864c245a1c1364a2abeb5704
Copying config sha256:19a5d5dc0e92607939d631511c68a3b399a200a3bfbe6a1dfe726549e1527ae0
Writing manifest to image destination
Storing signatures
[linux/arm64] [3/3] STEP 2/5: COPY --from=web-builder /opt/app-root/web/dist /opt/app-root/web/dist
--> b0be713d22cc
[linux/arm64] [3/3] STEP 3/5: COPY --from=go-builder /opt/app-root/plugin-backend /opt/app-root
--> 71d0c3990f47
[linux/arm64] [3/3] STEP 4/5: COPY --from=go-builder /opt/app-root/config /opt/app-root/config
--> d2aebc0cdea5
[linux/arm64] [3/3] STEP 5/5: ENTRYPOINT ["/opt/app-root/plugin-backend", "-config-path", "/opt/app-root/config", "-static-path", "/opt/app-root/web/dist"]
[linux/arm64] [3/3] COMMIT
--> cd4b22737a22
cd4b22737a2232b79c12a17194222154a4b0ca5ce54c7acee00d99ef6c60b353
podman manifest push quay.io/openshift-observability-ui/logging-view-plugin:v6.0.6
Getting image list signatures
Copying 2 images generated from 2 images in list
Copying image sha256:651c8ec42858dc251a8998b35a81e4c8a3fa3b95a71909c8670aa8fe1c3f21e1 (1/2)
Getting image source signatures
Copying blob sha256:5ab42dcb25550434a2490776c234dc2a5c7f363626454c776ea8e8f22f8b2d12
Copying blob sha256:56550161697f795bc52c827a70fe1e427be4c6bdf4e3c9b2d560f51c2524b6f3
Copying blob sha256:f12ea08980b7b0bb5c5326ddc44a767a7fb414a0dd5054f172ae981ed0cdf700
Copying blob sha256:c85518914f7a3ebd81a768c94a978e1aaea9666e317e8dcc4625a3d444981ba6
Copying config sha256:243623af1ad026b5f33a322df3943e9f31ccab6e9c66ce31975ee76a8732a4a9
Writing manifest to image destination
Copying image sha256:1196c5125e9dcbd8c93def34b39f1dfa99328ac22b5abb8b3ce2ac297aa84c5b (2/2)
Getting image source signatures
Copying blob sha256:3e23f460f8405dd15da762f7e55bbe1b1690ee243c0d9d0c857de29191ba8f3e
Copying blob sha256:5e0c0516b794028658ae88ffcfcd76efa540e4fbc1cd5844aeafbcb20488674a
Copying blob sha256:3670bd379cc9ed52f9954ba9de38f4fdc146206a1705f42c65dfdee3bc15a104
Copying blob sha256:a479a1717c4756747764cd1752487b37d0e33380d29746f2b3a653a90559aad8
Copying config sha256:cd4b22737a2232b79c12a17194222154a4b0ca5ce54c7acee00d99ef6c60b353
Writing manifest to image destination
Writing manifest list to image destination
Storing list signatures
==========================================
Building distributed-tracing-plugin @ release-coo-ocp-4.15 with VERSION=v0.4.4 ORG=openshift-observability-ui
==========================================
Switched to branch 'release-coo-ocp-4.15'
Your branch is up to date with 'origin/release-coo-ocp-4.15'.
From https://github.com/openshift/distributed-tracing-console-plugin
 * branch            release-coo-ocp-4.15 -> FETCH_HEAD
Already up to date.
--- Attempt 1/3 ---
podman manifest rm quay.io/openshift-observability-ui/distributed-tracing-console-plugin:v0.4.4 || true
Error: quay.io/openshift-observability-ui/distributed-tracing-console-plugin:v0.4.4: image not known
podman manifest create quay.io/openshift-observability-ui/distributed-tracing-console-plugin:v0.4.4
36c8d51c326ab5eb4b35dec68edd629f81ec114befd1d68bd1558925045b3343
podman build --platform=linux/arm64,linux/amd64 --manifest quay.io/openshift-observability-ui/distributed-tracing-console-plugin:v0.4.4 -f Dockerfile
[linux/amd64] [1/3] STEP 1/8: FROM registry.redhat.io/ubi9/nodejs-22:latest AS web-builder
Trying to pull registry.redhat.io/ubi9/nodejs-22:latest...
Getting image source signatures
Checking if image destination supports signatures
Copying blob sha256:d74f03e958176d9f637ef3f0c60d433f7a81709a1fe56c62d203eef3a536739e
Copying blob sha256:56649e4df8eddef4709849b46063574b7ddb22fc98fb75409885c838a4c9d381
Copying blob sha256:5c9af8529e118dd5a8d55d669c48114bfef7c8f5d743e5e560639dfabca3a5f9
Copying config sha256:0f7698e0407d0631a81bf20e78ec1d23de169a3b85762c7d4d6c629fe8f1d963
Writing manifest to image destination
Storing signatures
[linux/amd64] [1/3] STEP 2/8: WORKDIR /opt/app-root
--> Using cache b22f0152de7eae01284befccc688cd7f0aac90f9a9f14475c9c86519977a6ea1
--> b22f0152de7e
[linux/amd64] [1/3] STEP 3/8: USER 0
--> Using cache ed155e792b6cd464124a716b1ae9cfb467dea71e7ba8606efa9aabf472452497
--> ed155e792b6c
[linux/amd64] [1/3] STEP 4/8: COPY web/package*.json web/
--> 2b5d4dcfe1e2
[linux/amd64] [1/3] STEP 5/8: COPY Makefile Makefile
--> cb0c6ee74773
[linux/amd64] [1/3] STEP 6/8: RUN make install-frontend-ci-clean
cd web && npm ci --ignore-scripts --omit=optional
npm warn deprecated rimraf@3.0.2: Rimraf versions prior to v4 are no longer supported
npm warn deprecated inflight@1.0.6: This module is not supported, and leaks memory. Do not use it. Check out lru-cache if you want a good and tested way to coalesce async requests by a key value, which is much more comprehensive and powerful.
npm warn deprecated glob@7.2.3: Glob versions prior to v9 are no longer supported
npm warn deprecated popper.js@1.16.1: You can find the new Popper v2 at @popperjs/core, this package is dedicated to the legacy v1
npm warn deprecated eslint@8.57.1: This version is no longer supported. Please see https://eslint.org/version-support for other options.
npm warn deprecated @humanwhocodes/object-schema@2.0.3: Use @eslint/object-schema instead
npm warn deprecated @humanwhocodes/config-array@0.13.0: Use @eslint/config-array instead
npm warn deprecated rimraf@2.7.1: Rimraf versions prior to v4 are no longer supported

added 1815 packages, and audited 1816 packages in 55s

312 packages are looking for funding
  run `npm fund` for details

39 vulnerabilities (3 low, 19 moderate, 16 high, 1 critical)

To address issues that do not require attention, run:
  npm audit fix

To address all issues possible (including breaking changes), run:
  npm audit fix --force

Some issues need review, and may require choosing
a different dependency.

Run `npm audit` for details.
cd web && npm cache clean --force
npm warn using --force Recommended protections disabled.
--> e669974f18a7
[linux/amd64] [1/3] STEP 7/8: COPY web/ web/
--> 02021d8fc9a4
[linux/amd64] [1/3] STEP 8/8: RUN make build-frontend
cd web && npm run build

> distributed-tracing-console-plugin@0.4.0 build
> npm run clean && NODE_ENV=production npm run webpack


> distributed-tracing-console-plugin@0.4.0 clean
> rm -rf dist


> distributed-tracing-console-plugin@0.4.0 webpack
> node -r ts-node/register ./node_modules/.bin/webpack

assets by path assets/ 1.27 MiB
  assets by path assets/*.woff 740 KiB 42 assets
  assets by path assets/*.woff2 565 KiB
    asset assets/inter-latin-ext-600-normal..woff2 35.4 KiB [emitted] [from: ../node_modules/@fontsource/inter/files/inter-latin-ext-600-normal.woff2] (auxiliary id hint: vendors)
    + 41 assets
assets by path *.js 3.85 MiB
  assets by chunk 3.4 MiB (id hint: vendors)
    asset 1907-chunk-0d22a5aa10d0bc99f3d0.min.js 2.6 MiB [emitted] [immutable] [minimized] [big] (id hint: vendors) 1 related asset
    asset 6127-chunk-e59d7258fd384804d704.min.js 124 KiB [emitted] [immutable] [minimized] (id hint: vendors) 1 related asset
    asset 5607-chunk-fcc671a213ca68550d43.min.js 121 KiB [emitted] [immutable] [minimized] (id hint: vendors)
    + 14 assets
  + 61 assets
asset locales/en/plugin__distributed-tracing-console-plugin.json 4.29 KiB [emitted] [from: ../locales/en/plugin__distributed-tracing-console-plugin.json] [copied]
asset plugin-manifest.json 895 bytes [emitted]
orphan modules 21.9 MiB [orphan] 13315 modules
runtime modules 35.2 KiB 14 modules
built modules 10.7 MiB (javascript) 1.27 MiB (asset) 1.6 KiB (consume-shared) 1.39 KiB (share-init) [built]
  javascript modules 10.7 MiB 745 modules
  asset modules 1.27 MiB (asset) 3.45 KiB (javascript)
    modules by path ../node_modules/@fontsource/inter/files/*.woff2 565 KiB (asset) 1.72 KiB (javascript) 42 modules
    modules by path ../node_modules/@fontsource/inter/files/*.woff 740 KiB (asset) 1.72 KiB (javascript) 42 modules
  consume-shared-module modules 1.6 KiB
    modules by path consume shared module (default) @patternfly/ 1.39 KiB 34 modules
    + 5 modules
  provide-module modules 1.39 KiB
    modules by path provide shared module (default) @patternfly/react-core/dist/dynamic/ 924 bytes 22 modules
    modules by path provide shared module (default) @patternfly/react-icons/dist/dynamic/icons/ 504 bytes 12 modules

WARNING in asset size limit: The following asset(s) exceed the recommended size limit (244 KiB).
This can impact web performance.
Assets: 
  1907-chunk-0d22a5aa10d0bc99f3d0.min.js (2.6 MiB)

webpack 5.105.3 compiled with 1 warning in 99285 ms
--> 7d7c61c15ce4
[linux/arm64] [1/3] STEP 1/8: FROM registry.redhat.io/ubi9/nodejs-22:latest AS web-builder
Trying to pull registry.redhat.io/ubi9/nodejs-22:latest...
Getting image source signatures
Checking if image destination supports signatures
Copying blob sha256:143df91a054c3d67ed690e7f87f430247e12263d24f8d216e794a40abed4caa8
Copying blob sha256:3fa2c3ec93bd0d2914f8e021fa5b043ace5a704a440ecd2db626edd260f6a3c8
Copying blob sha256:96c26ef68d364bcbd8f901e4664d7531ebb74699c6d8a69825e5925d8c6696c2
Copying config sha256:21c0269160eae1f56763a0def0f20ffead061334731e5fd18ceb2c7eca36dca5
Writing manifest to image destination
Storing signatures
[linux/arm64] [1/3] STEP 2/8: WORKDIR /opt/app-root
--> Using cache f138705962d11e61edb13d571ef027b5aaab047c990ddb975b6c9bd527be9ff2
--> f138705962d1
[linux/arm64] [1/3] STEP 3/8: USER 0
--> Using cache 61b9a6eeee01e35ad9cddcbb7edcdd161f356f63b32f84c07f8ec25b4736e4c7
--> 61b9a6eeee01
[linux/arm64] [1/3] STEP 4/8: COPY web/package*.json web/
--> ed8d8ec44b3a
[linux/arm64] [1/3] STEP 5/8: COPY Makefile Makefile
--> 6cbe7ba2e24f
[linux/arm64] [1/3] STEP 6/8: RUN make install-frontend-ci-clean
cd web && npm ci --ignore-scripts --omit=optional
npm warn deprecated rimraf@3.0.2: Rimraf versions prior to v4 are no longer supported
npm warn deprecated popper.js@1.16.1: You can find the new Popper v2 at @popperjs/core, this package is dedicated to the legacy v1
npm warn deprecated inflight@1.0.6: This module is not supported, and leaks memory. Do not use it. Check out lru-cache if you want a good and tested way to coalesce async requests by a key value, which is much more comprehensive and powerful.
npm warn deprecated glob@7.2.3: Glob versions prior to v9 are no longer supported
npm warn deprecated eslint@8.57.1: This version is no longer supported. Please see https://eslint.org/version-support for other options.
npm warn deprecated @humanwhocodes/object-schema@2.0.3: Use @eslint/object-schema instead
npm warn deprecated @humanwhocodes/config-array@0.13.0: Use @eslint/config-array instead
npm warn deprecated rimraf@2.7.1: Rimraf versions prior to v4 are no longer supported

added 1815 packages, and audited 1816 packages in 42s

312 packages are looking for funding
  run `npm fund` for details

39 vulnerabilities (3 low, 19 moderate, 16 high, 1 critical)

To address issues that do not require attention, run:
  npm audit fix

To address all issues possible (including breaking changes), run:
  npm audit fix --force

Some issues need review, and may require choosing
a different dependency.

Run `npm audit` for details.
cd web && npm cache clean --force
npm warn using --force Recommended protections disabled.
--> 4d65ab32231d
[linux/arm64] [1/3] STEP 7/8: COPY web/ web/
--> 7268e75b89c7
[linux/arm64] [1/3] STEP 8/8: RUN make build-frontend
cd web && npm run build

> distributed-tracing-console-plugin@0.4.0 build
> npm run clean && NODE_ENV=production npm run webpack


> distributed-tracing-console-plugin@0.4.0 clean
> rm -rf dist


> distributed-tracing-console-plugin@0.4.0 webpack
> node -r ts-node/register ./node_modules/.bin/webpack

assets by path assets/ 1.27 MiB
  assets by path assets/*.woff 740 KiB 42 assets
  assets by path assets/*.woff2 565 KiB
    asset assets/inter-latin-ext-600-normal..woff2 35.4 KiB [emitted] [from: ../node_modules/@fontsource/inter/files/inter-latin-ext-600-normal.woff2] (auxiliary id hint: vendors)
    + 41 assets
assets by path *.js 3.85 MiB
  assets by chunk 3.4 MiB (id hint: vendors)
    asset 1907-chunk-0d22a5aa10d0bc99f3d0.min.js 2.6 MiB [emitted] [immutable] [minimized] [big] (id hint: vendors) 1 related asset
    asset 6127-chunk-e59d7258fd384804d704.min.js 124 KiB [emitted] [immutable] [minimized] (id hint: vendors) 1 related asset
    asset 5607-chunk-fcc671a213ca68550d43.min.js 121 KiB [emitted] [immutable] [minimized] (id hint: vendors)
    + 14 assets
  + 61 assets
asset locales/en/plugin__distributed-tracing-console-plugin.json 4.29 KiB [emitted] [from: ../locales/en/plugin__distributed-tracing-console-plugin.json] [copied]
asset plugin-manifest.json 895 bytes [emitted]
orphan modules 21.9 MiB [orphan] 13315 modules
runtime modules 35.2 KiB 14 modules
built modules 10.7 MiB (javascript) 1.27 MiB (asset) 1.6 KiB (consume-shared) 1.39 KiB (share-init) [built]
  javascript modules 10.7 MiB 745 modules
  asset modules 1.27 MiB (asset) 3.45 KiB (javascript)
    modules by path ../node_modules/@fontsource/inter/files/*.woff2 565 KiB (asset) 1.72 KiB (javascript) 42 modules
    modules by path ../node_modules/@fontsource/inter/files/*.woff 740 KiB (asset) 1.72 KiB (javascript) 42 modules
  consume-shared-module modules 1.6 KiB
    modules by path consume shared module (default) @patternfly/ 1.39 KiB 34 modules
    + 5 modules
  provide-module modules 1.39 KiB
    modules by path provide shared module (default) @patternfly/react-core/dist/dynamic/ 924 bytes 22 modules
    modules by path provide shared module (default) @patternfly/react-icons/dist/dynamic/icons/ 504 bytes 12 modules

WARNING in asset size limit: The following asset(s) exceed the recommended size limit (244 KiB).
This can impact web performance.
Assets: 
  1907-chunk-0d22a5aa10d0bc99f3d0.min.js (2.6 MiB)

webpack 5.105.3 compiled with 1 warning in 67870 ms
--> 8522173d0df2
[linux/amd64] [2/3] STEP 1/11: FROM registry.access.redhat.com/ubi9/go-toolset:1.26 AS go-builder
Trying to pull registry.access.redhat.com/ubi9/go-toolset:1.26...
Getting image source signatures
Checking if image destination supports signatures
Copying blob sha256:9dd7a54704c5a666e57e3f6efc35e90fc6da8ad2923d77d60d1c573ef3315791
Copying blob sha256:5c9af8529e118dd5a8d55d669c48114bfef7c8f5d743e5e560639dfabca3a5f9
Copying blob sha256:56649e4df8eddef4709849b46063574b7ddb22fc98fb75409885c838a4c9d381
Copying blob sha256:d68194b0e4a172e16c5cbb1bc0479d22da58da64d376a5cdb885730c90f6fc5b
Copying config sha256:11c3fc29fb378f2b34bbf7921ad5e41b11f9631214b3369f21fc66619a1c7872
Writing manifest to image destination
Storing signatures
[linux/amd64] [2/3] STEP 2/11: WORKDIR /opt/app-root
--> Using cache cee354c451d26ec48e252e69f6a18fab7e7ba3c3da8f781ab23670ac2f707413
--> cee354c451d2
[linux/amd64] [2/3] STEP 3/11: COPY Makefile Makefile
--> Using cache 42222903f3f514a184a937458d5b13bc3265d6b2e2fa4559b6659baa2c82d24f
--> 42222903f3f5
[linux/amd64] [2/3] STEP 4/11: COPY go.mod go.mod
--> ad5de380e94e
[linux/amd64] [2/3] STEP 5/11: COPY go.sum go.sum
--> 759fdbd67d9e
[linux/amd64] [2/3] STEP 6/11: RUN go mod download
--> 3e54feba8382
[linux/amd64] [2/3] STEP 7/11: COPY cmd/ cmd/
--> 3084bbc3ddb6
[linux/amd64] [2/3] STEP 8/11: COPY pkg/ pkg/
--> 23cc9e5e6412
[linux/amd64] [2/3] STEP 9/11: ENV GOEXPERIMENT=strictfipsruntime
--> b2d492ae3131
[linux/amd64] [2/3] STEP 10/11: ENV CGO_ENABLED=1
--> d70679605fc9
[linux/amd64] [2/3] STEP 11/11: RUN make build-backend BUILD_OPTS="-tags strictfipsruntime"
go build -tags strictfipsruntime -o plugin-backend -mod=readonly cmd/plugin-backend.go
--> bfbb8cb566f8
[linux/arm64] [2/3] STEP 1/11: FROM registry.access.redhat.com/ubi9/go-toolset:1.26 AS go-builder
Trying to pull registry.access.redhat.com/ubi9/go-toolset:1.26...
Getting image source signatures
Checking if image destination supports signatures
Copying blob sha256:3b33bd74c459c543768665bc4406a7ec75fd6a2de94164c1ad9968e07c895aaf
Copying blob sha256:3fa2c3ec93bd0d2914f8e021fa5b043ace5a704a440ecd2db626edd260f6a3c8
Copying blob sha256:96c26ef68d364bcbd8f901e4664d7531ebb74699c6d8a69825e5925d8c6696c2
Copying blob sha256:852e434154bbab928ec83bdc7061dee5120584a0c35903abf2b024686bc65eb8
Copying config sha256:c9e40cb14364af57c6c2c0ca7a8afc8b39349b65e751b3062bf52d82bdc297cb
Writing manifest to image destination
Storing signatures
[linux/arm64] [2/3] STEP 2/11: WORKDIR /opt/app-root
--> Using cache b41719939b9ccc27e127d90e34c6d07d71d530c12510c6240a59107642bf4978
--> b41719939b9c
[linux/arm64] [2/3] STEP 3/11: COPY Makefile Makefile
--> Using cache 1d8c8d5d84f15c4083349d516595fe117ac07893401a0853cc149c779a8d630d
--> 1d8c8d5d84f1
[linux/arm64] [2/3] STEP 4/11: COPY go.mod go.mod
--> 80ddc74c7c3d
[linux/arm64] [2/3] STEP 5/11: COPY go.sum go.sum
--> 18762dba4d66
[linux/arm64] [2/3] STEP 6/11: RUN go mod download
--> 0e4fc71502b1
[linux/arm64] [2/3] STEP 7/11: COPY cmd/ cmd/
--> 46592b3c32c4
[linux/arm64] [2/3] STEP 8/11: COPY pkg/ pkg/
--> 3271ccd550aa
[linux/arm64] [2/3] STEP 9/11: ENV GOEXPERIMENT=strictfipsruntime
--> 20f94e9fa437
[linux/arm64] [2/3] STEP 10/11: ENV CGO_ENABLED=1
--> 66bb4ad7c80a
[linux/arm64] [2/3] STEP 11/11: RUN make build-backend BUILD_OPTS="-tags strictfipsruntime"
go build -tags strictfipsruntime -o plugin-backend -mod=readonly cmd/plugin-backend.go
--> 5f81fd2ea74c
[linux/amd64] [3/3] STEP 1/4: FROM registry.access.redhat.com/ubi9/ubi-minimal
Trying to pull registry.access.redhat.com/ubi9/ubi-minimal:latest...
Getting image source signatures
Checking if image destination supports signatures
Copying blob sha256:2943616793071e9fa96e298a7454ac45b7a498df6ca5c681004955a177cdf999
Copying config sha256:e3e6fe3b9c265802d2526c15071f59bd20f2d634fc82b7c633387d2cf2ec1056
Writing manifest to image destination
Storing signatures
[linux/amd64] [3/3] STEP 2/4: COPY --from=web-builder /opt/app-root/web/dist /opt/app-root/web/dist
--> 1132fb496816
[linux/amd64] [3/3] STEP 3/4: COPY --from=go-builder /opt/app-root/plugin-backend /opt/app-root
--> aec4e8020a4e
[linux/amd64] [3/3] STEP 4/4: ENTRYPOINT ["/opt/app-root/plugin-backend", "-static-path", "/opt/app-root/web/dist", "-config-path", "/opt/app-root/web/dist"]
[linux/amd64] [3/3] COMMIT
--> d216162700ec
[linux/arm64] [3/3] STEP 1/4: FROM registry.access.redhat.com/ubi9/ubi-minimal
d216162700ec84a10643a6a8fa62ae7a0b0cc7a77ad3265934fe61cb99f75781
Trying to pull registry.access.redhat.com/ubi9/ubi-minimal:latest...
Getting image source signatures
Checking if image destination supports signatures
Copying blob sha256:8289a871631249c9c1a3b2366de832716cd43c77864c245a1c1364a2abeb5704
Copying config sha256:19a5d5dc0e92607939d631511c68a3b399a200a3bfbe6a1dfe726549e1527ae0
Writing manifest to image destination
Storing signatures
[linux/arm64] [3/3] STEP 2/4: COPY --from=web-builder /opt/app-root/web/dist /opt/app-root/web/dist
--> 7b963c38e795
[linux/arm64] [3/3] STEP 3/4: COPY --from=go-builder /opt/app-root/plugin-backend /opt/app-root
--> e9f7642f041d
[linux/arm64] [3/3] STEP 4/4: ENTRYPOINT ["/opt/app-root/plugin-backend", "-static-path", "/opt/app-root/web/dist", "-config-path", "/opt/app-root/web/dist"]
[linux/arm64] [3/3] COMMIT
--> dcdc426fb80c
dcdc426fb80cac5627397ec43fd91e19f7688be68b7754a406a78207fa04076b
podman manifest push quay.io/openshift-observability-ui/distributed-tracing-console-plugin:v0.4.4
Getting image list signatures
Copying 2 images generated from 2 images in list
Copying image sha256:7f6da20d0e69696f4e6dc0a3a9af001d98943fa0614f70907b958f6a9735a5bf (1/2)
Getting image source signatures
Copying blob sha256:389233c7f8c412509a93bb14cab18ef00d94eca6c6cd7839969a38c12ce020e3
Copying blob sha256:56550161697f795bc52c827a70fe1e427be4c6bdf4e3c9b2d560f51c2524b6f3
Copying blob sha256:b1ef15b91804b41586a78c23a18d630d1d538cae5bf60f8108d289fdb012a0b4
Copying config sha256:d216162700ec84a10643a6a8fa62ae7a0b0cc7a77ad3265934fe61cb99f75781
Writing manifest to image destination
Copying image sha256:156f6da45b8a2a7b82d1aa1a48572e54974d9d6139b77ad0976ce1b269d394ad (2/2)
Getting image source signatures
Copying blob sha256:1f7cfbb29b3af6f857bddee102a54aeef9363e4460830465be2f9b24a37a725a
Copying blob sha256:5e0c0516b794028658ae88ffcfcd76efa540e4fbc1cd5844aeafbcb20488674a
Copying blob sha256:b8b907c97b0d26e351087a9186c3f4459dd7b9a6824828c0d661c14263d28730
Copying config sha256:dcdc426fb80cac5627397ec43fd91e19f7688be68b7754a406a78207fa04076b
Writing manifest to image destination
Writing manifest list to image destination
Storing list signatures
==========================================
Building logging-view-plugin @ release-coo-ocp-4.15 with VERSION=v6.1.7 ORG=openshift-observability-ui
==========================================
Switched to branch 'release-coo-ocp-4.15'
Your branch is up to date with 'origin/release-coo-ocp-4.15'.
From https://github.com/openshift/logging-view-plugin
 * branch            release-coo-ocp-4.15 -> FETCH_HEAD
Already up to date.
--- Attempt 1/3 ---
podman manifest rm quay.io/openshift-observability-ui/logging-view-plugin:v6.1.7 || true
Error: quay.io/openshift-observability-ui/logging-view-plugin:v6.1.7: image not known
podman manifest create quay.io/openshift-observability-ui/logging-view-plugin:v6.1.7
969e63d1c0dc5725e78f4a9e3677f83b420ed997884c69a9584df1123088ba1b
podman build --platform=linux/arm64,linux/amd64 --manifest quay.io/openshift-observability-ui/logging-view-plugin:v6.1.7 -f Dockerfile
[linux/amd64] [1/3] STEP 1/9: FROM registry.redhat.io/ubi9/nodejs-22:latest AS web-builder
Trying to pull registry.redhat.io/ubi9/nodejs-22:latest...
Getting image source signatures
Checking if image destination supports signatures
Copying blob sha256:d74f03e958176d9f637ef3f0c60d433f7a81709a1fe56c62d203eef3a536739e
Copying blob sha256:56649e4df8eddef4709849b46063574b7ddb22fc98fb75409885c838a4c9d381
Copying blob sha256:5c9af8529e118dd5a8d55d669c48114bfef7c8f5d743e5e560639dfabca3a5f9
Copying config sha256:0f7698e0407d0631a81bf20e78ec1d23de169a3b85762c7d4d6c629fe8f1d963
Writing manifest to image destination
Storing signatures
[linux/amd64] [1/3] STEP 2/9: WORKDIR /opt/app-root
--> Using cache b22f0152de7eae01284befccc688cd7f0aac90f9a9f14475c9c86519977a6ea1
--> b22f0152de7e
[linux/amd64] [1/3] STEP 3/9: USER 0
--> Using cache ed155e792b6cd464124a716b1ae9cfb467dea71e7ba8606efa9aabf472452497
--> ed155e792b6c
[linux/amd64] [1/3] STEP 4/9: ENV HUSKY=0
--> Using cache d7e1ce7889120ec58f0e3c4817454384922b1fe01fcf46e83b25dbcd72f89a0c
--> d7e1ce788912
[linux/amd64] [1/3] STEP 5/9: COPY web/package*.json web/
--> b6a9f11ff2c7
[linux/amd64] [1/3] STEP 6/9: COPY Makefile Makefile
--> a179fba79d5e
[linux/amd64] [1/3] STEP 7/9: RUN make install-frontend-ci-clean
cd web && npm ci --omit=optional --ignore-scripts
npm warn deprecated popper.js@1.16.1: You can find the new Popper v2 at @popperjs/core, this package is dedicated to the legacy v1
npm warn deprecated glob@10.5.0: Old versions of glob are not supported, and contain widely publicized security vulnerabilities, which have been fixed in the current version. Please update. Support for old versions may be purchased (at exorbitant rates) by contacting i@izs.me
npm warn deprecated glob@10.5.0: Old versions of glob are not supported, and contain widely publicized security vulnerabilities, which have been fixed in the current version. Please update. Support for old versions may be purchased (at exorbitant rates) by contacting i@izs.me
npm warn deprecated glob@10.5.0: Old versions of glob are not supported, and contain widely publicized security vulnerabilities, which have been fixed in the current version. Please update. Support for old versions may be purchased (at exorbitant rates) by contacting i@izs.me

added 1531 packages, and audited 1532 packages in 42s

273 packages are looking for funding
  run `npm fund` for details

24 vulnerabilities (2 low, 11 moderate, 10 high, 1 critical)

To address issues that do not require attention, run:
  npm audit fix

To address all issues (including breaking changes), run:
  npm audit fix --force

Run `npm audit` for details.
cd web && npm cache clean --force
npm warn using --force Recommended protections disabled.
--> 22faae743ba9
[linux/amd64] [1/3] STEP 8/9: COPY web/ web/
--> 8d6195506bcb
[linux/amd64] [1/3] STEP 9/9: RUN make build-frontend
cd web && npm run build

> logging-view-plugin@6.1.0 build
> npm run clean && NODE_ENV=production npm run ts-node node_modules/.bin/webpack


> logging-view-plugin@6.1.0 clean
> rm -rf dist


> logging-view-plugin@6.1.0 ts-node
> ts-node -O '{"module":"commonjs"}' node_modules/.bin/webpack

assets by path *.js 4.84 MiB
  assets by chunk 2.69 MiB (id hint: vendors)
    assets by status 1.83 MiB [big]
      asset 9012-chunk-c30d86991a43474bcd20.min.js 1.12 MiB [emitted] [immutable] [big] (id hint: vendors) 1 related asset
      asset 573-chunk-6751882185f4ace03f14.min.js 462 KiB [emitted] [immutable] [big] (id hint: vendors) 1 related asset
      asset 9123-chunk-7c59f766bf5aed38d7e4.min.js 266 KiB [emitted] [immutable] [big] (id hint: vendors) 1 related asset
    + 9 assets
  + 81 assets
asset locales/en/plugin__logging-view-plugin.json 10.4 KiB [emitted] [from: ../locales/en/plugin__logging-view-plugin.json] [copied]
asset plugin-manifest.json 1.92 KiB [emitted]
orphan modules 2.72 MiB [orphan] 1566 modules
runtime modules 37.2 KiB 14 modules
built modules 2.96 MiB (javascript) 1.72 KiB (consume-shared) 1.56 KiB (share-init) [built]
  modules by path ../node_modules/ 2.66 MiB 431 modules
  modules by path ./ 308 KiB 48 modules
  consume-shared-module modules 1.72 KiB
    modules by path consume shared module (default) @patternfly/react-core/dist/dynamic/ 1.23 KiB 30 modules
    modules by path consume shared module (default) @patternfly/react-icons/dist/dynamic/icons/ 294 bytes 7 modules
    + 5 modules
  provide-module modules 1.56 KiB
    modules by path provide shared module (default) @patternfly/react-core/dist/dynamic/ 1.23 KiB 30 modules
    modules by path provide shared module (default) @patternfly/react-icons/dist/dynamic/icons/ 294 bytes 7 modules
    provide shared module (default) @patternfly/react-table/dist/dynamic/components/...(truncated) 42 bytes [built] [code generated]
  container entry 42 bytes [built] [code generated]

WARNING in asset size limit: The following asset(s) exceed the recommended size limit (244 KiB).
This can impact web performance.
Assets: 
  9123-chunk-7c59f766bf5aed38d7e4.min.js (266 KiB)
  9012-chunk-c30d86991a43474bcd20.min.js (1.12 MiB)
  573-chunk-6751882185f4ace03f14.min.js (462 KiB)

webpack 5.105.3 compiled with 1 warning in 51990 ms
--> e7bd6a85ce74
[linux/amd64] [2/3] STEP 1/12: FROM registry.access.redhat.com/ubi9/go-toolset:1.26 AS go-builder
Trying to pull registry.access.redhat.com/ubi9/go-toolset:1.26...
Getting image source signatures
Checking if image destination supports signatures
Copying blob sha256:9dd7a54704c5a666e57e3f6efc35e90fc6da8ad2923d77d60d1c573ef3315791
Copying blob sha256:d68194b0e4a172e16c5cbb1bc0479d22da58da64d376a5cdb885730c90f6fc5b
Copying blob sha256:5c9af8529e118dd5a8d55d669c48114bfef7c8f5d743e5e560639dfabca3a5f9
Copying blob sha256:56649e4df8eddef4709849b46063574b7ddb22fc98fb75409885c838a4c9d381
Copying config sha256:11c3fc29fb378f2b34bbf7921ad5e41b11f9631214b3369f21fc66619a1c7872
Writing manifest to image destination
Storing signatures
[linux/amd64] [2/3] STEP 2/12: WORKDIR /opt/app-root
--> Using cache cee354c451d26ec48e252e69f6a18fab7e7ba3c3da8f781ab23670ac2f707413
--> cee354c451d2
[linux/amd64] [2/3] STEP 3/12: COPY Makefile Makefile
--> 7755e86050cf
[linux/amd64] [2/3] STEP 4/12: COPY go.mod go.mod
--> 047f641f4a96
[linux/amd64] [2/3] STEP 5/12: COPY go.sum go.sum
--> 66958a87ed0f
[linux/amd64] [2/3] STEP 6/12: RUN make install-backend
go mod download
--> 3067014673ff
[linux/amd64] [2/3] STEP 7/12: COPY config/ config/
--> efa2e01f3d5e
[linux/amd64] [2/3] STEP 8/12: COPY cmd/ cmd/
--> e9cc23d459d8
[linux/amd64] [2/3] STEP 9/12: COPY pkg/ pkg/
--> 102105849d1f
[linux/amd64] [2/3] STEP 10/12: ENV GOEXPERIMENT=strictfipsruntime
--> 35e87baf989f
[linux/amd64] [2/3] STEP 11/12: ENV CGO_ENABLED=1
--> 4f9d19394f50
[linux/amd64] [2/3] STEP 12/12: RUN make build-backend BUILD_OPTS="-tags strictfipsruntime"
go build -tags strictfipsruntime -mod=readonly -o plugin-backend cmd/plugin-backend.go
--> 0e56d8723f40
[linux/arm64] [1/3] STEP 1/9: FROM registry.redhat.io/ubi9/nodejs-22:latest AS web-builder
Trying to pull registry.redhat.io/ubi9/nodejs-22:latest...
Getting image source signatures
Checking if image destination supports signatures
Copying blob sha256:3fa2c3ec93bd0d2914f8e021fa5b043ace5a704a440ecd2db626edd260f6a3c8
Copying blob sha256:143df91a054c3d67ed690e7f87f430247e12263d24f8d216e794a40abed4caa8
Copying blob sha256:96c26ef68d364bcbd8f901e4664d7531ebb74699c6d8a69825e5925d8c6696c2
Copying config sha256:21c0269160eae1f56763a0def0f20ffead061334731e5fd18ceb2c7eca36dca5
Writing manifest to image destination
Storing signatures
[linux/arm64] [1/3] STEP 2/9: WORKDIR /opt/app-root
--> Using cache f138705962d11e61edb13d571ef027b5aaab047c990ddb975b6c9bd527be9ff2
--> f138705962d1
[linux/arm64] [1/3] STEP 3/9: USER 0
--> Using cache 61b9a6eeee01e35ad9cddcbb7edcdd161f356f63b32f84c07f8ec25b4736e4c7
--> 61b9a6eeee01
[linux/arm64] [1/3] STEP 4/9: ENV HUSKY=0
--> Using cache e420b43c6a8a2ca2a35f3a7dec0cfe45469551305818db0d62b45db4887b854e
--> e420b43c6a8a
[linux/arm64] [1/3] STEP 5/9: COPY web/package*.json web/
--> ae132ab40c81
[linux/arm64] [1/3] STEP 6/9: COPY Makefile Makefile
--> e14e75fa2885
[linux/arm64] [1/3] STEP 7/9: RUN make install-frontend-ci-clean
cd web && npm ci --omit=optional --ignore-scripts
npm warn deprecated popper.js@1.16.1: You can find the new Popper v2 at @popperjs/core, this package is dedicated to the legacy v1
npm warn deprecated glob@10.5.0: Old versions of glob are not supported, and contain widely publicized security vulnerabilities, which have been fixed in the current version. Please update. Support for old versions may be purchased (at exorbitant rates) by contacting i@izs.me
npm warn deprecated glob@10.5.0: Old versions of glob are not supported, and contain widely publicized security vulnerabilities, which have been fixed in the current version. Please update. Support for old versions may be purchased (at exorbitant rates) by contacting i@izs.me
npm warn deprecated glob@10.5.0: Old versions of glob are not supported, and contain widely publicized security vulnerabilities, which have been fixed in the current version. Please update. Support for old versions may be purchased (at exorbitant rates) by contacting i@izs.me

added 1531 packages, and audited 1532 packages in 32s

273 packages are looking for funding
  run `npm fund` for details

24 vulnerabilities (2 low, 11 moderate, 10 high, 1 critical)

To address issues that do not require attention, run:
  npm audit fix

To address all issues (including breaking changes), run:
  npm audit fix --force

Run `npm audit` for details.
cd web && npm cache clean --force
npm warn using --force Recommended protections disabled.
--> 0c43cd7a5e94
[linux/arm64] [1/3] STEP 8/9: COPY web/ web/
--> f6fc0e27caed
[linux/arm64] [1/3] STEP 9/9: RUN make build-frontend
cd web && npm run build

> logging-view-plugin@6.1.0 build
> npm run clean && NODE_ENV=production npm run ts-node node_modules/.bin/webpack


> logging-view-plugin@6.1.0 clean
> rm -rf dist


> logging-view-plugin@6.1.0 ts-node
> ts-node -O '{"module":"commonjs"}' node_modules/.bin/webpack

assets by path *.js 4.84 MiB
  assets by chunk 2.69 MiB (id hint: vendors)
    assets by status 1.83 MiB [big]
      asset 9012-chunk-c30d86991a43474bcd20.min.js 1.12 MiB [emitted] [immutable] [big] (id hint: vendors) 1 related asset
      asset 573-chunk-6751882185f4ace03f14.min.js 462 KiB [emitted] [immutable] [big] (id hint: vendors) 1 related asset
      asset 9123-chunk-7c59f766bf5aed38d7e4.min.js 266 KiB [emitted] [immutable] [big] (id hint: vendors) 1 related asset
    + 9 assets
  + 81 assets
asset locales/en/plugin__logging-view-plugin.json 10.4 KiB [emitted] [from: ../locales/en/plugin__logging-view-plugin.json] [copied]
asset plugin-manifest.json 1.92 KiB [emitted]
orphan modules 2.72 MiB [orphan] 1566 modules
runtime modules 37.2 KiB 14 modules
built modules 2.96 MiB (javascript) 1.72 KiB (consume-shared) 1.56 KiB (share-init) [built]
  modules by path ../node_modules/ 2.66 MiB 431 modules
  modules by path ./ 308 KiB 48 modules
  consume-shared-module modules 1.72 KiB
    modules by path consume shared module (default) @patternfly/react-core/dist/dynamic/ 1.23 KiB 30 modules
    modules by path consume shared module (default) @patternfly/react-icons/dist/dynamic/icons/ 294 bytes 7 modules
    + 5 modules
  provide-module modules 1.56 KiB
    modules by path provide shared module (default) @patternfly/react-core/dist/dynamic/ 1.23 KiB 30 modules
    modules by path provide shared module (default) @patternfly/react-icons/dist/dynamic/icons/ 294 bytes 7 modules
    provide shared module (default) @patternfly/react-table/dist/dynamic/components/...(truncated) 42 bytes [built] [code generated]
  container entry 42 bytes [built] [code generated]

WARNING in asset size limit: The following asset(s) exceed the recommended size limit (244 KiB).
This can impact web performance.
Assets: 
  9123-chunk-7c59f766bf5aed38d7e4.min.js (266 KiB)
  9012-chunk-c30d86991a43474bcd20.min.js (1.12 MiB)
  573-chunk-6751882185f4ace03f14.min.js (462 KiB)

webpack 5.105.3 compiled with 1 warning in 32368 ms
--> 114de323ec3a
[linux/amd64] [3/3] STEP 1/5: FROM registry.access.redhat.com/ubi9/ubi-minimal
Trying to pull registry.access.redhat.com/ubi9/ubi-minimal:latest...
Getting image source signatures
Checking if image destination supports signatures
Copying blob sha256:2943616793071e9fa96e298a7454ac45b7a498df6ca5c681004955a177cdf999
Copying config sha256:e3e6fe3b9c265802d2526c15071f59bd20f2d634fc82b7c633387d2cf2ec1056
Writing manifest to image destination
Storing signatures
[linux/amd64] [3/3] STEP 2/5: COPY --from=web-builder /opt/app-root/web/dist /opt/app-root/web/dist
--> a17a14c66c67
[linux/amd64] [3/3] STEP 3/5: COPY --from=go-builder /opt/app-root/plugin-backend /opt/app-root
--> a927ae989f27
[linux/amd64] [3/3] STEP 4/5: COPY --from=go-builder /opt/app-root/config /opt/app-root/config
--> ac368b6bc8a0
[linux/amd64] [3/3] STEP 5/5: ENTRYPOINT ["/opt/app-root/plugin-backend", "-config-path", "/opt/app-root/config", "-static-path", "/opt/app-root/web/dist"]
[linux/amd64] [3/3] COMMIT
--> 6e1e0a1ee0e0
[linux/arm64] [2/3] STEP 1/12: FROM registry.access.redhat.com/ubi9/go-toolset:1.26 AS go-builder
6e1e0a1ee0e0b4d59c181bfc3a1455ea934bca5d01437a099068a11dbfcf72e2
Trying to pull registry.access.redhat.com/ubi9/go-toolset:1.26...
Getting image source signatures
Checking if image destination supports signatures
Copying blob sha256:3fa2c3ec93bd0d2914f8e021fa5b043ace5a704a440ecd2db626edd260f6a3c8
Copying blob sha256:96c26ef68d364bcbd8f901e4664d7531ebb74699c6d8a69825e5925d8c6696c2
Copying blob sha256:3b33bd74c459c543768665bc4406a7ec75fd6a2de94164c1ad9968e07c895aaf
Copying blob sha256:852e434154bbab928ec83bdc7061dee5120584a0c35903abf2b024686bc65eb8
Copying config sha256:c9e40cb14364af57c6c2c0ca7a8afc8b39349b65e751b3062bf52d82bdc297cb
Writing manifest to image destination
Storing signatures
[linux/arm64] [2/3] STEP 2/12: WORKDIR /opt/app-root
--> Using cache b41719939b9ccc27e127d90e34c6d07d71d530c12510c6240a59107642bf4978
--> b41719939b9c
[linux/arm64] [2/3] STEP 3/12: COPY Makefile Makefile
--> 5909844ac1f0
[linux/arm64] [2/3] STEP 4/12: COPY go.mod go.mod
--> c55dfb6b77e6
[linux/arm64] [2/3] STEP 5/12: COPY go.sum go.sum
--> cd2b9c4f2e89
[linux/arm64] [2/3] STEP 6/12: RUN make install-backend
go mod download
--> 61253a9fc7a6
[linux/arm64] [2/3] STEP 7/12: COPY config/ config/
--> 26a87f6e7fac
[linux/arm64] [2/3] STEP 8/12: COPY cmd/ cmd/
--> bfbe03fa874e
[linux/arm64] [2/3] STEP 9/12: COPY pkg/ pkg/
--> 5685df495f73
[linux/arm64] [2/3] STEP 10/12: ENV GOEXPERIMENT=strictfipsruntime
--> 9352b467e1cd
[linux/arm64] [2/3] STEP 11/12: ENV CGO_ENABLED=1
--> 433f02415c8f
[linux/arm64] [2/3] STEP 12/12: RUN make build-backend BUILD_OPTS="-tags strictfipsruntime"
go build -tags strictfipsruntime -mod=readonly -o plugin-backend cmd/plugin-backend.go
--> a39cd168245e
[linux/arm64] [3/3] STEP 1/5: FROM registry.access.redhat.com/ubi9/ubi-minimal
Trying to pull registry.access.redhat.com/ubi9/ubi-minimal:latest...
Getting image source signatures
Checking if image destination supports signatures
Copying blob sha256:8289a871631249c9c1a3b2366de832716cd43c77864c245a1c1364a2abeb5704
Copying config sha256:19a5d5dc0e92607939d631511c68a3b399a200a3bfbe6a1dfe726549e1527ae0
Writing manifest to image destination
Storing signatures
[linux/arm64] [3/3] STEP 2/5: COPY --from=web-builder /opt/app-root/web/dist /opt/app-root/web/dist
--> 955c565b935d
[linux/arm64] [3/3] STEP 3/5: COPY --from=go-builder /opt/app-root/plugin-backend /opt/app-root
--> 7e6167d4c985
[linux/arm64] [3/3] STEP 4/5: COPY --from=go-builder /opt/app-root/config /opt/app-root/config
--> ac51e130b6fc
[linux/arm64] [3/3] STEP 5/5: ENTRYPOINT ["/opt/app-root/plugin-backend", "-config-path", "/opt/app-root/config", "-static-path", "/opt/app-root/web/dist"]
[linux/arm64] [3/3] COMMIT
--> 2745b5ad3583
2745b5ad35839267e89b2c4e825242c4f857d9331f37605e30e6c7bf0f53405c
podman manifest push quay.io/openshift-observability-ui/logging-view-plugin:v6.1.7
Getting image list signatures
Copying 2 images generated from 2 images in list
Copying image sha256:cec2a7fa456e8cf40f6ece35a8199219c83685b6256775d8327f115e166ed382 (1/2)
Getting image source signatures
Copying blob sha256:e312d6f5e022668b05dfe655814e6c25166b3d2680f2b78ff1bbf211c5109a68
Copying blob sha256:56550161697f795bc52c827a70fe1e427be4c6bdf4e3c9b2d560f51c2524b6f3
Copying blob sha256:a89bc632dddaf062631c92a0cfe8c5c93fb25d888d36ae105ba46a566409b969
Copying blob sha256:9bf334b9f891609b2ee2c9138d15b31de692471d7902291f451061345c317b9b
Copying config sha256:6e1e0a1ee0e0b4d59c181bfc3a1455ea934bca5d01437a099068a11dbfcf72e2
Writing manifest to image destination
Copying image sha256:6c460d4ca73ccf46c08c05baed4dfc379270982048b2f0f451425602c1a0d6f5 (2/2)
Getting image source signatures
Copying blob sha256:37d31a15c5637356c84d82e2ffd8462a6568e2ae3989e97d2545490ddf48fe08
Copying blob sha256:5e0c0516b794028658ae88ffcfcd76efa540e4fbc1cd5844aeafbcb20488674a
Copying blob sha256:c56fe44ecf688b593985244c82a03415bd0f4fb76685b5b2a59ec5e1abdedccb
Copying blob sha256:4a9830bd3b15ce86209e7f850a10f719b0b061c04c75d058ff6dc1a8da9c9764
Copying config sha256:2745b5ad35839267e89b2c4e825242c4f857d9331f37605e30e6c7bf0f53405c
Writing manifest to image destination
Writing manifest list to image destination
Storing list signatures
==========================================
Building monitoring-plugin @ release-coo-ocp-4.15 with VERSION=v0.4.6 ORG=openshift-observability-ui
==========================================
Switched to branch 'release-coo-ocp-4.15'
Your branch is up to date with 'origin/release-coo-ocp-4.15'.
From https://github.com/openshift/monitoring-plugin
 * branch              release-coo-ocp-4.15 -> FETCH_HEAD
Already up to date.
--- Attempt 1/3 ---
podman manifest rm quay.io/openshift-observability-ui/monitoring-console-plugin:v0.4.6 || true
Error: quay.io/openshift-observability-ui/monitoring-console-plugin:v0.4.6: image not known
podman manifest create quay.io/openshift-observability-ui/monitoring-console-plugin:v0.4.6
f6fcb7f203bea4136e3d80ba38bdce3c9d4c0bfb4163ae62f049c77107f2a680
podman build --platform linux/arm64,linux/amd64 --manifest quay.io/openshift-observability-ui/monitoring-console-plugin:v0.4.6 -f Dockerfile.mcp
[linux/amd64] [1/3] STEP 1/11: FROM registry.redhat.io/ubi9/nodejs-22:latest AS web-builder
Trying to pull registry.redhat.io/ubi9/nodejs-22:latest...
Getting image source signatures
Checking if image destination supports signatures
Copying blob sha256:d74f03e958176d9f637ef3f0c60d433f7a81709a1fe56c62d203eef3a536739e
Copying blob sha256:56649e4df8eddef4709849b46063574b7ddb22fc98fb75409885c838a4c9d381
Copying blob sha256:5c9af8529e118dd5a8d55d669c48114bfef7c8f5d743e5e560639dfabca3a5f9
Copying config sha256:0f7698e0407d0631a81bf20e78ec1d23de169a3b85762c7d4d6c629fe8f1d963
Writing manifest to image destination
Storing signatures
[linux/amd64] [1/3] STEP 2/11: WORKDIR /opt/app-root
--> Using cache b22f0152de7eae01284befccc688cd7f0aac90f9a9f14475c9c86519977a6ea1
--> b22f0152de7e
[linux/amd64] [1/3] STEP 3/11: USER 0
--> Using cache ed155e792b6cd464124a716b1ae9cfb467dea71e7ba8606efa9aabf472452497
--> ed155e792b6c
[linux/amd64] [1/3] STEP 4/11: ENV HUSKY=0
--> Using cache d7e1ce7889120ec58f0e3c4817454384922b1fe01fcf46e83b25dbcd72f89a0c
--> d7e1ce788912
[linux/amd64] [1/3] STEP 5/11: COPY web/package*.json web/
--> abc5593896b5
[linux/amd64] [1/3] STEP 6/11: COPY Makefile Makefile
--> 8c4da73de64b
[linux/amd64] [1/3] STEP 7/11: RUN make install-frontend-ci
cd web && npm ci --ignore-scripts
npm warn deprecated rimraf@3.0.2: Rimraf versions prior to v4 are no longer supported
npm warn deprecated inflight@1.0.6: This module is not supported, and leaks memory. Do not use it. Check out lru-cache if you want a good and tested way to coalesce async requests by a key value, which is much more comprehensive and powerful.
npm warn deprecated glob@7.2.3: Glob versions prior to v9 are no longer supported
npm warn deprecated i18next-parser@9.4.0: Project is deprecated, use i18next-cli instead
npm warn deprecated @types/webpack-dev-server@4.7.2: This is a stub types definition. webpack-dev-server provides its own type definitions, so you do not need this installed.
npm warn deprecated @humanwhocodes/object-schema@2.0.3: Use @eslint/object-schema instead
npm warn deprecated @humanwhocodes/config-array@0.11.14: Use @eslint/config-array instead
npm warn deprecated glob@10.5.0: Old versions of glob are not supported, and contain widely publicized security vulnerabilities, which have been fixed in the current version. Please update. Support for old versions may be purchased (at exorbitant rates) by contacting i@izs.me
npm warn deprecated eslint@8.44.0: This version is no longer supported. Please see https://eslint.org/version-support for other options.

added 1382 packages, and audited 1383 packages in 46s

284 packages are looking for funding
  run `npm fund` for details

41 vulnerabilities (3 low, 16 moderate, 21 high, 1 critical)

To address issues that do not require attention, run:
  npm audit fix

To address all issues possible (including breaking changes), run:
  npm audit fix --force

Some issues need review, and may require choosing
a different dependency.

Run `npm audit` for details.
--> eabf23d39828
[linux/amd64] [1/3] STEP 8/11: COPY web/ web/
--> 042cc85cf9fc
[linux/amd64] [1/3] STEP 9/11: COPY config/ config/
--> cedd5673c34c
[linux/amd64] [1/3] STEP 10/11: ENV CONSOLE_PLUGIN_NAME="monitoring-console-plugin"
--> e32cbbbc7d80
[linux/amd64] [1/3] STEP 11/11: RUN make build-frontend
cd web && npm run build

> monitoring-plugin@0.4.0 build
> npm run clean && NODE_ENV=production npm run ts-node node_modules/.bin/webpack


> monitoring-plugin@0.4.0 clean
> rm -rf dist


> monitoring-plugin@0.4.0 ts-node
> ts-node -O '{"module":"commonjs"}' node_modules/.bin/webpack

DEPRECATION WARNING [legacy-js-api]: The legacy JS API is deprecated and will be removed in Dart Sass 2.0.0.

More info: https://sass-lang.com/d/legacy-js-api

DEPRECATION WARNING [legacy-js-api]: The legacy JS API is deprecated and will be removed in Dart Sass 2.0.0.

More info: https://sass-lang.com/d/legacy-js-api

DEPRECATION WARNING [legacy-js-api]: The legacy JS API is deprecated and will be removed in Dart Sass 2.0.0.

More info: https://sass-lang.com/d/legacy-js-api

DEPRECATION WARNING [legacy-js-api]: The legacy JS API is deprecated and will be removed in Dart Sass 2.0.0.

More info: https://sass-lang.com/d/legacy-js-api

DEPRECATION WARNING [legacy-js-api]: The legacy JS API is deprecated and will be removed in Dart Sass 2.0.0.

More info: https://sass-lang.com/d/legacy-js-api

assets by path *.js 9.09 MiB
  assets by chunk 8.34 MiB (id hint: vendors)
    assets by status 7.31 MiB [big] 3 assets
    + 36 assets
  + 97 assets
assets by path assets/ 1.33 MiB
  assets by chunk 1.27 MiB (auxiliary id hint: vendors) 84 assets
  asset assets/codicon..ttf 55.2 KiB [emitted] [from: components/metrics/codicon.ttf]
  asset assets/restricted-sign..svg 2.38 KiB [emitted] [from: components/console/imgs/restricted-sign.svg] (auxiliary name: exposed-MonitoringRouter)
assets by path locales/ 59.7 KiB
  asset locales/en/plugin__monitoring-console-plugin.json 19.3 KiB [emitted] [from: ../locales/en/plugin__monitoring-plugin.json] [copied]
  asset locales/ja/plugin__monitoring-console-plugin.json 14.9 KiB [emitted] [from: ../locales/ja/plugin__monitoring-plugin.json] [copied]
  asset locales/ko/plugin__monitoring-console-plugin.json 13.6 KiB [emitted] [from: ../locales/ko/plugin__monitoring-plugin.json] [copied]
  asset locales/zh/plugin__monitoring-console-plugin.json 11.9 KiB [emitted] [from: ../locales/zh/plugin__monitoring-plugin.json] [copied]
asset plugin-manifest.json 5.41 KiB [emitted]
orphan modules 20.4 MiB [orphan] 20670 modules
runtime modules 53 KiB 15 modules
built modules 18 MiB (javascript) 1.33 MiB (asset) 3.04 KiB (consume-shared) 2.75 KiB (share-init) [built]
  javascript modules 17.9 MiB 1637 modules
  asset modules 1.33 MiB (asset) 3.53 KiB (javascript)
    modules by path ../node_modules/ 1.27 MiB (asset) 3.45 KiB (javascript) 84 modules
    modules by path ./components/ 57.5 KiB (asset) 84 bytes (javascript) 2 modules
  consume-shared-module modules 3.04 KiB 74 modules
  provide-module modules 2.75 KiB
    modules by path provide shared module (default) @patternfly/react-core/dist/dynamic/ 1.93 KiB 47 modules
    modules by path provide shared module (default) @patternfly/react-icons/dist/dynamic/icons/ 756 bytes 18 modules
    modules by path provide shared module (default) @patternfly/react-table/dist/dynamic/components/ 84 bytes 2 modules
  ../node_modules/tlds/index.json 10.9 KiB [built] [code generated]

WARNING in asset size limit: The following asset(s) exceed the recommended size limit (244 KiB).
This can impact web performance.
Assets: 
  6966-chunk-51585fa2f3b3ce1f644e.min.js (2.42 MiB)
  2608-chunk-b8621f688195f5f8428e.min.js (4.56 MiB)
  6898-chunk-7f02beb01f61a974566c.min.js (342 KiB)

webpack 5.105.2 compiled with 1 warning in 126538 ms
--> cc93090bfc3c
[linux/arm64] [1/3] STEP 1/11: FROM registry.redhat.io/ubi9/nodejs-22:latest AS web-builder
Trying to pull registry.redhat.io/ubi9/nodejs-22:latest...
Getting image source signatures
Checking if image destination supports signatures
Copying blob sha256:143df91a054c3d67ed690e7f87f430247e12263d24f8d216e794a40abed4caa8
Copying blob sha256:3fa2c3ec93bd0d2914f8e021fa5b043ace5a704a440ecd2db626edd260f6a3c8
Copying blob sha256:96c26ef68d364bcbd8f901e4664d7531ebb74699c6d8a69825e5925d8c6696c2
Copying config sha256:21c0269160eae1f56763a0def0f20ffead061334731e5fd18ceb2c7eca36dca5
Writing manifest to image destination
Storing signatures
[linux/arm64] [1/3] STEP 2/11: WORKDIR /opt/app-root
--> Using cache f138705962d11e61edb13d571ef027b5aaab047c990ddb975b6c9bd527be9ff2
--> f138705962d1
[linux/arm64] [1/3] STEP 3/11: USER 0
--> Using cache 61b9a6eeee01e35ad9cddcbb7edcdd161f356f63b32f84c07f8ec25b4736e4c7
--> 61b9a6eeee01
[linux/arm64] [1/3] STEP 4/11: ENV HUSKY=0
--> Using cache e420b43c6a8a2ca2a35f3a7dec0cfe45469551305818db0d62b45db4887b854e
--> e420b43c6a8a
[linux/arm64] [1/3] STEP 5/11: COPY web/package*.json web/
--> 207a3d35bd8b
[linux/arm64] [1/3] STEP 6/11: COPY Makefile Makefile
--> 6d335a01ed18
[linux/arm64] [1/3] STEP 7/11: RUN make install-frontend-ci
cd web && npm ci --ignore-scripts
npm warn deprecated rimraf@3.0.2: Rimraf versions prior to v4 are no longer supported
npm warn deprecated inflight@1.0.6: This module is not supported, and leaks memory. Do not use it. Check out lru-cache if you want a good and tested way to coalesce async requests by a key value, which is much more comprehensive and powerful.
npm warn deprecated i18next-parser@9.4.0: Project is deprecated, use i18next-cli instead
npm warn deprecated glob@7.2.3: Glob versions prior to v9 are no longer supported
npm warn deprecated eslint@8.44.0: This version is no longer supported. Please see https://eslint.org/version-support for other options.
npm warn deprecated @types/webpack-dev-server@4.7.2: This is a stub types definition. webpack-dev-server provides its own type definitions, so you do not need this installed.
npm warn deprecated @humanwhocodes/object-schema@2.0.3: Use @eslint/object-schema instead
npm warn deprecated @humanwhocodes/config-array@0.11.14: Use @eslint/config-array instead
npm warn deprecated glob@10.5.0: Old versions of glob are not supported, and contain widely publicized security vulnerabilities, which have been fixed in the current version. Please update. Support for old versions may be purchased (at exorbitant rates) by contacting i@izs.me

added 1382 packages, and audited 1383 packages in 31s

284 packages are looking for funding
  run `npm fund` for details

41 vulnerabilities (3 low, 16 moderate, 21 high, 1 critical)

To address issues that do not require attention, run:
  npm audit fix

To address all issues possible (including breaking changes), run:
  npm audit fix --force

Some issues need review, and may require choosing
a different dependency.

Run `npm audit` for details.
--> cebb2c060aab
[linux/arm64] [1/3] STEP 8/11: COPY web/ web/
--> 182b47473db1
[linux/arm64] [1/3] STEP 9/11: COPY config/ config/
--> 1b677b48983c
[linux/arm64] [1/3] STEP 10/11: ENV CONSOLE_PLUGIN_NAME="monitoring-console-plugin"
--> 9cfa776cfbec
[linux/arm64] [1/3] STEP 11/11: RUN make build-frontend
cd web && npm run build

> monitoring-plugin@0.4.0 build
> npm run clean && NODE_ENV=production npm run ts-node node_modules/.bin/webpack


> monitoring-plugin@0.4.0 clean
> rm -rf dist


> monitoring-plugin@0.4.0 ts-node
> ts-node -O '{"module":"commonjs"}' node_modules/.bin/webpack

DEPRECATION WARNING [legacy-js-api]: The legacy JS API is deprecated and will be removed in Dart Sass 2.0.0.

More info: https://sass-lang.com/d/legacy-js-api

DEPRECATION WARNING [legacy-js-api]: The legacy JS API is deprecated and will be removed in Dart Sass 2.0.0.

More info: https://sass-lang.com/d/legacy-js-api

DEPRECATION WARNING [legacy-js-api]: The legacy JS API is deprecated and will be removed in Dart Sass 2.0.0.

More info: https://sass-lang.com/d/legacy-js-api

DEPRECATION WARNING [legacy-js-api]: The legacy JS API is deprecated and will be removed in Dart Sass 2.0.0.

More info: https://sass-lang.com/d/legacy-js-api

DEPRECATION WARNING [legacy-js-api]: The legacy JS API is deprecated and will be removed in Dart Sass 2.0.0.

More info: https://sass-lang.com/d/legacy-js-api

assets by path *.js 9.09 MiB
  assets by chunk 8.34 MiB (id hint: vendors)
    assets by status 7.31 MiB [big] 3 assets
    + 36 assets
  + 97 assets
assets by path assets/ 1.33 MiB
  assets by chunk 1.27 MiB (auxiliary id hint: vendors) 84 assets
  asset assets/codicon..ttf 55.2 KiB [emitted] [from: components/metrics/codicon.ttf]
  asset assets/restricted-sign..svg 2.38 KiB [emitted] [from: components/console/imgs/restricted-sign.svg] (auxiliary name: exposed-MonitoringRouter)
assets by path locales/ 59.7 KiB
  asset locales/en/plugin__monitoring-console-plugin.json 19.3 KiB [emitted] [from: ../locales/en/plugin__monitoring-plugin.json] [copied]
  asset locales/ja/plugin__monitoring-console-plugin.json 14.9 KiB [emitted] [from: ../locales/ja/plugin__monitoring-plugin.json] [copied]
  asset locales/ko/plugin__monitoring-console-plugin.json 13.6 KiB [emitted] [from: ../locales/ko/plugin__monitoring-plugin.json] [copied]
  asset locales/zh/plugin__monitoring-console-plugin.json 11.9 KiB [emitted] [from: ../locales/zh/plugin__monitoring-plugin.json] [copied]
asset plugin-manifest.json 5.41 KiB [emitted]
orphan modules 20.4 MiB [orphan] 20670 modules
runtime modules 53 KiB 15 modules
built modules 18 MiB (javascript) 1.33 MiB (asset) 3.04 KiB (consume-shared) 2.75 KiB (share-init) [built]
  javascript modules 17.9 MiB 1637 modules
  asset modules 1.33 MiB (asset) 3.53 KiB (javascript)
    modules by path ../node_modules/ 1.27 MiB (asset) 3.45 KiB (javascript) 84 modules
    modules by path ./components/ 57.5 KiB (asset) 84 bytes (javascript) 2 modules
  consume-shared-module modules 3.04 KiB 74 modules
  provide-module modules 2.75 KiB
    modules by path provide shared module (default) @patternfly/react-core/dist/dynamic/ 1.93 KiB 47 modules
    modules by path provide shared module (default) @patternfly/react-icons/dist/dynamic/icons/ 756 bytes 18 modules
    modules by path provide shared module (default) @patternfly/react-table/dist/dynamic/components/ 84 bytes 2 modules
  ../node_modules/tlds/index.json 10.9 KiB [built] [code generated]

WARNING in asset size limit: The following asset(s) exceed the recommended size limit (244 KiB).
This can impact web performance.
Assets: 
  6966-chunk-51585fa2f3b3ce1f644e.min.js (2.42 MiB)
  2608-chunk-b8621f688195f5f8428e.min.js (4.56 MiB)
  6898-chunk-7f02beb01f61a974566c.min.js (342 KiB)

webpack 5.105.2 compiled with 1 warning in 85908 ms
--> b085482f217c
[linux/amd64] [2/3] STEP 1/14: FROM registry.access.redhat.com/ubi9/go-toolset:1.26 AS go-builder
Trying to pull registry.access.redhat.com/ubi9/go-toolset:1.26...
Getting image source signatures
Checking if image destination supports signatures
Copying blob sha256:9dd7a54704c5a666e57e3f6efc35e90fc6da8ad2923d77d60d1c573ef3315791
Copying blob sha256:56649e4df8eddef4709849b46063574b7ddb22fc98fb75409885c838a4c9d381
Copying blob sha256:5c9af8529e118dd5a8d55d669c48114bfef7c8f5d743e5e560639dfabca3a5f9
Copying blob sha256:d68194b0e4a172e16c5cbb1bc0479d22da58da64d376a5cdb885730c90f6fc5b
Copying config sha256:11c3fc29fb378f2b34bbf7921ad5e41b11f9631214b3369f21fc66619a1c7872
Writing manifest to image destination
Storing signatures
[linux/amd64] [2/3] STEP 2/14: WORKDIR /opt/app-root
--> Using cache cee354c451d26ec48e252e69f6a18fab7e7ba3c3da8f781ab23670ac2f707413
--> cee354c451d2
[linux/amd64] [2/3] STEP 3/14: COPY Makefile Makefile
--> 5f81a39f518f
[linux/amd64] [2/3] STEP 4/14: COPY go.mod go.mod
--> 54a5206f242f
[linux/amd64] [2/3] STEP 5/14: COPY go.sum go.sum
--> a74d2f353e43
[linux/amd64] [2/3] STEP 6/14: RUN make install-backend
go mod download
--> 641be4724c2f
[linux/amd64] [2/3] STEP 7/14: COPY cmd/ cmd/
--> b0bde463d1ea
[linux/amd64] [2/3] STEP 8/14: COPY pkg/ pkg/
--> 3eba212cfc37
[linux/amd64] [2/3] STEP 9/14: ENV GOOS=${TARGETOS:-linux}
--> 1432e3ffcb23
[linux/amd64] [2/3] STEP 10/14: ENV GOARCH=${TARGETARCH}
--> 1f20f5d5da79
[linux/amd64] [2/3] STEP 11/14: ENV GOEXPERIMENT=strictfipsruntime
--> 19dce436b8d7
[linux/amd64] [2/3] STEP 12/14: ENV GOFLAGS=-mod=readonly
--> 119a5a523f23
[linux/amd64] [2/3] STEP 13/14: ENV CGO_ENABLED=1
--> 04254f331065
[linux/amd64] [2/3] STEP 14/14: RUN make build-backend
go build  -mod=readonly -o plugin-backend cmd/plugin-backend.go
--> 197e03490709
[linux/arm64] [2/3] STEP 1/14: FROM registry.access.redhat.com/ubi9/go-toolset:1.26 AS go-builder
Trying to pull registry.access.redhat.com/ubi9/go-toolset:1.26...
Getting image source signatures
Checking if image destination supports signatures
Copying blob sha256:3b33bd74c459c543768665bc4406a7ec75fd6a2de94164c1ad9968e07c895aaf
Copying blob sha256:3fa2c3ec93bd0d2914f8e021fa5b043ace5a704a440ecd2db626edd260f6a3c8
Copying blob sha256:96c26ef68d364bcbd8f901e4664d7531ebb74699c6d8a69825e5925d8c6696c2
Copying blob sha256:852e434154bbab928ec83bdc7061dee5120584a0c35903abf2b024686bc65eb8
Copying config sha256:c9e40cb14364af57c6c2c0ca7a8afc8b39349b65e751b3062bf52d82bdc297cb
Writing manifest to image destination
Storing signatures
[linux/arm64] [2/3] STEP 2/14: WORKDIR /opt/app-root
--> Using cache b41719939b9ccc27e127d90e34c6d07d71d530c12510c6240a59107642bf4978
--> b41719939b9c
[linux/arm64] [2/3] STEP 3/14: COPY Makefile Makefile
--> 400c84bc497a
[linux/arm64] [2/3] STEP 4/14: COPY go.mod go.mod
--> 2f912b2aec8f
[linux/arm64] [2/3] STEP 5/14: COPY go.sum go.sum
--> 00712b8c782b
[linux/arm64] [2/3] STEP 6/14: RUN make install-backend
go mod download
--> 163b24ae40fc
[linux/arm64] [2/3] STEP 7/14: COPY cmd/ cmd/
--> 9d63cb3d17fa
[linux/arm64] [2/3] STEP 8/14: COPY pkg/ pkg/
--> 8c8314884ce1
[linux/arm64] [2/3] STEP 9/14: ENV GOOS=${TARGETOS:-linux}
--> 7f5b0bc96e94
[linux/arm64] [2/3] STEP 10/14: ENV GOARCH=${TARGETARCH}
--> 85f4011c8181
[linux/arm64] [2/3] STEP 11/14: ENV GOEXPERIMENT=strictfipsruntime
--> b7107492379a
[linux/arm64] [2/3] STEP 12/14: ENV GOFLAGS=-mod=readonly
--> 2e37040bf9a2
[linux/arm64] [2/3] STEP 13/14: ENV CGO_ENABLED=1
--> 9a32c87cf206
[linux/arm64] [2/3] STEP 14/14: RUN make build-backend
go build  -mod=readonly -o plugin-backend cmd/plugin-backend.go
--> f40da9fe0800
[linux/amd64] [3/3] STEP 1/8: FROM registry.access.redhat.com/ubi9/ubi-minimal
Trying to pull registry.access.redhat.com/ubi9/ubi-minimal:latest...
Getting image source signatures
Checking if image destination supports signatures
Copying blob sha256:2943616793071e9fa96e298a7454ac45b7a498df6ca5c681004955a177cdf999
Copying config sha256:e3e6fe3b9c265802d2526c15071f59bd20f2d634fc82b7c633387d2cf2ec1056
Writing manifest to image destination
Storing signatures
[linux/amd64] [3/3] STEP 2/8: RUN mkdir /licenses
--> a4e3378ea2ac
[linux/amd64] [3/3] STEP 3/8: COPY LICENSE /licenses/.
--> 72c9dca420e7
[linux/amd64] [3/3] STEP 4/8: USER 1001
--> 9bb1a9cc39d8
[linux/amd64] [3/3] STEP 5/8: COPY --from=web-builder /opt/app-root/web/dist /opt/app-root/web/dist
--> 818e05e4423a
[linux/amd64] [3/3] STEP 6/8: COPY --from=go-builder /opt/app-root/plugin-backend /opt/app-root
--> 890ddc29578d
[linux/amd64] [3/3] STEP 7/8: COPY --from=web-builder /opt/app-root/config /opt/app-root/config
--> 3f8641033390
[linux/amd64] [3/3] STEP 8/8: ENTRYPOINT ["/opt/app-root/plugin-backend", "-static-path", "/opt/app-root/web/dist"]
[linux/amd64] [3/3] COMMIT
--> 9f8c52606321
[linux/arm64] [3/3] STEP 1/8: FROM registry.access.redhat.com/ubi9/ubi-minimal
9f8c5260632163080ad38fc55c6e19d147b085eb428b1144a1c65ad6de5a30c7
Trying to pull registry.access.redhat.com/ubi9/ubi-minimal:latest...
Getting image source signatures
Checking if image destination supports signatures
Copying blob sha256:8289a871631249c9c1a3b2366de832716cd43c77864c245a1c1364a2abeb5704
Copying config sha256:19a5d5dc0e92607939d631511c68a3b399a200a3bfbe6a1dfe726549e1527ae0
Writing manifest to image destination
Storing signatures
[linux/arm64] [3/3] STEP 2/8: RUN mkdir /licenses
--> 6cf4597d41bb
[linux/arm64] [3/3] STEP 3/8: COPY LICENSE /licenses/.
--> c90f676f195c
[linux/arm64] [3/3] STEP 4/8: USER 1001
--> 0bb8691b7c69
[linux/arm64] [3/3] STEP 5/8: COPY --from=web-builder /opt/app-root/web/dist /opt/app-root/web/dist
--> 3ab7dbc53947
[linux/arm64] [3/3] STEP 6/8: COPY --from=go-builder /opt/app-root/plugin-backend /opt/app-root
--> a4da52c08285
[linux/arm64] [3/3] STEP 7/8: COPY --from=web-builder /opt/app-root/config /opt/app-root/config
--> 81ed21828992
[linux/arm64] [3/3] STEP 8/8: ENTRYPOINT ["/opt/app-root/plugin-backend", "-static-path", "/opt/app-root/web/dist"]
[linux/arm64] [3/3] COMMIT
--> 774b3ae4f5c5
774b3ae4f5c5a04b2a22272755d59c6004728619e3f26cc99a4f894b79d4a180
podman manifest push quay.io/openshift-observability-ui/monitoring-console-plugin:v0.4.6
Getting image list signatures
Copying 2 images generated from 2 images in list
Copying image sha256:d594d047c6bbeae194eadb6afea5fff22ff82ec127a272cb790d28212ceee35f (1/2)
Getting image source signatures
Copying blob sha256:914b8d564cb4319af3f43e1e5dc11cc3ee6a43fa4c26b16cd063122598e54ac8
Copying blob sha256:2b323feb8f28688c977b4c5f91111da8af33fc313b32548ec5bf359c6007189e
Copying blob sha256:56550161697f795bc52c827a70fe1e427be4c6bdf4e3c9b2d560f51c2524b6f3
Copying blob sha256:9a3ba288ae709f87d4d311d37a5056b09de52a90d370ab30059447fc2950b4f4
Copying blob sha256:fe11e627d258d4ddbd577f0583c535fe5bb1837e473bfe3a389cc47dfa41df22
Copying blob sha256:c7a8fdbe5d0929a059ae1f4e1b549c4623e0f08de191a18ea2c583d692cf91b1
Copying config sha256:9f8c5260632163080ad38fc55c6e19d147b085eb428b1144a1c65ad6de5a30c7
Writing manifest to image destination
Copying image sha256:a9681ce54052d1a01c69a094a3acc2b4afcae3b96ebd7d06a0ad33ba0c140497 (2/2)
Getting image source signatures
Copying blob sha256:17b1ddcf6911c1b7670292d256408b96b069b1d91f7aba9ec58447650e619b81
Copying blob sha256:5e0c0516b794028658ae88ffcfcd76efa540e4fbc1cd5844aeafbcb20488674a
Copying blob sha256:20fa1e39be267a2682932f34e82b03225e69e3b4d47a5952092cf36e01189cc2
Copying blob sha256:b64e544532a04e0487e511ad187548828dc9fa4abb2c07f906ecbcdcae8f1e22
Copying blob sha256:1fb5a0c99f216c75d9388adb11f23773ed38f4f47db78a6fab8caf8dfcd52a39
Copying blob sha256:ed401377d7612981970018cad00fdedb4c0f0dc2ee5c3dd9fd7f7817b87af219
Copying config sha256:774b3ae4f5c5a04b2a22272755d59c6004728619e3f26cc99a4f894b79d4a180
Writing manifest to image destination
Writing manifest list to image destination
Storing list signatures
==========================================
Building distributed-tracing-plugin @ release-coo-ocp-4.19 with VERSION=v1.0.5 ORG=openshift-observability-ui
==========================================
Switched to branch 'release-coo-ocp-4.19'
Your branch is up to date with 'origin/release-coo-ocp-4.19'.
From https://github.com/openshift/distributed-tracing-console-plugin
 * branch            release-coo-ocp-4.19 -> FETCH_HEAD
Already up to date.
--- Attempt 1/3 ---
podman manifest rm quay.io/openshift-observability-ui/distributed-tracing-console-plugin:v1.0.5 || true
Error: quay.io/openshift-observability-ui/distributed-tracing-console-plugin:v1.0.5: image not known
podman manifest create quay.io/openshift-observability-ui/distributed-tracing-console-plugin:v1.0.5
120922a003a623ad4da6e9c8414b08fc2fdd471ed405bc94e1a8e8aceedea654
podman build --platform=linux/arm64,linux/amd64 --manifest quay.io/openshift-observability-ui/distributed-tracing-console-plugin:v1.0.5 -f Dockerfile
[linux/amd64] [1/3] STEP 1/8: FROM registry.redhat.io/ubi9/nodejs-22:latest AS web-builder
Trying to pull registry.redhat.io/ubi9/nodejs-22:latest...
Getting image source signatures
Checking if image destination supports signatures
Copying blob sha256:d74f03e958176d9f637ef3f0c60d433f7a81709a1fe56c62d203eef3a536739e
Copying blob sha256:56649e4df8eddef4709849b46063574b7ddb22fc98fb75409885c838a4c9d381
Copying blob sha256:5c9af8529e118dd5a8d55d669c48114bfef7c8f5d743e5e560639dfabca3a5f9
Copying config sha256:0f7698e0407d0631a81bf20e78ec1d23de169a3b85762c7d4d6c629fe8f1d963
Writing manifest to image destination
Storing signatures
[linux/amd64] [1/3] STEP 2/8: WORKDIR /opt/app-root
--> Using cache b22f0152de7eae01284befccc688cd7f0aac90f9a9f14475c9c86519977a6ea1
--> b22f0152de7e
[linux/amd64] [1/3] STEP 3/8: USER 0
--> Using cache ed155e792b6cd464124a716b1ae9cfb467dea71e7ba8606efa9aabf472452497
--> ed155e792b6c
[linux/amd64] [1/3] STEP 4/8: COPY web/package*.json web/
--> d7c8180f1354
[linux/amd64] [1/3] STEP 5/8: COPY Makefile Makefile
--> 16157046b417
[linux/amd64] [1/3] STEP 6/8: RUN make install-frontend-ci-clean
cd web && npm ci --ignore-scripts --omit=optional
npm warn deprecated rimraf@3.0.2: Rimraf versions prior to v4 are no longer supported
npm warn deprecated inflight@1.0.6: This module is not supported, and leaks memory. Do not use it. Check out lru-cache if you want a good and tested way to coalesce async requests by a key value, which is much more comprehensive and powerful.
npm warn deprecated glob@7.2.3: Glob versions prior to v9 are no longer supported
npm warn deprecated popper.js@1.16.1: You can find the new Popper v2 at @popperjs/core, this package is dedicated to the legacy v1
npm warn deprecated @humanwhocodes/object-schema@2.0.3: Use @eslint/object-schema instead
npm warn deprecated @humanwhocodes/config-array@0.13.0: Use @eslint/config-array instead
npm warn deprecated rimraf@2.7.1: Rimraf versions prior to v4 are no longer supported
npm warn deprecated eslint@8.57.1: This version is no longer supported. Please see https://eslint.org/version-support for other options.

added 1811 packages, and audited 1812 packages in 56s

312 packages are looking for funding
  run `npm fund` for details

40 vulnerabilities (3 low, 19 moderate, 17 high, 1 critical)

To address issues that do not require attention, run:
  npm audit fix

To address all issues possible (including breaking changes), run:
  npm audit fix --force

Some issues need review, and may require choosing
a different dependency.

Run `npm audit` for details.
cd web && npm cache clean --force
npm warn using --force Recommended protections disabled.
--> 5716c86d8839
[linux/amd64] [1/3] STEP 7/8: COPY web/ web/
--> cfca56a5c332
[linux/amd64] [1/3] STEP 8/8: RUN make build-frontend
cd web && npm run build

> distributed-tracing-console-plugin@1.0.0 build
> npm run clean && NODE_ENV=production npm run webpack


> distributed-tracing-console-plugin@1.0.0 clean
> rm -rf dist


> distributed-tracing-console-plugin@1.0.0 webpack
> node -r ts-node/register ./node_modules/.bin/webpack

assets by path assets/ 1.27 MiB
  assets by path assets/*.woff 740 KiB 42 assets
  assets by path assets/*.woff2 565 KiB
    asset assets/inter-latin-ext-600-normal..woff2 35.4 KiB [emitted] [from: ../node_modules/@fontsource/inter/files/inter-latin-ext-600-normal.woff2] (auxiliary id hint: vendors)
    asset assets/inter-latin-ext-700-normal..woff2 35.4 KiB [emitted] [from: ../node_modules/@fontsource/inter/files/inter-latin-ext-700-normal.woff2] (auxiliary id hint: vendors)
    + 40 assets
assets by path *.js 3.3 MiB
  assets by chunk 2.94 MiB (id hint: vendors)
    asset 1907-chunk-a659e32230067e72d6a9.min.js 2.61 MiB [emitted] [immutable] [minimized] [big] (id hint: vendors) 1 related asset
    asset 3864-chunk-29ef05162fade1526552.min.js 121 KiB [emitted] [immutable] [minimized] (id hint: vendors) 1 related asset
    asset 6808-chunk-3dbcba6b79bcfec54e21.min.js 42 KiB [emitted] [immutable] [minimized] (id hint: vendors)
    + 9 assets
  + 67 assets
asset locales/en/plugin__distributed-tracing-console-plugin.json 4.29 KiB [emitted] [from: ../locales/en/plugin__distributed-tracing-console-plugin.json] [copied]
asset plugin-manifest.json 895 bytes [emitted]
orphan modules 21.9 MiB [orphan] 13317 modules
runtime modules 34.7 KiB 14 modules
built modules 10.2 MiB (javascript) 1.27 MiB (asset) 1.6 KiB (consume-shared) 1.39 KiB (share-init) [built]
  javascript modules 10.2 MiB 721 modules
  asset modules 1.27 MiB (asset) 3.45 KiB (javascript)
    modules by path ../node_modules/@fontsource/inter/files/*.woff2 565 KiB (asset) 1.72 KiB (javascript) 42 modules
    modules by path ../node_modules/@fontsource/inter/files/*.woff 740 KiB (asset) 1.72 KiB (javascript) 42 modules
  consume-shared-module modules 1.6 KiB
    modules by path consume shared module (default) @patternfly/ 1.39 KiB 34 modules
    + 5 modules
  provide-module modules 1.39 KiB
    modules by path provide shared module (default) @patternfly/react-core/dist/dynamic/ 924 bytes 22 modules
    modules by path provide shared module (default) @patternfly/react-icons/dist/dynamic/icons/ 504 bytes 12 modules

WARNING in asset size limit: The following asset(s) exceed the recommended size limit (244 KiB).
This can impact web performance.
Assets: 
  1907-chunk-a659e32230067e72d6a9.min.js (2.61 MiB)

webpack 5.105.3 compiled with 1 warning in 96163 ms
--> 566ef17796c2
[linux/arm64] [1/3] STEP 1/8: FROM registry.redhat.io/ubi9/nodejs-22:latest AS web-builder
Trying to pull registry.redhat.io/ubi9/nodejs-22:latest...
Getting image source signatures
Checking if image destination supports signatures
Copying blob sha256:143df91a054c3d67ed690e7f87f430247e12263d24f8d216e794a40abed4caa8
Copying blob sha256:3fa2c3ec93bd0d2914f8e021fa5b043ace5a704a440ecd2db626edd260f6a3c8
Copying blob sha256:96c26ef68d364bcbd8f901e4664d7531ebb74699c6d8a69825e5925d8c6696c2
Copying config sha256:21c0269160eae1f56763a0def0f20ffead061334731e5fd18ceb2c7eca36dca5
Writing manifest to image destination
Storing signatures
[linux/arm64] [1/3] STEP 2/8: WORKDIR /opt/app-root
--> Using cache f138705962d11e61edb13d571ef027b5aaab047c990ddb975b6c9bd527be9ff2
--> f138705962d1
[linux/arm64] [1/3] STEP 3/8: USER 0
--> Using cache 61b9a6eeee01e35ad9cddcbb7edcdd161f356f63b32f84c07f8ec25b4736e4c7
--> 61b9a6eeee01
[linux/arm64] [1/3] STEP 4/8: COPY web/package*.json web/
--> ad2b6b6062bc
[linux/arm64] [1/3] STEP 5/8: COPY Makefile Makefile
--> 7cb930293a31
[linux/arm64] [1/3] STEP 6/8: RUN make install-frontend-ci-clean
cd web && npm ci --ignore-scripts --omit=optional
npm warn deprecated rimraf@3.0.2: Rimraf versions prior to v4 are no longer supported
npm warn deprecated popper.js@1.16.1: You can find the new Popper v2 at @popperjs/core, this package is dedicated to the legacy v1
npm warn deprecated inflight@1.0.6: This module is not supported, and leaks memory. Do not use it. Check out lru-cache if you want a good and tested way to coalesce async requests by a key value, which is much more comprehensive and powerful.
npm warn deprecated glob@7.2.3: Glob versions prior to v9 are no longer supported
npm warn deprecated eslint@8.57.1: This version is no longer supported. Please see https://eslint.org/version-support for other options.
npm warn deprecated @humanwhocodes/object-schema@2.0.3: Use @eslint/object-schema instead
npm warn deprecated @humanwhocodes/config-array@0.13.0: Use @eslint/config-array instead
npm warn deprecated rimraf@2.7.1: Rimraf versions prior to v4 are no longer supported

added 1811 packages, and audited 1812 packages in 37s

312 packages are looking for funding
  run `npm fund` for details

40 vulnerabilities (3 low, 19 moderate, 17 high, 1 critical)

To address issues that do not require attention, run:
  npm audit fix

To address all issues possible (including breaking changes), run:
  npm audit fix --force

Some issues need review, and may require choosing
a different dependency.

Run `npm audit` for details.
cd web && npm cache clean --force
npm warn using --force Recommended protections disabled.
--> 4a9148eaacf4
[linux/arm64] [1/3] STEP 7/8: COPY web/ web/
--> 08cd17f547ac
[linux/arm64] [1/3] STEP 8/8: RUN make build-frontend
cd web && npm run build

> distributed-tracing-console-plugin@1.0.0 build
> npm run clean && NODE_ENV=production npm run webpack


> distributed-tracing-console-plugin@1.0.0 clean
> rm -rf dist


> distributed-tracing-console-plugin@1.0.0 webpack
> node -r ts-node/register ./node_modules/.bin/webpack

assets by path assets/ 1.27 MiB
  assets by path assets/*.woff 740 KiB 42 assets
  assets by path assets/*.woff2 565 KiB
    asset assets/inter-latin-ext-600-normal..woff2 35.4 KiB [emitted] [from: ../node_modules/@fontsource/inter/files/inter-latin-ext-600-normal.woff2] (auxiliary id hint: vendors)
    asset assets/inter-latin-ext-700-normal..woff2 35.4 KiB [emitted] [from: ../node_modules/@fontsource/inter/files/inter-latin-ext-700-normal.woff2] (auxiliary id hint: vendors)
    + 40 assets
assets by path *.js 3.3 MiB
  assets by chunk 2.94 MiB (id hint: vendors)
    asset 1907-chunk-a659e32230067e72d6a9.min.js 2.61 MiB [emitted] [immutable] [minimized] [big] (id hint: vendors) 1 related asset
    asset 3864-chunk-29ef05162fade1526552.min.js 121 KiB [emitted] [immutable] [minimized] (id hint: vendors) 1 related asset
    asset 6808-chunk-3dbcba6b79bcfec54e21.min.js 42 KiB [emitted] [immutable] [minimized] (id hint: vendors)
    + 9 assets
  + 67 assets
asset locales/en/plugin__distributed-tracing-console-plugin.json 4.29 KiB [emitted] [from: ../locales/en/plugin__distributed-tracing-console-plugin.json] [copied]
asset plugin-manifest.json 895 bytes [emitted]
orphan modules 21.9 MiB [orphan] 13317 modules
runtime modules 34.7 KiB 14 modules
built modules 10.2 MiB (javascript) 1.27 MiB (asset) 1.6 KiB (consume-shared) 1.39 KiB (share-init) [built]
  javascript modules 10.2 MiB 721 modules
  asset modules 1.27 MiB (asset) 3.45 KiB (javascript)
    modules by path ../node_modules/@fontsource/inter/files/*.woff2 565 KiB (asset) 1.72 KiB (javascript) 42 modules
    modules by path ../node_modules/@fontsource/inter/files/*.woff 740 KiB (asset) 1.72 KiB (javascript) 42 modules
  consume-shared-module modules 1.6 KiB
    modules by path consume shared module (default) @patternfly/ 1.39 KiB 34 modules
    + 5 modules
  provide-module modules 1.39 KiB
    modules by path provide shared module (default) @patternfly/react-core/dist/dynamic/ 924 bytes 22 modules
    modules by path provide shared module (default) @patternfly/react-icons/dist/dynamic/icons/ 504 bytes 12 modules

WARNING in asset size limit: The following asset(s) exceed the recommended size limit (244 KiB).
This can impact web performance.
Assets: 
  1907-chunk-a659e32230067e72d6a9.min.js (2.61 MiB)

webpack 5.105.3 compiled with 1 warning in 64148 ms
--> b42d6f2e8b9f
[linux/amd64] [2/3] STEP 1/11: FROM registry.access.redhat.com/ubi9/go-toolset:1.26 AS go-builder
Trying to pull registry.access.redhat.com/ubi9/go-toolset:1.26...
Getting image source signatures
Checking if image destination supports signatures
Copying blob sha256:56649e4df8eddef4709849b46063574b7ddb22fc98fb75409885c838a4c9d381
Copying blob sha256:9dd7a54704c5a666e57e3f6efc35e90fc6da8ad2923d77d60d1c573ef3315791
Copying blob sha256:5c9af8529e118dd5a8d55d669c48114bfef7c8f5d743e5e560639dfabca3a5f9
Copying blob sha256:d68194b0e4a172e16c5cbb1bc0479d22da58da64d376a5cdb885730c90f6fc5b
Copying config sha256:11c3fc29fb378f2b34bbf7921ad5e41b11f9631214b3369f21fc66619a1c7872
Writing manifest to image destination
Storing signatures
[linux/amd64] [2/3] STEP 2/11: WORKDIR /opt/app-root
--> Using cache cee354c451d26ec48e252e69f6a18fab7e7ba3c3da8f781ab23670ac2f707413
--> cee354c451d2
[linux/amd64] [2/3] STEP 3/11: COPY Makefile Makefile
--> Using cache 42222903f3f514a184a937458d5b13bc3265d6b2e2fa4559b6659baa2c82d24f
--> 42222903f3f5
[linux/amd64] [2/3] STEP 4/11: COPY go.mod go.mod
--> 58b88cc8858c
[linux/amd64] [2/3] STEP 5/11: COPY go.sum go.sum
--> f15f72222847
[linux/amd64] [2/3] STEP 6/11: RUN go mod download
--> 2a1bb437ef98
[linux/amd64] [2/3] STEP 7/11: COPY cmd/ cmd/
--> e977e64a9577
[linux/amd64] [2/3] STEP 8/11: COPY pkg/ pkg/
--> bad994c9d638
[linux/amd64] [2/3] STEP 9/11: ENV GOEXPERIMENT=strictfipsruntime
--> 925f8c6bf51f
[linux/amd64] [2/3] STEP 10/11: ENV CGO_ENABLED=1
--> efec088a1147
[linux/amd64] [2/3] STEP 11/11: RUN make build-backend BUILD_OPTS="-tags strictfipsruntime"
go build -tags strictfipsruntime -o plugin-backend -mod=readonly cmd/plugin-backend.go
--> 95bf68838248
[linux/arm64] [2/3] STEP 1/11: FROM registry.access.redhat.com/ubi9/go-toolset:1.26 AS go-builder
Trying to pull registry.access.redhat.com/ubi9/go-toolset:1.26...
Getting image source signatures
Checking if image destination supports signatures
Copying blob sha256:3b33bd74c459c543768665bc4406a7ec75fd6a2de94164c1ad9968e07c895aaf
Copying blob sha256:3fa2c3ec93bd0d2914f8e021fa5b043ace5a704a440ecd2db626edd260f6a3c8
Copying blob sha256:96c26ef68d364bcbd8f901e4664d7531ebb74699c6d8a69825e5925d8c6696c2
Copying blob sha256:852e434154bbab928ec83bdc7061dee5120584a0c35903abf2b024686bc65eb8
Copying config sha256:c9e40cb14364af57c6c2c0ca7a8afc8b39349b65e751b3062bf52d82bdc297cb
Writing manifest to image destination
Storing signatures
[linux/arm64] [2/3] STEP 2/11: WORKDIR /opt/app-root
--> Using cache b41719939b9ccc27e127d90e34c6d07d71d530c12510c6240a59107642bf4978
--> b41719939b9c
[linux/arm64] [2/3] STEP 3/11: COPY Makefile Makefile
--> Using cache 1d8c8d5d84f15c4083349d516595fe117ac07893401a0853cc149c779a8d630d
--> 1d8c8d5d84f1
[linux/arm64] [2/3] STEP 4/11: COPY go.mod go.mod
--> b1793d4d5295
[linux/arm64] [2/3] STEP 5/11: COPY go.sum go.sum
--> aa4e551be8d2
[linux/arm64] [2/3] STEP 6/11: RUN go mod download
--> 3169b4e90d9f
[linux/arm64] [2/3] STEP 7/11: COPY cmd/ cmd/
--> 620efe70e38d
[linux/arm64] [2/3] STEP 8/11: COPY pkg/ pkg/
--> ae91f8ea897d
[linux/arm64] [2/3] STEP 9/11: ENV GOEXPERIMENT=strictfipsruntime
--> 400405b58d45
[linux/arm64] [2/3] STEP 10/11: ENV CGO_ENABLED=1
--> 9f4f00a6d23b
[linux/arm64] [2/3] STEP 11/11: RUN make build-backend BUILD_OPTS="-tags strictfipsruntime"
go build -tags strictfipsruntime -o plugin-backend -mod=readonly cmd/plugin-backend.go
--> 9b7e73c79d34
[linux/amd64] [3/3] STEP 1/4: FROM registry.access.redhat.com/ubi9/ubi-minimal
Trying to pull registry.access.redhat.com/ubi9/ubi-minimal:latest...
Getting image source signatures
Checking if image destination supports signatures
Copying blob sha256:2943616793071e9fa96e298a7454ac45b7a498df6ca5c681004955a177cdf999
Copying config sha256:e3e6fe3b9c265802d2526c15071f59bd20f2d634fc82b7c633387d2cf2ec1056
Writing manifest to image destination
Storing signatures
[linux/amd64] [3/3] STEP 2/4: COPY --from=web-builder /opt/app-root/web/dist /opt/app-root/web/dist
--> bdfe5733eaab
[linux/amd64] [3/3] STEP 3/4: COPY --from=go-builder /opt/app-root/plugin-backend /opt/app-root
--> 9528f6da0ee7
[linux/amd64] [3/3] STEP 4/4: ENTRYPOINT ["/opt/app-root/plugin-backend", "-static-path", "/opt/app-root/web/dist", "-config-path", "/opt/app-root/web/dist"]
[linux/amd64] [3/3] COMMIT
--> 38cc13ea3e77
[linux/arm64] [3/3] STEP 1/4: FROM registry.access.redhat.com/ubi9/ubi-minimal
Trying to pull registry.access.redhat.com/ubi9/ubi-minimal:latest...
Getting image source signatures
Checking if image destination supports signatures
Copying blob sha256:8289a871631249c9c1a3b2366de832716cd43c77864c245a1c1364a2abeb5704
Copying config sha256:19a5d5dc0e92607939d631511c68a3b399a200a3bfbe6a1dfe726549e1527ae0
Writing manifest to image destination
Storing signatures
38cc13ea3e775e6de9a9ab0a77f4d508e211e3efc0c82eb893ea981fd237df55
[linux/arm64] [3/3] STEP 2/4: COPY --from=web-builder /opt/app-root/web/dist /opt/app-root/web/dist
--> 0b7db5b763a7
[linux/arm64] [3/3] STEP 3/4: COPY --from=go-builder /opt/app-root/plugin-backend /opt/app-root
--> ba3e788f8634
[linux/arm64] [3/3] STEP 4/4: ENTRYPOINT ["/opt/app-root/plugin-backend", "-static-path", "/opt/app-root/web/dist", "-config-path", "/opt/app-root/web/dist"]
[linux/arm64] [3/3] COMMIT
--> 273bb1f84e2f
273bb1f84e2f55742db249277fa45d2543cc0f7e10f6095e98d41e5694816d06
podman manifest push quay.io/openshift-observability-ui/distributed-tracing-console-plugin:v1.0.5
Getting image list signatures
Copying 2 images generated from 2 images in list
Copying image sha256:5f6dcb4dbe5e65f9136198cd3613147c38b28633a830cb22cee11775a935ebb3 (1/2)
Getting image source signatures
Copying blob sha256:56550161697f795bc52c827a70fe1e427be4c6bdf4e3c9b2d560f51c2524b6f3
Copying blob sha256:cbe79d66bf181dee0b6c99a4d16fd22a0e767353ee727c283560bb097a01522d
Copying blob sha256:1a9ead6b4f9a53e644f02fad8187b29dbb29543fbeeab2885d6342f312a90898
Copying config sha256:38cc13ea3e775e6de9a9ab0a77f4d508e211e3efc0c82eb893ea981fd237df55
Writing manifest to image destination
Copying image sha256:7b9e90bf9928a14750e0890e7ed7306678593b30af9770bdce6b3de7de76b043 (2/2)
Getting image source signatures
Copying blob sha256:43105a6900db920b8ea5c4f7da8b7f4a00953598a312b9f5ae40f7cb9bc0f255
Copying blob sha256:5e0c0516b794028658ae88ffcfcd76efa540e4fbc1cd5844aeafbcb20488674a
Copying blob sha256:4cf7dd522feb8877a9d65e8e0d896d60aecd78a02c87cd3f52dd6cdadde61e59
Copying config sha256:273bb1f84e2f55742db249277fa45d2543cc0f7e10f6095e98d41e5694816d06
Writing manifest to image destination
Writing manifest list to image destination
Storing list signatures
==========================================
Building troubleshooting-panel-plugin @ release-coo-ocp-4.19 with VERSION=v0.4.6 ORG=openshift-observability-ui
==========================================
Switched to branch 'release-coo-ocp-4.19'
Your branch is up to date with 'origin/release-coo-ocp-4.19'.
From https://github.com/openshift/troubleshooting-panel-console-plugin
 * branch            release-coo-ocp-4.19 -> FETCH_HEAD
Already up to date.
--- Attempt 1/3 ---
podman manifest rm quay.io/openshift-observability-ui/troubleshooting-panel-console-plugin:v0.4.6 || true
Error: quay.io/openshift-observability-ui/troubleshooting-panel-console-plugin:v0.4.6: image not known
podman manifest create quay.io/openshift-observability-ui/troubleshooting-panel-console-plugin:v0.4.6
c16859d4f48977faf2dae9386847cc20c8369db9d50f39515007673093e0babb
podman build --platform=linux/arm64,linux/amd64 --manifest quay.io/openshift-observability-ui/troubleshooting-panel-console-plugin:v0.4.6 -f Dockerfile
[linux/amd64] [1/3] STEP 1/8: FROM registry.access.redhat.com/ubi9/nodejs-22:latest AS web-builder
Trying to pull registry.access.redhat.com/ubi9/nodejs-22:latest...
Getting image source signatures
Checking if image destination supports signatures
Copying blob sha256:d74f03e958176d9f637ef3f0c60d433f7a81709a1fe56c62d203eef3a536739e
Copying blob sha256:56649e4df8eddef4709849b46063574b7ddb22fc98fb75409885c838a4c9d381
Copying blob sha256:5c9af8529e118dd5a8d55d669c48114bfef7c8f5d743e5e560639dfabca3a5f9
Copying config sha256:0f7698e0407d0631a81bf20e78ec1d23de169a3b85762c7d4d6c629fe8f1d963
Writing manifest to image destination
Storing signatures
[linux/amd64] [1/3] STEP 2/8: WORKDIR /opt/app-root
--> Using cache b22f0152de7eae01284befccc688cd7f0aac90f9a9f14475c9c86519977a6ea1
--> b22f0152de7e
[linux/amd64] [1/3] STEP 3/8: USER 0
--> Using cache ed155e792b6cd464124a716b1ae9cfb467dea71e7ba8606efa9aabf472452497
--> ed155e792b6c
[linux/amd64] [1/3] STEP 4/8: COPY web/package*.json web/
--> 413ab742b370
[linux/amd64] [1/3] STEP 5/8: COPY Makefile Makefile
--> b826c2329e3a
[linux/amd64] [1/3] STEP 6/8: RUN make install-frontend
cd web && npm install
npm warn deprecated whatwg-encoding@3.1.1: Use @exodus/bytes instead for a more spec-conformant and faster implementation
npm warn deprecated rimraf@3.0.2: Rimraf versions prior to v4 are no longer supported
npm warn deprecated inflight@1.0.6: This module is not supported, and leaks memory. Do not use it. Check out lru-cache if you want a good and tested way to coalesce async requests by a key value, which is much more comprehensive and powerful.
npm warn deprecated glob@7.2.3: Glob versions prior to v9 are no longer supported
npm warn deprecated domexception@4.0.0: Use your platform's native DOMException instead
npm warn deprecated abab@2.0.6: Use your platform's native atob() and btoa() methods instead
npm warn deprecated popper.js@1.16.1: You can find the new Popper v2 at @popperjs/core, this package is dedicated to the legacy v1
npm warn deprecated @humanwhocodes/config-array@0.13.0: Use @eslint/config-array instead
npm warn deprecated @fortawesome/react-fontawesome@0.2.6: v0.2.x is no longer supported. Unless you are still using FontAwesome 5, please update to v3.1.1 or greater.
npm warn deprecated @humanwhocodes/object-schema@2.0.3: Use @eslint/object-schema instead
npm warn deprecated whatwg-encoding@2.0.0: Use @exodus/bytes instead for a more spec-conformant and faster implementation
npm warn deprecated whatwg-encoding@2.0.0: Use @exodus/bytes instead for a more spec-conformant and faster implementation
npm warn deprecated eslint@8.57.1: This version is no longer supported. Please see https://eslint.org/version-support for other options.

added 1721 packages, and audited 1722 packages in 1m

315 packages are looking for funding
  run `npm fund` for details

21 vulnerabilities (3 low, 7 moderate, 10 high, 1 critical)

To address issues that do not require attention, run:
  npm audit fix

To address all issues (including breaking changes), run:
  npm audit fix --force

Run `npm audit` for details.
--> 33b8d7547f2f
[linux/amd64] [1/3] STEP 7/8: COPY web/ web/
--> f8f532885723
[linux/amd64] [1/3] STEP 8/8: RUN make build-frontend
cd web && npm run lint && npm run lint:tsc

> troubleshooting-panel-console-plugin@0.4.0 lint
> eslint ./src --fix &&  stylelint "src/**/*.css" --allow-empty-input --fix


> troubleshooting-panel-console-plugin@0.4.0 lint:tsc
> tsc --noEmit

cd web && npm run i18n && npm run build

> troubleshooting-panel-console-plugin@0.4.0 i18n
> i18n-scripts/build-i18n.sh && node i18n-scripts/set-english-defaults.js

+ FILE_PATTERN='{!(dist|node_modules)/**/*.{js,jsx,ts,tsx,json},*.{js,jsx,ts,tsx,json}}'
+ i18next '{!(dist|node_modules)/**/*.{js,jsx,ts,tsx,json},*.{js,jsx,ts,tsx,json}}' '[-oc]' -c ./i18next-parser.config.js -o 'locales/$LOCALE/$NAMESPACE.json'

  i18next Parser
  --------------
  Input:  {!(dist|node_modules)/**/*.{js,jsx,ts,tsx,json},*.{js,jsx,ts,tsx,json}}, [-oc]
  Output: locales/$LOCALE/$NAMESPACE.json

  [read]    /opt/app-root/web/console-extensions.json
  [read]    /opt/app-root/web/cypress.config.ts
  [read]    /opt/app-root/web/cypress/e2e/acceptance.cy.ts
  [read]    /opt/app-root/web/cypress/fixtures/data-test.ts
  [read]    /opt/app-root/web/cypress/support/commands/auth-commands.ts
  [read]    /opt/app-root/web/cypress/support/commands/env.ts
  [read]    /opt/app-root/web/cypress/support/commands/selector-commands.ts
  [read]    /opt/app-root/web/cypress/support/commands/troubeshoot-commands.ts
  [read]    /opt/app-root/web/cypress/support/commands/utility-commands.ts
  [read]    /opt/app-root/web/cypress/support/e2e.ts
  [read]    /opt/app-root/web/cypress/tsconfig.json
  [read]    /opt/app-root/web/cypress/views/nav.ts
  [read]    /opt/app-root/web/cypress/views/tour.ts
  [read]    /opt/app-root/web/cypress/views/utils.ts
  [read]    /opt/app-root/web/i18n-scripts/common.js
  [read]    /opt/app-root/web/i18n-scripts/set-english-defaults.js
  [read]    /opt/app-root/web/i18next-parser.config.js
  [read]    /opt/app-root/web/jest.config.js
  [read]    /opt/app-root/web/locales/en/plugin__troubleshooting-panel-console-plugin.json
  [read]    /opt/app-root/web/package-lock.json
  [read]    /opt/app-root/web/package.json
  [read]    /opt/app-root/web/src/__tests__/alert.spec.ts
  [read]    /opt/app-root/web/src/__tests__/all-domains.spec.ts
  [read]    /opt/app-root/web/src/__tests__/icons-preview.spec.tsx
  [read]    /opt/app-root/web/src/__tests__/k8s.spec.ts
  [read]    /opt/app-root/web/src/__tests__/log.spec.ts
  [read]    /opt/app-root/web/src/__tests__/metric.spec.ts
  [read]    /opt/app-root/web/src/__tests__/netflow.spec.ts
  [read]    /opt/app-root/web/src/__tests__/time.spec.ts
  [read]    /opt/app-root/web/src/__tests__/trace.spec.ts
  [read]    /opt/app-root/web/src/__tests__/types.spec.ts
  [read]    /opt/app-root/web/src/cancellable-fetch.ts
  [read]    /opt/app-root/web/src/components/AdvancedSearchForm.tsx
  [read]    /opt/app-root/web/src/components/DateTimePicker.tsx
  [read]    /opt/app-root/web/src/components/DateTimeRangePicker.tsx
  [read]    /opt/app-root/web/src/components/HelpPopover.tsx
  [read]    /opt/app-root/web/src/components/icons.tsx
  [read]    /opt/app-root/web/src/components/Korrel8rPanel.tsx
  [read]    /opt/app-root/web/src/components/KubernetesIcon.tsx
  [read]    /opt/app-root/web/src/components/NullContextProvider.tsx
  [read]    /opt/app-root/web/src/components/Popover.tsx
  [read]    /opt/app-root/web/src/components/TimeRangeDropdown.tsx
  [warning] Key is not a string literal
  [read]    /opt/app-root/web/src/components/TimeUnitPicker.tsx
  [read]    /opt/app-root/web/src/components/topology/Korrel8rTopology.tsx
  [read]    /opt/app-root/web/src/getResources.ts
  [read]    /opt/app-root/web/src/hooks/useBoolean.ts
  [read]    /opt/app-root/web/src/hooks/useDomains.tsx
  [read]    /opt/app-root/web/src/hooks/useKorrel8r.ts
  [read]    /opt/app-root/web/src/hooks/useLocationQuery.ts
  [read]    /opt/app-root/web/src/hooks/useNavigateToQuery.ts
  [read]    /opt/app-root/web/src/hooks/usePluginAvailable.ts
  [read]    /opt/app-root/web/src/hooks/usePopover.tsx
  [read]    /opt/app-root/web/src/hooks/useTroubleshootingPanel.tsx
  [read]    /opt/app-root/web/src/korrel8r-client.ts
  [read]    /opt/app-root/web/src/korrel8r/alert.ts
  [read]    /opt/app-root/web/src/korrel8r/all-domains.ts
  [read]    /opt/app-root/web/src/korrel8r/client/core/ApiError.ts
  [read]    /opt/app-root/web/src/korrel8r/client/core/ApiRequestOptions.ts
  [read]    /opt/app-root/web/src/korrel8r/client/core/ApiResult.ts
  [read]    /opt/app-root/web/src/korrel8r/client/core/BaseHttpRequest.ts
  [read]    /opt/app-root/web/src/korrel8r/client/core/CancelablePromise.ts
  [read]    /opt/app-root/web/src/korrel8r/client/core/FetchHttpRequest.ts
  [read]    /opt/app-root/web/src/korrel8r/client/core/OpenAPI.ts
  [read]    /opt/app-root/web/src/korrel8r/client/core/request.ts
  [read]    /opt/app-root/web/src/korrel8r/client/index.ts
  [read]    /opt/app-root/web/src/korrel8r/client/Korrel8rClient.ts
  [read]    /opt/app-root/web/src/korrel8r/client/models/Constraint.ts
  [read]    /opt/app-root/web/src/korrel8r/client/models/Domain.ts
  [read]    /opt/app-root/web/src/korrel8r/client/models/Edge.ts
  [read]    /opt/app-root/web/src/korrel8r/client/models/Goals.ts
  [read]    /opt/app-root/web/src/korrel8r/client/models/Graph.ts
  [read]    /opt/app-root/web/src/korrel8r/client/models/Neighbours.ts
  [read]    /opt/app-root/web/src/korrel8r/client/models/Node.ts
  [read]    /opt/app-root/web/src/korrel8r/client/models/QueryCount.ts
  [read]    /opt/app-root/web/src/korrel8r/client/models/Rule.ts
  [read]    /opt/app-root/web/src/korrel8r/client/models/Start.ts
  [read]    /opt/app-root/web/src/korrel8r/client/models/Store.ts
  [read]    /opt/app-root/web/src/korrel8r/client/services/DefaultService.ts
  [read]    /opt/app-root/web/src/korrel8r/k8s.ts
  [read]    /opt/app-root/web/src/korrel8r/log.ts
  [read]    /opt/app-root/web/src/korrel8r/metric.ts
  [read]    /opt/app-root/web/src/korrel8r/netflow.ts
  [read]    /opt/app-root/web/src/korrel8r/trace.ts
  [read]    /opt/app-root/web/src/korrel8r/types.ts
  [read]    /opt/app-root/web/src/redux-actions.ts
  [read]    /opt/app-root/web/src/redux-reducers.ts
  [read]    /opt/app-root/web/src/time.ts
  [read]    /opt/app-root/web/tsconfig.json
  [read]    /opt/app-root/web/webpack.config.ts
  [write]   /opt/app-root/web/locales/en/plugin__troubleshooting-panel-console-plugin.json

  Stats:  89 files were parsed

> troubleshooting-panel-console-plugin@0.4.0 build
> npm run clean && npm run ts-node node_modules/.bin/webpack


> troubleshooting-panel-console-plugin@0.4.0 clean
> rm -rf dist


> troubleshooting-panel-console-plugin@0.4.0 ts-node
> ts-node -O '{"module":"commonjs"}' node_modules/.bin/webpack

assets by path *.js 4.38 MiB
  assets by chunk 3.5 MiB (id hint: vendors)
    asset vendors-node_modules_fortawesome_react-fontawesome_index_es_js-node_modules_patternfly_react--e1c2c2-chunk.js 1.26 MiB [emitted] (id hint: vendors) 1 related asset
    asset vendors-node_modules_patternfly_react-core_dist_esm_helpers_Popper_Popper_js-chunk.js 1.04 MiB [emitted] (id hint: vendors) 1 related asset
    asset vendors-node_modules_immutable_dist_immutable_es_js-node_modules_typesafe-actions_dist_typesa-cdf261-chunk.js 183 KiB [emitted] (id hint: vendors) 1 related asset
    asset vendors-node_modules_openshift-console_dynamic-plugin-sdk_lib_utils_fetch_console-fetch-utils-7ba8c2-chunk.js 161 KiB [emitted] (id hint: vendors) 1 related asset
    asset vendors-node_modules_patternfly_react-core_dist_esm_components_DatePicker_index_js-chunk.js 94.8 KiB [emitted] (id hint: vendors) 1 related asset
    asset vendors-node_modules_patternfly_react-core_dist_esm_components_Menu_Menu_js-node_modules_patt-b35725-chunk.js 90.8 KiB [emitted] (id hint: vendors) 1 related asset
    asset vendors-node_modules_patternfly_react-core_dist_esm_helpers_FocusTrap_FocusTrap_js-node_modul-246622-chunk.js 80.1 KiB [emitted] (id hint: vendors) 1 related asset
    asset vendors-node_modules_patternfly_react-core_dist_esm_components_Form_index_js-chunk.js 63.3 KiB [emitted] (id hint: vendors) 1 related asset
    asset vendors-node_modules_patternfly_react-core_dist_esm_components_TimePicker_index_js-chunk.js 56.3 KiB [emitted] (id hint: vendors) 1 related asset
    + 13 assets
  + 76 assets
asset locales/en/plugin__troubleshooting-panel-console-plugin.json 3.35 KiB [emitted] [from: ../locales/en/plugin__troubleshooting-panel-console-plugin.json] [copied]
asset plugin-manifest.json 1.19 KiB [emitted]
orphan modules 13 KiB [orphan] 47 modules
runtime modules 81.9 KiB 12 modules
javascript modules 3.04 MiB 362 modules
consume-shared-module modules 1.89 KiB
  modules by path consume shared module (default) @patternfly/ 1.68 KiB 41 modules
  + 5 modules
provide-module modules 1.64 KiB
  modules by path provide shared module (default) @patternfly/react-core/dist/dynamic/ 1.11 KiB 27 modules
  modules by path provide shared module (default) @patternfly/react-icons/dist/dynamic/icons/ 546 bytes
    provide shared module (default) @patternfly/react-icons/dist/dynamic/icons/atten...(truncated) 42 bytes [built] [code generated]
    provide shared module (default) @patternfly/react-icons/dist/dynamic/icons/clust...(truncated) 42 bytes [built] [code generated]
    + 11 modules
../node_modules/@fortawesome/fontawesome-svg-core/package.json 1.39 KiB [optional] [built] [code generated]

LOG from @openshift-console/dynamic-plugin-sdk-webpack/lib/webpack/loaders/dynamic-module-import-loader ../node_modules/ts-loader/index.js??ruleSet[1].rules[0].use[0]!./components/KubernetesIcon.tsx
<w> Non-index and non-dynamic module import @patternfly/react-icons/dist/esm/createIcon

webpack 5.104.1 compiled successfully in 20547 ms
--> cf07bd4ed641
[linux/arm64] [1/3] STEP 1/8: FROM registry.access.redhat.com/ubi9/nodejs-22:latest AS web-builder
Trying to pull registry.access.redhat.com/ubi9/nodejs-22:latest...
Getting image source signatures
Checking if image destination supports signatures
Copying blob sha256:143df91a054c3d67ed690e7f87f430247e12263d24f8d216e794a40abed4caa8
Copying blob sha256:3fa2c3ec93bd0d2914f8e021fa5b043ace5a704a440ecd2db626edd260f6a3c8
Copying blob sha256:96c26ef68d364bcbd8f901e4664d7531ebb74699c6d8a69825e5925d8c6696c2
Copying config sha256:21c0269160eae1f56763a0def0f20ffead061334731e5fd18ceb2c7eca36dca5
Writing manifest to image destination
Storing signatures
[linux/arm64] [1/3] STEP 2/8: WORKDIR /opt/app-root
--> Using cache f138705962d11e61edb13d571ef027b5aaab047c990ddb975b6c9bd527be9ff2
--> f138705962d1
[linux/arm64] [1/3] STEP 3/8: USER 0
--> Using cache 61b9a6eeee01e35ad9cddcbb7edcdd161f356f63b32f84c07f8ec25b4736e4c7
--> 61b9a6eeee01
[linux/arm64] [1/3] STEP 4/8: COPY web/package*.json web/
--> b039153474b8
[linux/arm64] [1/3] STEP 5/8: COPY Makefile Makefile
--> bdfac1d6354a
[linux/arm64] [1/3] STEP 6/8: RUN make install-frontend
cd web && npm install
npm warn deprecated whatwg-encoding@3.1.1: Use @exodus/bytes instead for a more spec-conformant and faster implementation
npm warn deprecated rimraf@3.0.2: Rimraf versions prior to v4 are no longer supported
npm warn deprecated popper.js@1.16.1: You can find the new Popper v2 at @popperjs/core, this package is dedicated to the legacy v1
npm warn deprecated inflight@1.0.6: This module is not supported, and leaks memory. Do not use it. Check out lru-cache if you want a good and tested way to coalesce async requests by a key value, which is much more comprehensive and powerful.
npm warn deprecated glob@7.2.3: Glob versions prior to v9 are no longer supported
npm warn deprecated domexception@4.0.0: Use your platform's native DOMException instead
npm warn deprecated abab@2.0.6: Use your platform's native atob() and btoa() methods instead
npm warn deprecated eslint@8.57.1: This version is no longer supported. Please see https://eslint.org/version-support for other options.
npm warn deprecated @humanwhocodes/object-schema@2.0.3: Use @eslint/object-schema instead
npm warn deprecated @humanwhocodes/config-array@0.13.0: Use @eslint/config-array instead
npm warn deprecated @fortawesome/react-fontawesome@0.2.6: v0.2.x is no longer supported. Unless you are still using FontAwesome 5, please update to v3.1.1 or greater.
npm warn deprecated whatwg-encoding@2.0.0: Use @exodus/bytes instead for a more spec-conformant and faster implementation
npm warn deprecated whatwg-encoding@2.0.0: Use @exodus/bytes instead for a more spec-conformant and faster implementation

added 1721 packages, and audited 1722 packages in 54s

315 packages are looking for funding
  run `npm fund` for details

21 vulnerabilities (3 low, 7 moderate, 10 high, 1 critical)

To address issues that do not require attention, run:
  npm audit fix

To address all issues (including breaking changes), run:
  npm audit fix --force

Run `npm audit` for details.
--> 41e5f68d900a
[linux/arm64] [1/3] STEP 7/8: COPY web/ web/
--> 0ef38f7848bd
[linux/arm64] [1/3] STEP 8/8: RUN make build-frontend
cd web && npm run lint && npm run lint:tsc

> troubleshooting-panel-console-plugin@0.4.0 lint
> eslint ./src --fix &&  stylelint "src/**/*.css" --allow-empty-input --fix


> troubleshooting-panel-console-plugin@0.4.0 lint:tsc
> tsc --noEmit

cd web && npm run i18n && npm run build

> troubleshooting-panel-console-plugin@0.4.0 i18n
> i18n-scripts/build-i18n.sh && node i18n-scripts/set-english-defaults.js

+ FILE_PATTERN='{!(dist|node_modules)/**/*.{js,jsx,ts,tsx,json},*.{js,jsx,ts,tsx,json}}'
+ i18next '{!(dist|node_modules)/**/*.{js,jsx,ts,tsx,json},*.{js,jsx,ts,tsx,json}}' '[-oc]' -c ./i18next-parser.config.js -o 'locales/$LOCALE/$NAMESPACE.json'

  i18next Parser
  --------------
  Input:  {!(dist|node_modules)/**/*.{js,jsx,ts,tsx,json},*.{js,jsx,ts,tsx,json}}, [-oc]
  Output: locales/$LOCALE/$NAMESPACE.json

  [read]    /opt/app-root/web/console-extensions.json
  [read]    /opt/app-root/web/cypress.config.ts
  [read]    /opt/app-root/web/cypress/e2e/acceptance.cy.ts
  [read]    /opt/app-root/web/cypress/fixtures/data-test.ts
  [read]    /opt/app-root/web/cypress/support/commands/auth-commands.ts
  [read]    /opt/app-root/web/cypress/support/commands/env.ts
  [read]    /opt/app-root/web/cypress/support/commands/selector-commands.ts
  [read]    /opt/app-root/web/cypress/support/commands/troubeshoot-commands.ts
  [read]    /opt/app-root/web/cypress/support/commands/utility-commands.ts
  [read]    /opt/app-root/web/cypress/support/e2e.ts
  [read]    /opt/app-root/web/cypress/tsconfig.json
  [read]    /opt/app-root/web/cypress/views/nav.ts
  [read]    /opt/app-root/web/cypress/views/tour.ts
  [read]    /opt/app-root/web/cypress/views/utils.ts
  [read]    /opt/app-root/web/i18n-scripts/common.js
  [read]    /opt/app-root/web/i18n-scripts/set-english-defaults.js
  [read]    /opt/app-root/web/i18next-parser.config.js
  [read]    /opt/app-root/web/jest.config.js
  [read]    /opt/app-root/web/locales/en/plugin__troubleshooting-panel-console-plugin.json
  [read]    /opt/app-root/web/package-lock.json
  [read]    /opt/app-root/web/package.json
  [read]    /opt/app-root/web/src/__tests__/alert.spec.ts
  [read]    /opt/app-root/web/src/__tests__/all-domains.spec.ts
  [read]    /opt/app-root/web/src/__tests__/icons-preview.spec.tsx
  [read]    /opt/app-root/web/src/__tests__/k8s.spec.ts
  [read]    /opt/app-root/web/src/__tests__/log.spec.ts
  [read]    /opt/app-root/web/src/__tests__/metric.spec.ts
  [read]    /opt/app-root/web/src/__tests__/netflow.spec.ts
  [read]    /opt/app-root/web/src/__tests__/time.spec.ts
  [read]    /opt/app-root/web/src/__tests__/trace.spec.ts
  [read]    /opt/app-root/web/src/__tests__/types.spec.ts
  [read]    /opt/app-root/web/src/cancellable-fetch.ts
  [read]    /opt/app-root/web/src/components/AdvancedSearchForm.tsx
  [read]    /opt/app-root/web/src/components/DateTimePicker.tsx
  [read]    /opt/app-root/web/src/components/DateTimeRangePicker.tsx
  [read]    /opt/app-root/web/src/components/HelpPopover.tsx
  [read]    /opt/app-root/web/src/components/icons.tsx
  [read]    /opt/app-root/web/src/components/Korrel8rPanel.tsx
  [read]    /opt/app-root/web/src/components/KubernetesIcon.tsx
  [read]    /opt/app-root/web/src/components/NullContextProvider.tsx
  [read]    /opt/app-root/web/src/components/Popover.tsx
  [read]    /opt/app-root/web/src/components/TimeRangeDropdown.tsx
  [warning] Key is not a string literal
  [read]    /opt/app-root/web/src/components/TimeUnitPicker.tsx
  [read]    /opt/app-root/web/src/components/topology/Korrel8rTopology.tsx
  [read]    /opt/app-root/web/src/getResources.ts
  [read]    /opt/app-root/web/src/hooks/useBoolean.ts
  [read]    /opt/app-root/web/src/hooks/useDomains.tsx
  [read]    /opt/app-root/web/src/hooks/useKorrel8r.ts
  [read]    /opt/app-root/web/src/hooks/useLocationQuery.ts
  [read]    /opt/app-root/web/src/hooks/useNavigateToQuery.ts
  [read]    /opt/app-root/web/src/hooks/usePluginAvailable.ts
  [read]    /opt/app-root/web/src/hooks/usePopover.tsx
  [read]    /opt/app-root/web/src/hooks/useTroubleshootingPanel.tsx
  [read]    /opt/app-root/web/src/korrel8r-client.ts
  [read]    /opt/app-root/web/src/korrel8r/alert.ts
  [read]    /opt/app-root/web/src/korrel8r/all-domains.ts
  [read]    /opt/app-root/web/src/korrel8r/client/core/ApiError.ts
  [read]    /opt/app-root/web/src/korrel8r/client/core/ApiRequestOptions.ts
  [read]    /opt/app-root/web/src/korrel8r/client/core/ApiResult.ts
  [read]    /opt/app-root/web/src/korrel8r/client/core/BaseHttpRequest.ts
  [read]    /opt/app-root/web/src/korrel8r/client/core/CancelablePromise.ts
  [read]    /opt/app-root/web/src/korrel8r/client/core/FetchHttpRequest.ts
  [read]    /opt/app-root/web/src/korrel8r/client/core/OpenAPI.ts
  [read]    /opt/app-root/web/src/korrel8r/client/core/request.ts
  [read]    /opt/app-root/web/src/korrel8r/client/index.ts
  [read]    /opt/app-root/web/src/korrel8r/client/Korrel8rClient.ts
  [read]    /opt/app-root/web/src/korrel8r/client/models/Constraint.ts
  [read]    /opt/app-root/web/src/korrel8r/client/models/Domain.ts
  [read]    /opt/app-root/web/src/korrel8r/client/models/Edge.ts
  [read]    /opt/app-root/web/src/korrel8r/client/models/Goals.ts
  [read]    /opt/app-root/web/src/korrel8r/client/models/Graph.ts
  [read]    /opt/app-root/web/src/korrel8r/client/models/Neighbours.ts
  [read]    /opt/app-root/web/src/korrel8r/client/models/Node.ts
  [read]    /opt/app-root/web/src/korrel8r/client/models/QueryCount.ts
  [read]    /opt/app-root/web/src/korrel8r/client/models/Rule.ts
  [read]    /opt/app-root/web/src/korrel8r/client/models/Start.ts
  [read]    /opt/app-root/web/src/korrel8r/client/models/Store.ts
  [read]    /opt/app-root/web/src/korrel8r/client/services/DefaultService.ts
  [read]    /opt/app-root/web/src/korrel8r/k8s.ts
  [read]    /opt/app-root/web/src/korrel8r/log.ts
  [read]    /opt/app-root/web/src/korrel8r/metric.ts
  [read]    /opt/app-root/web/src/korrel8r/netflow.ts
  [read]    /opt/app-root/web/src/korrel8r/trace.ts
  [read]    /opt/app-root/web/src/korrel8r/types.ts
  [read]    /opt/app-root/web/src/redux-actions.ts
  [read]    /opt/app-root/web/src/redux-reducers.ts
  [read]    /opt/app-root/web/src/time.ts
  [read]    /opt/app-root/web/tsconfig.json
  [read]    /opt/app-root/web/webpack.config.ts
  [write]   /opt/app-root/web/locales/en/plugin__troubleshooting-panel-console-plugin.json

  Stats:  89 files were parsed

> troubleshooting-panel-console-plugin@0.4.0 build
> npm run clean && npm run ts-node node_modules/.bin/webpack


> troubleshooting-panel-console-plugin@0.4.0 clean
> rm -rf dist


> troubleshooting-panel-console-plugin@0.4.0 ts-node
> ts-node -O '{"module":"commonjs"}' node_modules/.bin/webpack

assets by path *.js 4.38 MiB
  assets by chunk 3.5 MiB (id hint: vendors)
    asset vendors-node_modules_fortawesome_react-fontawesome_index_es_js-node_modules_patternfly_react--e1c2c2-chunk.js 1.26 MiB [emitted] (id hint: vendors) 1 related asset
    asset vendors-node_modules_patternfly_react-core_dist_esm_helpers_Popper_Popper_js-chunk.js 1.04 MiB [emitted] (id hint: vendors) 1 related asset
    asset vendors-node_modules_immutable_dist_immutable_es_js-node_modules_typesafe-actions_dist_typesa-cdf261-chunk.js 183 KiB [emitted] (id hint: vendors) 1 related asset
    asset vendors-node_modules_openshift-console_dynamic-plugin-sdk_lib_utils_fetch_console-fetch-utils-7ba8c2-chunk.js 161 KiB [emitted] (id hint: vendors) 1 related asset
    asset vendors-node_modules_patternfly_react-core_dist_esm_components_DatePicker_index_js-chunk.js 94.8 KiB [emitted] (id hint: vendors) 1 related asset
    asset vendors-node_modules_patternfly_react-core_dist_esm_components_Menu_Menu_js-node_modules_patt-b35725-chunk.js 90.8 KiB [emitted] (id hint: vendors) 1 related asset
    asset vendors-node_modules_patternfly_react-core_dist_esm_helpers_FocusTrap_FocusTrap_js-node_modul-246622-chunk.js 80.1 KiB [emitted] (id hint: vendors) 1 related asset
    asset vendors-node_modules_patternfly_react-core_dist_esm_components_Form_index_js-chunk.js 63.3 KiB [emitted] (id hint: vendors) 1 related asset
    asset vendors-node_modules_patternfly_react-core_dist_esm_components_TimePicker_index_js-chunk.js 56.3 KiB [emitted] (id hint: vendors) 1 related asset
    + 13 assets
  + 76 assets
asset locales/en/plugin__troubleshooting-panel-console-plugin.json 3.35 KiB [emitted] [from: ../locales/en/plugin__troubleshooting-panel-console-plugin.json] [copied]
asset plugin-manifest.json 1.19 KiB [emitted]
orphan modules 13 KiB [orphan] 47 modules
runtime modules 81.9 KiB 12 modules
javascript modules 3.04 MiB 362 modules
consume-shared-module modules 1.89 KiB
  modules by path consume shared module (default) @patternfly/ 1.68 KiB 41 modules
  + 5 modules
provide-module modules 1.64 KiB
  modules by path provide shared module (default) @patternfly/react-core/dist/dynamic/ 1.11 KiB 27 modules
  modules by path provide shared module (default) @patternfly/react-icons/dist/dynamic/icons/ 546 bytes
    provide shared module (default) @patternfly/react-icons/dist/dynamic/icons/atten...(truncated) 42 bytes [built] [code generated]
    provide shared module (default) @patternfly/react-icons/dist/dynamic/icons/clust...(truncated) 42 bytes [built] [code generated]
    + 11 modules
../node_modules/@fortawesome/fontawesome-svg-core/package.json 1.39 KiB [optional] [built] [code generated]

LOG from @openshift-console/dynamic-plugin-sdk-webpack/lib/webpack/loaders/dynamic-module-import-loader ../node_modules/ts-loader/index.js??ruleSet[1].rules[0].use[0]!./components/KubernetesIcon.tsx
<w> Non-index and non-dynamic module import @patternfly/react-icons/dist/esm/createIcon

webpack 5.104.1 compiled successfully in 13301 ms
--> 2ad4f70e833d
[linux/amd64] [2/3] STEP 1/11: FROM registry.access.redhat.com/ubi9/go-toolset:1.26 AS go-builder
Trying to pull registry.access.redhat.com/ubi9/go-toolset:1.26...
Getting image source signatures
Checking if image destination supports signatures
Copying blob sha256:9dd7a54704c5a666e57e3f6efc35e90fc6da8ad2923d77d60d1c573ef3315791
Copying blob sha256:56649e4df8eddef4709849b46063574b7ddb22fc98fb75409885c838a4c9d381
Copying blob sha256:5c9af8529e118dd5a8d55d669c48114bfef7c8f5d743e5e560639dfabca3a5f9
Copying blob sha256:d68194b0e4a172e16c5cbb1bc0479d22da58da64d376a5cdb885730c90f6fc5b
Copying config sha256:11c3fc29fb378f2b34bbf7921ad5e41b11f9631214b3369f21fc66619a1c7872
Writing manifest to image destination
Storing signatures
[linux/amd64] [2/3] STEP 2/11: WORKDIR /opt/app-root
--> Using cache cee354c451d26ec48e252e69f6a18fab7e7ba3c3da8f781ab23670ac2f707413
--> cee354c451d2
[linux/amd64] [2/3] STEP 3/11: COPY Makefile Makefile
--> fb4534bf01a2
[linux/amd64] [2/3] STEP 4/11: COPY go.mod go.mod
--> bd7c658fbaf2
[linux/amd64] [2/3] STEP 5/11: COPY go.sum go.sum
--> e73bba7e6a95
[linux/amd64] [2/3] STEP 6/11: RUN go mod download
--> 73144a68b6b1
[linux/amd64] [2/3] STEP 7/11: COPY cmd/ cmd/
--> e2d16646bccc
[linux/amd64] [2/3] STEP 8/11: COPY pkg/ pkg/
--> 7455a6811cf3
[linux/amd64] [2/3] STEP 9/11: ENV GOEXPERIMENT=strictfipsruntime
--> 38c7379322a7
[linux/amd64] [2/3] STEP 10/11: ENV CGO_ENABLED=1
--> 404fc3903954
[linux/amd64] [2/3] STEP 11/11: RUN make build-backend BUILD_OPTS="-tags strictfipsruntime"
go build -tags strictfipsruntime -o plugin-backend -mod=readonly cmd/plugin-backend.go
--> 1a470e68b084
[linux/arm64] [2/3] STEP 1/11: FROM registry.access.redhat.com/ubi9/go-toolset:1.26 AS go-builder
Trying to pull registry.access.redhat.com/ubi9/go-toolset:1.26...
Getting image source signatures
Checking if image destination supports signatures
Copying blob sha256:3b33bd74c459c543768665bc4406a7ec75fd6a2de94164c1ad9968e07c895aaf
Copying blob sha256:96c26ef68d364bcbd8f901e4664d7531ebb74699c6d8a69825e5925d8c6696c2
Copying blob sha256:3fa2c3ec93bd0d2914f8e021fa5b043ace5a704a440ecd2db626edd260f6a3c8
Copying blob sha256:852e434154bbab928ec83bdc7061dee5120584a0c35903abf2b024686bc65eb8
Copying config sha256:c9e40cb14364af57c6c2c0ca7a8afc8b39349b65e751b3062bf52d82bdc297cb
Writing manifest to image destination
Storing signatures
[linux/arm64] [2/3] STEP 2/11: WORKDIR /opt/app-root
--> Using cache b41719939b9ccc27e127d90e34c6d07d71d530c12510c6240a59107642bf4978
--> b41719939b9c
[linux/arm64] [2/3] STEP 3/11: COPY Makefile Makefile
--> 622e79620a29
[linux/arm64] [2/3] STEP 4/11: COPY go.mod go.mod
--> faf6f819ba87
[linux/arm64] [2/3] STEP 5/11: COPY go.sum go.sum
--> 997f6596aad3
[linux/arm64] [2/3] STEP 6/11: RUN go mod download
--> fde62ae0ac54
[linux/arm64] [2/3] STEP 7/11: COPY cmd/ cmd/
--> a5edaf41b10b
[linux/arm64] [2/3] STEP 8/11: COPY pkg/ pkg/
--> 0c0a92184756
[linux/arm64] [2/3] STEP 9/11: ENV GOEXPERIMENT=strictfipsruntime
--> fd18b5ce2628
[linux/arm64] [2/3] STEP 10/11: ENV CGO_ENABLED=1
--> e8e061680d31
[linux/arm64] [2/3] STEP 11/11: RUN make build-backend BUILD_OPTS="-tags strictfipsruntime"
go build -tags strictfipsruntime -o plugin-backend -mod=readonly cmd/plugin-backend.go
--> 7901fbb7ca5e
[linux/amd64] [3/3] STEP 1/4: FROM registry.access.redhat.com/ubi9/ubi-minimal
Trying to pull registry.access.redhat.com/ubi9/ubi-minimal:latest...
Getting image source signatures
Checking if image destination supports signatures
Copying blob sha256:2943616793071e9fa96e298a7454ac45b7a498df6ca5c681004955a177cdf999
Copying config sha256:e3e6fe3b9c265802d2526c15071f59bd20f2d634fc82b7c633387d2cf2ec1056
Writing manifest to image destination
Storing signatures
[linux/amd64] [3/3] STEP 2/4: COPY --from=web-builder /opt/app-root/web/dist /opt/app-root/web/dist
--> c47c8992ed18
[linux/amd64] [3/3] STEP 3/4: COPY --from=go-builder /opt/app-root/plugin-backend /opt/app-root
--> 707ead45a2a4
[linux/amd64] [3/3] STEP 4/4: ENTRYPOINT ["/opt/app-root/plugin-backend", "-static-path", "/opt/app-root/web/dist"]
[linux/amd64] [3/3] COMMIT
--> f942e2f605c1
[linux/arm64] [3/3] STEP 1/4: FROM registry.access.redhat.com/ubi9/ubi-minimal
f942e2f605c1765fdcc33d650fd918c2ad4643c8701b79209a819483ad12f20b
Trying to pull registry.access.redhat.com/ubi9/ubi-minimal:latest...
Getting image source signatures
Checking if image destination supports signatures
Copying blob sha256:8289a871631249c9c1a3b2366de832716cd43c77864c245a1c1364a2abeb5704
Copying config sha256:19a5d5dc0e92607939d631511c68a3b399a200a3bfbe6a1dfe726549e1527ae0
Writing manifest to image destination
Storing signatures
[linux/arm64] [3/3] STEP 2/4: COPY --from=web-builder /opt/app-root/web/dist /opt/app-root/web/dist
--> 48d794a5302a
[linux/arm64] [3/3] STEP 3/4: COPY --from=go-builder /opt/app-root/plugin-backend /opt/app-root
--> c24d50769d02
[linux/arm64] [3/3] STEP 4/4: ENTRYPOINT ["/opt/app-root/plugin-backend", "-static-path", "/opt/app-root/web/dist"]
[linux/arm64] [3/3] COMMIT
--> c7ae1190a6f0
c7ae1190a6f033133587d3ce0d81dc18c7d4478e449e600151a3f6a06c0185d6
podman manifest push quay.io/openshift-observability-ui/troubleshooting-panel-console-plugin:v0.4.6
Getting image list signatures
Copying 2 images generated from 2 images in list
Copying image sha256:61c82a0bd47ae0f897322be51d7507da0bc2ed435e800f8ccbfaf463ce08edb2 (1/2)
Getting image source signatures
Copying blob sha256:4b8740b7a4a607739d4b5a3d8d7be283abf96fe5eacb20fb680a998c9b33783d
Copying blob sha256:56550161697f795bc52c827a70fe1e427be4c6bdf4e3c9b2d560f51c2524b6f3
Copying blob sha256:a0f334dafe24180f83763e1447c9d70275e33472869f6702b249bf8563835a9a
Copying config sha256:f942e2f605c1765fdcc33d650fd918c2ad4643c8701b79209a819483ad12f20b
Writing manifest to image destination
Copying image sha256:c6cfd84184f8e6de631dc1d8381021c744fa3a1a3f99a6bc438f11be5334db57 (2/2)
Getting image source signatures
Copying blob sha256:c78192b7fa4544dd2ba06ec3a04ca92750cb667710fb519f039a6a3e74d68479
Copying blob sha256:5e0c0516b794028658ae88ffcfcd76efa540e4fbc1cd5844aeafbcb20488674a
Copying blob sha256:784e2d6b6fe2c586de0352cb22b8d98d9d4f08149ff12e4cc8a1e6611dacdc54
Copying config sha256:c7ae1190a6f033133587d3ce0d81dc18c7d4478e449e600151a3f6a06c0185d6
Writing manifest to image destination
Writing manifest list to image destination
Storing list signatures
==========================================
Building monitoring-plugin @ release-coo-ocp-4.19 with VERSION=v0.5.5 ORG=openshift-observability-ui
==========================================
Switched to branch 'release-coo-ocp-4.19'
Your branch is up to date with 'origin/release-coo-ocp-4.19'.
From https://github.com/openshift/monitoring-plugin
 * branch              release-coo-ocp-4.19 -> FETCH_HEAD
Already up to date.
--- Attempt 1/3 ---
podman manifest rm quay.io/openshift-observability-ui/monitoring-console-plugin:v0.5.5 || true
Error: quay.io/openshift-observability-ui/monitoring-console-plugin:v0.5.5: image not known
podman manifest create quay.io/openshift-observability-ui/monitoring-console-plugin:v0.5.5
4ddaaaf045a1f2f1f80fbce4c9c37ae80047eabdc48673c60ed0aa4615dfec35
podman build --platform linux/arm64,linux/amd64 --manifest quay.io/openshift-observability-ui/monitoring-console-plugin:v0.5.5 -f Dockerfile.mcp
[linux/amd64] [1/3] STEP 1/11: FROM registry.redhat.io/ubi9/nodejs-22:latest AS web-builder
Trying to pull registry.redhat.io/ubi9/nodejs-22:latest...
Getting image source signatures
Checking if image destination supports signatures
Copying blob sha256:d74f03e958176d9f637ef3f0c60d433f7a81709a1fe56c62d203eef3a536739e
Copying blob sha256:56649e4df8eddef4709849b46063574b7ddb22fc98fb75409885c838a4c9d381
Copying blob sha256:5c9af8529e118dd5a8d55d669c48114bfef7c8f5d743e5e560639dfabca3a5f9
Copying config sha256:0f7698e0407d0631a81bf20e78ec1d23de169a3b85762c7d4d6c629fe8f1d963
Writing manifest to image destination
Storing signatures
[linux/amd64] [1/3] STEP 2/11: WORKDIR /opt/app-root
--> Using cache b22f0152de7eae01284befccc688cd7f0aac90f9a9f14475c9c86519977a6ea1
--> b22f0152de7e
[linux/amd64] [1/3] STEP 3/11: USER 0
--> Using cache ed155e792b6cd464124a716b1ae9cfb467dea71e7ba8606efa9aabf472452497
--> ed155e792b6c
[linux/amd64] [1/3] STEP 4/11: ENV HUSKY=0
--> Using cache d7e1ce7889120ec58f0e3c4817454384922b1fe01fcf46e83b25dbcd72f89a0c
--> d7e1ce788912
[linux/amd64] [1/3] STEP 5/11: COPY web/package*.json web/
--> 19ead7ae1ef0
[linux/amd64] [1/3] STEP 6/11: COPY Makefile Makefile
--> 751308089e93
[linux/amd64] [1/3] STEP 7/11: RUN make install-frontend-ci
cd web && npm ci --ignore-scripts
npm warn deprecated rimraf@3.0.2: Rimraf versions prior to v4 are no longer supported
npm warn deprecated lodash.get@4.4.2: This package is deprecated. Use the optional chaining (?.) operator instead.
npm warn deprecated inflight@1.0.6: This module is not supported, and leaks memory. Do not use it. Check out lru-cache if you want a good and tested way to coalesce async requests by a key value, which is much more comprehensive and powerful.
npm warn deprecated glob@7.2.3: Glob versions prior to v9 are no longer supported
npm warn deprecated i18next-parser@9.4.0: Project is deprecated, use i18next-cli instead
npm warn deprecated popper.js@1.16.1: You can find the new Popper v2 at @popperjs/core, this package is dedicated to the legacy v1
npm warn deprecated @humanwhocodes/object-schema@2.0.3: Use @eslint/object-schema instead
npm warn deprecated @humanwhocodes/config-array@0.13.0: Use @eslint/config-array instead
npm warn deprecated eslint@8.57.1: This version is no longer supported. Please see https://eslint.org/version-support for other options.
npm warn deprecated glob@10.5.0: Old versions of glob are not supported, and contain widely publicized security vulnerabilities, which have been fixed in the current version. Please update. Support for old versions may be purchased (at exorbitant rates) by contacting i@izs.me
npm warn deprecated glob@10.5.0: Old versions of glob are not supported, and contain widely publicized security vulnerabilities, which have been fixed in the current version. Please update. Support for old versions may be purchased (at exorbitant rates) by contacting i@izs.me
npm warn deprecated glob@10.5.0: Old versions of glob are not supported, and contain widely publicized security vulnerabilities, which have been fixed in the current version. Please update. Support for old versions may be purchased (at exorbitant rates) by contacting i@izs.me
npm warn deprecated glob@10.5.0: Old versions of glob are not supported, and contain widely publicized security vulnerabilities, which have been fixed in the current version. Please update. Support for old versions may be purchased (at exorbitant rates) by contacting i@izs.me

added 1873 packages, and audited 1874 packages in 47s

308 packages are looking for funding
  run `npm fund` for details

44 vulnerabilities (4 low, 18 moderate, 21 high, 1 critical)

To address issues that do not require attention, run:
  npm audit fix

To address all issues possible (including breaking changes), run:
  npm audit fix --force

Some issues need review, and may require choosing
a different dependency.

Run `npm audit` for details.
--> 3d3465e10e52
[linux/amd64] [1/3] STEP 8/11: COPY web/ web/
--> f6e50b72bc4d
[linux/amd64] [1/3] STEP 9/11: COPY config/ config/
--> 5f99d8a59979
[linux/amd64] [1/3] STEP 10/11: ENV CONSOLE_PLUGIN_NAME="monitoring-console-plugin"
--> 566cc8190ee8
[linux/amd64] [1/3] STEP 11/11: RUN make build-frontend
cd web && npm run build

> monitoring-plugin@0.5.0 build
> npm run clean && NODE_ENV=production npm run ts-node node_modules/.bin/webpack


> monitoring-plugin@0.5.0 clean
> rm -rf dist


> monitoring-plugin@0.5.0 ts-node
> ts-node -O '{"module":"commonjs"}' node_modules/.bin/webpack

DEPRECATION WARNING [legacy-js-api]: The legacy JS API is deprecated and will be removed in Dart Sass 2.0.0.

More info: https://sass-lang.com/d/legacy-js-api

assets by path *.js 9.59 MiB
  assets by chunk 8.28 MiB (id hint: vendors)
    assets by status 7.3 MiB [big] 4 assets
    + 38 assets
  + 165 assets
assets by path assets/ 1.28 MiB
  assets by path assets/*.woff 740 KiB 42 assets
  assets by path assets/*.woff2 565 KiB 42 assets
  asset assets/restricted-sign..svg 2.38 KiB [emitted] [from: components/console/imgs/restricted-sign.svg] (auxiliary name: CmoAlertsPage, exposed-AlertRulesDetailsPage, exposed-AlertsDetailsPage, exposed-IncidentsPage, exposed-SilenceEditPage, exposed-SilencesDetailsPage, exposed-TargetsPage)
assets by path locales/ 115 KiB
  asset locales/en/plugin__monitoring-console-plugin.json 21.7 KiB [emitted] [from: ../locales/en/plugin__monitoring-plugin.json] [copied]
  asset locales/ja/plugin__monitoring-console-plugin.json 20.7 KiB [emitted] [from: ../locales/ja/plugin__monitoring-plugin.json] [copied]
  asset locales/fr/plugin__monitoring-console-plugin.json 19.3 KiB [emitted] [from: ../locales/fr/plugin__monitoring-plugin.json] [copied]
  + 3 assets
asset plugin-manifest.json 7.02 KiB [emitted]
orphan modules 19.4 MiB [orphan] 20194 modules
runtime modules 59.6 KiB 15 modules
built modules 17.8 MiB (javascript) 1.28 MiB (asset) 3.28 KiB (consume-shared) 3.04 KiB (share-init) [built]
  javascript modules 17.8 MiB 1728 modules
  asset modules 1.28 MiB (asset) 3.49 KiB (javascript)
    modules by path ../node_modules/@fontsource/inter/files/*.woff2 565 KiB (asset) 1.72 KiB (javascript) 42 modules
    modules by path ../node_modules/@fontsource/inter/files/*.woff 740 KiB (asset) 1.72 KiB (javascript) 42 modules
    ./components/console/imgs/restricted-sign.svg 2.38 KiB (asset) 42 bytes (javascript) [built] [code generated]
  consume-shared-module modules 3.28 KiB 80 modules
  provide-module modules 3.04 KiB
    modules by path provide shared module (default) @patternfly/react-core/dist/dynamic/ 1.93 KiB 47 modules
    modules by path provide shared module (default) @patternfly/react-icons/dist/dynamic/icons/ 1.03 KiB 25 modules
    modules by path provide shared module (default) @patternfly/react-table/dist/dynamic/components/ 84 bytes 2 modules
  ../node_modules/tlds/index.json 10.9 KiB [built] [code generated]

WARNING in asset size limit: The following asset(s) exceed the recommended size limit (244 KiB).
This can impact web performance.
Assets: 
  4617-chunk-d26499fbc029304a133e.min.js (311 KiB)
  9810-chunk-a64b894c03accad280e9.min.js (402 KiB)
  7534-chunk-7747d0708edacccd0897.min.js (2.08 MiB)
  8433-chunk-bb63bedb62c64aef9357.min.js (4.53 MiB)

webpack 5.105.2 compiled with 1 warning in 129230 ms
--> 07d6fe3aa94a
[linux/amd64] [2/3] STEP 1/14: FROM registry.access.redhat.com/ubi9/go-toolset:1.26 AS go-builder
Trying to pull registry.access.redhat.com/ubi9/go-toolset:1.26...
Getting image source signatures
Checking if image destination supports signatures
Copying blob sha256:9dd7a54704c5a666e57e3f6efc35e90fc6da8ad2923d77d60d1c573ef3315791
Copying blob sha256:56649e4df8eddef4709849b46063574b7ddb22fc98fb75409885c838a4c9d381
Copying blob sha256:5c9af8529e118dd5a8d55d669c48114bfef7c8f5d743e5e560639dfabca3a5f9
Copying blob sha256:d68194b0e4a172e16c5cbb1bc0479d22da58da64d376a5cdb885730c90f6fc5b
Copying config sha256:11c3fc29fb378f2b34bbf7921ad5e41b11f9631214b3369f21fc66619a1c7872
Writing manifest to image destination
Storing signatures
[linux/amd64] [2/3] STEP 2/14: WORKDIR /opt/app-root
--> Using cache cee354c451d26ec48e252e69f6a18fab7e7ba3c3da8f781ab23670ac2f707413
--> cee354c451d2
[linux/amd64] [2/3] STEP 3/14: COPY Makefile Makefile
--> b01647b8b851
[linux/amd64] [2/3] STEP 4/14: COPY go.mod go.mod
--> 2b78552c871e
[linux/amd64] [2/3] STEP 5/14: COPY go.sum go.sum
--> d375a0eede45
[linux/amd64] [2/3] STEP 6/14: RUN make install-backend
go mod download
--> f8674a7f613a
[linux/amd64] [2/3] STEP 7/14: COPY cmd/ cmd/
--> 2e81e4465955
[linux/amd64] [2/3] STEP 8/14: COPY pkg/ pkg/
--> 357c4ec4d64f
[linux/amd64] [2/3] STEP 9/14: ENV GOOS=${TARGETOS:-linux}
--> 5ade0e818d8b
[linux/amd64] [2/3] STEP 10/14: ENV GOARCH=${TARGETARCH}
--> fff85a8a590e
[linux/amd64] [2/3] STEP 11/14: ENV GOEXPERIMENT=strictfipsruntime
--> bb2b8888ae4b
[linux/amd64] [2/3] STEP 12/14: ENV GOFLAGS=-mod=readonly
--> 5aeea41e9339
[linux/amd64] [2/3] STEP 13/14: ENV CGO_ENABLED=1
--> 196e7ad9b823
[linux/amd64] [2/3] STEP 14/14: RUN make build-backend
go build  -mod=readonly -o plugin-backend cmd/plugin-backend.go
--> a048ab4977f1
[linux/arm64] [1/3] STEP 1/11: FROM registry.redhat.io/ubi9/nodejs-22:latest AS web-builder
Trying to pull registry.redhat.io/ubi9/nodejs-22:latest...
Getting image source signatures
Checking if image destination supports signatures
Copying blob sha256:143df91a054c3d67ed690e7f87f430247e12263d24f8d216e794a40abed4caa8
Copying blob sha256:3fa2c3ec93bd0d2914f8e021fa5b043ace5a704a440ecd2db626edd260f6a3c8
Copying blob sha256:96c26ef68d364bcbd8f901e4664d7531ebb74699c6d8a69825e5925d8c6696c2
Copying config sha256:21c0269160eae1f56763a0def0f20ffead061334731e5fd18ceb2c7eca36dca5
Writing manifest to image destination
Storing signatures
[linux/arm64] [1/3] STEP 2/11: WORKDIR /opt/app-root
--> Using cache f138705962d11e61edb13d571ef027b5aaab047c990ddb975b6c9bd527be9ff2
--> f138705962d1
[linux/arm64] [1/3] STEP 3/11: USER 0
--> Using cache 61b9a6eeee01e35ad9cddcbb7edcdd161f356f63b32f84c07f8ec25b4736e4c7
--> 61b9a6eeee01
[linux/arm64] [1/3] STEP 4/11: ENV HUSKY=0
--> Using cache e420b43c6a8a2ca2a35f3a7dec0cfe45469551305818db0d62b45db4887b854e
--> e420b43c6a8a
[linux/arm64] [1/3] STEP 5/11: COPY web/package*.json web/
--> e40d5fc51887
[linux/arm64] [1/3] STEP 6/11: COPY Makefile Makefile
--> 0335f68bb5e9
[linux/arm64] [1/3] STEP 7/11: RUN make install-frontend-ci
cd web && npm ci --ignore-scripts
npm warn deprecated rimraf@3.0.2: Rimraf versions prior to v4 are no longer supported
npm warn deprecated popper.js@1.16.1: You can find the new Popper v2 at @popperjs/core, this package is dedicated to the legacy v1
npm warn deprecated lodash.get@4.4.2: This package is deprecated. Use the optional chaining (?.) operator instead.
npm warn deprecated inflight@1.0.6: This module is not supported, and leaks memory. Do not use it. Check out lru-cache if you want a good and tested way to coalesce async requests by a key value, which is much more comprehensive and powerful.
npm warn deprecated i18next-parser@9.4.0: Project is deprecated, use i18next-cli instead
npm warn deprecated glob@7.2.3: Glob versions prior to v9 are no longer supported
npm warn deprecated eslint@8.57.1: This version is no longer supported. Please see https://eslint.org/version-support for other options.
npm warn deprecated @humanwhocodes/config-array@0.13.0: Use @eslint/config-array instead
npm warn deprecated @humanwhocodes/object-schema@2.0.3: Use @eslint/object-schema instead
npm warn deprecated glob@10.5.0: Old versions of glob are not supported, and contain widely publicized security vulnerabilities, which have been fixed in the current version. Please update. Support for old versions may be purchased (at exorbitant rates) by contacting i@izs.me
npm warn deprecated glob@10.5.0: Old versions of glob are not supported, and contain widely publicized security vulnerabilities, which have been fixed in the current version. Please update. Support for old versions may be purchased (at exorbitant rates) by contacting i@izs.me
npm warn deprecated glob@10.5.0: Old versions of glob are not supported, and contain widely publicized security vulnerabilities, which have been fixed in the current version. Please update. Support for old versions may be purchased (at exorbitant rates) by contacting i@izs.me
npm warn deprecated glob@10.5.0: Old versions of glob are not supported, and contain widely publicized security vulnerabilities, which have been fixed in the current version. Please update. Support for old versions may be purchased (at exorbitant rates) by contacting i@izs.me

added 1873 packages, and audited 1874 packages in 35s

308 packages are looking for funding
  run `npm fund` for details

44 vulnerabilities (4 low, 18 moderate, 21 high, 1 critical)

To address issues that do not require attention, run:
  npm audit fix

To address all issues possible (including breaking changes), run:
  npm audit fix --force

Some issues need review, and may require choosing
a different dependency.

Run `npm audit` for details.
--> 535e65471b3c
[linux/arm64] [1/3] STEP 8/11: COPY web/ web/
--> 0e0bd7a73e7d
[linux/arm64] [1/3] STEP 9/11: COPY config/ config/
--> f130fd2cb902
[linux/arm64] [1/3] STEP 10/11: ENV CONSOLE_PLUGIN_NAME="monitoring-console-plugin"
--> f4e19bb5b87b
[linux/arm64] [1/3] STEP 11/11: RUN make build-frontend
cd web && npm run build

> monitoring-plugin@0.5.0 build
> npm run clean && NODE_ENV=production npm run ts-node node_modules/.bin/webpack


> monitoring-plugin@0.5.0 clean
> rm -rf dist


> monitoring-plugin@0.5.0 ts-node
> ts-node -O '{"module":"commonjs"}' node_modules/.bin/webpack

DEPRECATION WARNING [legacy-js-api]: The legacy JS API is deprecated and will be removed in Dart Sass 2.0.0.

More info: https://sass-lang.com/d/legacy-js-api

assets by path *.js 9.59 MiB
  assets by chunk 8.28 MiB (id hint: vendors)
    assets by status 7.3 MiB [big] 4 assets
    + 38 assets
  + 165 assets
assets by path assets/ 1.28 MiB
  assets by path assets/*.woff 740 KiB 42 assets
  assets by path assets/*.woff2 565 KiB 42 assets
  asset assets/restricted-sign..svg 2.38 KiB [emitted] [from: components/console/imgs/restricted-sign.svg] (auxiliary name: CmoAlertsPage, exposed-AlertRulesDetailsPage, exposed-AlertsDetailsPage, exposed-IncidentsPage, exposed-SilenceEditPage, exposed-SilencesDetailsPage, exposed-TargetsPage)
assets by path locales/ 115 KiB
  asset locales/en/plugin__monitoring-console-plugin.json 21.7 KiB [emitted] [from: ../locales/en/plugin__monitoring-plugin.json] [copied]
  asset locales/ja/plugin__monitoring-console-plugin.json 20.7 KiB [emitted] [from: ../locales/ja/plugin__monitoring-plugin.json] [copied]
  asset locales/fr/plugin__monitoring-console-plugin.json 19.3 KiB [emitted] [from: ../locales/fr/plugin__monitoring-plugin.json] [copied]
  + 3 assets
asset plugin-manifest.json 7.02 KiB [emitted]
orphan modules 19.4 MiB [orphan] 20194 modules
runtime modules 59.6 KiB 15 modules
built modules 17.8 MiB (javascript) 1.28 MiB (asset) 3.28 KiB (consume-shared) 3.04 KiB (share-init) [built]
  javascript modules 17.8 MiB 1728 modules
  asset modules 1.28 MiB (asset) 3.49 KiB (javascript)
    modules by path ../node_modules/@fontsource/inter/files/*.woff2 565 KiB (asset) 1.72 KiB (javascript) 42 modules
    modules by path ../node_modules/@fontsource/inter/files/*.woff 740 KiB (asset) 1.72 KiB (javascript) 42 modules
    ./components/console/imgs/restricted-sign.svg 2.38 KiB (asset) 42 bytes (javascript) [built] [code generated]
  consume-shared-module modules 3.28 KiB 80 modules
  provide-module modules 3.04 KiB
    modules by path provide shared module (default) @patternfly/react-core/dist/dynamic/ 1.93 KiB 47 modules
    modules by path provide shared module (default) @patternfly/react-icons/dist/dynamic/icons/ 1.03 KiB 25 modules
    modules by path provide shared module (default) @patternfly/react-table/dist/dynamic/components/ 84 bytes 2 modules
  ../node_modules/tlds/index.json 10.9 KiB [built] [code generated]

WARNING in asset size limit: The following asset(s) exceed the recommended size limit (244 KiB).
This can impact web performance.
Assets: 
  4617-chunk-d26499fbc029304a133e.min.js (311 KiB)
  9810-chunk-a64b894c03accad280e9.min.js (402 KiB)
  7534-chunk-7747d0708edacccd0897.min.js (2.08 MiB)
  8433-chunk-bb63bedb62c64aef9357.min.js (4.53 MiB)

webpack 5.105.2 compiled with 1 warning in 89631 ms
--> 27d19c657315
[linux/amd64] [3/3] STEP 1/8: FROM registry.access.redhat.com/ubi9/ubi-minimal
Trying to pull registry.access.redhat.com/ubi9/ubi-minimal:latest...
Getting image source signatures
Checking if image destination supports signatures
Copying blob sha256:2943616793071e9fa96e298a7454ac45b7a498df6ca5c681004955a177cdf999
Copying config sha256:e3e6fe3b9c265802d2526c15071f59bd20f2d634fc82b7c633387d2cf2ec1056
Writing manifest to image destination
Storing signatures
[linux/amd64] [3/3] STEP 2/8: RUN mkdir /licenses
--> Using cache a4e3378ea2ac7d38ee711f47812ba3cb62b86a4055b2c1697ab6654846a3af2e
--> a4e3378ea2ac
[linux/amd64] [3/3] STEP 3/8: COPY LICENSE /licenses/.
--> Using cache 72c9dca420e7a7da2cec7a86a704bd3649bb6dbca56146b0b8f990f4553efda4
--> 72c9dca420e7
[linux/amd64] [3/3] STEP 4/8: USER 1001
--> Using cache 9bb1a9cc39d84cc020cd6d8e995601d6071f6e3e5b138589f6877775ba92f7be
--> 9bb1a9cc39d8
[linux/amd64] [3/3] STEP 5/8: COPY --from=web-builder /opt/app-root/web/dist /opt/app-root/web/dist
--> 9207fd441c34
[linux/amd64] [3/3] STEP 6/8: COPY --from=go-builder /opt/app-root/plugin-backend /opt/app-root
--> 8ccecac7aa2a
[linux/amd64] [3/3] STEP 7/8: COPY --from=web-builder /opt/app-root/config /opt/app-root/config
--> 687f8a822be4
[linux/amd64] [3/3] STEP 8/8: ENTRYPOINT ["/opt/app-root/plugin-backend", "-static-path", "/opt/app-root/web/dist"]
[linux/amd64] [3/3] COMMIT
--> d66f819e0d26
[linux/arm64] [2/3] STEP 1/14: FROM registry.access.redhat.com/ubi9/go-toolset:1.26 AS go-builder
d66f819e0d266062aa6b1252c7c774b08dcc743d9597554bbc1e9f668766d340
Trying to pull registry.access.redhat.com/ubi9/go-toolset:1.26...
Getting image source signatures
Checking if image destination supports signatures
Copying blob sha256:3b33bd74c459c543768665bc4406a7ec75fd6a2de94164c1ad9968e07c895aaf
Copying blob sha256:3fa2c3ec93bd0d2914f8e021fa5b043ace5a704a440ecd2db626edd260f6a3c8
Copying blob sha256:96c26ef68d364bcbd8f901e4664d7531ebb74699c6d8a69825e5925d8c6696c2
Copying blob sha256:852e434154bbab928ec83bdc7061dee5120584a0c35903abf2b024686bc65eb8
Copying config sha256:c9e40cb14364af57c6c2c0ca7a8afc8b39349b65e751b3062bf52d82bdc297cb
Writing manifest to image destination
Storing signatures
[linux/arm64] [2/3] STEP 2/14: WORKDIR /opt/app-root
--> Using cache b41719939b9ccc27e127d90e34c6d07d71d530c12510c6240a59107642bf4978
--> b41719939b9c
[linux/arm64] [2/3] STEP 3/14: COPY Makefile Makefile
--> 4ee979309843
[linux/arm64] [2/3] STEP 4/14: COPY go.mod go.mod
--> 3d953c623097
[linux/arm64] [2/3] STEP 5/14: COPY go.sum go.sum
--> da38f65f0c7d
[linux/arm64] [2/3] STEP 6/14: RUN make install-backend
go mod download
--> 55b1adb5117f
[linux/arm64] [2/3] STEP 7/14: COPY cmd/ cmd/
--> 8aedcff9f1b7
[linux/arm64] [2/3] STEP 8/14: COPY pkg/ pkg/
--> 87e325868f8c
[linux/arm64] [2/3] STEP 9/14: ENV GOOS=${TARGETOS:-linux}
--> 390cd77471fe
[linux/arm64] [2/3] STEP 10/14: ENV GOARCH=${TARGETARCH}
--> bba6d13c941c
[linux/arm64] [2/3] STEP 11/14: ENV GOEXPERIMENT=strictfipsruntime
--> a87ed24613c9
[linux/arm64] [2/3] STEP 12/14: ENV GOFLAGS=-mod=readonly
--> 084491ed86fb
[linux/arm64] [2/3] STEP 13/14: ENV CGO_ENABLED=1
--> 013c73512434
[linux/arm64] [2/3] STEP 14/14: RUN make build-backend
go build  -mod=readonly -o plugin-backend cmd/plugin-backend.go
--> b10d6f07ee9d
[linux/arm64] [3/3] STEP 1/8: FROM registry.access.redhat.com/ubi9/ubi-minimal
Trying to pull registry.access.redhat.com/ubi9/ubi-minimal:latest...
Getting image source signatures
Checking if image destination supports signatures
Copying blob sha256:8289a871631249c9c1a3b2366de832716cd43c77864c245a1c1364a2abeb5704
Copying config sha256:19a5d5dc0e92607939d631511c68a3b399a200a3bfbe6a1dfe726549e1527ae0
Writing manifest to image destination
Storing signatures
[linux/arm64] [3/3] STEP 2/8: RUN mkdir /licenses
--> Using cache 6cf4597d41bb639f6bcefa2128db18b6aaa881295b49a173ff0f15a50779002e
--> 6cf4597d41bb
[linux/arm64] [3/3] STEP 3/8: COPY LICENSE /licenses/.
--> Using cache c90f676f195cd53ea857d59eb33f9d262d6672090bba101dd69162bc5af952ea
--> c90f676f195c
[linux/arm64] [3/3] STEP 4/8: USER 1001
--> Using cache 0bb8691b7c6922898c96ecc7a586335701c05b0f0d5e80644b9cda957d5ac40e
--> 0bb8691b7c69
[linux/arm64] [3/3] STEP 5/8: COPY --from=web-builder /opt/app-root/web/dist /opt/app-root/web/dist
--> 305ec8d02b7e
[linux/arm64] [3/3] STEP 6/8: COPY --from=go-builder /opt/app-root/plugin-backend /opt/app-root
--> ddb79183c77f
[linux/arm64] [3/3] STEP 7/8: COPY --from=web-builder /opt/app-root/config /opt/app-root/config
--> 37608dbd8994
[linux/arm64] [3/3] STEP 8/8: ENTRYPOINT ["/opt/app-root/plugin-backend", "-static-path", "/opt/app-root/web/dist"]
[linux/arm64] [3/3] COMMIT
--> e81a96676b9d
e81a96676b9d8701145d8eda3a21b9931151887c5ea791c9e8cc18e03ca6c4bd
podman manifest push quay.io/openshift-observability-ui/monitoring-console-plugin:v0.5.5
Getting image list signatures
Copying 2 images generated from 2 images in list
Copying image sha256:ce1fb10869ea6d631281752a37a833177a37a5f5cdc2bad7866836e19ff979d5 (1/2)
Getting image source signatures
Copying blob sha256:56550161697f795bc52c827a70fe1e427be4c6bdf4e3c9b2d560f51c2524b6f3
Copying blob sha256:d3b56bc10f7d3be0b436b8e79a04e63a1eb49d3b46e33a4f4a1fccbfe1d12224
Copying blob sha256:2b323feb8f28688c977b4c5f91111da8af33fc313b32548ec5bf359c6007189e
Copying blob sha256:fe11e627d258d4ddbd577f0583c535fe5bb1837e473bfe3a389cc47dfa41df22
Copying blob sha256:d7c71f0b546f3fe0fca475e3a9bb834db624c19ef58860481107e77b7b565a10
Copying blob sha256:abb1fd215693f6f7b9f7946a128c7113f9906764c7b62de7bfc3571c03e1125e
Copying config sha256:d66f819e0d266062aa6b1252c7c774b08dcc743d9597554bbc1e9f668766d340
Writing manifest to image destination
Copying image sha256:dc6fce18a8d571a95062ec50dd7e7069050b4fa4a9e8955e800f38f0edf0bf5c (2/2)
Getting image source signatures
Copying blob sha256:47567317234fe434acafdb52bc88fc75cd95c761f55ca70e94272f4a1a609b1c
Copying blob sha256:ed401377d7612981970018cad00fdedb4c0f0dc2ee5c3dd9fd7f7817b87af219
Copying blob sha256:5e0c0516b794028658ae88ffcfcd76efa540e4fbc1cd5844aeafbcb20488674a
Copying blob sha256:422134ee7cf8046604d3ec112d656e50be36b56ef6803db2cffb6923d8759c86
Copying blob sha256:b64e544532a04e0487e511ad187548828dc9fa4abb2c07f906ecbcdcae8f1e22
Copying blob sha256:69a11efdf09c2467a4b29eee68bbdc916141b36bd84be9e19b282c453c121384
Copying config sha256:e81a96676b9d8701145d8eda3a21b9931151887c5ea791c9e8cc18e03ca6c4bd
Writing manifest to image destination
Writing manifest list to image destination
Storing list signatures
==========================================
Building distributed-tracing-plugin @ release-coo-ocp-4.22 with VERSION=v1.2.0 ORG=openshift-observability-ui
==========================================
Switched to branch 'release-coo-ocp-4.22'
Your branch is up to date with 'origin/release-coo-ocp-4.22'.
From https://github.com/openshift/distributed-tracing-console-plugin
 * branch            release-coo-ocp-4.22 -> FETCH_HEAD
Already up to date.
--- Attempt 1/3 ---
podman manifest rm quay.io/openshift-observability-ui/distributed-tracing-console-plugin:v1.2.0 || true
Error: quay.io/openshift-observability-ui/distributed-tracing-console-plugin:v1.2.0: image not known
podman manifest create quay.io/openshift-observability-ui/distributed-tracing-console-plugin:v1.2.0
915b8275044978bbb84edd32bb9b4f33730498880eac0990ed2bbc6fddd618bb
podman build --platform=linux/arm64,linux/amd64 --manifest quay.io/openshift-observability-ui/distributed-tracing-console-plugin:v1.2.0 -f Dockerfile
[linux/arm64] [1/3] STEP 1/8: FROM registry.redhat.io/ubi9/nodejs-22:latest AS web-builder
[linux/arm64] [1/3] STEP 2/8: WORKDIR /opt/app-root
--> Using cache f138705962d11e61edb13d571ef027b5aaab047c990ddb975b6c9bd527be9ff2
--> f138705962d1
[linux/arm64] [1/3] STEP 3/8: USER 0
--> Using cache 61b9a6eeee01e35ad9cddcbb7edcdd161f356f63b32f84c07f8ec25b4736e4c7
--> 61b9a6eeee01
[linux/arm64] [1/3] STEP 4/8: COPY web/package*.json web/
--> e660b6d7604a
[linux/arm64] [1/3] STEP 5/8: COPY Makefile Makefile
--> ede43a554341
[linux/arm64] [1/3] STEP 6/8: RUN make install-frontend-ci-clean
cd web && npm ci --ignore-scripts --omit=optional
npm warn deprecated whatwg-encoding@3.1.1: Use @exodus/bytes instead for a more spec-conformant and faster implementation
npm warn deprecated rimraf@3.0.2: Rimraf versions prior to v4 are no longer supported
npm warn deprecated inflight@1.0.6: This module is not supported, and leaks memory. Do not use it. Check out lru-cache if you want a good and tested way to coalesce async requests by a key value, which is much more comprehensive and powerful.
npm warn deprecated glob@7.2.3: Glob versions prior to v9 are no longer supported
npm warn deprecated rimraf@2.7.1: Rimraf versions prior to v4 are no longer supported
npm warn deprecated glob@10.5.0: Old versions of glob are not supported, and contain widely publicized security vulnerabilities, which have been fixed in the current version. Please update. Support for old versions may be purchased (at exorbitant rates) by contacting i@izs.me
npm warn deprecated glob@10.5.0: Old versions of glob are not supported, and contain widely publicized security vulnerabilities, which have been fixed in the current version. Please update. Support for old versions may be purchased (at exorbitant rates) by contacting i@izs.me
npm warn deprecated glob@10.5.0: Old versions of glob are not supported, and contain widely publicized security vulnerabilities, which have been fixed in the current version. Please update. Support for old versions may be purchased (at exorbitant rates) by contacting i@izs.me
npm warn deprecated glob@10.5.0: Old versions of glob are not supported, and contain widely publicized security vulnerabilities, which have been fixed in the current version. Please update. Support for old versions may be purchased (at exorbitant rates) by contacting i@izs.me

added 1727 packages, and audited 1728 packages in 31s

311 packages are looking for funding
  run `npm fund` for details

40 vulnerabilities (3 low, 17 moderate, 19 high, 1 critical)

To address issues that do not require attention, run:
  npm audit fix

To address all issues possible (including breaking changes), run:
  npm audit fix --force

Some issues need review, and may require choosing
a different dependency.

Run `npm audit` for details.
cd web && npm cache clean --force
npm warn using --force Recommended protections disabled.
--> c1f25a27e605
[linux/arm64] [1/3] STEP 7/8: COPY web/ web/
--> 262769734ecd
[linux/arm64] [1/3] STEP 8/8: RUN make build-frontend
cd web && npm run build

> distributed-tracing-console-plugin@1.0.0 build
> npm run clean && NODE_ENV=production npm run webpack


> distributed-tracing-console-plugin@1.0.0 clean
> rm -rf dist


> distributed-tracing-console-plugin@1.0.0 webpack
> node -r ts-node/register ./node_modules/.bin/webpack

@patternfly/react-core dynamic modules taken from dist/dynamic-modules.json
@patternfly/react-icons dynamic modules taken from dist/dynamic-modules.json
@patternfly/react-templates dynamic modules taken from dist/dynamic-modules.json
assets by path assets/ 1.27 MiB
  assets by path assets/*.woff 740 KiB 42 assets
  assets by path assets/*.woff2 565 KiB
    asset assets/inter-latin-ext-600-normal..woff2 35.4 KiB [emitted] [from: ../node_modules/@fontsource/inter/files/inter-latin-ext-600-normal.woff2] (auxiliary id hint: vendors)
    + 41 assets
assets by path *.js 3.37 MiB
  assets by chunk 2.97 MiB (id hint: vendors)
    asset 9911-chunk-d5678a1d8861af23fdb1.min.js 2.59 MiB [emitted] [immutable] [minimized] [big] (id hint: vendors) 1 related asset
    asset 3864-chunk-a584ce5774a4b071dbe5.min.js 130 KiB [emitted] [immutable] [minimized] (id hint: vendors) 1 related asset
    asset 7768-chunk-0e74882a8a4428559b83.min.js 44.7 KiB [emitted] [immutable] [minimized] (id hint: vendors)
    asset 6808-chunk-5919f5818be6f8a391b5.min.js 42 KiB [emitted] [immutable] [minimized] (id hint: vendors)
    + 10 assets
  + 64 assets
asset locales/en/plugin__distributed-tracing-console-plugin.json 4.29 KiB [emitted] [from: ../locales/en/plugin__distributed-tracing-console-plugin.json] [copied]
asset plugin-manifest.json 895 bytes [emitted]
orphan modules 21.1 MiB [orphan] 13431 modules
runtime modules 36.4 KiB 14 modules
built modules 10.2 MiB (javascript) 1.27 MiB (asset) 1.64 KiB (consume-shared) 1.44 KiB (share-init) [built]
  javascript modules 10.2 MiB 727 modules
  asset modules 1.27 MiB (asset) 3.45 KiB (javascript)
    modules by path ../node_modules/@fontsource/inter/files/*.woff2 565 KiB (asset) 1.72 KiB (javascript) 42 modules
    modules by path ../node_modules/@fontsource/inter/files/*.woff 740 KiB (asset) 1.72 KiB (javascript) 42 modules
  consume-shared-module modules 1.64 KiB
    modules by path consume shared module (default) @patternfly/ 1.44 KiB 35 modules
    modules by path *.1 (singleton) 84 bytes 2 modules
    + 3 modules
  provide-module modules 1.44 KiB
    modules by path provide shared module (default) @patternfly/react-core/dist/dynamic/ 924 bytes 22 modules
    modules by path provide shared module (default) @patternfly/react-icons/dist/dynamic/icons/ 504 bytes 12 modules
    provide shared module (default) @patternfly/react-templates/dist/dynamic/compone...(truncated) 42 bytes [built] [code generated]

WARNING in asset size limit: The following asset(s) exceed the recommended size limit (244 KiB).
This can impact web performance.
Assets: 
  9911-chunk-d5678a1d8861af23fdb1.min.js (2.59 MiB)

webpack 5.106.2 compiled with 1 warning in 68752 ms
--> 2749d12c79fe
[linux/amd64] [1/3] STEP 1/8: FROM registry.redhat.io/ubi9/nodejs-22:latest AS web-builder
Trying to pull registry.redhat.io/ubi9/nodejs-22:latest...
Getting image source signatures
Checking if image destination supports signatures
Copying blob sha256:d74f03e958176d9f637ef3f0c60d433f7a81709a1fe56c62d203eef3a536739e
Copying blob sha256:5c9af8529e118dd5a8d55d669c48114bfef7c8f5d743e5e560639dfabca3a5f9
Copying blob sha256:56649e4df8eddef4709849b46063574b7ddb22fc98fb75409885c838a4c9d381
Copying config sha256:0f7698e0407d0631a81bf20e78ec1d23de169a3b85762c7d4d6c629fe8f1d963
Writing manifest to image destination
Storing signatures
[linux/amd64] [1/3] STEP 2/8: WORKDIR /opt/app-root
--> Using cache b22f0152de7eae01284befccc688cd7f0aac90f9a9f14475c9c86519977a6ea1
--> b22f0152de7e
[linux/amd64] [1/3] STEP 3/8: USER 0
--> Using cache ed155e792b6cd464124a716b1ae9cfb467dea71e7ba8606efa9aabf472452497
--> ed155e792b6c
[linux/amd64] [1/3] STEP 4/8: COPY web/package*.json web/
--> c9f85ef62855
[linux/amd64] [1/3] STEP 5/8: COPY Makefile Makefile
--> 13562d906f27
[linux/amd64] [1/3] STEP 6/8: RUN make install-frontend-ci-clean
cd web && npm ci --ignore-scripts --omit=optional
npm warn deprecated whatwg-encoding@3.1.1: Use @exodus/bytes instead for a more spec-conformant and faster implementation
npm warn deprecated rimraf@3.0.2: Rimraf versions prior to v4 are no longer supported
npm warn deprecated inflight@1.0.6: This module is not supported, and leaks memory. Do not use it. Check out lru-cache if you want a good and tested way to coalesce async requests by a key value, which is much more comprehensive and powerful.
npm warn deprecated glob@7.2.3: Glob versions prior to v9 are no longer supported
npm warn deprecated rimraf@2.7.1: Rimraf versions prior to v4 are no longer supported
npm warn deprecated glob@10.5.0: Old versions of glob are not supported, and contain widely publicized security vulnerabilities, which have been fixed in the current version. Please update. Support for old versions may be purchased (at exorbitant rates) by contacting i@izs.me
npm warn deprecated glob@10.5.0: Old versions of glob are not supported, and contain widely publicized security vulnerabilities, which have been fixed in the current version. Please update. Support for old versions may be purchased (at exorbitant rates) by contacting i@izs.me
npm warn deprecated glob@10.5.0: Old versions of glob are not supported, and contain widely publicized security vulnerabilities, which have been fixed in the current version. Please update. Support for old versions may be purchased (at exorbitant rates) by contacting i@izs.me
npm warn deprecated glob@10.5.0: Old versions of glob are not supported, and contain widely publicized security vulnerabilities, which have been fixed in the current version. Please update. Support for old versions may be purchased (at exorbitant rates) by contacting i@izs.me

added 1727 packages, and audited 1728 packages in 43s

311 packages are looking for funding
  run `npm fund` for details

40 vulnerabilities (3 low, 17 moderate, 19 high, 1 critical)

To address issues that do not require attention, run:
  npm audit fix

To address all issues possible (including breaking changes), run:
  npm audit fix --force

Some issues need review, and may require choosing
a different dependency.

Run `npm audit` for details.
cd web && npm cache clean --force
npm warn using --force Recommended protections disabled.
--> 751ee66afd55
[linux/amd64] [1/3] STEP 7/8: COPY web/ web/
--> e94acb3481a6
[linux/amd64] [1/3] STEP 8/8: RUN make build-frontend
cd web && npm run build

> distributed-tracing-console-plugin@1.0.0 build
> npm run clean && NODE_ENV=production npm run webpack


> distributed-tracing-console-plugin@1.0.0 clean
> rm -rf dist


> distributed-tracing-console-plugin@1.0.0 webpack
> node -r ts-node/register ./node_modules/.bin/webpack

@patternfly/react-core dynamic modules taken from dist/dynamic-modules.json
@patternfly/react-icons dynamic modules taken from dist/dynamic-modules.json
@patternfly/react-templates dynamic modules taken from dist/dynamic-modules.json
assets by path assets/ 1.27 MiB
  assets by path assets/*.woff 740 KiB 42 assets
  assets by path assets/*.woff2 565 KiB
    asset assets/inter-latin-ext-600-normal..woff2 35.4 KiB [emitted] [from: ../node_modules/@fontsource/inter/files/inter-latin-ext-600-normal.woff2] (auxiliary id hint: vendors)
    + 41 assets
assets by path *.js 3.37 MiB
  assets by chunk 2.97 MiB (id hint: vendors)
    asset 9911-chunk-d5678a1d8861af23fdb1.min.js 2.59 MiB [emitted] [immutable] [minimized] [big] (id hint: vendors) 1 related asset
    asset 3864-chunk-a584ce5774a4b071dbe5.min.js 130 KiB [emitted] [immutable] [minimized] (id hint: vendors) 1 related asset
    asset 7768-chunk-0e74882a8a4428559b83.min.js 44.7 KiB [emitted] [immutable] [minimized] (id hint: vendors)
    asset 6808-chunk-5919f5818be6f8a391b5.min.js 42 KiB [emitted] [immutable] [minimized] (id hint: vendors)
    + 10 assets
  + 64 assets
asset locales/en/plugin__distributed-tracing-console-plugin.json 4.29 KiB [emitted] [from: ../locales/en/plugin__distributed-tracing-console-plugin.json] [copied]
asset plugin-manifest.json 895 bytes [emitted]
orphan modules 21.1 MiB [orphan] 13431 modules
runtime modules 36.4 KiB 14 modules
built modules 10.2 MiB (javascript) 1.27 MiB (asset) 1.64 KiB (consume-shared) 1.44 KiB (share-init) [built]
  javascript modules 10.2 MiB 727 modules
  asset modules 1.27 MiB (asset) 3.45 KiB (javascript)
    modules by path ../node_modules/@fontsource/inter/files/*.woff2 565 KiB (asset) 1.72 KiB (javascript) 42 modules
    modules by path ../node_modules/@fontsource/inter/files/*.woff 740 KiB (asset) 1.72 KiB (javascript) 42 modules
  consume-shared-module modules 1.64 KiB
    modules by path consume shared module (default) @patternfly/ 1.44 KiB 35 modules
    modules by path *.1 (singleton) 84 bytes 2 modules
    + 3 modules
  provide-module modules 1.44 KiB
    modules by path provide shared module (default) @patternfly/react-core/dist/dynamic/ 924 bytes 22 modules
    modules by path provide shared module (default) @patternfly/react-icons/dist/dynamic/icons/ 504 bytes 12 modules
    provide shared module (default) @patternfly/react-templates/dist/dynamic/compone...(truncated) 42 bytes [built] [code generated]

WARNING in asset size limit: The following asset(s) exceed the recommended size limit (244 KiB).
This can impact web performance.
Assets: 
  9911-chunk-d5678a1d8861af23fdb1.min.js (2.59 MiB)

webpack 5.106.2 compiled with 1 warning in 96051 ms
--> 412540eeecef
[linux/arm64] [2/3] STEP 1/11: FROM registry.access.redhat.com/ubi9/go-toolset:1.26 AS go-builder
[linux/arm64] [2/3] STEP 2/11: WORKDIR /opt/app-root
--> Using cache b41719939b9ccc27e127d90e34c6d07d71d530c12510c6240a59107642bf4978
--> b41719939b9c
[linux/arm64] [2/3] STEP 3/11: COPY Makefile Makefile
--> Using cache 1d8c8d5d84f15c4083349d516595fe117ac07893401a0853cc149c779a8d630d
--> 1d8c8d5d84f1
[linux/arm64] [2/3] STEP 4/11: COPY go.mod go.mod
--> Using cache 80ddc74c7c3d696ce5bcdabba4fdc68d1a0dce0c86fde9ac56ab01b5e28e172f
--> 80ddc74c7c3d
[linux/arm64] [2/3] STEP 5/11: COPY go.sum go.sum
--> Using cache 18762dba4d665a638f30b9b7b00511c9d9fa6edfd980425955f6966a9a772e98
--> 18762dba4d66
[linux/arm64] [2/3] STEP 6/11: RUN go mod download
--> Using cache 0e4fc71502b1f1d9d77e0e6ce683a6e8f2d20ff333ad965c685a644a4aedb697
--> 0e4fc71502b1
[linux/arm64] [2/3] STEP 7/11: COPY cmd/ cmd/
--> Using cache 46592b3c32c4acc73cdcf5612fc01ff3f2cceb6c77d770dda25a4753cccb962f
--> 46592b3c32c4
[linux/arm64] [2/3] STEP 8/11: COPY pkg/ pkg/
--> Using cache 3271ccd550aa530c64f2cc43a8d787cb232aa8eeea995aea9ffe0f1aa5152e54
--> 3271ccd550aa
[linux/arm64] [2/3] STEP 9/11: ENV GOEXPERIMENT=strictfipsruntime
--> Using cache 20f94e9fa4375f37f63fe3fb1be366c5e6b553f6d6e3e60fda8063c4e385ecc9
--> 20f94e9fa437
[linux/arm64] [2/3] STEP 10/11: ENV CGO_ENABLED=1
--> Using cache 66bb4ad7c80a869f3fac68cac54fa00c5875e06bee62024d2abc6bb4c83775c8
--> 66bb4ad7c80a
[linux/arm64] [2/3] STEP 11/11: RUN make build-backend BUILD_OPTS="-tags strictfipsruntime"
--> Using cache 5f81fd2ea74c925a72bd472e42b76918a867598ef24a254c89b0988aaf2e9b78
--> 5f81fd2ea74c
[linux/amd64] [2/3] STEP 1/11: FROM registry.access.redhat.com/ubi9/go-toolset:1.26 AS go-builder
Trying to pull registry.access.redhat.com/ubi9/go-toolset:1.26...
Getting image source signatures
Checking if image destination supports signatures
Copying blob sha256:9dd7a54704c5a666e57e3f6efc35e90fc6da8ad2923d77d60d1c573ef3315791
Copying blob sha256:56649e4df8eddef4709849b46063574b7ddb22fc98fb75409885c838a4c9d381
Copying blob sha256:5c9af8529e118dd5a8d55d669c48114bfef7c8f5d743e5e560639dfabca3a5f9
Copying blob sha256:d68194b0e4a172e16c5cbb1bc0479d22da58da64d376a5cdb885730c90f6fc5b
Copying config sha256:11c3fc29fb378f2b34bbf7921ad5e41b11f9631214b3369f21fc66619a1c7872
Writing manifest to image destination
Storing signatures
[linux/amd64] [2/3] STEP 2/11: WORKDIR /opt/app-root
--> Using cache cee354c451d26ec48e252e69f6a18fab7e7ba3c3da8f781ab23670ac2f707413
--> cee354c451d2
[linux/amd64] [2/3] STEP 3/11: COPY Makefile Makefile
--> Using cache 42222903f3f514a184a937458d5b13bc3265d6b2e2fa4559b6659baa2c82d24f
--> 42222903f3f5
[linux/amd64] [2/3] STEP 4/11: COPY go.mod go.mod
--> Using cache ad5de380e94ead46d8d3060d55bcdd3817f19de9862c8191313888074ca7c20d
--> ad5de380e94e
[linux/amd64] [2/3] STEP 5/11: COPY go.sum go.sum
--> Using cache 759fdbd67d9e00e2f7fe5e967211c4228b068c825bb1c6a559f0542d60a51b5e
--> 759fdbd67d9e
[linux/amd64] [2/3] STEP 6/11: RUN go mod download
--> Using cache 3e54feba8382cc80977ab91356dfef66746b66c8519ed9ae766e238c717332a2
--> 3e54feba8382
[linux/amd64] [2/3] STEP 7/11: COPY cmd/ cmd/
--> Using cache 3084bbc3ddb64d138f906c70f48fcb34699f74654d3dab47417bce51450f487f
--> 3084bbc3ddb6
[linux/amd64] [2/3] STEP 8/11: COPY pkg/ pkg/
--> Using cache 23cc9e5e641234f7a59582e2b6d1bfc004e12e2785ca9583cb8ebe1a78d8c5f4
--> 23cc9e5e6412
[linux/amd64] [2/3] STEP 9/11: ENV GOEXPERIMENT=strictfipsruntime
--> Using cache b2d492ae3131f3817097dca325768703b870be0a954664f266c4028d9d9ff799
--> b2d492ae3131
[linux/amd64] [2/3] STEP 10/11: ENV CGO_ENABLED=1
--> Using cache d70679605fc94755858776526fc539b919838434ae0b8ef2160ffec19d3bd0b3
--> d70679605fc9
[linux/amd64] [2/3] STEP 11/11: RUN make build-backend BUILD_OPTS="-tags strictfipsruntime"
--> Using cache bfbb8cb566f8de42eba7d105a54df537ec84508c43f8627b4d4d091d01ff24a1
--> bfbb8cb566f8
[linux/arm64] [3/3] STEP 1/4: FROM registry.access.redhat.com/ubi9/ubi-minimal
[linux/arm64] [3/3] STEP 2/4: COPY --from=web-builder /opt/app-root/web/dist /opt/app-root/web/dist
--> c27a4cc92bca
[linux/arm64] [3/3] STEP 3/4: COPY --from=go-builder /opt/app-root/plugin-backend /opt/app-root
--> 0b10a29ed5e9
[linux/arm64] [3/3] STEP 4/4: ENTRYPOINT ["/opt/app-root/plugin-backend", "-static-path", "/opt/app-root/web/dist", "-config-path", "/opt/app-root/web/dist"]
[linux/arm64] [3/3] COMMIT
--> 5f9ed2138788
[linux/amd64] [3/3] STEP 1/4: FROM registry.access.redhat.com/ubi9/ubi-minimal
5f9ed2138788f41dd93b33b318e64c0a94b2665e3af9d721fb9d413e03c1d674
Trying to pull registry.access.redhat.com/ubi9/ubi-minimal:latest...
Getting image source signatures
Checking if image destination supports signatures
Copying blob sha256:2943616793071e9fa96e298a7454ac45b7a498df6ca5c681004955a177cdf999
Copying config sha256:e3e6fe3b9c265802d2526c15071f59bd20f2d634fc82b7c633387d2cf2ec1056
Writing manifest to image destination
Storing signatures
[linux/amd64] [3/3] STEP 2/4: COPY --from=web-builder /opt/app-root/web/dist /opt/app-root/web/dist
--> 76c32762053f
[linux/amd64] [3/3] STEP 3/4: COPY --from=go-builder /opt/app-root/plugin-backend /opt/app-root
--> a4628a8df4c0
[linux/amd64] [3/3] STEP 4/4: ENTRYPOINT ["/opt/app-root/plugin-backend", "-static-path", "/opt/app-root/web/dist", "-config-path", "/opt/app-root/web/dist"]
[linux/amd64] [3/3] COMMIT
--> 72daf9c1a78a
72daf9c1a78acd2ac1ef4af4ba3914b1a477c04aa0cf56d5338246efa6e856eb
podman manifest push quay.io/openshift-observability-ui/distributed-tracing-console-plugin:v1.2.0
Getting image list signatures
Copying 2 images generated from 2 images in list
Copying image sha256:dd9d4139d177215182e30fd9e2860efa4eb0dd6949837bd58b1ccfdc07b69c04 (1/2)
Getting image source signatures
Copying blob sha256:2dfe543b28106154e6d0e7ebb7c9b40f25405f2ba449614ad3a80c9fe8e32227
Copying blob sha256:5e0c0516b794028658ae88ffcfcd76efa540e4fbc1cd5844aeafbcb20488674a
Copying blob sha256:345146f24945bc7c0d0550b3df533cbd7a32a95e202195bb136f66ca7bcaf937
Copying config sha256:5f9ed2138788f41dd93b33b318e64c0a94b2665e3af9d721fb9d413e03c1d674
Writing manifest to image destination
Copying image sha256:7ab8498759431f463baf01191e0d17a6a130572662b4232543d6f9bcdafc2a38 (2/2)
Getting image source signatures
Copying blob sha256:25e735c140515dd899473b6399e5730dbf225903a62ad58ecd9529139a02cd9e
Copying blob sha256:56550161697f795bc52c827a70fe1e427be4c6bdf4e3c9b2d560f51c2524b6f3
Copying blob sha256:20fb5a642a0f768636656db7c196d788aebda55a7b2f812e39aaa65a022ed3ed
Copying config sha256:72daf9c1a78acd2ac1ef4af4ba3914b1a477c04aa0cf56d5338246efa6e856eb
Writing manifest to image destination
Writing manifest list to image destination
Storing list signatures
==========================================
Building troubleshooting-panel-plugin @ release-coo-ocp-4.22 with VERSION=v1.1.0 ORG=openshift-observability-ui
==========================================
Switched to branch 'release-coo-ocp-4.22'
Your branch is behind 'origin/release-coo-ocp-4.22' by 2 commits, and can be fast-forwarded.
  (use "git pull" to update your local branch)
From https://github.com/openshift/troubleshooting-panel-console-plugin
 * branch            release-coo-ocp-4.22 -> FETCH_HEAD
Updating 3dc231e..14c9465
Fast-forward
 web/src/components/popover.css | 5 +++--
 1 file changed, 3 insertions(+), 2 deletions(-)
--- Attempt 1/3 ---
podman manifest rm quay.io/openshift-observability-ui/troubleshooting-panel-console-plugin:v1.1.0 || true
Error: quay.io/openshift-observability-ui/troubleshooting-panel-console-plugin:v1.1.0: image not known
podman manifest create quay.io/openshift-observability-ui/troubleshooting-panel-console-plugin:v1.1.0
16fab8ab2664d96e13e5f7fb34b450ba6934b1813275c4e75fd3a9ca4e3fc64e
podman build --platform=linux/arm64,linux/amd64 --manifest quay.io/openshift-observability-ui/troubleshooting-panel-console-plugin:v1.1.0 -f Dockerfile
[linux/amd64] [1/3] STEP 1/8: FROM registry.access.redhat.com/ubi9/nodejs-22:latest AS web-builder
Trying to pull registry.access.redhat.com/ubi9/nodejs-22:latest...
Getting image source signatures
Checking if image destination supports signatures
Copying blob sha256:d74f03e958176d9f637ef3f0c60d433f7a81709a1fe56c62d203eef3a536739e
Copying blob sha256:5c9af8529e118dd5a8d55d669c48114bfef7c8f5d743e5e560639dfabca3a5f9
Copying blob sha256:56649e4df8eddef4709849b46063574b7ddb22fc98fb75409885c838a4c9d381
Copying config sha256:0f7698e0407d0631a81bf20e78ec1d23de169a3b85762c7d4d6c629fe8f1d963
Writing manifest to image destination
Storing signatures
[linux/amd64] [1/3] STEP 2/8: WORKDIR /opt/app-root
--> Using cache b22f0152de7eae01284befccc688cd7f0aac90f9a9f14475c9c86519977a6ea1
--> b22f0152de7e
[linux/amd64] [1/3] STEP 3/8: USER 0
--> Using cache ed155e792b6cd464124a716b1ae9cfb467dea71e7ba8606efa9aabf472452497
--> ed155e792b6c
[linux/amd64] [1/3] STEP 4/8: COPY web/package*.json web/
--> cd9fff22c294
[linux/amd64] [1/3] STEP 5/8: COPY Makefile Makefile
--> 205b8d90ef84
[linux/amd64] [1/3] STEP 6/8: RUN make install-frontend
cd web && npm install
npm warn deprecated whatwg-encoding@3.1.1: Use @exodus/bytes instead for a more spec-conformant and faster implementation
npm warn deprecated rimraf@3.0.2: Rimraf versions prior to v4 are no longer supported
npm warn deprecated inflight@1.0.6: This module is not supported, and leaks memory. Do not use it. Check out lru-cache if you want a good and tested way to coalesce async requests by a key value, which is much more comprehensive and powerful.
npm warn deprecated glob@7.2.3: Old versions of glob are not supported, and contain widely publicized security vulnerabilities, which have been fixed in the current version. Please update. Support for old versions may be purchased (at exorbitant rates) by contacting i@izs.me
npm warn deprecated domexception@4.0.0: Use your platform's native DOMException instead
npm warn deprecated i18next-parser@9.4.0: Project is deprecated, use i18next-cli instead
npm warn deprecated abab@2.0.6: Use your platform's native atob() and btoa() methods instead
npm warn deprecated popper.js@1.16.1: You can find the new Popper v2 at @popperjs/core, this package is dedicated to the legacy v1
npm warn deprecated @fortawesome/react-fontawesome@0.2.6: v0.2.x is no longer supported. Unless you are still using FontAwesome 5, please update to v3.1.1 or greater.
npm warn deprecated whatwg-encoding@2.0.0: Use @exodus/bytes instead for a more spec-conformant and faster implementation
npm warn deprecated whatwg-encoding@2.0.0: Use @exodus/bytes instead for a more spec-conformant and faster implementation
npm warn deprecated glob@10.5.0: Old versions of glob are not supported, and contain widely publicized security vulnerabilities, which have been fixed in the current version. Please update. Support for old versions may be purchased (at exorbitant rates) by contacting i@izs.me
npm warn deprecated glob@10.5.0: Old versions of glob are not supported, and contain widely publicized security vulnerabilities, which have been fixed in the current version. Please update. Support for old versions may be purchased (at exorbitant rates) by contacting i@izs.me

added 1558 packages, and audited 1559 packages in 1m

331 packages are looking for funding
  run `npm fund` for details

32 vulnerabilities (3 low, 15 moderate, 13 high, 1 critical)

To address issues that do not require attention, run:
  npm audit fix

To address all issues (including breaking changes), run:
  npm audit fix --force

Run `npm audit` for details.
--> 4d9be326ff3f
[linux/amd64] [1/3] STEP 7/8: COPY web/ web/
--> eecc88c7cb95
[linux/amd64] [1/3] STEP 8/8: RUN make build-frontend
cd web && npm run lint && npm run lint:tsc

> troubleshooting-panel-console-plugin@0.4.0 lint
> eslint ./src --fix &&  stylelint "src/**/*.css" --allow-empty-input --fix


> troubleshooting-panel-console-plugin@0.4.0 lint:tsc
> tsc --noEmit

cd web && npm run i18n && npm run build

> troubleshooting-panel-console-plugin@0.4.0 i18n
> i18n-scripts/build-i18n.sh && node i18n-scripts/set-english-defaults.js

+ FILE_PATTERN='{!(dist|node_modules)/**/*.{js,jsx,ts,tsx,json},*.{js,jsx,ts,tsx,json}}'
+ i18next '{!(dist|node_modules)/**/*.{js,jsx,ts,tsx,json},*.{js,jsx,ts,tsx,json}}' '[-oc]' -c ./i18next-parser.config.js -o 'locales/$LOCALE/$NAMESPACE.json'

  i18next Parser
  --------------
  Input:  {!(dist|node_modules)/**/*.{js,jsx,ts,tsx,json},*.{js,jsx,ts,tsx,json}}, [-oc]
  Output: locales/$LOCALE/$NAMESPACE.json

  [read]    /opt/app-root/web/console-extensions.json
  [read]    /opt/app-root/web/cypress.config.ts
  [read]    /opt/app-root/web/cypress/e2e/acceptance.cy.ts
  [read]    /opt/app-root/web/cypress/fixtures/data-test.ts
  [read]    /opt/app-root/web/cypress/support/commands/auth-commands.ts
  [read]    /opt/app-root/web/cypress/support/commands/env.ts
  [read]    /opt/app-root/web/cypress/support/commands/selector-commands.ts
  [read]    /opt/app-root/web/cypress/support/commands/troubeshoot-commands.ts
  [read]    /opt/app-root/web/cypress/support/commands/utility-commands.ts
  [read]    /opt/app-root/web/cypress/support/e2e.ts
  [read]    /opt/app-root/web/cypress/tsconfig.json
  [read]    /opt/app-root/web/cypress/views/nav.ts
  [read]    /opt/app-root/web/cypress/views/tour.ts
  [read]    /opt/app-root/web/cypress/views/utils.ts
  [read]    /opt/app-root/web/eslint.config.ts
  [read]    /opt/app-root/web/i18n-scripts/common.js
  [read]    /opt/app-root/web/i18n-scripts/set-english-defaults.js
  [read]    /opt/app-root/web/i18next-parser.config.js
  [read]    /opt/app-root/web/jest.config.js
  [read]    /opt/app-root/web/locales/en/plugin__troubleshooting-panel-console-plugin.json
  [read]    /opt/app-root/web/openapi-ts.config.ts
  [read]    /opt/app-root/web/package-lock.json
  [read]    /opt/app-root/web/package.json
  [read]    /opt/app-root/web/src/__tests__/agentNavigation.spec.ts
  [read]    /opt/app-root/web/src/__tests__/alert.spec.ts
  [read]    /opt/app-root/web/src/__tests__/icons-preview.spec.tsx
  [read]    /opt/app-root/web/src/__tests__/k8s.spec.ts
  [read]    /opt/app-root/web/src/__tests__/log.spec.ts
  [read]    /opt/app-root/web/src/__tests__/metric.spec.ts
  [read]    /opt/app-root/web/src/__tests__/netflow.spec.ts
  [read]    /opt/app-root/web/src/__tests__/status.spec.ts
  [read]    /opt/app-root/web/src/__tests__/time.spec.ts
  [read]    /opt/app-root/web/src/__tests__/trace.spec.ts
  [read]    /opt/app-root/web/src/__tests__/types.spec.ts
  [read]    /opt/app-root/web/src/components/AdvancedSearchForm.tsx
  [read]    /opt/app-root/web/src/components/AgentMenu.tsx
  [read]    /opt/app-root/web/src/components/AIExperienceIcon.tsx
  [read]    /opt/app-root/web/src/components/DateTimePicker.tsx
  [read]    /opt/app-root/web/src/components/DateTimeRangePicker.tsx
  [read]    /opt/app-root/web/src/components/HelpPopover.tsx
  [read]    /opt/app-root/web/src/components/icons.tsx
  [read]    /opt/app-root/web/src/components/Korrel8rPanel.tsx
  [read]    /opt/app-root/web/src/components/KubernetesIcon.tsx
  [read]    /opt/app-root/web/src/components/NullContextProvider.tsx
  [read]    /opt/app-root/web/src/components/Popover.tsx
  [read]    /opt/app-root/web/src/components/TimeRangeDropdown.tsx
  [read]    /opt/app-root/web/src/components/TimeUnitPicker.tsx
  [read]    /opt/app-root/web/src/components/topology/Korrel8rTopology.tsx
  [read]    /opt/app-root/web/src/components/topology/status.ts
  [read]    /opt/app-root/web/src/encoder-shim.ts
  [read]    /opt/app-root/web/src/getResources.ts
  [read]    /opt/app-root/web/src/hooks/useAgentNavigation.ts
  [read]    /opt/app-root/web/src/hooks/useBoolean.ts
  [read]    /opt/app-root/web/src/hooks/useDomains.tsx
  [read]    /opt/app-root/web/src/hooks/useFeatures.ts
  [read]    /opt/app-root/web/src/hooks/useLocationQuery.ts
  [read]    /opt/app-root/web/src/hooks/useNavigateToQuery.ts
  [read]    /opt/app-root/web/src/hooks/usePluginAvailable.ts
  [read]    /opt/app-root/web/src/hooks/usePopover.tsx
  [read]    /opt/app-root/web/src/hooks/useTimeUnitLabel.tsx
  [read]    /opt/app-root/web/src/hooks/useTroubleshootingPanel.tsx
  [read]    /opt/app-root/web/src/index.d.ts
  [read]    /opt/app-root/web/src/korrel8r-client.ts
  [read]    /opt/app-root/web/src/korrel8r/alert.ts
  [read]    /opt/app-root/web/src/korrel8r/client/client.gen.ts
  [read]    /opt/app-root/web/src/korrel8r/client/client/client.gen.ts
  [read]    /opt/app-root/web/src/korrel8r/client/client/index.ts
  [read]    /opt/app-root/web/src/korrel8r/client/client/types.gen.ts
  [read]    /opt/app-root/web/src/korrel8r/client/client/utils.gen.ts
  [read]    /opt/app-root/web/src/korrel8r/client/core/auth.gen.ts
  [read]    /opt/app-root/web/src/korrel8r/client/core/bodySerializer.gen.ts
  [read]    /opt/app-root/web/src/korrel8r/client/core/params.gen.ts
  [read]    /opt/app-root/web/src/korrel8r/client/core/pathSerializer.gen.ts
  [read]    /opt/app-root/web/src/korrel8r/client/core/queryKeySerializer.gen.ts
  [read]    /opt/app-root/web/src/korrel8r/client/core/serverSentEvents.gen.ts
  [read]    /opt/app-root/web/src/korrel8r/client/core/types.gen.ts
  [read]    /opt/app-root/web/src/korrel8r/client/core/utils.gen.ts
  [read]    /opt/app-root/web/src/korrel8r/client/index.ts
  [read]    /opt/app-root/web/src/korrel8r/client/sdk.gen.ts
  [read]    /opt/app-root/web/src/korrel8r/client/types.gen.ts
  [read]    /opt/app-root/web/src/korrel8r/k8s.ts
  [read]    /opt/app-root/web/src/korrel8r/log.ts
  [read]    /opt/app-root/web/src/korrel8r/metric.ts
  [read]    /opt/app-root/web/src/korrel8r/netflow.ts
  [read]    /opt/app-root/web/src/korrel8r/trace.ts
  [read]    /opt/app-root/web/src/korrel8r/types.ts
  [read]    /opt/app-root/web/src/redux-actions.ts
  [read]    /opt/app-root/web/src/redux-reducers.ts
  [read]    /opt/app-root/web/src/sleep.ts
  [read]    /opt/app-root/web/src/time.ts
  [read]    /opt/app-root/web/tsconfig.json
  [read]    /opt/app-root/web/webpack.config.ts
  [write]   /opt/app-root/web/locales/en/plugin__troubleshooting-panel-console-plugin.json

  Stats:  92 files were parsed

> troubleshooting-panel-console-plugin@0.4.0 build
> npm run clean && npm run ts-node node_modules/.bin/webpack


> troubleshooting-panel-console-plugin@0.4.0 clean
> rm -rf dist


> troubleshooting-panel-console-plugin@0.4.0 ts-node
> ts-node -O '{"module":"commonjs"}' node_modules/.bin/webpack

@patternfly/react-core dynamic modules taken from dist/dynamic-modules.json
@patternfly/react-icons dynamic modules taken from dist/dynamic-modules.json
assets by path *.js 4.68 MiB
  assets by chunk 3.63 MiB (id hint: vendors)
    asset vendors-node_modules_fortawesome_react-fontawesome_index_es_js-node_modules_patternfly_react--68e614-chunk.js 1.4 MiB [emitted] (id hint: vendors) 1 related asset
    asset vendors-node_modules_patternfly_react-core_dist_esm_helpers_Popper_Popper_js-chunk.js 1.16 MiB [emitted] (id hint: vendors) 1 related asset
    asset vendors-node_modules_immutable_dist_immutable_es_js-node_modules_typesafe-actions_dist_typesa-cdf261-chunk.js 183 KiB [emitted] (id hint: vendors) 1 related asset
    asset vendors-node_modules_patternfly_react-core_dist_esm_components_DatePicker_index_js-chunk.js 94.8 KiB [emitted] (id hint: vendors) 1 related asset
    asset vendors-node_modules_patternfly_react-core_dist_esm_components_Menu_Menu_js-node_modules_patt-b35725-chunk.js 90.8 KiB [emitted] (id hint: vendors) 1 related asset
    asset vendors-node_modules_patternfly_react-core_dist_esm_helpers_FocusTrap_FocusTrap_js-node_modul-246622-chunk.js 80.1 KiB [emitted] (id hint: vendors) 1 related asset
    asset vendors-node_modules_patternfly_react-core_dist_esm_components_Form_index_js-chunk.js 63.3 KiB [emitted] (id hint: vendors) 1 related asset
    asset vendors-node_modules_patternfly_react-core_dist_esm_components_TimePicker_index_js-chunk.js 56.3 KiB [emitted] (id hint: vendors) 1 related asset
    asset vendors-node_modules_patternfly_react-core_dist_esm_components_EmptyState_index_js-chunk.js 54.1 KiB [emitted] (id hint: vendors) 1 related asset
    + 13 assets
  + 84 assets
asset locales/en/plugin__troubleshooting-panel-console-plugin.json 3.61 KiB [emitted] [from: ../locales/en/plugin__troubleshooting-panel-console-plugin.json] [copied]
asset plugin-manifest.json 1.19 KiB [emitted]
orphan modules 48.9 KiB [orphan] 74 modules
runtime modules 89.5 KiB 12 modules
javascript modules 3.21 MiB 400 modules
consume-shared-module modules 2.09 KiB
  modules by path consume shared module (default) @patternfly/ 1.89 KiB 46 modules
  modules by path *.1 (singleton) 84 bytes 2 modules
  + 3 modules
provide-module modules 1.85 KiB
  modules by path provide shared module (default) @patternfly/react-core/dist/dynamic/ 1.23 KiB 30 modules
  modules by path provide shared module (default) @patternfly/react-icons/dist/dynamic/icons/ 630 bytes
    provide shared module (default) @patternfly/react-icons/dist/dynamic/icons/atten...(truncated) 42 bytes [built] [code generated]
    provide shared module (default) @patternfly/react-icons/dist/dynamic/icons/ban-i...(truncated) 42 bytes [built] [code generated]
    + 13 modules
../node_modules/@fortawesome/fontawesome-svg-core/package.json 1.39 KiB [optional] [built] [code generated]
webpack 5.106.0 compiled successfully in 3796 ms
--> 9565ac4494cf
[linux/arm64] [1/3] STEP 1/8: FROM registry.access.redhat.com/ubi9/nodejs-22:latest AS web-builder
Trying to pull registry.access.redhat.com/ubi9/nodejs-22:latest...
Getting image source signatures
Checking if image destination supports signatures
Copying blob sha256:143df91a054c3d67ed690e7f87f430247e12263d24f8d216e794a40abed4caa8
Copying blob sha256:3fa2c3ec93bd0d2914f8e021fa5b043ace5a704a440ecd2db626edd260f6a3c8
Copying blob sha256:96c26ef68d364bcbd8f901e4664d7531ebb74699c6d8a69825e5925d8c6696c2
Copying config sha256:21c0269160eae1f56763a0def0f20ffead061334731e5fd18ceb2c7eca36dca5
Writing manifest to image destination
Storing signatures
[linux/arm64] [1/3] STEP 2/8: WORKDIR /opt/app-root
--> Using cache f138705962d11e61edb13d571ef027b5aaab047c990ddb975b6c9bd527be9ff2
--> f138705962d1
[linux/arm64] [1/3] STEP 3/8: USER 0
--> Using cache 61b9a6eeee01e35ad9cddcbb7edcdd161f356f63b32f84c07f8ec25b4736e4c7
--> 61b9a6eeee01
[linux/arm64] [1/3] STEP 4/8: COPY web/package*.json web/
--> b8bca56c06d0
[linux/arm64] [1/3] STEP 5/8: COPY Makefile Makefile
--> f834ef30ca7c
[linux/arm64] [1/3] STEP 6/8: RUN make install-frontend
cd web && npm install
npm warn deprecated whatwg-encoding@3.1.1: Use @exodus/bytes instead for a more spec-conformant and faster implementation
npm warn deprecated rimraf@3.0.2: Rimraf versions prior to v4 are no longer supported
npm warn deprecated popper.js@1.16.1: You can find the new Popper v2 at @popperjs/core, this package is dedicated to the legacy v1
npm warn deprecated inflight@1.0.6: This module is not supported, and leaks memory. Do not use it. Check out lru-cache if you want a good and tested way to coalesce async requests by a key value, which is much more comprehensive and powerful.
npm warn deprecated i18next-parser@9.4.0: Project is deprecated, use i18next-cli instead
npm warn deprecated glob@7.2.3: Old versions of glob are not supported, and contain widely publicized security vulnerabilities, which have been fixed in the current version. Please update. Support for old versions may be purchased (at exorbitant rates) by contacting i@izs.me
npm warn deprecated domexception@4.0.0: Use your platform's native DOMException instead
npm warn deprecated abab@2.0.6: Use your platform's native atob() and btoa() methods instead
npm warn deprecated @fortawesome/react-fontawesome@0.2.6: v0.2.x is no longer supported. Unless you are still using FontAwesome 5, please update to v3.1.1 or greater.
npm warn deprecated glob@10.5.0: Old versions of glob are not supported, and contain widely publicized security vulnerabilities, which have been fixed in the current version. Please update. Support for old versions may be purchased (at exorbitant rates) by contacting i@izs.me
npm warn deprecated whatwg-encoding@2.0.0: Use @exodus/bytes instead for a more spec-conformant and faster implementation
npm warn deprecated whatwg-encoding@2.0.0: Use @exodus/bytes instead for a more spec-conformant and faster implementation
npm warn deprecated glob@10.5.0: Old versions of glob are not supported, and contain widely publicized security vulnerabilities, which have been fixed in the current version. Please update. Support for old versions may be purchased (at exorbitant rates) by contacting i@izs.me

added 1558 packages, and audited 1559 packages in 53s

331 packages are looking for funding
  run `npm fund` for details

32 vulnerabilities (3 low, 15 moderate, 13 high, 1 critical)

To address issues that do not require attention, run:
  npm audit fix

To address all issues (including breaking changes), run:
  npm audit fix --force

Run `npm audit` for details.
--> 9d53daa4f42d
[linux/arm64] [1/3] STEP 7/8: COPY web/ web/
--> fc2ffcec2daf
[linux/arm64] [1/3] STEP 8/8: RUN make build-frontend
cd web && npm run lint && npm run lint:tsc

> troubleshooting-panel-console-plugin@0.4.0 lint
> eslint ./src --fix &&  stylelint "src/**/*.css" --allow-empty-input --fix


> troubleshooting-panel-console-plugin@0.4.0 lint:tsc
> tsc --noEmit

cd web && npm run i18n && npm run build

> troubleshooting-panel-console-plugin@0.4.0 i18n
> i18n-scripts/build-i18n.sh && node i18n-scripts/set-english-defaults.js

+ FILE_PATTERN='{!(dist|node_modules)/**/*.{js,jsx,ts,tsx,json},*.{js,jsx,ts,tsx,json}}'
+ i18next '{!(dist|node_modules)/**/*.{js,jsx,ts,tsx,json},*.{js,jsx,ts,tsx,json}}' '[-oc]' -c ./i18next-parser.config.js -o 'locales/$LOCALE/$NAMESPACE.json'

  i18next Parser
  --------------
  Input:  {!(dist|node_modules)/**/*.{js,jsx,ts,tsx,json},*.{js,jsx,ts,tsx,json}}, [-oc]
  Output: locales/$LOCALE/$NAMESPACE.json

  [read]    /opt/app-root/web/console-extensions.json
  [read]    /opt/app-root/web/cypress.config.ts
  [read]    /opt/app-root/web/cypress/e2e/acceptance.cy.ts
  [read]    /opt/app-root/web/cypress/fixtures/data-test.ts
  [read]    /opt/app-root/web/cypress/support/commands/auth-commands.ts
  [read]    /opt/app-root/web/cypress/support/commands/env.ts
  [read]    /opt/app-root/web/cypress/support/commands/selector-commands.ts
  [read]    /opt/app-root/web/cypress/support/commands/troubeshoot-commands.ts
  [read]    /opt/app-root/web/cypress/support/commands/utility-commands.ts
  [read]    /opt/app-root/web/cypress/support/e2e.ts
  [read]    /opt/app-root/web/cypress/tsconfig.json
  [read]    /opt/app-root/web/cypress/views/nav.ts
  [read]    /opt/app-root/web/cypress/views/tour.ts
  [read]    /opt/app-root/web/cypress/views/utils.ts
  [read]    /opt/app-root/web/eslint.config.ts
  [read]    /opt/app-root/web/i18n-scripts/common.js
  [read]    /opt/app-root/web/i18n-scripts/set-english-defaults.js
  [read]    /opt/app-root/web/i18next-parser.config.js
  [read]    /opt/app-root/web/jest.config.js
  [read]    /opt/app-root/web/locales/en/plugin__troubleshooting-panel-console-plugin.json
  [read]    /opt/app-root/web/openapi-ts.config.ts
  [read]    /opt/app-root/web/package-lock.json
  [read]    /opt/app-root/web/package.json
  [read]    /opt/app-root/web/src/__tests__/agentNavigation.spec.ts
  [read]    /opt/app-root/web/src/__tests__/alert.spec.ts
  [read]    /opt/app-root/web/src/__tests__/icons-preview.spec.tsx
  [read]    /opt/app-root/web/src/__tests__/k8s.spec.ts
  [read]    /opt/app-root/web/src/__tests__/log.spec.ts
  [read]    /opt/app-root/web/src/__tests__/metric.spec.ts
  [read]    /opt/app-root/web/src/__tests__/netflow.spec.ts
  [read]    /opt/app-root/web/src/__tests__/status.spec.ts
  [read]    /opt/app-root/web/src/__tests__/time.spec.ts
  [read]    /opt/app-root/web/src/__tests__/trace.spec.ts
  [read]    /opt/app-root/web/src/__tests__/types.spec.ts
  [read]    /opt/app-root/web/src/components/AdvancedSearchForm.tsx
  [read]    /opt/app-root/web/src/components/AgentMenu.tsx
  [read]    /opt/app-root/web/src/components/AIExperienceIcon.tsx
  [read]    /opt/app-root/web/src/components/DateTimePicker.tsx
  [read]    /opt/app-root/web/src/components/DateTimeRangePicker.tsx
  [read]    /opt/app-root/web/src/components/HelpPopover.tsx
  [read]    /opt/app-root/web/src/components/icons.tsx
  [read]    /opt/app-root/web/src/components/Korrel8rPanel.tsx
  [read]    /opt/app-root/web/src/components/KubernetesIcon.tsx
  [read]    /opt/app-root/web/src/components/NullContextProvider.tsx
  [read]    /opt/app-root/web/src/components/Popover.tsx
  [read]    /opt/app-root/web/src/components/TimeRangeDropdown.tsx
  [read]    /opt/app-root/web/src/components/TimeUnitPicker.tsx
  [read]    /opt/app-root/web/src/components/topology/Korrel8rTopology.tsx
  [read]    /opt/app-root/web/src/components/topology/status.ts
  [read]    /opt/app-root/web/src/encoder-shim.ts
  [read]    /opt/app-root/web/src/getResources.ts
  [read]    /opt/app-root/web/src/hooks/useAgentNavigation.ts
  [read]    /opt/app-root/web/src/hooks/useBoolean.ts
  [read]    /opt/app-root/web/src/hooks/useDomains.tsx
  [read]    /opt/app-root/web/src/hooks/useFeatures.ts
  [read]    /opt/app-root/web/src/hooks/useLocationQuery.ts
  [read]    /opt/app-root/web/src/hooks/useNavigateToQuery.ts
  [read]    /opt/app-root/web/src/hooks/usePluginAvailable.ts
  [read]    /opt/app-root/web/src/hooks/usePopover.tsx
  [read]    /opt/app-root/web/src/hooks/useTimeUnitLabel.tsx
  [read]    /opt/app-root/web/src/hooks/useTroubleshootingPanel.tsx
  [read]    /opt/app-root/web/src/index.d.ts
  [read]    /opt/app-root/web/src/korrel8r-client.ts
  [read]    /opt/app-root/web/src/korrel8r/alert.ts
  [read]    /opt/app-root/web/src/korrel8r/client/client.gen.ts
  [read]    /opt/app-root/web/src/korrel8r/client/client/client.gen.ts
  [read]    /opt/app-root/web/src/korrel8r/client/client/index.ts
  [read]    /opt/app-root/web/src/korrel8r/client/client/types.gen.ts
  [read]    /opt/app-root/web/src/korrel8r/client/client/utils.gen.ts
  [read]    /opt/app-root/web/src/korrel8r/client/core/auth.gen.ts
  [read]    /opt/app-root/web/src/korrel8r/client/core/bodySerializer.gen.ts
  [read]    /opt/app-root/web/src/korrel8r/client/core/params.gen.ts
  [read]    /opt/app-root/web/src/korrel8r/client/core/pathSerializer.gen.ts
  [read]    /opt/app-root/web/src/korrel8r/client/core/queryKeySerializer.gen.ts
  [read]    /opt/app-root/web/src/korrel8r/client/core/serverSentEvents.gen.ts
  [read]    /opt/app-root/web/src/korrel8r/client/core/types.gen.ts
  [read]    /opt/app-root/web/src/korrel8r/client/core/utils.gen.ts
  [read]    /opt/app-root/web/src/korrel8r/client/index.ts
  [read]    /opt/app-root/web/src/korrel8r/client/sdk.gen.ts
  [read]    /opt/app-root/web/src/korrel8r/client/types.gen.ts
  [read]    /opt/app-root/web/src/korrel8r/k8s.ts
  [read]    /opt/app-root/web/src/korrel8r/log.ts
  [read]    /opt/app-root/web/src/korrel8r/metric.ts
  [read]    /opt/app-root/web/src/korrel8r/netflow.ts
  [read]    /opt/app-root/web/src/korrel8r/trace.ts
  [read]    /opt/app-root/web/src/korrel8r/types.ts
  [read]    /opt/app-root/web/src/redux-actions.ts
  [read]    /opt/app-root/web/src/redux-reducers.ts
  [read]    /opt/app-root/web/src/sleep.ts
  [read]    /opt/app-root/web/src/time.ts
  [read]    /opt/app-root/web/tsconfig.json
  [read]    /opt/app-root/web/webpack.config.ts
  [write]   /opt/app-root/web/locales/en/plugin__troubleshooting-panel-console-plugin.json

  Stats:  92 files were parsed

> troubleshooting-panel-console-plugin@0.4.0 build
> npm run clean && npm run ts-node node_modules/.bin/webpack


> troubleshooting-panel-console-plugin@0.4.0 clean
> rm -rf dist


> troubleshooting-panel-console-plugin@0.4.0 ts-node
> ts-node -O '{"module":"commonjs"}' node_modules/.bin/webpack

@patternfly/react-core dynamic modules taken from dist/dynamic-modules.json
@patternfly/react-icons dynamic modules taken from dist/dynamic-modules.json
assets by path *.js 4.68 MiB
  assets by chunk 3.63 MiB (id hint: vendors)
    asset vendors-node_modules_fortawesome_react-fontawesome_index_es_js-node_modules_patternfly_react--68e614-chunk.js 1.4 MiB [emitted] (id hint: vendors) 1 related asset
    asset vendors-node_modules_patternfly_react-core_dist_esm_helpers_Popper_Popper_js-chunk.js 1.16 MiB [emitted] (id hint: vendors) 1 related asset
    asset vendors-node_modules_immutable_dist_immutable_es_js-node_modules_typesafe-actions_dist_typesa-cdf261-chunk.js 183 KiB [emitted] (id hint: vendors) 1 related asset
    asset vendors-node_modules_patternfly_react-core_dist_esm_components_DatePicker_index_js-chunk.js 94.8 KiB [emitted] (id hint: vendors) 1 related asset
    asset vendors-node_modules_patternfly_react-core_dist_esm_components_Menu_Menu_js-node_modules_patt-b35725-chunk.js 90.8 KiB [emitted] (id hint: vendors) 1 related asset
    asset vendors-node_modules_patternfly_react-core_dist_esm_helpers_FocusTrap_FocusTrap_js-node_modul-246622-chunk.js 80.1 KiB [emitted] (id hint: vendors) 1 related asset
    asset vendors-node_modules_patternfly_react-core_dist_esm_components_Form_index_js-chunk.js 63.3 KiB [emitted] (id hint: vendors) 1 related asset
    asset vendors-node_modules_patternfly_react-core_dist_esm_components_TimePicker_index_js-chunk.js 56.3 KiB [emitted] (id hint: vendors) 1 related asset
    asset vendors-node_modules_patternfly_react-core_dist_esm_components_EmptyState_index_js-chunk.js 54.1 KiB [emitted] (id hint: vendors) 1 related asset
    + 13 assets
  + 84 assets
asset locales/en/plugin__troubleshooting-panel-console-plugin.json 3.61 KiB [emitted] [from: ../locales/en/plugin__troubleshooting-panel-console-plugin.json] [copied]
asset plugin-manifest.json 1.19 KiB [emitted]
orphan modules 48.9 KiB [orphan] 74 modules
runtime modules 89.5 KiB 12 modules
javascript modules 3.21 MiB 400 modules
consume-shared-module modules 2.09 KiB
  modules by path consume shared module (default) @patternfly/ 1.89 KiB 46 modules
  modules by path *.1 (singleton) 84 bytes 2 modules
  + 3 modules
provide-module modules 1.85 KiB
  modules by path provide shared module (default) @patternfly/react-core/dist/dynamic/ 1.23 KiB 30 modules
  modules by path provide shared module (default) @patternfly/react-icons/dist/dynamic/icons/ 630 bytes
    provide shared module (default) @patternfly/react-icons/dist/dynamic/icons/atten...(truncated) 42 bytes [built] [code generated]
    provide shared module (default) @patternfly/react-icons/dist/dynamic/icons/ban-i...(truncated) 42 bytes [built] [code generated]
    + 13 modules
../node_modules/@fortawesome/fontawesome-svg-core/package.json 1.39 KiB [optional] [built] [code generated]
webpack 5.106.0 compiled successfully in 2078 ms
--> 3bcb32642e62
[linux/amd64] [2/3] STEP 1/11: FROM registry.access.redhat.com/ubi9/go-toolset:1.26 AS go-builder
[linux/amd64] [2/3] STEP 2/11: WORKDIR /opt/app-root
--> Using cache cee354c451d26ec48e252e69f6a18fab7e7ba3c3da8f781ab23670ac2f707413
--> cee354c451d2
[linux/amd64] [2/3] STEP 3/11: COPY Makefile Makefile
--> 92e4641889e6
[linux/amd64] [2/3] STEP 4/11: COPY go.mod go.mod
--> 13872339efa2
[linux/amd64] [2/3] STEP 5/11: COPY go.sum go.sum
--> 77c654cb7fea
[linux/amd64] [2/3] STEP 6/11: RUN go mod download
--> 154e823ebba3
[linux/amd64] [2/3] STEP 7/11: COPY cmd/ cmd/
--> c7091f3c68bb
[linux/amd64] [2/3] STEP 8/11: COPY pkg/ pkg/
--> 30c48f3ce62e
[linux/amd64] [2/3] STEP 9/11: ENV GOEXPERIMENT=strictfipsruntime
--> 2dad2e5db64d
[linux/amd64] [2/3] STEP 10/11: ENV CGO_ENABLED=1
--> fecb4cea8d91
[linux/amd64] [2/3] STEP 11/11: RUN make build-backend BUILD_OPTS="-tags strictfipsruntime"
go build -tags strictfipsruntime -o plugin-backend -mod=readonly cmd/plugin-backend.go
--> ce2623ec3506
[linux/arm64] [2/3] STEP 1/11: FROM registry.access.redhat.com/ubi9/go-toolset:1.26 AS go-builder
Trying to pull registry.access.redhat.com/ubi9/go-toolset:1.26...
Getting image source signatures
Checking if image destination supports signatures
Copying blob sha256:3b33bd74c459c543768665bc4406a7ec75fd6a2de94164c1ad9968e07c895aaf
Copying blob sha256:3fa2c3ec93bd0d2914f8e021fa5b043ace5a704a440ecd2db626edd260f6a3c8
Copying blob sha256:96c26ef68d364bcbd8f901e4664d7531ebb74699c6d8a69825e5925d8c6696c2
Copying blob sha256:852e434154bbab928ec83bdc7061dee5120584a0c35903abf2b024686bc65eb8
Copying config sha256:c9e40cb14364af57c6c2c0ca7a8afc8b39349b65e751b3062bf52d82bdc297cb
Writing manifest to image destination
Storing signatures
[linux/arm64] [2/3] STEP 2/11: WORKDIR /opt/app-root
--> Using cache b41719939b9ccc27e127d90e34c6d07d71d530c12510c6240a59107642bf4978
--> b41719939b9c
[linux/arm64] [2/3] STEP 3/11: COPY Makefile Makefile
--> bf320da58982
[linux/arm64] [2/3] STEP 4/11: COPY go.mod go.mod
--> 416f90b6ff4d
[linux/arm64] [2/3] STEP 5/11: COPY go.sum go.sum
--> 92853cc537bc
[linux/arm64] [2/3] STEP 6/11: RUN go mod download
--> 2df4e25ee353
[linux/arm64] [2/3] STEP 7/11: COPY cmd/ cmd/
--> f131672f2b73
[linux/arm64] [2/3] STEP 8/11: COPY pkg/ pkg/
--> 4cd3f82c5a71
[linux/arm64] [2/3] STEP 9/11: ENV GOEXPERIMENT=strictfipsruntime
--> 0e6e7fb9ed3a
[linux/arm64] [2/3] STEP 10/11: ENV CGO_ENABLED=1
--> 956b331189c6
[linux/arm64] [2/3] STEP 11/11: RUN make build-backend BUILD_OPTS="-tags strictfipsruntime"
go build -tags strictfipsruntime -o plugin-backend -mod=readonly cmd/plugin-backend.go
--> fa6ef748504d
[linux/amd64] [3/3] STEP 1/4: FROM registry.access.redhat.com/ubi9/ubi-minimal
[linux/amd64] [3/3] STEP 2/4: COPY --from=web-builder /opt/app-root/web/dist /opt/app-root/web/dist
--> 114e79adde7c
[linux/amd64] [3/3] STEP 3/4: COPY --from=go-builder /opt/app-root/plugin-backend /opt/app-root
--> 963f7bff6576
[linux/amd64] [3/3] STEP 4/4: ENTRYPOINT ["/opt/app-root/plugin-backend", "-static-path", "/opt/app-root/web/dist"]
[linux/amd64] [3/3] COMMIT
--> 449f909a16c6
[linux/arm64] [3/3] STEP 1/4: FROM registry.access.redhat.com/ubi9/ubi-minimal
449f909a16c6044486815a59a2328397f5d77df9ba5c3e22893d87dc4cdfff5e
Trying to pull registry.access.redhat.com/ubi9/ubi-minimal:latest...
Getting image source signatures
Checking if image destination supports signatures
Copying blob sha256:8289a871631249c9c1a3b2366de832716cd43c77864c245a1c1364a2abeb5704
Copying config sha256:19a5d5dc0e92607939d631511c68a3b399a200a3bfbe6a1dfe726549e1527ae0
Writing manifest to image destination
Storing signatures
[linux/arm64] [3/3] STEP 2/4: COPY --from=web-builder /opt/app-root/web/dist /opt/app-root/web/dist
--> 6d475a35137d
[linux/arm64] [3/3] STEP 3/4: COPY --from=go-builder /opt/app-root/plugin-backend /opt/app-root
--> 9086e62ad37c
[linux/arm64] [3/3] STEP 4/4: ENTRYPOINT ["/opt/app-root/plugin-backend", "-static-path", "/opt/app-root/web/dist"]
[linux/arm64] [3/3] COMMIT
--> 01ec1789e1f8
01ec1789e1f8cff00021e3e7df701c78f07895074ed8e402047ca666e21a0b63
podman manifest push quay.io/openshift-observability-ui/troubleshooting-panel-console-plugin:v1.1.0
Getting image list signatures
Copying 2 images generated from 2 images in list
Copying image sha256:926cb3055f8904cbae9329fed3d22449387f2d32df1552d195d758aa9511fe55 (1/2)
Getting image source signatures
Copying blob sha256:ab1ad44038683b1cc3499167376013e476c6b86f6e8bd8604eef4e71772da677
Copying blob sha256:56550161697f795bc52c827a70fe1e427be4c6bdf4e3c9b2d560f51c2524b6f3
Copying blob sha256:78258587343b5e68a1422803ca1bed6ee86f83e4191ead20e75ea4b1e45ba53c
Copying config sha256:449f909a16c6044486815a59a2328397f5d77df9ba5c3e22893d87dc4cdfff5e
Writing manifest to image destination
Copying image sha256:b876c78d0010f42dcf9ca8143de24a978871df44551dcd57332aea5126592bfe (2/2)
Getting image source signatures
Copying blob sha256:c27d4cd97236485f237ecf75867b07cacf858d4bc4cd3d79b8656e93cca8413d
Copying blob sha256:21848daa2d82eaa3478f5087fb974ec3f3a8afe8b3587cce17bb6b3232ffc1e9
Copying blob sha256:5e0c0516b794028658ae88ffcfcd76efa540e4fbc1cd5844aeafbcb20488674a
Copying config sha256:01ec1789e1f8cff00021e3e7df701c78f07895074ed8e402047ca666e21a0b63
Writing manifest to image destination
Writing manifest list to image destination
Storing list signatures
==========================================
Building monitoring-plugin @ release-coo-ocp-4.22 with VERSION=v1.1.0 ORG=openshift-observability-ui
==========================================
Switched to branch 'release-coo-ocp-4.22'
Your branch is behind 'origin/release-coo-ocp-4.22' by 181 commits, and can be fast-forwarded.
  (use "git pull" to update your local branch)
From https://github.com/openshift/monitoring-plugin
 * branch              release-coo-ocp-4.22 -> FETCH_HEAD
Updating 7ec1ff5f..0192dbb3
Fast-forward
 .ci-operator.yaml                                  |    2 +-
 .claude/commands/cypress/cypress-run.md            |   93 +-
 .../cypress/scripts/open-cypress-terminal-linux.sh |   76 +-
 .../cypress/scripts/open-cypress-terminal-macos.sh |  114 +-
 .claude/commands/run-perses-dev.md                 |    8 +-
 .coderabbit.yaml                                   |    3 +
 .cursor/commands/generate-regression-test.md       |  280 +-
 .gitignore                                         |    1 +
 AGENTS.md                                          |   56 +-
 CONTRIBUTING.md                                    |   52 +-
 Dockerfile                                         |    3 +-
 Dockerfile.art                                     |    8 +-
 Dockerfile.art-coo                                 |    1 +
 Dockerfile.dev                                     |    3 +-
 Dockerfile.dev-mcp                                 |    8 +-
 Dockerfile.mcp                                     |    3 +-
 Dockerfile.test                                    |    2 +
 Makefile                                           |   42 +-
 OWNERS                                             |   10 +-
 OWNERS_ALIASES                                     |   10 +
 README.md                                          |  104 +-
 charts/openshift-console-plugin/.helmignore        |   23 -
 charts/openshift-console-plugin/Chart.yaml         |    5 -
 .../templates/_helpers.tpl                         |   93 -
 .../templates/consoleplugin.yaml                   |   61 -
 .../templates/deployment.yaml                      |   70 -
 .../templates/patcher-clusterrole.yaml             |   13 -
 .../templates/patcher-clusterrolebinding.yaml      |   17 -
 .../templates/patcher-consoles-job.yaml            |   42 -
 .../templates/patcher-serviceaccount.yaml          |   12 -
 .../templates/service.yaml                         |   35 -
 .../templates/serviceaccount.yaml                  |   12 -
 charts/openshift-console-plugin/values.yaml        |   66 -
 cmd/plugin-backend.go                              |    4 +-
 config/acm-alerting.patch.json                     |   16 +-
 config/alerting.patch.json                         |  323 +
 config/clear-extensions.patch.json                 |   15 -
 config/cluster-health-analyzer.patch.json          |    2 +-
 config/legacy-dashboards.patch.json                |   81 +
 config/metrics.patch.json                          |  103 +
 ...h.json => monitoring-console-plugin.patch.json} |    0
 config/monitoring-plugin.patch.json                |   34 +
 config/perses-dashboards.patch.json                |   20 +-
 config/targets.patch.json                          |   63 +
 ct.yaml                                            |    5 -
 devspace-deployment.yaml                           |   14 -
 devspace.yaml                                      |    6 +-
 docs/STYLEGUIDE.md                                 |   24 +
 .../tests/performance/03.endurance_test_source.md  |  173 +
 .../tests/performance/overview.md                  |   93 +
 hack/create-uiplugin.sh                            |    2 +-
 pkg/{proxy => monitoring}/proxy.go                 |    2 +-
 pkg/{proxy => monitoring}/sanitize.go              |    2 +-
 pkg/{ => server}/plugin_handler.go                 |   34 +-
 pkg/{ => server}/server.go                         |   41 +-
 pkg/{ => server}/server_test.go                    |   16 +-
 renovate.json                                      |   60 +
 web/console-extensions.json                        |  420 -
 web/cypress.config.ts                              |   61 +-
 web/cypress/CYPRESS_TESTING_GUIDE.md               |    2 +-
 web/cypress/Dockerfile                             |    2 +
 web/cypress/E2E_TEST_SCENARIOS.md                  |  193 +-
 web/cypress/OWNERS                                 |   11 +
 web/cypress/README.md                              |  173 +-
 web/cypress/component/labels.cy.tsx                |    2 +-
 .../component/mocks/AddToDashboardButton.tsx       |    4 +-
 .../component/mocks/OlsToolUIPersesWrapper.tsx     |    4 +-
 web/cypress/component/mocks/perses-dashboards.tsx  |    9 +-
 .../component/ols-tool-ui/ShowTimeseries.cy.tsx    |    2 +-
 web/cypress/dummy.tsx                              |   12 -
 web/cypress/e2e/coo/01.coo_bvt.cy.ts               |    2 +-
 web/cypress/e2e/coo/01.coo_ivt.cy.ts               |   34 +-
 web/cypress/e2e/coo/02.acm_alerting_ui.cy.ts       |   41 +-
 web/cypress/e2e/coo/02.acm_perses.cy.ts            |   37 +
 .../coo/03.coo_lightspeed_show_timeseries.cy.ts    |  189 +
 .../e2e/incidents/00.coo_incidents_e2e.cy.ts       |   11 +-
 web/cypress/e2e/incidents/01.incidents.cy.ts       |   49 +-
 .../incidents/02.incidents-mocking-example.cy.ts   |    2 +-
 .../performance/01.performance_benchmark.cy.ts     |  199 +
 .../performance/02.performance_walkthrough.cy.ts   |  174 +
 .../incidents/regression/01.reg_filtering.cy.ts    |   57 +-
 .../02.reg_ui_charts_comprehensive.cy.ts           |  769 +-
 .../02.reg_ui_tooltip_boundary_times.cy.ts         |    5 +-
 .../regression/03-04.reg_e2e_firing_alerts.cy.ts   |    9 +-
 .../incidents/regression/03.reg_api_calls.cy.ts    |  301 +-
 .../regression/04.reg_redux_effects.cy.ts          |  310 +-
 .../regression/05.reg_stress_testing_ui.cy.ts      |    3 +-
 web/cypress/e2e/monitoring/00.bvt_admin.cy.ts      |  124 +-
 web/cypress/e2e/monitoring/00.bvt_dev.cy.ts        |    2 +-
 .../regression/01.reg_alerts_admin.cy.ts           |   15 +-
 .../monitoring/regression/01.reg_alerts_dev.cy.ts  |    2 +-
 .../regression/02.reg_metrics_admin_1.cy.ts        |   34 +-
 .../regression/02.reg_metrics_admin_2.cy.ts        |   34 +-
 .../03.reg_legacy_dashboards_admin.cy.ts           |    4 +-
 .../e2e/perses/00.coo_bvt_perses_admin.cy.ts       |    8 +-
 .../e2e/perses/01.coo_list_perses_admin.cy.ts      |   14 +-
 .../e2e/perses/02.coo_edit_perses_admin.cy.ts      |   37 +-
 .../e2e/perses/03.coo_create_perses_admin.cy.ts    |   37 +-
 .../e2e/perses/04.coo_import_perses_admin.cy.ts    |   38 +-
 .../e2e/perses/05.coo_tempo_loki_admin.cy.ts       |    4 +-
 .../e2e/perses/99.coo_rbac_perses_user1.cy.ts      |   30 +-
 .../e2e/perses/99.coo_rbac_perses_user2.cy.ts      |   40 +-
 .../e2e/perses/99.coo_rbac_perses_user3.cy.ts      |   41 +-
 .../e2e/perses/99.coo_rbac_perses_user4.cy.ts      |   41 +-
 .../e2e/perses/99.coo_rbac_perses_user5.cy.ts      |   41 +-
 .../e2e/perses/99.coo_rbac_perses_user6.cy.ts      |   38 +-
 web/cypress/e2e/virtualization/00.coo_ivt.cy.ts    |   50 +-
 .../e2e/virtualization/01.coo_ivt_alerts.cy.ts     |   10 +-
 .../e2e/virtualization/02.coo_ivt_metrics_1.cy.ts  |   14 +-
 .../e2e/virtualization/02.coo_ivt_metrics_2.cy.ts  |   14 +-
 .../03.coo_ivt_legacy_dashboards.cy.ts             |   14 +-
 .../e2e/virtualization/04.coo_ivt_perses.cy.ts     |    6 +-
 web/cypress/fixtures/coo/acm-alerrule-test.yaml    |   10 +-
 web/cypress/fixtures/coo/acm-install.sh            |   34 +-
 web/cypress/fixtures/coo/acm-uiplugin.yaml         |    6 +-
 web/cypress/fixtures/coo/acm-uninstall.sh          |  159 +-
 .../import/testing-perses-dashboard.json           |   36 +-
 .../import/testing-perses-dashboard.yaml           |   23 +-
 web/cypress/fixtures/coo/monitoring-ui-plugin.yaml |    4 +-
 web/cypress/fixtures/coo/update-mcp-image.sh       |   74 +-
 .../22-benchmark-20-incidents.yaml                 |  314 +
 .../23-benchmark-mixed-size-incidents.yaml         |  160 +
 .../silenced-and-firing-mixed-severity.yaml        |   32 +
 web/cypress/fixtures/monitoring/constants.ts       |    6 +
 web/cypress/fixtures/perses/constants.ts           |   15 +-
 .../fixtures/virtualization/uninstall-kubevirt.sh  |  127 +
 web/cypress/plugins/benchmark-reporter.ts          |   89 +
 web/cypress/reports/test-stability.md              |  169 +
 web/cypress/support/benchmark-utils.ts             |  197 +
 web/cypress/support/commands/auth-commands.ts      |   17 +-
 .../support/commands/coo-install-commands.ts       |  187 +-
 .../support/commands/dashboards-commands.ts        |  166 +-
 .../support/commands/image-patch-commands.ts       |   97 +
 web/cypress/support/commands/operator-commands.ts  |   85 +-
 web/cypress/support/commands/perses-commands.ts    |   74 +-
 .../support/commands/traces-logging-commands.ts    |    6 +-
 web/cypress/support/commands/utility-commands.ts   |  194 +-
 .../support/commands/virtualization-commands.ts    |   49 +-
 .../mock-generators.ts                             |   11 +-
 .../prometheus-mocks.ts                            |   11 +-
 .../schema/fixture-converter.ts                    |    6 +-
 .../schema/schema-validator.ts                     |    1 +
 .../schema/validate-fixtures.ts                    |   20 +-
 web/cypress/support/index.ts                       |    6 +-
 .../support/monitoring/00.bvt_monitoring.cy.ts     |    4 +-
 .../monitoring/00.bvt_monitoring_namespace.cy.ts   |   11 +-
 web/cypress/support/monitoring/01.reg_alerts.cy.ts |  299 +-
 .../support/monitoring/02.reg_metrics_1.cy.ts      |    5 +-
 .../support/monitoring/02.reg_metrics_2.cy.ts      |    7 +-
 .../monitoring/03.reg_legacy_dashboards.cy.ts      |   11 +-
 .../monitoring/04.reg_alerts_namespace.cy.ts       |    7 +-
 .../monitoring/05.reg_metrics_namespace_1.cy.ts    |    4 +-
 .../monitoring/05.reg_metrics_namespace_2.cy.ts    |    7 +-
 .../06.reg_legacy_dashboards_namespace.cy.ts       |   10 +-
 .../support/perses/00.coo_bvt_perses_admin.cy.ts   |   38 +-
 .../support/perses/01.coo_list_perses_admin.cy.ts  |    5 +-
 .../01.coo_list_perses_admin_namespace.cy.ts       |   13 +-
 .../support/perses/02.coo_edit_perses_admin.cy.ts  |   37 +-
 .../perses/02.coo_edit_perses_admin_1.cy.ts        |   13 +-
 .../perses/03.coo_create_perses_admin.cy.ts        |    9 +-
 .../perses/04.coo_import_perses_admin.cy.ts        |   23 +-
 .../perses/05.coo_create_import_perses_admin.cy.ts |    7 +-
 .../support/perses/99.coo_rbac_perses_user1.cy.ts  |   18 +-
 .../support/perses/99.coo_rbac_perses_user2.cy.ts  |   13 +-
 .../support/perses/99.coo_rbac_perses_user3.cy.ts  |    7 +-
 .../support/perses/99.coo_rbac_perses_user4.cy.ts  |    1 +
 .../support/perses/99.coo_rbac_perses_user5.cy.ts  |    1 +
 .../support/perses/99.coo_rbac_perses_user6.cy.ts  |    9 +-
 web/cypress/support/test-tags.d.ts                 |   13 +-
 web/cypress/tsconfig.json                          |    6 +-
 web/cypress/views/alerting-rule-details-page.ts    |    2 +-
 web/cypress/views/alerting-rule-list-page.ts       |   27 +-
 web/cypress/views/common.ts                        |   11 +-
 web/cypress/views/details-page.ts                  |    2 +-
 web/cypress/views/incidents-page.ts                |  503 +-
 web/cypress/views/legacy-dashboards.ts             |   12 +-
 web/cypress/views/list-page.ts                     |   17 +-
 web/cypress/views/metrics.ts                       |   50 +-
 web/cypress/views/nav.ts                           |   64 +-
 web/cypress/views/operator-hub-page.ts             |    1 +
 .../views/perses-dashboards-create-dashboard.ts    |   11 +-
 .../views/perses-dashboards-edit-datasources.ts    |    6 +-
 .../views/perses-dashboards-edit-variables.ts      |   14 +-
 .../views/perses-dashboards-import-dashboard.ts    |    3 +-
 .../views/perses-dashboards-list-dashboards.ts     |   42 +-
 web/cypress/views/perses-dashboards-panel.ts       |   22 +-
 web/cypress/views/perses-dashboards-panelgroup.ts  |    2 +-
 web/cypress/views/perses-dashboards.ts             |   21 +-
 web/cypress/views/silence-alert-page.ts            |    5 +-
 web/cypress/views/silence-details-page.ts          |    2 +-
 web/cypress/views/silences-list-page.ts            |    3 +-
 web/cypress/views/tour.ts                          |   86 +-
 web/cypress/views/troubleshooting-panel.ts         |    6 +-
 web/eslint-rules/file-naming.spec.ts               |   35 +
 web/eslint-rules/file-naming.ts                    |   50 +
 web/eslint-rules/import-boundary-zones.spec.ts     |  159 +
 web/eslint-rules/import-boundary-zones.ts          |   58 +
 web/eslint-rules/require-feature-owners.spec.ts    |   74 +
 web/eslint-rules/require-feature-owners.ts         |   50 +
 web/eslint.config.ts                               |  129 +-
 web/jest.config.js                                 |   16 +-
 web/locales/en/plugin__monitoring-plugin.json      |  413 +-
 web/package-lock.json                              | 9686 +++++++++-----------
 web/package.json                                   |  113 +-
 .../dashboards/perses/dashboard-frame.tsx          |   48 -
 .../dashboards/perses/dashboard-list-frame.tsx     |   34 -
 web/src/components/hooks/useFeatures.ts            |   53 -
 web/src/components/ols-tool-ui/index.ts            |    1 -
 web/src/e2e-tests-app.tsx                          |   69 -
 web/src/e2e-tests-index.html                       |   22 -
 web/src/features/alerts/OWNERS                     |    4 +
 .../alerts/components}/AlertUtils.tsx              |   78 +-
 .../alerts/components}/SilenceForm.tsx             |   26 +-
 .../alerts/components}/SilencedByTable.tsx         |   37 +-
 .../alerts/components}/SilencesUtils.tsx           |   15 +-
 .../alerts/pages}/AlertRulesDetailsPage.tsx        |   34 +-
 .../alerts/pages}/AlertingPage.tsx                 |   56 +-
 .../alerts/pages}/AlertsDetailsPage.tsx            |   79 +-
 .../alerts/pages}/SilenceCreatePage.tsx            |   11 +-
 .../alerts/pages}/SilenceEditPage.tsx              |   13 +-
 .../alerts/pages}/SilencesDetailsPage.tsx          |   44 +-
 .../pages/alert-rules-page}/AlertRulesPage.tsx     |   56 +-
 .../pages/alert-rules-page}/filter-rules.spec.ts   |   20 +-
 .../alerts/pages/alert-rules-page}/filter-rules.ts |   12 +-
 .../pages/alerts-page}/AggregateAlertTableRow.tsx  |   33 +-
 .../alerts/pages/alerts-page}/AlertTableRow.tsx    |   99 +-
 .../alerts/pages/alerts-page}/AlertsPage.tsx       |   84 +-
 .../pages/alerts-page}/DownloadCSVButton.tsx       |    7 +-
 .../alerts/pages/alerts-page}/LabelFilter.tsx      |    2 +-
 .../agentic-runs/alert-identifier.spec.ts          |  100 +
 .../alerts-page/agentic-runs/alert-identifier.ts   |   54 +
 .../pages/alerts-page/agentic-runs/constants.ts    |   15 +
 .../alerts-page/agentic-runs/useAgenticRunCheck.ts |   80 +
 .../alerts/pages/alerts-page/alerts-aggregates.ts} |    0
 .../pages/alerts-page}/filter-alerts.spec.ts       |   20 +-
 .../alerts/pages/alerts-page}/filter-alerts.ts     |   12 +-
 .../alerts/pages/silences-page}/SilencesPage.tsx   |   63 +-
 .../pages/silences-page}/filter-silences.spec.ts   |   11 +-
 .../alerts/pages/silences-page}/filter-silences.ts |   12 +-
 web/src/features/incidents/OWNERS                  |    6 +
 .../incidents/assets}/incidents-styles.css         |    0
 .../incidents/components}/AlertsChart.tsx          |   25 +-
 .../components}/IncidentAlertStateIcon.tsx         |    7 +-
 .../incidents/components}/IncidentsChart.tsx       |   19 +-
 .../components}/IncidentsDetailsRowTable.tsx       |   20 +-
 .../incidents/components}/IncidentsTable.tsx       |   21 +-
 .../incidents/components}/IncidentsTooltip.tsx     |    1 -
 .../incidents/components}/ToolbarItemFilter.tsx    |   26 +-
 .../incidents/pages}/IncidentsPage.tsx             |   82 +-
 .../incidents/types}/model.ts                      |    3 +
 .../incidents/utils}/api.spec.ts                   |   11 +-
 .../Incidents => features/incidents/utils}/api.ts  |    5 +-
 .../incidents/utils/process-alerts.spec.ts}        |    7 +-
 .../incidents/utils/process-alerts.ts}             |   13 +-
 .../incidents/utils/process-incidents.spec.ts}     |    5 +-
 .../incidents/utils/process-incidents.ts}          |   24 +-
 .../incidents/utils}/utils.spec.ts                 |    2 +-
 .../incidents/utils}/utils.ts                      |   11 +-
 web/src/features/legacy-dashboards/OWNERS          |    4 +
 .../components/CustomTimeRangeModal.tsx}           |    6 +-
 .../components/DashboardSkeletonLegacy.tsx}        |   25 +-
 .../legacy-dashboards/components/Error.tsx}        |    2 +-
 .../components/LegacyDashboard.tsx}                |   69 +-
 .../components/LegacyDashboardDropdown.tsx         |   97 +
 .../components/LegacyVariableDropdowns.tsx}        |  121 +-
 .../components/TimeDropdowns.tsx}                  |   17 +-
 .../components/panels/BarChart.tsx}                |    4 +-
 .../legacy-dashboards/components/panels/Graph.tsx} |   11 +-
 .../components/panels/SingleStat.tsx}              |   31 +-
 .../legacy-dashboards/components/panels/Table.tsx} |   24 +-
 .../hooks}/useLegacyDashboards.ts                  |   24 +-
 .../hooks}/useLegacyDashboardsProject.ts           |   13 +-
 .../pages/LegacyDashboardPage.tsx}                 |   21 +-
 .../legacy-dashboards/types}/types.ts              |    6 +
 .../legacy-dashboards/utils}/utils.ts              |    0
 .../legacy-dashboards/utils/variable-utils.spec.ts |  179 +
 .../legacy-dashboards/utils/variable-utils.ts      |   94 +
 web/src/features/metrics/OWNERS                    |    4 +
 .../metrics/components/PromqlExpressionInput.tsx}  |   19 +-
 .../metrics/pages}/MetricsPage.tsx                 |  128 +-
 .../metrics/pages/PrometheusRedirectPage.tsx}      |   12 +-
 .../metrics/utils/prometheus-redirect.spec.ts      |   38 +
 .../features/metrics/utils/prometheus-redirect.ts  |    4 +
 web/src/features/perses-dashboards/OWNERS          |    4 +
 .../components/DashboardActionModals.tsx}          |   62 +-
 .../components/DashboardActionsMenu.tsx}           |   15 +-
 .../components/DashboardCreateDialog.tsx}          |   46 +-
 .../components/DashboardDialogHelpers.tsx}         |   20 +-
 .../components/DashboardDropdown.tsx}              |   20 +-
 .../components/DashboardHeader.tsx}                |   39 +-
 .../components/DashboardImportDialog.tsx}          |   16 +-
 .../components}/PersesWrapper.tsx                  |  100 +-
 .../components}/ToastProvider.tsx                  |    8 +-
 .../emptystates/DashboardEmptyState.tsx            |    8 +-
 .../components}/emptystates/ProjectEmptyState.tsx  |    8 +-
 .../components}/project/ProjectBar.tsx             |    9 +-
 .../components}/project/ProjectDropdown.tsx        |   20 +-
 .../components}/project/ProjectMenuToggle.tsx      |    4 +-
 .../components}/project/useActiveProject.tsx       |    7 +-
 .../perses-dashboards/components}/project/utils.ts |    0
 .../perses-dashboards}/hooks/useDashboardsData.ts  |   36 +-
 .../hooks/useEditableProjects.ts                   |   11 +-
 .../perses-dashboards}/hooks/useOcpProjects.ts     |    5 +-
 .../perses-dashboards}/hooks/usePerses.ts          |   15 +-
 .../hooks/usePersesEditPermissions.ts              |   29 +
 .../hooks/usePersesRefreshInterval.ts              |    5 +-
 .../perses-dashboards}/hooks/usePersesTimeRange.ts |    6 +-
 .../ols-tool-ui/ShowTimeseries.tsx                 |   19 +-
 .../ols-tool-ui/helpers/AddToDashboardButton.tsx   |   28 +-
 .../ols-tool-ui/helpers/OlsToolUIPersesWrapper.tsx |   14 +-
 .../ols-tool-ui/helpers/useTimeRange.ts            |    6 +-
 .../pages/dashboard-list-page/DashboardList.tsx}   |  294 +-
 .../dashboard-list-page/DashboardListFrame.tsx     |   18 +
 .../dashboard-list-page/DashboardListPage.tsx}     |    7 +-
 .../pages/dashboard-page/DashboardApp.tsx}         |   35 +-
 .../pages/dashboard-page/DashboardFrame.tsx        |   42 +
 .../pages/dashboard-page/DashboardPage.tsx}        |   20 +-
 .../pages/dashboard-page/DashboardPagePadding.tsx} |    0
 .../pages/dashboard-page/DashboardToolbar.tsx}     |   41 +-
 .../dashboard-page}/ExternalPanelAddition.tsx      |   27 +-
 .../pages/dashboard-page}/dashboard-page.css       |    0
 web/src/features/perses-dashboards/types/types.ts  |    9 +
 .../utils}/dashboard-action-validations.ts         |   11 +-
 .../perses-dashboards/utils}/dashboard-api.ts      |   18 +-
 .../perses-dashboards/utils}/dashboard-utils.ts    |    2 +-
 .../perses-dashboards/utils}/datasource-api.ts     |    9 +-
 .../perses-dashboards/utils}/migrate-api.ts        |    7 +-
 .../perses-dashboards/utils}/perses-client.ts      |    5 +-
 .../perses-dashboards/utils}/perses-config.ts      |    0
 .../perses-dashboards/utils}/perses/README.md      |    0
 .../utils}/perses/datasource-cache-api.ts          |    4 +-
 .../utils}/perses/datasource-client.ts             |    5 +-
 .../utils}/perses/global-datasource-client.ts      |    7 +-
 .../perses-dashboards/utils}/perses/url-builder.ts |    0
 web/src/features/targets/OWNERS                    |    4 +
 .../targets/pages/TargetsPage.tsx}                 |   62 +-
 .../targets/utils}/filter-targets.spec.ts          |    8 +-
 .../targets/utils}/filter-targets.ts               |    6 +-
 web/src/index.d.ts                                 |    1 +
 web/src/shared/OWNERS                              |    4 +
 web/src/{components => shared/assets}/codicon.ttf  |  Bin
 web/src/shared/components/CustomIcon.tsx           |   34 +
 .../components/DropdownPollInterval.tsx}           |    7 +-
 .../components/KebabDropdown.tsx}                  |   12 +-
 .../labels.tsx => shared/components/Labels.tsx}    |    7 +-
 web/src/shared/components/SeverityBadge.tsx        |   52 +
 web/src/shared/components/ToggleGraph.tsx          |   49 +
 .../{ => shared}/components/TypeaheadSelect.tsx    |    7 +-
 web/src/{ => shared}/components/format.spec.ts     |    6 +-
 .../format.tsx => shared/components/format.ts}     |    2 +-
 .../components/query-browser/QueryBrowser.tsx}     |   90 +-
 .../query-browser}/query-browser-theme.ts          |    2 +-
 .../components/query-browser}/query-browser.scss   |    0
 .../components/table/TableCheckboxFilter.tsx       |    5 +-
 .../{ => shared}/components/table/TableFilters.tsx |   18 +-
 .../components/table/TableLabelFilter.tsx          |    7 +-
 .../components/table/TablePagination.tsx}          |    0
 .../components/table/TableTextFilter.tsx           |    2 +-
 .../{ => shared}/components/table/TableToolbar.tsx |    0
 .../components/table/hooks}/useTableColumns.ts     |    0
 .../components/table/hooks}/useTableFilters.ts     |    6 +-
 .../components/table/hooks}/useTablePagination.ts  |    0
 .../components/table/sort-utils.spec.ts            |    2 +-
 .../{ => shared}/components/table/sort-utils.ts    |    0
 .../console/@types/console/react.d.ts              |    1 +
 web/src/{components => shared}/console/README.md   |    0
 .../console/console-shared/constants/common.ts     |    0
 .../console-shared/error/ErrorBoundary.tsx}        |    2 +-
 .../error/fallbacks/WithFallback.tsx}              |    4 +-
 .../console-shared/hooks/useDocumentListener.ts    |    5 +-
 .../src/components/empty-state/AccessDenied.tsx    |    3 +-
 .../components/empty-state/ConsoleEmptyState.tsx   |    6 +-
 .../src/components/empty-state/EmptyBox.tsx        |    6 +-
 .../src/components/loading/LoadError.tsx           |    5 +-
 .../src/components/loading/Loading.tsx             |    3 +-
 .../src/components/loading/LoadingBox.tsx          |    5 +-
 .../src/components/loading/LoadingInline.tsx       |    3 +-
 .../query-browser/QueryBrowserTooltip.tsx          |   16 +-
 .../src/components/status/StatusBox.tsx            |   20 +-
 .../console-shared/src/datetime/prometheus.ts      |    0
 .../bar.tsx => shared/console/graphs/Bar.tsx}      |   22 +-
 .../console/graphs/GraphEmpty.tsx}                 |    3 +-
 .../console/graphs/PromethuesGraph.tsx}            |   12 +-
 .../console/graphs/helpers.ts                      |    2 +-
 .../console/imgs/restricted-sign.svg               |    0
 .../{components => shared}/console/models/index.ts |   14 +
 .../console/module/k8s/label-selector.js           |    0
 .../console/public/components/Autocomplete.tsx}    |   26 +-
 .../public/components/factory/TextFilter.tsx}      |    5 +-
 .../async.tsx => shared/console/utils/Async.tsx}   |    4 +-
 .../link.tsx => shared/console/utils/Link.tsx}     |    6 +-
 .../console/utils/SingleTypeaheadDropdown.tsx}     |    9 +-
 .../console/utils/datetime.ts                      |    2 +-
 .../console/utils/get-last-language.ts}            |    0
 .../console/utils/poll-hook.ts                     |    0
 .../console/utils/ref-width-hook.ts                |    3 +-
 .../console/utils/safe-fetch-hook.ts               |    2 +-
 .../{components => shared}/console/utils/units.ts  |    0
 .../{components => shared/constants}/data-test.ts  |    7 +-
 .../constants}/query-params.ts                     |    0
 .../{ => shared}/contexts/MonitoringContext.tsx    |    7 +-
 web/src/{ => shared}/hooks/useAlerts.ts            |   35 +-
 web/src/{components => shared}/hooks/useBoolean.ts |    2 +-
 .../{components => shared}/hooks/useDeepMemo.ts    |    2 +
 web/src/shared/hooks/useFeatures.ts                |   69 +
 .../{components => shared}/hooks/useIsVisible.ts   |    2 +-
 web/src/{ => shared}/hooks/useMonitoring.ts        |    3 +-
 .../hooks/useMonitoringNamespace.ts                |    0
 .../hooks/usePatternflyTheme.ts                    |    0
 .../hooks/usePerspective.tsx                       |   13 +-
 web/src/{ => shared}/store/actions.ts              |   10 +-
 .../store/fetch-alerts.ts}                         |    0
 web/src/{ => shared}/store/reducers.ts             |   11 +-
 web/src/{ => shared}/store/store.ts                |   22 +-
 web/src/{ => shared}/store/thunks.ts               |   16 +-
 web/src/{components => shared/types}/types.ts      |    0
 .../{ => shared/utils}/react-router-7-adapter.ts   |    2 +-
 .../{components/metrics => shared/utils}/units.ts  |    6 +-
 web/src/{components => shared/utils}/utils.spec.ts |    5 +-
 web/src/{components => shared/utils}/utils.ts      |    6 +-
 web/tsconfig.json                                  |    5 +-
 web/webpack.config.ts                              |   13 +
 web/webpack.standalone.config.ts                   |  123 -
 423 files changed, 14726 insertions(+), 10779 deletions(-)
 create mode 100644 OWNERS_ALIASES
 delete mode 100644 charts/openshift-console-plugin/.helmignore
 delete mode 100644 charts/openshift-console-plugin/Chart.yaml
 delete mode 100644 charts/openshift-console-plugin/templates/_helpers.tpl
 delete mode 100644 charts/openshift-console-plugin/templates/consoleplugin.yaml
 delete mode 100644 charts/openshift-console-plugin/templates/deployment.yaml
 delete mode 100644 charts/openshift-console-plugin/templates/patcher-clusterrole.yaml
 delete mode 100644 charts/openshift-console-plugin/templates/patcher-clusterrolebinding.yaml
 delete mode 100644 charts/openshift-console-plugin/templates/patcher-consoles-job.yaml
 delete mode 100644 charts/openshift-console-plugin/templates/patcher-serviceaccount.yaml
 delete mode 100644 charts/openshift-console-plugin/templates/service.yaml
 delete mode 100644 charts/openshift-console-plugin/templates/serviceaccount.yaml
 delete mode 100644 charts/openshift-console-plugin/values.yaml
 create mode 100644 config/alerting.patch.json
 delete mode 100644 config/clear-extensions.patch.json
 create mode 100644 config/legacy-dashboards.patch.json
 create mode 100644 config/metrics.patch.json
 rename config/{dev-config.patch.json => monitoring-console-plugin.patch.json} (100%)
 create mode 100644 config/monitoring-plugin.patch.json
 create mode 100644 config/targets.patch.json
 delete mode 100644 ct.yaml
 delete mode 100644 devspace-deployment.yaml
 create mode 100644 docs/STYLEGUIDE.md
 create mode 100644 docs/incident_detection/tests/performance/03.endurance_test_source.md
 create mode 100644 docs/incident_detection/tests/performance/overview.md
 rename pkg/{proxy => monitoring}/proxy.go (99%)
 rename pkg/{proxy => monitoring}/sanitize.go (97%)
 rename pkg/{ => server}/plugin_handler.go (65%)
 rename pkg/{ => server}/server.go (89%)
 rename pkg/{ => server}/server_test.go (98%)
 create mode 100644 renovate.json
 delete mode 100644 web/console-extensions.json
 create mode 100644 web/cypress/OWNERS
 create mode 100644 web/cypress/e2e/coo/02.acm_perses.cy.ts
 create mode 100644 web/cypress/e2e/coo/03.coo_lightspeed_show_timeseries.cy.ts
 create mode 100644 web/cypress/e2e/incidents/performance/01.performance_benchmark.cy.ts
 create mode 100644 web/cypress/e2e/incidents/performance/02.performance_walkthrough.cy.ts
 create mode 100644 web/cypress/fixtures/incident-scenarios/22-benchmark-20-incidents.yaml
 create mode 100644 web/cypress/fixtures/incident-scenarios/23-benchmark-mixed-size-incidents.yaml
 create mode 100644 web/cypress/fixtures/incident-scenarios/silenced-and-firing-mixed-severity.yaml
 create mode 100755 web/cypress/fixtures/virtualization/uninstall-kubevirt.sh
 create mode 100644 web/cypress/plugins/benchmark-reporter.ts
 create mode 100644 web/cypress/reports/test-stability.md
 create mode 100644 web/cypress/support/benchmark-utils.ts
 create mode 100644 web/eslint-rules/file-naming.spec.ts
 create mode 100644 web/eslint-rules/file-naming.ts
 create mode 100644 web/eslint-rules/import-boundary-zones.spec.ts
 create mode 100644 web/eslint-rules/import-boundary-zones.ts
 create mode 100644 web/eslint-rules/require-feature-owners.spec.ts
 create mode 100644 web/eslint-rules/require-feature-owners.ts
 delete mode 100644 web/src/components/dashboards/perses/dashboard-frame.tsx
 delete mode 100644 web/src/components/dashboards/perses/dashboard-list-frame.tsx
 delete mode 100644 web/src/components/hooks/useFeatures.ts
 delete mode 100644 web/src/components/ols-tool-ui/index.ts
 delete mode 100644 web/src/e2e-tests-app.tsx
 delete mode 100644 web/src/e2e-tests-index.html
 create mode 100644 web/src/features/alerts/OWNERS
 rename web/src/{components/alerting => features/alerts/components}/AlertUtils.tsx (89%)
 rename web/src/{components/alerting => features/alerts/components}/SilenceForm.tsx (96%)
 rename web/src/{components/alerting/AlertDetail => features/alerts/components}/SilencedByTable.tsx (88%)
 rename web/src/{components/alerting => features/alerts/components}/SilencesUtils.tsx (92%)
 rename web/src/{components/alerting => features/alerts/pages}/AlertRulesDetailsPage.tsx (92%)
 rename web/src/{components/alerting => features/alerts/pages}/AlertingPage.tsx (70%)
 rename web/src/{components/alerting => features/alerts/pages}/AlertsDetailsPage.tsx (94%)
 rename web/src/{components/alerting => features/alerts/pages}/SilenceCreatePage.tsx (77%)
 rename web/src/{components/alerting => features/alerts/pages}/SilenceEditPage.tsx (84%)
 rename web/src/{components/alerting => features/alerts/pages}/SilencesDetailsPage.tsx (88%)
 rename web/src/{components/alerting => features/alerts/pages/alert-rules-page}/AlertRulesPage.tsx (88%)
 rename web/src/{components/alerting => features/alerts/pages/alert-rules-page}/filter-rules.spec.ts (90%)
 rename web/src/{components/alerting => features/alerts/pages/alert-rules-page}/filter-rules.ts (87%)
 rename web/src/{components/alerting/AlertList => features/alerts/pages/alerts-page}/AggregateAlertTableRow.tsx (81%)
 rename web/src/{components/alerting/AlertList => features/alerts/pages/alerts-page}/AlertTableRow.tsx (56%)
 rename web/src/{components/alerting => features/alerts/pages/alerts-page}/AlertsPage.tsx (81%)
 rename web/src/{components/alerting/AlertList => features/alerts/pages/alerts-page}/DownloadCSVButton.tsx (91%)
 rename web/src/{components/alerting/AlertList => features/alerts/pages/alerts-page}/LabelFilter.tsx (100%)
 create mode 100644 web/src/features/alerts/pages/alerts-page/agentic-runs/alert-identifier.spec.ts
 create mode 100644 web/src/features/alerts/pages/alerts-page/agentic-runs/alert-identifier.ts
 create mode 100644 web/src/features/alerts/pages/alerts-page/agentic-runs/constants.ts
 create mode 100644 web/src/features/alerts/pages/alerts-page/agentic-runs/useAgenticRunCheck.ts
 rename web/src/{components/alerting/AlertsAggregates.ts => features/alerts/pages/alerts-page/alerts-aggregates.ts} (100%)
 rename web/src/{components/alerting/AlertList => features/alerts/pages/alerts-page}/filter-alerts.spec.ts (90%)
 rename web/src/{components/alerting/AlertList => features/alerts/pages/alerts-page}/filter-alerts.ts (90%)
 rename web/src/{components/alerting => features/alerts/pages/silences-page}/SilencesPage.tsx (91%)
 rename web/src/{components/alerting => features/alerts/pages/silences-page}/filter-silences.spec.ts (94%)
 rename web/src/{components/alerting => features/alerts/pages/silences-page}/filter-silences.ts (88%)
 create mode 100644 web/src/features/incidents/OWNERS
 rename web/src/{components/Incidents => features/incidents/assets}/incidents-styles.css (100%)
 rename web/src/{components/Incidents/AlertsChart => features/incidents/components}/AlertsChart.tsx (94%)
 rename web/src/{components/Incidents => features/incidents/components}/IncidentAlertStateIcon.tsx (94%)
 rename web/src/{components/Incidents/IncidentsChart => features/incidents/components}/IncidentsChart.tsx (95%)
 rename web/src/{components/Incidents => features/incidents/components}/IncidentsDetailsRowTable.tsx (86%)
 rename web/src/{components/Incidents => features/incidents/components}/IncidentsTable.tsx (92%)
 rename web/src/{components/Incidents => features/incidents/components}/IncidentsTooltip.tsx (96%)
 rename web/src/{components/Incidents => features/incidents/components}/ToolbarItemFilter.tsx (90%)
 rename web/src/{components/Incidents => features/incidents/pages}/IncidentsPage.tsx (94%)
 rename web/src/{components/Incidents => features/incidents/types}/model.ts (93%)
 rename web/src/{components/Incidents => features/incidents/utils}/api.spec.ts (93%)
 rename web/src/{components/Incidents => features/incidents/utils}/api.ts (96%)
 rename web/src/{components/Incidents/processAlerts.spec.ts => features/incidents/utils/process-alerts.spec.ts} (99%)
 rename web/src/{components/Incidents/processAlerts.ts => features/incidents/utils/process-alerts.ts} (96%)
 rename web/src/{components/Incidents/processIncidents.spec.ts => features/incidents/utils/process-incidents.spec.ts} (99%)
 rename web/src/{components/Incidents/processIncidents.ts => features/incidents/utils/process-incidents.ts} (93%)
 rename web/src/{components/Incidents => features/incidents/utils}/utils.spec.ts (99%)
 rename web/src/{components/Incidents => features/incidents/utils}/utils.ts (99%)
 create mode 100644 web/src/features/legacy-dashboards/OWNERS
 rename web/src/{components/dashboards/legacy/custom-time-range-modal.tsx => features/legacy-dashboards/components/CustomTimeRangeModal.tsx} (96%)
 rename web/src/{components/dashboards/legacy/dashboard-skeleton-legacy.tsx => features/legacy-dashboards/components/DashboardSkeletonLegacy.tsx} (74%)
 rename web/src/{components/dashboards/legacy/error.tsx => features/legacy-dashboards/components/Error.tsx} (100%)
 rename web/src/{components/dashboards/legacy/legacy-dashboard.tsx => features/legacy-dashboards/components/LegacyDashboard.tsx} (90%)
 create mode 100644 web/src/features/legacy-dashboards/components/LegacyDashboardDropdown.tsx
 rename web/src/{components/dashboards/legacy/legacy-variable-dropdowns.tsx => features/legacy-dashboards/components/LegacyVariableDropdowns.tsx} (79%)
 rename web/src/{components/dashboards/legacy/time-dropdowns.tsx => features/legacy-dashboards/components/TimeDropdowns.tsx} (89%)
 rename web/src/{components/dashboards/legacy/bar-chart.tsx => features/legacy-dashboards/components/panels/BarChart.tsx} (90%)
 rename web/src/{components/dashboards/legacy/graph.tsx => features/legacy-dashboards/components/panels/Graph.tsx} (80%)
 rename web/src/{components/dashboards/legacy/single-stat.tsx => features/legacy-dashboards/components/panels/SingleStat.tsx} (88%)
 rename web/src/{components/dashboards/legacy/table.tsx => features/legacy-dashboards/components/panels/Table.tsx} (90%)
 rename web/src/{components/dashboards/legacy => features/legacy-dashboards/hooks}/useLegacyDashboards.ts (89%)
 rename web/src/{components/dashboards/legacy => features/legacy-dashboards/hooks}/useLegacyDashboardsProject.ts (84%)
 rename web/src/{components/dashboards/legacy/legacy-dashboard-page.tsx => features/legacy-dashboards/pages/LegacyDashboardPage.tsx} (76%)
 rename web/src/{components/dashboards/legacy => features/legacy-dashboards/types}/types.ts (94%)
 rename web/src/{components/dashboards/legacy => features/legacy-dashboards/utils}/utils.ts (100%)
 create mode 100644 web/src/features/legacy-dashboards/utils/variable-utils.spec.ts
 create mode 100644 web/src/features/legacy-dashboards/utils/variable-utils.ts
 create mode 100644 web/src/features/metrics/OWNERS
 rename web/src/{components/metrics/promql-expression-input.tsx => features/metrics/components/PromqlExpressionInput.tsx} (98%)
 rename web/src/{components => features/metrics/pages}/MetricsPage.tsx (93%)
 rename web/src/{components/redirects/prometheus-redirect-page.tsx => features/metrics/pages/PrometheusRedirectPage.tsx} (72%)
 create mode 100644 web/src/features/metrics/utils/prometheus-redirect.spec.ts
 create mode 100644 web/src/features/metrics/utils/prometheus-redirect.ts
 create mode 100644 web/src/features/perses-dashboards/OWNERS
 rename web/src/{components/dashboards/perses/dashboard-action-modals.tsx => features/perses-dashboards/components/DashboardActionModals.tsx} (94%)
 rename web/src/{components/dashboards/perses/dashboard-actions-menu.tsx => features/perses-dashboards/components/DashboardActionsMenu.tsx} (88%)
 rename web/src/{components/dashboards/perses/dashboard-create-dialog.tsx => features/perses-dashboards/components/DashboardCreateDialog.tsx} (90%)
 rename web/src/{components/dashboards/perses/dashboard-dialog-helpers.tsx => features/perses-dashboards/components/DashboardDialogHelpers.tsx} (89%)
 rename web/src/{components/dashboards/shared/dashboard-dropdown.tsx => features/perses-dashboards/components/DashboardDropdown.tsx} (78%)
 rename web/src/{components/dashboards/perses/dashboard-header.tsx => features/perses-dashboards/components/DashboardHeader.tsx} (81%)
 rename web/src/{components/dashboards/perses/dashboard-import-dialog.tsx => features/perses-dashboards/components/DashboardImportDialog.tsx} (96%)
 rename web/src/{components/dashboards/perses => features/perses-dashboards/components}/PersesWrapper.tsx (88%)
 rename web/src/{components/dashboards/perses => features/perses-dashboards/components}/ToastProvider.tsx (96%)
 rename web/src/{components/dashboards/perses => features/perses-dashboards/components}/emptystates/DashboardEmptyState.tsx (85%)
 rename web/src/{components/dashboards/perses => features/perses-dashboards/components}/emptystates/ProjectEmptyState.tsx (85%)
 rename web/src/{components/dashboards/perses => features/perses-dashboards/components}/project/ProjectBar.tsx (73%)
 rename web/src/{components/dashboards/perses => features/perses-dashboards/components}/project/ProjectDropdown.tsx (94%)
 rename web/src/{components/dashboards/perses => features/perses-dashboards/components}/project/ProjectMenuToggle.tsx (98%)
 rename web/src/{components/dashboards/perses => features/perses-dashboards/components}/project/useActiveProject.tsx (87%)
 rename web/src/{components/dashboards/perses => features/perses-dashboards/components}/project/utils.ts (100%)
 rename web/src/{components/dashboards/perses => features/perses-dashboards}/hooks/useDashboardsData.ts (84%)
 rename web/src/{components/dashboards/perses => features/perses-dashboards}/hooks/useEditableProjects.ts (92%)
 rename web/src/{components/dashboards/perses => features/perses-dashboards}/hooks/useOcpProjects.ts (91%)
 rename web/src/{components/dashboards/perses => features/perses-dashboards}/hooks/usePerses.ts (94%)
 create mode 100644 web/src/features/perses-dashboards/hooks/usePersesEditPermissions.ts
 rename web/src/{components/dashboards/perses => features/perses-dashboards}/hooks/usePersesRefreshInterval.ts (73%)
 rename web/src/{components/dashboards/perses => features/perses-dashboards}/hooks/usePersesTimeRange.ts (73%)
 rename web/src/{components => features/perses-dashboards}/ols-tool-ui/ShowTimeseries.tsx (79%)
 rename web/src/{components => features/perses-dashboards}/ols-tool-ui/helpers/AddToDashboardButton.tsx (82%)
 rename web/src/{components => features/perses-dashboards}/ols-tool-ui/helpers/OlsToolUIPersesWrapper.tsx (92%)
 rename web/src/{components => features/perses-dashboards}/ols-tool-ui/helpers/useTimeRange.ts (97%)
 rename web/src/{components/dashboards/perses/dashboard-list.tsx => features/perses-dashboards/pages/dashboard-list-page/DashboardList.tsx} (59%)
 create mode 100644 web/src/features/perses-dashboards/pages/dashboard-list-page/DashboardListFrame.tsx
 rename web/src/{components/dashboards/perses/dashboard-list-page.tsx => features/perses-dashboards/pages/dashboard-list-page/DashboardListPage.tsx} (71%)
 rename web/src/{components/dashboards/perses/dashboard-app.tsx => features/perses-dashboards/pages/dashboard-page/DashboardApp.tsx} (90%)
 create mode 100644 web/src/features/perses-dashboards/pages/dashboard-page/DashboardFrame.tsx
 rename web/src/{components/dashboards/perses/dashboard-page.tsx => features/perses-dashboards/pages/dashboard-page/DashboardPage.tsx} (78%)
 rename web/src/{components/dashboards/perses/dashboard-page-padding.tsx => features/perses-dashboards/pages/dashboard-page/DashboardPagePadding.tsx} (100%)
 rename web/src/{components/dashboards/perses/dashboard-toolbar.tsx => features/perses-dashboards/pages/dashboard-page/DashboardToolbar.tsx} (87%)
 rename web/src/{components/dashboards/perses => features/perses-dashboards/pages/dashboard-page}/ExternalPanelAddition.tsx (77%)
 rename web/src/{components/dashboards/perses => features/perses-dashboards/pages/dashboard-page}/dashboard-page.css (100%)
 create mode 100644 web/src/features/perses-dashboards/types/types.ts
 rename web/src/{components/dashboards/perses => features/perses-dashboards/utils}/dashboard-action-validations.ts (92%)
 rename web/src/{components/dashboards/perses => features/perses-dashboards/utils}/dashboard-api.ts (91%)
 rename web/src/{components/dashboards/perses => features/perses-dashboards/utils}/dashboard-utils.ts (93%)
 rename web/src/{components/dashboards/perses => features/perses-dashboards/utils}/datasource-api.ts (91%)
 rename web/src/{components/dashboards/perses => features/perses-dashboards/utils}/migrate-api.ts (88%)
 rename web/src/{components/dashboards/perses => features/perses-dashboards/utils}/perses-client.ts (97%)
 rename web/src/{ => features/perses-dashboards/utils}/perses-config.ts (100%)
 rename web/src/{components/dashboards/perses => features/perses-dashboards/utils}/perses/README.md (100%)
 rename web/src/{components/dashboards/perses => features/perses-dashboards/utils}/perses/datasource-cache-api.ts (98%)
 rename web/src/{components/dashboards/perses => features/perses-dashboards/utils}/perses/datasource-client.ts (91%)
 rename web/src/{components/dashboards/perses => features/perses-dashboards/utils}/perses/global-datasource-client.ts (80%)
 rename web/src/{components/dashboards/perses => features/perses-dashboards/utils}/perses/url-builder.ts (100%)
 create mode 100644 web/src/features/targets/OWNERS
 rename web/src/{components/targets-page.tsx => features/targets/pages/TargetsPage.tsx} (92%)
 rename web/src/{components => features/targets/utils}/filter-targets.spec.ts (93%)
 rename web/src/{components => features/targets/utils}/filter-targets.ts (90%)
 create mode 100644 web/src/shared/OWNERS
 rename web/src/{components => shared/assets}/codicon.ttf (100%)
 create mode 100644 web/src/shared/components/CustomIcon.tsx
 rename web/src/{components/dropdown-poll-interval.tsx => shared/components/DropdownPollInterval.tsx} (93%)
 rename web/src/{components/kebab-dropdown.tsx => shared/components/KebabDropdown.tsx} (72%)
 rename web/src/{components/labels.tsx => shared/components/Labels.tsx} (72%)
 create mode 100644 web/src/shared/components/SeverityBadge.tsx
 create mode 100644 web/src/shared/components/ToggleGraph.tsx
 rename web/src/{ => shared}/components/TypeaheadSelect.tsx (97%)
 rename web/src/{ => shared}/components/format.spec.ts (95%)
 rename web/src/{components/format.tsx => shared/components/format.ts} (96%)
 rename web/src/{components/query-browser.tsx => shared/components/query-browser/QueryBrowser.tsx} (94%)
 rename web/src/{components => shared/components/query-browser}/query-browser-theme.ts (100%)
 rename web/src/{components => shared/components/query-browser}/query-browser.scss (100%)
 rename web/src/{ => shared}/components/table/TableCheckboxFilter.tsx (96%)
 rename web/src/{ => shared}/components/table/TableFilters.tsx (89%)
 rename web/src/{ => shared}/components/table/TableLabelFilter.tsx (95%)
 rename web/src/{components/table-pagination.tsx => shared/components/table/TablePagination.tsx} (100%)
 rename web/src/{ => shared}/components/table/TableTextFilter.tsx (100%)
 rename web/src/{ => shared}/components/table/TableToolbar.tsx (100%)
 rename web/src/{components/table => shared/components/table/hooks}/useTableColumns.ts (100%)
 rename web/src/{components/table => shared/components/table/hooks}/useTableFilters.ts (95%)
 rename web/src/{components/table => shared/components/table/hooks}/useTablePagination.ts (100%)
 rename web/src/{ => shared}/components/table/sort-utils.spec.ts (95%)
 rename web/src/{ => shared}/components/table/sort-utils.ts (100%)
 rename web/src/{components => shared}/console/@types/console/react.d.ts (89%)
 rename web/src/{components => shared}/console/README.md (100%)
 rename web/src/{components => shared}/console/console-shared/constants/common.ts (100%)
 rename web/src/{components/console/console-shared/error/error-boundary.tsx => shared/console/console-shared/error/ErrorBoundary.tsx} (97%)
 rename web/src/{components/console/console-shared/error/fallbacks/withFallback.tsx => shared/console/console-shared/error/fallbacks/WithFallback.tsx} (79%)
 rename web/src/{components => shared}/console/console-shared/hooks/useDocumentListener.ts (93%)
 rename web/src/{components => shared}/console/console-shared/src/components/empty-state/AccessDenied.tsx (91%)
 rename web/src/{components => shared}/console/console-shared/src/components/empty-state/ConsoleEmptyState.tsx (96%)
 rename web/src/{components => shared}/console/console-shared/src/components/empty-state/EmptyBox.tsx (68%)
 rename web/src/{components => shared}/console/console-shared/src/components/loading/LoadError.tsx (88%)
 rename web/src/{components => shared}/console/console-shared/src/components/loading/Loading.tsx (70%)
 rename web/src/{components => shared}/console/console-shared/src/components/loading/LoadingBox.tsx (57%)
 rename web/src/{components => shared}/console/console-shared/src/components/loading/LoadingInline.tsx (70%)
 rename web/src/{components => shared}/console/console-shared/src/components/query-browser/QueryBrowserTooltip.tsx (95%)
 rename web/src/{components => shared}/console/console-shared/src/components/status/StatusBox.tsx (77%)
 rename web/src/{components => shared}/console/console-shared/src/datetime/prometheus.ts (100%)
 rename web/src/{components/console/graphs/bar.tsx => shared/console/graphs/Bar.tsx} (88%)
 rename web/src/{components/console/graphs/graph-empty.tsx => shared/console/graphs/GraphEmpty.tsx} (92%)
 rename web/src/{components/console/graphs/promethues-graph.tsx => shared/console/graphs/PromethuesGraph.tsx} (85%)
 rename web/src/{components => shared}/console/graphs/helpers.ts (100%)
 rename web/src/{components => shared}/console/imgs/restricted-sign.svg (100%)
 rename web/src/{components => shared}/console/models/index.ts (85%)
 rename web/src/{components => shared}/console/module/k8s/label-selector.js (100%)
 rename web/src/{components/console/public/components/autocomplete.tsx => shared/console/public/components/Autocomplete.tsx} (84%)
 rename web/src/{components/console/public/components/factory/text-filter.tsx => shared/console/public/components/factory/TextFilter.tsx} (85%)
 rename web/src/{components/console/utils/async.tsx => shared/console/utils/Async.tsx} (94%)
 rename web/src/{components/console/utils/link.tsx => shared/console/utils/Link.tsx} (89%)
 rename web/src/{components/console/utils/single-typeahead-dropdown.tsx => shared/console/utils/SingleTypeaheadDropdown.tsx} (99%)
 rename web/src/{components => shared}/console/utils/datetime.ts (92%)
 rename web/src/{components/console/utils/getLastLanguage.ts => shared/console/utils/get-last-language.ts} (100%)
 rename web/src/{components => shared}/console/utils/poll-hook.ts (100%)
 rename web/src/{components => shared}/console/utils/ref-width-hook.ts (87%)
 rename web/src/{components => shared}/console/utils/safe-fetch-hook.ts (100%)
 rename web/src/{components => shared}/console/utils/units.ts (100%)
 rename web/src/{components => shared/constants}/data-test.ts (98%)
 rename web/src/{components => shared/constants}/query-params.ts (100%)
 rename web/src/{ => shared}/contexts/MonitoringContext.tsx (95%)
 rename web/src/{ => shared}/hooks/useAlerts.ts (88%)
 rename web/src/{components => shared}/hooks/useBoolean.ts (89%)
 rename web/src/{components => shared}/hooks/useDeepMemo.ts (80%)
 create mode 100644 web/src/shared/hooks/useFeatures.ts
 rename web/src/{components => shared}/hooks/useIsVisible.ts (92%)
 rename web/src/{ => shared}/hooks/useMonitoring.ts (84%)
 rename web/src/{components => shared}/hooks/useMonitoringNamespace.ts (100%)
 rename web/src/{components => shared}/hooks/usePatternflyTheme.ts (100%)
 rename web/src/{components => shared}/hooks/usePerspective.tsx (96%)
 rename web/src/{ => shared}/store/actions.ts (97%)
 rename web/src/{components/fetch-alerts.tsx => shared/store/fetch-alerts.ts} (100%)
 rename web/src/{ => shared}/store/reducers.ts (97%)
 rename web/src/{ => shared}/store/store.ts (78%)
 rename web/src/{ => shared}/store/thunks.ts (88%)
 rename web/src/{components => shared/types}/types.ts (100%)
 rename web/src/{ => shared/utils}/react-router-7-adapter.ts (91%)
 rename web/src/{components/metrics => shared/utils}/units.ts (55%)
 rename web/src/{components => shared/utils}/utils.spec.ts (95%)
 rename web/src/{components => shared/utils}/utils.ts (98%)
 delete mode 100644 web/webpack.standalone.config.ts
--- Attempt 1/3 ---
Makefile:118: warning: overriding commands for target `start-devspace-mcp-backend'
Makefile:114: warning: ignoring old commands for target `start-devspace-mcp-backend'
podman manifest create -a quay.io/openshift-observability-ui/monitoring-console-plugin:v1.1.0
c81e581d8e9dd6ea023d8f4c811a4aca57ba715dc52a2ab12ee17e2ec0069f00
podman build --platform linux/arm64,linux/amd64 --manifest quay.io/openshift-observability-ui/monitoring-console-plugin:v1.1.0 -f Dockerfile.mcp
[linux/amd64] [1/3] STEP 1/12: FROM registry.redhat.io/ubi9/nodejs-22:latest AS web-builder
[linux/amd64] [1/3] STEP 2/12: WORKDIR /opt/app-root
--> Using cache b22f0152de7eae01284befccc688cd7f0aac90f9a9f14475c9c86519977a6ea1
--> b22f0152de7e
[linux/amd64] [1/3] STEP 3/12: USER 0
--> Using cache ed155e792b6cd464124a716b1ae9cfb467dea71e7ba8606efa9aabf472452497
--> ed155e792b6c
[linux/amd64] [1/3] STEP 4/12: ENV HUSKY=0
--> Using cache d7e1ce7889120ec58f0e3c4817454384922b1fe01fcf46e83b25dbcd72f89a0c
--> d7e1ce788912
[linux/amd64] [1/3] STEP 5/12: ENV CYPRESS_INSTALL_BINARY=0
--> 08f428cf0098
[linux/amd64] [1/3] STEP 6/12: COPY web/package*.json web/
--> e63dcacaeaac
[linux/amd64] [1/3] STEP 7/12: COPY Makefile Makefile
--> 4c15d8c4f0b0
[linux/amd64] [1/3] STEP 8/12: RUN make install-frontend-ci
Makefile:118: warning: overriding recipe for target 'start-devspace-mcp-backend'
Makefile:114: warning: ignoring old recipe for target 'start-devspace-mcp-backend'
cd web && npm ci --ignore-scripts
npm warn deprecated rimraf@3.0.2: Rimraf versions prior to v4 are no longer supported
npm warn deprecated lodash.get@4.4.2: This package is deprecated. Use the optional chaining (?.) operator instead.
npm warn deprecated inflight@1.0.6: This module is not supported, and leaks memory. Do not use it. Check out lru-cache if you want a good and tested way to coalesce async requests by a key value, which is much more comprehensive and powerful.
npm warn deprecated i18next-parser@9.4.0: Project is deprecated, use i18next-cli instead
npm warn deprecated glob@7.2.3: Glob versions prior to v9 are no longer supported
npm warn deprecated @perses-dev/core@0.53.0: package is deprecated in favor for @perses-dev/client. Please read https://perses.dev/perses/docs/upgrade-guide/\#core-package-deprecated to know how to migrate
npm warn deprecated glob@10.5.0: Old versions of glob are not supported, and contain widely publicized security vulnerabilities, which have been fixed in the current version. Please update. Support for old versions may be purchased (at exorbitant rates) by contacting i@izs.me
npm warn deprecated glob@10.5.0: Old versions of glob are not supported, and contain widely publicized security vulnerabilities, which have been fixed in the current version. Please update. Support for old versions may be purchased (at exorbitant rates) by contacting i@izs.me
npm warn deprecated glob@10.5.0: Old versions of glob are not supported, and contain widely publicized security vulnerabilities, which have been fixed in the current version. Please update. Support for old versions may be purchased (at exorbitant rates) by contacting i@izs.me
npm warn deprecated glob@10.5.0: Old versions of glob are not supported, and contain widely publicized security vulnerabilities, which have been fixed in the current version. Please update. Support for old versions may be purchased (at exorbitant rates) by contacting i@izs.me
npm warn deprecated glob@10.5.0: Old versions of glob are not supported, and contain widely publicized security vulnerabilities, which have been fixed in the current version. Please update. Support for old versions may be purchased (at exorbitant rates) by contacting i@izs.me

added 1828 packages, and audited 1829 packages in 46s

327 packages are looking for funding
  run `npm fund` for details

34 vulnerabilities (3 low, 16 moderate, 15 high)

To address issues that do not require attention, run:
  npm audit fix

To address all issues possible (including breaking changes), run:
  npm audit fix --force

Some issues need review, and may require choosing
a different dependency.

Run `npm audit` for details.
--> 48cfa7fdd2fb
[linux/amd64] [1/3] STEP 9/12: COPY web/ web/
--> 80293aef30f6
[linux/amd64] [1/3] STEP 10/12: COPY config/ config/
--> 73ccac7d991f
[linux/amd64] [1/3] STEP 11/12: ENV CONSOLE_PLUGIN_NAME="monitoring-console-plugin"
--> 115a1d08322d
[linux/amd64] [1/3] STEP 12/12: RUN make build-frontend
Makefile:118: warning: overriding recipe for target 'start-devspace-mcp-backend'
Makefile:114: warning: ignoring old recipe for target 'start-devspace-mcp-backend'
cd web && npm run build

> monitoring-plugin@1.0.0 build
> npm run clean && NODE_ENV=production npm run ts-node node_modules/.bin/webpack


> monitoring-plugin@1.0.0 clean
> rm -rf dist


> monitoring-plugin@1.0.0 ts-node
> ts-node -O '{"module":"commonjs"}' node_modules/.bin/webpack

@patternfly/react-core dynamic modules taken from dist/dynamic-modules.json
@patternfly/react-data-view dynamic modules generated from dist/dynamic
@patternfly/react-icons dynamic modules taken from dist/dynamic-modules.json
@patternfly/react-table dynamic modules taken from dist/dynamic-modules.json
@patternfly/react-templates dynamic modules taken from dist/dynamic-modules.json
assets by path *.js 9.93 MiB
  assets by chunk 8.26 MiB (id hint: vendors)
    assets by status 7.12 MiB [big] 4 assets
    + 40 assets
  + 185 assets
assets by path assets/ 1.28 MiB
  assets by path assets/*.woff 740 KiB 42 assets
  assets by path assets/*.woff2 565 KiB 42 assets
  asset assets/restricted-sign..svg 2.38 KiB [emitted] [from: shared/console/imgs/restricted-sign.svg] (auxiliary name: CmoAlertsPage, exposed-AlertRulesDetailsPage, exposed-AlertsDetailsPage, exposed-IncidentsPage, exposed-SilenceEditPage, exposed-SilencesDetailsPage, exposed-TargetsPage)
assets by path locales/ 115 KiB
  asset locales/en/plugin__monitoring-console-plugin.json 22.4 KiB [emitted] [from: ../locales/en/plugin__monitoring-plugin.json] [copied]
  asset locales/ja/plugin__monitoring-console-plugin.json 20.7 KiB [emitted] [from: ../locales/ja/plugin__monitoring-plugin.json] [copied]
  asset locales/fr/plugin__monitoring-console-plugin.json 19.3 KiB [emitted] [from: ../locales/fr/plugin__monitoring-plugin.json] [copied]
  + 3 assets
asset plugin-manifest.json 467 bytes [emitted]
orphan modules 18.3 MiB [orphan] 19117 modules
runtime modules 67.3 KiB 15 modules
built modules 18.1 MiB (javascript) 1.28 MiB (asset) 3.65 KiB (consume-shared) 3.36 KiB (share-init) [built]
  modules by path ../node_modules/ 17.3 MiB (javascript) 1.27 MiB (asset)
    javascript modules 17.3 MiB 1686 modules
    asset modules 1.27 MiB (asset) 3.45 KiB (javascript) 84 modules
  modules by path ./ 813 KiB (javascript) 2.38 KiB (asset) 92 modules
  consume-shared-module modules 3.65 KiB 89 modules
  provide-module modules 3.36 KiB 82 modules
  modules by path @console/ 30 bytes
    @console/internal/models (ignored) 15 bytes [built] [code generated]
    @console/shared/src/utils/console-fetch (ignored) 15 bytes [built] [code generated]
  container entry 42 bytes [built] [code generated]

LOG from @openshift-console/dynamic-plugin-sdk-webpack/lib/webpack/loaders/dynamic-module-import-loader ../node_modules/esbuild-loader/dist/index.cjs??ruleSet[1].rules[0]!./shared/components/table/TableCheckboxFilter.tsx
<w> Non-index and non-dynamic module import @patternfly/react-data-view/dist/dynamic/DataViewFilters

WARNING in asset size limit: The following asset(s) exceed the recommended size limit (244 KiB).
This can impact web performance.
Assets: 
  4617-chunk-930f5be14d66a6081df4.min.js (311 KiB)
  4572-chunk-0efec978b172a3428cf4.min.js (402 KiB)
  2764-chunk-6eff926d54204d35f2f4.min.js (1.8 MiB)
  7930-chunk-355dd1269fb5ee42978e.min.js (4.62 MiB)

webpack 5.105.4 compiled with 1 warning in 114530 ms
--> e9f0bfa9b68d
[linux/arm64] [1/3] STEP 1/12: FROM registry.redhat.io/ubi9/nodejs-22:latest AS web-builder
Trying to pull registry.redhat.io/ubi9/nodejs-22:latest...
Getting image source signatures
Checking if image destination supports signatures
Copying blob sha256:3fa2c3ec93bd0d2914f8e021fa5b043ace5a704a440ecd2db626edd260f6a3c8
Copying blob sha256:96c26ef68d364bcbd8f901e4664d7531ebb74699c6d8a69825e5925d8c6696c2
Copying blob sha256:143df91a054c3d67ed690e7f87f430247e12263d24f8d216e794a40abed4caa8
Copying config sha256:21c0269160eae1f56763a0def0f20ffead061334731e5fd18ceb2c7eca36dca5
Writing manifest to image destination
Storing signatures
[linux/arm64] [1/3] STEP 2/12: WORKDIR /opt/app-root
--> Using cache f138705962d11e61edb13d571ef027b5aaab047c990ddb975b6c9bd527be9ff2
--> f138705962d1
[linux/arm64] [1/3] STEP 3/12: USER 0
--> Using cache 61b9a6eeee01e35ad9cddcbb7edcdd161f356f63b32f84c07f8ec25b4736e4c7
--> 61b9a6eeee01
[linux/arm64] [1/3] STEP 4/12: ENV HUSKY=0
--> Using cache e420b43c6a8a2ca2a35f3a7dec0cfe45469551305818db0d62b45db4887b854e
--> e420b43c6a8a
[linux/arm64] [1/3] STEP 5/12: ENV CYPRESS_INSTALL_BINARY=0
--> 5e174d63e165
[linux/arm64] [1/3] STEP 6/12: COPY web/package*.json web/
--> f6043c7c2461
[linux/arm64] [1/3] STEP 7/12: COPY Makefile Makefile
--> c3bc27ecbdde
[linux/arm64] [1/3] STEP 8/12: RUN make install-frontend-ci
Makefile:118: warning: overriding recipe for target 'start-devspace-mcp-backend'
Makefile:114: warning: ignoring old recipe for target 'start-devspace-mcp-backend'
cd web && npm ci --ignore-scripts
npm warn deprecated rimraf@3.0.2: Rimraf versions prior to v4 are no longer supported
npm warn deprecated lodash.get@4.4.2: This package is deprecated. Use the optional chaining (?.) operator instead.
npm warn deprecated inflight@1.0.6: This module is not supported, and leaks memory. Do not use it. Check out lru-cache if you want a good and tested way to coalesce async requests by a key value, which is much more comprehensive and powerful.
npm warn deprecated i18next-parser@9.4.0: Project is deprecated, use i18next-cli instead
npm warn deprecated glob@7.2.3: Glob versions prior to v9 are no longer supported
npm warn deprecated @perses-dev/core@0.53.0: package is deprecated in favor for @perses-dev/client. Please read https://perses.dev/perses/docs/upgrade-guide/\#core-package-deprecated to know how to migrate
npm warn deprecated glob@10.5.0: Old versions of glob are not supported, and contain widely publicized security vulnerabilities, which have been fixed in the current version. Please update. Support for old versions may be purchased (at exorbitant rates) by contacting i@izs.me
npm warn deprecated glob@10.5.0: Old versions of glob are not supported, and contain widely publicized security vulnerabilities, which have been fixed in the current version. Please update. Support for old versions may be purchased (at exorbitant rates) by contacting i@izs.me
npm warn deprecated glob@10.5.0: Old versions of glob are not supported, and contain widely publicized security vulnerabilities, which have been fixed in the current version. Please update. Support for old versions may be purchased (at exorbitant rates) by contacting i@izs.me
npm warn deprecated glob@10.5.0: Old versions of glob are not supported, and contain widely publicized security vulnerabilities, which have been fixed in the current version. Please update. Support for old versions may be purchased (at exorbitant rates) by contacting i@izs.me
npm warn deprecated glob@10.5.0: Old versions of glob are not supported, and contain widely publicized security vulnerabilities, which have been fixed in the current version. Please update. Support for old versions may be purchased (at exorbitant rates) by contacting i@izs.me

added 1828 packages, and audited 1829 packages in 34s

327 packages are looking for funding
  run `npm fund` for details

34 vulnerabilities (3 low, 16 moderate, 15 high)

To address issues that do not require attention, run:
  npm audit fix

To address all issues possible (including breaking changes), run:
  npm audit fix --force

Some issues need review, and may require choosing
a different dependency.

Run `npm audit` for details.
--> 6fb29baa5cc0
[linux/arm64] [1/3] STEP 9/12: COPY web/ web/
--> 2cac73a890d7
[linux/arm64] [1/3] STEP 10/12: COPY config/ config/
--> 9cf489d913c2
[linux/arm64] [1/3] STEP 11/12: ENV CONSOLE_PLUGIN_NAME="monitoring-console-plugin"
--> c573229629b6
[linux/arm64] [1/3] STEP 12/12: RUN make build-frontend
Makefile:118: warning: overriding recipe for target 'start-devspace-mcp-backend'
Makefile:114: warning: ignoring old recipe for target 'start-devspace-mcp-backend'
cd web && npm run build

> monitoring-plugin@1.0.0 build
> npm run clean && NODE_ENV=production npm run ts-node node_modules/.bin/webpack


> monitoring-plugin@1.0.0 clean
> rm -rf dist


> monitoring-plugin@1.0.0 ts-node
> ts-node -O '{"module":"commonjs"}' node_modules/.bin/webpack

@patternfly/react-core dynamic modules taken from dist/dynamic-modules.json
@patternfly/react-data-view dynamic modules generated from dist/dynamic
@patternfly/react-icons dynamic modules taken from dist/dynamic-modules.json
@patternfly/react-table dynamic modules taken from dist/dynamic-modules.json
@patternfly/react-templates dynamic modules taken from dist/dynamic-modules.json
assets by path *.js 9.93 MiB
  assets by chunk 8.26 MiB (id hint: vendors)
    assets by status 7.12 MiB [big] 4 assets
    + 40 assets
  + 185 assets
assets by path assets/ 1.28 MiB
  assets by path assets/*.woff 740 KiB 42 assets
  assets by path assets/*.woff2 565 KiB 42 assets
  asset assets/restricted-sign..svg 2.38 KiB [emitted] [from: shared/console/imgs/restricted-sign.svg] (auxiliary name: CmoAlertsPage, exposed-AlertRulesDetailsPage, exposed-AlertsDetailsPage, exposed-IncidentsPage, exposed-SilenceEditPage, exposed-SilencesDetailsPage, exposed-TargetsPage)
assets by path locales/ 115 KiB
  asset locales/en/plugin__monitoring-console-plugin.json 22.4 KiB [emitted] [from: ../locales/en/plugin__monitoring-plugin.json] [copied]
  asset locales/ja/plugin__monitoring-console-plugin.json 20.7 KiB [emitted] [from: ../locales/ja/plugin__monitoring-plugin.json] [copied]
  asset locales/fr/plugin__monitoring-console-plugin.json 19.3 KiB [emitted] [from: ../locales/fr/plugin__monitoring-plugin.json] [copied]
  + 3 assets
asset plugin-manifest.json 467 bytes [emitted]
orphan modules 18.3 MiB [orphan] 19117 modules
runtime modules 67.3 KiB 15 modules
built modules 18.1 MiB (javascript) 1.28 MiB (asset) 3.65 KiB (consume-shared) 3.36 KiB (share-init) [built]
  modules by path ../node_modules/ 17.3 MiB (javascript) 1.27 MiB (asset)
    javascript modules 17.3 MiB 1686 modules
    asset modules 1.27 MiB (asset) 3.45 KiB (javascript) 84 modules
  modules by path ./ 813 KiB (javascript) 2.38 KiB (asset) 92 modules
  consume-shared-module modules 3.65 KiB 89 modules
  provide-module modules 3.36 KiB 82 modules
  modules by path @console/ 30 bytes
    @console/internal/models (ignored) 15 bytes [built] [code generated]
    @console/shared/src/utils/console-fetch (ignored) 15 bytes [built] [code generated]
  container entry 42 bytes [built] [code generated]

LOG from @openshift-console/dynamic-plugin-sdk-webpack/lib/webpack/loaders/dynamic-module-import-loader ../node_modules/esbuild-loader/dist/index.cjs??ruleSet[1].rules[0]!./shared/components/table/TableCheckboxFilter.tsx
<w> Non-index and non-dynamic module import @patternfly/react-data-view/dist/dynamic/DataViewFilters

WARNING in asset size limit: The following asset(s) exceed the recommended size limit (244 KiB).
This can impact web performance.
Assets: 
  4617-chunk-930f5be14d66a6081df4.min.js (311 KiB)
  4572-chunk-0efec978b172a3428cf4.min.js (402 KiB)
  2764-chunk-6eff926d54204d35f2f4.min.js (1.8 MiB)
  7930-chunk-355dd1269fb5ee42978e.min.js (4.62 MiB)

webpack 5.105.4 compiled with 1 warning in 89651 ms
--> 4c8187f22f08
[linux/amd64] [2/3] STEP 1/14: FROM registry.access.redhat.com/ubi9/go-toolset:1.26 AS go-builder
Trying to pull registry.access.redhat.com/ubi9/go-toolset:1.26...
Getting image source signatures
Checking if image destination supports signatures
Copying blob sha256:9dd7a54704c5a666e57e3f6efc35e90fc6da8ad2923d77d60d1c573ef3315791
Copying blob sha256:56649e4df8eddef4709849b46063574b7ddb22fc98fb75409885c838a4c9d381
Copying blob sha256:5c9af8529e118dd5a8d55d669c48114bfef7c8f5d743e5e560639dfabca3a5f9
Copying blob sha256:d68194b0e4a172e16c5cbb1bc0479d22da58da64d376a5cdb885730c90f6fc5b
Copying config sha256:11c3fc29fb378f2b34bbf7921ad5e41b11f9631214b3369f21fc66619a1c7872
Writing manifest to image destination
Storing signatures
[linux/amd64] [2/3] STEP 2/14: WORKDIR /opt/app-root
--> Using cache cee354c451d26ec48e252e69f6a18fab7e7ba3c3da8f781ab23670ac2f707413
--> cee354c451d2
[linux/amd64] [2/3] STEP 3/14: COPY Makefile Makefile
--> 83497a50214f
[linux/amd64] [2/3] STEP 4/14: COPY go.mod go.mod
--> 14dd0755267e
[linux/amd64] [2/3] STEP 5/14: COPY go.sum go.sum
--> 167ec3e2b63e
[linux/amd64] [2/3] STEP 6/14: RUN make install-backend
Makefile:118: warning: overriding recipe for target 'start-devspace-mcp-backend'
Makefile:114: warning: ignoring old recipe for target 'start-devspace-mcp-backend'
go mod download
--> 7a2aae23a9dc
[linux/amd64] [2/3] STEP 7/14: COPY cmd/ cmd/
--> 31b90d226f63
[linux/amd64] [2/3] STEP 8/14: COPY pkg/ pkg/
--> a249e3836d17
[linux/amd64] [2/3] STEP 9/14: ENV GOOS=${TARGETOS:-linux}
--> daf99939a6f9
[linux/amd64] [2/3] STEP 10/14: ENV GOARCH=${TARGETARCH}
--> 8d183d2238bf
[linux/amd64] [2/3] STEP 11/14: ENV GOEXPERIMENT=strictfipsruntime
--> 975b361231d6
[linux/amd64] [2/3] STEP 12/14: ENV GOFLAGS=-mod=readonly
--> d8159dcb6353
[linux/amd64] [2/3] STEP 13/14: ENV CGO_ENABLED=1
--> 2100fdfaa901
[linux/amd64] [2/3] STEP 14/14: RUN make build-backend
Makefile:118: warning: overriding recipe for target 'start-devspace-mcp-backend'
Makefile:114: warning: ignoring old recipe for target 'start-devspace-mcp-backend'
go build  -mod=readonly -o plugin-backend cmd/plugin-backend.go
--> d1923a83234c
[linux/arm64] [2/3] STEP 1/14: FROM registry.access.redhat.com/ubi9/go-toolset:1.26 AS go-builder
Trying to pull registry.access.redhat.com/ubi9/go-toolset:1.26...
Getting image source signatures
Checking if image destination supports signatures
Copying blob sha256:3b33bd74c459c543768665bc4406a7ec75fd6a2de94164c1ad9968e07c895aaf
Copying blob sha256:3fa2c3ec93bd0d2914f8e021fa5b043ace5a704a440ecd2db626edd260f6a3c8
Copying blob sha256:96c26ef68d364bcbd8f901e4664d7531ebb74699c6d8a69825e5925d8c6696c2
Copying blob sha256:852e434154bbab928ec83bdc7061dee5120584a0c35903abf2b024686bc65eb8
Copying config sha256:c9e40cb14364af57c6c2c0ca7a8afc8b39349b65e751b3062bf52d82bdc297cb
Writing manifest to image destination
Storing signatures
[linux/arm64] [2/3] STEP 2/14: WORKDIR /opt/app-root
--> Using cache b41719939b9ccc27e127d90e34c6d07d71d530c12510c6240a59107642bf4978
--> b41719939b9c
[linux/arm64] [2/3] STEP 3/14: COPY Makefile Makefile
--> 669bc3627b8d
[linux/arm64] [2/3] STEP 4/14: COPY go.mod go.mod
--> 02f87dc2df80
[linux/arm64] [2/3] STEP 5/14: COPY go.sum go.sum
--> 1c99c4e4f6c2
[linux/arm64] [2/3] STEP 6/14: RUN make install-backend
Makefile:118: warning: overriding recipe for target 'start-devspace-mcp-backend'
Makefile:114: warning: ignoring old recipe for target 'start-devspace-mcp-backend'
go mod download
--> 00d22d49704c
[linux/arm64] [2/3] STEP 7/14: COPY cmd/ cmd/
--> b861c32126c9
[linux/arm64] [2/3] STEP 8/14: COPY pkg/ pkg/
--> dc09da3e01e2
[linux/arm64] [2/3] STEP 9/14: ENV GOOS=${TARGETOS:-linux}
--> dfadeee88df8
[linux/arm64] [2/3] STEP 10/14: ENV GOARCH=${TARGETARCH}
--> 7772a89bd816
[linux/arm64] [2/3] STEP 11/14: ENV GOEXPERIMENT=strictfipsruntime
--> f43611ecf8b3
[linux/arm64] [2/3] STEP 12/14: ENV GOFLAGS=-mod=readonly
--> 908a82bb7632
[linux/arm64] [2/3] STEP 13/14: ENV CGO_ENABLED=1
--> 22f1989b932c
[linux/arm64] [2/3] STEP 14/14: RUN make build-backend
Makefile:118: warning: overriding recipe for target 'start-devspace-mcp-backend'
Makefile:114: warning: ignoring old recipe for target 'start-devspace-mcp-backend'
go build  -mod=readonly -o plugin-backend cmd/plugin-backend.go
--> 1c985c6d0b6b
[linux/amd64] [3/3] STEP 1/8: FROM registry.access.redhat.com/ubi9/ubi-minimal
Trying to pull registry.access.redhat.com/ubi9/ubi-minimal:latest...
Getting image source signatures
Checking if image destination supports signatures
Copying blob sha256:2943616793071e9fa96e298a7454ac45b7a498df6ca5c681004955a177cdf999
Copying config sha256:e3e6fe3b9c265802d2526c15071f59bd20f2d634fc82b7c633387d2cf2ec1056
Writing manifest to image destination
Storing signatures
[linux/amd64] [3/3] STEP 2/8: RUN mkdir /licenses
--> Using cache a4e3378ea2ac7d38ee711f47812ba3cb62b86a4055b2c1697ab6654846a3af2e
--> a4e3378ea2ac
[linux/amd64] [3/3] STEP 3/8: COPY LICENSE /licenses/.
--> Using cache 72c9dca420e7a7da2cec7a86a704bd3649bb6dbca56146b0b8f990f4553efda4
--> 72c9dca420e7
[linux/amd64] [3/3] STEP 4/8: USER 1001
--> Using cache 9bb1a9cc39d84cc020cd6d8e995601d6071f6e3e5b138589f6877775ba92f7be
--> 9bb1a9cc39d8
[linux/amd64] [3/3] STEP 5/8: COPY --from=web-builder /opt/app-root/web/dist /opt/app-root/web/dist
--> a086f5062ccb
[linux/amd64] [3/3] STEP 6/8: COPY --from=go-builder /opt/app-root/plugin-backend /opt/app-root
--> 32d5d3eb6a44
[linux/amd64] [3/3] STEP 7/8: COPY --from=web-builder /opt/app-root/config /opt/app-root/config
--> 76c4a83c5ded
[linux/amd64] [3/3] STEP 8/8: ENTRYPOINT ["/opt/app-root/plugin-backend", "-static-path", "/opt/app-root/web/dist", "-config-path", "/opt/app-root/config"]
[linux/amd64] [3/3] COMMIT
--> c724ad547837
[linux/arm64] [3/3] STEP 1/8: FROM registry.access.redhat.com/ubi9/ubi-minimal
c724ad5478378ec9b41d245ae1c56e3a03917c40e91126d4cb41743e9e075b4a
Trying to pull registry.access.redhat.com/ubi9/ubi-minimal:latest...
Getting image source signatures
Checking if image destination supports signatures
Copying blob sha256:8289a871631249c9c1a3b2366de832716cd43c77864c245a1c1364a2abeb5704
Copying config sha256:19a5d5dc0e92607939d631511c68a3b399a200a3bfbe6a1dfe726549e1527ae0
Writing manifest to image destination
Storing signatures
[linux/arm64] [3/3] STEP 2/8: RUN mkdir /licenses
--> Using cache 6cf4597d41bb639f6bcefa2128db18b6aaa881295b49a173ff0f15a50779002e
--> 6cf4597d41bb
[linux/arm64] [3/3] STEP 3/8: COPY LICENSE /licenses/.
--> Using cache c90f676f195cd53ea857d59eb33f9d262d6672090bba101dd69162bc5af952ea
--> c90f676f195c
[linux/arm64] [3/3] STEP 4/8: USER 1001
--> Using cache 0bb8691b7c6922898c96ecc7a586335701c05b0f0d5e80644b9cda957d5ac40e
--> 0bb8691b7c69
[linux/arm64] [3/3] STEP 5/8: COPY --from=web-builder /opt/app-root/web/dist /opt/app-root/web/dist
--> a6a01451ab60
[linux/arm64] [3/3] STEP 6/8: COPY --from=go-builder /opt/app-root/plugin-backend /opt/app-root
--> a4748e484194
[linux/arm64] [3/3] STEP 7/8: COPY --from=web-builder /opt/app-root/config /opt/app-root/config
--> c955f27b883e
[linux/arm64] [3/3] STEP 8/8: ENTRYPOINT ["/opt/app-root/plugin-backend", "-static-path", "/opt/app-root/web/dist", "-config-path", "/opt/app-root/config"]
[linux/arm64] [3/3] COMMIT
--> 9632f213307f
9632f213307f8e00fcd198853c3ec7def772213ec5265a32254e18e2839fa172
podman manifest push quay.io/openshift-observability-ui/monitoring-console-plugin:v1.1.0
Getting image list signatures
Copying 2 images generated from 2 images in list
Copying image sha256:8c408441614e3927cd2464b7fe96d322167a2d8626d645b707c9381fe2cc773d (1/2)
Getting image source signatures
Copying blob sha256:7b8ef56f80f10bf172c04dc9cf66054fb9086776a35cbee985a04301453a90b4
Copying blob sha256:2b323feb8f28688c977b4c5f91111da8af33fc313b32548ec5bf359c6007189e
Copying blob sha256:56550161697f795bc52c827a70fe1e427be4c6bdf4e3c9b2d560f51c2524b6f3
Copying blob sha256:82a7465d0648d6f2dc8696120757234a00bc68b6b1bf41f713d6a9bb3d7f1a2d
Copying blob sha256:fe11e627d258d4ddbd577f0583c535fe5bb1837e473bfe3a389cc47dfa41df22
Copying blob sha256:2973d188ec456ae706dcb17393ea8f87fc5b645cef2f2463cc309c59e38fb50f
Copying config sha256:c724ad5478378ec9b41d245ae1c56e3a03917c40e91126d4cb41743e9e075b4a
Writing manifest to image destination
Copying image sha256:6e4026efe1bd4bf6de709ea7c3e8b4a9fb2ad352730f8cce68cea273e1a7a6c0 (2/2)
Getting image source signatures
Copying blob sha256:5e0c0516b794028658ae88ffcfcd76efa540e4fbc1cd5844aeafbcb20488674a
Copying blob sha256:b64e544532a04e0487e511ad187548828dc9fa4abb2c07f906ecbcdcae8f1e22
Copying blob sha256:77a37db3421938bdfd5986bbae93426951347d2986aa3b1e27494aec47ce4549
Copying blob sha256:1de174a7b009f924bb61744a060a86d90c5639a77d18c44016a0faea25dda2c4
Copying blob sha256:1cfda920cda66c94e7497de1ed86b9e469f2abd4a34cafc08f185450e421f969
Copying blob sha256:ed401377d7612981970018cad00fdedb4c0f0dc2ee5c3dd9fd7f7817b87af219
Copying config sha256:9632f213307f8e00fcd198853c3ec7def772213ec5265a32254e18e2839fa172
Writing manifest to image destination
Writing manifest list to image destination
Storing list signatures
==========================================
Building logging-view-plugin @ release-coo-ocp-4.22 with VERSION=v6.3.0 ORG=openshift-observability-ui
==========================================
Switched to branch 'release-coo-ocp-4.22'
Your branch is up to date with 'origin/release-coo-ocp-4.22'.
From https://github.com/openshift/logging-view-plugin
 * branch            release-coo-ocp-4.22 -> FETCH_HEAD
Already up to date.
--- Attempt 1/3 ---
Makefile:45: warning: overriding commands for target `test-backend'
Makefile:41: warning: ignoring old commands for target `test-backend'
podman manifest rm quay.io/openshift-observability-ui/logging-view-plugin:v6.3.0 || true
Error: quay.io/openshift-observability-ui/logging-view-plugin:v6.3.0: image not known
podman manifest create quay.io/openshift-observability-ui/logging-view-plugin:v6.3.0
a5f6afbbc40a03222442e008cc38bc99702778aec791deb23115fef7083c7787
podman build --platform linux/arm64,linux/amd64 --manifest quay.io/openshift-observability-ui/logging-view-plugin:v6.3.0 -f Dockerfile
[linux/arm64] [1/3] STEP 1/9: FROM registry.redhat.io/ubi9/nodejs-22:latest AS web-builder
[linux/arm64] [1/3] STEP 2/9: WORKDIR /opt/app-root
--> Using cache f138705962d11e61edb13d571ef027b5aaab047c990ddb975b6c9bd527be9ff2
--> f138705962d1
[linux/arm64] [1/3] STEP 3/9: USER 0
--> Using cache 61b9a6eeee01e35ad9cddcbb7edcdd161f356f63b32f84c07f8ec25b4736e4c7
--> 61b9a6eeee01
[linux/arm64] [1/3] STEP 4/9: ENV HUSKY=0
--> Using cache e420b43c6a8a2ca2a35f3a7dec0cfe45469551305818db0d62b45db4887b854e
--> e420b43c6a8a
[linux/arm64] [1/3] STEP 5/9: COPY web/package*.json web/
--> 78ddae1fce68
[linux/arm64] [1/3] STEP 6/9: COPY Makefile Makefile
--> 9dcc9f964847
[linux/arm64] [1/3] STEP 7/9: RUN make install-frontend-ci-clean
Makefile:45: warning: overriding recipe for target 'test-backend'
Makefile:41: warning: ignoring old recipe for target 'test-backend'
cd web && npm ci --omit=optional --ignore-scripts
npm warn deprecated whatwg-encoding@3.1.1: Use @exodus/bytes instead for a more spec-conformant and faster implementation
npm warn deprecated uuid@8.3.2: uuid@10 and below is no longer supported.  For ESM codebases, update to uuid@latest.  For CommonJS codebases, use uuid@11 (but be aware this version will likely be deprecated in 2028).
npm warn deprecated rimraf@3.0.2: Rimraf versions prior to v4 are no longer supported
npm warn deprecated inflight@1.0.6: This module is not supported, and leaks memory. Do not use it. Check out lru-cache if you want a good and tested way to coalesce async requests by a key value, which is much more comprehensive and powerful.
npm warn deprecated i18next-parser@9.4.0: Project is deprecated, use i18next-cli instead
npm warn deprecated glob@7.2.3: Old versions of glob are not supported, and contain widely publicized security vulnerabilities, which have been fixed in the current version. Please update. Support for old versions may be purchased (at exorbitant rates) by contacting i@izs.me
npm warn deprecated @types/webpack-dev-server@4.7.2: This is a stub types definition. webpack-dev-server provides its own type definitions, so you do not need this installed.
npm warn deprecated glob@10.5.0: Old versions of glob are not supported, and contain widely publicized security vulnerabilities, which have been fixed in the current version. Please update. Support for old versions may be purchased (at exorbitant rates) by contacting i@izs.me
npm warn deprecated glob@10.5.0: Old versions of glob are not supported, and contain widely publicized security vulnerabilities, which have been fixed in the current version. Please update. Support for old versions may be purchased (at exorbitant rates) by contacting i@izs.me
npm warn deprecated glob@10.5.0: Old versions of glob are not supported, and contain widely publicized security vulnerabilities, which have been fixed in the current version. Please update. Support for old versions may be purchased (at exorbitant rates) by contacting i@izs.me
npm warn deprecated glob@10.5.0: Old versions of glob are not supported, and contain widely publicized security vulnerabilities, which have been fixed in the current version. Please update. Support for old versions may be purchased (at exorbitant rates) by contacting i@izs.me
npm warn deprecated glob@10.5.0: Old versions of glob are not supported, and contain widely publicized security vulnerabilities, which have been fixed in the current version. Please update. Support for old versions may be purchased (at exorbitant rates) by contacting i@izs.me

added 1556 packages, and audited 1557 packages in 25s

321 packages are looking for funding
  run `npm fund` for details

27 vulnerabilities (3 low, 12 moderate, 11 high, 1 critical)

To address issues that do not require attention, run:
  npm audit fix

To address all issues (including breaking changes), run:
  npm audit fix --force

Run `npm audit` for details.
cd web && npm cache clean --force
npm warn using --force Recommended protections disabled.
--> 78764a46e74d
[linux/arm64] [1/3] STEP 8/9: COPY web/ web/
--> 8c250c99c36c
[linux/arm64] [1/3] STEP 9/9: RUN make build-frontend
Makefile:45: warning: overriding recipe for target 'test-backend'
Makefile:41: warning: ignoring old recipe for target 'test-backend'
cd web && npm run build

> logging-view-plugin@6.1.0 build
> npm run clean && NODE_ENV=production npm run ts-node node_modules/.bin/webpack


> logging-view-plugin@6.1.0 clean
> rm -rf dist


> logging-view-plugin@6.1.0 ts-node
> ts-node -O '{"module":"commonjs"}' node_modules/.bin/webpack

@patternfly/react-core dynamic modules taken from dist/dynamic-modules.json
@patternfly/react-icons dynamic modules taken from dist/dynamic-modules.json
@patternfly/react-table dynamic modules taken from dist/dynamic-modules.json
assets by path *.js 4.79 MiB
  assets by chunk 2.64 MiB (id hint: vendors)
    assets by status 1.61 MiB [big]
      asset 9666-chunk-69eed8215e04934b0b32.min.js 1.13 MiB [emitted] [immutable] [big] (id hint: vendors) 1 related asset
      asset 3076-chunk-d3dd5c0fd35e0abdbd6a.min.js 494 KiB [emitted] [immutable] [big] (id hint: vendors) 1 related asset
    + 11 assets
  + 82 assets
asset locales/en/plugin__logging-view-plugin.json 10.4 KiB [emitted] [from: ../locales/en/plugin__logging-view-plugin.json] [copied]
asset plugin-manifest.json 1.92 KiB [emitted]
orphan modules 2.59 MiB [orphan] 1519 modules
runtime modules 37.8 KiB 14 modules
built modules 2.9 MiB (javascript) 1.72 KiB (consume-shared) 1.56 KiB (share-init) [built]
  modules by path ../node_modules/ 2.6 MiB 436 modules
  modules by path ./ 301 KiB 48 modules
  consume-shared-module modules 1.72 KiB
    modules by path consume shared module (default) @patternfly/react-core/dist/dynamic/ 1.23 KiB 30 modules
    modules by path consume shared module (default) @patternfly/react-icons/dist/dynamic/icons/ 294 bytes 7 modules
    modules by path *.1 (singleton) 84 bytes 2 modules
    + 3 modules
  provide-module modules 1.56 KiB
    modules by path provide shared module (default) @patternfly/react-core/dist/dynamic/ 1.23 KiB 30 modules
    modules by path provide shared module (default) @patternfly/react-icons/dist/dynamic/icons/ 294 bytes 7 modules
    provide shared module (default) @patternfly/react-table/dist/dynamic/components/...(truncated) 42 bytes [built] [code generated]
  container entry 42 bytes [built] [code generated]

WARNING in asset size limit: The following asset(s) exceed the recommended size limit (244 KiB).
This can impact web performance.
Assets: 
  9666-chunk-69eed8215e04934b0b32.min.js (1.13 MiB)
  3076-chunk-d3dd5c0fd35e0abdbd6a.min.js (494 KiB)

webpack 5.106.2 compiled with 1 warning in 18670 ms
--> 85c2702364cd
[linux/arm64] [2/3] STEP 1/12: FROM registry.access.redhat.com/ubi9/go-toolset:1.26 AS go-builder
[linux/arm64] [2/3] STEP 2/12: WORKDIR /opt/app-root
--> Using cache b41719939b9ccc27e127d90e34c6d07d71d530c12510c6240a59107642bf4978
--> b41719939b9c
[linux/arm64] [2/3] STEP 3/12: COPY Makefile Makefile
--> a65094c7103f
[linux/arm64] [2/3] STEP 4/12: COPY go.mod go.mod
--> 04066ee3d82b
[linux/arm64] [2/3] STEP 5/12: COPY go.sum go.sum
--> e5420c8791ba
[linux/arm64] [2/3] STEP 6/12: RUN make install-backend
Makefile:45: warning: overriding recipe for target 'test-backend'
Makefile:41: warning: ignoring old recipe for target 'test-backend'
go mod download
--> 272a4716902e
[linux/arm64] [2/3] STEP 7/12: COPY config/ config/
--> 7d5a9b695096
[linux/arm64] [2/3] STEP 8/12: COPY cmd/ cmd/
--> c410cd525c10
[linux/arm64] [2/3] STEP 9/12: COPY pkg/ pkg/
--> f8a9b66a5fa0
[linux/arm64] [2/3] STEP 10/12: ENV GOEXPERIMENT=strictfipsruntime
--> 9c19d9baa51f
[linux/arm64] [2/3] STEP 11/12: ENV CGO_ENABLED=1
--> 4f622319c487
[linux/arm64] [2/3] STEP 12/12: RUN make build-backend BUILD_OPTS="-tags strictfipsruntime"
Makefile:45: warning: overriding recipe for target 'test-backend'
Makefile:41: warning: ignoring old recipe for target 'test-backend'
go build -tags strictfipsruntime -mod=readonly -o plugin-backend cmd/plugin-backend.go
--> f03552016629
[linux/amd64] [1/3] STEP 1/9: FROM registry.redhat.io/ubi9/nodejs-22:latest AS web-builder
Trying to pull registry.redhat.io/ubi9/nodejs-22:latest...
Getting image source signatures
Checking if image destination supports signatures
Copying blob sha256:d74f03e958176d9f637ef3f0c60d433f7a81709a1fe56c62d203eef3a536739e
Copying blob sha256:56649e4df8eddef4709849b46063574b7ddb22fc98fb75409885c838a4c9d381
Copying blob sha256:5c9af8529e118dd5a8d55d669c48114bfef7c8f5d743e5e560639dfabca3a5f9
Copying config sha256:0f7698e0407d0631a81bf20e78ec1d23de169a3b85762c7d4d6c629fe8f1d963
Writing manifest to image destination
Storing signatures
[linux/amd64] [1/3] STEP 2/9: WORKDIR /opt/app-root
--> Using cache b22f0152de7eae01284befccc688cd7f0aac90f9a9f14475c9c86519977a6ea1
--> b22f0152de7e
[linux/amd64] [1/3] STEP 3/9: USER 0
--> Using cache ed155e792b6cd464124a716b1ae9cfb467dea71e7ba8606efa9aabf472452497
--> ed155e792b6c
[linux/amd64] [1/3] STEP 4/9: ENV HUSKY=0
--> Using cache d7e1ce7889120ec58f0e3c4817454384922b1fe01fcf46e83b25dbcd72f89a0c
--> d7e1ce788912
[linux/amd64] [1/3] STEP 5/9: COPY web/package*.json web/
--> 066fca113ae3
[linux/amd64] [1/3] STEP 6/9: COPY Makefile Makefile
--> 0c628fa1685f
[linux/amd64] [1/3] STEP 7/9: RUN make install-frontend-ci-clean
Makefile:45: warning: overriding recipe for target 'test-backend'
Makefile:41: warning: ignoring old recipe for target 'test-backend'
cd web && npm ci --omit=optional --ignore-scripts
npm warn deprecated whatwg-encoding@3.1.1: Use @exodus/bytes instead for a more spec-conformant and faster implementation
npm warn deprecated rimraf@3.0.2: Rimraf versions prior to v4 are no longer supported
npm warn deprecated inflight@1.0.6: This module is not supported, and leaks memory. Do not use it. Check out lru-cache if you want a good and tested way to coalesce async requests by a key value, which is much more comprehensive and powerful.
npm warn deprecated glob@7.2.3: Old versions of glob are not supported, and contain widely publicized security vulnerabilities, which have been fixed in the current version. Please update. Support for old versions may be purchased (at exorbitant rates) by contacting i@izs.me
npm warn deprecated uuid@8.3.2: uuid@10 and below is no longer supported.  For ESM codebases, update to uuid@latest.  For CommonJS codebases, use uuid@11 (but be aware this version will likely be deprecated in 2028).
npm warn deprecated i18next-parser@9.4.0: Project is deprecated, use i18next-cli instead
npm warn deprecated @types/webpack-dev-server@4.7.2: This is a stub types definition. webpack-dev-server provides its own type definitions, so you do not need this installed.
npm warn deprecated glob@10.5.0: Old versions of glob are not supported, and contain widely publicized security vulnerabilities, which have been fixed in the current version. Please update. Support for old versions may be purchased (at exorbitant rates) by contacting i@izs.me
npm warn deprecated glob@10.5.0: Old versions of glob are not supported, and contain widely publicized security vulnerabilities, which have been fixed in the current version. Please update. Support for old versions may be purchased (at exorbitant rates) by contacting i@izs.me
npm warn deprecated glob@10.5.0: Old versions of glob are not supported, and contain widely publicized security vulnerabilities, which have been fixed in the current version. Please update. Support for old versions may be purchased (at exorbitant rates) by contacting i@izs.me
npm warn deprecated glob@10.5.0: Old versions of glob are not supported, and contain widely publicized security vulnerabilities, which have been fixed in the current version. Please update. Support for old versions may be purchased (at exorbitant rates) by contacting i@izs.me
npm warn deprecated glob@10.5.0: Old versions of glob are not supported, and contain widely publicized security vulnerabilities, which have been fixed in the current version. Please update. Support for old versions may be purchased (at exorbitant rates) by contacting i@izs.me

added 1556 packages, and audited 1557 packages in 32s

321 packages are looking for funding
  run `npm fund` for details

27 vulnerabilities (3 low, 12 moderate, 11 high, 1 critical)

To address issues that do not require attention, run:
  npm audit fix

To address all issues (including breaking changes), run:
  npm audit fix --force

Run `npm audit` for details.
cd web && npm cache clean --force
npm warn using --force Recommended protections disabled.
--> 5eb4ea3a28fd
[linux/amd64] [1/3] STEP 8/9: COPY web/ web/
--> 1fe0a626e7af
[linux/amd64] [1/3] STEP 9/9: RUN make build-frontend
Makefile:45: warning: overriding recipe for target 'test-backend'
Makefile:41: warning: ignoring old recipe for target 'test-backend'
cd web && npm run build

> logging-view-plugin@6.1.0 build
> npm run clean && NODE_ENV=production npm run ts-node node_modules/.bin/webpack


> logging-view-plugin@6.1.0 clean
> rm -rf dist


> logging-view-plugin@6.1.0 ts-node
> ts-node -O '{"module":"commonjs"}' node_modules/.bin/webpack

@patternfly/react-core dynamic modules taken from dist/dynamic-modules.json
@patternfly/react-icons dynamic modules taken from dist/dynamic-modules.json
@patternfly/react-table dynamic modules taken from dist/dynamic-modules.json
assets by path *.js 4.79 MiB
  assets by chunk 2.64 MiB (id hint: vendors)
    assets by status 1.61 MiB [big]
      asset 9666-chunk-69eed8215e04934b0b32.min.js 1.13 MiB [emitted] [immutable] [big] (id hint: vendors) 1 related asset
      asset 3076-chunk-d3dd5c0fd35e0abdbd6a.min.js 494 KiB [emitted] [immutable] [big] (id hint: vendors) 1 related asset
    + 11 assets
  + 82 assets
asset locales/en/plugin__logging-view-plugin.json 10.4 KiB [emitted] [from: ../locales/en/plugin__logging-view-plugin.json] [copied]
asset plugin-manifest.json 1.92 KiB [emitted]
orphan modules 2.59 MiB [orphan] 1519 modules
runtime modules 37.8 KiB 14 modules
built modules 2.9 MiB (javascript) 1.72 KiB (consume-shared) 1.56 KiB (share-init) [built]
  modules by path ../node_modules/ 2.6 MiB 436 modules
  modules by path ./ 301 KiB 48 modules
  consume-shared-module modules 1.72 KiB
    modules by path consume shared module (default) @patternfly/react-core/dist/dynamic/ 1.23 KiB 30 modules
    modules by path consume shared module (default) @patternfly/react-icons/dist/dynamic/icons/ 294 bytes 7 modules
    modules by path *.1 (singleton) 84 bytes 2 modules
    + 3 modules
  provide-module modules 1.56 KiB
    modules by path provide shared module (default) @patternfly/react-core/dist/dynamic/ 1.23 KiB 30 modules
    modules by path provide shared module (default) @patternfly/react-icons/dist/dynamic/icons/ 294 bytes 7 modules
    provide shared module (default) @patternfly/react-table/dist/dynamic/components/...(truncated) 42 bytes [built] [code generated]
  container entry 42 bytes [built] [code generated]

WARNING in asset size limit: The following asset(s) exceed the recommended size limit (244 KiB).
This can impact web performance.
Assets: 
  9666-chunk-69eed8215e04934b0b32.min.js (1.13 MiB)
  3076-chunk-d3dd5c0fd35e0abdbd6a.min.js (494 KiB)

webpack 5.106.2 compiled with 1 warning in 29884 ms
--> 83b3d4914e8c
[linux/arm64] [3/3] STEP 1/5: FROM registry.access.redhat.com/ubi9/ubi-minimal
[linux/arm64] [3/3] STEP 2/5: COPY --from=web-builder /opt/app-root/web/dist /opt/app-root/web/dist
--> 47c9a5335412
[linux/arm64] [3/3] STEP 3/5: COPY --from=go-builder /opt/app-root/plugin-backend /opt/app-root
--> 2dfbdd6efa0a
[linux/arm64] [3/3] STEP 4/5: COPY --from=go-builder /opt/app-root/config /opt/app-root/config
--> 92686454bdb9
[linux/arm64] [3/3] STEP 5/5: ENTRYPOINT ["/opt/app-root/plugin-backend", "-config-path", "/opt/app-root/config", "-static-path", "/opt/app-root/web/dist"]
[linux/arm64] [3/3] COMMIT
--> 862b06a64d07
[linux/amd64] [2/3] STEP 1/12: FROM registry.access.redhat.com/ubi9/go-toolset:1.26 AS go-builder
862b06a64d07098bb7748a0f444ae3d22a980d0be75c2be271a897dd25d8ad5a
Trying to pull registry.access.redhat.com/ubi9/go-toolset:1.26...
Getting image source signatures
Checking if image destination supports signatures
Copying blob sha256:9dd7a54704c5a666e57e3f6efc35e90fc6da8ad2923d77d60d1c573ef3315791
Copying blob sha256:56649e4df8eddef4709849b46063574b7ddb22fc98fb75409885c838a4c9d381
Copying blob sha256:5c9af8529e118dd5a8d55d669c48114bfef7c8f5d743e5e560639dfabca3a5f9
Copying blob sha256:d68194b0e4a172e16c5cbb1bc0479d22da58da64d376a5cdb885730c90f6fc5b
Copying config sha256:11c3fc29fb378f2b34bbf7921ad5e41b11f9631214b3369f21fc66619a1c7872
Writing manifest to image destination
Storing signatures
[linux/amd64] [2/3] STEP 2/12: WORKDIR /opt/app-root
--> Using cache cee354c451d26ec48e252e69f6a18fab7e7ba3c3da8f781ab23670ac2f707413
--> cee354c451d2
[linux/amd64] [2/3] STEP 3/12: COPY Makefile Makefile
--> 45730e95347d
[linux/amd64] [2/3] STEP 4/12: COPY go.mod go.mod
--> fb5f8019b096
[linux/amd64] [2/3] STEP 5/12: COPY go.sum go.sum
--> af49db2b5f4f
[linux/amd64] [2/3] STEP 6/12: RUN make install-backend
Makefile:45: warning: overriding recipe for target 'test-backend'
Makefile:41: warning: ignoring old recipe for target 'test-backend'
go mod download
--> b12691479006
[linux/amd64] [2/3] STEP 7/12: COPY config/ config/
--> fbd985ba84bb
[linux/amd64] [2/3] STEP 8/12: COPY cmd/ cmd/
--> 29586db23a90
[linux/amd64] [2/3] STEP 9/12: COPY pkg/ pkg/
--> 8c7f53f910d9
[linux/amd64] [2/3] STEP 10/12: ENV GOEXPERIMENT=strictfipsruntime
--> 53fdaeb68dac
[linux/amd64] [2/3] STEP 11/12: ENV CGO_ENABLED=1
--> d69ce20be145
[linux/amd64] [2/3] STEP 12/12: RUN make build-backend BUILD_OPTS="-tags strictfipsruntime"
Makefile:45: warning: overriding recipe for target 'test-backend'
Makefile:41: warning: ignoring old recipe for target 'test-backend'
go build -tags strictfipsruntime -mod=readonly -o plugin-backend cmd/plugin-backend.go
--> 763cf1622bb7
[linux/amd64] [3/3] STEP 1/5: FROM registry.access.redhat.com/ubi9/ubi-minimal
Trying to pull registry.access.redhat.com/ubi9/ubi-minimal:latest...
Getting image source signatures
Checking if image destination supports signatures
Copying blob sha256:2943616793071e9fa96e298a7454ac45b7a498df6ca5c681004955a177cdf999
Copying config sha256:e3e6fe3b9c265802d2526c15071f59bd20f2d634fc82b7c633387d2cf2ec1056
Writing manifest to image destination
Storing signatures
[linux/amd64] [3/3] STEP 2/5: COPY --from=web-builder /opt/app-root/web/dist /opt/app-root/web/dist
--> 524fa6c9db56
[linux/amd64] [3/3] STEP 3/5: COPY --from=go-builder /opt/app-root/plugin-backend /opt/app-root
--> 13c03a108dbd
[linux/amd64] [3/3] STEP 4/5: COPY --from=go-builder /opt/app-root/config /opt/app-root/config
--> 9302963b1c6e
[linux/amd64] [3/3] STEP 5/5: ENTRYPOINT ["/opt/app-root/plugin-backend", "-config-path", "/opt/app-root/config", "-static-path", "/opt/app-root/web/dist"]
[linux/amd64] [3/3] COMMIT
--> bf2fb27f47b1
bf2fb27f47b1e1464e0ff8acee676d46fce75ea5cc89c051b8e562b7b40a357b
podman manifest push quay.io/openshift-observability-ui/logging-view-plugin:v6.3.0
Getting image list signatures
Copying 2 images generated from 2 images in list
Copying image sha256:eaf939e093e5dd40ca58f2b0ef784fa9c7ddea7bc4100cd7913b70ae430b2b08 (1/2)
Getting image source signatures
Copying blob sha256:9bdc40a400c58b610d1b5b2b40735d4d48e3dcc76f62beed7902afa340f16f1e
Copying blob sha256:6c39410c022eb64e138dea65de3d006e9692b9645e639b34cb1edfdfda4b318a
Copying blob sha256:5e0c0516b794028658ae88ffcfcd76efa540e4fbc1cd5844aeafbcb20488674a
Copying blob sha256:a7e20eae45f72a95ae9e76392643fbbd22eb22eb780d7af302b0b4be88bdaf19
Copying config sha256:862b06a64d07098bb7748a0f444ae3d22a980d0be75c2be271a897dd25d8ad5a
Writing manifest to image destination
Copying image sha256:35a4ff47fc1210337e79425637b538602a5bbb30e401f567211005356839f604 (2/2)
Getting image source signatures
Copying blob sha256:e445f3b62844ae1cec593f18b1b867c16090a5ee6f188bd9c17fd2b4da94c966
Copying blob sha256:56550161697f795bc52c827a70fe1e427be4c6bdf4e3c9b2d560f51c2524b6f3
Copying blob sha256:fe8de1837cba9ce9faccfaf1a57a07b464225a4b2ec2a640038bc4745d03ac5c
Copying blob sha256:e9ecb20763102a6ec8cde119cf84e4b2fb23b495b95407f58d15ac165c6348cb
Copying config sha256:bf2fb27f47b1e1464e0ff8acee676d46fce75ea5cc89c051b8e562b7b40a357b
Writing manifest to image destination
Writing manifest list to image destination
Storing list signatures

==========================================
  BUILD SUMMARY
==========================================
REPO                                          BRANCH                         VERSION    CHECKOUT   PULL       BRANCH     BUILD      ATTEMPTS
----                                          ------                         -------    --------   ----       ------     -----      --------
distributed-tracing-plugin                    release-coo-ocp-4.12           v0.3.4     OK         OK         OK         SUCCESS    1
logging-view-plugin                           release-coo-ocp-4.12           v6.0.6     OK         OK         OK         SUCCESS    1
distributed-tracing-plugin                    release-coo-ocp-4.15           v0.4.4     OK         OK         OK         SUCCESS    1
logging-view-plugin                           release-coo-ocp-4.15           v6.1.7     OK         OK         OK         SUCCESS    1
monitoring-plugin                             release-coo-ocp-4.15           v0.4.6     OK         OK         OK         SUCCESS    1
distributed-tracing-plugin                    release-coo-ocp-4.19           v1.0.5     OK         OK         OK         SUCCESS    1
troubleshooting-panel-plugin                  release-coo-ocp-4.19           v0.4.6     OK         OK         OK         SUCCESS    1
monitoring-plugin                             release-coo-ocp-4.19           v0.5.5     OK         OK         OK         SUCCESS    1
distributed-tracing-plugin                    release-coo-ocp-4.22           v1.2.0     OK         OK         OK         SUCCESS    1
troubleshooting-panel-plugin                  release-coo-ocp-4.22           v1.1.0     OK         OK         OK         SUCCESS    1
monitoring-plugin                             release-coo-ocp-4.22           v1.1.0     OK         OK         OK         SUCCESS    1
logging-view-plugin                           release-coo-ocp-4.22           v6.3.0     OK         OK         OK         SUCCESS    1
==========================================
Total: 12  |  Succeeded: 12  |  Skipped: 0  |  Failed: 0
==========================================

==========================================
  IMAGE SUMMARY
==========================================

✅ SUCCESSFULLY BUILT IMAGES:
   quay.io/openshift-observability-ui/distributed-tracing-console-plugin:v0.3.4
   quay.io/openshift-observability-ui/logging-view-plugin:v6.0.6
   quay.io/openshift-observability-ui/distributed-tracing-console-plugin:v0.4.4
   quay.io/openshift-observability-ui/logging-view-plugin:v6.1.7
   quay.io/openshift-observability-ui/monitoring-console-plugin:v0.4.6
   quay.io/openshift-observability-ui/distributed-tracing-console-plugin:v1.0.5
   quay.io/openshift-observability-ui/troubleshooting-panel-console-plugin:v0.4.6
   quay.io/openshift-observability-ui/monitoring-console-plugin:v0.5.5
   quay.io/openshift-observability-ui/distributed-tracing-console-plugin:v1.2.0
   quay.io/openshift-observability-ui/troubleshooting-panel-console-plugin:v1.1.0
   quay.io/openshift-observability-ui/monitoring-console-plugin:v1.1.0
   quay.io/openshift-observability-ui/logging-view-plugin:v6.3.0

⏭️  SKIPPED IMAGES (already built):
   (none)

❌ FAILED IMAGES:
   (none)

==========================================
