Logging to /Users/emurasak/workspace/harness/tasks/upstream-images/build-and-push-20260630-171853.log
Fetching all branches for each repo...
  Fetching console-dashboards-plugin...
  Fetching distributed-tracing-console-plugin...
  Fetching logging-view-plugin...
  Fetching monitoring-plugin...
  Fetching troubleshooting-panel-console-plugin...
Fetch complete.
==========================================
Building console-dashboards-plugin @ release-coo-ocp-4.12 with VERSION=v0.4.3 ORG=rh-ee-emurasak
==========================================
Already on 'release-coo-ocp-4.12'
Your branch is up to date with 'origin/release-coo-ocp-4.12'.
From https://github.com/openshift/console-dashboards-plugin
 * branch            release-coo-ocp-4.12 -> FETCH_HEAD
Already up to date.
--- Attempt 1/3 ---
podman manifest rm quay.io/rh-ee-emurasak/console-dashboards-plugin:v0.4.3 || true
Untagged: quay.io/rh-ee-emurasak/console-dashboards-plugin:v0.4.3
Deleted: e9e9e65cba9b2f6b19a660ea3ac03d9c5d44634e9578b9ea965f6fb18b9ea604
podman manifest create quay.io/rh-ee-emurasak/console-dashboards-plugin:v0.4.3
42d2476cb351860df683bb5c6c35d9ba0964b2e1c772a0b277e80faf6049860e
podman build --platform=linux/arm64,linux/amd64 --manifest quay.io/rh-ee-emurasak/console-dashboards-plugin:v0.4.3 -f Dockerfile
[linux/amd64] [1/3] STEP 1/8: FROM registry.redhat.io/ubi8/nodejs-18:latest AS web-builder
Trying to pull registry.redhat.io/ubi8/nodejs-18:latest...
Getting image source signatures
Checking if image destination supports signatures
Copying blob sha256:046eb6416170db2ab33e464d04c6f7c0c8c6cc8563597aca8e9fb7736dff00f9
Copying blob sha256:43ddc3bd12b8691687c9f6c273331ca07e3a89b50a619e0db9b040a8a629386d
Copying blob sha256:b610fd6091ba2163b8943d2214e20665977bc8064dc769d47be9ae868e48a301
Copying config sha256:ab55058334c5c32969b838cea2db23ee8c69c1b742006a75c031ed4f1b286bc5
Writing manifest to image destination
Storing signatures
[linux/amd64] [1/3] STEP 2/8: WORKDIR /opt/app-root
--> Using cache 3e6c8fef9f0db81f076f7c17f99adfad90d540dbfad328d4d108a3a1d21cf92e
--> 3e6c8fef9f0d
[linux/amd64] [1/3] STEP 3/8: USER 0
--> Using cache 74db39ef43293c846556d3d8aaafeef2ad2cab22e2dd02605273426e0c50fda6
--> 74db39ef4329
[linux/amd64] [1/3] STEP 4/8: COPY web/package*.json web/
--> Using cache 73eef413178b69264fc91b4cbe383a50706790e1b0b9091bfc7a931d4e4b1abe
--> 73eef413178b
[linux/amd64] [1/3] STEP 5/8: COPY Makefile Makefile
--> Using cache af1a4c6af546abdac94cbfb723406ba6aea572fd1795d14c7a47b02585860ac3
--> af1a4c6af546
[linux/amd64] [1/3] STEP 6/8: RUN make install-frontend-ci-clean
--> Using cache 718268d5473eb480b1f143205712bae3145d1b9d864903281cd33e73d4eb5ede
--> 718268d5473e
[linux/amd64] [1/3] STEP 7/8: COPY web/ web/
--> Using cache 1bcbfe35cd8a0c28d998bd2d325b91bcb12d144a401520f7ffb533fa9b66efc9
--> 1bcbfe35cd8a
[linux/amd64] [1/3] STEP 8/8: RUN make build-frontend
--> Using cache a46c8b267cf62fbd97141aa9cd3392584c19471f93ddcdf73564fcbf13e6672d
--> a46c8b267cf6
[linux/arm64] [1/3] STEP 1/8: FROM registry.redhat.io/ubi8/nodejs-18:latest AS web-builder
Trying to pull registry.redhat.io/ubi8/nodejs-18:latest...
Getting image source signatures
Checking if image destination supports signatures
Copying blob sha256:c4fff77bc060c02d4f09680032367cb302e83402fc25b7c7ac001cb00238876f
Copying blob sha256:6ad04be99c8f2547888de53fad691136f65cf5a11c7a2567ef29477c3413f587
Copying blob sha256:8fd64178c906794da03bc9b7d2d5e3b70073b47f8aa659230381d7fd897dc11b
Copying config sha256:62a277f6499a7c210a1022190779f4387fc1294a28ea7696fc264248bf328a9b
Writing manifest to image destination
Storing signatures
[linux/arm64] [1/3] STEP 2/8: WORKDIR /opt/app-root
--> Using cache 3a04ce32e7bc50cb84da7cd07dc4c7d6ab5eab63f0dc9d77b097f4a793bce657
--> 3a04ce32e7bc
[linux/arm64] [1/3] STEP 3/8: USER 0
--> Using cache 5612b35b38e026cb55402b3cbca1b44760992030a2263662076d090e1ff44049
--> 5612b35b38e0
[linux/arm64] [1/3] STEP 4/8: COPY web/package*.json web/
--> Using cache 7fad47df41fb0416aae629027b46d8cd5032bad3093cb1ed40b3e5742383f77c
--> 7fad47df41fb
[linux/arm64] [1/3] STEP 5/8: COPY Makefile Makefile
--> Using cache 289147822189771057028fb887acc57536022a1c51dae85b9ee3086456465d71
--> 289147822189
[linux/arm64] [1/3] STEP 6/8: RUN make install-frontend-ci-clean
--> Using cache 7d907c8ee3ea04af5e68357f3c02ab219c2e796ed1f0ef0a9c685620595065c4
--> 7d907c8ee3ea
[linux/arm64] [1/3] STEP 7/8: COPY web/ web/
--> Using cache b7bc209bc825b3561e3fc31ce045db7d1347948ec4697510217c3d8cab4bfbe3
--> b7bc209bc825
[linux/arm64] [1/3] STEP 8/8: RUN make build-frontend
--> Using cache d37afecf01105b74608d939d645aaa9ceff3c7cba5e93b7c92c930430d0597c4
--> d37afecf0110
[linux/amd64] [2/3] STEP 1/11: FROM registry.ci.openshift.org/ocp/builder:rhel-8-golang-1.24-openshift-4.20 AS go-builder
Trying to pull registry.ci.openshift.org/ocp/builder:rhel-8-golang-1.24-openshift-4.20...
[linux/arm64] [2/3] STEP 1/11: FROM registry.ci.openshift.org/ocp/builder:rhel-8-golang-1.24-openshift-4.20 AS go-builder
Trying to pull registry.ci.openshift.org/ocp/builder:rhel-8-golang-1.24-openshift-4.20...
Error: 2 errors occurred:
	* [linux/amd64]: creating build container: internal error: unable to copy from source docker://registry.ci.openshift.org/ocp/builder:rhel-8-golang-1.24-openshift-4.20: initializing source docker://registry.ci.openshift.org/ocp/builder:rhel-8-golang-1.24-openshift-4.20: reading manifest rhel-8-golang-1.24-openshift-4.20 in registry.ci.openshift.org/ocp/builder: manifest unknown
	* [linux/arm64]: creating build container: internal error: unable to copy from source docker://registry.ci.openshift.org/ocp/builder:rhel-8-golang-1.24-openshift-4.20: initializing source docker://registry.ci.openshift.org/ocp/builder:rhel-8-golang-1.24-openshift-4.20: reading manifest rhel-8-golang-1.24-openshift-4.20 in registry.ci.openshift.org/ocp/builder: manifest unknown



make: *** [podman-cross-build] Error 125
WARNING: Attempt 1 failed for console-dashboards-plugin @ release-coo-ocp-4.12 (exit code 2)
--- Attempt 2/3 ---
podman manifest rm quay.io/rh-ee-emurasak/console-dashboards-plugin:v0.4.3 || true
Untagged: quay.io/rh-ee-emurasak/console-dashboards-plugin:v0.4.3
Deleted: 42d2476cb351860df683bb5c6c35d9ba0964b2e1c772a0b277e80faf6049860e
podman manifest create quay.io/rh-ee-emurasak/console-dashboards-plugin:v0.4.3
fcc9fbc5a95d33f960f1466cc7fd2e5b42f9bcaccb8adcb8ab0b61a258a989a1
podman build --platform=linux/arm64,linux/amd64 --manifest quay.io/rh-ee-emurasak/console-dashboards-plugin:v0.4.3 -f Dockerfile
[linux/amd64] [1/3] STEP 1/8: FROM registry.redhat.io/ubi8/nodejs-18:latest AS web-builder
Trying to pull registry.redhat.io/ubi8/nodejs-18:latest...
Getting image source signatures
Checking if image destination supports signatures
Copying blob sha256:046eb6416170db2ab33e464d04c6f7c0c8c6cc8563597aca8e9fb7736dff00f9
Copying blob sha256:43ddc3bd12b8691687c9f6c273331ca07e3a89b50a619e0db9b040a8a629386d
Copying blob sha256:b610fd6091ba2163b8943d2214e20665977bc8064dc769d47be9ae868e48a301
Copying config sha256:ab55058334c5c32969b838cea2db23ee8c69c1b742006a75c031ed4f1b286bc5
Writing manifest to image destination
Storing signatures
[linux/amd64] [1/3] STEP 2/8: WORKDIR /opt/app-root
--> Using cache 3e6c8fef9f0db81f076f7c17f99adfad90d540dbfad328d4d108a3a1d21cf92e
--> 3e6c8fef9f0d
[linux/amd64] [1/3] STEP 3/8: USER 0
--> Using cache 74db39ef43293c846556d3d8aaafeef2ad2cab22e2dd02605273426e0c50fda6
--> 74db39ef4329
[linux/amd64] [1/3] STEP 4/8: COPY web/package*.json web/
--> Using cache 73eef413178b69264fc91b4cbe383a50706790e1b0b9091bfc7a931d4e4b1abe
--> 73eef413178b
[linux/amd64] [1/3] STEP 5/8: COPY Makefile Makefile
--> Using cache af1a4c6af546abdac94cbfb723406ba6aea572fd1795d14c7a47b02585860ac3
--> af1a4c6af546
[linux/amd64] [1/3] STEP 6/8: RUN make install-frontend-ci-clean
--> Using cache 718268d5473eb480b1f143205712bae3145d1b9d864903281cd33e73d4eb5ede
--> 718268d5473e
[linux/amd64] [1/3] STEP 7/8: COPY web/ web/
--> Using cache 1bcbfe35cd8a0c28d998bd2d325b91bcb12d144a401520f7ffb533fa9b66efc9
--> 1bcbfe35cd8a
[linux/amd64] [1/3] STEP 8/8: RUN make build-frontend
--> Using cache a46c8b267cf62fbd97141aa9cd3392584c19471f93ddcdf73564fcbf13e6672d
--> a46c8b267cf6
[linux/amd64] [2/3] STEP 1/11: FROM registry.ci.openshift.org/ocp/builder:rhel-8-golang-1.24-openshift-4.20 AS go-builder
Trying to pull registry.ci.openshift.org/ocp/builder:rhel-8-golang-1.24-openshift-4.20...
[linux/arm64] [1/3] STEP 1/8: FROM registry.redhat.io/ubi8/nodejs-18:latest AS web-builder
Trying to pull registry.redhat.io/ubi8/nodejs-18:latest...
Getting image source signatures
Checking if image destination supports signatures
Copying blob sha256:c4fff77bc060c02d4f09680032367cb302e83402fc25b7c7ac001cb00238876f
Copying blob sha256:8fd64178c906794da03bc9b7d2d5e3b70073b47f8aa659230381d7fd897dc11b
Copying blob sha256:6ad04be99c8f2547888de53fad691136f65cf5a11c7a2567ef29477c3413f587
Copying config sha256:62a277f6499a7c210a1022190779f4387fc1294a28ea7696fc264248bf328a9b
Writing manifest to image destination
Storing signatures
[linux/arm64] [1/3] STEP 2/8: WORKDIR /opt/app-root
--> Using cache 3a04ce32e7bc50cb84da7cd07dc4c7d6ab5eab63f0dc9d77b097f4a793bce657
--> 3a04ce32e7bc
[linux/arm64] [1/3] STEP 3/8: USER 0
--> Using cache 5612b35b38e026cb55402b3cbca1b44760992030a2263662076d090e1ff44049
--> 5612b35b38e0
[linux/arm64] [1/3] STEP 4/8: COPY web/package*.json web/
--> Using cache 7fad47df41fb0416aae629027b46d8cd5032bad3093cb1ed40b3e5742383f77c
--> 7fad47df41fb
[linux/arm64] [1/3] STEP 5/8: COPY Makefile Makefile
--> Using cache 289147822189771057028fb887acc57536022a1c51dae85b9ee3086456465d71
--> 289147822189
[linux/arm64] [1/3] STEP 6/8: RUN make install-frontend-ci-clean
--> Using cache 7d907c8ee3ea04af5e68357f3c02ab219c2e796ed1f0ef0a9c685620595065c4
--> 7d907c8ee3ea
[linux/arm64] [1/3] STEP 7/8: COPY web/ web/
--> Using cache b7bc209bc825b3561e3fc31ce045db7d1347948ec4697510217c3d8cab4bfbe3
--> b7bc209bc825
[linux/arm64] [1/3] STEP 8/8: RUN make build-frontend
--> Using cache d37afecf01105b74608d939d645aaa9ceff3c7cba5e93b7c92c930430d0597c4
--> d37afecf0110
[linux/arm64] [2/3] STEP 1/11: FROM registry.ci.openshift.org/ocp/builder:rhel-8-golang-1.24-openshift-4.20 AS go-builder
Trying to pull registry.ci.openshift.org/ocp/builder:rhel-8-golang-1.24-openshift-4.20...
Error: 2 errors occurred:
	* [linux/amd64]: creating build container: internal error: unable to copy from source docker://registry.ci.openshift.org/ocp/builder:rhel-8-golang-1.24-openshift-4.20: initializing source docker://registry.ci.openshift.org/ocp/builder:rhel-8-golang-1.24-openshift-4.20: reading manifest rhel-8-golang-1.24-openshift-4.20 in registry.ci.openshift.org/ocp/builder: manifest unknown
	* [linux/arm64]: creating build container: internal error: unable to copy from source docker://registry.ci.openshift.org/ocp/builder:rhel-8-golang-1.24-openshift-4.20: initializing source docker://registry.ci.openshift.org/ocp/builder:rhel-8-golang-1.24-openshift-4.20: reading manifest rhel-8-golang-1.24-openshift-4.20 in registry.ci.openshift.org/ocp/builder: manifest unknown



make: *** [podman-cross-build] Error 125
WARNING: Attempt 2 failed for console-dashboards-plugin @ release-coo-ocp-4.12 (exit code 2)
--- Attempt 3/3 ---
podman manifest rm quay.io/rh-ee-emurasak/console-dashboards-plugin:v0.4.3 || true
Untagged: quay.io/rh-ee-emurasak/console-dashboards-plugin:v0.4.3
Deleted: fcc9fbc5a95d33f960f1466cc7fd2e5b42f9bcaccb8adcb8ab0b61a258a989a1
podman manifest create quay.io/rh-ee-emurasak/console-dashboards-plugin:v0.4.3
8233138a4d1c3ed34933712bdd4a9f08c740537d86d84f47b74acb4206aa5f08
podman build --platform=linux/arm64,linux/amd64 --manifest quay.io/rh-ee-emurasak/console-dashboards-plugin:v0.4.3 -f Dockerfile
[linux/amd64] [1/3] STEP 1/8: FROM registry.redhat.io/ubi8/nodejs-18:latest AS web-builder
Trying to pull registry.redhat.io/ubi8/nodejs-18:latest...
Getting image source signatures
Checking if image destination supports signatures
Copying blob sha256:046eb6416170db2ab33e464d04c6f7c0c8c6cc8563597aca8e9fb7736dff00f9
Copying blob sha256:43ddc3bd12b8691687c9f6c273331ca07e3a89b50a619e0db9b040a8a629386d
Copying blob sha256:b610fd6091ba2163b8943d2214e20665977bc8064dc769d47be9ae868e48a301
Copying config sha256:ab55058334c5c32969b838cea2db23ee8c69c1b742006a75c031ed4f1b286bc5
Writing manifest to image destination
Storing signatures
[linux/amd64] [1/3] STEP 2/8: WORKDIR /opt/app-root
--> Using cache 3e6c8fef9f0db81f076f7c17f99adfad90d540dbfad328d4d108a3a1d21cf92e
--> 3e6c8fef9f0d
[linux/amd64] [1/3] STEP 3/8: USER 0
--> Using cache 74db39ef43293c846556d3d8aaafeef2ad2cab22e2dd02605273426e0c50fda6
--> 74db39ef4329
[linux/amd64] [1/3] STEP 4/8: COPY web/package*.json web/
--> Using cache 73eef413178b69264fc91b4cbe383a50706790e1b0b9091bfc7a931d4e4b1abe
--> 73eef413178b
[linux/amd64] [1/3] STEP 5/8: COPY Makefile Makefile
--> Using cache af1a4c6af546abdac94cbfb723406ba6aea572fd1795d14c7a47b02585860ac3
--> af1a4c6af546
[linux/amd64] [1/3] STEP 6/8: RUN make install-frontend-ci-clean
--> Using cache 718268d5473eb480b1f143205712bae3145d1b9d864903281cd33e73d4eb5ede
--> 718268d5473e
[linux/amd64] [1/3] STEP 7/8: COPY web/ web/
--> Using cache 1bcbfe35cd8a0c28d998bd2d325b91bcb12d144a401520f7ffb533fa9b66efc9
--> 1bcbfe35cd8a
[linux/amd64] [1/3] STEP 8/8: RUN make build-frontend
--> Using cache a46c8b267cf62fbd97141aa9cd3392584c19471f93ddcdf73564fcbf13e6672d
--> a46c8b267cf6
[linux/amd64] [2/3] STEP 1/11: FROM registry.ci.openshift.org/ocp/builder:rhel-8-golang-1.24-openshift-4.20 AS go-builder
Trying to pull registry.ci.openshift.org/ocp/builder:rhel-8-golang-1.24-openshift-4.20...
[linux/arm64] [1/3] STEP 1/8: FROM registry.redhat.io/ubi8/nodejs-18:latest AS web-builder
Trying to pull registry.redhat.io/ubi8/nodejs-18:latest...
Getting image source signatures
Checking if image destination supports signatures
Copying blob sha256:c4fff77bc060c02d4f09680032367cb302e83402fc25b7c7ac001cb00238876f
Copying blob sha256:8fd64178c906794da03bc9b7d2d5e3b70073b47f8aa659230381d7fd897dc11b
Copying blob sha256:6ad04be99c8f2547888de53fad691136f65cf5a11c7a2567ef29477c3413f587
Copying config sha256:62a277f6499a7c210a1022190779f4387fc1294a28ea7696fc264248bf328a9b
Writing manifest to image destination
Storing signatures
[linux/arm64] [1/3] STEP 2/8: WORKDIR /opt/app-root
--> Using cache 3a04ce32e7bc50cb84da7cd07dc4c7d6ab5eab63f0dc9d77b097f4a793bce657
--> 3a04ce32e7bc
[linux/arm64] [1/3] STEP 3/8: USER 0
--> Using cache 5612b35b38e026cb55402b3cbca1b44760992030a2263662076d090e1ff44049
--> 5612b35b38e0
[linux/arm64] [1/3] STEP 4/8: COPY web/package*.json web/
--> Using cache 7fad47df41fb0416aae629027b46d8cd5032bad3093cb1ed40b3e5742383f77c
--> 7fad47df41fb
[linux/arm64] [1/3] STEP 5/8: COPY Makefile Makefile
--> Using cache 289147822189771057028fb887acc57536022a1c51dae85b9ee3086456465d71
--> 289147822189
[linux/arm64] [1/3] STEP 6/8: RUN make install-frontend-ci-clean
--> Using cache 7d907c8ee3ea04af5e68357f3c02ab219c2e796ed1f0ef0a9c685620595065c4
--> 7d907c8ee3ea
[linux/arm64] [1/3] STEP 7/8: COPY web/ web/
--> Using cache b7bc209bc825b3561e3fc31ce045db7d1347948ec4697510217c3d8cab4bfbe3
--> b7bc209bc825
[linux/arm64] [1/3] STEP 8/8: RUN make build-frontend
--> Using cache d37afecf01105b74608d939d645aaa9ceff3c7cba5e93b7c92c930430d0597c4
--> d37afecf0110
[linux/arm64] [2/3] STEP 1/11: FROM registry.ci.openshift.org/ocp/builder:rhel-8-golang-1.24-openshift-4.20 AS go-builder
Trying to pull registry.ci.openshift.org/ocp/builder:rhel-8-golang-1.24-openshift-4.20...
Error: 2 errors occurred:
	* [linux/amd64]: creating build container: internal error: unable to copy from source docker://registry.ci.openshift.org/ocp/builder:rhel-8-golang-1.24-openshift-4.20: initializing source docker://registry.ci.openshift.org/ocp/builder:rhel-8-golang-1.24-openshift-4.20: reading manifest rhel-8-golang-1.24-openshift-4.20 in registry.ci.openshift.org/ocp/builder: manifest unknown
	* [linux/arm64]: creating build container: internal error: unable to copy from source docker://registry.ci.openshift.org/ocp/builder:rhel-8-golang-1.24-openshift-4.20: initializing source docker://registry.ci.openshift.org/ocp/builder:rhel-8-golang-1.24-openshift-4.20: reading manifest rhel-8-golang-1.24-openshift-4.20 in registry.ci.openshift.org/ocp/builder: manifest unknown



make: *** [podman-cross-build] Error 125
WARNING: Attempt 3 failed for console-dashboards-plugin @ release-coo-ocp-4.12 (exit code 2)
WARNING: Build failed for console-dashboards-plugin @ release-coo-ocp-4.12 after 3 attempts, continuing...
==========================================
Building distributed-tracing-console-plugin @ release-coo-ocp-4.12 with VERSION=v0.3.3 ORG=rh-ee-emurasak
==========================================
Switched to branch 'release-coo-ocp-4.12'
Your branch is up to date with 'origin/release-coo-ocp-4.12'.
From https://github.com/openshift/distributed-tracing-console-plugin
 * branch            release-coo-ocp-4.12 -> FETCH_HEAD
Already up to date.
--- Attempt 1/3 ---
podman manifest rm quay.io/rh-ee-emurasak/distributed-tracing-console-plugin:v0.3.3 || true
Untagged: quay.io/rh-ee-emurasak/distributed-tracing-console-plugin:v0.3.3
Deleted: ff8748a90dfc081e47bf3ef101ab2ba54fb71422f23987fc3ddd75d73b3f0953
podman manifest create quay.io/rh-ee-emurasak/distributed-tracing-console-plugin:v0.3.3
4c8f40b7ffaa54882c527f6b0fba7bd022f28542862a99df7c890737097749b4
podman build --platform=linux/arm64,linux/amd64 --manifest quay.io/rh-ee-emurasak/distributed-tracing-console-plugin:v0.3.3 -f Dockerfile
[linux/amd64] [1/3] STEP 1/8: FROM registry.redhat.io/ubi9/nodejs-22:latest AS web-builder
Trying to pull registry.redhat.io/ubi9/nodejs-22:latest...
Getting image source signatures
Checking if image destination supports signatures
Copying blob sha256:282d0d24d7fbf867c5fcf0074ef814120603d793df3c6b07803f4fe4f13e8364
Copying blob sha256:a65b1d5fa71f2275b83830542c74d937ba4151138631910bd375d577f8ceeed8
Copying blob sha256:7e1f79224b0668cff86172f85305621504ef2f1a15768b9ed272ea1f1a0e4e4d
Copying config sha256:0ccc4acadf8fe652aee3bd1e9b848aa1ddb72cc4db9269dc719a72a71892e157
Writing manifest to image destination
Storing signatures
[linux/amd64] [1/3] STEP 2/8: WORKDIR /opt/app-root
--> Using cache 25f952364c18dec697621ccdf03fe10655339de2dbbbf27c4486edb5a1c24341
--> 25f952364c18
[linux/amd64] [1/3] STEP 3/8: USER 0
--> Using cache 7b8705aab315b50a437e2e7c2f502baa54d72938a85870d51e91af51dabda800
--> 7b8705aab315
[linux/amd64] [1/3] STEP 4/8: COPY web/package*.json web/
--> Using cache 31b2906b7c1e01af26673b5168bb7930375ec1ba96950cd3c3653e7eee4252bf
--> 31b2906b7c1e
[linux/amd64] [1/3] STEP 5/8: COPY Makefile Makefile
--> Using cache 8f7f981d9d3f4ded6596f3691fa43d4a09b94323167c406209b05a1a8714aa9d
--> 8f7f981d9d3f
[linux/amd64] [1/3] STEP 6/8: RUN make install-frontend-ci-clean
--> Using cache 22307e39d92ae57e8602040e18f604f649071e9b1c4aa824b32063a9479905bb
--> 22307e39d92a
[linux/amd64] [1/3] STEP 7/8: COPY web/ web/
--> Using cache f4c42c055846188307256dd2fc76c8a5c487bafab6a7baee843a5a0fa79897d1
--> f4c42c055846
[linux/amd64] [1/3] STEP 8/8: RUN make build-frontend
--> Using cache cb43d07acc92105904a6adb19225884025f2678a9921045c09e5fd459e982d80
--> cb43d07acc92
[linux/amd64] [2/3] STEP 1/11: FROM registry.access.redhat.com/ubi9/go-toolset:1.26 AS go-builder
Trying to pull registry.access.redhat.com/ubi9/go-toolset:1.26...
Getting image source signatures
Checking if image destination supports signatures
Copying blob sha256:d42ebadf4fab39879420f670effc5339dbb3a965f10cfc9e893812a82359ca96
Copying blob sha256:a65b1d5fa71f2275b83830542c74d937ba4151138631910bd375d577f8ceeed8
Copying blob sha256:7e1f79224b0668cff86172f85305621504ef2f1a15768b9ed272ea1f1a0e4e4d
Copying blob sha256:e9032009b40b3fd04712dfd72a34308c80cfcbc96e34411b01d746a758eb327f
Copying config sha256:4503554399b4b9c5265bafc26dfb5eea1cce8ae46cc8d424457c10ecfa1814df
Writing manifest to image destination
Storing signatures
[linux/amd64] [2/3] STEP 2/11: WORKDIR /opt/app-root
--> Using cache af1cfc364e02bbbe152a266e3b4e766d012ba8761df2219b036428533bcaa1d1
--> af1cfc364e02
[linux/amd64] [2/3] STEP 3/11: COPY Makefile Makefile
--> Using cache 4e9cce7ee01fa7c70afb2d7feeebfe323d30672cd190195818dbe76c523f4178
--> 4e9cce7ee01f
[linux/amd64] [2/3] STEP 4/11: COPY go.mod go.mod
--> Using cache 52339c11542104142ff3abf770373fc258461eabbe1f7aa1da28084b139db7c0
--> 52339c115421
[linux/amd64] [2/3] STEP 5/11: COPY go.sum go.sum
--> Using cache c480e11b5335096ef5095e884a79d98a1f8b2b8cc54dfb55b4a7ddf84dbec9dd
--> c480e11b5335
[linux/amd64] [2/3] STEP 6/11: RUN go mod download
--> Using cache fbec6c310078235788f296012c947ba46f232fc288a02feb2253cfccb5e75c2b
--> fbec6c310078
[linux/amd64] [2/3] STEP 7/11: COPY cmd/ cmd/
--> Using cache 5d2c43084b8150284963e5fa3eae4d4e81d6b7ee7723a69a03691c454dbce897
--> 5d2c43084b81
[linux/amd64] [2/3] STEP 8/11: COPY pkg/ pkg/
--> Using cache 736c82aa8afe27302ffe5c7d19d368527dfee777d31e207a8f70d4910f097da3
--> 736c82aa8afe
[linux/amd64] [2/3] STEP 9/11: ENV GOEXPERIMENT=strictfipsruntime
--> Using cache 3dae812623d958dcc3023ea4ba516c4d9c82b823655add8c86c52f36b2f0ecc7
--> 3dae812623d9
[linux/amd64] [2/3] STEP 10/11: ENV CGO_ENABLED=1
--> Using cache 3a3d0c9a96b119270b337da4105e69332aa011e0092c1d950d602940fe2650e5
--> 3a3d0c9a96b1
[linux/amd64] [2/3] STEP 11/11: RUN make build-backend BUILD_OPTS="-tags strictfipsruntime"
--> Using cache 72c223377cc108b01ae008d5e3fcda46704a4496068619027690082434b790cb
--> 72c223377cc1
[linux/arm64] [1/3] STEP 1/8: FROM registry.redhat.io/ubi9/nodejs-22:latest AS web-builder
Trying to pull registry.redhat.io/ubi9/nodejs-22:latest...
Getting image source signatures
Checking if image destination supports signatures
Copying blob sha256:9646992efe070a3bd6c556d5bfd825b8ffbc51f371288f7eb152d2d852939056
Copying blob sha256:f00a3ea30fea862d594c88740f011c234eb0b745138910c83abb92b28517593d
Copying blob sha256:9f54e374b06db8429b62d91af166f6a7caa34095b474b38a6853f75e9501072e
Copying config sha256:404bfb706f719cb0fdb063441e6c5404e5ce5228389a38c0ab4dda7570ece9f6
Writing manifest to image destination
Storing signatures
[linux/arm64] [1/3] STEP 2/8: WORKDIR /opt/app-root
--> Using cache 8d7f4d666d8b2966000dfdbddaf0f201f102b80d182b42918646bca008497d32
--> 8d7f4d666d8b
[linux/arm64] [1/3] STEP 3/8: USER 0
--> Using cache ab40718f6d3d3469511e8bdb5e14133d0b8570fbf01d414c2b0398600f6e9b81
--> ab40718f6d3d
[linux/arm64] [1/3] STEP 4/8: COPY web/package*.json web/
--> Using cache 0181054d4bc4b746abcb0d7ecbf150c732735626352715af66000fbbac8f6722
--> 0181054d4bc4
[linux/arm64] [1/3] STEP 5/8: COPY Makefile Makefile
--> Using cache 0140fb81746976fd37a98024bd79c24ba7285f08931f18a0d7d1390bd2972828
--> 0140fb817469
[linux/arm64] [1/3] STEP 6/8: RUN make install-frontend-ci-clean
--> Using cache 25ef410cbd4a2da11188517912e4a49cf99ffe448e5b022e0cb89a99ce8ff021
--> 25ef410cbd4a
[linux/arm64] [1/3] STEP 7/8: COPY web/ web/
--> Using cache e21eb07a2f5ddd78504a2255bdec83ed6353daf2c0296917a00171e3dc7ac67f
--> e21eb07a2f5d
[linux/arm64] [1/3] STEP 8/8: RUN make build-frontend
--> Using cache 5327997cadc02bb404fbdaaf9d377ae22d732bc844d82510e0595016a54d5ec5
--> 5327997cadc0
[linux/amd64] [3/3] STEP 1/4: FROM registry.access.redhat.com/ubi9/ubi-minimal
Trying to pull registry.access.redhat.com/ubi9/ubi-minimal:latest...
Getting image source signatures
Checking if image destination supports signatures
Copying blob sha256:8af57f051b373375a1be8f892172089259ad624ed8452291226c539055e60228
Copying config sha256:659f819f47f8e8d2348bd9243d2ef17f39a9cc97ee1964b1cf1f83d428090213
Writing manifest to image destination
Storing signatures
[linux/amd64] [3/3] STEP 2/4: COPY --from=web-builder /opt/app-root/web/dist /opt/app-root/web/dist
--> Using cache 5e4d6b5dd292833d0cef7958913042458eb07fd98036262805ff2c8aceba9c9f
--> 5e4d6b5dd292
[linux/amd64] [3/3] STEP 3/4: COPY --from=go-builder /opt/app-root/plugin-backend /opt/app-root
--> Using cache 662e75137b70630ea45b18ddcd3fb5dde321865527e020723d7046e069260f40
--> 662e75137b70
[linux/amd64] [3/3] STEP 4/4: ENTRYPOINT ["/opt/app-root/plugin-backend", "-static-path", "/opt/app-root/web/dist", "-config-path", "/opt/app-root/web/dist"]
--> Using cache 4896fae83ac70d8fe3f26cef2d55b3272b4736fe48a276306ac65a6b67bad287
--> 4896fae83ac7
[linux/arm64] [2/3] STEP 1/11: FROM registry.access.redhat.com/ubi9/go-toolset:1.26 AS go-builder
4896fae83ac70d8fe3f26cef2d55b3272b4736fe48a276306ac65a6b67bad287
Trying to pull registry.access.redhat.com/ubi9/go-toolset:1.26...
Getting image source signatures
Checking if image destination supports signatures
Copying blob sha256:45930d601c4202f8f62b21cd0a99019c00cd0af6e243187962defb645a49ab77
Copying blob sha256:f00a3ea30fea862d594c88740f011c234eb0b745138910c83abb92b28517593d
Copying blob sha256:9f54e374b06db8429b62d91af166f6a7caa34095b474b38a6853f75e9501072e
Copying blob sha256:45e8f34021ec53e3f4034c0aa42f88f43d2c6a70db6bcbe4da9c885fec121ca7
Copying config sha256:1b04da50b8a1a4d73cbc62e9438485bbb1219c003b0fef077d227b77d3fa7fb5
Writing manifest to image destination
Storing signatures
[linux/arm64] [2/3] STEP 2/11: WORKDIR /opt/app-root
--> Using cache a05232a4028fedcbdc5858a48a003ce3f0eaa6f7f55bf759968c0186ab9fecd0
--> a05232a4028f
[linux/arm64] [2/3] STEP 3/11: COPY Makefile Makefile
--> Using cache 35cc516cd1e235a66ef91e01b28dc9486da5f5666aa9729546034de8a103113b
--> 35cc516cd1e2
[linux/arm64] [2/3] STEP 4/11: COPY go.mod go.mod
--> Using cache f27e92f34149d8284e6d8161d57d5f3b2743045df4f705719b7a3c01223b8460
--> f27e92f34149
[linux/arm64] [2/3] STEP 5/11: COPY go.sum go.sum
--> Using cache 0647718e5d08244fdc4a1ef88edd2f9a69e00e60abbde184998388868e56dafa
--> 0647718e5d08
[linux/arm64] [2/3] STEP 6/11: RUN go mod download
--> Using cache c1980880e2ea0281518ac17727f6dbf4e498327520d19544072025a63fe3e620
--> c1980880e2ea
[linux/arm64] [2/3] STEP 7/11: COPY cmd/ cmd/
--> Using cache b7fc973b58bbb3a7b1de27cd087eda333f333c8a7dddda77f9a8c5d7800f1476
--> b7fc973b58bb
[linux/arm64] [2/3] STEP 8/11: COPY pkg/ pkg/
--> Using cache 47805762c53f2e15fbe9a7d587859b35e15251aa96298411059bc35764da22f0
--> 47805762c53f
[linux/arm64] [2/3] STEP 9/11: ENV GOEXPERIMENT=strictfipsruntime
--> Using cache 718811ccbc3707a3b84a626ea389973df1168c23a3efb193c097fc1c4c86bc1a
--> 718811ccbc37
[linux/arm64] [2/3] STEP 10/11: ENV CGO_ENABLED=1
--> Using cache df6f0ded78a7180143fdcaaedeb5021739dfce33d20de2ef48bcf29fc350d08c
--> df6f0ded78a7
[linux/arm64] [2/3] STEP 11/11: RUN make build-backend BUILD_OPTS="-tags strictfipsruntime"
--> Using cache 1097d2ad5607cc09552d973208870331f285cd1c916f2efdf119d0e34498ae37
--> 1097d2ad5607
[linux/arm64] [3/3] STEP 1/4: FROM registry.access.redhat.com/ubi9/ubi-minimal
Trying to pull registry.access.redhat.com/ubi9/ubi-minimal:latest...
Getting image source signatures
Checking if image destination supports signatures
Copying blob sha256:96c16ad0505847764761c5c4d0a82cd8a619f3e93c57f6a4b081cb9d4d0dd3e7
Copying config sha256:dc66a34eca2d77aebb3d6349e06bbb118c0571f172e297eea776d8aa352899e7
Writing manifest to image destination
Storing signatures
[linux/arm64] [3/3] STEP 2/4: COPY --from=web-builder /opt/app-root/web/dist /opt/app-root/web/dist
--> Using cache 9c7bd144d6dd07a4c2508d2ed8adaa5d3ab32b2ab16c12cc4eec70664e6b7023
--> 9c7bd144d6dd
[linux/arm64] [3/3] STEP 3/4: COPY --from=go-builder /opt/app-root/plugin-backend /opt/app-root
--> Using cache 5ecd1a379cb78240e72218da9bf812e1fe2bcf3f52a4b71dbf373cec112da791
--> 5ecd1a379cb7
[linux/arm64] [3/3] STEP 4/4: ENTRYPOINT ["/opt/app-root/plugin-backend", "-static-path", "/opt/app-root/web/dist", "-config-path", "/opt/app-root/web/dist"]
--> Using cache 39a8fb8845f41f45a1acfc4a6de90b4649699946c3c8ac07bf27824fc41ee08f
--> 39a8fb8845f4
39a8fb8845f41f45a1acfc4a6de90b4649699946c3c8ac07bf27824fc41ee08f
podman manifest push quay.io/rh-ee-emurasak/distributed-tracing-console-plugin:v0.3.3
Getting image list signatures
Copying 2 images generated from 2 images in list
Copying image sha256:4d8258363653d7b06726ae4ec3685dd04da436b3445399601e8056b9d88290f6 (1/2)
Getting image source signatures
Copying blob sha256:99967028dd504c0d65aabceb91553812e1a88a65a4224edd279acf657a6c708a
Copying blob sha256:eb31fffb4653a560fe98f0cdf1563599483471410f682eef43f925913573d867
Copying blob sha256:10b0b77a07519aa28df766977fb2c5701cd53b8dc1891c43630f45679581c3f4
Copying config sha256:4896fae83ac70d8fe3f26cef2d55b3272b4736fe48a276306ac65a6b67bad287
Writing manifest to image destination
Copying image sha256:64c256df60b169c8cb8a7739e9f3302678fdc1729d12a0df9df40a17b548818b (2/2)
Getting image source signatures
Copying blob sha256:c71503c1156d30a62dc9ef83dc22fc996417d2dbc2dc0bf62033862f7cd62853
Copying blob sha256:228d3d093b243661f2bbd4be6cc0e4a91af886b882ca37d67a2522d8dc67af93
Copying blob sha256:6bb0225cc193fc2687af07cbb5182e5efd2a3e9512fcaa3a40e8b9b502410e5f
Copying config sha256:39a8fb8845f41f45a1acfc4a6de90b4649699946c3c8ac07bf27824fc41ee08f
Writing manifest to image destination
Writing manifest list to image destination
Storing list signatures
==========================================
Building logging-view-plugin @ release-coo-ocp-4.12 with VERSION=v6.0.5 ORG=rh-ee-emurasak
==========================================
Switched to branch 'release-coo-ocp-4.12'
Your branch is up to date with 'origin/release-coo-ocp-4.12'.
From https://github.com/openshift/logging-view-plugin
 * branch            release-coo-ocp-4.12 -> FETCH_HEAD
Already up to date.
--- Attempt 1/3 ---
podman manifest rm quay.io/rh-ee-emurasak/logging-view-plugin:v6.0.5 || true
Untagged: quay.io/rh-ee-emurasak/logging-view-plugin:v6.0.5
Deleted: d2914d15e2c6c216c0b505599aa34f016928ef8bbc827130792c0529869b021f
podman manifest create quay.io/rh-ee-emurasak/logging-view-plugin:v6.0.5
baca41dc18224cd974f72db69605d7c09b3a954e32ce6155c8a9507a82cfa427
podman build --platform=linux/arm64,linux/amd64 --manifest quay.io/rh-ee-emurasak/logging-view-plugin:v6.0.5 -f Dockerfile
[linux/amd64] [1/3] STEP 1/9: FROM registry.redhat.io/ubi9/nodejs-18:latest AS web-builder
[linux/amd64] [1/3] STEP 2/9: WORKDIR /opt/app-root
--> Using cache 21284eb9bf8c29bd9fd2c14ad913f4ce724bf799d1b7aed0b791ee22b54cd741
--> 21284eb9bf8c
[linux/amd64] [1/3] STEP 3/9: USER 0
--> Using cache e4607401235d2219f41aedae14a2b91f057afcedfe75b452e81d5ea8dfff35ec
--> e4607401235d
[linux/amd64] [1/3] STEP 4/9: ENV HUSKY=0
--> Using cache b520a56d39c09f98aca73aa48de3be3727f47c123ad337137250ba143690f780
--> b520a56d39c0
[linux/amd64] [1/3] STEP 5/9: COPY web/package*.json web/
--> Using cache ab362fa4ed33ae09d41c92d4d3277f50801918593d1152185896d5a97457a4c2
--> ab362fa4ed33
[linux/amd64] [1/3] STEP 6/9: COPY Makefile Makefile
--> Using cache 87a502bb09fe859a5a30e5590fb4b70f0e0247e83d9d599bd76c7f23ca5882c5
--> 87a502bb09fe
[linux/amd64] [1/3] STEP 7/9: RUN make install-frontend-ci-clean
--> Using cache 25dcc0f4a40bb0b4b77ac16d26e5a547b65e5f87f41ef7bd1651f1595f878823
--> 25dcc0f4a40b
[linux/amd64] [1/3] STEP 8/9: COPY web/ web/
--> Using cache 6967b3033d20e7f357b675a835814f039bba3e25d9c0ebed6615e1bc2ef38901
--> 6967b3033d20
[linux/amd64] [1/3] STEP 9/9: RUN make build-frontend
cd web && npm run build

> logging-view-plugin@6.0.0 build
> npm run clean && NODE_ENV=production npm run ts-node node_modules/.bin/webpack


> logging-view-plugin@6.0.0 clean
> rm -rf dist


> logging-view-plugin@6.0.0 ts-node
> ts-node -O '{"module":"commonjs"}' node_modules/.bin/webpack

TypeError: [(...copiedResultMap.entries(...))].toSorted is not a function
    at /opt/app-root/web/node_modules/copy-webpack-plugin/dist/index.js:747:61
make: *** [Makefile:41: build-frontend] Error 1
[linux/arm64] [1/3] STEP 1/9: FROM registry.redhat.io/ubi9/nodejs-18:latest AS web-builder
Trying to pull registry.redhat.io/ubi9/nodejs-18:latest...
Getting image source signatures
Checking if image destination supports signatures
Copying blob sha256:d2d4277551d19aaf448f46617629ba5ce8decceacdd7a9e3f6d43a7763294f84
Copying blob sha256:c0c6f119f250bcd571815218a238bf91fcd968aa4bfe95c224309ec367df747e
Copying blob sha256:d92b30fd88841f53962ad35d9c474465d043b096524bdc2ef18640daf2e51e82
Copying config sha256:d561cbadf704f121dc19b5ca23115d808580ccff537c4def93fff467e1723872
Writing manifest to image destination
Storing signatures
[linux/arm64] [1/3] STEP 2/9: WORKDIR /opt/app-root
--> Using cache dfa7ac49c2dc872eb22a00ffa7e4fe3e0d6f88784e4c23092347d0a33595306f
--> dfa7ac49c2dc
[linux/arm64] [1/3] STEP 3/9: USER 0
--> Using cache 2320e81a48b79caa878a481cac213ec5e1a6178add248503955987764eb42558
--> 2320e81a48b7
[linux/arm64] [1/3] STEP 4/9: ENV HUSKY=0
--> Using cache e7d32f84af4126829711c35cf6b59f75033d56bc14f5cbbd5b0f6b01fb813676
--> e7d32f84af41
[linux/arm64] [1/3] STEP 5/9: COPY web/package*.json web/
--> Using cache 40309120bad57e3c40fddea0f81c03bf2ca55a0a378fc91efb55cce85c4b6eb8
--> 40309120bad5
[linux/arm64] [1/3] STEP 6/9: COPY Makefile Makefile
--> Using cache d68d3e1b603ecb1649e997605d29f0a567c8edeecb852e9463d4eb6ab7c005bf
--> d68d3e1b603e
[linux/arm64] [1/3] STEP 7/9: RUN make install-frontend-ci-clean
--> Using cache 7b97e15d6203239170c35befdf5635883272a93f33e7a9f851a505ae709f7488
--> 7b97e15d6203
[linux/arm64] [1/3] STEP 8/9: COPY web/ web/
--> Using cache 8e755a5dd3bbe50d229f6b9b8a3a807b238e4dcb091c99acabb932a61e470c32
--> 8e755a5dd3bb
[linux/arm64] [1/3] STEP 9/9: RUN make build-frontend
cd web && npm run build

> logging-view-plugin@6.0.0 build
> npm run clean && NODE_ENV=production npm run ts-node node_modules/.bin/webpack


> logging-view-plugin@6.0.0 clean
> rm -rf dist


> logging-view-plugin@6.0.0 ts-node
> ts-node -O '{"module":"commonjs"}' node_modules/.bin/webpack

TypeError: [(...copiedResultMap.entries(...))].toSorted is not a function
    at /opt/app-root/web/node_modules/copy-webpack-plugin/dist/index.js:747:61
make: *** [Makefile:41: build-frontend] Error 1
Error: 2 errors occurred:
	* [linux/amd64]: building at STEP "RUN make build-frontend": while running runtime: exit status 2
	* [linux/arm64]: building at STEP "RUN make build-frontend": while running runtime: exit status 2



make: *** [podman-cross-build] Error 2
WARNING: Attempt 1 failed for logging-view-plugin @ release-coo-ocp-4.12 (exit code 2)
--- Attempt 2/3 ---
podman manifest rm quay.io/rh-ee-emurasak/logging-view-plugin:v6.0.5 || true
Untagged: quay.io/rh-ee-emurasak/logging-view-plugin:v6.0.5
Deleted: baca41dc18224cd974f72db69605d7c09b3a954e32ce6155c8a9507a82cfa427
podman manifest create quay.io/rh-ee-emurasak/logging-view-plugin:v6.0.5
dc62b02646de134f1501d1afa03855f2ac2f5cd126941201f3476b00e912b506
podman build --platform=linux/arm64,linux/amd64 --manifest quay.io/rh-ee-emurasak/logging-view-plugin:v6.0.5 -f Dockerfile
[linux/amd64] [1/3] STEP 1/9: FROM registry.redhat.io/ubi9/nodejs-18:latest AS web-builder
Trying to pull registry.redhat.io/ubi9/nodejs-18:latest...
Getting image source signatures
Checking if image destination supports signatures
Copying blob sha256:bd74b94f9d783929640d82362c5b1af55b0b7bea9405c379251f405c9c94f690
Copying blob sha256:ce1770dcb97c2c062c80efe0edf0d512923b8ac34444b4f56733f446ea06ca95
Copying blob sha256:97971704aef24e8b1129c4f1b2e2241c7800b8bb89a14e77a7efebccd4193661
Copying config sha256:dc791d1b00fc164bb81bc99a7ddadc9eef02d0042878fe62c5fd468df91b2140
Writing manifest to image destination
Storing signatures
[linux/amd64] [1/3] STEP 2/9: WORKDIR /opt/app-root
--> Using cache 21284eb9bf8c29bd9fd2c14ad913f4ce724bf799d1b7aed0b791ee22b54cd741
--> 21284eb9bf8c
[linux/amd64] [1/3] STEP 3/9: USER 0
--> Using cache e4607401235d2219f41aedae14a2b91f057afcedfe75b452e81d5ea8dfff35ec
--> e4607401235d
[linux/amd64] [1/3] STEP 4/9: ENV HUSKY=0
--> Using cache b520a56d39c09f98aca73aa48de3be3727f47c123ad337137250ba143690f780
--> b520a56d39c0
[linux/amd64] [1/3] STEP 5/9: COPY web/package*.json web/
--> Using cache ab362fa4ed33ae09d41c92d4d3277f50801918593d1152185896d5a97457a4c2
--> ab362fa4ed33
[linux/amd64] [1/3] STEP 6/9: COPY Makefile Makefile
--> Using cache 87a502bb09fe859a5a30e5590fb4b70f0e0247e83d9d599bd76c7f23ca5882c5
--> 87a502bb09fe
[linux/amd64] [1/3] STEP 7/9: RUN make install-frontend-ci-clean
--> Using cache 25dcc0f4a40bb0b4b77ac16d26e5a547b65e5f87f41ef7bd1651f1595f878823
--> 25dcc0f4a40b
[linux/amd64] [1/3] STEP 8/9: COPY web/ web/
--> Using cache 6967b3033d20e7f357b675a835814f039bba3e25d9c0ebed6615e1bc2ef38901
--> 6967b3033d20
[linux/amd64] [1/3] STEP 9/9: RUN make build-frontend
cd web && npm run build

> logging-view-plugin@6.0.0 build
> npm run clean && NODE_ENV=production npm run ts-node node_modules/.bin/webpack


> logging-view-plugin@6.0.0 clean
> rm -rf dist


> logging-view-plugin@6.0.0 ts-node
> ts-node -O '{"module":"commonjs"}' node_modules/.bin/webpack

TypeError: [(...copiedResultMap.entries(...))].toSorted is not a function
    at /opt/app-root/web/node_modules/copy-webpack-plugin/dist/index.js:747:61
make: *** [Makefile:41: build-frontend] Error 1
[linux/arm64] [1/3] STEP 1/9: FROM registry.redhat.io/ubi9/nodejs-18:latest AS web-builder
Trying to pull registry.redhat.io/ubi9/nodejs-18:latest...
Getting image source signatures
Checking if image destination supports signatures
Copying blob sha256:d2d4277551d19aaf448f46617629ba5ce8decceacdd7a9e3f6d43a7763294f84
Copying blob sha256:c0c6f119f250bcd571815218a238bf91fcd968aa4bfe95c224309ec367df747e
Copying blob sha256:d92b30fd88841f53962ad35d9c474465d043b096524bdc2ef18640daf2e51e82
Copying config sha256:d561cbadf704f121dc19b5ca23115d808580ccff537c4def93fff467e1723872
Writing manifest to image destination
Storing signatures
[linux/arm64] [1/3] STEP 2/9: WORKDIR /opt/app-root
--> Using cache dfa7ac49c2dc872eb22a00ffa7e4fe3e0d6f88784e4c23092347d0a33595306f
--> dfa7ac49c2dc
[linux/arm64] [1/3] STEP 3/9: USER 0
--> Using cache 2320e81a48b79caa878a481cac213ec5e1a6178add248503955987764eb42558
--> 2320e81a48b7
[linux/arm64] [1/3] STEP 4/9: ENV HUSKY=0
--> Using cache e7d32f84af4126829711c35cf6b59f75033d56bc14f5cbbd5b0f6b01fb813676
--> e7d32f84af41
[linux/arm64] [1/3] STEP 5/9: COPY web/package*.json web/
--> Using cache 40309120bad57e3c40fddea0f81c03bf2ca55a0a378fc91efb55cce85c4b6eb8
--> 40309120bad5
[linux/arm64] [1/3] STEP 6/9: COPY Makefile Makefile
--> Using cache d68d3e1b603ecb1649e997605d29f0a567c8edeecb852e9463d4eb6ab7c005bf
--> d68d3e1b603e
[linux/arm64] [1/3] STEP 7/9: RUN make install-frontend-ci-clean
--> Using cache 7b97e15d6203239170c35befdf5635883272a93f33e7a9f851a505ae709f7488
--> 7b97e15d6203
[linux/arm64] [1/3] STEP 8/9: COPY web/ web/
--> Using cache 8e755a5dd3bbe50d229f6b9b8a3a807b238e4dcb091c99acabb932a61e470c32
--> 8e755a5dd3bb
[linux/arm64] [1/3] STEP 9/9: RUN make build-frontend
cd web && npm run build

> logging-view-plugin@6.0.0 build
> npm run clean && NODE_ENV=production npm run ts-node node_modules/.bin/webpack


> logging-view-plugin@6.0.0 clean
> rm -rf dist


> logging-view-plugin@6.0.0 ts-node
> ts-node -O '{"module":"commonjs"}' node_modules/.bin/webpack

TypeError: [(...copiedResultMap.entries(...))].toSorted is not a function
    at /opt/app-root/web/node_modules/copy-webpack-plugin/dist/index.js:747:61
make: *** [Makefile:41: build-frontend] Error 1
Error: 2 errors occurred:
	* [linux/amd64]: building at STEP "RUN make build-frontend": while running runtime: exit status 2
	* [linux/arm64]: building at STEP "RUN make build-frontend": while running runtime: exit status 2



make: *** [podman-cross-build] Error 2
WARNING: Attempt 2 failed for logging-view-plugin @ release-coo-ocp-4.12 (exit code 2)
--- Attempt 3/3 ---
podman manifest rm quay.io/rh-ee-emurasak/logging-view-plugin:v6.0.5 || true
Untagged: quay.io/rh-ee-emurasak/logging-view-plugin:v6.0.5
Deleted: dc62b02646de134f1501d1afa03855f2ac2f5cd126941201f3476b00e912b506
podman manifest create quay.io/rh-ee-emurasak/logging-view-plugin:v6.0.5
3189d403288321fb6242cc0096c5db2ca5d961e9f83efe4b926458dffd6c71f6
podman build --platform=linux/arm64,linux/amd64 --manifest quay.io/rh-ee-emurasak/logging-view-plugin:v6.0.5 -f Dockerfile
[linux/arm64] [1/3] STEP 1/9: FROM registry.redhat.io/ubi9/nodejs-18:latest AS web-builder
[linux/arm64] [1/3] STEP 2/9: WORKDIR /opt/app-root
--> Using cache dfa7ac49c2dc872eb22a00ffa7e4fe3e0d6f88784e4c23092347d0a33595306f
--> dfa7ac49c2dc
[linux/arm64] [1/3] STEP 3/9: USER 0
--> Using cache 2320e81a48b79caa878a481cac213ec5e1a6178add248503955987764eb42558
--> 2320e81a48b7
[linux/arm64] [1/3] STEP 4/9: ENV HUSKY=0
--> Using cache e7d32f84af4126829711c35cf6b59f75033d56bc14f5cbbd5b0f6b01fb813676
--> e7d32f84af41
[linux/arm64] [1/3] STEP 5/9: COPY web/package*.json web/
--> Using cache 40309120bad57e3c40fddea0f81c03bf2ca55a0a378fc91efb55cce85c4b6eb8
--> 40309120bad5
[linux/arm64] [1/3] STEP 6/9: COPY Makefile Makefile
--> Using cache d68d3e1b603ecb1649e997605d29f0a567c8edeecb852e9463d4eb6ab7c005bf
--> d68d3e1b603e
[linux/arm64] [1/3] STEP 7/9: RUN make install-frontend-ci-clean
--> Using cache 7b97e15d6203239170c35befdf5635883272a93f33e7a9f851a505ae709f7488
--> 7b97e15d6203
[linux/arm64] [1/3] STEP 8/9: COPY web/ web/
--> Using cache 8e755a5dd3bbe50d229f6b9b8a3a807b238e4dcb091c99acabb932a61e470c32
--> 8e755a5dd3bb
[linux/arm64] [1/3] STEP 9/9: RUN make build-frontend
cd web && npm run build

> logging-view-plugin@6.0.0 build
> npm run clean && NODE_ENV=production npm run ts-node node_modules/.bin/webpack


> logging-view-plugin@6.0.0 clean
> rm -rf dist


> logging-view-plugin@6.0.0 ts-node
> ts-node -O '{"module":"commonjs"}' node_modules/.bin/webpack

TypeError: [(...copiedResultMap.entries(...))].toSorted is not a function
    at /opt/app-root/web/node_modules/copy-webpack-plugin/dist/index.js:747:61
make: *** [Makefile:41: build-frontend] Error 1
[linux/amd64] [1/3] STEP 1/9: FROM registry.redhat.io/ubi9/nodejs-18:latest AS web-builder
Trying to pull registry.redhat.io/ubi9/nodejs-18:latest...
Getting image source signatures
Checking if image destination supports signatures
Copying blob sha256:bd74b94f9d783929640d82362c5b1af55b0b7bea9405c379251f405c9c94f690
Copying blob sha256:97971704aef24e8b1129c4f1b2e2241c7800b8bb89a14e77a7efebccd4193661
Copying blob sha256:ce1770dcb97c2c062c80efe0edf0d512923b8ac34444b4f56733f446ea06ca95
Copying config sha256:dc791d1b00fc164bb81bc99a7ddadc9eef02d0042878fe62c5fd468df91b2140
Writing manifest to image destination
Storing signatures
[linux/amd64] [1/3] STEP 2/9: WORKDIR /opt/app-root
--> Using cache 21284eb9bf8c29bd9fd2c14ad913f4ce724bf799d1b7aed0b791ee22b54cd741
--> 21284eb9bf8c
[linux/amd64] [1/3] STEP 3/9: USER 0
--> Using cache e4607401235d2219f41aedae14a2b91f057afcedfe75b452e81d5ea8dfff35ec
--> e4607401235d
[linux/amd64] [1/3] STEP 4/9: ENV HUSKY=0
--> Using cache b520a56d39c09f98aca73aa48de3be3727f47c123ad337137250ba143690f780
--> b520a56d39c0
[linux/amd64] [1/3] STEP 5/9: COPY web/package*.json web/
--> Using cache ab362fa4ed33ae09d41c92d4d3277f50801918593d1152185896d5a97457a4c2
--> ab362fa4ed33
[linux/amd64] [1/3] STEP 6/9: COPY Makefile Makefile
--> Using cache 87a502bb09fe859a5a30e5590fb4b70f0e0247e83d9d599bd76c7f23ca5882c5
--> 87a502bb09fe
[linux/amd64] [1/3] STEP 7/9: RUN make install-frontend-ci-clean
--> Using cache 25dcc0f4a40bb0b4b77ac16d26e5a547b65e5f87f41ef7bd1651f1595f878823
--> 25dcc0f4a40b
[linux/amd64] [1/3] STEP 8/9: COPY web/ web/
--> Using cache 6967b3033d20e7f357b675a835814f039bba3e25d9c0ebed6615e1bc2ef38901
--> 6967b3033d20
[linux/amd64] [1/3] STEP 9/9: RUN make build-frontend
cd web && npm run build

> logging-view-plugin@6.0.0 build
> npm run clean && NODE_ENV=production npm run ts-node node_modules/.bin/webpack


> logging-view-plugin@6.0.0 clean
> rm -rf dist


> logging-view-plugin@6.0.0 ts-node
> ts-node -O '{"module":"commonjs"}' node_modules/.bin/webpack

TypeError: [(...copiedResultMap.entries(...))].toSorted is not a function
    at /opt/app-root/web/node_modules/copy-webpack-plugin/dist/index.js:747:61
make: *** [Makefile:41: build-frontend] Error 1
Error: 2 errors occurred:
	* [linux/arm64]: building at STEP "RUN make build-frontend": while running runtime: exit status 2
	* [linux/amd64]: building at STEP "RUN make build-frontend": while running runtime: exit status 2



make: *** [podman-cross-build] Error 2
WARNING: Attempt 3 failed for logging-view-plugin @ release-coo-ocp-4.12 (exit code 2)
WARNING: Build failed for logging-view-plugin @ release-coo-ocp-4.12 after 3 attempts, continuing...
==========================================
Building distributed-tracing-console-plugin @ release-coo-ocp-4.15 with VERSION=v0.4.3 ORG=rh-ee-emurasak
==========================================
Switched to branch 'release-coo-ocp-4.15'
Your branch is up to date with 'origin/release-coo-ocp-4.15'.
From https://github.com/openshift/distributed-tracing-console-plugin
 * branch            release-coo-ocp-4.15 -> FETCH_HEAD
Already up to date.
--- Attempt 1/3 ---
podman manifest rm quay.io/rh-ee-emurasak/distributed-tracing-console-plugin:v0.4.3 || true
Untagged: quay.io/rh-ee-emurasak/distributed-tracing-console-plugin:v0.4.3
Deleted: 31746f312a2860ec38450992e7d6c506ecbe8eff0f5e7b423040737a8759ff22
podman manifest create quay.io/rh-ee-emurasak/distributed-tracing-console-plugin:v0.4.3
17c7447f371a3d8fc0dd76b4f02dbe39b722aabf957d9edbf71fa5e17557b1ee
podman build --platform=linux/arm64,linux/amd64 --manifest quay.io/rh-ee-emurasak/distributed-tracing-console-plugin:v0.4.3 -f Dockerfile
[linux/amd64] [1/3] STEP 1/8: FROM registry.redhat.io/ubi9/nodejs-22:latest AS web-builder
Trying to pull registry.redhat.io/ubi9/nodejs-22:latest...
Getting image source signatures
Checking if image destination supports signatures
Copying blob sha256:282d0d24d7fbf867c5fcf0074ef814120603d793df3c6b07803f4fe4f13e8364
Copying blob sha256:a65b1d5fa71f2275b83830542c74d937ba4151138631910bd375d577f8ceeed8
Copying blob sha256:7e1f79224b0668cff86172f85305621504ef2f1a15768b9ed272ea1f1a0e4e4d
Copying config sha256:0ccc4acadf8fe652aee3bd1e9b848aa1ddb72cc4db9269dc719a72a71892e157
Writing manifest to image destination
Storing signatures
[linux/amd64] [1/3] STEP 2/8: WORKDIR /opt/app-root
--> Using cache 25f952364c18dec697621ccdf03fe10655339de2dbbbf27c4486edb5a1c24341
--> 25f952364c18
[linux/amd64] [1/3] STEP 3/8: USER 0
--> Using cache 7b8705aab315b50a437e2e7c2f502baa54d72938a85870d51e91af51dabda800
--> 7b8705aab315
[linux/amd64] [1/3] STEP 4/8: COPY web/package*.json web/
--> Using cache d23cef284ff542c1284da0158ef0c558da1dcd8ca80876a36fafe03445f0dcff
--> d23cef284ff5
[linux/amd64] [1/3] STEP 5/8: COPY Makefile Makefile
--> Using cache b48abb5d80c7851506e53f30048a959b841c6f0891ba935735707ed9e2436e5e
--> b48abb5d80c7
[linux/amd64] [1/3] STEP 6/8: RUN make install-frontend-ci-clean
--> Using cache 2d6de247cc648a35e8c80027400875de84ad1575cb0d6c21848cbff41954a4f4
--> 2d6de247cc64
[linux/amd64] [1/3] STEP 7/8: COPY web/ web/
--> Using cache a97d591fe0aa4a1cffa3c8de7a73f86ba7ec4333a9f2feed4b26f1389d632bbe
--> a97d591fe0aa
[linux/amd64] [1/3] STEP 8/8: RUN make build-frontend
--> Using cache 3cae1831188d2ae17fa2601b1c358a69ceec79c0fae50a8a8c84a7da5c19802a
--> 3cae1831188d
[linux/amd64] [2/3] STEP 1/11: FROM registry.access.redhat.com/ubi9/go-toolset:1.26 AS go-builder
Trying to pull registry.access.redhat.com/ubi9/go-toolset:1.26...
Getting image source signatures
Checking if image destination supports signatures
Copying blob sha256:7e1f79224b0668cff86172f85305621504ef2f1a15768b9ed272ea1f1a0e4e4d
Copying blob sha256:d42ebadf4fab39879420f670effc5339dbb3a965f10cfc9e893812a82359ca96
Copying blob sha256:e9032009b40b3fd04712dfd72a34308c80cfcbc96e34411b01d746a758eb327f
Copying blob sha256:a65b1d5fa71f2275b83830542c74d937ba4151138631910bd375d577f8ceeed8
Copying config sha256:4503554399b4b9c5265bafc26dfb5eea1cce8ae46cc8d424457c10ecfa1814df
Writing manifest to image destination
Storing signatures
[linux/amd64] [2/3] STEP 2/11: WORKDIR /opt/app-root
--> Using cache af1cfc364e02bbbe152a266e3b4e766d012ba8761df2219b036428533bcaa1d1
--> af1cfc364e02
[linux/amd64] [2/3] STEP 3/11: COPY Makefile Makefile
--> Using cache 4e9cce7ee01fa7c70afb2d7feeebfe323d30672cd190195818dbe76c523f4178
--> 4e9cce7ee01f
[linux/amd64] [2/3] STEP 4/11: COPY go.mod go.mod
--> Using cache 947606859b1960bb26d0ee879c53b55e5ae152d407b11be10ca36aa957e49b1f
--> 947606859b19
[linux/amd64] [2/3] STEP 5/11: COPY go.sum go.sum
--> Using cache 0bdbe3d92a9c0852171fd2f2881c6f122b57447f99a03cd020432e4bd751c481
--> 0bdbe3d92a9c
[linux/amd64] [2/3] STEP 6/11: RUN go mod download
--> Using cache fa011af35065cd063f5b81d5941a4687ad9a6b1b020f49eedc5acffeb8583c0c
--> fa011af35065
[linux/amd64] [2/3] STEP 7/11: COPY cmd/ cmd/
--> Using cache c5aa9f5fe1146e2c853ccc4ae288c842de51eccc051142dd19130f3fb1f88d57
--> c5aa9f5fe114
[linux/amd64] [2/3] STEP 8/11: COPY pkg/ pkg/
--> Using cache 0ed69e243a626e5d11b684b765cd49562ecdf08c153998dceb989520962dbe68
--> 0ed69e243a62
[linux/amd64] [2/3] STEP 9/11: ENV GOEXPERIMENT=strictfipsruntime
--> Using cache f15df9faf5d107eb2708f25486600e0ec33b50b614ab2665b29f542ab67bb641
--> f15df9faf5d1
[linux/amd64] [2/3] STEP 10/11: ENV CGO_ENABLED=1
--> Using cache 9773104c81d723cdcde69c596e436a7f76453e32c96f6b7cdec931068b713341
--> 9773104c81d7
[linux/amd64] [2/3] STEP 11/11: RUN make build-backend BUILD_OPTS="-tags strictfipsruntime"
--> Using cache 276b4604f062ed0b119f48af7e02b1e974bbb913486d51ffe547a57d66f331c3
--> 276b4604f062
[linux/arm64] [1/3] STEP 1/8: FROM registry.redhat.io/ubi9/nodejs-22:latest AS web-builder
Trying to pull registry.redhat.io/ubi9/nodejs-22:latest...
Getting image source signatures
Checking if image destination supports signatures
Copying blob sha256:9646992efe070a3bd6c556d5bfd825b8ffbc51f371288f7eb152d2d852939056
Copying blob sha256:f00a3ea30fea862d594c88740f011c234eb0b745138910c83abb92b28517593d
Copying blob sha256:9f54e374b06db8429b62d91af166f6a7caa34095b474b38a6853f75e9501072e
Copying config sha256:404bfb706f719cb0fdb063441e6c5404e5ce5228389a38c0ab4dda7570ece9f6
Writing manifest to image destination
Storing signatures
[linux/arm64] [1/3] STEP 2/8: WORKDIR /opt/app-root
--> Using cache 8d7f4d666d8b2966000dfdbddaf0f201f102b80d182b42918646bca008497d32
--> 8d7f4d666d8b
[linux/arm64] [1/3] STEP 3/8: USER 0
--> Using cache ab40718f6d3d3469511e8bdb5e14133d0b8570fbf01d414c2b0398600f6e9b81
--> ab40718f6d3d
[linux/arm64] [1/3] STEP 4/8: COPY web/package*.json web/
--> Using cache 22931396cfeff041fd40b06841a475aab187ed95258f8ff220aa7b0ce71c26ed
--> 22931396cfef
[linux/arm64] [1/3] STEP 5/8: COPY Makefile Makefile
--> Using cache 7d1eba04884bf6546688cb08d29a9c0f387e3213270fb5d3c4e0c407ed506b88
--> 7d1eba04884b
[linux/arm64] [1/3] STEP 6/8: RUN make install-frontend-ci-clean
--> Using cache 3ba6fd836bce9b55e17912f31a2c0ab65acdc4720e82663f2784730fb0ca2ff6
--> 3ba6fd836bce
[linux/arm64] [1/3] STEP 7/8: COPY web/ web/
--> Using cache bf96163841bb81f3b5aa3e8779af81e33a5d847910e52589da8c611db91e2f14
--> bf96163841bb
[linux/arm64] [1/3] STEP 8/8: RUN make build-frontend
--> Using cache 36c0192d130f6b9fdcb30173af3c54210ef016b3b3e47be22447926b18f4da82
--> 36c0192d130f
[linux/amd64] [3/3] STEP 1/4: FROM registry.access.redhat.com/ubi9/ubi-minimal
Trying to pull registry.access.redhat.com/ubi9/ubi-minimal:latest...
Getting image source signatures
Checking if image destination supports signatures
Copying blob sha256:8af57f051b373375a1be8f892172089259ad624ed8452291226c539055e60228
Copying config sha256:659f819f47f8e8d2348bd9243d2ef17f39a9cc97ee1964b1cf1f83d428090213
Writing manifest to image destination
Storing signatures
[linux/amd64] [3/3] STEP 2/4: COPY --from=web-builder /opt/app-root/web/dist /opt/app-root/web/dist
--> Using cache f8385b6642c19f4c7693787c5581592a3ebbf5e029d5f19a6fc53613d585c4fd
--> f8385b6642c1
[linux/amd64] [3/3] STEP 3/4: COPY --from=go-builder /opt/app-root/plugin-backend /opt/app-root
--> Using cache 3bf93c24b61f69efc22ab6c9e83b7d102aceb8a392a0f2db920552cdd9ed8273
--> 3bf93c24b61f
[linux/amd64] [3/3] STEP 4/4: ENTRYPOINT ["/opt/app-root/plugin-backend", "-static-path", "/opt/app-root/web/dist", "-config-path", "/opt/app-root/web/dist"]
--> Using cache ce1ee52361c5f8003e03489d580ef7eb938f4837aae0c00311097e446ae756fe
--> ce1ee52361c5
[linux/arm64] [2/3] STEP 1/11: FROM registry.access.redhat.com/ubi9/go-toolset:1.26 AS go-builder
ce1ee52361c5f8003e03489d580ef7eb938f4837aae0c00311097e446ae756fe
Trying to pull registry.access.redhat.com/ubi9/go-toolset:1.26...
Getting image source signatures
Checking if image destination supports signatures
Copying blob sha256:9f54e374b06db8429b62d91af166f6a7caa34095b474b38a6853f75e9501072e
Copying blob sha256:f00a3ea30fea862d594c88740f011c234eb0b745138910c83abb92b28517593d
Copying blob sha256:45930d601c4202f8f62b21cd0a99019c00cd0af6e243187962defb645a49ab77
Copying blob sha256:45e8f34021ec53e3f4034c0aa42f88f43d2c6a70db6bcbe4da9c885fec121ca7
Copying config sha256:1b04da50b8a1a4d73cbc62e9438485bbb1219c003b0fef077d227b77d3fa7fb5
Writing manifest to image destination
Storing signatures
[linux/arm64] [2/3] STEP 2/11: WORKDIR /opt/app-root
--> Using cache a05232a4028fedcbdc5858a48a003ce3f0eaa6f7f55bf759968c0186ab9fecd0
--> a05232a4028f
[linux/arm64] [2/3] STEP 3/11: COPY Makefile Makefile
--> Using cache 35cc516cd1e235a66ef91e01b28dc9486da5f5666aa9729546034de8a103113b
--> 35cc516cd1e2
[linux/arm64] [2/3] STEP 4/11: COPY go.mod go.mod
--> Using cache 4f85b1f3084afcbfd1a52cb5bcd700defbc5c25465dea6f60cf8b6aafa9a1f01
--> 4f85b1f3084a
[linux/arm64] [2/3] STEP 5/11: COPY go.sum go.sum
--> Using cache 737cb39293f8d9021d9dbd09068ab83bf2f6c7a91d327080251d1f94dd85eae6
--> 737cb39293f8
[linux/arm64] [2/3] STEP 6/11: RUN go mod download
--> Using cache a97f566bc3322813b9990ee58c0d3d1b639185503c9d9a96e2f6228f9d2010d1
--> a97f566bc332
[linux/arm64] [2/3] STEP 7/11: COPY cmd/ cmd/
--> Using cache 4ee89d202814210b899749ed443a2181be4ab08c3f2ccc841249484084e2b355
--> 4ee89d202814
[linux/arm64] [2/3] STEP 8/11: COPY pkg/ pkg/
--> Using cache 79820c6814aaadb1754cd4ac704aa00ca19da9e28e0b3edf7b29da8cb92248c2
--> 79820c6814aa
[linux/arm64] [2/3] STEP 9/11: ENV GOEXPERIMENT=strictfipsruntime
--> Using cache 923bac05c77eaf26c90b3a72d7a5881e0254a920491c9ad2b7f7ddc7f673c770
--> 923bac05c77e
[linux/arm64] [2/3] STEP 10/11: ENV CGO_ENABLED=1
--> Using cache 83cdd3939f27311c4e4b62a8f64fa53c6ecd58e222ccf50d2ae449cc3cd84932
--> 83cdd3939f27
[linux/arm64] [2/3] STEP 11/11: RUN make build-backend BUILD_OPTS="-tags strictfipsruntime"
--> Using cache 88b68cc4da15f29f58c1dd92d0f43f64fa784f818c78c328d647131f16f57ffa
--> 88b68cc4da15
[linux/arm64] [3/3] STEP 1/4: FROM registry.access.redhat.com/ubi9/ubi-minimal
Trying to pull registry.access.redhat.com/ubi9/ubi-minimal:latest...
Getting image source signatures
Checking if image destination supports signatures
Copying blob sha256:96c16ad0505847764761c5c4d0a82cd8a619f3e93c57f6a4b081cb9d4d0dd3e7
Copying config sha256:dc66a34eca2d77aebb3d6349e06bbb118c0571f172e297eea776d8aa352899e7
Writing manifest to image destination
Storing signatures
[linux/arm64] [3/3] STEP 2/4: COPY --from=web-builder /opt/app-root/web/dist /opt/app-root/web/dist
--> Using cache 469328150925e50ede16d403c03daef8f61b4c70b1328631492234c19cf5c15f
--> 469328150925
[linux/arm64] [3/3] STEP 3/4: COPY --from=go-builder /opt/app-root/plugin-backend /opt/app-root
--> Using cache 71cfa5a8e5557bba2ca96b76beab879f451fca8c258e5ec05253f73d5a4b196e
--> 71cfa5a8e555
[linux/arm64] [3/3] STEP 4/4: ENTRYPOINT ["/opt/app-root/plugin-backend", "-static-path", "/opt/app-root/web/dist", "-config-path", "/opt/app-root/web/dist"]
--> Using cache d7fcf5681612b30326e1effa23b100dd1ac8663d4416e295d190f46ba70eb2a9
--> d7fcf5681612
d7fcf5681612b30326e1effa23b100dd1ac8663d4416e295d190f46ba70eb2a9
podman manifest push quay.io/rh-ee-emurasak/distributed-tracing-console-plugin:v0.4.3
Getting image list signatures
Copying 2 images generated from 2 images in list
Copying image sha256:0c407f9974d4eb0906dc10873130343cff8e91192889c0db2170153760411bfa (1/2)
Getting image source signatures
Copying blob sha256:2fd670574d6e9562249ae5f21bafee71514419560c83718fbf98975fc570cf21
Copying blob sha256:eb31fffb4653a560fe98f0cdf1563599483471410f682eef43f925913573d867
Copying blob sha256:690880d4f742eea745937d9635fc54b88f491025707237aef0b626fe7d221d54
Copying config sha256:ce1ee52361c5f8003e03489d580ef7eb938f4837aae0c00311097e446ae756fe
Writing manifest to image destination
Copying image sha256:296033d1387675753198f62603dea68ac56d69c099dc418a0e6991b0fee85437 (2/2)
Getting image source signatures
Copying blob sha256:228d3d093b243661f2bbd4be6cc0e4a91af886b882ca37d67a2522d8dc67af93
Copying blob sha256:642fb54e8eadc39df95bd3a3b1ca23bfe965300a09e2e366a9a942a83dac2815
Copying blob sha256:c5c547b47399abb4c246be7224d995b466efab863ff3ec51f13f94eeddafa802
Copying config sha256:d7fcf5681612b30326e1effa23b100dd1ac8663d4416e295d190f46ba70eb2a9
Writing manifest to image destination
Writing manifest list to image destination
Storing list signatures
==========================================
Building logging-view-plugin @ release-coo-ocp-4.15 with VERSION=v6.1.6 ORG=rh-ee-emurasak
==========================================
Switched to branch 'release-coo-ocp-4.15'
Your branch is up to date with 'origin/release-coo-ocp-4.15'.
From https://github.com/openshift/logging-view-plugin
 * branch            release-coo-ocp-4.15 -> FETCH_HEAD
Already up to date.
--- Attempt 1/3 ---
podman manifest rm quay.io/rh-ee-emurasak/logging-view-plugin:v6.1.6 || true
Untagged: quay.io/rh-ee-emurasak/logging-view-plugin:v6.1.6
Deleted: fe6d4384255d7d83d1ce93b43810f74e2e1d4446d916131e37fad10fca332b46
podman manifest create quay.io/rh-ee-emurasak/logging-view-plugin:v6.1.6
f63675722e5162abfb6e63c427171a0a19faabef9adb5a606b21c2247d87d198
podman build --platform=linux/arm64,linux/amd64 --manifest quay.io/rh-ee-emurasak/logging-view-plugin:v6.1.6 -f Dockerfile
[linux/arm64] [1/3] STEP 1/9: FROM registry.redhat.io/ubi9/nodejs-22:latest AS web-builder
[linux/arm64] [1/3] STEP 2/9: WORKDIR /opt/app-root
--> Using cache 8d7f4d666d8b2966000dfdbddaf0f201f102b80d182b42918646bca008497d32
--> 8d7f4d666d8b
[linux/arm64] [1/3] STEP 3/9: USER 0
--> Using cache ab40718f6d3d3469511e8bdb5e14133d0b8570fbf01d414c2b0398600f6e9b81
--> ab40718f6d3d
[linux/arm64] [1/3] STEP 4/9: ENV HUSKY=0
--> Using cache c4956a0743f1e9d016ec7fbcdfa4c2110fa4eb83bdbf78c328ec9d2829e6824c
--> c4956a0743f1
[linux/arm64] [1/3] STEP 5/9: COPY web/package*.json web/
--> Using cache 32b42328126c61df2face62e7c8aeb8753de5329b497780cedc7b943bc0af5cd
--> 32b42328126c
[linux/arm64] [1/3] STEP 6/9: COPY Makefile Makefile
--> Using cache 59003bed93da1df6f872f02f8c223272702579b807fa5e33d21ae6a3c8177998
--> 59003bed93da
[linux/arm64] [1/3] STEP 7/9: RUN make install-frontend-ci-clean
--> Using cache 022639fa0335a0ff3ce9cb0b782be22452b45381127033a804134d773f2e4251
--> 022639fa0335
[linux/arm64] [1/3] STEP 8/9: COPY web/ web/
--> Using cache cf87d2a9212f14f1d202b830188a0b937ee4a2052abf469f4fbbd263ae6e60c6
--> cf87d2a9212f
[linux/arm64] [1/3] STEP 9/9: RUN make build-frontend
--> Using cache 9910dcf4371918ef3cda2ae1afd36c08838e3d9ed8696a8a0206815fe06b049e
--> 9910dcf43719
[linux/arm64] [2/3] STEP 1/12: FROM registry.access.redhat.com/ubi9/go-toolset:1.26 AS go-builder
[linux/arm64] [2/3] STEP 2/12: WORKDIR /opt/app-root
--> Using cache a05232a4028fedcbdc5858a48a003ce3f0eaa6f7f55bf759968c0186ab9fecd0
--> a05232a4028f
[linux/arm64] [2/3] STEP 3/12: COPY Makefile Makefile
--> Using cache 7d89a9e9b61db4abd7d93ce742994cdce755d52270ba51929a8b1655be5c4804
--> 7d89a9e9b61d
[linux/arm64] [2/3] STEP 4/12: COPY go.mod go.mod
--> Using cache 3a3758e52837543425720044849fbab998a4cc91fae599d32ff161dba1ac9f78
--> 3a3758e52837
[linux/arm64] [2/3] STEP 5/12: COPY go.sum go.sum
--> Using cache bd7c7f58741c7756bc409b24813a695a380786a8457a337b02005c961a559856
--> bd7c7f58741c
[linux/arm64] [2/3] STEP 6/12: RUN make install-backend
--> Using cache d8db0960f040449ffb8ac3e63e47552eef116ab742d80caf9728e6ae7a17d24f
--> d8db0960f040
[linux/arm64] [2/3] STEP 7/12: COPY config/ config/
--> Using cache 81c11c520d4019a376742db0fbbe531e59ecaa816ff7b00f8b99fc4885da1caf
--> 81c11c520d40
[linux/arm64] [2/3] STEP 8/12: COPY cmd/ cmd/
--> Using cache a73bada5a8b214a2298f958904f455e7ba14b79cf6374030dc8626ff62a9a501
--> a73bada5a8b2
[linux/arm64] [2/3] STEP 9/12: COPY pkg/ pkg/
--> Using cache c23c376c72065c1d6bc288c798c098279f05ea99875091605af315d09c128f32
--> c23c376c7206
[linux/arm64] [2/3] STEP 10/12: ENV GOEXPERIMENT=strictfipsruntime
--> Using cache 5f49ef72cebc2499ec7ccaa887a7bb4508e4c525abe31531d2a7d75a808dbf24
--> 5f49ef72cebc
[linux/arm64] [2/3] STEP 11/12: ENV CGO_ENABLED=1
--> Using cache e17ee25f0a0cd25a218be69d0a1a6d53e5ba8eb6003f0c09ae70264561c8c98c
--> e17ee25f0a0c
[linux/arm64] [2/3] STEP 12/12: RUN make build-backend BUILD_OPTS="-tags strictfipsruntime"
--> Using cache 35886d52b96ec33423c4bc204dbbbb22b97060ed6efa8d0ec7d989e3b16f171c
--> 35886d52b96e
[linux/amd64] [1/3] STEP 1/9: FROM registry.redhat.io/ubi9/nodejs-22:latest AS web-builder
Trying to pull registry.redhat.io/ubi9/nodejs-22:latest...
Getting image source signatures
Checking if image destination supports signatures
Copying blob sha256:282d0d24d7fbf867c5fcf0074ef814120603d793df3c6b07803f4fe4f13e8364
Copying blob sha256:a65b1d5fa71f2275b83830542c74d937ba4151138631910bd375d577f8ceeed8
Copying blob sha256:7e1f79224b0668cff86172f85305621504ef2f1a15768b9ed272ea1f1a0e4e4d
Copying config sha256:0ccc4acadf8fe652aee3bd1e9b848aa1ddb72cc4db9269dc719a72a71892e157
Writing manifest to image destination
Storing signatures
[linux/amd64] [1/3] STEP 2/9: WORKDIR /opt/app-root
--> Using cache 25f952364c18dec697621ccdf03fe10655339de2dbbbf27c4486edb5a1c24341
--> 25f952364c18
[linux/amd64] [1/3] STEP 3/9: USER 0
--> Using cache 7b8705aab315b50a437e2e7c2f502baa54d72938a85870d51e91af51dabda800
--> 7b8705aab315
[linux/amd64] [1/3] STEP 4/9: ENV HUSKY=0
--> Using cache 480c099274eaede57407f65dab14be61ff11be4c766a88c25c81c8f647d27cc1
--> 480c099274ea
[linux/amd64] [1/3] STEP 5/9: COPY web/package*.json web/
--> Using cache 8ae0ac41198eb78d89e0daeb15ba9015dcfd37ccf3ad515fc39ae9709a79764c
--> 8ae0ac41198e
[linux/amd64] [1/3] STEP 6/9: COPY Makefile Makefile
--> Using cache 2cbf3546e8aabe23e833e07f6fde801b158cfe699298ce7e2aa0261e034995c2
--> 2cbf3546e8aa
[linux/amd64] [1/3] STEP 7/9: RUN make install-frontend-ci-clean
--> Using cache c398219df7411b66bd801d6ad1cb8d36cd48c1e7353377b89933ff052f2c92f3
--> c398219df741
[linux/amd64] [1/3] STEP 8/9: COPY web/ web/
--> Using cache 5ccaf99435047ad1cd785930ebdd14a5ca2916f48addda5a137ed35fa28e1814
--> 5ccaf9943504
[linux/amd64] [1/3] STEP 9/9: RUN make build-frontend
--> Using cache f034591960647dbaa11575b1f913a2018e0b9b04d0b4283abf5e764b8c487b80
--> f03459196064
[linux/arm64] [3/3] STEP 1/5: FROM registry.access.redhat.com/ubi9/ubi-minimal
[linux/arm64] [3/3] STEP 2/5: COPY --from=web-builder /opt/app-root/web/dist /opt/app-root/web/dist
--> Using cache 8b9778f34c806ee1582c0bd06e55c4b09c4abe5e5c497be15cb2cd4b7ca364f2
--> 8b9778f34c80
[linux/arm64] [3/3] STEP 3/5: COPY --from=go-builder /opt/app-root/plugin-backend /opt/app-root
--> Using cache 5b38ca75b909b1355f5460a2ec90cfadf22ff8379731e16db35514adebf77153
--> 5b38ca75b909
[linux/arm64] [3/3] STEP 4/5: COPY --from=go-builder /opt/app-root/config /opt/app-root/config
--> Using cache d7c9fe7a0c40475be624698752dfc87704e60cb54cc7dd214e3f84cc5aa3040b
--> d7c9fe7a0c40
[linux/arm64] [3/3] STEP 5/5: ENTRYPOINT ["/opt/app-root/plugin-backend", "-config-path", "/opt/app-root/config", "-static-path", "/opt/app-root/web/dist"]
--> Using cache ba2d389e66fb4f305914658570b73ddd564fcd8b9111ca7e44e141071933a827
--> ba2d389e66fb
[linux/amd64] [2/3] STEP 1/12: FROM registry.access.redhat.com/ubi9/go-toolset:1.26 AS go-builder
ba2d389e66fb4f305914658570b73ddd564fcd8b9111ca7e44e141071933a827
Trying to pull registry.access.redhat.com/ubi9/go-toolset:1.26...
Getting image source signatures
Checking if image destination supports signatures
Copying blob sha256:d42ebadf4fab39879420f670effc5339dbb3a965f10cfc9e893812a82359ca96
Copying blob sha256:a65b1d5fa71f2275b83830542c74d937ba4151138631910bd375d577f8ceeed8
Copying blob sha256:7e1f79224b0668cff86172f85305621504ef2f1a15768b9ed272ea1f1a0e4e4d
Copying blob sha256:e9032009b40b3fd04712dfd72a34308c80cfcbc96e34411b01d746a758eb327f
Copying config sha256:4503554399b4b9c5265bafc26dfb5eea1cce8ae46cc8d424457c10ecfa1814df
Writing manifest to image destination
Storing signatures
[linux/amd64] [2/3] STEP 2/12: WORKDIR /opt/app-root
--> Using cache af1cfc364e02bbbe152a266e3b4e766d012ba8761df2219b036428533bcaa1d1
--> af1cfc364e02
[linux/amd64] [2/3] STEP 3/12: COPY Makefile Makefile
--> Using cache 06d8e7d7d5a6d905ac4f87b1107e9c805bac318c7eb9cccc3e73bf9e49300ab2
--> 06d8e7d7d5a6
[linux/amd64] [2/3] STEP 4/12: COPY go.mod go.mod
--> Using cache efddc752278ede6ac4f723bf5f88cecd4bc1c4457812c5a240847406ae454341
--> efddc752278e
[linux/amd64] [2/3] STEP 5/12: COPY go.sum go.sum
--> Using cache cabd3224f74c070315725b043e3bbc1015897bc3a985a6265929fbd100f84182
--> cabd3224f74c
[linux/amd64] [2/3] STEP 6/12: RUN make install-backend
--> Using cache 48fa6495e3ef14654b52a34be77941d44d2740ebe311dbdd70bee2f36c9295aa
--> 48fa6495e3ef
[linux/amd64] [2/3] STEP 7/12: COPY config/ config/
--> Using cache bbfb36c1d38cf34c5256011ce8a6b611bd129464026c7f0590c993b57d1ccc3a
--> bbfb36c1d38c
[linux/amd64] [2/3] STEP 8/12: COPY cmd/ cmd/
--> Using cache 4929ad9dc475b55143e179429faf3b7fd568b49747e03423ebb56b79e37b33ed
--> 4929ad9dc475
[linux/amd64] [2/3] STEP 9/12: COPY pkg/ pkg/
--> Using cache 1a308958ad6ba023d7f45b2efd49ca6254805df65f9560928b5eb4272c1037f6
--> 1a308958ad6b
[linux/amd64] [2/3] STEP 10/12: ENV GOEXPERIMENT=strictfipsruntime
--> Using cache ea1c06617bf1b8669eedbe168c8aee1b1ea1cb476dd375264fbacf83e393062e
--> ea1c06617bf1
[linux/amd64] [2/3] STEP 11/12: ENV CGO_ENABLED=1
--> Using cache 1ac70b8ab3dedeb9d0abc784b085bc81a0418083a0da7ec18b82990ec1095df8
--> 1ac70b8ab3de
[linux/amd64] [2/3] STEP 12/12: RUN make build-backend BUILD_OPTS="-tags strictfipsruntime"
--> Using cache 072d22efdd42f277a875016a42e063677b76ec3435ddb529a8e1393ff0341ea0
--> 072d22efdd42
[linux/amd64] [3/3] STEP 1/5: FROM registry.access.redhat.com/ubi9/ubi-minimal
Trying to pull registry.access.redhat.com/ubi9/ubi-minimal:latest...
Getting image source signatures
Checking if image destination supports signatures
Copying blob sha256:8af57f051b373375a1be8f892172089259ad624ed8452291226c539055e60228
Copying config sha256:659f819f47f8e8d2348bd9243d2ef17f39a9cc97ee1964b1cf1f83d428090213
Writing manifest to image destination
Storing signatures
[linux/amd64] [3/3] STEP 2/5: COPY --from=web-builder /opt/app-root/web/dist /opt/app-root/web/dist
--> Using cache 562c7ea3345302b8ef6fc2943bda1a1c1c75abf84d73e33605c136184ee812b1
--> 562c7ea33453
[linux/amd64] [3/3] STEP 3/5: COPY --from=go-builder /opt/app-root/plugin-backend /opt/app-root
--> Using cache ba7135a4566bb0d105956971c48471ef98c29ba5b4a3603658b230b9ea4912d5
--> ba7135a4566b
[linux/amd64] [3/3] STEP 4/5: COPY --from=go-builder /opt/app-root/config /opt/app-root/config
--> Using cache aa17dc863daf79b964dce86d610e6a70f4c3e46ee31376e87ba7578e63cabe0c
--> aa17dc863daf
[linux/amd64] [3/3] STEP 5/5: ENTRYPOINT ["/opt/app-root/plugin-backend", "-config-path", "/opt/app-root/config", "-static-path", "/opt/app-root/web/dist"]
--> Using cache c3814c49ffff9f45e3ff602ccc3bb19b25c5f69a131b606a2cde7080c61a89e7
--> c3814c49ffff
c3814c49ffff9f45e3ff602ccc3bb19b25c5f69a131b606a2cde7080c61a89e7
podman manifest push quay.io/rh-ee-emurasak/logging-view-plugin:v6.1.6
Getting image list signatures
Copying 2 images generated from 2 images in list
Copying image sha256:e3f90b74c8819f36b9e76253be805b34eb959e4549d255fe060026f3cb2cbd77 (1/2)
Getting image source signatures
Copying blob sha256:30b4a1f8a086cfab43634ac6ed33cee9a9b49182396c8b48f0240124fa0c49e9
Copying blob sha256:228d3d093b243661f2bbd4be6cc0e4a91af886b882ca37d67a2522d8dc67af93
Copying blob sha256:556409b12d2d9b2740a4fe024d46a818a1b383aeca467bd10b60060862cd5b7d
Copying blob sha256:b3ab2d005629ddb2d325924191d5141ff114bd2c325be75533fdd2b5c1d7e471
Copying config sha256:ba2d389e66fb4f305914658570b73ddd564fcd8b9111ca7e44e141071933a827
Writing manifest to image destination
Copying image sha256:1231ef7907a1c03cc0685f01aba831dc36af4091da6c2f7b53aaff2f2ca42391 (2/2)
Getting image source signatures
Copying blob sha256:4a44b910b3098a00f97c48f53b7d7e5e1952fdcfb2848df1b51f505e696eee36
Copying blob sha256:eb31fffb4653a560fe98f0cdf1563599483471410f682eef43f925913573d867
Copying blob sha256:070b9c077529f74fb57f1aca590ae842d3ce125154dbb0ed703b44401ac343c9
Copying blob sha256:59155cbb8408d5ceafe90f2ff42e9ece5e3135d09b3229ffc5c1aafc779f80c8
Copying config sha256:c3814c49ffff9f45e3ff602ccc3bb19b25c5f69a131b606a2cde7080c61a89e7
Writing manifest to image destination
Writing manifest list to image destination
Storing list signatures
==========================================
Building monitoring-plugin @ release-coo-ocp-4.15 with VERSION=v0.4.5 ORG=rh-ee-emurasak
==========================================
Switched to branch 'release-coo-ocp-4.15'
Your branch is up to date with 'origin/release-coo-ocp-4.15'.
From https://github.com/openshift/monitoring-plugin
 * branch            release-coo-ocp-4.15 -> FETCH_HEAD
Already up to date.
--- Attempt 1/3 ---
podman manifest rm quay.io/rh-ee-emurasak/monitoring-console-plugin:v0.4.5 || true
Untagged: quay.io/rh-ee-emurasak/monitoring-console-plugin:v0.4.5
Deleted: febe3f30651ead8e6a413b8900ff285f5382655af5e40a48ece967ae5b5d08b7
podman manifest create quay.io/rh-ee-emurasak/monitoring-console-plugin:v0.4.5
45a38bf8aaa3847c170f0dbc44914dbe8dc7b963778d9e14cdf71d535f51c0a6
podman build --platform linux/arm64,linux/amd64 --manifest quay.io/rh-ee-emurasak/monitoring-console-plugin:v0.4.5 -f Dockerfile.mcp
[linux/amd64] [1/3] STEP 1/11: FROM registry.redhat.io/ubi9/nodejs-22:latest AS web-builder
[linux/amd64] [1/3] STEP 2/11: USER 0
--> Using cache 6160bc7455908914f12008c8ab01d31e7ccf3f97a2ad71b6e09251568a26183b
--> 6160bc745590
[linux/amd64] [1/3] STEP 3/11: WORKDIR /opt/app-root
--> Using cache 117feb1b357dcf1b489e6b4f016f5a79994aa106690681668aff891098fc0342
--> 117feb1b357d
[linux/amd64] [1/3] STEP 4/11: ENV HUSKY=0
--> Using cache c81479492045000971aa0dc901f87450526524d9efc4fb3690c1b4856d8def6e
--> c81479492045
[linux/amd64] [1/3] STEP 5/11: COPY Makefile Makefile
--> Using cache ea373b320b37535a028e03b2f6cd176d9cbe51b741fa9b9e3a7c142103d98cf2
--> ea373b320b37
[linux/amd64] [1/3] STEP 6/11: COPY scripts/update-plugin-name.sh scripts/update-plugin-name.sh
--> Using cache 92aac39fb124c4370fa380bf856590519d09557d843c25cc4c110c069720f5a0
--> 92aac39fb124
[linux/amd64] [1/3] STEP 7/11: COPY web/ web/
--> Using cache cd2e36c646da9e2fa0ca191b83eb585180cd0401f7cb50a2777d2763b3755538
--> cd2e36c646da
[linux/amd64] [1/3] STEP 8/11: RUN make update-plugin-name
--> Using cache 8014aa23070c1d666556782d5bbfc8a4d50d42770b2b8936b0ba5e41fd96b115
--> 8014aa23070c
[linux/amd64] [1/3] STEP 9/11: ENV I18N_NAMESPACE="plugin__monitoring-console-plugin"
--> Using cache 1ecaae39540e9d3d8a61d526a3a0f18573be4f91fc2576a350c566b570b37abc
--> 1ecaae39540e
[linux/amd64] [1/3] STEP 10/11: RUN make install-frontend
--> Using cache d39ee89199031d3604eca318c8b6219a4c28a7c0a6f3a8f44e174f0581d96c2a
--> d39ee8919903
[linux/amd64] [1/3] STEP 11/11: RUN make build-frontend
--> Using cache fe914d828711e7c3c07208a9d7f82261c6f3d24ad272be390340e9cf91c5214d
--> fe914d828711
[linux/amd64] [2/3] STEP 1/9: FROM registry.access.redhat.com/ubi9/go-toolset:1.26 AS go-builder
[linux/amd64] [2/3] STEP 2/9: WORKDIR /opt/app-root
--> Using cache af1cfc364e02bbbe152a266e3b4e766d012ba8761df2219b036428533bcaa1d1
--> af1cfc364e02
[linux/amd64] [2/3] STEP 3/9: COPY Makefile Makefile
--> Using cache 8d721b36b71380ee6f00df887e724ad9609e6355e399b3d79918dd16839ff6b8
--> 8d721b36b713
[linux/amd64] [2/3] STEP 4/9: COPY go.mod go.mod
--> Using cache a54849dad88900388acf9753846b085d0e8bf4826d354151c26e52be7a366b63
--> a54849dad889
[linux/amd64] [2/3] STEP 5/9: COPY go.sum go.sum
--> Using cache 837283432de67ec53b23c89c35b8d2f3d05a66f52a080a3c3dc6a0556de0690c
--> 837283432de6
[linux/amd64] [2/3] STEP 6/9: RUN go mod download
--> Using cache d1b18853158bb03520e88adafb95f65b7f4538b34b8d3235e9ef9605cad795d8
--> d1b18853158b
[linux/amd64] [2/3] STEP 7/9: COPY cmd/ cmd/
--> Using cache 1a51e622f75dc34e601c747e1c568462c7fdfb02f3618c0dfb8359faa9d59b8b
--> 1a51e622f75d
[linux/amd64] [2/3] STEP 8/9: COPY pkg/ pkg/
--> Using cache 850d0e69ea48e074db04930b4eb0146370c56b8a5d31cf34b2b48150b7f26326
--> 850d0e69ea48
[linux/amd64] [2/3] STEP 9/9: RUN go build -mod=mod -o plugin-backend cmd/plugin-backend.go
--> Using cache 78df4dee32216dc43b2cd06d66312891af9e6c8e55347dd0e0558c11838d1711
--> 78df4dee3221
[linux/arm64] [1/3] STEP 1/11: FROM registry.redhat.io/ubi9/nodejs-22:latest AS web-builder
Trying to pull registry.redhat.io/ubi9/nodejs-22:latest...
Getting image source signatures
Checking if image destination supports signatures
Copying blob sha256:9646992efe070a3bd6c556d5bfd825b8ffbc51f371288f7eb152d2d852939056
Copying blob sha256:f00a3ea30fea862d594c88740f011c234eb0b745138910c83abb92b28517593d
Copying blob sha256:9f54e374b06db8429b62d91af166f6a7caa34095b474b38a6853f75e9501072e
Copying config sha256:404bfb706f719cb0fdb063441e6c5404e5ce5228389a38c0ab4dda7570ece9f6
Writing manifest to image destination
Storing signatures
[linux/arm64] [1/3] STEP 2/11: USER 0
--> Using cache f15023fd50daf227c792a29ef71681834c2a801738577c1490c3822a5a48032f
--> f15023fd50da
[linux/arm64] [1/3] STEP 3/11: WORKDIR /opt/app-root
--> Using cache 5c0c88494e0fbd3daafae39b55f13e70551f325f3f5cb9ea59a3fd12c477d5c7
--> 5c0c88494e0f
[linux/arm64] [1/3] STEP 4/11: ENV HUSKY=0
--> Using cache ccc72ffa47f9820b4dbbda7945e43877c8c7d2cdb0f9a87329106f5a84820663
--> ccc72ffa47f9
[linux/arm64] [1/3] STEP 5/11: COPY Makefile Makefile
--> Using cache 2960727a627c29f5a43b5119fbe19001fc198673832d380ebe4e68a408544da1
--> 2960727a627c
[linux/arm64] [1/3] STEP 6/11: COPY scripts/update-plugin-name.sh scripts/update-plugin-name.sh
--> Using cache 6a45d32abeceb388870250e25811d6630a474f1f977b5ca3d0f87031293d102c
--> 6a45d32abece
[linux/arm64] [1/3] STEP 7/11: COPY web/ web/
--> Using cache 808a81942c4e0f07df8e4adb501820e0ddc615a8bd014c3978bc532b2b3f67aa
--> 808a81942c4e
[linux/arm64] [1/3] STEP 8/11: RUN make update-plugin-name
--> Using cache 4ec4168abbcd9aac7595a5b624b8f8dd697505c2cb4158a1780b23ad4ec58b4e
--> 4ec4168abbcd
[linux/arm64] [1/3] STEP 9/11: ENV I18N_NAMESPACE="plugin__monitoring-console-plugin"
--> Using cache 2296da350bc96a56a2b87de0c95901ec40f884108fddde1c2a82e878c0557083
--> 2296da350bc9
[linux/arm64] [1/3] STEP 10/11: RUN make install-frontend
--> Using cache 8d4f3dd4213ab0204b5fa0fcf5a473ba9345e07b6a4f009bed2643d8e3bd3674
--> 8d4f3dd4213a
[linux/arm64] [1/3] STEP 11/11: RUN make build-frontend
--> Using cache ad6c6b5b7a48d6a05f168b7ab47d35f773304b3201a3ff8b104c6bb83effd42b
--> ad6c6b5b7a48
[linux/amd64] [3/3] STEP 1/7: FROM registry.access.redhat.com/ubi9/ubi-minimal
[linux/amd64] [3/3] STEP 2/7: USER 1001
--> Using cache 60e9912268b7aaeae89f000f7e70e7e9f10d57c5bd21c9a9241ba6b30c5cad62
--> 60e9912268b7
[linux/amd64] [3/3] STEP 3/7: COPY --from=web-builder /opt/app-root/web/dist /opt/app-root/web/dist
--> Using cache c67c26a8413c4bad1b828661e5e3f5d70d4ab0025459c6f26647c368887c9257
--> c67c26a8413c
[linux/amd64] [3/3] STEP 4/7: COPY --from=web-builder /opt/app-root/web/package.json /opt/app-root/web/package.json
--> Using cache b9c2cd3d61bc502869a3f1b3119b9962b56e9ab8b164aa0e794277cdfcc7b15f
--> b9c2cd3d61bc
[linux/amd64] [3/3] STEP 5/7: COPY --from=go-builder /opt/app-root/plugin-backend /opt/app-root
--> Using cache 6fc4738ee45925681ed88341cb26ccd4e895072fe040ee9f90d3675b2ad3d0aa
--> 6fc4738ee459
[linux/amd64] [3/3] STEP 6/7: COPY config/ /opt/app-root/config
--> Using cache dcaa0c7d5f1381871f69ee1984c3d11b342e43f961a14ee478b5a1ca8ed50827
--> dcaa0c7d5f13
[linux/amd64] [3/3] STEP 7/7: ENTRYPOINT ["/opt/app-root/plugin-backend", "-static-path", "/opt/app-root/web/dist", "-config-path", "/opt/app-root/config"]
--> Using cache a4e8c9dc2075231ab5e5d2d9ff2482d5f70a12b4b15e3759382e7f303d876db2
--> a4e8c9dc2075
[linux/arm64] [2/3] STEP 1/9: FROM registry.access.redhat.com/ubi9/go-toolset:1.26 AS go-builder
a4e8c9dc2075231ab5e5d2d9ff2482d5f70a12b4b15e3759382e7f303d876db2
Trying to pull registry.access.redhat.com/ubi9/go-toolset:1.26...
Getting image source signatures
Checking if image destination supports signatures
Copying blob sha256:45930d601c4202f8f62b21cd0a99019c00cd0af6e243187962defb645a49ab77
Copying blob sha256:9f54e374b06db8429b62d91af166f6a7caa34095b474b38a6853f75e9501072e
Copying blob sha256:f00a3ea30fea862d594c88740f011c234eb0b745138910c83abb92b28517593d
Copying blob sha256:45e8f34021ec53e3f4034c0aa42f88f43d2c6a70db6bcbe4da9c885fec121ca7
Copying config sha256:1b04da50b8a1a4d73cbc62e9438485bbb1219c003b0fef077d227b77d3fa7fb5
Writing manifest to image destination
Storing signatures
[linux/arm64] [2/3] STEP 2/9: WORKDIR /opt/app-root
--> Using cache a05232a4028fedcbdc5858a48a003ce3f0eaa6f7f55bf759968c0186ab9fecd0
--> a05232a4028f
[linux/arm64] [2/3] STEP 3/9: COPY Makefile Makefile
--> Using cache f0485a2f6b82000df4e76ab38dfeac6e68b577fc77b786c0904cf403b4c017bc
--> f0485a2f6b82
[linux/arm64] [2/3] STEP 4/9: COPY go.mod go.mod
--> Using cache 054b824af404854ff38603b5faceab2b017b91b30db2817e38932e9278cdbb88
--> 054b824af404
[linux/arm64] [2/3] STEP 5/9: COPY go.sum go.sum
--> Using cache aaff5870ddd0b4186bda0ae51aa01532734ebc4407ff95c1ada5ef0e83a33383
--> aaff5870ddd0
[linux/arm64] [2/3] STEP 6/9: RUN go mod download
--> Using cache 04b3798fd7eb58d553ffd106a257de8fde071be48fbadd509a2cceb9fe658ffd
--> 04b3798fd7eb
[linux/arm64] [2/3] STEP 7/9: COPY cmd/ cmd/
--> Using cache 6d9b74106d568be63d31c826562eb44c75a2c76e833e75f7da6d77c18d4600a1
--> 6d9b74106d56
[linux/arm64] [2/3] STEP 8/9: COPY pkg/ pkg/
--> Using cache e47b934cd5857c26e14c9247ea02d4e2ff5c74d7668773c3bbd8abda41471b33
--> e47b934cd585
[linux/arm64] [2/3] STEP 9/9: RUN go build -mod=mod -o plugin-backend cmd/plugin-backend.go
--> Using cache f3a55575203b91721ce4417d72db9cb4546715cc7bd73fbe1a8a8b0052a6064a
--> f3a55575203b
[linux/arm64] [3/3] STEP 1/7: FROM registry.access.redhat.com/ubi9/ubi-minimal
Trying to pull registry.access.redhat.com/ubi9/ubi-minimal:latest...
Getting image source signatures
Checking if image destination supports signatures
Copying blob sha256:96c16ad0505847764761c5c4d0a82cd8a619f3e93c57f6a4b081cb9d4d0dd3e7
Copying config sha256:dc66a34eca2d77aebb3d6349e06bbb118c0571f172e297eea776d8aa352899e7
Writing manifest to image destination
Storing signatures
[linux/arm64] [3/3] STEP 2/7: USER 1001
--> Using cache 60311acada0b164cea1f0606a6a604b93e8785f366c81e987220e3a03efb6cd6
--> 60311acada0b
[linux/arm64] [3/3] STEP 3/7: COPY --from=web-builder /opt/app-root/web/dist /opt/app-root/web/dist
--> Using cache b62ccd72d1834f3509fb6474f95d28ff0ca2e644f8f68fe4f4602ff4a336e607
--> b62ccd72d183
[linux/arm64] [3/3] STEP 4/7: COPY --from=web-builder /opt/app-root/web/package.json /opt/app-root/web/package.json
--> Using cache b0627e62f7930c701d56fce49d042b6f7b7c565332f2260860b4af30135937e1
--> b0627e62f793
[linux/arm64] [3/3] STEP 5/7: COPY --from=go-builder /opt/app-root/plugin-backend /opt/app-root
--> Using cache 13d210338b70b1e37ce5b41d727215d039f8799e9d115f30f53aca2dbd74941c
--> 13d210338b70
[linux/arm64] [3/3] STEP 6/7: COPY config/ /opt/app-root/config
--> Using cache 47080e60400aa24206b6dfe0f467634f530a52e22f0a6a328fd8127481e6b86b
--> 47080e60400a
[linux/arm64] [3/3] STEP 7/7: ENTRYPOINT ["/opt/app-root/plugin-backend", "-static-path", "/opt/app-root/web/dist", "-config-path", "/opt/app-root/config"]
--> Using cache 504a6170d043ec6dd3f3cbe98625a7f893363e212118425bdbfd164e1837659d
--> 504a6170d043
504a6170d043ec6dd3f3cbe98625a7f893363e212118425bdbfd164e1837659d
podman manifest push quay.io/rh-ee-emurasak/monitoring-console-plugin:v0.4.5
Getting image list signatures
Copying 2 images generated from 2 images in list
Copying image sha256:c966703739f7dccdebf1d589f73ad8af80cd3e69d3473c650d484a9848881c0a (1/2)
Getting image source signatures
Copying blob sha256:9c843137d6dbefb807610acdad7e0672d419ba4a6b56057f4b36408e6433cedd
Copying blob sha256:eb31fffb4653a560fe98f0cdf1563599483471410f682eef43f925913573d867
Copying blob sha256:284a0ce2ab0c2ea1b5cb61d4392a2d1ade3e8becc098e1e2ff34e548f9a6a70c
Copying blob sha256:858d59fabcfbb1b72ac6b81b9ed0f0b34de2194711066cd22ff3bfa504d5f263
Copying blob sha256:32d1d71c5087382117c2060a8bb583bc014d37e50f89ad3d683a5a0453783ffb
Copying config sha256:a4e8c9dc2075231ab5e5d2d9ff2482d5f70a12b4b15e3759382e7f303d876db2
Writing manifest to image destination
Copying image sha256:77bd309f81b2d48246b652def3a802c4173a62af117d9f5959a641bca1437d9a (2/2)
Getting image source signatures
Copying blob sha256:554f12c56a8dacce685353def92780eeb31d720f4878f3bb4b1a42774245d36d
Copying blob sha256:228d3d093b243661f2bbd4be6cc0e4a91af886b882ca37d67a2522d8dc67af93
Copying blob sha256:f7c0167f0f3a5b2b5a9bf34c918b480f995d3607294e5e2171d07d699121e410
Copying blob sha256:a306d3ac859dede156939eb6e41756e3c26075adaf747b89a75764084974dce8
Copying blob sha256:3ff870a7c383abc3e42722314175c6b0624363412f5b2571442499c8c93e7951
Copying config sha256:504a6170d043ec6dd3f3cbe98625a7f893363e212118425bdbfd164e1837659d
Writing manifest to image destination
Writing manifest list to image destination
Storing list signatures
==========================================
Building distributed-tracing-console-plugin @ release-coo-ocp-4.19 with VERSION=v1.0.3 ORG=rh-ee-emurasak
==========================================
Switched to branch 'release-coo-ocp-4.19'
Your branch is up to date with 'origin/release-coo-ocp-4.19'.
From https://github.com/openshift/distributed-tracing-console-plugin
 * branch            release-coo-ocp-4.19 -> FETCH_HEAD
Already up to date.
--- Attempt 1/3 ---
podman manifest rm quay.io/rh-ee-emurasak/distributed-tracing-console-plugin:v1.0.3 || true
Untagged: quay.io/rh-ee-emurasak/distributed-tracing-console-plugin:v1.0.3
Deleted: 279ccb44f6fb80612d01a201c8011877a06057fa2dc3188405a2298ab7d6f542
podman manifest create quay.io/rh-ee-emurasak/distributed-tracing-console-plugin:v1.0.3
50a8d5eb13dfcd6c3e291e1fcc2d1d007f8a36d5cb006b34194f253ce10161d1
podman build --platform=linux/arm64,linux/amd64 --manifest quay.io/rh-ee-emurasak/distributed-tracing-console-plugin:v1.0.3 -f Dockerfile
[linux/amd64] [1/3] STEP 1/8: FROM registry.redhat.io/ubi9/nodejs-22:latest AS web-builder
Trying to pull registry.redhat.io/ubi9/nodejs-22:latest...
Getting image source signatures
Checking if image destination supports signatures
Copying blob sha256:282d0d24d7fbf867c5fcf0074ef814120603d793df3c6b07803f4fe4f13e8364
Copying blob sha256:a65b1d5fa71f2275b83830542c74d937ba4151138631910bd375d577f8ceeed8
Copying blob sha256:7e1f79224b0668cff86172f85305621504ef2f1a15768b9ed272ea1f1a0e4e4d
Copying config sha256:0ccc4acadf8fe652aee3bd1e9b848aa1ddb72cc4db9269dc719a72a71892e157
Writing manifest to image destination
Storing signatures
[linux/amd64] [1/3] STEP 2/8: WORKDIR /opt/app-root
--> Using cache 25f952364c18dec697621ccdf03fe10655339de2dbbbf27c4486edb5a1c24341
--> 25f952364c18
[linux/amd64] [1/3] STEP 3/8: USER 0
--> Using cache 7b8705aab315b50a437e2e7c2f502baa54d72938a85870d51e91af51dabda800
--> 7b8705aab315
[linux/amd64] [1/3] STEP 4/8: COPY web/package*.json web/
--> Using cache 8c3daa4aa60a7e07e2a243317aacd375ad566bd5bbdd27a6057cb02c3419aa84
--> 8c3daa4aa60a
[linux/amd64] [1/3] STEP 5/8: COPY Makefile Makefile
--> Using cache caffff5840abd0b86d9c90a45312affce682422a2bca8b3b3e2b029083f37fac
--> caffff5840ab
[linux/amd64] [1/3] STEP 6/8: RUN make install-frontend-ci-clean
--> Using cache 31e646063024364f59136c60024a719fe5a758c62651f1e49f377828277c5219
--> 31e646063024
[linux/amd64] [1/3] STEP 7/8: COPY web/ web/
--> Using cache 9e9a265fd1c8564ed8cbf530934e148909b77b6c261af954ac7f77b0068e59af
--> 9e9a265fd1c8
[linux/amd64] [1/3] STEP 8/8: RUN make build-frontend
--> Using cache 93cfbfa839cbbbf2c43bbaa8f8acf2311f1e4ec7e2726d4b6dc140de5ba25f67
--> 93cfbfa839cb
[linux/arm64] [1/3] STEP 1/8: FROM registry.redhat.io/ubi9/nodejs-22:latest AS web-builder
Trying to pull registry.redhat.io/ubi9/nodejs-22:latest...
Getting image source signatures
Checking if image destination supports signatures
Copying blob sha256:9646992efe070a3bd6c556d5bfd825b8ffbc51f371288f7eb152d2d852939056
Copying blob sha256:f00a3ea30fea862d594c88740f011c234eb0b745138910c83abb92b28517593d
Copying blob sha256:9f54e374b06db8429b62d91af166f6a7caa34095b474b38a6853f75e9501072e
Copying config sha256:404bfb706f719cb0fdb063441e6c5404e5ce5228389a38c0ab4dda7570ece9f6
Writing manifest to image destination
Storing signatures
[linux/arm64] [1/3] STEP 2/8: WORKDIR /opt/app-root
--> Using cache 8d7f4d666d8b2966000dfdbddaf0f201f102b80d182b42918646bca008497d32
--> 8d7f4d666d8b
[linux/arm64] [1/3] STEP 3/8: USER 0
--> Using cache ab40718f6d3d3469511e8bdb5e14133d0b8570fbf01d414c2b0398600f6e9b81
--> ab40718f6d3d
[linux/arm64] [1/3] STEP 4/8: COPY web/package*.json web/
--> Using cache c44bfc83e79a8ac79c25bcc32d7291ae8b2bd10706f9b67f7a8fef68736a6a7a
--> c44bfc83e79a
[linux/arm64] [1/3] STEP 5/8: COPY Makefile Makefile
--> Using cache 6d8448b316ccffafaac2b78d8ed0b1624222f13b2850341475d82b91e35f5d28
--> 6d8448b316cc
[linux/arm64] [1/3] STEP 6/8: RUN make install-frontend-ci-clean
--> Using cache 9613d457e86c684c7d94f5ab04b7cf34a3a3a87ecf00dc0adc607e63d0bd7d18
--> 9613d457e86c
[linux/arm64] [1/3] STEP 7/8: COPY web/ web/
--> Using cache 4aecae04c687eaaa2cf3fe1667b7e79a2247bbd65737a9435a7b20c389541de1
--> 4aecae04c687
[linux/arm64] [1/3] STEP 8/8: RUN make build-frontend
--> Using cache c7a5e08bc3dd2e997d13f6f14e880d07eaef45140467aca5991528eb42c69e76
--> c7a5e08bc3dd
[linux/amd64] [2/3] STEP 1/11: FROM registry.access.redhat.com/ubi9/go-toolset:1.26 AS go-builder
Trying to pull registry.access.redhat.com/ubi9/go-toolset:1.26...
Getting image source signatures
Checking if image destination supports signatures
Copying blob sha256:d42ebadf4fab39879420f670effc5339dbb3a965f10cfc9e893812a82359ca96
Copying blob sha256:e9032009b40b3fd04712dfd72a34308c80cfcbc96e34411b01d746a758eb327f
Copying blob sha256:7e1f79224b0668cff86172f85305621504ef2f1a15768b9ed272ea1f1a0e4e4d
Copying blob sha256:a65b1d5fa71f2275b83830542c74d937ba4151138631910bd375d577f8ceeed8
Copying config sha256:4503554399b4b9c5265bafc26dfb5eea1cce8ae46cc8d424457c10ecfa1814df
Writing manifest to image destination
Storing signatures
[linux/amd64] [2/3] STEP 2/11: WORKDIR /opt/app-root
--> Using cache af1cfc364e02bbbe152a266e3b4e766d012ba8761df2219b036428533bcaa1d1
--> af1cfc364e02
[linux/amd64] [2/3] STEP 3/11: COPY Makefile Makefile
--> Using cache 4e9cce7ee01fa7c70afb2d7feeebfe323d30672cd190195818dbe76c523f4178
--> 4e9cce7ee01f
[linux/amd64] [2/3] STEP 4/11: COPY go.mod go.mod
--> Using cache 6a042442702c03624656bb584e8ce949e35adbd8288299d40a1be070dc247b74
--> 6a042442702c
[linux/amd64] [2/3] STEP 5/11: COPY go.sum go.sum
--> Using cache 566dc53acfd80757a9ed0e8a2b255d7281b1f29f644b5e8fe2a6d563e22de832
--> 566dc53acfd8
[linux/amd64] [2/3] STEP 6/11: RUN go mod download
--> Using cache 4b5880c5c9dfdcc55739e69d23100d8e7124b91b55f81fc3fb91fb593408d5a4
--> 4b5880c5c9df
[linux/amd64] [2/3] STEP 7/11: COPY cmd/ cmd/
--> Using cache 7667c2b4f49333ebb49a4cba1417766c3d4d2db75af04e5595b9c86e7355a89f
--> 7667c2b4f493
[linux/amd64] [2/3] STEP 8/11: COPY pkg/ pkg/
--> Using cache 363a13fb727734a782162017590d547bc61031a6fd33cc09249d2ed0220ccc25
--> 363a13fb7277
[linux/amd64] [2/3] STEP 9/11: ENV GOEXPERIMENT=strictfipsruntime
--> Using cache 2a5765e395a64be6ecbe067e5a4f70906a5864bd9881943f6aaf9148ae5fd123
--> 2a5765e395a6
[linux/amd64] [2/3] STEP 10/11: ENV CGO_ENABLED=1
--> Using cache b0726b582707dcb30f71ec92d6dd0c9b1fa446fd3fd45818f0ef0eeab663771f
--> b0726b582707
[linux/amd64] [2/3] STEP 11/11: RUN make build-backend BUILD_OPTS="-tags strictfipsruntime"
--> Using cache 3b315463a446fbe70d71cd7b7f917f90a821d6a91db9ea144595a79a53dce9bf
--> 3b315463a446
[linux/arm64] [2/3] STEP 1/11: FROM registry.access.redhat.com/ubi9/go-toolset:1.26 AS go-builder
Trying to pull registry.access.redhat.com/ubi9/go-toolset:1.26...
Getting image source signatures
Checking if image destination supports signatures
Copying blob sha256:45930d601c4202f8f62b21cd0a99019c00cd0af6e243187962defb645a49ab77
Copying blob sha256:f00a3ea30fea862d594c88740f011c234eb0b745138910c83abb92b28517593d
Copying blob sha256:9f54e374b06db8429b62d91af166f6a7caa34095b474b38a6853f75e9501072e
Copying blob sha256:45e8f34021ec53e3f4034c0aa42f88f43d2c6a70db6bcbe4da9c885fec121ca7
Copying config sha256:1b04da50b8a1a4d73cbc62e9438485bbb1219c003b0fef077d227b77d3fa7fb5
Writing manifest to image destination
Storing signatures
[linux/arm64] [2/3] STEP 2/11: WORKDIR /opt/app-root
--> Using cache a05232a4028fedcbdc5858a48a003ce3f0eaa6f7f55bf759968c0186ab9fecd0
--> a05232a4028f
[linux/arm64] [2/3] STEP 3/11: COPY Makefile Makefile
--> Using cache 35cc516cd1e235a66ef91e01b28dc9486da5f5666aa9729546034de8a103113b
--> 35cc516cd1e2
[linux/arm64] [2/3] STEP 4/11: COPY go.mod go.mod
--> Using cache 42bc49d94148d46294e814a66160ab8a6b34bf133d2e5fadcbd1016803b94eb9
--> 42bc49d94148
[linux/arm64] [2/3] STEP 5/11: COPY go.sum go.sum
--> Using cache 4f2b43e3e69dc2683aa5b8c4b3d8ed44ac9a087c1b9ddc0f15af89a90748efb3
--> 4f2b43e3e69d
[linux/arm64] [2/3] STEP 6/11: RUN go mod download
--> Using cache 205d498dd305e5375167da197d1859eff106bc8639555107d392157de5e6342d
--> 205d498dd305
[linux/arm64] [2/3] STEP 7/11: COPY cmd/ cmd/
--> Using cache f93429f88f68d3cb3135012ed6c5cff3ad437b276f28f0b7bb8a80d2761a870b
--> f93429f88f68
[linux/arm64] [2/3] STEP 8/11: COPY pkg/ pkg/
--> Using cache 41ab5215094ec7531e99647a05ed09a873cd04c60066984b6644f824df2274ee
--> 41ab5215094e
[linux/arm64] [2/3] STEP 9/11: ENV GOEXPERIMENT=strictfipsruntime
--> Using cache 5504d1ec040a0f9bacdc0675838534787c18d36d369bddb917c9deca95c174b6
--> 5504d1ec040a
[linux/arm64] [2/3] STEP 10/11: ENV CGO_ENABLED=1
--> Using cache 8dcc3b0ab9aa5e144ec9f82a07c44199edf643550221afeb92efd1425df33cca
--> 8dcc3b0ab9aa
[linux/arm64] [2/3] STEP 11/11: RUN make build-backend BUILD_OPTS="-tags strictfipsruntime"
--> Using cache 1c102131787a95d46d7abc101bb4d0b29c061a65b7babcfbf345543c7e4bd5d7
--> 1c102131787a
[linux/amd64] [3/3] STEP 1/4: FROM registry.access.redhat.com/ubi9/ubi-minimal
Trying to pull registry.access.redhat.com/ubi9/ubi-minimal:latest...
Getting image source signatures
Checking if image destination supports signatures
Copying blob sha256:8af57f051b373375a1be8f892172089259ad624ed8452291226c539055e60228
Copying config sha256:659f819f47f8e8d2348bd9243d2ef17f39a9cc97ee1964b1cf1f83d428090213
Writing manifest to image destination
Storing signatures
[linux/amd64] [3/3] STEP 2/4: COPY --from=web-builder /opt/app-root/web/dist /opt/app-root/web/dist
--> Using cache 5f4580a16f93c0d8b983a305a9eb9fe3742eab03e47506da258afdd5cbd2048f
--> 5f4580a16f93
[linux/amd64] [3/3] STEP 3/4: COPY --from=go-builder /opt/app-root/plugin-backend /opt/app-root
--> Using cache a06fcfff60bd945c62efe505eb30bac5bbc9fd92d406fa71ae7de437e6b5f357
--> a06fcfff60bd
[linux/amd64] [3/3] STEP 4/4: ENTRYPOINT ["/opt/app-root/plugin-backend", "-static-path", "/opt/app-root/web/dist", "-config-path", "/opt/app-root/web/dist"]
--> Using cache b4813fe13ce8a42daa831570a4aea89d121ba539e506475b43d6ea651187ad88
--> b4813fe13ce8
[linux/arm64] [3/3] STEP 1/4: FROM registry.access.redhat.com/ubi9/ubi-minimal
b4813fe13ce8a42daa831570a4aea89d121ba539e506475b43d6ea651187ad88
Trying to pull registry.access.redhat.com/ubi9/ubi-minimal:latest...
Getting image source signatures
Checking if image destination supports signatures
Copying blob sha256:96c16ad0505847764761c5c4d0a82cd8a619f3e93c57f6a4b081cb9d4d0dd3e7
Copying config sha256:dc66a34eca2d77aebb3d6349e06bbb118c0571f172e297eea776d8aa352899e7
Writing manifest to image destination
Storing signatures
[linux/arm64] [3/3] STEP 2/4: COPY --from=web-builder /opt/app-root/web/dist /opt/app-root/web/dist
--> Using cache 3a566cda3990a97b6ed8488a82caca98eb14127294e4c169294414dc25b216a0
--> 3a566cda3990
[linux/arm64] [3/3] STEP 3/4: COPY --from=go-builder /opt/app-root/plugin-backend /opt/app-root
--> Using cache 54ea1cc7199bf2a7de60ecbcfe51e0939a28e90285c8e0099107f220ce2a9be5
--> 54ea1cc7199b
[linux/arm64] [3/3] STEP 4/4: ENTRYPOINT ["/opt/app-root/plugin-backend", "-static-path", "/opt/app-root/web/dist", "-config-path", "/opt/app-root/web/dist"]
--> Using cache 6a606c6e4f456195ea0ae54c01f7a3d996af097897170087791d210ecc1a73bd
--> 6a606c6e4f45
6a606c6e4f456195ea0ae54c01f7a3d996af097897170087791d210ecc1a73bd
podman manifest push quay.io/rh-ee-emurasak/distributed-tracing-console-plugin:v1.0.3
Getting image list signatures
Copying 2 images generated from 2 images in list
Copying image sha256:cec7877a47a6467315845fd106aaade723ff443e25bdef53430267502712d8af (1/2)
Getting image source signatures
Copying blob sha256:78498703f0e5c55704b5dc6a7d5599672013a169074313fb9681dde868c53d16
Copying blob sha256:eb31fffb4653a560fe98f0cdf1563599483471410f682eef43f925913573d867
Copying blob sha256:cce12dfa7754f20c982dd29d5e86fcfbe0009a304affdf24cc1885b44c9f8613
Copying config sha256:b4813fe13ce8a42daa831570a4aea89d121ba539e506475b43d6ea651187ad88
Writing manifest to image destination
Copying image sha256:40ee8c25fcd765f2d7366e99f27e50fc4e40a6f592e74c14bd71f3daa85bc81d (2/2)
Getting image source signatures
Copying blob sha256:434d9d031a838ca410c0173fd7f434495853ac39f4256678ef0f42ca2eed6417
Copying blob sha256:228d3d093b243661f2bbd4be6cc0e4a91af886b882ca37d67a2522d8dc67af93
Copying blob sha256:313ac0dd82ce1d970244659ad4347fd8116d5614af5ae163e99d5adb900fecaa
Copying config sha256:6a606c6e4f456195ea0ae54c01f7a3d996af097897170087791d210ecc1a73bd
Writing manifest to image destination
Writing manifest list to image destination
Storing list signatures
==========================================
Building troubleshooting-panel-console-plugin @ release-coo-ocp-4.19 with VERSION=v0.4.5 ORG=rh-ee-emurasak
==========================================
Already on 'release-coo-ocp-4.19'
Your branch is up to date with 'origin/release-coo-ocp-4.19'.
From https://github.com/openshift/troubleshooting-panel-console-plugin
 * branch            release-coo-ocp-4.19 -> FETCH_HEAD
Already up to date.
--- Attempt 1/3 ---
podman manifest rm quay.io/rh-ee-emurasak/troubleshooting-panel-console-plugin:v0.4.5 || true
Untagged: quay.io/rh-ee-emurasak/troubleshooting-panel-console-plugin:v0.4.5
Deleted: 015f7c907ba8b93e9a5107b09b421a91b4aedb0c569335bfc1ba8291586593cf
podman manifest create quay.io/rh-ee-emurasak/troubleshooting-panel-console-plugin:v0.4.5
db66c24e070218fdc86b640acaa0b69daa877bb6764ebf3e039b59948be80e62
podman build --platform=linux/arm64,linux/amd64 --manifest quay.io/rh-ee-emurasak/troubleshooting-panel-console-plugin:v0.4.5 -f Dockerfile
[linux/amd64] [1/3] STEP 1/8: FROM registry.access.redhat.com/ubi9/nodejs-22:latest AS web-builder
Trying to pull registry.access.redhat.com/ubi9/nodejs-22:latest...
Getting image source signatures
Checking if image destination supports signatures
Copying blob sha256:a65b1d5fa71f2275b83830542c74d937ba4151138631910bd375d577f8ceeed8
Copying blob sha256:282d0d24d7fbf867c5fcf0074ef814120603d793df3c6b07803f4fe4f13e8364
Copying blob sha256:7e1f79224b0668cff86172f85305621504ef2f1a15768b9ed272ea1f1a0e4e4d
Copying config sha256:0ccc4acadf8fe652aee3bd1e9b848aa1ddb72cc4db9269dc719a72a71892e157
Writing manifest to image destination
Storing signatures
[linux/amd64] [1/3] STEP 2/8: WORKDIR /opt/app-root
--> Using cache 25f952364c18dec697621ccdf03fe10655339de2dbbbf27c4486edb5a1c24341
--> 25f952364c18
[linux/amd64] [1/3] STEP 3/8: USER 0
--> Using cache 7b8705aab315b50a437e2e7c2f502baa54d72938a85870d51e91af51dabda800
--> 7b8705aab315
[linux/amd64] [1/3] STEP 4/8: COPY web/package*.json web/
--> Using cache c06d4374480f22c35d74bda81e139562d9c06b50f1bcc7e11472d226e28b6605
--> c06d4374480f
[linux/amd64] [1/3] STEP 5/8: COPY Makefile Makefile
--> Using cache ec83df97001cd0f26fc6c04ef0d75701186ef7d9c22349ca51f32d3a1b5f27e4
--> ec83df97001c
[linux/amd64] [1/3] STEP 6/8: RUN make install-frontend
--> Using cache 84c7aef9dae810c70cfdd707961cb6b5f3969cac630bf1a5011a970cda2c93a8
--> 84c7aef9dae8
[linux/amd64] [1/3] STEP 7/8: COPY web/ web/
--> Using cache 6b1da14006a26069aecbd6dc5c1f6eb9f9b810abd031726b5c851724eba6eac3
--> 6b1da14006a2
[linux/amd64] [1/3] STEP 8/8: RUN make build-frontend
--> Using cache ee96dee6bd54ecb9c9e3797f53f0d97edb5f99dd679a750b3d4c825e2af5a514
--> ee96dee6bd54
[linux/amd64] [2/3] STEP 1/11: FROM registry.access.redhat.com/ubi9/go-toolset:1.26 AS go-builder
Trying to pull registry.access.redhat.com/ubi9/go-toolset:1.26...
Getting image source signatures
Checking if image destination supports signatures
Copying blob sha256:d42ebadf4fab39879420f670effc5339dbb3a965f10cfc9e893812a82359ca96
Copying blob sha256:7e1f79224b0668cff86172f85305621504ef2f1a15768b9ed272ea1f1a0e4e4d
Copying blob sha256:a65b1d5fa71f2275b83830542c74d937ba4151138631910bd375d577f8ceeed8
Copying blob sha256:e9032009b40b3fd04712dfd72a34308c80cfcbc96e34411b01d746a758eb327f
Copying config sha256:4503554399b4b9c5265bafc26dfb5eea1cce8ae46cc8d424457c10ecfa1814df
Writing manifest to image destination
Storing signatures
[linux/amd64] [2/3] STEP 2/11: WORKDIR /opt/app-root
--> Using cache af1cfc364e02bbbe152a266e3b4e766d012ba8761df2219b036428533bcaa1d1
--> af1cfc364e02
[linux/amd64] [2/3] STEP 3/11: COPY Makefile Makefile
--> Using cache f6a7d4678d008610b98f24d35cc88195f8850b4c60842750d7d3b9ebd97fde6f
--> f6a7d4678d00
[linux/amd64] [2/3] STEP 4/11: COPY go.mod go.mod
--> Using cache ef171e271f808ffe8788d0b221d4d749a5945d0e49a4d07a161eb8c0548b6d19
--> ef171e271f80
[linux/amd64] [2/3] STEP 5/11: COPY go.sum go.sum
--> Using cache a654dba711825ad76e33af8617951466db26a3b3302f73a0987bcf356d9417bd
--> a654dba71182
[linux/amd64] [2/3] STEP 6/11: RUN go mod download
--> Using cache 8b0c96880b800d66efa65f1025e8978b20b06648eb7dc62d0c4638c5f20ed1cc
--> 8b0c96880b80
[linux/amd64] [2/3] STEP 7/11: COPY cmd/ cmd/
--> Using cache a34e1e53739455d4a0edbde3eec8051e0b3a5dd49a0cd10fbffc8270ee4875bd
--> a34e1e537394
[linux/amd64] [2/3] STEP 8/11: COPY pkg/ pkg/
--> Using cache 7d84423f577a68e4bd9f229baddd8580d1bac76307de09aeff2f8642c8d20a7d
--> 7d84423f577a
[linux/amd64] [2/3] STEP 9/11: ENV GOEXPERIMENT=strictfipsruntime
--> Using cache 4c080ffbeb620cdb0d83d4db8f1e233ffd9437213bd2d139fa12257a495a44ee
--> 4c080ffbeb62
[linux/amd64] [2/3] STEP 10/11: ENV CGO_ENABLED=1
--> Using cache 748d4fb28b67f10da7f5a46c99d4929a47392d9613418b66a385dec775b68a0d
--> 748d4fb28b67
[linux/amd64] [2/3] STEP 11/11: RUN make build-backend BUILD_OPTS="-tags strictfipsruntime"
--> Using cache 0cfd810ece34128d6e017c758bb2f80b20cb2efa86f16480ce92f27fa6f3d6ef
--> 0cfd810ece34
[linux/arm64] [1/3] STEP 1/8: FROM registry.access.redhat.com/ubi9/nodejs-22:latest AS web-builder
Trying to pull registry.access.redhat.com/ubi9/nodejs-22:latest...
Getting image source signatures
Checking if image destination supports signatures
Copying blob sha256:9646992efe070a3bd6c556d5bfd825b8ffbc51f371288f7eb152d2d852939056
Copying blob sha256:f00a3ea30fea862d594c88740f011c234eb0b745138910c83abb92b28517593d
Copying blob sha256:9f54e374b06db8429b62d91af166f6a7caa34095b474b38a6853f75e9501072e
Copying config sha256:404bfb706f719cb0fdb063441e6c5404e5ce5228389a38c0ab4dda7570ece9f6
Writing manifest to image destination
Storing signatures
[linux/arm64] [1/3] STEP 2/8: WORKDIR /opt/app-root
--> Using cache 8d7f4d666d8b2966000dfdbddaf0f201f102b80d182b42918646bca008497d32
--> 8d7f4d666d8b
[linux/arm64] [1/3] STEP 3/8: USER 0
--> Using cache ab40718f6d3d3469511e8bdb5e14133d0b8570fbf01d414c2b0398600f6e9b81
--> ab40718f6d3d
[linux/arm64] [1/3] STEP 4/8: COPY web/package*.json web/
--> Using cache 16e9d8df9d753180794d30e16a0383635b96b8b7e6a148ba62990f748f495d25
--> 16e9d8df9d75
[linux/arm64] [1/3] STEP 5/8: COPY Makefile Makefile
--> Using cache dddc3db87b172e37c39e8d19352c9feec3d12d564759d8cdb618ad3dc7a409c8
--> dddc3db87b17
[linux/arm64] [1/3] STEP 6/8: RUN make install-frontend
--> Using cache 1527203a287b1ef0f00ae4e546d118ebadbea25055db2278caff3812b6ca4801
--> 1527203a287b
[linux/arm64] [1/3] STEP 7/8: COPY web/ web/
--> Using cache 0256c43d92a6e801aebbd96a8898a5f854ee59dbccacb933a25895145e0aa49e
--> 0256c43d92a6
[linux/arm64] [1/3] STEP 8/8: RUN make build-frontend
--> Using cache 136e11d21a25ffd14b9fd5bd2392fb6da43706f5d3496d44ba8321fdd3eb84c7
--> 136e11d21a25
[linux/amd64] [3/3] STEP 1/4: FROM registry.access.redhat.com/ubi9/ubi-minimal
Trying to pull registry.access.redhat.com/ubi9/ubi-minimal:latest...
Getting image source signatures
Checking if image destination supports signatures
Copying blob sha256:8af57f051b373375a1be8f892172089259ad624ed8452291226c539055e60228
Copying config sha256:659f819f47f8e8d2348bd9243d2ef17f39a9cc97ee1964b1cf1f83d428090213
Writing manifest to image destination
Storing signatures
[linux/amd64] [3/3] STEP 2/4: COPY --from=web-builder /opt/app-root/web/dist /opt/app-root/web/dist
--> Using cache 2a7e66118e32c5c08a12b6292e89c6c3e5dcc446a4e3907712e787661d5045d9
--> 2a7e66118e32
[linux/amd64] [3/3] STEP 3/4: COPY --from=go-builder /opt/app-root/plugin-backend /opt/app-root
--> Using cache 76f9e55bee02253aad1e93d86ed0e5e17bf137f37954b7b8b71a8ead00736b69
--> 76f9e55bee02
[linux/amd64] [3/3] STEP 4/4: ENTRYPOINT ["/opt/app-root/plugin-backend", "-static-path", "/opt/app-root/web/dist"]
--> Using cache 6918bcc251525003acb3948c819daa11c0583e8cd74aade6d9f8eeae1b133bb7
--> 6918bcc25152
[linux/arm64] [2/3] STEP 1/11: FROM registry.access.redhat.com/ubi9/go-toolset:1.26 AS go-builder
Trying to pull registry.access.redhat.com/ubi9/go-toolset:1.26...
6918bcc251525003acb3948c819daa11c0583e8cd74aade6d9f8eeae1b133bb7
Getting image source signatures
Checking if image destination supports signatures
Copying blob sha256:45930d601c4202f8f62b21cd0a99019c00cd0af6e243187962defb645a49ab77
Copying blob sha256:f00a3ea30fea862d594c88740f011c234eb0b745138910c83abb92b28517593d
Copying blob sha256:9f54e374b06db8429b62d91af166f6a7caa34095b474b38a6853f75e9501072e
Copying blob sha256:45e8f34021ec53e3f4034c0aa42f88f43d2c6a70db6bcbe4da9c885fec121ca7
Copying config sha256:1b04da50b8a1a4d73cbc62e9438485bbb1219c003b0fef077d227b77d3fa7fb5
Writing manifest to image destination
Storing signatures
[linux/arm64] [2/3] STEP 2/11: WORKDIR /opt/app-root
--> Using cache a05232a4028fedcbdc5858a48a003ce3f0eaa6f7f55bf759968c0186ab9fecd0
--> a05232a4028f
[linux/arm64] [2/3] STEP 3/11: COPY Makefile Makefile
--> Using cache 3731de27da3b0c3caef8a6a3fd9529c0a712a3dadaca3cebe9ee02ac78658436
--> 3731de27da3b
[linux/arm64] [2/3] STEP 4/11: COPY go.mod go.mod
--> Using cache ad4ba72329f322e40ee886589af3405bb48ba4167718d691c158a43ea85d135b
--> ad4ba72329f3
[linux/arm64] [2/3] STEP 5/11: COPY go.sum go.sum
--> Using cache 5bb84ed12af125facafa42dd89c5ad024f3d49480decc81535b835c6343e1540
--> 5bb84ed12af1
[linux/arm64] [2/3] STEP 6/11: RUN go mod download
--> Using cache 8b3a37fc83081930d98a3795dab0b9d5e39fb8be24ab3b85fb3e203ebbe774fe
--> 8b3a37fc8308
[linux/arm64] [2/3] STEP 7/11: COPY cmd/ cmd/
--> Using cache 0877907cc27db3a48954469036cdaf10182353e0067834cea84c9e5265caed3e
--> 0877907cc27d
[linux/arm64] [2/3] STEP 8/11: COPY pkg/ pkg/
--> Using cache 259207c382d0701769f4da40576b3100685243a0326fcd9e193db13ef5100653
--> 259207c382d0
[linux/arm64] [2/3] STEP 9/11: ENV GOEXPERIMENT=strictfipsruntime
--> Using cache 74aab7f9e501daeb34b3ba3cf26235aaf16d01cf63ce6e08a1c19977d5e7365c
--> 74aab7f9e501
[linux/arm64] [2/3] STEP 10/11: ENV CGO_ENABLED=1
--> Using cache d0ad28bc17954d490dc8ff8ae44eafcfdae224320b798367493000e9fc0c4f38
--> d0ad28bc1795
[linux/arm64] [2/3] STEP 11/11: RUN make build-backend BUILD_OPTS="-tags strictfipsruntime"
--> Using cache f343162a9282e10b4d39b184741b75334b482a465653ebdd30af6694ecbdf0ea
--> f343162a9282
[linux/arm64] [3/3] STEP 1/4: FROM registry.access.redhat.com/ubi9/ubi-minimal
Trying to pull registry.access.redhat.com/ubi9/ubi-minimal:latest...
Getting image source signatures
Checking if image destination supports signatures
Copying blob sha256:96c16ad0505847764761c5c4d0a82cd8a619f3e93c57f6a4b081cb9d4d0dd3e7
Copying config sha256:dc66a34eca2d77aebb3d6349e06bbb118c0571f172e297eea776d8aa352899e7
Writing manifest to image destination
Storing signatures
[linux/arm64] [3/3] STEP 2/4: COPY --from=web-builder /opt/app-root/web/dist /opt/app-root/web/dist
--> Using cache 107aefc47012e97e71f5fe520b09efccbeeeaaaa19fdc01a877e8bc007e710fa
--> 107aefc47012
[linux/arm64] [3/3] STEP 3/4: COPY --from=go-builder /opt/app-root/plugin-backend /opt/app-root
--> Using cache f1a03a07fdc3b26fa019fe46a37a5524325898452dc2c0a2075f6c28a3919106
--> f1a03a07fdc3
[linux/arm64] [3/3] STEP 4/4: ENTRYPOINT ["/opt/app-root/plugin-backend", "-static-path", "/opt/app-root/web/dist"]
--> Using cache ada99273b124ffabce372d9b613d1e59f1b3a6f6c913dc5d42c9fe741b533fa5
--> ada99273b124
ada99273b124ffabce372d9b613d1e59f1b3a6f6c913dc5d42c9fe741b533fa5
podman manifest push quay.io/rh-ee-emurasak/troubleshooting-panel-console-plugin:v0.4.5
Getting image list signatures
Copying 2 images generated from 2 images in list
Copying image sha256:5bdfd9028a5eaf12c72c00c2ff370be564ffae5532e9f60a20dcca60bbbddf8f (1/2)
Getting image source signatures
Copying blob sha256:850494a67fa82d9a5d813fe0906da25b44502c89036759b918ce30ecbd6248df
Copying blob sha256:eb31fffb4653a560fe98f0cdf1563599483471410f682eef43f925913573d867
Copying blob sha256:a3a529fa99aad3e13ae540ecf5bab65f0a1c99d33bcf4f5eb648d6fca1b24b40
Copying config sha256:6918bcc251525003acb3948c819daa11c0583e8cd74aade6d9f8eeae1b133bb7
Writing manifest to image destination
Copying image sha256:9178420c3807a87c953ec68dd1f90b90a3323c401097fe6fab5df46e93eb8a51 (2/2)
Getting image source signatures
Copying blob sha256:e087678bfba345ab26c6d1db0a9254d6f6959c7ba3eae0511ae371e3bdcd6435
Copying blob sha256:228d3d093b243661f2bbd4be6cc0e4a91af886b882ca37d67a2522d8dc67af93
Copying blob sha256:6cea63671734bdedab86bfcf72def5de5e069ac29c0c4877781872327f5676d2
Copying config sha256:ada99273b124ffabce372d9b613d1e59f1b3a6f6c913dc5d42c9fe741b533fa5
Writing manifest to image destination
Writing manifest list to image destination
Storing list signatures
==========================================
Building monitoring-plugin @ release-coo-ocp-4.19 with VERSION=v0.5.4 ORG=rh-ee-emurasak
==========================================
Switched to branch 'release-coo-ocp-4.19'
Your branch is up to date with 'origin/release-coo-ocp-4.19'.
From https://github.com/openshift/monitoring-plugin
 * branch            release-coo-ocp-4.19 -> FETCH_HEAD
Already up to date.
--- Attempt 1/3 ---
podman manifest rm quay.io/rh-ee-emurasak/monitoring-console-plugin:v0.5.4 || true
Untagged: quay.io/rh-ee-emurasak/monitoring-console-plugin:v0.5.4
Deleted: 94bf4623019ec3fb1f951fcf5a7b13b50d3eb9255f018fdc9d51e65d525f8b45
podman manifest create quay.io/rh-ee-emurasak/monitoring-console-plugin:v0.5.4
647d7e1877fd23f9b1572d8d86f43b709dc90cf010c9457e500883b9bcf0bff7
podman build --platform linux/arm64,linux/amd64 --manifest quay.io/rh-ee-emurasak/monitoring-console-plugin:v0.5.4 -f Dockerfile.mcp
[linux/amd64] [1/3] STEP 1/13: FROM registry.redhat.io/ubi9/nodejs-22:latest AS web-builder
Trying to pull registry.redhat.io/ubi9/nodejs-22:latest...
Getting image source signatures
Checking if image destination supports signatures
Copying blob sha256:282d0d24d7fbf867c5fcf0074ef814120603d793df3c6b07803f4fe4f13e8364
Copying blob sha256:a65b1d5fa71f2275b83830542c74d937ba4151138631910bd375d577f8ceeed8
Copying blob sha256:7e1f79224b0668cff86172f85305621504ef2f1a15768b9ed272ea1f1a0e4e4d
Copying config sha256:0ccc4acadf8fe652aee3bd1e9b848aa1ddb72cc4db9269dc719a72a71892e157
Writing manifest to image destination
Storing signatures
[linux/amd64] [1/3] STEP 2/13: WORKDIR /opt/app-root
--> Using cache 25f952364c18dec697621ccdf03fe10655339de2dbbbf27c4486edb5a1c24341
--> 25f952364c18
[linux/amd64] [1/3] STEP 3/13: USER 0
--> Using cache 7b8705aab315b50a437e2e7c2f502baa54d72938a85870d51e91af51dabda800
--> 7b8705aab315
[linux/amd64] [1/3] STEP 4/13: ENV HUSKY=0
--> Using cache 480c099274eaede57407f65dab14be61ff11be4c766a88c25c81c8f647d27cc1
--> 480c099274ea
[linux/amd64] [1/3] STEP 5/13: COPY web/package*.json web/
--> Using cache 8929455ade56faf9a2e1aba6fc27652812efb0054c638f44f22a4d5ff05d4521
--> 8929455ade56
[linux/amd64] [1/3] STEP 6/13: COPY Makefile Makefile
--> Using cache b14b57d6af289459486a31068fb4734c78f9826f625a4931272c038d820bda13
--> b14b57d6af28
[linux/amd64] [1/3] STEP 7/13: RUN cd web && npm ci --legacy-peer-deps --ignore-scripts
--> Using cache feb2c7a51e54234ce91b77f3a7eb8712d89b7f6f7c19ae809e5da1d6fc374dd2
--> feb2c7a51e54
[linux/amd64] [1/3] STEP 8/13: COPY web/ web/
--> Using cache c14343b53fc0ae5f1ad3902fc0cb378067c18fdac4e0decece57c4a5a441ba6a
--> c14343b53fc0
[linux/amd64] [1/3] STEP 9/13: COPY config/ config/
--> Using cache 65f5844ed9f9129cb5b899e06963c342028088b091a39e343f67ef835ade5c71
--> 65f5844ed9f9
[linux/amd64] [1/3] STEP 10/13: COPY scripts/update-plugin-name.sh scripts/update-plugin-name.sh
--> Using cache 6a746aa30c943a308c87139856c50196dad86a42c91cec13e4c763d81ae5bfd2
--> 6a746aa30c94
[linux/amd64] [1/3] STEP 11/13: RUN make update-plugin-name
--> Using cache 9e3d54092bde8c028c75a0ba364cd7c24b26402bd52d3bf1f539474a1648bbdc
--> 9e3d54092bde
[linux/amd64] [1/3] STEP 12/13: ENV I18N_NAMESPACE="plugin__monitoring-console-plugin"
--> Using cache ed0a21385e9409743a49a380d59fa0e60523f69e17a175dccc2e676dfef0562a
--> ed0a21385e94
[linux/amd64] [1/3] STEP 13/13: RUN make build-frontend
--> Using cache 2909498e2be3a7faeb369a6f60e68ad0debbcaa8d3055e8ba4a5ff17dd234b04
--> 2909498e2be3
[linux/amd64] [2/3] STEP 1/14: FROM registry.access.redhat.com/ubi9/go-toolset:1.26 AS go-builder
Trying to pull registry.access.redhat.com/ubi9/go-toolset:1.26...
Getting image source signatures
Checking if image destination supports signatures
Copying blob sha256:d42ebadf4fab39879420f670effc5339dbb3a965f10cfc9e893812a82359ca96
Copying blob sha256:7e1f79224b0668cff86172f85305621504ef2f1a15768b9ed272ea1f1a0e4e4d
Copying blob sha256:e9032009b40b3fd04712dfd72a34308c80cfcbc96e34411b01d746a758eb327f
Copying blob sha256:a65b1d5fa71f2275b83830542c74d937ba4151138631910bd375d577f8ceeed8
Copying config sha256:4503554399b4b9c5265bafc26dfb5eea1cce8ae46cc8d424457c10ecfa1814df
Writing manifest to image destination
Storing signatures
[linux/amd64] [2/3] STEP 2/14: WORKDIR /opt/app-root
--> Using cache af1cfc364e02bbbe152a266e3b4e766d012ba8761df2219b036428533bcaa1d1
--> af1cfc364e02
[linux/amd64] [2/3] STEP 3/14: COPY Makefile Makefile
--> Using cache f042966b10d05f313f26f4e4d8941bdfc92dfac70c7c8eeb3f56a53bf124ac3c
--> f042966b10d0
[linux/amd64] [2/3] STEP 4/14: COPY go.mod go.mod
--> Using cache d45d4437eb671f25a8645b9c7ddc6a1fd51f7cdbbe0b2c78b182d3fe971a9e13
--> d45d4437eb67
[linux/amd64] [2/3] STEP 5/14: COPY go.sum go.sum
--> Using cache 4018326e66fca9ab9322afe3a37b8a987e575b1e2b3cec4658b47bebc2c81a5b
--> 4018326e66fc
[linux/amd64] [2/3] STEP 6/14: RUN make install-backend
--> Using cache 84794cb2bbd16a7cb167acf37528d3d116f45749f2ba61c704d1e3614474b464
--> 84794cb2bbd1
[linux/amd64] [2/3] STEP 7/14: COPY cmd/ cmd/
--> Using cache d25c6e151278ccbac8120bb760e93e247a3e5d07890caa4f19b5ffeb46f21815
--> d25c6e151278
[linux/amd64] [2/3] STEP 8/14: COPY pkg/ pkg/
--> Using cache 0f8378290aff04b30e9bafcfd3c3c08141b15da341595687e70bcb86ba43e182
--> 0f8378290aff
[linux/amd64] [2/3] STEP 9/14: ENV GOOS=${TARGETOS:-linux}
--> Using cache 2b81d754f3098cb802d481036dac4d8656dc9acd8fde8ebce58d2920ecd329c9
--> 2b81d754f309
[linux/amd64] [2/3] STEP 10/14: ENV GOARCH=${TARGETARCH}
--> Using cache da129e3bd44b5702f3b1490cff76be5fbc0503300c50c066819b078c04e03523
--> da129e3bd44b
[linux/amd64] [2/3] STEP 11/14: ENV GOEXPERIMENT=strictfipsruntime
--> Using cache 54815da6822324d5df1f28f28d4c8d19b6a73d4e2dcda4c48ecaa7f7bfa3cb4e
--> 54815da68223
[linux/amd64] [2/3] STEP 12/14: ENV GOFLAGS=-mod=readonly
--> Using cache 6005e0e5d6676864df37977ebf1d3bdfa5fc84b1a2aa386ddb7bbabec49e4df0
--> 6005e0e5d667
[linux/amd64] [2/3] STEP 13/14: ENV CGO_ENABLED=1
--> Using cache c66a7fe7b9adfd822f2dcae559bcd5b8e4f4f75bcc46982fd917cae23a0021f6
--> c66a7fe7b9ad
[linux/amd64] [2/3] STEP 14/14: RUN make build-backend
--> Using cache 98199fde76cb9d920fbba51cf739ac09e9a3e57c7b6b7ed9026e804375401e81
--> 98199fde76cb
[linux/arm64] [1/3] STEP 1/13: FROM registry.redhat.io/ubi9/nodejs-22:latest AS web-builder
Trying to pull registry.redhat.io/ubi9/nodejs-22:latest...
Getting image source signatures
Checking if image destination supports signatures
Copying blob sha256:9646992efe070a3bd6c556d5bfd825b8ffbc51f371288f7eb152d2d852939056
Copying blob sha256:f00a3ea30fea862d594c88740f011c234eb0b745138910c83abb92b28517593d
Copying blob sha256:9f54e374b06db8429b62d91af166f6a7caa34095b474b38a6853f75e9501072e
Copying config sha256:404bfb706f719cb0fdb063441e6c5404e5ce5228389a38c0ab4dda7570ece9f6
Writing manifest to image destination
Storing signatures
[linux/arm64] [1/3] STEP 2/13: WORKDIR /opt/app-root
--> Using cache 8d7f4d666d8b2966000dfdbddaf0f201f102b80d182b42918646bca008497d32
--> 8d7f4d666d8b
[linux/arm64] [1/3] STEP 3/13: USER 0
--> Using cache ab40718f6d3d3469511e8bdb5e14133d0b8570fbf01d414c2b0398600f6e9b81
--> ab40718f6d3d
[linux/arm64] [1/3] STEP 4/13: ENV HUSKY=0
--> Using cache c4956a0743f1e9d016ec7fbcdfa4c2110fa4eb83bdbf78c328ec9d2829e6824c
--> c4956a0743f1
[linux/arm64] [1/3] STEP 5/13: COPY web/package*.json web/
--> Using cache 7a2f953d85b47acfee979da4298b8bfb8dad623259c0fc31a8c8f489775e4824
--> 7a2f953d85b4
[linux/arm64] [1/3] STEP 6/13: COPY Makefile Makefile
--> Using cache 0bf59f36f58f74d42b879499869f376ee7f5975d9f1cf94507a85fc46ce22e33
--> 0bf59f36f58f
[linux/arm64] [1/3] STEP 7/13: RUN cd web && npm ci --legacy-peer-deps --ignore-scripts
--> Using cache a97a82f1b0bb5d2b82d4fda07ebdefb3a316c537a972fc4352831daf4162d75a
--> a97a82f1b0bb
[linux/arm64] [1/3] STEP 8/13: COPY web/ web/
--> Using cache 28cda68f15f7fc84892a1b1af8ada893cff6202b38d4374de7f794089ee5ee2d
--> 28cda68f15f7
[linux/arm64] [1/3] STEP 9/13: COPY config/ config/
--> Using cache 09da8ff8ac8fde1493f715b030a0dc04ad5500a3b07caba3c72b610a28298d0b
--> 09da8ff8ac8f
[linux/arm64] [1/3] STEP 10/13: COPY scripts/update-plugin-name.sh scripts/update-plugin-name.sh
--> Using cache 547c96faeb27cc576711a295e2b4fb3aa503dcff6dad53b83940be589ab05e3b
--> 547c96faeb27
[linux/arm64] [1/3] STEP 11/13: RUN make update-plugin-name
--> Using cache 19a467ad636258fb8503ba8c040925c19dcfb3ce02729b67401e7b085c08704e
--> 19a467ad6362
[linux/arm64] [1/3] STEP 12/13: ENV I18N_NAMESPACE="plugin__monitoring-console-plugin"
--> Using cache b40ad1183eba1653c93e378a2d5eb86145cc75619168b7d9d53df1e4cdd4dec7
--> b40ad1183eba
[linux/arm64] [1/3] STEP 13/13: RUN make build-frontend
--> Using cache c400b83f36f7040383f3af208fe6d64063c7532d89f3c61a6dde582b20fac382
--> c400b83f36f7
[linux/amd64] [3/3] STEP 1/8: FROM registry.access.redhat.com/ubi9/ubi-minimal
Trying to pull registry.access.redhat.com/ubi9/ubi-minimal:latest...
Getting image source signatures
Checking if image destination supports signatures
Copying blob sha256:8af57f051b373375a1be8f892172089259ad624ed8452291226c539055e60228
Copying config sha256:659f819f47f8e8d2348bd9243d2ef17f39a9cc97ee1964b1cf1f83d428090213
Writing manifest to image destination
Storing signatures
[linux/amd64] [3/3] STEP 2/8: RUN mkdir /licenses
--> Using cache d559d744f028170036dccf09cd6cb876b262ddddd4833bd8558dcbba562dabc2
--> d559d744f028
[linux/amd64] [3/3] STEP 3/8: COPY LICENSE /licenses/.
--> Using cache 8f5adf2eb0e8be4be35f481cf2bf9f18639a3a0dfedf16b5aad629cbd7fef3d9
--> 8f5adf2eb0e8
[linux/amd64] [3/3] STEP 4/8: USER 1001
--> Using cache 4c26688bd643e28da1150f24cee03c34dca7b0d50fcfa4237e85c1ff2659f12d
--> 4c26688bd643
[linux/amd64] [3/3] STEP 5/8: COPY --from=web-builder /opt/app-root/web/dist /opt/app-root/web/dist
--> Using cache 1cdb3c087a283a5b9c4fc7dfecafd0b458df9fe91591155464e8beaab256857b
--> 1cdb3c087a28
[linux/amd64] [3/3] STEP 6/8: COPY --from=go-builder /opt/app-root/plugin-backend /opt/app-root
--> Using cache 0106815cd8d14ae3b84d1bc6fd7928e702d7ccb3c0ca8c8debed631c8bf40f00
--> 0106815cd8d1
[linux/amd64] [3/3] STEP 7/8: COPY --from=web-builder /opt/app-root/config /opt/app-root/config
--> Using cache 761a6a32475e3e6fd645f3684b38e264a67ba4b2e1f01f49e809a768f576a734
--> 761a6a32475e
[linux/amd64] [3/3] STEP 8/8: ENTRYPOINT ["/opt/app-root/plugin-backend", "-static-path", "/opt/app-root/web/dist"]
--> Using cache 569c3c3a2356decd1a5a0a032e7f042f50f2ad012d9bba1bfb12921d641c0678
--> 569c3c3a2356
[linux/arm64] [2/3] STEP 1/14: FROM registry.access.redhat.com/ubi9/go-toolset:1.26 AS go-builder
569c3c3a2356decd1a5a0a032e7f042f50f2ad012d9bba1bfb12921d641c0678
Trying to pull registry.access.redhat.com/ubi9/go-toolset:1.26...
Getting image source signatures
Checking if image destination supports signatures
Copying blob sha256:45930d601c4202f8f62b21cd0a99019c00cd0af6e243187962defb645a49ab77
Copying blob sha256:f00a3ea30fea862d594c88740f011c234eb0b745138910c83abb92b28517593d
Copying blob sha256:9f54e374b06db8429b62d91af166f6a7caa34095b474b38a6853f75e9501072e
Copying blob sha256:45e8f34021ec53e3f4034c0aa42f88f43d2c6a70db6bcbe4da9c885fec121ca7
Copying config sha256:1b04da50b8a1a4d73cbc62e9438485bbb1219c003b0fef077d227b77d3fa7fb5
Writing manifest to image destination
Storing signatures
[linux/arm64] [2/3] STEP 2/14: WORKDIR /opt/app-root
--> Using cache a05232a4028fedcbdc5858a48a003ce3f0eaa6f7f55bf759968c0186ab9fecd0
--> a05232a4028f
[linux/arm64] [2/3] STEP 3/14: COPY Makefile Makefile
--> Using cache 8a9787b1d346623880b382dfb6464ca2afba8d6d8fd665e3ff3ac31fee55c55c
--> 8a9787b1d346
[linux/arm64] [2/3] STEP 4/14: COPY go.mod go.mod
--> Using cache 243e215a45401b164818923f4d48abf7c3deed0d448d08718d0bfaf49fe3969d
--> 243e215a4540
[linux/arm64] [2/3] STEP 5/14: COPY go.sum go.sum
--> Using cache 2764ecedd30ed429fe1421ab0ec5080e27083a51a2fe0c015f320777ec8266e4
--> 2764ecedd30e
[linux/arm64] [2/3] STEP 6/14: RUN make install-backend
--> Using cache 0a12d39de95958d55dfc4da3f9c03ea993d1c5f1598b00f3fc5cbabe693758b3
--> 0a12d39de959
[linux/arm64] [2/3] STEP 7/14: COPY cmd/ cmd/
--> Using cache 08838ebfd6056bb8f20b8c6fd4a2548959f892993c88740a0b5c94fdb7143d19
--> 08838ebfd605
[linux/arm64] [2/3] STEP 8/14: COPY pkg/ pkg/
--> Using cache a54f91492f3ecac4e3b828d311b6681ee4e0f8be5a5739fbdce164d28344775e
--> a54f91492f3e
[linux/arm64] [2/3] STEP 9/14: ENV GOOS=${TARGETOS:-linux}
--> Using cache 5f509bc9b5d0b0972c3b4a9ffdafa7e7eaf92b769fe6fcf235a78d21e9367586
--> 5f509bc9b5d0
[linux/arm64] [2/3] STEP 10/14: ENV GOARCH=${TARGETARCH}
--> Using cache d507159583d12c880793dacbd51cc86ce7f224c8d3dc4bf19ce9f8c44498c9c0
--> d507159583d1
[linux/arm64] [2/3] STEP 11/14: ENV GOEXPERIMENT=strictfipsruntime
--> Using cache 945fb85440360c0a3c23b842145219c1c9872e3277b6e73b800efaf3cbe06851
--> 945fb8544036
[linux/arm64] [2/3] STEP 12/14: ENV GOFLAGS=-mod=readonly
--> Using cache 3670d24e4a571f28a59c7f92c2be33830d4c90c1b8779d43c94840025de08e2c
--> 3670d24e4a57
[linux/arm64] [2/3] STEP 13/14: ENV CGO_ENABLED=1
--> Using cache 5348052411ca8b9e7f250062a50f29a69387cdf373089fb01fdca54c9d1e831c
--> 5348052411ca
[linux/arm64] [2/3] STEP 14/14: RUN make build-backend
--> Using cache 961e333233863cd255b7e2bcdf724337e2d46c23d6509da9366268a4d3ccd8c5
--> 961e33323386
[linux/arm64] [3/3] STEP 1/8: FROM registry.access.redhat.com/ubi9/ubi-minimal
Trying to pull registry.access.redhat.com/ubi9/ubi-minimal:latest...
Getting image source signatures
Checking if image destination supports signatures
Copying blob sha256:96c16ad0505847764761c5c4d0a82cd8a619f3e93c57f6a4b081cb9d4d0dd3e7
Copying config sha256:dc66a34eca2d77aebb3d6349e06bbb118c0571f172e297eea776d8aa352899e7
Writing manifest to image destination
Storing signatures
[linux/arm64] [3/3] STEP 2/8: RUN mkdir /licenses
--> Using cache df678ee72b55e8117f4d9b21d6d7c3925b06b3cbb3d65dc9ad500cc4aaa085ed
--> df678ee72b55
[linux/arm64] [3/3] STEP 3/8: COPY LICENSE /licenses/.
--> Using cache e0cca532c7d9aaea96a8b648e325b95fc8bf3faeb8dc11e67b1b370255413242
--> e0cca532c7d9
[linux/arm64] [3/3] STEP 4/8: USER 1001
--> Using cache 9a4e4e9ef14b0e554eb7f7578fbf99e0411548214a1b8ce67361b31aed866748
--> 9a4e4e9ef14b
[linux/arm64] [3/3] STEP 5/8: COPY --from=web-builder /opt/app-root/web/dist /opt/app-root/web/dist
--> Using cache 9eabb3ab146175a7150673361ab5e1cecfff9f222ea1c55d59e858096a4a67c7
--> 9eabb3ab1461
[linux/arm64] [3/3] STEP 6/8: COPY --from=go-builder /opt/app-root/plugin-backend /opt/app-root
--> Using cache 95dbb008bc39f7471fc6f82b6210d491bdec24c81b6a257b3e5c45f4e02ca17c
--> 95dbb008bc39
[linux/arm64] [3/3] STEP 7/8: COPY --from=web-builder /opt/app-root/config /opt/app-root/config
--> Using cache 337ff58442aecc72e3ad819285c0be79604fa9c436b1d21987ff1ae1a78baefa
--> 337ff58442ae
[linux/arm64] [3/3] STEP 8/8: ENTRYPOINT ["/opt/app-root/plugin-backend", "-static-path", "/opt/app-root/web/dist"]
--> Using cache 81b8d48543ac2adcdb0b47c51227f3cbdb8d6bd85f4efdf7b1087322f8f6f5f1
--> 81b8d48543ac
81b8d48543ac2adcdb0b47c51227f3cbdb8d6bd85f4efdf7b1087322f8f6f5f1
podman manifest push quay.io/rh-ee-emurasak/monitoring-console-plugin:v0.5.4
Getting image list signatures
Copying 2 images generated from 2 images in list
Copying image sha256:39d393427e0b22e8b05ab5ccd3ca5bc2c18a7838c4ac9ac765b744d668b50d3e (1/2)
Getting image source signatures
Copying blob sha256:eb31fffb4653a560fe98f0cdf1563599483471410f682eef43f925913573d867
Copying blob sha256:ac298e9f9575bae3364ab4a3505be10bca8efbd01b8023fd3661b18fa015a9ec
Copying blob sha256:6e64393e6aec83a33cdeb3194d60dc8ea40e7dcfa0b9b9b47e6a76fe1cf2919a
Copying blob sha256:0e9d93dc55fb9ef608c9235786a8d2cd87295ef4ceffb9fff76a94094c5cedae
Copying blob sha256:52bcfbabcb4b65c05bdea2fd0fca0a5f116460123293269b331c57a35a215ae0
Copying blob sha256:6b52c83b285b0f51d9fd4039e742d1f5dc83c920daf07e790db27a8ebe90bb50
Copying config sha256:569c3c3a2356decd1a5a0a032e7f042f50f2ad012d9bba1bfb12921d641c0678
Writing manifest to image destination
Copying image sha256:b878877056371d7a04d180a09fa234de282ad61996eb58d7cf4e9fa26789fba1 (2/2)
Getting image source signatures
Copying blob sha256:af81352e94b92d87e663c7632268eba374704e9bdcb2d4f53c7c4ffcfed75584
Copying blob sha256:eb6134be52bbd73ae0aabaad558a3617932f0b4822955d7219e2d9d8afc174f1
Copying blob sha256:228d3d093b243661f2bbd4be6cc0e4a91af886b882ca37d67a2522d8dc67af93
Copying blob sha256:272d910659f7fab70f6131b8ff7714b7c2297b95404b408610bd4bdc937e50e3
Copying blob sha256:1b6e5de6429cbbc104e8c5129dfd550b354325dea6192c6b93364cee401216d4
Copying blob sha256:f14d6ae466e5f641615d5fdb515585b5a60f845628f5228c44033adcedc7ff47
Copying config sha256:81b8d48543ac2adcdb0b47c51227f3cbdb8d6bd85f4efdf7b1087322f8f6f5f1
Writing manifest to image destination
Writing manifest list to image destination
Storing list signatures
==========================================
Building distributed-tracing-console-plugin @ release-coo-ocp-4.22 with VERSION=v1.1.0 ORG=rh-ee-emurasak
==========================================
Switched to branch 'release-coo-ocp-4.22'
Your branch is up to date with 'origin/release-coo-ocp-4.22'.
From https://github.com/openshift/distributed-tracing-console-plugin
 * branch            release-coo-ocp-4.22 -> FETCH_HEAD
Already up to date.
--- Attempt 1/3 ---
podman manifest rm quay.io/rh-ee-emurasak/distributed-tracing-console-plugin:v1.1.0 || true
Untagged: quay.io/rh-ee-emurasak/distributed-tracing-console-plugin:v1.1.0
Deleted: 189be232e509a410c9e4b0e1175af7f97b186a0522df3fbfc4ec045cd6a74518
podman manifest create quay.io/rh-ee-emurasak/distributed-tracing-console-plugin:v1.1.0
af0add7a01b511656c2a32b4f003949bea780c88dcf0a98967052326614b7ad6
podman build --platform=linux/arm64,linux/amd64 --manifest quay.io/rh-ee-emurasak/distributed-tracing-console-plugin:v1.1.0 -f Dockerfile
[linux/amd64] [1/3] STEP 1/8: FROM registry.redhat.io/ubi9/nodejs-22:latest AS web-builder
Trying to pull registry.redhat.io/ubi9/nodejs-22:latest...
Getting image source signatures
Checking if image destination supports signatures
Copying blob sha256:282d0d24d7fbf867c5fcf0074ef814120603d793df3c6b07803f4fe4f13e8364
Copying blob sha256:a65b1d5fa71f2275b83830542c74d937ba4151138631910bd375d577f8ceeed8
Copying blob sha256:7e1f79224b0668cff86172f85305621504ef2f1a15768b9ed272ea1f1a0e4e4d
Copying config sha256:0ccc4acadf8fe652aee3bd1e9b848aa1ddb72cc4db9269dc719a72a71892e157
Writing manifest to image destination
Storing signatures
[linux/amd64] [1/3] STEP 2/8: WORKDIR /opt/app-root
--> Using cache 25f952364c18dec697621ccdf03fe10655339de2dbbbf27c4486edb5a1c24341
--> 25f952364c18
[linux/amd64] [1/3] STEP 3/8: USER 0
--> Using cache 7b8705aab315b50a437e2e7c2f502baa54d72938a85870d51e91af51dabda800
--> 7b8705aab315
[linux/amd64] [1/3] STEP 4/8: COPY web/package*.json web/
--> e197461b544f
[linux/amd64] [1/3] STEP 5/8: COPY Makefile Makefile
--> 045bd8ef6f6f
[linux/amd64] [1/3] STEP 6/8: RUN make install-frontend-ci-clean
cd web && npm ci --ignore-scripts --omit=optional
npm warn deprecated whatwg-encoding@3.1.1: Use @exodus/bytes instead for a more spec-conformant and faster implementation
npm warn deprecated rimraf@3.0.2: Rimraf versions prior to v4 are no longer supported
npm warn deprecated inflight@1.0.6: This module is not supported, and leaks memory. Do not use it. Check out lru-cache if you want a good and tested way to coalesce async requests by a key value, which is much more comprehensive and powerful.
npm warn deprecated glob@7.2.3: Glob versions prior to v9 are no longer supported
npm warn deprecated rimraf@2.7.1: Rimraf versions prior to v4 are no longer supported
npm warn deprecated glob@10.5.0: Old versions of glob are not supported, and contain widely publicized security vulnerabilities, which have been fixed in the current version. Please update. Support for old versions may be purchased (at exorbitant rates) by contacting i@izs.me
npm warn deprecated glob@10.5.0: Old versions of glob are not supported, and contain widely publicized security vulnerabilities, which have been fixed in the current version. Please update. Support for old versions may be purchased (at exorbitant rates) by contacting i@izs.me
npm warn deprecated glob@10.5.0: Old versions of glob are not supported, and contain widely publicized security vulnerabilities, which have been fixed in the current version. Please update. Support for old versions may be purchased (at exorbitant rates) by contacting i@izs.me
npm warn deprecated glob@10.5.0: Old versions of glob are not supported, and contain widely publicized security vulnerabilities, which have been fixed in the current version. Please update. Support for old versions may be purchased (at exorbitant rates) by contacting i@izs.me

added 1727 packages, and audited 1728 packages in 46s

311 packages are looking for funding
  run `npm fund` for details

22 vulnerabilities (1 low, 18 moderate, 3 high)

To address issues that do not require attention, run:
  npm audit fix

To address all issues possible (including breaking changes), run:
  npm audit fix --force

Some issues need review, and may require choosing
a different dependency.

Run `npm audit` for details.
cd web && npm cache clean --force
npm warn using --force Recommended protections disabled.
--> 69119befa6d5
[linux/amd64] [1/3] STEP 7/8: COPY web/ web/
--> e8fc396c6f84
[linux/amd64] [1/3] STEP 8/8: RUN make build-frontend
cd web && npm run build

> distributed-tracing-console-plugin@1.0.0 build
> npm run clean && NODE_ENV=production npm run webpack


> distributed-tracing-console-plugin@1.0.0 clean
> rm -rf dist


> distributed-tracing-console-plugin@1.0.0 webpack
> node -r ts-node/register ./node_modules/.bin/webpack

@patternfly/react-core dynamic modules taken from dist/dynamic-modules.json
@patternfly/react-icons dynamic modules taken from dist/dynamic-modules.json
@patternfly/react-templates dynamic modules taken from dist/dynamic-modules.json
assets by path assets/ 1.27 MiB
  assets by path assets/*.woff 740 KiB 42 assets
  assets by path assets/*.woff2 565 KiB
    asset assets/inter-latin-ext-600-normal..woff2 35.4 KiB [emitted] [from: ../node_modules/@fontsource/inter/files/inter-latin-ext-600-normal.woff2] (auxiliary id hint: vendors)
    + 41 assets
assets by path *.js 3.37 MiB
  assets by chunk 2.97 MiB (id hint: vendors)
    asset 9911-chunk-d5678a1d8861af23fdb1.min.js 2.59 MiB [emitted] [immutable] [minimized] [big] (id hint: vendors) 1 related asset
    asset 3864-chunk-a584ce5774a4b071dbe5.min.js 130 KiB [emitted] [immutable] [minimized] (id hint: vendors) 1 related asset
    asset 7768-chunk-0e74882a8a4428559b83.min.js 44.7 KiB [emitted] [immutable] [minimized] (id hint: vendors)
    asset 6808-chunk-5919f5818be6f8a391b5.min.js 42 KiB [emitted] [immutable] [minimized] (id hint: vendors)
    + 10 assets
  + 64 assets
asset locales/en/plugin__distributed-tracing-console-plugin.json 4.29 KiB [emitted] [from: ../locales/en/plugin__distributed-tracing-console-plugin.json] [copied]
asset plugin-manifest.json 895 bytes [emitted]
orphan modules 21.1 MiB [orphan] 13431 modules
runtime modules 36.4 KiB 14 modules
built modules 10.2 MiB (javascript) 1.27 MiB (asset) 1.64 KiB (consume-shared) 1.44 KiB (share-init) [built]
  javascript modules 10.2 MiB 727 modules
  asset modules 1.27 MiB (asset) 3.45 KiB (javascript)
    modules by path ../node_modules/@fontsource/inter/files/*.woff2 565 KiB (asset) 1.72 KiB (javascript) 42 modules
    modules by path ../node_modules/@fontsource/inter/files/*.woff 740 KiB (asset) 1.72 KiB (javascript) 42 modules
  consume-shared-module modules 1.64 KiB
    modules by path consume shared module (default) @patternfly/ 1.44 KiB 35 modules
    modules by path *.1 (singleton) 84 bytes 2 modules
    + 3 modules
  provide-module modules 1.44 KiB
    modules by path provide shared module (default) @patternfly/react-core/dist/dynamic/ 924 bytes 22 modules
    modules by path provide shared module (default) @patternfly/react-icons/dist/dynamic/icons/ 504 bytes 12 modules
    provide shared module (default) @patternfly/react-templates/dist/dynamic/compone...(truncated) 42 bytes [built] [code generated]

WARNING in asset size limit: The following asset(s) exceed the recommended size limit (244 KiB).
This can impact web performance.
Assets: 
  9911-chunk-d5678a1d8861af23fdb1.min.js (2.59 MiB)

webpack 5.106.2 compiled with 1 warning in 104977 ms
--> 887c67435b59
[linux/arm64] [1/3] STEP 1/8: FROM registry.redhat.io/ubi9/nodejs-22:latest AS web-builder
Trying to pull registry.redhat.io/ubi9/nodejs-22:latest...
Getting image source signatures
Checking if image destination supports signatures
Copying blob sha256:9646992efe070a3bd6c556d5bfd825b8ffbc51f371288f7eb152d2d852939056
Copying blob sha256:f00a3ea30fea862d594c88740f011c234eb0b745138910c83abb92b28517593d
Copying blob sha256:9f54e374b06db8429b62d91af166f6a7caa34095b474b38a6853f75e9501072e
Copying config sha256:404bfb706f719cb0fdb063441e6c5404e5ce5228389a38c0ab4dda7570ece9f6
Writing manifest to image destination
Storing signatures
[linux/arm64] [1/3] STEP 2/8: WORKDIR /opt/app-root
--> Using cache 8d7f4d666d8b2966000dfdbddaf0f201f102b80d182b42918646bca008497d32
--> 8d7f4d666d8b
[linux/arm64] [1/3] STEP 3/8: USER 0
--> Using cache ab40718f6d3d3469511e8bdb5e14133d0b8570fbf01d414c2b0398600f6e9b81
--> ab40718f6d3d
[linux/arm64] [1/3] STEP 4/8: COPY web/package*.json web/
--> 14734f4737e1
[linux/arm64] [1/3] STEP 5/8: COPY Makefile Makefile
--> 412d1a6ce19f
[linux/arm64] [1/3] STEP 6/8: RUN make install-frontend-ci-clean
cd web && npm ci --ignore-scripts --omit=optional
npm warn deprecated whatwg-encoding@3.1.1: Use @exodus/bytes instead for a more spec-conformant and faster implementation
npm warn deprecated rimraf@3.0.2: Rimraf versions prior to v4 are no longer supported
npm warn deprecated inflight@1.0.6: This module is not supported, and leaks memory. Do not use it. Check out lru-cache if you want a good and tested way to coalesce async requests by a key value, which is much more comprehensive and powerful.
npm warn deprecated glob@7.2.3: Glob versions prior to v9 are no longer supported
npm warn deprecated rimraf@2.7.1: Rimraf versions prior to v4 are no longer supported
npm warn deprecated glob@10.5.0: Old versions of glob are not supported, and contain widely publicized security vulnerabilities, which have been fixed in the current version. Please update. Support for old versions may be purchased (at exorbitant rates) by contacting i@izs.me
npm warn deprecated glob@10.5.0: Old versions of glob are not supported, and contain widely publicized security vulnerabilities, which have been fixed in the current version. Please update. Support for old versions may be purchased (at exorbitant rates) by contacting i@izs.me
npm warn deprecated glob@10.5.0: Old versions of glob are not supported, and contain widely publicized security vulnerabilities, which have been fixed in the current version. Please update. Support for old versions may be purchased (at exorbitant rates) by contacting i@izs.me
npm warn deprecated glob@10.5.0: Old versions of glob are not supported, and contain widely publicized security vulnerabilities, which have been fixed in the current version. Please update. Support for old versions may be purchased (at exorbitant rates) by contacting i@izs.me

added 1727 packages, and audited 1728 packages in 32s

311 packages are looking for funding
  run `npm fund` for details

22 vulnerabilities (1 low, 18 moderate, 3 high)

To address issues that do not require attention, run:
  npm audit fix

To address all issues possible (including breaking changes), run:
  npm audit fix --force

Some issues need review, and may require choosing
a different dependency.

Run `npm audit` for details.
cd web && npm cache clean --force
npm warn using --force Recommended protections disabled.
--> 48c0c3aee16b
[linux/arm64] [1/3] STEP 7/8: COPY web/ web/
--> 47d7f29becaa
[linux/arm64] [1/3] STEP 8/8: RUN make build-frontend
cd web && npm run build

> distributed-tracing-console-plugin@1.0.0 build
> npm run clean && NODE_ENV=production npm run webpack


> distributed-tracing-console-plugin@1.0.0 clean
> rm -rf dist


> distributed-tracing-console-plugin@1.0.0 webpack
> node -r ts-node/register ./node_modules/.bin/webpack

@patternfly/react-core dynamic modules taken from dist/dynamic-modules.json
@patternfly/react-icons dynamic modules taken from dist/dynamic-modules.json
@patternfly/react-templates dynamic modules taken from dist/dynamic-modules.json
assets by path assets/ 1.27 MiB
  assets by path assets/*.woff 740 KiB 42 assets
  assets by path assets/*.woff2 565 KiB
    asset assets/inter-latin-ext-600-normal..woff2 35.4 KiB [emitted] [from: ../node_modules/@fontsource/inter/files/inter-latin-ext-600-normal.woff2] (auxiliary id hint: vendors)
    + 41 assets
assets by path *.js 3.37 MiB
  assets by chunk 2.97 MiB (id hint: vendors)
    asset 9911-chunk-d5678a1d8861af23fdb1.min.js 2.59 MiB [emitted] [immutable] [minimized] [big] (id hint: vendors) 1 related asset
    asset 3864-chunk-a584ce5774a4b071dbe5.min.js 130 KiB [emitted] [immutable] [minimized] (id hint: vendors) 1 related asset
    asset 7768-chunk-0e74882a8a4428559b83.min.js 44.7 KiB [emitted] [immutable] [minimized] (id hint: vendors)
    asset 6808-chunk-5919f5818be6f8a391b5.min.js 42 KiB [emitted] [immutable] [minimized] (id hint: vendors)
    + 10 assets
  + 64 assets
asset locales/en/plugin__distributed-tracing-console-plugin.json 4.29 KiB [emitted] [from: ../locales/en/plugin__distributed-tracing-console-plugin.json] [copied]
asset plugin-manifest.json 895 bytes [emitted]
orphan modules 21.1 MiB [orphan] 13431 modules
runtime modules 36.4 KiB 14 modules
built modules 10.2 MiB (javascript) 1.27 MiB (asset) 1.64 KiB (consume-shared) 1.44 KiB (share-init) [built]
  javascript modules 10.2 MiB 727 modules
  asset modules 1.27 MiB (asset) 3.45 KiB (javascript)
    modules by path ../node_modules/@fontsource/inter/files/*.woff2 565 KiB (asset) 1.72 KiB (javascript) 42 modules
    modules by path ../node_modules/@fontsource/inter/files/*.woff 740 KiB (asset) 1.72 KiB (javascript) 42 modules
  consume-shared-module modules 1.64 KiB
    modules by path consume shared module (default) @patternfly/ 1.44 KiB 35 modules
    modules by path *.1 (singleton) 84 bytes 2 modules
    + 3 modules
  provide-module modules 1.44 KiB
    modules by path provide shared module (default) @patternfly/react-core/dist/dynamic/ 924 bytes 22 modules
    modules by path provide shared module (default) @patternfly/react-icons/dist/dynamic/icons/ 504 bytes 12 modules
    provide shared module (default) @patternfly/react-templates/dist/dynamic/compone...(truncated) 42 bytes [built] [code generated]

WARNING in asset size limit: The following asset(s) exceed the recommended size limit (244 KiB).
This can impact web performance.
Assets: 
  9911-chunk-d5678a1d8861af23fdb1.min.js (2.59 MiB)

webpack 5.106.2 compiled with 1 warning in 84427 ms
--> 20f9f795b00e
[linux/amd64] [2/3] STEP 1/11: FROM registry.access.redhat.com/ubi9/go-toolset:1.26 AS go-builder
Trying to pull registry.access.redhat.com/ubi9/go-toolset:1.26...
Getting image source signatures
Checking if image destination supports signatures
Copying blob sha256:d42ebadf4fab39879420f670effc5339dbb3a965f10cfc9e893812a82359ca96
Copying blob sha256:a65b1d5fa71f2275b83830542c74d937ba4151138631910bd375d577f8ceeed8
Copying blob sha256:7e1f79224b0668cff86172f85305621504ef2f1a15768b9ed272ea1f1a0e4e4d
Copying blob sha256:e9032009b40b3fd04712dfd72a34308c80cfcbc96e34411b01d746a758eb327f
Copying config sha256:4503554399b4b9c5265bafc26dfb5eea1cce8ae46cc8d424457c10ecfa1814df
Writing manifest to image destination
Storing signatures
[linux/amd64] [2/3] STEP 2/11: WORKDIR /opt/app-root
--> Using cache af1cfc364e02bbbe152a266e3b4e766d012ba8761df2219b036428533bcaa1d1
--> af1cfc364e02
[linux/amd64] [2/3] STEP 3/11: COPY Makefile Makefile
--> Using cache 4e9cce7ee01fa7c70afb2d7feeebfe323d30672cd190195818dbe76c523f4178
--> 4e9cce7ee01f
[linux/amd64] [2/3] STEP 4/11: COPY go.mod go.mod
--> Using cache 947606859b1960bb26d0ee879c53b55e5ae152d407b11be10ca36aa957e49b1f
--> 947606859b19
[linux/amd64] [2/3] STEP 5/11: COPY go.sum go.sum
--> Using cache 0bdbe3d92a9c0852171fd2f2881c6f122b57447f99a03cd020432e4bd751c481
--> 0bdbe3d92a9c
[linux/amd64] [2/3] STEP 6/11: RUN go mod download
--> Using cache fa011af35065cd063f5b81d5941a4687ad9a6b1b020f49eedc5acffeb8583c0c
--> fa011af35065
[linux/amd64] [2/3] STEP 7/11: COPY cmd/ cmd/
--> Using cache c5aa9f5fe1146e2c853ccc4ae288c842de51eccc051142dd19130f3fb1f88d57
--> c5aa9f5fe114
[linux/amd64] [2/3] STEP 8/11: COPY pkg/ pkg/
--> Using cache 0ed69e243a626e5d11b684b765cd49562ecdf08c153998dceb989520962dbe68
--> 0ed69e243a62
[linux/amd64] [2/3] STEP 9/11: ENV GOEXPERIMENT=strictfipsruntime
--> Using cache f15df9faf5d107eb2708f25486600e0ec33b50b614ab2665b29f542ab67bb641
--> f15df9faf5d1
[linux/amd64] [2/3] STEP 10/11: ENV CGO_ENABLED=1
--> Using cache 9773104c81d723cdcde69c596e436a7f76453e32c96f6b7cdec931068b713341
--> 9773104c81d7
[linux/amd64] [2/3] STEP 11/11: RUN make build-backend BUILD_OPTS="-tags strictfipsruntime"
--> Using cache 276b4604f062ed0b119f48af7e02b1e974bbb913486d51ffe547a57d66f331c3
--> 276b4604f062
[linux/arm64] [2/3] STEP 1/11: FROM registry.access.redhat.com/ubi9/go-toolset:1.26 AS go-builder
Trying to pull registry.access.redhat.com/ubi9/go-toolset:1.26...
Getting image source signatures
Checking if image destination supports signatures
Copying blob sha256:45930d601c4202f8f62b21cd0a99019c00cd0af6e243187962defb645a49ab77
Copying blob sha256:f00a3ea30fea862d594c88740f011c234eb0b745138910c83abb92b28517593d
Copying blob sha256:9f54e374b06db8429b62d91af166f6a7caa34095b474b38a6853f75e9501072e
Copying blob sha256:45e8f34021ec53e3f4034c0aa42f88f43d2c6a70db6bcbe4da9c885fec121ca7
Copying config sha256:1b04da50b8a1a4d73cbc62e9438485bbb1219c003b0fef077d227b77d3fa7fb5
Writing manifest to image destination
Storing signatures
[linux/arm64] [2/3] STEP 2/11: WORKDIR /opt/app-root
--> Using cache a05232a4028fedcbdc5858a48a003ce3f0eaa6f7f55bf759968c0186ab9fecd0
--> a05232a4028f
[linux/arm64] [2/3] STEP 3/11: COPY Makefile Makefile
--> Using cache 35cc516cd1e235a66ef91e01b28dc9486da5f5666aa9729546034de8a103113b
--> 35cc516cd1e2
[linux/arm64] [2/3] STEP 4/11: COPY go.mod go.mod
--> Using cache 4f85b1f3084afcbfd1a52cb5bcd700defbc5c25465dea6f60cf8b6aafa9a1f01
--> 4f85b1f3084a
[linux/arm64] [2/3] STEP 5/11: COPY go.sum go.sum
--> Using cache 737cb39293f8d9021d9dbd09068ab83bf2f6c7a91d327080251d1f94dd85eae6
--> 737cb39293f8
[linux/arm64] [2/3] STEP 6/11: RUN go mod download
--> Using cache a97f566bc3322813b9990ee58c0d3d1b639185503c9d9a96e2f6228f9d2010d1
--> a97f566bc332
[linux/arm64] [2/3] STEP 7/11: COPY cmd/ cmd/
--> Using cache 4ee89d202814210b899749ed443a2181be4ab08c3f2ccc841249484084e2b355
--> 4ee89d202814
[linux/arm64] [2/3] STEP 8/11: COPY pkg/ pkg/
--> Using cache 79820c6814aaadb1754cd4ac704aa00ca19da9e28e0b3edf7b29da8cb92248c2
--> 79820c6814aa
[linux/arm64] [2/3] STEP 9/11: ENV GOEXPERIMENT=strictfipsruntime
--> Using cache 923bac05c77eaf26c90b3a72d7a5881e0254a920491c9ad2b7f7ddc7f673c770
--> 923bac05c77e
[linux/arm64] [2/3] STEP 10/11: ENV CGO_ENABLED=1
--> Using cache 83cdd3939f27311c4e4b62a8f64fa53c6ecd58e222ccf50d2ae449cc3cd84932
--> 83cdd3939f27
[linux/arm64] [2/3] STEP 11/11: RUN make build-backend BUILD_OPTS="-tags strictfipsruntime"
--> Using cache 88b68cc4da15f29f58c1dd92d0f43f64fa784f818c78c328d647131f16f57ffa
--> 88b68cc4da15
[linux/amd64] [3/3] STEP 1/4: FROM registry.access.redhat.com/ubi9/ubi-minimal
Trying to pull registry.access.redhat.com/ubi9/ubi-minimal:latest...
Getting image source signatures
Checking if image destination supports signatures
Copying blob sha256:8af57f051b373375a1be8f892172089259ad624ed8452291226c539055e60228
Copying config sha256:659f819f47f8e8d2348bd9243d2ef17f39a9cc97ee1964b1cf1f83d428090213
Writing manifest to image destination
Storing signatures
[linux/amd64] [3/3] STEP 2/4: COPY --from=web-builder /opt/app-root/web/dist /opt/app-root/web/dist
--> b8351ab06fcc
[linux/amd64] [3/3] STEP 3/4: COPY --from=go-builder /opt/app-root/plugin-backend /opt/app-root
--> 8c3bb711ebf5
[linux/amd64] [3/3] STEP 4/4: ENTRYPOINT ["/opt/app-root/plugin-backend", "-static-path", "/opt/app-root/web/dist", "-config-path", "/opt/app-root/web/dist"]
[linux/amd64] [3/3] COMMIT
--> 50306d66d88b
[linux/arm64] [3/3] STEP 1/4: FROM registry.access.redhat.com/ubi9/ubi-minimal
50306d66d88b63af4f2fca8faa81e749b1953019e67a21fd95aa8cefae1c53c2
Trying to pull registry.access.redhat.com/ubi9/ubi-minimal:latest...
Getting image source signatures
Checking if image destination supports signatures
Copying blob sha256:96c16ad0505847764761c5c4d0a82cd8a619f3e93c57f6a4b081cb9d4d0dd3e7
Copying config sha256:dc66a34eca2d77aebb3d6349e06bbb118c0571f172e297eea776d8aa352899e7
Writing manifest to image destination
Storing signatures
[linux/arm64] [3/3] STEP 2/4: COPY --from=web-builder /opt/app-root/web/dist /opt/app-root/web/dist
--> 1a6223d87dce
[linux/arm64] [3/3] STEP 3/4: COPY --from=go-builder /opt/app-root/plugin-backend /opt/app-root
--> 71c8a06bbd2a
[linux/arm64] [3/3] STEP 4/4: ENTRYPOINT ["/opt/app-root/plugin-backend", "-static-path", "/opt/app-root/web/dist", "-config-path", "/opt/app-root/web/dist"]
[linux/arm64] [3/3] COMMIT
--> dd4a9ba9dce2
dd4a9ba9dce22d0fe9deb3550fda225c72adc82193ae65a8e8a95e7a6067e735
podman manifest push quay.io/rh-ee-emurasak/distributed-tracing-console-plugin:v1.1.0
Getting image list signatures
Copying 2 images generated from 2 images in list
Copying image sha256:f4bfae8825b1a49a6886ff547944e2bb47cf6cc24930a04aee8e32b6a7262a91 (1/2)
Getting image source signatures
Copying blob sha256:1c0dc3d8c2ef999c5318c969e8b468826d381d0f01516dbbc8040ebe54df1185
Copying blob sha256:eb31fffb4653a560fe98f0cdf1563599483471410f682eef43f925913573d867
Copying blob sha256:bca80227b12788ea76036eaa83a6d1756ac1ef86eb22a11497b81bfa808d4a24
Copying config sha256:50306d66d88b63af4f2fca8faa81e749b1953019e67a21fd95aa8cefae1c53c2
Writing manifest to image destination
Copying image sha256:0e2967c3b1f685bb50b921b2dc5e4797e4d7f61ecdd8a5436eceef203e69549a (2/2)
Getting image source signatures
Copying blob sha256:58cfc98343864a59a359ead5ac8542fe6ccc60ee326aa7dd9d558a469fb219f1
Copying blob sha256:228d3d093b243661f2bbd4be6cc0e4a91af886b882ca37d67a2522d8dc67af93
Copying blob sha256:13cc3db2af3547d85b283bde965043d87e02350a35143484c843e524798b5dbf
Copying config sha256:dd4a9ba9dce22d0fe9deb3550fda225c72adc82193ae65a8e8a95e7a6067e735
Writing manifest to image destination
Writing manifest list to image destination
Storing list signatures
==========================================
Building troubleshooting-panel-console-plugin @ release-coo-ocp-4.22 with VERSION=v1.0.0 ORG=rh-ee-emurasak
==========================================
Switched to branch 'release-coo-ocp-4.22'
Your branch is behind 'origin/release-coo-ocp-4.22' by 2 commits, and can be fast-forwarded.
  (use "git pull" to update your local branch)
From https://github.com/openshift/troubleshooting-panel-console-plugin
 * branch            release-coo-ocp-4.22 -> FETCH_HEAD
Updating 94d11ba..5b562b1
Fast-forward
 Dockerfile            |   6 +-
 Dockerfile.cypress    |   2 +-
 Dockerfile.konflux    |  53 ----
 go.mod                |   2 +-
 web/package-lock.json | 860 +++++++++++++++++++++++---------------------------
 web/package.json      |   8 +-
 6 files changed, 410 insertions(+), 521 deletions(-)
 delete mode 100644 Dockerfile.konflux
--- Attempt 1/3 ---
podman manifest rm quay.io/rh-ee-emurasak/troubleshooting-panel-console-plugin:v1.0.0 || true
Error: quay.io/rh-ee-emurasak/troubleshooting-panel-console-plugin:v1.0.0: image not known
podman manifest create quay.io/rh-ee-emurasak/troubleshooting-panel-console-plugin:v1.0.0
93b2c68002bae0dde8c6310417064903b23e6cdeef816356217a1240661ec3db
podman build --platform=linux/arm64,linux/amd64 --manifest quay.io/rh-ee-emurasak/troubleshooting-panel-console-plugin:v1.0.0 -f Dockerfile
[linux/amd64] [1/3] STEP 1/8: FROM registry.access.redhat.com/ubi9/nodejs-22:latest AS web-builder
Trying to pull registry.access.redhat.com/ubi9/nodejs-22:latest...
Getting image source signatures
Checking if image destination supports signatures
Copying blob sha256:282d0d24d7fbf867c5fcf0074ef814120603d793df3c6b07803f4fe4f13e8364
Copying blob sha256:a65b1d5fa71f2275b83830542c74d937ba4151138631910bd375d577f8ceeed8
Copying blob sha256:7e1f79224b0668cff86172f85305621504ef2f1a15768b9ed272ea1f1a0e4e4d
Copying config sha256:0ccc4acadf8fe652aee3bd1e9b848aa1ddb72cc4db9269dc719a72a71892e157
Writing manifest to image destination
Storing signatures
[linux/amd64] [1/3] STEP 2/8: WORKDIR /opt/app-root
--> Using cache 25f952364c18dec697621ccdf03fe10655339de2dbbbf27c4486edb5a1c24341
--> 25f952364c18
[linux/amd64] [1/3] STEP 3/8: USER 0
--> Using cache 7b8705aab315b50a437e2e7c2f502baa54d72938a85870d51e91af51dabda800
--> 7b8705aab315
[linux/amd64] [1/3] STEP 4/8: COPY web/package*.json web/
--> d2191c9df61b
[linux/amd64] [1/3] STEP 5/8: COPY Makefile Makefile
--> 905e924bf1df
[linux/amd64] [1/3] STEP 6/8: RUN make install-frontend
cd web && npm install
npm warn deprecated whatwg-encoding@3.1.1: Use @exodus/bytes instead for a more spec-conformant and faster implementation
npm warn deprecated rimraf@3.0.2: Rimraf versions prior to v4 are no longer supported
npm warn deprecated inflight@1.0.6: This module is not supported, and leaks memory. Do not use it. Check out lru-cache if you want a good and tested way to coalesce async requests by a key value, which is much more comprehensive and powerful.
npm warn deprecated glob@7.2.3: Old versions of glob are not supported, and contain widely publicized security vulnerabilities, which have been fixed in the current version. Please update. Support for old versions may be purchased (at exorbitant rates) by contacting i@izs.me
npm warn deprecated i18next-parser@9.4.0: Project is deprecated, use i18next-cli instead
npm warn deprecated domexception@4.0.0: Use your platform's native DOMException instead
npm warn deprecated abab@2.0.6: Use your platform's native atob() and btoa() methods instead
npm warn deprecated popper.js@1.16.1: You can find the new Popper v2 at @popperjs/core, this package is dedicated to the legacy v1
npm warn deprecated @fortawesome/react-fontawesome@0.2.6: v0.2.x is no longer supported. Unless you are still using FontAwesome 5, please update to v3.1.1 or greater.
npm warn deprecated whatwg-encoding@2.0.0: Use @exodus/bytes instead for a more spec-conformant and faster implementation
npm warn deprecated glob@10.5.0: Old versions of glob are not supported, and contain widely publicized security vulnerabilities, which have been fixed in the current version. Please update. Support for old versions may be purchased (at exorbitant rates) by contacting i@izs.me
npm warn deprecated whatwg-encoding@2.0.0: Use @exodus/bytes instead for a more spec-conformant and faster implementation
npm warn deprecated glob@10.5.0: Old versions of glob are not supported, and contain widely publicized security vulnerabilities, which have been fixed in the current version. Please update. Support for old versions may be purchased (at exorbitant rates) by contacting i@izs.me

added 1558 packages, and audited 1559 packages in 1m

331 packages are looking for funding
  run `npm fund` for details

21 vulnerabilities (1 low, 17 moderate, 3 high)

To address issues that do not require attention, run:
  npm audit fix

To address all issues (including breaking changes), run:
  npm audit fix --force

Run `npm audit` for details.
--> 10fdf448e031
[linux/amd64] [1/3] STEP 7/8: COPY web/ web/
--> a81d4312f2a7
[linux/amd64] [1/3] STEP 8/8: RUN make build-frontend
cd web && npm run lint && npm run lint:tsc

> troubleshooting-panel-console-plugin@0.4.0 lint
> eslint ./src --fix &&  stylelint "src/**/*.css" --allow-empty-input --fix


> troubleshooting-panel-console-plugin@0.4.0 lint:tsc
> tsc --noEmit

cd web && npm run i18n && npm run build

> troubleshooting-panel-console-plugin@0.4.0 i18n
> i18n-scripts/build-i18n.sh && node i18n-scripts/set-english-defaults.js

+ FILE_PATTERN='{!(dist|node_modules)/**/*.{js,jsx,ts,tsx,json},*.{js,jsx,ts,tsx,json}}'
+ i18next '{!(dist|node_modules)/**/*.{js,jsx,ts,tsx,json},*.{js,jsx,ts,tsx,json}}' '[-oc]' -c ./i18next-parser.config.js -o 'locales/$LOCALE/$NAMESPACE.json'

  i18next Parser
  --------------
  Input:  {!(dist|node_modules)/**/*.{js,jsx,ts,tsx,json},*.{js,jsx,ts,tsx,json}}, [-oc]
  Output: locales/$LOCALE/$NAMESPACE.json

  [read]    /opt/app-root/web/console-extensions.json
  [read]    /opt/app-root/web/cypress.config.ts
  [read]    /opt/app-root/web/cypress/e2e/acceptance.cy.ts
  [read]    /opt/app-root/web/cypress/fixtures/data-test.ts
  [read]    /opt/app-root/web/cypress/support/commands/auth-commands.ts
  [read]    /opt/app-root/web/cypress/support/commands/env.ts
  [read]    /opt/app-root/web/cypress/support/commands/selector-commands.ts
  [read]    /opt/app-root/web/cypress/support/commands/troubeshoot-commands.ts
  [read]    /opt/app-root/web/cypress/support/commands/utility-commands.ts
  [read]    /opt/app-root/web/cypress/support/e2e.ts
  [read]    /opt/app-root/web/cypress/tsconfig.json
  [read]    /opt/app-root/web/cypress/views/nav.ts
  [read]    /opt/app-root/web/cypress/views/tour.ts
  [read]    /opt/app-root/web/cypress/views/utils.ts
  [read]    /opt/app-root/web/eslint.config.ts
  [read]    /opt/app-root/web/i18n-scripts/common.js
  [read]    /opt/app-root/web/i18n-scripts/set-english-defaults.js
  [read]    /opt/app-root/web/i18next-parser.config.js
  [read]    /opt/app-root/web/jest.config.js
  [read]    /opt/app-root/web/locales/en/plugin__troubleshooting-panel-console-plugin.json
  [read]    /opt/app-root/web/openapi-ts.config.ts
  [read]    /opt/app-root/web/package-lock.json
  [read]    /opt/app-root/web/package.json
  [read]    /opt/app-root/web/src/__tests__/agentNavigation.spec.ts
  [read]    /opt/app-root/web/src/__tests__/alert.spec.ts
  [read]    /opt/app-root/web/src/__tests__/icons-preview.spec.tsx
  [read]    /opt/app-root/web/src/__tests__/k8s.spec.ts
  [read]    /opt/app-root/web/src/__tests__/log.spec.ts
  [read]    /opt/app-root/web/src/__tests__/metric.spec.ts
  [read]    /opt/app-root/web/src/__tests__/netflow.spec.ts
  [read]    /opt/app-root/web/src/__tests__/status.spec.ts
  [read]    /opt/app-root/web/src/__tests__/time.spec.ts
  [read]    /opt/app-root/web/src/__tests__/trace.spec.ts
  [read]    /opt/app-root/web/src/__tests__/types.spec.ts
  [read]    /opt/app-root/web/src/components/AdvancedSearchForm.tsx
  [read]    /opt/app-root/web/src/components/AgentMenu.tsx
  [read]    /opt/app-root/web/src/components/AIExperienceIcon.tsx
  [read]    /opt/app-root/web/src/components/DateTimePicker.tsx
  [read]    /opt/app-root/web/src/components/DateTimeRangePicker.tsx
  [read]    /opt/app-root/web/src/components/HelpPopover.tsx
  [read]    /opt/app-root/web/src/components/icons.tsx
  [read]    /opt/app-root/web/src/components/Korrel8rPanel.tsx
  [read]    /opt/app-root/web/src/components/KubernetesIcon.tsx
  [read]    /opt/app-root/web/src/components/NullContextProvider.tsx
  [read]    /opt/app-root/web/src/components/Popover.tsx
  [read]    /opt/app-root/web/src/components/TimeRangeDropdown.tsx
  [read]    /opt/app-root/web/src/components/TimeUnitPicker.tsx
  [read]    /opt/app-root/web/src/components/topology/Korrel8rTopology.tsx
  [read]    /opt/app-root/web/src/components/topology/status.ts
  [read]    /opt/app-root/web/src/encoder-shim.ts
  [read]    /opt/app-root/web/src/getResources.ts
  [read]    /opt/app-root/web/src/hooks/useAgentNavigation.ts
  [read]    /opt/app-root/web/src/hooks/useBoolean.ts
  [read]    /opt/app-root/web/src/hooks/useDomains.tsx
  [read]    /opt/app-root/web/src/hooks/useFeatures.ts
  [read]    /opt/app-root/web/src/hooks/useLocationQuery.ts
  [read]    /opt/app-root/web/src/hooks/useNavigateToQuery.ts
  [read]    /opt/app-root/web/src/hooks/usePluginAvailable.ts
  [read]    /opt/app-root/web/src/hooks/usePopover.tsx
  [read]    /opt/app-root/web/src/hooks/useTimeUnitLabel.tsx
  [read]    /opt/app-root/web/src/hooks/useTroubleshootingPanel.tsx
  [read]    /opt/app-root/web/src/index.d.ts
  [read]    /opt/app-root/web/src/korrel8r-client.ts
  [read]    /opt/app-root/web/src/korrel8r/alert.ts
  [read]    /opt/app-root/web/src/korrel8r/client/client.gen.ts
  [read]    /opt/app-root/web/src/korrel8r/client/client/client.gen.ts
  [read]    /opt/app-root/web/src/korrel8r/client/client/index.ts
  [read]    /opt/app-root/web/src/korrel8r/client/client/types.gen.ts
  [read]    /opt/app-root/web/src/korrel8r/client/client/utils.gen.ts
  [read]    /opt/app-root/web/src/korrel8r/client/core/auth.gen.ts
  [read]    /opt/app-root/web/src/korrel8r/client/core/bodySerializer.gen.ts
  [read]    /opt/app-root/web/src/korrel8r/client/core/params.gen.ts
  [read]    /opt/app-root/web/src/korrel8r/client/core/pathSerializer.gen.ts
  [read]    /opt/app-root/web/src/korrel8r/client/core/queryKeySerializer.gen.ts
  [read]    /opt/app-root/web/src/korrel8r/client/core/serverSentEvents.gen.ts
  [read]    /opt/app-root/web/src/korrel8r/client/core/types.gen.ts
  [read]    /opt/app-root/web/src/korrel8r/client/core/utils.gen.ts
  [read]    /opt/app-root/web/src/korrel8r/client/index.ts
  [read]    /opt/app-root/web/src/korrel8r/client/sdk.gen.ts
  [read]    /opt/app-root/web/src/korrel8r/client/types.gen.ts
  [read]    /opt/app-root/web/src/korrel8r/k8s.ts
  [read]    /opt/app-root/web/src/korrel8r/log.ts
  [read]    /opt/app-root/web/src/korrel8r/metric.ts
  [read]    /opt/app-root/web/src/korrel8r/netflow.ts
  [read]    /opt/app-root/web/src/korrel8r/trace.ts
  [read]    /opt/app-root/web/src/korrel8r/types.ts
  [read]    /opt/app-root/web/src/redux-actions.ts
  [read]    /opt/app-root/web/src/redux-reducers.ts
  [read]    /opt/app-root/web/src/sleep.ts
  [read]    /opt/app-root/web/src/time.ts
  [read]    /opt/app-root/web/tsconfig.json
  [read]    /opt/app-root/web/webpack.config.ts
  [write]   /opt/app-root/web/locales/en/plugin__troubleshooting-panel-console-plugin.json

  Stats:  92 files were parsed

> troubleshooting-panel-console-plugin@0.4.0 build
> npm run clean && npm run ts-node node_modules/.bin/webpack


> troubleshooting-panel-console-plugin@0.4.0 clean
> rm -rf dist


> troubleshooting-panel-console-plugin@0.4.0 ts-node
> ts-node -O '{"module":"commonjs"}' node_modules/.bin/webpack

@patternfly/react-core dynamic modules taken from dist/dynamic-modules.json
@patternfly/react-icons dynamic modules taken from dist/dynamic-modules.json
assets by path *.js 4.68 MiB
  assets by chunk 3.63 MiB (id hint: vendors)
    asset vendors-node_modules_fortawesome_react-fontawesome_index_es_js-node_modules_patternfly_react--68e614-chunk.js 1.4 MiB [emitted] (id hint: vendors) 1 related asset
    asset vendors-node_modules_patternfly_react-core_dist_esm_helpers_Popper_Popper_js-chunk.js 1.16 MiB [emitted] (id hint: vendors) 1 related asset
    asset vendors-node_modules_immutable_dist_immutable_es_js-node_modules_typesafe-actions_dist_typesa-cdf261-chunk.js 183 KiB [emitted] (id hint: vendors) 1 related asset
    asset vendors-node_modules_patternfly_react-core_dist_esm_components_DatePicker_index_js-chunk.js 94.8 KiB [emitted] (id hint: vendors) 1 related asset
    asset vendors-node_modules_patternfly_react-core_dist_esm_components_Menu_Menu_js-node_modules_patt-b35725-chunk.js 90.8 KiB [emitted] (id hint: vendors) 1 related asset
    asset vendors-node_modules_patternfly_react-core_dist_esm_helpers_FocusTrap_FocusTrap_js-node_modul-246622-chunk.js 80.1 KiB [emitted] (id hint: vendors) 1 related asset
    asset vendors-node_modules_patternfly_react-core_dist_esm_components_Form_index_js-chunk.js 63.3 KiB [emitted] (id hint: vendors) 1 related asset
    asset vendors-node_modules_patternfly_react-core_dist_esm_components_TimePicker_index_js-chunk.js 56.3 KiB [emitted] (id hint: vendors) 1 related asset
    asset vendors-node_modules_patternfly_react-core_dist_esm_components_EmptyState_index_js-chunk.js 54.1 KiB [emitted] (id hint: vendors) 1 related asset
    + 13 assets
  + 84 assets
asset locales/en/plugin__troubleshooting-panel-console-plugin.json 3.61 KiB [emitted] [from: ../locales/en/plugin__troubleshooting-panel-console-plugin.json] [copied]
asset plugin-manifest.json 1.19 KiB [emitted]
orphan modules 48.9 KiB [orphan] 74 modules
runtime modules 89.5 KiB 12 modules
javascript modules 3.21 MiB 400 modules
consume-shared-module modules 2.09 KiB
  modules by path consume shared module (default) @patternfly/ 1.89 KiB 46 modules
  modules by path *.1 (singleton) 84 bytes 2 modules
  + 3 modules
provide-module modules 1.85 KiB
  modules by path provide shared module (default) @patternfly/react-core/dist/dynamic/ 1.23 KiB 30 modules
  modules by path provide shared module (default) @patternfly/react-icons/dist/dynamic/icons/ 630 bytes
    provide shared module (default) @patternfly/react-icons/dist/dynamic/icons/atten...(truncated) 42 bytes [built] [code generated]
    provide shared module (default) @patternfly/react-icons/dist/dynamic/icons/ban-i...(truncated) 42 bytes [built] [code generated]
    + 13 modules
../node_modules/@fortawesome/fontawesome-svg-core/package.json 1.39 KiB [optional] [built] [code generated]
webpack 5.106.0 compiled successfully in 4139 ms
--> 2ffe77c91013
[linux/arm64] [1/3] STEP 1/8: FROM registry.access.redhat.com/ubi9/nodejs-22:latest AS web-builder
Trying to pull registry.access.redhat.com/ubi9/nodejs-22:latest...
Getting image source signatures
Checking if image destination supports signatures
Copying blob sha256:9646992efe070a3bd6c556d5bfd825b8ffbc51f371288f7eb152d2d852939056
Copying blob sha256:f00a3ea30fea862d594c88740f011c234eb0b745138910c83abb92b28517593d
Copying blob sha256:9f54e374b06db8429b62d91af166f6a7caa34095b474b38a6853f75e9501072e
Copying config sha256:404bfb706f719cb0fdb063441e6c5404e5ce5228389a38c0ab4dda7570ece9f6
Writing manifest to image destination
Storing signatures
[linux/arm64] [1/3] STEP 2/8: WORKDIR /opt/app-root
--> Using cache 8d7f4d666d8b2966000dfdbddaf0f201f102b80d182b42918646bca008497d32
--> 8d7f4d666d8b
[linux/arm64] [1/3] STEP 3/8: USER 0
--> Using cache ab40718f6d3d3469511e8bdb5e14133d0b8570fbf01d414c2b0398600f6e9b81
--> ab40718f6d3d
[linux/arm64] [1/3] STEP 4/8: COPY web/package*.json web/
--> 8a1ee49d2155
[linux/arm64] [1/3] STEP 5/8: COPY Makefile Makefile
--> e66e279fc5ca
[linux/arm64] [1/3] STEP 6/8: RUN make install-frontend
cd web && npm install
npm warn deprecated whatwg-encoding@3.1.1: Use @exodus/bytes instead for a more spec-conformant and faster implementation
npm warn deprecated rimraf@3.0.2: Rimraf versions prior to v4 are no longer supported
npm warn deprecated popper.js@1.16.1: You can find the new Popper v2 at @popperjs/core, this package is dedicated to the legacy v1
npm warn deprecated inflight@1.0.6: This module is not supported, and leaks memory. Do not use it. Check out lru-cache if you want a good and tested way to coalesce async requests by a key value, which is much more comprehensive and powerful.
npm warn deprecated i18next-parser@9.4.0: Project is deprecated, use i18next-cli instead
npm warn deprecated glob@7.2.3: Old versions of glob are not supported, and contain widely publicized security vulnerabilities, which have been fixed in the current version. Please update. Support for old versions may be purchased (at exorbitant rates) by contacting i@izs.me
npm warn deprecated domexception@4.0.0: Use your platform's native DOMException instead
npm warn deprecated abab@2.0.6: Use your platform's native atob() and btoa() methods instead
npm warn deprecated @fortawesome/react-fontawesome@0.2.6: v0.2.x is no longer supported. Unless you are still using FontAwesome 5, please update to v3.1.1 or greater.
npm warn deprecated glob@10.5.0: Old versions of glob are not supported, and contain widely publicized security vulnerabilities, which have been fixed in the current version. Please update. Support for old versions may be purchased (at exorbitant rates) by contacting i@izs.me
npm warn deprecated glob@10.5.0: Old versions of glob are not supported, and contain widely publicized security vulnerabilities, which have been fixed in the current version. Please update. Support for old versions may be purchased (at exorbitant rates) by contacting i@izs.me
npm warn deprecated whatwg-encoding@2.0.0: Use @exodus/bytes instead for a more spec-conformant and faster implementation
npm warn deprecated whatwg-encoding@2.0.0: Use @exodus/bytes instead for a more spec-conformant and faster implementation

added 1558 packages, and audited 1559 packages in 57s

331 packages are looking for funding
  run `npm fund` for details

21 vulnerabilities (1 low, 17 moderate, 3 high)

To address issues that do not require attention, run:
  npm audit fix

To address all issues (including breaking changes), run:
  npm audit fix --force

Run `npm audit` for details.
--> 35b6591c9612
[linux/arm64] [1/3] STEP 7/8: COPY web/ web/
--> 8cbff0b7bd22
[linux/arm64] [1/3] STEP 8/8: RUN make build-frontend
cd web && npm run lint && npm run lint:tsc

> troubleshooting-panel-console-plugin@0.4.0 lint
> eslint ./src --fix &&  stylelint "src/**/*.css" --allow-empty-input --fix


> troubleshooting-panel-console-plugin@0.4.0 lint:tsc
> tsc --noEmit

cd web && npm run i18n && npm run build

> troubleshooting-panel-console-plugin@0.4.0 i18n
> i18n-scripts/build-i18n.sh && node i18n-scripts/set-english-defaults.js

+ FILE_PATTERN='{!(dist|node_modules)/**/*.{js,jsx,ts,tsx,json},*.{js,jsx,ts,tsx,json}}'
+ i18next '{!(dist|node_modules)/**/*.{js,jsx,ts,tsx,json},*.{js,jsx,ts,tsx,json}}' '[-oc]' -c ./i18next-parser.config.js -o 'locales/$LOCALE/$NAMESPACE.json'

  i18next Parser
  --------------
  Input:  {!(dist|node_modules)/**/*.{js,jsx,ts,tsx,json},*.{js,jsx,ts,tsx,json}}, [-oc]
  Output: locales/$LOCALE/$NAMESPACE.json

  [read]    /opt/app-root/web/console-extensions.json
  [read]    /opt/app-root/web/cypress.config.ts
  [read]    /opt/app-root/web/cypress/e2e/acceptance.cy.ts
  [read]    /opt/app-root/web/cypress/fixtures/data-test.ts
  [read]    /opt/app-root/web/cypress/support/commands/auth-commands.ts
  [read]    /opt/app-root/web/cypress/support/commands/env.ts
  [read]    /opt/app-root/web/cypress/support/commands/selector-commands.ts
  [read]    /opt/app-root/web/cypress/support/commands/troubeshoot-commands.ts
  [read]    /opt/app-root/web/cypress/support/commands/utility-commands.ts
  [read]    /opt/app-root/web/cypress/support/e2e.ts
  [read]    /opt/app-root/web/cypress/tsconfig.json
  [read]    /opt/app-root/web/cypress/views/nav.ts
  [read]    /opt/app-root/web/cypress/views/tour.ts
  [read]    /opt/app-root/web/cypress/views/utils.ts
  [read]    /opt/app-root/web/eslint.config.ts
  [read]    /opt/app-root/web/i18n-scripts/common.js
  [read]    /opt/app-root/web/i18n-scripts/set-english-defaults.js
  [read]    /opt/app-root/web/i18next-parser.config.js
  [read]    /opt/app-root/web/jest.config.js
  [read]    /opt/app-root/web/locales/en/plugin__troubleshooting-panel-console-plugin.json
  [read]    /opt/app-root/web/openapi-ts.config.ts
  [read]    /opt/app-root/web/package-lock.json
  [read]    /opt/app-root/web/package.json
  [read]    /opt/app-root/web/src/__tests__/agentNavigation.spec.ts
  [read]    /opt/app-root/web/src/__tests__/alert.spec.ts
  [read]    /opt/app-root/web/src/__tests__/icons-preview.spec.tsx
  [read]    /opt/app-root/web/src/__tests__/k8s.spec.ts
  [read]    /opt/app-root/web/src/__tests__/log.spec.ts
  [read]    /opt/app-root/web/src/__tests__/metric.spec.ts
  [read]    /opt/app-root/web/src/__tests__/netflow.spec.ts
  [read]    /opt/app-root/web/src/__tests__/status.spec.ts
  [read]    /opt/app-root/web/src/__tests__/time.spec.ts
  [read]    /opt/app-root/web/src/__tests__/trace.spec.ts
  [read]    /opt/app-root/web/src/__tests__/types.spec.ts
  [read]    /opt/app-root/web/src/components/AdvancedSearchForm.tsx
  [read]    /opt/app-root/web/src/components/AgentMenu.tsx
  [read]    /opt/app-root/web/src/components/AIExperienceIcon.tsx
  [read]    /opt/app-root/web/src/components/DateTimePicker.tsx
  [read]    /opt/app-root/web/src/components/DateTimeRangePicker.tsx
  [read]    /opt/app-root/web/src/components/HelpPopover.tsx
  [read]    /opt/app-root/web/src/components/icons.tsx
  [read]    /opt/app-root/web/src/components/Korrel8rPanel.tsx
  [read]    /opt/app-root/web/src/components/KubernetesIcon.tsx
  [read]    /opt/app-root/web/src/components/NullContextProvider.tsx
  [read]    /opt/app-root/web/src/components/Popover.tsx
  [read]    /opt/app-root/web/src/components/TimeRangeDropdown.tsx
  [read]    /opt/app-root/web/src/components/TimeUnitPicker.tsx
  [read]    /opt/app-root/web/src/components/topology/Korrel8rTopology.tsx
  [read]    /opt/app-root/web/src/components/topology/status.ts
  [read]    /opt/app-root/web/src/encoder-shim.ts
  [read]    /opt/app-root/web/src/getResources.ts
  [read]    /opt/app-root/web/src/hooks/useAgentNavigation.ts
  [read]    /opt/app-root/web/src/hooks/useBoolean.ts
  [read]    /opt/app-root/web/src/hooks/useDomains.tsx
  [read]    /opt/app-root/web/src/hooks/useFeatures.ts
  [read]    /opt/app-root/web/src/hooks/useLocationQuery.ts
  [read]    /opt/app-root/web/src/hooks/useNavigateToQuery.ts
  [read]    /opt/app-root/web/src/hooks/usePluginAvailable.ts
  [read]    /opt/app-root/web/src/hooks/usePopover.tsx
  [read]    /opt/app-root/web/src/hooks/useTimeUnitLabel.tsx
  [read]    /opt/app-root/web/src/hooks/useTroubleshootingPanel.tsx
  [read]    /opt/app-root/web/src/index.d.ts
  [read]    /opt/app-root/web/src/korrel8r-client.ts
  [read]    /opt/app-root/web/src/korrel8r/alert.ts
  [read]    /opt/app-root/web/src/korrel8r/client/client.gen.ts
  [read]    /opt/app-root/web/src/korrel8r/client/client/client.gen.ts
  [read]    /opt/app-root/web/src/korrel8r/client/client/index.ts
  [read]    /opt/app-root/web/src/korrel8r/client/client/types.gen.ts
  [read]    /opt/app-root/web/src/korrel8r/client/client/utils.gen.ts
  [read]    /opt/app-root/web/src/korrel8r/client/core/auth.gen.ts
  [read]    /opt/app-root/web/src/korrel8r/client/core/bodySerializer.gen.ts
  [read]    /opt/app-root/web/src/korrel8r/client/core/params.gen.ts
  [read]    /opt/app-root/web/src/korrel8r/client/core/pathSerializer.gen.ts
  [read]    /opt/app-root/web/src/korrel8r/client/core/queryKeySerializer.gen.ts
  [read]    /opt/app-root/web/src/korrel8r/client/core/serverSentEvents.gen.ts
  [read]    /opt/app-root/web/src/korrel8r/client/core/types.gen.ts
  [read]    /opt/app-root/web/src/korrel8r/client/core/utils.gen.ts
  [read]    /opt/app-root/web/src/korrel8r/client/index.ts
  [read]    /opt/app-root/web/src/korrel8r/client/sdk.gen.ts
  [read]    /opt/app-root/web/src/korrel8r/client/types.gen.ts
  [read]    /opt/app-root/web/src/korrel8r/k8s.ts
  [read]    /opt/app-root/web/src/korrel8r/log.ts
  [read]    /opt/app-root/web/src/korrel8r/metric.ts
  [read]    /opt/app-root/web/src/korrel8r/netflow.ts
  [read]    /opt/app-root/web/src/korrel8r/trace.ts
  [read]    /opt/app-root/web/src/korrel8r/types.ts
  [read]    /opt/app-root/web/src/redux-actions.ts
  [read]    /opt/app-root/web/src/redux-reducers.ts
  [read]    /opt/app-root/web/src/sleep.ts
  [read]    /opt/app-root/web/src/time.ts
  [read]    /opt/app-root/web/tsconfig.json
  [read]    /opt/app-root/web/webpack.config.ts
  [write]   /opt/app-root/web/locales/en/plugin__troubleshooting-panel-console-plugin.json

  Stats:  92 files were parsed

> troubleshooting-panel-console-plugin@0.4.0 build
> npm run clean && npm run ts-node node_modules/.bin/webpack


> troubleshooting-panel-console-plugin@0.4.0 clean
> rm -rf dist


> troubleshooting-panel-console-plugin@0.4.0 ts-node
> ts-node -O '{"module":"commonjs"}' node_modules/.bin/webpack

@patternfly/react-core dynamic modules taken from dist/dynamic-modules.json
@patternfly/react-icons dynamic modules taken from dist/dynamic-modules.json
assets by path *.js 4.68 MiB
  assets by chunk 3.63 MiB (id hint: vendors)
    asset vendors-node_modules_fortawesome_react-fontawesome_index_es_js-node_modules_patternfly_react--68e614-chunk.js 1.4 MiB [emitted] (id hint: vendors) 1 related asset
    asset vendors-node_modules_patternfly_react-core_dist_esm_helpers_Popper_Popper_js-chunk.js 1.16 MiB [emitted] (id hint: vendors) 1 related asset
    asset vendors-node_modules_immutable_dist_immutable_es_js-node_modules_typesafe-actions_dist_typesa-cdf261-chunk.js 183 KiB [emitted] (id hint: vendors) 1 related asset
    asset vendors-node_modules_patternfly_react-core_dist_esm_components_DatePicker_index_js-chunk.js 94.8 KiB [emitted] (id hint: vendors) 1 related asset
    asset vendors-node_modules_patternfly_react-core_dist_esm_components_Menu_Menu_js-node_modules_patt-b35725-chunk.js 90.8 KiB [emitted] (id hint: vendors) 1 related asset
    asset vendors-node_modules_patternfly_react-core_dist_esm_helpers_FocusTrap_FocusTrap_js-node_modul-246622-chunk.js 80.1 KiB [emitted] (id hint: vendors) 1 related asset
    asset vendors-node_modules_patternfly_react-core_dist_esm_components_Form_index_js-chunk.js 63.3 KiB [emitted] (id hint: vendors) 1 related asset
    asset vendors-node_modules_patternfly_react-core_dist_esm_components_TimePicker_index_js-chunk.js 56.3 KiB [emitted] (id hint: vendors) 1 related asset
    asset vendors-node_modules_patternfly_react-core_dist_esm_components_EmptyState_index_js-chunk.js 54.1 KiB [emitted] (id hint: vendors) 1 related asset
    + 13 assets
  + 84 assets
asset locales/en/plugin__troubleshooting-panel-console-plugin.json 3.61 KiB [emitted] [from: ../locales/en/plugin__troubleshooting-panel-console-plugin.json] [copied]
asset plugin-manifest.json 1.19 KiB [emitted]
orphan modules 48.9 KiB [orphan] 74 modules
runtime modules 89.5 KiB 12 modules
javascript modules 3.21 MiB 400 modules
consume-shared-module modules 2.09 KiB
  modules by path consume shared module (default) @patternfly/ 1.89 KiB 46 modules
  modules by path *.1 (singleton) 84 bytes 2 modules
  + 3 modules
provide-module modules 1.85 KiB
  modules by path provide shared module (default) @patternfly/react-core/dist/dynamic/ 1.23 KiB 30 modules
  modules by path provide shared module (default) @patternfly/react-icons/dist/dynamic/icons/ 630 bytes
    provide shared module (default) @patternfly/react-icons/dist/dynamic/icons/atten...(truncated) 42 bytes [built] [code generated]
    provide shared module (default) @patternfly/react-icons/dist/dynamic/icons/ban-i...(truncated) 42 bytes [built] [code generated]
    + 13 modules
../node_modules/@fortawesome/fontawesome-svg-core/package.json 1.39 KiB [optional] [built] [code generated]
webpack 5.106.0 compiled successfully in 2231 ms
--> 424b9951e9dc
[linux/amd64] [2/3] STEP 1/11: FROM registry.access.redhat.com/ubi9/go-toolset:1.26 AS go-builder
Trying to pull registry.access.redhat.com/ubi9/go-toolset:1.26...
Getting image source signatures
Checking if image destination supports signatures
Copying blob sha256:d42ebadf4fab39879420f670effc5339dbb3a965f10cfc9e893812a82359ca96
Copying blob sha256:a65b1d5fa71f2275b83830542c74d937ba4151138631910bd375d577f8ceeed8
Copying blob sha256:7e1f79224b0668cff86172f85305621504ef2f1a15768b9ed272ea1f1a0e4e4d
Copying blob sha256:e9032009b40b3fd04712dfd72a34308c80cfcbc96e34411b01d746a758eb327f
Copying config sha256:4503554399b4b9c5265bafc26dfb5eea1cce8ae46cc8d424457c10ecfa1814df
Writing manifest to image destination
Storing signatures
[linux/amd64] [2/3] STEP 2/11: WORKDIR /opt/app-root
--> Using cache af1cfc364e02bbbe152a266e3b4e766d012ba8761df2219b036428533bcaa1d1
--> af1cfc364e02
[linux/amd64] [2/3] STEP 3/11: COPY Makefile Makefile
--> 27f9ca033aa5
[linux/amd64] [2/3] STEP 4/11: COPY go.mod go.mod
--> 8f1158e4093f
[linux/amd64] [2/3] STEP 5/11: COPY go.sum go.sum
--> bb752c922270
[linux/amd64] [2/3] STEP 6/11: RUN go mod download
--> a0ebb8e05017
[linux/amd64] [2/3] STEP 7/11: COPY cmd/ cmd/
--> 0feb914cbd99
[linux/amd64] [2/3] STEP 8/11: COPY pkg/ pkg/
--> dba392d65be8
[linux/amd64] [2/3] STEP 9/11: ENV GOEXPERIMENT=strictfipsruntime
--> f1ef5aa3fe92
[linux/amd64] [2/3] STEP 10/11: ENV CGO_ENABLED=1
--> e864ea47b87e
[linux/amd64] [2/3] STEP 11/11: RUN make build-backend BUILD_OPTS="-tags strictfipsruntime"
go build -tags strictfipsruntime -o plugin-backend -mod=readonly cmd/plugin-backend.go
--> ebc635cc3329
[linux/arm64] [2/3] STEP 1/11: FROM registry.access.redhat.com/ubi9/go-toolset:1.26 AS go-builder
Trying to pull registry.access.redhat.com/ubi9/go-toolset:1.26...
Getting image source signatures
Checking if image destination supports signatures
Copying blob sha256:45930d601c4202f8f62b21cd0a99019c00cd0af6e243187962defb645a49ab77
Copying blob sha256:f00a3ea30fea862d594c88740f011c234eb0b745138910c83abb92b28517593d
Copying blob sha256:45e8f34021ec53e3f4034c0aa42f88f43d2c6a70db6bcbe4da9c885fec121ca7
Copying blob sha256:9f54e374b06db8429b62d91af166f6a7caa34095b474b38a6853f75e9501072e
Copying config sha256:1b04da50b8a1a4d73cbc62e9438485bbb1219c003b0fef077d227b77d3fa7fb5
Writing manifest to image destination
Storing signatures
[linux/arm64] [2/3] STEP 2/11: WORKDIR /opt/app-root
--> Using cache a05232a4028fedcbdc5858a48a003ce3f0eaa6f7f55bf759968c0186ab9fecd0
--> a05232a4028f
[linux/arm64] [2/3] STEP 3/11: COPY Makefile Makefile
--> 9775761c984c
[linux/arm64] [2/3] STEP 4/11: COPY go.mod go.mod
--> 04934d00076b
[linux/arm64] [2/3] STEP 5/11: COPY go.sum go.sum
--> 667193e4d3a0
[linux/arm64] [2/3] STEP 6/11: RUN go mod download
--> 280a3066a039
[linux/arm64] [2/3] STEP 7/11: COPY cmd/ cmd/
--> 135360eca92b
[linux/arm64] [2/3] STEP 8/11: COPY pkg/ pkg/
--> da5f06403f7d
[linux/arm64] [2/3] STEP 9/11: ENV GOEXPERIMENT=strictfipsruntime
--> 904cfa23f674
[linux/arm64] [2/3] STEP 10/11: ENV CGO_ENABLED=1
--> ee5722aa6cda
[linux/arm64] [2/3] STEP 11/11: RUN make build-backend BUILD_OPTS="-tags strictfipsruntime"
go build -tags strictfipsruntime -o plugin-backend -mod=readonly cmd/plugin-backend.go
--> 2fc1ab2a2f99
[linux/amd64] [3/3] STEP 1/4: FROM registry.access.redhat.com/ubi9/ubi-minimal
Trying to pull registry.access.redhat.com/ubi9/ubi-minimal:latest...
Getting image source signatures
Checking if image destination supports signatures
Copying blob sha256:8af57f051b373375a1be8f892172089259ad624ed8452291226c539055e60228
Copying config sha256:659f819f47f8e8d2348bd9243d2ef17f39a9cc97ee1964b1cf1f83d428090213
Writing manifest to image destination
Storing signatures
[linux/amd64] [3/3] STEP 2/4: COPY --from=web-builder /opt/app-root/web/dist /opt/app-root/web/dist
--> 7f0a083470f5
[linux/amd64] [3/3] STEP 3/4: COPY --from=go-builder /opt/app-root/plugin-backend /opt/app-root
--> d10d80a680e8
[linux/amd64] [3/3] STEP 4/4: ENTRYPOINT ["/opt/app-root/plugin-backend", "-static-path", "/opt/app-root/web/dist"]
[linux/amd64] [3/3] COMMIT
--> a5ec05cc8553
[linux/arm64] [3/3] STEP 1/4: FROM registry.access.redhat.com/ubi9/ubi-minimal
a5ec05cc85530f3792eda982f242f78e04ccbb035b26024a407915abee48c37f
Trying to pull registry.access.redhat.com/ubi9/ubi-minimal:latest...
Getting image source signatures
Checking if image destination supports signatures
Copying blob sha256:96c16ad0505847764761c5c4d0a82cd8a619f3e93c57f6a4b081cb9d4d0dd3e7
Copying config sha256:dc66a34eca2d77aebb3d6349e06bbb118c0571f172e297eea776d8aa352899e7
Writing manifest to image destination
Storing signatures
[linux/arm64] [3/3] STEP 2/4: COPY --from=web-builder /opt/app-root/web/dist /opt/app-root/web/dist
--> d7b33356bee5
[linux/arm64] [3/3] STEP 3/4: COPY --from=go-builder /opt/app-root/plugin-backend /opt/app-root
--> 355f08fb627c
[linux/arm64] [3/3] STEP 4/4: ENTRYPOINT ["/opt/app-root/plugin-backend", "-static-path", "/opt/app-root/web/dist"]
[linux/arm64] [3/3] COMMIT
--> 858daad26de3
858daad26de38c66fc270630cd1c11e08a6f93305644bb4ca8e1df051d50c7e2
podman manifest push quay.io/rh-ee-emurasak/troubleshooting-panel-console-plugin:v1.0.0
Getting image list signatures
Copying 2 images generated from 2 images in list
Copying image sha256:2e4ef39b302fa4849da525d40990b280877ea9612a436eaf534198fe037a2006 (1/2)
Getting image source signatures
Copying blob sha256:99451383abfabb702f40eb5f462993ccecbd71f480ea24e05fc3b46d5ebb250a
Copying blob sha256:eb31fffb4653a560fe98f0cdf1563599483471410f682eef43f925913573d867
Copying blob sha256:5b015173bcf3ccdc36dc7f31c621ab6ea71ab1b3063539af7a241a96d2e07a3e
Copying config sha256:a5ec05cc85530f3792eda982f242f78e04ccbb035b26024a407915abee48c37f
Writing manifest to image destination
Copying image sha256:f4ade0f8427c64fd9f1f7fbd9c1fcc20cd2641c8e0f8376d35e36f19092a31bf (2/2)
Getting image source signatures
Copying blob sha256:1b95467578d932bc99a593b4c14988c8daeb041e826959b3c1e3c426de3f0ac8
Copying blob sha256:228d3d093b243661f2bbd4be6cc0e4a91af886b882ca37d67a2522d8dc67af93
Copying blob sha256:99849b76a74d4bf4f833440a0018814b12c5d83fb60fc9d35c47f15dee59dd48
Copying config sha256:858daad26de38c66fc270630cd1c11e08a6f93305644bb4ca8e1df051d50c7e2
Writing manifest to image destination
Writing manifest list to image destination
Storing list signatures
==========================================
Building monitoring-plugin @ release-coo-ocp-4.22 with VERSION=v1.0.0 ORG=rh-ee-emurasak
==========================================
Switched to branch 'release-coo-ocp-4.22'
Your branch is behind 'origin/release-coo-ocp-4.22' by 4 commits, and can be fast-forwarded.
  (use "git pull" to update your local branch)
From https://github.com/openshift/monitoring-plugin
 * branch            release-coo-ocp-4.22 -> FETCH_HEAD
Updating 4af68e3..c6e230f
Fast-forward
 Dockerfile                                         |    6 +-
 Dockerfile.dev                                     |    7 +-
 Dockerfile.mcp                                     |    4 +-
 go.mod                                             |   12 +-
 go.sum                                             |   24 +-
 web/package-lock.json                              | 3845 ++++++++------------
 web/package.json                                   |   22 +-
 .../dashboards/perses/dashboard-list.tsx           |    2 +-
 .../perses/perses/datasource-cache-api.ts          |    2 +-
 web/webpack.config.ts                              |    1 +
 10 files changed, 1571 insertions(+), 2354 deletions(-)
--- Attempt 1/3 ---
podman manifest create -a quay.io/rh-ee-emurasak/monitoring-console-plugin:v1.0.0
693ec3ab612b250e555f09b91fe833ebc82fc06aa4d4d89b46ec27e1536da94c
podman build --platform linux/arm64,linux/amd64 --manifest quay.io/rh-ee-emurasak/monitoring-console-plugin:v1.0.0 -f Dockerfile.mcp
[linux/amd64] [1/3] STEP 1/13: FROM registry.redhat.io/ubi9/nodejs-22:latest AS web-builder
Trying to pull registry.redhat.io/ubi9/nodejs-22:latest...
Getting image source signatures
Checking if image destination supports signatures
Copying blob sha256:282d0d24d7fbf867c5fcf0074ef814120603d793df3c6b07803f4fe4f13e8364
Copying blob sha256:a65b1d5fa71f2275b83830542c74d937ba4151138631910bd375d577f8ceeed8
Copying blob sha256:7e1f79224b0668cff86172f85305621504ef2f1a15768b9ed272ea1f1a0e4e4d
Copying config sha256:0ccc4acadf8fe652aee3bd1e9b848aa1ddb72cc4db9269dc719a72a71892e157
Writing manifest to image destination
Storing signatures
[linux/amd64] [1/3] STEP 2/13: WORKDIR /opt/app-root
--> Using cache 25f952364c18dec697621ccdf03fe10655339de2dbbbf27c4486edb5a1c24341
--> 25f952364c18
[linux/amd64] [1/3] STEP 3/13: USER 0
--> Using cache 7b8705aab315b50a437e2e7c2f502baa54d72938a85870d51e91af51dabda800
--> 7b8705aab315
[linux/amd64] [1/3] STEP 4/13: ENV HUSKY=0
--> Using cache 480c099274eaede57407f65dab14be61ff11be4c766a88c25c81c8f647d27cc1
--> 480c099274ea
[linux/amd64] [1/3] STEP 5/13: COPY web/package*.json web/
--> ba09319b5ef9
[linux/amd64] [1/3] STEP 6/13: COPY Makefile Makefile
--> ba79668cace1
[linux/amd64] [1/3] STEP 7/13: RUN cd web && npm ci --legacy-peer-deps --ignore-scripts
npm warn deprecated rimraf@3.0.2: Rimraf versions prior to v4 are no longer supported
npm warn deprecated lodash.get@4.4.2: This package is deprecated. Use the optional chaining (?.) operator instead.
npm warn deprecated inflight@1.0.6: This module is not supported, and leaks memory. Do not use it. Check out lru-cache if you want a good and tested way to coalesce async requests by a key value, which is much more comprehensive and powerful.
npm warn deprecated glob@7.2.3: Glob versions prior to v9 are no longer supported
npm warn deprecated i18next-parser@9.4.0: Project is deprecated, use i18next-cli instead
npm warn deprecated glob@10.5.0: Old versions of glob are not supported, and contain widely publicized security vulnerabilities, which have been fixed in the current version. Please update. Support for old versions may be purchased (at exorbitant rates) by contacting i@izs.me
npm warn deprecated glob@10.5.0: Old versions of glob are not supported, and contain widely publicized security vulnerabilities, which have been fixed in the current version. Please update. Support for old versions may be purchased (at exorbitant rates) by contacting i@izs.me
npm warn deprecated glob@10.5.0: Old versions of glob are not supported, and contain widely publicized security vulnerabilities, which have been fixed in the current version. Please update. Support for old versions may be purchased (at exorbitant rates) by contacting i@izs.me
npm warn deprecated glob@10.5.0: Old versions of glob are not supported, and contain widely publicized security vulnerabilities, which have been fixed in the current version. Please update. Support for old versions may be purchased (at exorbitant rates) by contacting i@izs.me

added 1693 packages, and audited 1694 packages in 52s

319 packages are looking for funding
  run `npm fund` for details

19 vulnerabilities (18 moderate, 1 high)

To address issues that do not require attention, run:
  npm audit fix

To address all issues possible (including breaking changes), run:
  npm audit fix --force

Some issues need review, and may require choosing
a different dependency.

Run `npm audit` for details.
--> ff7fc626c671
[linux/amd64] [1/3] STEP 8/13: COPY web/ web/
--> da11f4aac10f
[linux/amd64] [1/3] STEP 9/13: COPY config/ config/
--> 401a972d0351
[linux/amd64] [1/3] STEP 10/13: COPY scripts/update-plugin-name.sh scripts/update-plugin-name.sh
--> c708312c36e0
[linux/amd64] [1/3] STEP 11/13: RUN make update-plugin-name
./scripts/update-plugin-name.sh
--> 3ead23b84354
[linux/amd64] [1/3] STEP 12/13: ENV I18N_NAMESPACE="plugin__monitoring-console-plugin"
--> 18c60e1ab2e3
[linux/amd64] [1/3] STEP 13/13: RUN make build-frontend
cd web && npm run build

> monitoring-console-plugin@1.0.0 build
> npm run clean && NODE_ENV=production npm run ts-node node_modules/.bin/webpack


> monitoring-console-plugin@1.0.0 clean
> rm -rf dist


> monitoring-console-plugin@1.0.0 ts-node
> ts-node -O '{"module":"commonjs"}' node_modules/.bin/webpack

@patternfly/react-core dynamic modules taken from dist/dynamic-modules.json
@patternfly/react-data-view dynamic modules generated from dist/dynamic
@patternfly/react-icons dynamic modules taken from dist/dynamic-modules.json
@patternfly/react-table dynamic modules taken from dist/dynamic-modules.json
@patternfly/react-templates dynamic modules taken from dist/dynamic-modules.json
assets by path *.js 9.87 MiB
  assets by chunk 8.17 MiB (id hint: vendors)
    assets by status 7.08 MiB [big] 4 assets
    + 38 assets
  + 187 assets
assets by path assets/ 1.28 MiB
  assets by path assets/*.woff 740 KiB 42 assets
  assets by path assets/*.woff2 565 KiB 42 assets
  asset assets/restricted-sign..svg 2.38 KiB [emitted] [from: components/console/imgs/restricted-sign.svg] (auxiliary name: CmoAlertsPage, exposed-AlertRulesDetailsPage, exposed-AlertsDetailsPage, exposed-IncidentsPage, exposed-SilenceEditPage, exposed-SilencesDetailsPage, exposed-TargetsPage)
assets by path locales/ 115 KiB
  asset locales/en/plugin__monitoring-console-plugin.json 22.2 KiB [emitted] [from: ../locales/en/plugin__monitoring-console-plugin.json] [copied]
  asset locales/ja/plugin__monitoring-console-plugin.json 20.7 KiB [emitted] [from: ../locales/ja/plugin__monitoring-console-plugin.json] [copied]
  asset locales/fr/plugin__monitoring-console-plugin.json 19.3 KiB [emitted] [from: ../locales/fr/plugin__monitoring-console-plugin.json] [copied]
  + 3 assets
asset plugin-manifest.json 7.89 KiB [emitted]
orphan modules 21.2 MiB [orphan] 21872 modules
runtime modules 67.2 KiB 15 modules
built modules 17.9 MiB (javascript) 1.28 MiB (asset) 3.65 KiB (consume-shared) 3.36 KiB (share-init) [built]
  modules by path ../node_modules/ 17.1 MiB (javascript) 1.27 MiB (asset)
    javascript modules 17.1 MiB 1618 modules
    asset modules 1.27 MiB (asset) 3.45 KiB (javascript) 84 modules
    ../node_modules/tlds/index.json 10.9 KiB [built] [code generated]
  modules by path ./ 786 KiB (javascript) 2.38 KiB (asset) 91 modules
  consume-shared-module modules 3.65 KiB 89 modules
  provide-module modules 3.36 KiB 82 modules
  modules by path @console/ 30 bytes
    @console/internal/models (ignored) 15 bytes [built] [code generated]
    @console/shared/src/utils/console-fetch (ignored) 15 bytes [built] [code generated]
  container entry 42 bytes [built] [code generated]

LOG from @openshift-console/dynamic-plugin-sdk-webpack/lib/webpack/loaders/dynamic-module-import-loader ../node_modules/esbuild-loader/dist/index.cjs??ruleSet[1].rules[0]!./components/dashboards/perses/dashboard-list.tsx
<w> Non-index and non-dynamic module import @patternfly/react-data-view/dist/dynamic/DataViewFilters

LOG from @openshift-console/dynamic-plugin-sdk-webpack/lib/webpack/loaders/dynamic-module-import-loader ../node_modules/esbuild-loader/dist/index.cjs??ruleSet[1].rules[0]!./components/table/TableCheckboxFilter.tsx
<w> Non-index and non-dynamic module import @patternfly/react-data-view/dist/dynamic/DataViewFilters

WARNING in asset size limit: The following asset(s) exceed the recommended size limit (244 KiB).
This can impact web performance.
Assets: 
  4617-chunk-930f5be14d66a6081df4.min.js (311 KiB)
  4572-chunk-0efec978b172a3428cf4.min.js (402 KiB)
  1848-chunk-753a3bc5ab0b78e18419.min.js (1.87 MiB)
  4616-chunk-7751dd33b8c5e029bffe.min.js (4.51 MiB)

webpack 5.105.4 compiled with 1 warning in 136317 ms
--> 4176277b9eb9
[linux/arm64] [1/3] STEP 1/13: FROM registry.redhat.io/ubi9/nodejs-22:latest AS web-builder
Trying to pull registry.redhat.io/ubi9/nodejs-22:latest...
Getting image source signatures
Checking if image destination supports signatures
Copying blob sha256:9646992efe070a3bd6c556d5bfd825b8ffbc51f371288f7eb152d2d852939056
Copying blob sha256:f00a3ea30fea862d594c88740f011c234eb0b745138910c83abb92b28517593d
Copying blob sha256:9f54e374b06db8429b62d91af166f6a7caa34095b474b38a6853f75e9501072e
Copying config sha256:404bfb706f719cb0fdb063441e6c5404e5ce5228389a38c0ab4dda7570ece9f6
Writing manifest to image destination
Storing signatures
[linux/arm64] [1/3] STEP 2/13: WORKDIR /opt/app-root
--> Using cache 8d7f4d666d8b2966000dfdbddaf0f201f102b80d182b42918646bca008497d32
--> 8d7f4d666d8b
[linux/arm64] [1/3] STEP 3/13: USER 0
--> Using cache ab40718f6d3d3469511e8bdb5e14133d0b8570fbf01d414c2b0398600f6e9b81
--> ab40718f6d3d
[linux/arm64] [1/3] STEP 4/13: ENV HUSKY=0
--> Using cache c4956a0743f1e9d016ec7fbcdfa4c2110fa4eb83bdbf78c328ec9d2829e6824c
--> c4956a0743f1
[linux/arm64] [1/3] STEP 5/13: COPY web/package*.json web/
--> bf67c9afa97a
[linux/arm64] [1/3] STEP 6/13: COPY Makefile Makefile
--> 3053d114a5f4
[linux/arm64] [1/3] STEP 7/13: RUN cd web && npm ci --legacy-peer-deps --ignore-scripts
npm warn deprecated rimraf@3.0.2: Rimraf versions prior to v4 are no longer supported
npm warn deprecated lodash.get@4.4.2: This package is deprecated. Use the optional chaining (?.) operator instead.
npm warn deprecated inflight@1.0.6: This module is not supported, and leaks memory. Do not use it. Check out lru-cache if you want a good and tested way to coalesce async requests by a key value, which is much more comprehensive and powerful.
npm warn deprecated i18next-parser@9.4.0: Project is deprecated, use i18next-cli instead
npm warn deprecated glob@7.2.3: Glob versions prior to v9 are no longer supported
npm warn deprecated glob@10.5.0: Old versions of glob are not supported, and contain widely publicized security vulnerabilities, which have been fixed in the current version. Please update. Support for old versions may be purchased (at exorbitant rates) by contacting i@izs.me
npm warn deprecated glob@10.5.0: Old versions of glob are not supported, and contain widely publicized security vulnerabilities, which have been fixed in the current version. Please update. Support for old versions may be purchased (at exorbitant rates) by contacting i@izs.me
npm warn deprecated glob@10.5.0: Old versions of glob are not supported, and contain widely publicized security vulnerabilities, which have been fixed in the current version. Please update. Support for old versions may be purchased (at exorbitant rates) by contacting i@izs.me
npm warn deprecated glob@10.5.0: Old versions of glob are not supported, and contain widely publicized security vulnerabilities, which have been fixed in the current version. Please update. Support for old versions may be purchased (at exorbitant rates) by contacting i@izs.me

added 1693 packages, and audited 1694 packages in 35s

319 packages are looking for funding
  run `npm fund` for details

19 vulnerabilities (18 moderate, 1 high)

To address issues that do not require attention, run:
  npm audit fix

To address all issues possible (including breaking changes), run:
  npm audit fix --force

Some issues need review, and may require choosing
a different dependency.

Run `npm audit` for details.
--> 90f353f59973
[linux/arm64] [1/3] STEP 8/13: COPY web/ web/
--> 2de7569268e1
[linux/arm64] [1/3] STEP 9/13: COPY config/ config/
--> 2daa04ebfb8a
[linux/arm64] [1/3] STEP 10/13: COPY scripts/update-plugin-name.sh scripts/update-plugin-name.sh
--> 09d5a3388a31
[linux/arm64] [1/3] STEP 11/13: RUN make update-plugin-name
./scripts/update-plugin-name.sh
--> fdf6abfa7b50
[linux/arm64] [1/3] STEP 12/13: ENV I18N_NAMESPACE="plugin__monitoring-console-plugin"
--> 001208032d8b
[linux/arm64] [1/3] STEP 13/13: RUN make build-frontend
cd web && npm run build

> monitoring-console-plugin@1.0.0 build
> npm run clean && NODE_ENV=production npm run ts-node node_modules/.bin/webpack


> monitoring-console-plugin@1.0.0 clean
> rm -rf dist


> monitoring-console-plugin@1.0.0 ts-node
> ts-node -O '{"module":"commonjs"}' node_modules/.bin/webpack

@patternfly/react-core dynamic modules taken from dist/dynamic-modules.json
@patternfly/react-data-view dynamic modules generated from dist/dynamic
@patternfly/react-icons dynamic modules taken from dist/dynamic-modules.json
@patternfly/react-table dynamic modules taken from dist/dynamic-modules.json
@patternfly/react-templates dynamic modules taken from dist/dynamic-modules.json
assets by path *.js 9.87 MiB
  assets by chunk 8.17 MiB (id hint: vendors)
    assets by status 7.08 MiB [big] 4 assets
    + 38 assets
  + 187 assets
assets by path assets/ 1.28 MiB
  assets by path assets/*.woff 740 KiB 42 assets
  assets by path assets/*.woff2 565 KiB 42 assets
  asset assets/restricted-sign..svg 2.38 KiB [emitted] [from: components/console/imgs/restricted-sign.svg] (auxiliary name: CmoAlertsPage, exposed-AlertRulesDetailsPage, exposed-AlertsDetailsPage, exposed-IncidentsPage, exposed-SilenceEditPage, exposed-SilencesDetailsPage, exposed-TargetsPage)
assets by path locales/ 115 KiB
  asset locales/en/plugin__monitoring-console-plugin.json 22.2 KiB [emitted] [from: ../locales/en/plugin__monitoring-console-plugin.json] [copied]
  asset locales/ja/plugin__monitoring-console-plugin.json 20.7 KiB [emitted] [from: ../locales/ja/plugin__monitoring-console-plugin.json] [copied]
  asset locales/fr/plugin__monitoring-console-plugin.json 19.3 KiB [emitted] [from: ../locales/fr/plugin__monitoring-console-plugin.json] [copied]
  + 3 assets
asset plugin-manifest.json 7.89 KiB [emitted]
orphan modules 21.2 MiB [orphan] 21872 modules
runtime modules 67.2 KiB 15 modules
built modules 17.9 MiB (javascript) 1.28 MiB (asset) 3.65 KiB (consume-shared) 3.36 KiB (share-init) [built]
  modules by path ../node_modules/ 17.1 MiB (javascript) 1.27 MiB (asset)
    javascript modules 17.1 MiB 1618 modules
    asset modules 1.27 MiB (asset) 3.45 KiB (javascript) 84 modules
    ../node_modules/tlds/index.json 10.9 KiB [built] [code generated]
  modules by path ./ 786 KiB (javascript) 2.38 KiB (asset) 91 modules
  consume-shared-module modules 3.65 KiB 89 modules
  provide-module modules 3.36 KiB 82 modules
  modules by path @console/ 30 bytes
    @console/internal/models (ignored) 15 bytes [built] [code generated]
    @console/shared/src/utils/console-fetch (ignored) 15 bytes [built] [code generated]
  container entry 42 bytes [built] [code generated]

LOG from @openshift-console/dynamic-plugin-sdk-webpack/lib/webpack/loaders/dynamic-module-import-loader ../node_modules/esbuild-loader/dist/index.cjs??ruleSet[1].rules[0]!./components/dashboards/perses/dashboard-list.tsx
<w> Non-index and non-dynamic module import @patternfly/react-data-view/dist/dynamic/DataViewFilters

LOG from @openshift-console/dynamic-plugin-sdk-webpack/lib/webpack/loaders/dynamic-module-import-loader ../node_modules/esbuild-loader/dist/index.cjs??ruleSet[1].rules[0]!./components/table/TableCheckboxFilter.tsx
<w> Non-index and non-dynamic module import @patternfly/react-data-view/dist/dynamic/DataViewFilters

WARNING in asset size limit: The following asset(s) exceed the recommended size limit (244 KiB).
This can impact web performance.
Assets: 
  4617-chunk-930f5be14d66a6081df4.min.js (311 KiB)
  4572-chunk-0efec978b172a3428cf4.min.js (402 KiB)
  1848-chunk-753a3bc5ab0b78e18419.min.js (1.87 MiB)
  4616-chunk-7751dd33b8c5e029bffe.min.js (4.51 MiB)

webpack 5.105.4 compiled with 1 warning in 94509 ms
--> a52eaaa2b72e
[linux/amd64] [2/3] STEP 1/14: FROM registry.access.redhat.com/ubi9/go-toolset:1.26 AS go-builder
Trying to pull registry.access.redhat.com/ubi9/go-toolset:1.26...
Getting image source signatures
Checking if image destination supports signatures
Copying blob sha256:d42ebadf4fab39879420f670effc5339dbb3a965f10cfc9e893812a82359ca96
Copying blob sha256:a65b1d5fa71f2275b83830542c74d937ba4151138631910bd375d577f8ceeed8
Copying blob sha256:7e1f79224b0668cff86172f85305621504ef2f1a15768b9ed272ea1f1a0e4e4d
Copying blob sha256:e9032009b40b3fd04712dfd72a34308c80cfcbc96e34411b01d746a758eb327f
Copying config sha256:4503554399b4b9c5265bafc26dfb5eea1cce8ae46cc8d424457c10ecfa1814df
Writing manifest to image destination
Storing signatures
[linux/amd64] [2/3] STEP 2/14: WORKDIR /opt/app-root
--> Using cache af1cfc364e02bbbe152a266e3b4e766d012ba8761df2219b036428533bcaa1d1
--> af1cfc364e02
[linux/amd64] [2/3] STEP 3/14: COPY Makefile Makefile
--> Using cache 28a1dea946d7dd1aa44dbc96992fc980e0095770e8a9ccbb5e480283361e0e92
--> 28a1dea946d7
[linux/amd64] [2/3] STEP 4/14: COPY go.mod go.mod
--> Using cache 5309998a5d105b230de82be5e1d19a797b648a73c688ad73e761720ab188ede8
--> 5309998a5d10
[linux/amd64] [2/3] STEP 5/14: COPY go.sum go.sum
--> Using cache d0946f15cc0808be81f9d1130fa8c81a03c15e9cae50f6e490c43661126a096d
--> d0946f15cc08
[linux/amd64] [2/3] STEP 6/14: RUN make install-backend
go mod download
--> 3ace7e3968f0
[linux/amd64] [2/3] STEP 7/14: COPY cmd/ cmd/
--> 277e3a5820b2
[linux/amd64] [2/3] STEP 8/14: COPY pkg/ pkg/
--> d9d9070f17f5
[linux/amd64] [2/3] STEP 9/14: ENV GOOS=${TARGETOS:-linux}
--> f868edda7388
[linux/amd64] [2/3] STEP 10/14: ENV GOARCH=${TARGETARCH}
--> 178f084af537
[linux/amd64] [2/3] STEP 11/14: ENV GOEXPERIMENT=strictfipsruntime
--> ec19d38f2114
[linux/amd64] [2/3] STEP 12/14: ENV GOFLAGS=-mod=readonly
--> ec0cf8988412
[linux/amd64] [2/3] STEP 13/14: ENV CGO_ENABLED=1
--> 26747970f349
[linux/amd64] [2/3] STEP 14/14: RUN make build-backend
go build  -mod=readonly -o plugin-backend cmd/plugin-backend.go
--> 2d508092d488
[linux/arm64] [2/3] STEP 1/14: FROM registry.access.redhat.com/ubi9/go-toolset:1.26 AS go-builder
Trying to pull registry.access.redhat.com/ubi9/go-toolset:1.26...
Getting image source signatures
Checking if image destination supports signatures
Copying blob sha256:45930d601c4202f8f62b21cd0a99019c00cd0af6e243187962defb645a49ab77
Copying blob sha256:9f54e374b06db8429b62d91af166f6a7caa34095b474b38a6853f75e9501072e
Copying blob sha256:f00a3ea30fea862d594c88740f011c234eb0b745138910c83abb92b28517593d
Copying blob sha256:45e8f34021ec53e3f4034c0aa42f88f43d2c6a70db6bcbe4da9c885fec121ca7
Copying config sha256:1b04da50b8a1a4d73cbc62e9438485bbb1219c003b0fef077d227b77d3fa7fb5
Writing manifest to image destination
Storing signatures
[linux/arm64] [2/3] STEP 2/14: WORKDIR /opt/app-root
--> Using cache a05232a4028fedcbdc5858a48a003ce3f0eaa6f7f55bf759968c0186ab9fecd0
--> a05232a4028f
[linux/arm64] [2/3] STEP 3/14: COPY Makefile Makefile
--> 48723427a93c
[linux/arm64] [2/3] STEP 4/14: COPY go.mod go.mod
--> 0bd72bb09f5b
[linux/arm64] [2/3] STEP 5/14: COPY go.sum go.sum
--> 2b7022c0cd1c
[linux/arm64] [2/3] STEP 6/14: RUN make install-backend
go mod download
--> 5ac608023a5a
[linux/arm64] [2/3] STEP 7/14: COPY cmd/ cmd/
--> e739c25f56fe
[linux/arm64] [2/3] STEP 8/14: COPY pkg/ pkg/
--> a80b57052ea5
[linux/arm64] [2/3] STEP 9/14: ENV GOOS=${TARGETOS:-linux}
--> 92a4a7559eca
[linux/arm64] [2/3] STEP 10/14: ENV GOARCH=${TARGETARCH}
--> 77f015e4b394
[linux/arm64] [2/3] STEP 11/14: ENV GOEXPERIMENT=strictfipsruntime
--> 1b13b843750a
[linux/arm64] [2/3] STEP 12/14: ENV GOFLAGS=-mod=readonly
--> 33436edfde6d
[linux/arm64] [2/3] STEP 13/14: ENV CGO_ENABLED=1
--> ea0520e079d7
[linux/arm64] [2/3] STEP 14/14: RUN make build-backend
go build  -mod=readonly -o plugin-backend cmd/plugin-backend.go
--> e04cda6d4d07
[linux/amd64] [3/3] STEP 1/8: FROM registry.access.redhat.com/ubi9/ubi-minimal
Trying to pull registry.access.redhat.com/ubi9/ubi-minimal:latest...
Getting image source signatures
Checking if image destination supports signatures
Copying blob sha256:8af57f051b373375a1be8f892172089259ad624ed8452291226c539055e60228
Copying config sha256:659f819f47f8e8d2348bd9243d2ef17f39a9cc97ee1964b1cf1f83d428090213
Writing manifest to image destination
Storing signatures
[linux/amd64] [3/3] STEP 2/8: RUN mkdir /licenses
--> Using cache d559d744f028170036dccf09cd6cb876b262ddddd4833bd8558dcbba562dabc2
--> d559d744f028
[linux/amd64] [3/3] STEP 3/8: COPY LICENSE /licenses/.
--> Using cache 8f5adf2eb0e8be4be35f481cf2bf9f18639a3a0dfedf16b5aad629cbd7fef3d9
--> 8f5adf2eb0e8
[linux/amd64] [3/3] STEP 4/8: USER 1001
--> Using cache 4c26688bd643e28da1150f24cee03c34dca7b0d50fcfa4237e85c1ff2659f12d
--> 4c26688bd643
[linux/amd64] [3/3] STEP 5/8: COPY --from=web-builder /opt/app-root/web/dist /opt/app-root/web/dist
--> 9520181c77f3
[linux/amd64] [3/3] STEP 6/8: COPY --from=go-builder /opt/app-root/plugin-backend /opt/app-root
--> 78dcc4716a7d
[linux/amd64] [3/3] STEP 7/8: COPY --from=web-builder /opt/app-root/config /opt/app-root/config
--> 5e7b467124c4
[linux/amd64] [3/3] STEP 8/8: ENTRYPOINT ["/opt/app-root/plugin-backend", "-static-path", "/opt/app-root/web/dist"]
[linux/amd64] [3/3] COMMIT
--> a47945c059c5
[linux/arm64] [3/3] STEP 1/8: FROM registry.access.redhat.com/ubi9/ubi-minimal
Trying to pull registry.access.redhat.com/ubi9/ubi-minimal:latest...
a47945c059c56cf141f987a70de9beefdcc9647a98d4ff532c50bfaca8afd71e
Getting image source signatures
Checking if image destination supports signatures
Copying blob sha256:96c16ad0505847764761c5c4d0a82cd8a619f3e93c57f6a4b081cb9d4d0dd3e7
Copying config sha256:dc66a34eca2d77aebb3d6349e06bbb118c0571f172e297eea776d8aa352899e7
Writing manifest to image destination
Storing signatures
[linux/arm64] [3/3] STEP 2/8: RUN mkdir /licenses
--> Using cache df678ee72b55e8117f4d9b21d6d7c3925b06b3cbb3d65dc9ad500cc4aaa085ed
--> df678ee72b55
[linux/arm64] [3/3] STEP 3/8: COPY LICENSE /licenses/.
--> Using cache e0cca532c7d9aaea96a8b648e325b95fc8bf3faeb8dc11e67b1b370255413242
--> e0cca532c7d9
[linux/arm64] [3/3] STEP 4/8: USER 1001
--> Using cache 9a4e4e9ef14b0e554eb7f7578fbf99e0411548214a1b8ce67361b31aed866748
--> 9a4e4e9ef14b
[linux/arm64] [3/3] STEP 5/8: COPY --from=web-builder /opt/app-root/web/dist /opt/app-root/web/dist
--> c8a344048c9a
[linux/arm64] [3/3] STEP 6/8: COPY --from=go-builder /opt/app-root/plugin-backend /opt/app-root
--> 7840c516247f
[linux/arm64] [3/3] STEP 7/8: COPY --from=web-builder /opt/app-root/config /opt/app-root/config
--> 5b1e17b02ba3
[linux/arm64] [3/3] STEP 8/8: ENTRYPOINT ["/opt/app-root/plugin-backend", "-static-path", "/opt/app-root/web/dist"]
[linux/arm64] [3/3] COMMIT
--> c554c47610ad
c554c47610ad68c537c58ea7431e8e5e8af9a0d80330adf3a66e1b722d70dc22
podman manifest push quay.io/rh-ee-emurasak/monitoring-console-plugin:v1.0.0
Getting image list signatures
Copying 2 images generated from 2 images in list
Copying image sha256:d91e4334aabb77db8e400228d194e116264e6aa5cbcbd196f874e16ef7490fe3 (1/2)
Getting image source signatures
Copying blob sha256:736bd155202c6012c69e7b5e26a1068705e7b4db721a0e82dbd2e0c3b74d3958
Copying blob sha256:eb31fffb4653a560fe98f0cdf1563599483471410f682eef43f925913573d867
Copying blob sha256:0e9d93dc55fb9ef608c9235786a8d2cd87295ef4ceffb9fff76a94094c5cedae
Copying blob sha256:6e64393e6aec83a33cdeb3194d60dc8ea40e7dcfa0b9b9b47e6a76fe1cf2919a
Copying blob sha256:4463ef47270e9a1c2630e48317a069dd4412b5bd3474937b439b6babdb176755
Copying blob sha256:60ff38fc45e062808494abe33f98ad8da1d8d3854ccabcba8c4915d865a95a0b
Copying config sha256:a47945c059c56cf141f987a70de9beefdcc9647a98d4ff532c50bfaca8afd71e
Writing manifest to image destination
Copying image sha256:ea91d8ccbcc287e406fbc11e919c9da598fd65ad869f4ddfcdd21ff2c86ccccb (2/2)
Getting image source signatures
Copying blob sha256:7c53bd6b8bbc52cd71f293d2bf2d01052c824fe58226d4c1a3a1136018779059
Copying blob sha256:eb6134be52bbd73ae0aabaad558a3617932f0b4822955d7219e2d9d8afc174f1
Copying blob sha256:228d3d093b243661f2bbd4be6cc0e4a91af886b882ca37d67a2522d8dc67af93
Copying blob sha256:71ebc0e5ee907d4787023989bf32d8386275a70a97292a4cfef505f5daa2b2b2
Copying blob sha256:1b6e5de6429cbbc104e8c5129dfd550b354325dea6192c6b93364cee401216d4
Copying blob sha256:80b662f2aecad8dd5e998524a2906f4b565677d148b5c5a13ff9b4b22de170b8
Copying config sha256:c554c47610ad68c537c58ea7431e8e5e8af9a0d80330adf3a66e1b722d70dc22
Writing manifest to image destination
Writing manifest list to image destination
Storing list signatures
==========================================
Building logging-view-plugin @ release-coo-ocp-4.22 with VERSION=v6.2.1 ORG=rh-ee-emurasak
==========================================
Switched to branch 'release-coo-ocp-4.22'
Your branch is behind 'origin/release-coo-ocp-4.22' by 6 commits, and can be fast-forwarded.
  (use "git pull" to update your local branch)
From https://github.com/openshift/logging-view-plugin
 * branch            release-coo-ocp-4.22 -> FETCH_HEAD
Updating 9eb1afc..7edfaf8
Fast-forward
 Dockerfile                                         |    4 +-
 Dockerfile.ci                                      |   32 +-
 Dockerfile.cypress                                 |    2 +-
 Dockerfile.dev                                     |    4 +-
 go.mod                                             |    2 +-
 web/cypress/e2e/integration/logs-detail-page.cy.ts |   23 +-
 web/cypress/e2e/integration/logs-page.cy.ts        |   27 +-
 web/locales/en/plugin__logging-view-plugin.json    |    2 +-
 web/package-lock.json                              | 2726 +++++++++++---------
 web/package.json                                   |   14 +-
 web/src/__tests__/value-utils.spec.ts              |   10 +
 web/src/components/logs-table.tsx                  |    5 +-
 web/src/hooks/useLogs.ts                           |   46 +-
 web/src/logs.types.ts                              |    1 +
 web/src/loki-client.ts                             |   73 +-
 web/src/pages/logs-detail-page.tsx                 |    4 +-
 web/src/pages/logs-dev-page.tsx                    |    4 +-
 web/src/pages/logs-page.tsx                        |    4 +-
 web/src/value-utils.ts                             |    2 +
 19 files changed, 1633 insertions(+), 1352 deletions(-)
--- Attempt 1/3 ---
Makefile:45: warning: overriding commands for target `test-backend'
Makefile:41: warning: ignoring old commands for target `test-backend'
podman manifest rm quay.io/rh-ee-emurasak/logging-view-plugin:v6.2.1 || true
Error: quay.io/rh-ee-emurasak/logging-view-plugin:v6.2.1: image not known
podman manifest create quay.io/rh-ee-emurasak/logging-view-plugin:v6.2.1
95e0f0d70f4ece86f0c1fb81359a01b6f24d0db0972ce6bdafb48414c9a08260
podman build --platform linux/arm64,linux/amd64 --manifest quay.io/rh-ee-emurasak/logging-view-plugin:v6.2.1 -f Dockerfile
[linux/amd64] [1/3] STEP 1/9: FROM registry.redhat.io/ubi9/nodejs-22:latest AS web-builder
Trying to pull registry.redhat.io/ubi9/nodejs-22:latest...
Getting image source signatures
Checking if image destination supports signatures
Copying blob sha256:282d0d24d7fbf867c5fcf0074ef814120603d793df3c6b07803f4fe4f13e8364
Copying blob sha256:a65b1d5fa71f2275b83830542c74d937ba4151138631910bd375d577f8ceeed8
Copying blob sha256:7e1f79224b0668cff86172f85305621504ef2f1a15768b9ed272ea1f1a0e4e4d
Copying config sha256:0ccc4acadf8fe652aee3bd1e9b848aa1ddb72cc4db9269dc719a72a71892e157
Writing manifest to image destination
Storing signatures
[linux/amd64] [1/3] STEP 2/9: WORKDIR /opt/app-root
--> Using cache 25f952364c18dec697621ccdf03fe10655339de2dbbbf27c4486edb5a1c24341
--> 25f952364c18
[linux/amd64] [1/3] STEP 3/9: USER 0
--> Using cache 7b8705aab315b50a437e2e7c2f502baa54d72938a85870d51e91af51dabda800
--> 7b8705aab315
[linux/amd64] [1/3] STEP 4/9: ENV HUSKY=0
--> Using cache 480c099274eaede57407f65dab14be61ff11be4c766a88c25c81c8f647d27cc1
--> 480c099274ea
[linux/amd64] [1/3] STEP 5/9: COPY web/package*.json web/
--> 58c95e06d070
[linux/amd64] [1/3] STEP 6/9: COPY Makefile Makefile
--> e7ad4c5ddebf
[linux/amd64] [1/3] STEP 7/9: RUN make install-frontend-ci-clean
Makefile:45: warning: overriding recipe for target 'test-backend'
Makefile:41: warning: ignoring old recipe for target 'test-backend'
cd web && npm ci --omit=optional --ignore-scripts
npm warn deprecated whatwg-encoding@3.1.1: Use @exodus/bytes instead for a more spec-conformant and faster implementation
npm warn deprecated rimraf@3.0.2: Rimraf versions prior to v4 are no longer supported
npm warn deprecated uuid@8.3.2: uuid@10 and below is no longer supported.  For ESM codebases, update to uuid@latest.  For CommonJS codebases, use uuid@11 (but be aware this version will likely be deprecated in 2028).
npm warn deprecated inflight@1.0.6: This module is not supported, and leaks memory. Do not use it. Check out lru-cache if you want a good and tested way to coalesce async requests by a key value, which is much more comprehensive and powerful.
npm warn deprecated glob@7.2.3: Old versions of glob are not supported, and contain widely publicized security vulnerabilities, which have been fixed in the current version. Please update. Support for old versions may be purchased (at exorbitant rates) by contacting i@izs.me
npm warn deprecated i18next-parser@9.4.0: Project is deprecated, use i18next-cli instead
npm warn deprecated @types/webpack-dev-server@4.7.2: This is a stub types definition. webpack-dev-server provides its own type definitions, so you do not need this installed.
npm warn deprecated glob@10.5.0: Old versions of glob are not supported, and contain widely publicized security vulnerabilities, which have been fixed in the current version. Please update. Support for old versions may be purchased (at exorbitant rates) by contacting i@izs.me
npm warn deprecated glob@10.5.0: Old versions of glob are not supported, and contain widely publicized security vulnerabilities, which have been fixed in the current version. Please update. Support for old versions may be purchased (at exorbitant rates) by contacting i@izs.me
npm warn deprecated glob@10.5.0: Old versions of glob are not supported, and contain widely publicized security vulnerabilities, which have been fixed in the current version. Please update. Support for old versions may be purchased (at exorbitant rates) by contacting i@izs.me
npm warn deprecated glob@10.5.0: Old versions of glob are not supported, and contain widely publicized security vulnerabilities, which have been fixed in the current version. Please update. Support for old versions may be purchased (at exorbitant rates) by contacting i@izs.me
npm warn deprecated glob@10.5.0: Old versions of glob are not supported, and contain widely publicized security vulnerabilities, which have been fixed in the current version. Please update. Support for old versions may be purchased (at exorbitant rates) by contacting i@izs.me

added 1556 packages, and audited 1557 packages in 36s

321 packages are looking for funding
  run `npm fund` for details

17 vulnerabilities (1 low, 13 moderate, 3 high)

To address issues that do not require attention, run:
  npm audit fix

To address all issues (including breaking changes), run:
  npm audit fix --force

Run `npm audit` for details.
cd web && npm cache clean --force
npm warn using --force Recommended protections disabled.
--> ec0bba561233
[linux/amd64] [1/3] STEP 8/9: COPY web/ web/
--> 1bf0efdabb32
[linux/amd64] [1/3] STEP 9/9: RUN make build-frontend
Makefile:45: warning: overriding recipe for target 'test-backend'
Makefile:41: warning: ignoring old recipe for target 'test-backend'
cd web && npm run build

> logging-view-plugin@6.1.0 build
> npm run clean && NODE_ENV=production npm run ts-node node_modules/.bin/webpack


> logging-view-plugin@6.1.0 clean
> rm -rf dist


> logging-view-plugin@6.1.0 ts-node
> ts-node -O '{"module":"commonjs"}' node_modules/.bin/webpack

@patternfly/react-core dynamic modules taken from dist/dynamic-modules.json
@patternfly/react-icons dynamic modules taken from dist/dynamic-modules.json
@patternfly/react-table dynamic modules taken from dist/dynamic-modules.json
assets by path *.js 4.78 MiB
  assets by chunk 2.64 MiB (id hint: vendors)
    assets by status 1.61 MiB [big]
      asset 9666-chunk-69eed8215e04934b0b32.min.js 1.13 MiB [emitted] [immutable] [big] (id hint: vendors) 1 related asset
      asset 3076-chunk-d3dd5c0fd35e0abdbd6a.min.js 494 KiB [emitted] [immutable] [big] (id hint: vendors) 1 related asset
    + 11 assets
  + 82 assets
asset locales/en/plugin__logging-view-plugin.json 10.4 KiB [emitted] [from: ../locales/en/plugin__logging-view-plugin.json] [copied]
asset plugin-manifest.json 1.92 KiB [emitted]
orphan modules 2.59 MiB [orphan] 1519 modules
runtime modules 37.8 KiB 14 modules
built modules 2.89 MiB (javascript) 1.72 KiB (consume-shared) 1.56 KiB (share-init) [built]
  modules by path ../node_modules/ 2.6 MiB 436 modules
  modules by path ./ 299 KiB 48 modules
  consume-shared-module modules 1.72 KiB
    modules by path consume shared module (default) @patternfly/react-core/dist/dynamic/ 1.23 KiB 30 modules
    modules by path consume shared module (default) @patternfly/react-icons/dist/dynamic/icons/ 294 bytes 7 modules
    modules by path *.1 (singleton) 84 bytes 2 modules
    + 3 modules
  provide-module modules 1.56 KiB
    modules by path provide shared module (default) @patternfly/react-core/dist/dynamic/ 1.23 KiB 30 modules
    modules by path provide shared module (default) @patternfly/react-icons/dist/dynamic/icons/ 294 bytes 7 modules
    provide shared module (default) @patternfly/react-table/dist/dynamic/components/...(truncated) 42 bytes [built] [code generated]
  container entry 42 bytes [built] [code generated]

WARNING in asset size limit: The following asset(s) exceed the recommended size limit (244 KiB).
This can impact web performance.
Assets: 
  9666-chunk-69eed8215e04934b0b32.min.js (1.13 MiB)
  3076-chunk-d3dd5c0fd35e0abdbd6a.min.js (494 KiB)

webpack 5.106.2 compiled with 1 warning in 33427 ms
--> ed154c1b3064
[linux/amd64] [2/3] STEP 1/12: FROM registry.access.redhat.com/ubi9/go-toolset:1.26 AS go-builder
Trying to pull registry.access.redhat.com/ubi9/go-toolset:1.26...
Getting image source signatures
Checking if image destination supports signatures
Copying blob sha256:d42ebadf4fab39879420f670effc5339dbb3a965f10cfc9e893812a82359ca96
Copying blob sha256:7e1f79224b0668cff86172f85305621504ef2f1a15768b9ed272ea1f1a0e4e4d
Copying blob sha256:e9032009b40b3fd04712dfd72a34308c80cfcbc96e34411b01d746a758eb327f
Copying blob sha256:a65b1d5fa71f2275b83830542c74d937ba4151138631910bd375d577f8ceeed8
Copying config sha256:4503554399b4b9c5265bafc26dfb5eea1cce8ae46cc8d424457c10ecfa1814df
Writing manifest to image destination
Storing signatures
[linux/amd64] [2/3] STEP 2/12: WORKDIR /opt/app-root
--> Using cache af1cfc364e02bbbe152a266e3b4e766d012ba8761df2219b036428533bcaa1d1
--> af1cfc364e02
[linux/amd64] [2/3] STEP 3/12: COPY Makefile Makefile
--> f09a91b65c38
[linux/amd64] [2/3] STEP 4/12: COPY go.mod go.mod
--> 1e8293ae50e0
[linux/amd64] [2/3] STEP 5/12: COPY go.sum go.sum
--> 6db9b36fefcb
[linux/amd64] [2/3] STEP 6/12: RUN make install-backend
Makefile:45: warning: overriding recipe for target 'test-backend'
Makefile:41: warning: ignoring old recipe for target 'test-backend'
go mod download
--> 0f2fdbebbb83
[linux/amd64] [2/3] STEP 7/12: COPY config/ config/
--> bbd841dc4e12
[linux/amd64] [2/3] STEP 8/12: COPY cmd/ cmd/
--> f1e49335dadf
[linux/amd64] [2/3] STEP 9/12: COPY pkg/ pkg/
--> e7a8c9d9e48b
[linux/amd64] [2/3] STEP 10/12: ENV GOEXPERIMENT=strictfipsruntime
--> 7a0567630977
[linux/amd64] [2/3] STEP 11/12: ENV CGO_ENABLED=1
--> f12d47fc90da
[linux/amd64] [2/3] STEP 12/12: RUN make build-backend BUILD_OPTS="-tags strictfipsruntime"
Makefile:45: warning: overriding recipe for target 'test-backend'
Makefile:41: warning: ignoring old recipe for target 'test-backend'
go build -tags strictfipsruntime -mod=readonly -o plugin-backend cmd/plugin-backend.go
--> 35c563c7af01
[linux/arm64] [1/3] STEP 1/9: FROM registry.redhat.io/ubi9/nodejs-22:latest AS web-builder
Trying to pull registry.redhat.io/ubi9/nodejs-22:latest...
Getting image source signatures
Checking if image destination supports signatures
Copying blob sha256:9646992efe070a3bd6c556d5bfd825b8ffbc51f371288f7eb152d2d852939056
Copying blob sha256:f00a3ea30fea862d594c88740f011c234eb0b745138910c83abb92b28517593d
Copying blob sha256:9f54e374b06db8429b62d91af166f6a7caa34095b474b38a6853f75e9501072e
Copying config sha256:404bfb706f719cb0fdb063441e6c5404e5ce5228389a38c0ab4dda7570ece9f6
Writing manifest to image destination
Storing signatures
[linux/arm64] [1/3] STEP 2/9: WORKDIR /opt/app-root
--> Using cache 8d7f4d666d8b2966000dfdbddaf0f201f102b80d182b42918646bca008497d32
--> 8d7f4d666d8b
[linux/arm64] [1/3] STEP 3/9: USER 0
--> Using cache ab40718f6d3d3469511e8bdb5e14133d0b8570fbf01d414c2b0398600f6e9b81
--> ab40718f6d3d
[linux/arm64] [1/3] STEP 4/9: ENV HUSKY=0
--> Using cache c4956a0743f1e9d016ec7fbcdfa4c2110fa4eb83bdbf78c328ec9d2829e6824c
--> c4956a0743f1
[linux/arm64] [1/3] STEP 5/9: COPY web/package*.json web/
--> 1916f596d7a8
[linux/arm64] [1/3] STEP 6/9: COPY Makefile Makefile
--> ee7650ba91bf
[linux/arm64] [1/3] STEP 7/9: RUN make install-frontend-ci-clean
Makefile:45: warning: overriding recipe for target 'test-backend'
Makefile:41: warning: ignoring old recipe for target 'test-backend'
cd web && npm ci --omit=optional --ignore-scripts
npm warn deprecated whatwg-encoding@3.1.1: Use @exodus/bytes instead for a more spec-conformant and faster implementation
npm warn deprecated uuid@8.3.2: uuid@10 and below is no longer supported.  For ESM codebases, update to uuid@latest.  For CommonJS codebases, use uuid@11 (but be aware this version will likely be deprecated in 2028).
npm warn deprecated rimraf@3.0.2: Rimraf versions prior to v4 are no longer supported
npm warn deprecated inflight@1.0.6: This module is not supported, and leaks memory. Do not use it. Check out lru-cache if you want a good and tested way to coalesce async requests by a key value, which is much more comprehensive and powerful.
npm warn deprecated i18next-parser@9.4.0: Project is deprecated, use i18next-cli instead
npm warn deprecated glob@7.2.3: Old versions of glob are not supported, and contain widely publicized security vulnerabilities, which have been fixed in the current version. Please update. Support for old versions may be purchased (at exorbitant rates) by contacting i@izs.me
npm warn deprecated @types/webpack-dev-server@4.7.2: This is a stub types definition. webpack-dev-server provides its own type definitions, so you do not need this installed.
npm warn deprecated glob@10.5.0: Old versions of glob are not supported, and contain widely publicized security vulnerabilities, which have been fixed in the current version. Please update. Support for old versions may be purchased (at exorbitant rates) by contacting i@izs.me
npm warn deprecated glob@10.5.0: Old versions of glob are not supported, and contain widely publicized security vulnerabilities, which have been fixed in the current version. Please update. Support for old versions may be purchased (at exorbitant rates) by contacting i@izs.me
npm warn deprecated glob@10.5.0: Old versions of glob are not supported, and contain widely publicized security vulnerabilities, which have been fixed in the current version. Please update. Support for old versions may be purchased (at exorbitant rates) by contacting i@izs.me
npm warn deprecated glob@10.5.0: Old versions of glob are not supported, and contain widely publicized security vulnerabilities, which have been fixed in the current version. Please update. Support for old versions may be purchased (at exorbitant rates) by contacting i@izs.me
npm warn deprecated glob@10.5.0: Old versions of glob are not supported, and contain widely publicized security vulnerabilities, which have been fixed in the current version. Please update. Support for old versions may be purchased (at exorbitant rates) by contacting i@izs.me

added 1556 packages, and audited 1557 packages in 24s

321 packages are looking for funding
  run `npm fund` for details

17 vulnerabilities (1 low, 13 moderate, 3 high)

To address issues that do not require attention, run:
  npm audit fix

To address all issues (including breaking changes), run:
  npm audit fix --force

Run `npm audit` for details.
cd web && npm cache clean --force
npm warn using --force Recommended protections disabled.
--> ffac61afac9d
[linux/arm64] [1/3] STEP 8/9: COPY web/ web/
--> f05f6c5ed721
[linux/arm64] [1/3] STEP 9/9: RUN make build-frontend
Makefile:45: warning: overriding recipe for target 'test-backend'
Makefile:41: warning: ignoring old recipe for target 'test-backend'
cd web && npm run build

> logging-view-plugin@6.1.0 build
> npm run clean && NODE_ENV=production npm run ts-node node_modules/.bin/webpack


> logging-view-plugin@6.1.0 clean
> rm -rf dist


> logging-view-plugin@6.1.0 ts-node
> ts-node -O '{"module":"commonjs"}' node_modules/.bin/webpack

@patternfly/react-core dynamic modules taken from dist/dynamic-modules.json
@patternfly/react-icons dynamic modules taken from dist/dynamic-modules.json
@patternfly/react-table dynamic modules taken from dist/dynamic-modules.json
assets by path *.js 4.78 MiB
  assets by chunk 2.64 MiB (id hint: vendors)
    assets by status 1.61 MiB [big]
      asset 9666-chunk-69eed8215e04934b0b32.min.js 1.13 MiB [emitted] [immutable] [big] (id hint: vendors) 1 related asset
      asset 3076-chunk-d3dd5c0fd35e0abdbd6a.min.js 494 KiB [emitted] [immutable] [big] (id hint: vendors) 1 related asset
    + 11 assets
  + 82 assets
asset locales/en/plugin__logging-view-plugin.json 10.4 KiB [emitted] [from: ../locales/en/plugin__logging-view-plugin.json] [copied]
asset plugin-manifest.json 1.92 KiB [emitted]
orphan modules 2.59 MiB [orphan] 1519 modules
runtime modules 37.8 KiB 14 modules
built modules 2.89 MiB (javascript) 1.72 KiB (consume-shared) 1.56 KiB (share-init) [built]
  modules by path ../node_modules/ 2.6 MiB 436 modules
  modules by path ./ 299 KiB 48 modules
  consume-shared-module modules 1.72 KiB
    modules by path consume shared module (default) @patternfly/react-core/dist/dynamic/ 1.23 KiB 30 modules
    modules by path consume shared module (default) @patternfly/react-icons/dist/dynamic/icons/ 294 bytes 7 modules
    modules by path *.1 (singleton) 84 bytes 2 modules
    + 3 modules
  provide-module modules 1.56 KiB
    modules by path provide shared module (default) @patternfly/react-core/dist/dynamic/ 1.23 KiB 30 modules
    modules by path provide shared module (default) @patternfly/react-icons/dist/dynamic/icons/ 294 bytes 7 modules
    provide shared module (default) @patternfly/react-table/dist/dynamic/components/...(truncated) 42 bytes [built] [code generated]
  container entry 42 bytes [built] [code generated]

WARNING in asset size limit: The following asset(s) exceed the recommended size limit (244 KiB).
This can impact web performance.
Assets: 
  9666-chunk-69eed8215e04934b0b32.min.js (1.13 MiB)
  3076-chunk-d3dd5c0fd35e0abdbd6a.min.js (494 KiB)

webpack 5.106.2 compiled with 1 warning in 20231 ms
--> d7458a3222f9
[linux/amd64] [3/3] STEP 1/5: FROM registry.access.redhat.com/ubi9/ubi-minimal
Trying to pull registry.access.redhat.com/ubi9/ubi-minimal:latest...
Getting image source signatures
Checking if image destination supports signatures
Copying blob sha256:8af57f051b373375a1be8f892172089259ad624ed8452291226c539055e60228
Copying config sha256:659f819f47f8e8d2348bd9243d2ef17f39a9cc97ee1964b1cf1f83d428090213
Writing manifest to image destination
Storing signatures
[linux/amd64] [3/3] STEP 2/5: COPY --from=web-builder /opt/app-root/web/dist /opt/app-root/web/dist
--> 86332f3ad5b4
[linux/amd64] [3/3] STEP 3/5: COPY --from=go-builder /opt/app-root/plugin-backend /opt/app-root
--> c373ca4143b4
[linux/amd64] [3/3] STEP 4/5: COPY --from=go-builder /opt/app-root/config /opt/app-root/config
--> 45921d67f7dc
[linux/amd64] [3/3] STEP 5/5: ENTRYPOINT ["/opt/app-root/plugin-backend", "-config-path", "/opt/app-root/config", "-static-path", "/opt/app-root/web/dist"]
[linux/amd64] [3/3] COMMIT
--> 6b1f8eea9859
[linux/arm64] [2/3] STEP 1/12: FROM registry.access.redhat.com/ubi9/go-toolset:1.26 AS go-builder
6b1f8eea98596a5f5f3e0aa398362a1b9fa1bd6de3d95fe7caad36df5cf77a14
Trying to pull registry.access.redhat.com/ubi9/go-toolset:1.26...
Getting image source signatures
Checking if image destination supports signatures
Copying blob sha256:45930d601c4202f8f62b21cd0a99019c00cd0af6e243187962defb645a49ab77
Copying blob sha256:f00a3ea30fea862d594c88740f011c234eb0b745138910c83abb92b28517593d
Copying blob sha256:45e8f34021ec53e3f4034c0aa42f88f43d2c6a70db6bcbe4da9c885fec121ca7
Copying blob sha256:9f54e374b06db8429b62d91af166f6a7caa34095b474b38a6853f75e9501072e
Copying config sha256:1b04da50b8a1a4d73cbc62e9438485bbb1219c003b0fef077d227b77d3fa7fb5
Writing manifest to image destination
Storing signatures
[linux/arm64] [2/3] STEP 2/12: WORKDIR /opt/app-root
--> Using cache a05232a4028fedcbdc5858a48a003ce3f0eaa6f7f55bf759968c0186ab9fecd0
--> a05232a4028f
[linux/arm64] [2/3] STEP 3/12: COPY Makefile Makefile
--> ac32a8a19ef7
[linux/arm64] [2/3] STEP 4/12: COPY go.mod go.mod
--> 9eb2c8d91b77
[linux/arm64] [2/3] STEP 5/12: COPY go.sum go.sum
--> 692902882b60
[linux/arm64] [2/3] STEP 6/12: RUN make install-backend
Makefile:45: warning: overriding recipe for target 'test-backend'
Makefile:41: warning: ignoring old recipe for target 'test-backend'
go mod download
--> 50ab98c942bc
[linux/arm64] [2/3] STEP 7/12: COPY config/ config/
--> af6983119dc6
[linux/arm64] [2/3] STEP 8/12: COPY cmd/ cmd/
--> 3e0b368460a7
[linux/arm64] [2/3] STEP 9/12: COPY pkg/ pkg/
--> 63a8a2ac3899
[linux/arm64] [2/3] STEP 10/12: ENV GOEXPERIMENT=strictfipsruntime
--> 7b8d5d3f09d3
[linux/arm64] [2/3] STEP 11/12: ENV CGO_ENABLED=1
--> 0ed657d99b5d
[linux/arm64] [2/3] STEP 12/12: RUN make build-backend BUILD_OPTS="-tags strictfipsruntime"
Makefile:45: warning: overriding recipe for target 'test-backend'
Makefile:41: warning: ignoring old recipe for target 'test-backend'
go build -tags strictfipsruntime -mod=readonly -o plugin-backend cmd/plugin-backend.go
--> 9e82a83c5a58
[linux/arm64] [3/3] STEP 1/5: FROM registry.access.redhat.com/ubi9/ubi-minimal
Trying to pull registry.access.redhat.com/ubi9/ubi-minimal:latest...
Getting image source signatures
Checking if image destination supports signatures
Copying blob sha256:96c16ad0505847764761c5c4d0a82cd8a619f3e93c57f6a4b081cb9d4d0dd3e7
Copying config sha256:dc66a34eca2d77aebb3d6349e06bbb118c0571f172e297eea776d8aa352899e7
Writing manifest to image destination
Storing signatures
[linux/arm64] [3/3] STEP 2/5: COPY --from=web-builder /opt/app-root/web/dist /opt/app-root/web/dist
--> cfc98365f426
[linux/arm64] [3/3] STEP 3/5: COPY --from=go-builder /opt/app-root/plugin-backend /opt/app-root
--> 7b54d15a1b7d
[linux/arm64] [3/3] STEP 4/5: COPY --from=go-builder /opt/app-root/config /opt/app-root/config
--> b29d2eaf5fe7
[linux/arm64] [3/3] STEP 5/5: ENTRYPOINT ["/opt/app-root/plugin-backend", "-config-path", "/opt/app-root/config", "-static-path", "/opt/app-root/web/dist"]
[linux/arm64] [3/3] COMMIT
--> 88c795cadf3b
88c795cadf3bd531900c503924857e91715cd77e8c61d59f9d1ecfdc49593b41
podman manifest push quay.io/rh-ee-emurasak/logging-view-plugin:v6.2.1
Getting image list signatures
Copying 2 images generated from 2 images in list
Copying image sha256:5c73b3b56ca67ca551410d9bef8830f2d63993b22655f65979a77e2d005c1c76 (1/2)
Getting image source signatures
Copying blob sha256:aa01aa90aa329079eeb4101b4ceb683c696ab44cc68d4cf15219a57fba9d1408
Copying blob sha256:eb31fffb4653a560fe98f0cdf1563599483471410f682eef43f925913573d867
Copying blob sha256:773e88e8fb8e8f0380ad29107b1f4c8eb75ab14d74dae5e17fc847729c02a907
Copying blob sha256:7656d1565ef7474371dd5ca5298c3850a67f2cc9bcce16c96bfae2f508326f2a
Copying config sha256:6b1f8eea98596a5f5f3e0aa398362a1b9fa1bd6de3d95fe7caad36df5cf77a14
Writing manifest to image destination
Copying image sha256:4933770e5a36c8dbdcaf4b7e71c529527616a8731e1aaf447b7b815af5703f0a (2/2)
Getting image source signatures
Copying blob sha256:f59d4d341c8789874bdf1f607acf5871a52c29634be8fcdc294945fcb9e2deb1
Copying blob sha256:228d3d093b243661f2bbd4be6cc0e4a91af886b882ca37d67a2522d8dc67af93
Copying blob sha256:8950d125a214cc6cb772fc2d968dfc1ccb6afb101891e68cb17b38482767a100
Copying blob sha256:0f5317e05a0b7329f9c1d35c9bf7110402f36cf206c683762f9870597efe7086
Copying config sha256:88c795cadf3bd531900c503924857e91715cd77e8c61d59f9d1ecfdc49593b41
Writing manifest to image destination
Writing manifest list to image destination
Storing list signatures

==========================================
  BUILD SUMMARY
==========================================
REPO                                          BRANCH                         VERSION    CHECKOUT   PULL       BRANCH     BUILD      ATTEMPTS
----                                          ------                         -------    --------   ----       ------     -----      --------
console-dashboards-plugin                     release-coo-ocp-4.12           v0.4.3     OK         OK         OK         FAILED     3
distributed-tracing-console-plugin            release-coo-ocp-4.12           v0.3.3     OK         OK         OK         SUCCESS    1
logging-view-plugin                           release-coo-ocp-4.12           v6.0.5     OK         OK         OK         FAILED     3
distributed-tracing-console-plugin            release-coo-ocp-4.15           v0.4.3     OK         OK         OK         SUCCESS    1
logging-view-plugin                           release-coo-ocp-4.15           v6.1.6     OK         OK         OK         SUCCESS    1
monitoring-plugin                             release-coo-ocp-4.15           v0.4.5     OK         OK         OK         SUCCESS    1
distributed-tracing-console-plugin            release-coo-ocp-4.19           v1.0.3     OK         OK         OK         SUCCESS    1
troubleshooting-panel-console-plugin          release-coo-ocp-4.19           v0.4.5     OK         OK         OK         SUCCESS    1
monitoring-plugin                             release-coo-ocp-4.19           v0.5.4     OK         OK         OK         SUCCESS    1
distributed-tracing-console-plugin            release-coo-ocp-4.22           v1.1.0     OK         OK         OK         SUCCESS    1
troubleshooting-panel-console-plugin          release-coo-ocp-4.22           v1.0.0     OK         OK         OK         SUCCESS    1
monitoring-plugin                             release-coo-ocp-4.22           v1.0.0     OK         OK         OK         SUCCESS    1
logging-view-plugin                           release-coo-ocp-4.22           v6.2.1     OK         OK         OK         SUCCESS    1
==========================================
Total: 13  |  Succeeded: 11  |  Failed: 2
==========================================
