Logging to /Users/emurasak/workspace/harness/tasks/upstream-images/build-and-push-20260615-133205.log
Fetching all branches for each repo...
  Fetching console-dashboards-plugin...
  Fetching distributed-tracing-console-plugin...
  Fetching logging-view-plugin...
From https://github.com/openshift/logging-view-plugin
   200b068..9eb1afc  release-coo-ocp-4.22 -> origin/release-coo-ocp-4.22
   f4b8315..24e235d  main                 -> origin/main
  Fetching monitoring-plugin...
From https://github.com/openshift/monitoring-plugin
   fd40d4f..4af68e3  release-coo-ocp-4.22 -> origin/release-coo-ocp-4.22
   78b916b..4ca173b  main                 -> origin/main
   8e62a3b..4f318bf  release-4.20         -> origin/release-4.20
   462c788..f47b7a5  release-4.21         -> origin/release-4.21
   cf64033..3bd7c20  release-4.22         -> origin/release-4.22
   78b916b..2b3a204  release-4.23         -> origin/release-4.23
   78b916b..2b3a204  release-5.0          -> origin/release-5.0
   78b916b..2b3a204  release-5.1          -> origin/release-5.1
  Fetching troubleshooting-panel-console-plugin...
From https://github.com/openshift/troubleshooting-panel-console-plugin
   ae1a576..94d11ba  release-coo-ocp-4.22 -> origin/release-coo-ocp-4.22
   e829d5c..0f3e31a  main                 -> origin/main
Fetch complete.
==========================================
Building console-dashboards-plugin @ release-coo-ocp-4.12 with VERSION=v0.4.3 ORG=openshift-observability-ui
==========================================
Already on 'release-coo-ocp-4.12'
Your branch is up to date with 'origin/release-coo-ocp-4.12'.
From https://github.com/openshift/console-dashboards-plugin
 * branch            release-coo-ocp-4.12 -> FETCH_HEAD
Already up to date.
--- Attempt 1/3 ---
podman manifest rm quay.io/openshift-observability-ui/console-dashboards-plugin:v0.4.3 || true
Error: quay.io/openshift-observability-ui/console-dashboards-plugin:v0.4.3: image not known
podman manifest create quay.io/openshift-observability-ui/console-dashboards-plugin:v0.4.3
9635de5f8243ac89fb5923e83a5a778ecc679b9e82ae681f8043f150cdf71ae1
podman build --platform=linux/arm64,linux/amd64 --manifest quay.io/openshift-observability-ui/console-dashboards-plugin:v0.4.3 -f Dockerfile
[linux/amd64] [1/3] STEP 1/8: FROM registry.redhat.io/ubi8/nodejs-18:latest AS web-builder
Trying to pull registry.redhat.io/ubi8/nodejs-18:latest...
Getting image source signatures
Checking if image destination supports signatures
Copying blob sha256:046eb6416170db2ab33e464d04c6f7c0c8c6cc8563597aca8e9fb7736dff00f9
Copying blob sha256:43ddc3bd12b8691687c9f6c273331ca07e3a89b50a619e0db9b040a8a629386d
Copying blob sha256:b610fd6091ba2163b8943d2214e20665977bc8064dc769d47be9ae868e48a301
Copying config sha256:ab55058334c5c32969b838cea2db23ee8c69c1b742006a75c031ed4f1b286bc5
Writing manifest to image destination
Storing signatures
[linux/amd64] [1/3] STEP 2/8: WORKDIR /opt/app-root
--> a078faa6e9ba
[linux/amd64] [1/3] STEP 3/8: USER 0
--> f082240f2598
[linux/amd64] [1/3] STEP 4/8: COPY web/package*.json web/
--> 1cb862466e0c
[linux/amd64] [1/3] STEP 5/8: COPY Makefile Makefile
--> 759b81b88c3d
[linux/amd64] [1/3] STEP 6/8: RUN make install-frontend-ci-clean
cd web && npm ci --ignore-scripts

added 703 packages, and audited 704 packages in 37s

145 packages are looking for funding
  run `npm fund` for details

33 vulnerabilities (20 moderate, 12 high, 1 critical)

To address issues that do not require attention, run:
  npm audit fix

To address all issues (including breaking changes), run:
  npm audit fix --force

Run `npm audit` for details.
cd web && npm cache clean --force
npm warn using --force Recommended protections disabled.
--> 5b6146d36510
[linux/amd64] [1/3] STEP 7/8: COPY web/ web/
--> 02daca236e1f
[linux/amd64] [1/3] STEP 8/8: RUN make build-frontend
cd web && npm run build

> console-dashboards-plugin@0.1.0 build
> npm run clean && NODE_ENV=production npm run ts-node node_modules/.bin/webpack


> console-dashboards-plugin@0.1.0 clean
> rm -rf dist


> console-dashboards-plugin@0.1.0 ts-node
> ts-node -O '{"module":"commonjs"}' node_modules/.bin/webpack

assets by info 19.5 KiB [immutable]
  asset 763-chunk-85263579519beb4f771c.min.js 16.6 KiB [emitted] [immutable] [minimized] (id hint: vendors)
  asset exposed-ProxyTestPage-chunk-2f9082ef890be2ba1e5e.min.js 2.35 KiB [emitted] [immutable] [minimized] (name: exposed-ProxyTestPage)
  asset exposed-GetDatasource-chunk-71e85ff48850c9bbb80c.min.js 559 bytes [emitted] [immutable] [minimized] (name: exposed-GetDatasource)
asset plugin-entry.js 5.64 KiB [emitted] [minimized] (name: console-dashboards-plugin)
asset plugin-manifest.json 733 bytes [emitted]
runtime modules 15.6 KiB 11 modules
built modules 37.8 KiB (javascript) 42 bytes (consume-shared) [built]
  cacheable modules 37.7 KiB
    ./components/ProxyTestPage.tsx 3.73 KiB [built] [code generated]
    ./getDatasource.tsx 878 bytes [built] [code generated]
    ../node_modules/lru-cache/index.mjs 33.1 KiB [built] [code generated]
  container entry 42 bytes [built] [code generated]
  consume shared module (default) react@^17.0.1 (singleton) 42 bytes [built] [code generated]
webpack 5.105.3 compiled successfully in 4012 ms
--> 7c8f8655f5bf
[linux/arm64] [1/3] STEP 1/8: FROM registry.redhat.io/ubi8/nodejs-18:latest AS web-builder
Trying to pull registry.redhat.io/ubi8/nodejs-18:latest...
Getting image source signatures
Checking if image destination supports signatures
Copying blob sha256:c4fff77bc060c02d4f09680032367cb302e83402fc25b7c7ac001cb00238876f
Copying blob sha256:8fd64178c906794da03bc9b7d2d5e3b70073b47f8aa659230381d7fd897dc11b
Copying blob sha256:6ad04be99c8f2547888de53fad691136f65cf5a11c7a2567ef29477c3413f587
Copying config sha256:62a277f6499a7c210a1022190779f4387fc1294a28ea7696fc264248bf328a9b
Writing manifest to image destination
Storing signatures
[linux/arm64] [1/3] STEP 2/8: WORKDIR /opt/app-root
--> 07afcea4bff5
[linux/arm64] [1/3] STEP 3/8: USER 0
--> 6e592e0c3e80
[linux/arm64] [1/3] STEP 4/8: COPY web/package*.json web/
--> eb79d8fa9c7c
[linux/arm64] [1/3] STEP 5/8: COPY Makefile Makefile
--> 66841601d4ab
[linux/arm64] [1/3] STEP 6/8: RUN make install-frontend-ci-clean
cd web && npm ci --ignore-scripts

added 703 packages, and audited 704 packages in 29s

145 packages are looking for funding
  run `npm fund` for details

33 vulnerabilities (20 moderate, 12 high, 1 critical)

To address issues that do not require attention, run:
  npm audit fix

To address all issues (including breaking changes), run:
  npm audit fix --force

Run `npm audit` for details.
cd web && npm cache clean --force
npm warn using --force Recommended protections disabled.
--> f72888009fc1
[linux/arm64] [1/3] STEP 7/8: COPY web/ web/
--> 69caa80dfb39
[linux/arm64] [1/3] STEP 8/8: RUN make build-frontend
cd web && npm run build

> console-dashboards-plugin@0.1.0 build
> npm run clean && NODE_ENV=production npm run ts-node node_modules/.bin/webpack


> console-dashboards-plugin@0.1.0 clean
> rm -rf dist


> console-dashboards-plugin@0.1.0 ts-node
> ts-node -O '{"module":"commonjs"}' node_modules/.bin/webpack

assets by info 19.5 KiB [immutable]
  asset 763-chunk-85263579519beb4f771c.min.js 16.6 KiB [emitted] [immutable] [minimized] (id hint: vendors)
  asset exposed-ProxyTestPage-chunk-2f9082ef890be2ba1e5e.min.js 2.35 KiB [emitted] [immutable] [minimized] (name: exposed-ProxyTestPage)
  asset exposed-GetDatasource-chunk-71e85ff48850c9bbb80c.min.js 559 bytes [emitted] [immutable] [minimized] (name: exposed-GetDatasource)
asset plugin-entry.js 5.64 KiB [emitted] [minimized] (name: console-dashboards-plugin)
asset plugin-manifest.json 733 bytes [emitted]
runtime modules 15.6 KiB 11 modules
built modules 37.8 KiB (javascript) 42 bytes (consume-shared) [built]
  cacheable modules 37.7 KiB
    ./components/ProxyTestPage.tsx 3.73 KiB [built] [code generated]
    ./getDatasource.tsx 878 bytes [built] [code generated]
    ../node_modules/lru-cache/index.mjs 33.1 KiB [built] [code generated]
  container entry 42 bytes [built] [code generated]
  consume shared module (default) react@^17.0.1 (singleton) 42 bytes [built] [code generated]
webpack 5.105.3 compiled successfully in 1751 ms
--> 46b7aa91bba6
[linux/amd64] [2/3] STEP 1/11: FROM registry.ci.openshift.org/ocp/builder:rhel-8-golang-1.24-openshift-4.20 AS go-builder
Trying to pull registry.ci.openshift.org/ocp/builder:rhel-8-golang-1.24-openshift-4.20...
Getting image source signatures
Copying blob sha256:3fb2044d96a1bb27cfa47616e6bd80e567dff87998ea844eb6f7fd8887e30712
Copying blob sha256:c7965aa7086045a59bdb113a1fb8a19d7ccf7af4133e59af8ecefd39cda8e0b1
Copying blob sha256:32a0db6672d42bc2f63fa6c620bf354f141c2478d6ea69c2363fc3ae82cf9448
Copying config sha256:19b3b16445932ab238eae5085e0e71799e01ed9b636499f349deb67748a52a3d
Writing manifest to image destination
[linux/amd64] [2/3] STEP 2/11: WORKDIR /opt/app-root
--> c50735884734
[linux/amd64] [2/3] STEP 3/11: COPY Makefile Makefile
--> fd8580c74d68
[linux/amd64] [2/3] STEP 4/11: COPY go.mod go.mod
--> 6a9187a2708d
[linux/amd64] [2/3] STEP 5/11: COPY go.sum go.sum
--> 70411ebacc4e
[linux/amd64] [2/3] STEP 6/11: RUN go mod download
--> e9bc4a124987
[linux/amd64] [2/3] STEP 7/11: COPY cmd/ cmd/
--> 24ca1d94ba4f
[linux/amd64] [2/3] STEP 8/11: COPY pkg/ pkg/
--> 17424d020842
[linux/amd64] [2/3] STEP 9/11: ENV GOEXPERIMENT=strictfipsruntime
--> aeefdcadadc1
[linux/amd64] [2/3] STEP 10/11: ENV CGO_ENABLED=1
--> da6275ffdedc
[linux/amd64] [2/3] STEP 11/11: RUN make build-backend BUILD_OPTS="-tags strictfipsruntime"
go build -tags strictfipsruntime -o plugin-backend -mod=readonly cmd/plugin-backend.go
--> 69c88b2479ba
[linux/arm64] [2/3] STEP 1/11: FROM registry.ci.openshift.org/ocp/builder:rhel-8-golang-1.24-openshift-4.20 AS go-builder
Trying to pull registry.ci.openshift.org/ocp/builder:rhel-8-golang-1.24-openshift-4.20...
Getting image source signatures
Copying blob sha256:abb828c6dd68e53a22f7a11904b72f9d5a7802fb5e7c380b3a22b18a02e9a463
Copying blob sha256:f6c1531fa79e5aa0dc5c1fd899d8aa83ae36ca5986d548d754e6bc3c19b0bec2
Copying blob sha256:211523f3608ae0538e139764b42d3db023cbe3af165af43f3b35bd1008edbe2a
Copying config sha256:3de9ed5adfbdb462c0f99d5e33785669a80acf73acfb3d1c4fc485e2ec1d47a8
Writing manifest to image destination
[linux/arm64] [2/3] STEP 2/11: WORKDIR /opt/app-root
--> 2eb4427a7c8c
[linux/arm64] [2/3] STEP 3/11: COPY Makefile Makefile
--> 6b4b2211b14e
[linux/arm64] [2/3] STEP 4/11: COPY go.mod go.mod
--> 4eaae419e3ee
[linux/arm64] [2/3] STEP 5/11: COPY go.sum go.sum
--> 52615964760e
[linux/arm64] [2/3] STEP 6/11: RUN go mod download
--> 1505c921b69e
[linux/arm64] [2/3] STEP 7/11: COPY cmd/ cmd/
--> ed9d2260c0cb
[linux/arm64] [2/3] STEP 8/11: COPY pkg/ pkg/
--> c6b18a5eed2a
[linux/arm64] [2/3] STEP 9/11: ENV GOEXPERIMENT=strictfipsruntime
--> 139dda6de9ff
[linux/arm64] [2/3] STEP 10/11: ENV CGO_ENABLED=1
--> e488416969af
[linux/arm64] [2/3] STEP 11/11: RUN make build-backend BUILD_OPTS="-tags strictfipsruntime"
go build -tags strictfipsruntime -o plugin-backend -mod=readonly cmd/plugin-backend.go
--> 93bb4cf193cc
[linux/amd64] [3/3] STEP 1/4: FROM registry.access.redhat.com/ubi8/ubi
Trying to pull registry.access.redhat.com/ubi8/ubi:latest...
Getting image source signatures
Checking if image destination supports signatures
Copying blob sha256:245f1b069b431ca5b78c4eaff28999c523feb10acce56458483315e822a73edb
Copying config sha256:2b0776cbb41a87a93014e3b72a5731697cd2bbfa38af7b944079619fbc412977
Writing manifest to image destination
Storing signatures
[linux/amd64] [3/3] STEP 2/4: COPY --from=web-builder /opt/app-root/web/dist /opt/app-root/web/dist
--> 48c51de98862
[linux/amd64] [3/3] STEP 3/4: COPY --from=go-builder /opt/app-root/plugin-backend /opt/app-root
--> 293de89cc604
[linux/amd64] [3/3] STEP 4/4: ENTRYPOINT ["/opt/app-root/plugin-backend", "-static-path", "/opt/app-root/web/dist"]
[linux/amd64] [3/3] COMMIT
--> 7c064b80b904
[linux/arm64] [3/3] STEP 1/4: FROM registry.access.redhat.com/ubi8/ubi
Trying to pull registry.access.redhat.com/ubi8/ubi:latest...
7c064b80b9046f5a60e7e537aecca28e494510d7c7e6b34540b0d5af8cc9b882
Getting image source signatures
Checking if image destination supports signatures
Copying blob sha256:da55729cf854875cad7acdff202838b9dc44af2d7ba920c233669c98a9d9e22b
Copying config sha256:c0771e8cefdbbe4a1ffcb022664a77a7d439f2c266c65b0c601f5506630c1449
Writing manifest to image destination
Storing signatures
[linux/arm64] [3/3] STEP 2/4: COPY --from=web-builder /opt/app-root/web/dist /opt/app-root/web/dist
--> 60528d96a1e7
[linux/arm64] [3/3] STEP 3/4: COPY --from=go-builder /opt/app-root/plugin-backend /opt/app-root
--> 9c2a99d6fc66
[linux/arm64] [3/3] STEP 4/4: ENTRYPOINT ["/opt/app-root/plugin-backend", "-static-path", "/opt/app-root/web/dist"]
[linux/arm64] [3/3] COMMIT
--> 55945e593ed9
55945e593ed91dfcbf27b38f0e56f4aece573214fb44236f65aa882582398d54
podman manifest push quay.io/openshift-observability-ui/console-dashboards-plugin:v0.4.3
Getting image list signatures
Copying 2 images generated from 2 images in list
Copying image sha256:53559283518534d765974ec33f383e6045c91acec22a3e2f4b29374e263d50dd (1/2)
Getting image source signatures
Copying blob sha256:9501c857962a89fc2e74242aa9de285ebd03dc0d0944902e344f74634beaeb58
Copying blob sha256:48986d3fe7fa93a136255c6b62fdc24b9ca669ade582ace0e3b0f329e23bd0b9
Copying blob sha256:d6f68e07369db223bfe23ef0e66236f72f0287dd87d05742ea8c7cc532790881
Copying config sha256:7c064b80b9046f5a60e7e537aecca28e494510d7c7e6b34540b0d5af8cc9b882
Writing manifest to image destination
Copying image sha256:3bb970f2f0567d42877cad494817abfa852b723d6a02a254e88ca2d2b87d458b (2/2)
Getting image source signatures
Copying blob sha256:60d295419a0fb5cb483948db0883d3a928b3d7ced59df374316a2cefb47af90f
Copying blob sha256:248424987de77e69ea30ed133ad3df5473b3dcb0695bad3a3bbda9e8cc5dd3ab
Copying blob sha256:c7945fd5aa60f9050e92007b13dc0f2828e105a0b6228f8d5ae9efcdc5dd6b7c
Copying config sha256:55945e593ed91dfcbf27b38f0e56f4aece573214fb44236f65aa882582398d54
Writing manifest to image destination
Writing manifest list to image destination
Storing list signatures
==========================================
Building distributed-tracing-console-plugin @ release-coo-ocp-4.12 with VERSION=v0.3.3 ORG=openshift-observability-ui
==========================================
Switched to branch 'release-coo-ocp-4.12'
Your branch is up to date with 'origin/release-coo-ocp-4.12'.
From https://github.com/openshift/distributed-tracing-console-plugin
 * branch            release-coo-ocp-4.12 -> FETCH_HEAD
Already up to date.
--- Attempt 1/3 ---
podman manifest rm quay.io/openshift-observability-ui/distributed-tracing-console-plugin:v0.3.3 || true
Error: quay.io/openshift-observability-ui/distributed-tracing-console-plugin:v0.3.3: image not known
podman manifest create quay.io/openshift-observability-ui/distributed-tracing-console-plugin:v0.3.3
1ee38098df59eca389f35ed499e605622ab562f6d8a30fa449c623f68598f827
podman build --platform=linux/arm64,linux/amd64 --manifest quay.io/openshift-observability-ui/distributed-tracing-console-plugin:v0.3.3 -f Dockerfile
[linux/arm64] [1/3] STEP 1/8: FROM registry.redhat.io/ubi8/nodejs-22:latest AS web-builder
Trying to pull registry.redhat.io/ubi8/nodejs-22:latest...
Getting image source signatures
Checking if image destination supports signatures
Copying blob sha256:9c0a1793084e9a11fba44a68c11220888008122bcbd5eb894963d70e555d75bc
Copying blob sha256:da55729cf854875cad7acdff202838b9dc44af2d7ba920c233669c98a9d9e22b
Copying blob sha256:3a146b9530838c8893e87ec7c60bb8a046d3cad63e4376bb9ee693ab88523c6a
Copying config sha256:bd54fb813d8ac1e5eb0bdb590f5224bdea51d73dc894175becf54135db7c6621
Writing manifest to image destination
Storing signatures
[linux/arm64] [1/3] STEP 2/8: WORKDIR /opt/app-root
--> e3bb7c09413c
[linux/arm64] [1/3] STEP 3/8: USER 0
--> 7b306745faf5
[linux/arm64] [1/3] STEP 4/8: COPY web/package*.json web/
--> ed6c66d5091f
[linux/arm64] [1/3] STEP 5/8: COPY Makefile Makefile
--> 6c8ac85b45f0
[linux/arm64] [1/3] STEP 6/8: RUN make install-frontend-ci-clean
cd web && npm ci --ignore-scripts --omit=optional
npm warn deprecated trim@0.0.1: Use String.prototype.trim() instead
npm warn deprecated rimraf@3.0.2: Rimraf versions prior to v4 are no longer supported
npm warn deprecated popper.js@1.16.1: You can find the new Popper v2 at @popperjs/core, this package is dedicated to the legacy v1
npm warn deprecated mini-create-react-context@0.4.1: Package no longer supported. Contact Support at https://www.npmjs.com/support for more info.
npm warn deprecated inflight@1.0.6: This module is not supported, and leaks memory. Do not use it. Check out lru-cache if you want a good and tested way to coalesce async requests by a key value, which is much more comprehensive and powerful.
npm warn deprecated i18next-parser@8.13.0: Project is deprecated, use i18next-cli instead
npm warn deprecated glob@7.2.3: Glob versions prior to v9 are no longer supported
npm warn deprecated eslint@8.57.1: This version is no longer supported. Please see https://eslint.org/version-support for other options.
npm warn deprecated circular-json@0.3.3: CircularJSON is in maintenance only, flatted is its successor.
npm warn deprecated core-js@2.6.12: core-js@<3.23.3 is no longer maintained and not recommended for usage due to the number of issues. Because of the V8 engine whims, feature detection in old core-js versions could cause a slowdown up to 100x even if nothing is polyfilled. Some versions have web compatibility issues. Please, upgrade your dependencies to the actual version of core-js.
npm warn deprecated @humanwhocodes/object-schema@2.0.3: Use @eslint/object-schema instead
npm warn deprecated @humanwhocodes/config-array@0.13.0: Use @eslint/config-array instead
npm warn deprecated uuid@3.4.0: Please upgrade  to version 7 or higher.  Older versions may use Math.random() in certain circumstances, which is known to be problematic.  See https://v8.dev/blog/math-random for details.
npm warn deprecated rimraf@2.7.1: Rimraf versions prior to v4 are no longer supported
npm warn deprecated rimraf@2.6.3: Rimraf versions prior to v4 are no longer supported
npm warn deprecated browserslist@2.11.3: Browserslist 2 could fail on reading Browserslist >3.0 config used in other tools.

added 2089 packages, and audited 2090 packages in 42s

318 packages are looking for funding
  run `npm fund` for details

63 vulnerabilities (1 low, 40 moderate, 21 high, 1 critical)

To address issues that do not require attention, run:
  npm audit fix

To address all issues possible (including breaking changes), run:
  npm audit fix --force

Some issues need review, and may require choosing
a different dependency.

Run `npm audit` for details.
cd web && npm cache clean --force
npm warn using --force Recommended protections disabled.
--> cc149f4a1185
[linux/arm64] [1/3] STEP 7/8: COPY web/ web/
--> ffafd7debe57
[linux/arm64] [1/3] STEP 8/8: RUN make build-frontend
cd web && npm run build

> distributed-tracing-console-plugin@0.3.0 build
> npm run clean && NODE_ENV=production npm run webpack


> distributed-tracing-console-plugin@0.3.0 clean
> rm -rf dist


> distributed-tracing-console-plugin@0.3.0 webpack
> node -r ts-node/register ./node_modules/.bin/webpack

assets by path assets/ 1.27 MiB
  assets by path assets/*.woff 740 KiB 42 assets
  assets by path assets/*.woff2 565 KiB
    asset assets/inter-latin-ext-600-normal..woff2 35.4 KiB [emitted] [from: ../node_modules/@fontsource/inter/files/inter-latin-ext-600-normal.woff2] (auxiliary id hint: vendors)
    asset assets/inter-latin-ext-700-normal..woff2 35.4 KiB [emitted] [from: ../node_modules/@fontsource/inter/files/inter-latin-ext-700-normal.woff2] (auxiliary id hint: vendors)
    + 40 assets
assets by path *.js 2.91 MiB
  assets by chunk 2.85 MiB (id hint: vendors)
    asset 231-chunk-f6f04aea9cd53f0eebdb.min.js 2.71 MiB [emitted] [immutable] [minimized] [big] (id hint: vendors) 1 related asset
    + 2 assets
  + 4 assets
asset locales/en/plugin__distributed-tracing-console-plugin.json 4.06 KiB [emitted] [from: ../locales/en/plugin__distributed-tracing-console-plugin.json] [copied]
asset plugin-manifest.json 951 bytes [emitted]
orphan modules 23.6 MiB (javascript) 168 bytes (consume-shared) [orphan] 14918 modules
runtime modules 18.8 KiB 14 modules
built modules 9.82 MiB (javascript) 1.27 MiB (asset) 1010 bytes (consume-shared) 42 bytes (share-init) [built]
  javascript modules 9.82 MiB
    modules by path ../node_modules/ 9.72 MiB 654 modules
    modules by path ./ 104 KiB 15 modules
    container entry 42 bytes [built] [code generated]
  asset modules 1.27 MiB (asset) 3.45 KiB (javascript)
    modules by path ../node_modules/@fontsource/inter/files/*.woff2 565 KiB (asset) 1.72 KiB (javascript) 42 modules
    modules by path ../node_modules/@fontsource/inter/files/*.woff 740 KiB (asset) 1.72 KiB (javascript) 42 modules
  consume-shared-module modules 1010 bytes
    modules by path *.0 (singleton) 378 bytes 9 modules
    modules by path *.1 (singleton) 84 bytes 2 modules
    + 13 modules
  provide shared module (default) react-helmet@6.1.0 = ../node_modules/react-helme...(truncated) 42 bytes [built] [code generated]

WARNING in asset size limit: The following asset(s) exceed the recommended size limit (244 KiB).
This can impact web performance.
Assets: 
  231-chunk-f6f04aea9cd53f0eebdb.min.js (2.71 MiB)

webpack 5.105.3 compiled with 1 warning in 45717 ms
--> 90f9503b3a90
[linux/arm64] [2/3] STEP 1/11: FROM brew.registry.redhat.io/rh-osbs/openshift-golang-builder:rhel_9_1.25 AS go-builder
Trying to pull brew.registry.redhat.io/rh-osbs/openshift-golang-builder:rhel_9_1.25...
Getting image source signatures
Copying blob sha256:b98d37c87f15536538dc20373f6feca81ccf73779a63f168b7855ce2c2360cff
Copying blob sha256:9e9bee4738d78cc5b8c68706e99751b669394b1e52ebb360fabf583fee381119
Copying config sha256:6cc0ec0f03bcbce80b198dae197eb1ca379eb2fa2e7f2e456cf01f6464e2b1ec
Writing manifest to image destination
[linux/arm64] [2/3] STEP 2/11: WORKDIR /opt/app-root
--> 5c4c49ee91d3
[linux/arm64] [2/3] STEP 3/11: COPY Makefile Makefile
--> ede43e6a41c6
[linux/arm64] [2/3] STEP 4/11: COPY go.mod go.mod
--> f1226976bf2e
[linux/arm64] [2/3] STEP 5/11: COPY go.sum go.sum
--> 9e06d43e3fb5
[linux/arm64] [2/3] STEP 6/11: RUN go mod download
Go compliance shim [1] [rhel-9-golang-1.25][openshift-golang-builder]: assessment: CGO_ENABLED=1
Go compliance shim [1] [rhel-9-golang-1.25][openshift-golang-builder]: assessment: dynamic linking
Go compliance shim [1] [rhel-9-golang-1.25][openshift-golang-builder]: skipping forced compliance due to broad exemption
Go compliance shim [1] [rhel-9-golang-1.25][openshift-golang-builder]: EXEMPT: 1


Go compliance shim [1] [rhel-9-golang-1.25][openshift-golang-builder]: final command line arguments: "mod" "download" 

Go compliance shim [1] [rhel-9-golang-1.25][openshift-golang-builder]: invoking real go binary
Go compliance shim [1] [rhel-9-golang-1.25][openshift-golang-builder]: Exited with: 0
--> 8d5d76065b15
[linux/arm64] [2/3] STEP 7/11: COPY cmd/ cmd/
--> 6039a59aff71
[linux/arm64] [2/3] STEP 8/11: COPY pkg/ pkg/
--> 08b99d7e464b
[linux/arm64] [2/3] STEP 9/11: ENV GOEXPERIMENT=strictfipsruntime
--> 3e1d4ffad996
[linux/arm64] [2/3] STEP 10/11: ENV CGO_ENABLED=1
--> b454cc4247c0
[linux/arm64] [2/3] STEP 11/11: RUN make build-backend BUILD_OPTS="-tags strictfipsruntime"
go build -tags strictfipsruntime -o plugin-backend -mod=readonly cmd/plugin-backend.go
Go compliance shim [2] [rhel-9-golang-1.25][openshift-golang-builder]: assessment: CGO_ENABLED=1
Go compliance shim [2] [rhel-9-golang-1.25][openshift-golang-builder]: assessment: dynamic linking
Go compliance shim [2] [rhel-9-golang-1.25][openshift-golang-builder]: skipping forced compliance due to broad exemption
Go compliance shim [2] [rhel-9-golang-1.25][openshift-golang-builder]: EXEMPT: 1


Go compliance shim [2] [rhel-9-golang-1.25][openshift-golang-builder]: final command line arguments: "build" "-tags" "strictfipsruntime" "-o" "plugin-backend" "-mod=readonly" "cmd/plugin-backend.go" 

Go compliance shim [2] [rhel-9-golang-1.25][openshift-golang-builder]: invoking real go binary
Go compliance shim [2] [rhel-9-golang-1.25][openshift-golang-builder]: Exited with: 0
--> 0886c29f6f12
[linux/amd64] [1/3] STEP 1/8: FROM registry.redhat.io/ubi8/nodejs-22:latest AS web-builder
Trying to pull registry.redhat.io/ubi8/nodejs-22:latest...
Getting image source signatures
Checking if image destination supports signatures
Copying blob sha256:d94b7f2d9d19987c602209c1ca7a5079ecb05168dbcf6c0c2a67e55808e6bb05
Copying blob sha256:245f1b069b431ca5b78c4eaff28999c523feb10acce56458483315e822a73edb
Copying blob sha256:058fb0f09035753ae475f735e832016dc02d8f9358ef9a3a6dd62cbbe9939b2c
Copying config sha256:7e191c97832b39d7994f1410689998ba37e1bc64c5b3457acb9ba3a6b4f3738c
Writing manifest to image destination
Storing signatures
[linux/amd64] [1/3] STEP 2/8: WORKDIR /opt/app-root
--> 100668934e90
[linux/amd64] [1/3] STEP 3/8: USER 0
--> 40d51dae1f68
[linux/amd64] [1/3] STEP 4/8: COPY web/package*.json web/
--> d8547b633ef9
[linux/amd64] [1/3] STEP 5/8: COPY Makefile Makefile
--> 858c411cf21a
[linux/amd64] [1/3] STEP 6/8: RUN make install-frontend-ci-clean
cd web && npm ci --ignore-scripts --omit=optional
npm warn deprecated trim@0.0.1: Use String.prototype.trim() instead
npm warn deprecated rimraf@3.0.2: Rimraf versions prior to v4 are no longer supported
npm warn deprecated mini-create-react-context@0.4.1: Package no longer supported. Contact Support at https://www.npmjs.com/support for more info.
npm warn deprecated popper.js@1.16.1: You can find the new Popper v2 at @popperjs/core, this package is dedicated to the legacy v1
npm warn deprecated inflight@1.0.6: This module is not supported, and leaks memory. Do not use it. Check out lru-cache if you want a good and tested way to coalesce async requests by a key value, which is much more comprehensive and powerful.
npm warn deprecated i18next-parser@8.13.0: Project is deprecated, use i18next-cli instead
npm warn deprecated glob@7.2.3: Glob versions prior to v9 are no longer supported
npm warn deprecated circular-json@0.3.3: CircularJSON is in maintenance only, flatted is its successor.
npm warn deprecated eslint@8.57.1: This version is no longer supported. Please see https://eslint.org/version-support for other options.
npm warn deprecated @humanwhocodes/object-schema@2.0.3: Use @eslint/object-schema instead
npm warn deprecated @humanwhocodes/config-array@0.13.0: Use @eslint/config-array instead
npm warn deprecated uuid@3.4.0: Please upgrade  to version 7 or higher.  Older versions may use Math.random() in certain circumstances, which is known to be problematic.  See https://v8.dev/blog/math-random for details.
npm warn deprecated rimraf@2.7.1: Rimraf versions prior to v4 are no longer supported
npm warn deprecated rimraf@2.6.3: Rimraf versions prior to v4 are no longer supported
npm warn deprecated browserslist@2.11.3: Browserslist 2 could fail on reading Browserslist >3.0 config used in other tools.
npm warn deprecated core-js@2.6.12: core-js@<3.23.3 is no longer maintained and not recommended for usage due to the number of issues. Because of the V8 engine whims, feature detection in old core-js versions could cause a slowdown up to 100x even if nothing is polyfilled. Some versions have web compatibility issues. Please, upgrade your dependencies to the actual version of core-js.

added 2089 packages, and audited 2090 packages in 1m

318 packages are looking for funding
  run `npm fund` for details

63 vulnerabilities (1 low, 40 moderate, 21 high, 1 critical)

To address issues that do not require attention, run:
  npm audit fix

To address all issues possible (including breaking changes), run:
  npm audit fix --force

Some issues need review, and may require choosing
a different dependency.

Run `npm audit` for details.
cd web && npm cache clean --force
npm warn using --force Recommended protections disabled.
--> 1a5e68c8b7c2
[linux/amd64] [1/3] STEP 7/8: COPY web/ web/
--> 004443762ee8
[linux/amd64] [1/3] STEP 8/8: RUN make build-frontend
cd web && npm run build

> distributed-tracing-console-plugin@0.3.0 build
> npm run clean && NODE_ENV=production npm run webpack


> distributed-tracing-console-plugin@0.3.0 clean
> rm -rf dist


> distributed-tracing-console-plugin@0.3.0 webpack
> node -r ts-node/register ./node_modules/.bin/webpack

assets by path assets/ 1.27 MiB
  assets by path assets/*.woff 740 KiB 42 assets
  assets by path assets/*.woff2 565 KiB
    asset assets/inter-latin-ext-600-normal..woff2 35.4 KiB [emitted] [from: ../node_modules/@fontsource/inter/files/inter-latin-ext-600-normal.woff2] (auxiliary id hint: vendors)
    asset assets/inter-latin-ext-700-normal..woff2 35.4 KiB [emitted] [from: ../node_modules/@fontsource/inter/files/inter-latin-ext-700-normal.woff2] (auxiliary id hint: vendors)
    + 40 assets
assets by path *.js 2.91 MiB
  assets by chunk 2.85 MiB (id hint: vendors)
    asset 231-chunk-f6f04aea9cd53f0eebdb.min.js 2.71 MiB [emitted] [immutable] [minimized] [big] (id hint: vendors) 1 related asset
    + 2 assets
  + 4 assets
asset locales/en/plugin__distributed-tracing-console-plugin.json 4.06 KiB [emitted] [from: ../locales/en/plugin__distributed-tracing-console-plugin.json] [copied]
asset plugin-manifest.json 951 bytes [emitted]
orphan modules 23.6 MiB (javascript) 168 bytes (consume-shared) [orphan] 14918 modules
runtime modules 18.8 KiB 14 modules
built modules 9.82 MiB (javascript) 1.27 MiB (asset) 1010 bytes (consume-shared) 42 bytes (share-init) [built]
  javascript modules 9.82 MiB
    modules by path ../node_modules/ 9.72 MiB 654 modules
    modules by path ./ 104 KiB 15 modules
    container entry 42 bytes [built] [code generated]
  asset modules 1.27 MiB (asset) 3.45 KiB (javascript)
    modules by path ../node_modules/@fontsource/inter/files/*.woff2 565 KiB (asset) 1.72 KiB (javascript) 42 modules
    modules by path ../node_modules/@fontsource/inter/files/*.woff 740 KiB (asset) 1.72 KiB (javascript) 42 modules
  consume-shared-module modules 1010 bytes
    modules by path *.0 (singleton) 378 bytes 9 modules
    modules by path *.1 (singleton) 84 bytes 2 modules
    + 13 modules
  provide shared module (default) react-helmet@6.1.0 = ../node_modules/react-helme...(truncated) 42 bytes [built] [code generated]

WARNING in asset size limit: The following asset(s) exceed the recommended size limit (244 KiB).
This can impact web performance.
Assets: 
  231-chunk-f6f04aea9cd53f0eebdb.min.js (2.71 MiB)

webpack 5.105.3 compiled with 1 warning in 67274 ms
--> d3601ceb78c9
[linux/arm64] [3/3] STEP 1/4: FROM registry.access.redhat.com/ubi9/ubi-minimal
Trying to pull registry.access.redhat.com/ubi9/ubi-minimal:latest...
Getting image source signatures
Checking if image destination supports signatures
Copying blob sha256:06005d885e6ce6c0708c4294316153d2de40b8859a131bbba11795c4f1e5eb71
Copying config sha256:ea3bce457a2c31c50e142616d6ee41379ad84976306f88b36bfad9ec4344a41f
Writing manifest to image destination
Storing signatures
[linux/arm64] [3/3] STEP 2/4: COPY --from=web-builder /opt/app-root/web/dist /opt/app-root/web/dist
--> 4258242642d8
[linux/arm64] [3/3] STEP 3/4: COPY --from=go-builder /opt/app-root/plugin-backend /opt/app-root
--> 2522d0c515f8
[linux/arm64] [3/3] STEP 4/4: ENTRYPOINT ["/opt/app-root/plugin-backend", "-static-path", "/opt/app-root/web/dist", "-config-path", "/opt/app-root/web/dist"]
[linux/arm64] [3/3] COMMIT
--> b78c641a48f1
[linux/amd64] [2/3] STEP 1/11: FROM brew.registry.redhat.io/rh-osbs/openshift-golang-builder:rhel_9_1.25 AS go-builder
b78c641a48f143fef29b32fb44ff7b6341d20db7ec8dd8a658a6c763549a1e8e
Trying to pull brew.registry.redhat.io/rh-osbs/openshift-golang-builder:rhel_9_1.25...
Getting image source signatures
Copying blob sha256:cb8cee91bb10a151d5f47bfaeade03a136feecdd326326b1bb7ffb26c45f6de8
Copying blob sha256:07b4b7296fb976a7b266e7a81c8e2cef5b0047bd20db6025d084fb8b608e05ed
Copying config sha256:e218eae4db33b56e53cba7f172626764546c2a49403ee52a4a6779724a202367
Writing manifest to image destination
[linux/amd64] [2/3] STEP 2/11: WORKDIR /opt/app-root
--> f5655b971b8e
[linux/amd64] [2/3] STEP 3/11: COPY Makefile Makefile
--> 959b7a8cef74
[linux/amd64] [2/3] STEP 4/11: COPY go.mod go.mod
--> 64857f382b68
[linux/amd64] [2/3] STEP 5/11: COPY go.sum go.sum
--> 5aaa265d1940
[linux/amd64] [2/3] STEP 6/11: RUN go mod download
Go compliance shim [1] [rhel-9-golang-1.25][openshift-golang-builder]: assessment: CGO_ENABLED=1
Go compliance shim [1] [rhel-9-golang-1.25][openshift-golang-builder]: assessment: dynamic linking
Go compliance shim [1] [rhel-9-golang-1.25][openshift-golang-builder]: skipping forced compliance due to broad exemption
Go compliance shim [1] [rhel-9-golang-1.25][openshift-golang-builder]: EXEMPT: 1


Go compliance shim [1] [rhel-9-golang-1.25][openshift-golang-builder]: final command line arguments: "mod" "download" 

Go compliance shim [1] [rhel-9-golang-1.25][openshift-golang-builder]: invoking real go binary
Go compliance shim [1] [rhel-9-golang-1.25][openshift-golang-builder]: Exited with: 0
--> a07c98530ec6
[linux/amd64] [2/3] STEP 7/11: COPY cmd/ cmd/
--> e2e69e0181ad
[linux/amd64] [2/3] STEP 8/11: COPY pkg/ pkg/
--> 1f7d3639c8c8
[linux/amd64] [2/3] STEP 9/11: ENV GOEXPERIMENT=strictfipsruntime
--> 8968170ecef2
[linux/amd64] [2/3] STEP 10/11: ENV CGO_ENABLED=1
--> ad690ab39dee
[linux/amd64] [2/3] STEP 11/11: RUN make build-backend BUILD_OPTS="-tags strictfipsruntime"
go build -tags strictfipsruntime -o plugin-backend -mod=readonly cmd/plugin-backend.go
Go compliance shim [2] [rhel-9-golang-1.25][openshift-golang-builder]: assessment: CGO_ENABLED=1
Go compliance shim [2] [rhel-9-golang-1.25][openshift-golang-builder]: assessment: dynamic linking
Go compliance shim [2] [rhel-9-golang-1.25][openshift-golang-builder]: skipping forced compliance due to broad exemption
Go compliance shim [2] [rhel-9-golang-1.25][openshift-golang-builder]: EXEMPT: 1


Go compliance shim [2] [rhel-9-golang-1.25][openshift-golang-builder]: final command line arguments: "build" "-tags" "strictfipsruntime" "-o" "plugin-backend" "-mod=readonly" "cmd/plugin-backend.go" 

Go compliance shim [2] [rhel-9-golang-1.25][openshift-golang-builder]: invoking real go binary
# runtime/cgo
SIGSEGV: segmentation violation
PC=0x448c34 m=5 sigcode=1 addr=0xefffffffcaa0

goroutine 0 gp=0xc00008a1c0 m=5 mp=0xc000088008 [idle]:
runtime.(*gQueue).empty(...)
	runtime/proc.go:7326
runtime.findRunnable()
	runtime/proc.go:3467 +0xd34 fp=0x7fffb2ffcc18 sp=0x7fffb2ffca48 pc=0x448c34
runtime.schedule()
	runtime/proc.go:4152 +0xb1 fp=0x7fffb2ffcc50 sp=0x7fffb2ffcc18 pc=0x44a011
runtime.goschedImpl(0xc00008a380, 0x58?)
	runtime/proc.go:4314 +0x198 fp=0x7fffb2ffcca0 sp=0x7fffb2ffcc50 pc=0x44a638
runtime.gopreempt_m(...)
	runtime/proc.go:4331
runtime.newstack()
	runtime/stack.go:1126 +0x3da fp=0x7fffb2ffcdd0 sp=0x7fffb2ffcca0 pc=0x45993a
runtime.morestack()
	runtime/asm_amd64.s:620 +0x7d fp=0x7fffb2ffcdd8 sp=0x7fffb2ffcdd0 pc=0x47769d

goroutine 1 gp=0xc000002380 m=nil [runnable, locked to thread]:
runtime.asyncPreempt2()
	runtime/preempt.go:308 +0x39 fp=0xc00005ac60 sp=0xc00005ac40 pc=0x440df9
runtime.asyncPreempt()
	runtime/preempt_amd64.s:46 +0xdb fp=0xc00005ade8 sp=0xc00005ac60 pc=0x47aabb
crypto/internal/impl.Register({0xc00005ae18, 0x6074a6}, {0x66dff3, 0x8}, 0x687350)
	crypto/internal/impl/impl.go:29 fp=0xc00005adf0 sp=0xc00005ade8 pc=0x4de100
crypto/internal/fips140/sha256.init.1()
	crypto/internal/fips140/sha256/sha256block_amd64.go:18 +0x32 fp=0xc00005ae28 sp=0xc00005adf0 pc=0x6086d2
runtime.doInit1(0x8699c0)
	runtime/proc.go:7670 +0xd5 fp=0xc00005af50 sp=0xc00005ae28 pc=0x451455
runtime.doInit(...)
	runtime/proc.go:7637
runtime.main()
	runtime/proc.go:256 +0x350 fp=0xc00005afe0 sp=0xc00005af50 pc=0x442310
runtime.goexit({})
	runtime/asm_amd64.s:1693 +0x1 fp=0xc00005afe8 sp=0xc00005afe0 pc=0x479541

goroutine 2 gp=0xc000002e00 m=nil [force gc (idle)]:
runtime.gopark(0x0?, 0x0?, 0x0?, 0x0?, 0x0?)
	runtime/proc.go:460 +0xce fp=0xc00004afa8 sp=0xc00004af88 pc=0x47286e
runtime.goparkunlock(...)
	runtime/proc.go:466
runtime.forcegchelper()
	runtime/proc.go:373 +0xb3 fp=0xc00004afe0 sp=0xc00004afa8 pc=0x442593
runtime.goexit({})
	runtime/asm_amd64.s:1693 +0x1 fp=0xc00004afe8 sp=0xc00004afe0 pc=0x479541
created by runtime.init.7 in goroutine 1
	runtime/proc.go:361 +0x1a

goroutine 3 gp=0xc000003340 m=nil [GC sweep wait]:
runtime.gopark(0x0?, 0x0?, 0x0?, 0x0?, 0x0?)
	runtime/proc.go:460 +0xce fp=0xc00004b780 sp=0xc00004b760 pc=0x47286e
runtime.goparkunlock(...)
	runtime/proc.go:466
runtime.bgsweep(0xc000076000)
	runtime/mgcsweep.go:279 +0x94 fp=0xc00004b7c8 sp=0xc00004b780 pc=0x42da94
runtime.gcenable.gowrap1()
	runtime/mgc.go:212 +0x25 fp=0xc00004b7e0 sp=0xc00004b7c8 pc=0x421ce5
runtime.goexit({})
	runtime/asm_amd64.s:1693 +0x1 fp=0xc00004b7e8 sp=0xc00004b7e0 pc=0x479541
created by runtime.gcenable in goroutine 1
	runtime/mgc.go:212 +0x66

goroutine 4 gp=0xc000003500 m=nil [GC scavenge wait]:
runtime.gopark(0xc000076000?, 0x6cf678?, 0x1?, 0x0?, 0xc000003500?)
	runtime/proc.go:460 +0xce fp=0xc00004bf78 sp=0xc00004bf58 pc=0x47286e
runtime.goparkunlock(...)
	runtime/proc.go:466
runtime.(*scavengerState).park(0x87eba0)
	runtime/mgcscavenge.go:425 +0x49 fp=0xc00004bfa8 sp=0xc00004bf78 pc=0x42b569
runtime.bgscavenge(0xc000076000)
	runtime/mgcscavenge.go:653 +0x3c fp=0xc00004bfc8 sp=0xc00004bfa8 pc=0x42bafc
runtime.gcenable.gowrap2()
	runtime/mgc.go:213 +0x25 fp=0xc00004bfe0 sp=0xc00004bfc8 pc=0x421c85
runtime.goexit({})
	runtime/asm_amd64.s:1693 +0x1 fp=0xc00004bfe8 sp=0xc00004bfe0 pc=0x479541
created by runtime.gcenable in goroutine 1
	runtime/mgc.go:213 +0xa5

goroutine 18 gp=0xc00008a380 m=nil [runnable]:
runtime.updateMaxProcsGoroutine()
	runtime/proc.go:6711 +0x16e fp=0xc0000467e0 sp=0xc0000467d8 pc=0x45050e
runtime.goexit({})
	runtime/asm_amd64.s:1693 +0x1 fp=0xc0000467e8 sp=0xc0000467e0 pc=0x479541
created by runtime.defaultGOMAXPROCSUpdateEnable in goroutine 1
	runtime/proc.go:6708 +0x37

goroutine 5 gp=0xc000003dc0 m=nil [finalizer wait]:
runtime.gopark(0x0?, 0x0?, 0x0?, 0x0?, 0x0?)
	runtime/proc.go:460 +0xce fp=0xc00004c620 sp=0xc00004c600 pc=0x47286e
runtime.runFinalizers()
	runtime/mfinal.go:210 +0x107 fp=0xc00004c7e0 sp=0xc00004c620 pc=0x420c87
runtime.goexit({})
	runtime/asm_amd64.s:1693 +0x1 fp=0xc00004c7e8 sp=0xc00004c7e0 pc=0x479541
created by runtime.createfing in goroutine 1
	runtime/mfinal.go:172 +0x3d

rax    0xc000032c08
rbx    0x7fffb2ffcaf8
rcx    0xc00008a380
rdx    0x0
rdi    0x0
rsi    0x8
rbp    0x7fffb2ffcc08
rsp    0x7fffb2ffca48
r8     0x0
r9     0x0
r10    0x0
r11    0xffffffffffffff
r12    0x7fffb2ffcac8
r13    0x1
r14    0xc00008a1c0
r15    0x3
rip    0x448c34
rflags 0x242
cs     0x33
fs     0xc0
gs     0x3
Go compliance shim [2] [rhel-9-golang-1.25][openshift-golang-builder]: Exited with: 1
make: *** [Makefile:44: build-backend] Error 1
Error: [linux/amd64]: building at STEP "RUN make build-backend BUILD_OPTS="-tags strictfipsruntime"": while running runtime: exit status 2

make: *** [podman-cross-build] Error 2
WARNING: Attempt 1 failed for distributed-tracing-console-plugin @ release-coo-ocp-4.12 (exit code 2)
--- Attempt 2/3 ---
podman manifest rm quay.io/openshift-observability-ui/distributed-tracing-console-plugin:v0.3.3 || true
Untagged: quay.io/openshift-observability-ui/distributed-tracing-console-plugin:v0.3.3
Deleted: 1ee38098df59eca389f35ed499e605622ab562f6d8a30fa449c623f68598f827
podman manifest create quay.io/openshift-observability-ui/distributed-tracing-console-plugin:v0.3.3
82f74bc8c5278a54028e321cd086426c0152d34ae33b5d2ff889089c70e7d5f1
podman build --platform=linux/arm64,linux/amd64 --manifest quay.io/openshift-observability-ui/distributed-tracing-console-plugin:v0.3.3 -f Dockerfile
[linux/amd64] [1/3] STEP 1/8: FROM registry.redhat.io/ubi8/nodejs-22:latest AS web-builder
[linux/amd64] [1/3] STEP 2/8: WORKDIR /opt/app-root
--> Using cache 100668934e90bb883cfb300a9afad3010848d09eeff9310c6b118b5d02e43324
--> 100668934e90
[linux/amd64] [1/3] STEP 3/8: USER 0
--> Using cache 40d51dae1f682cca419043159e4349d880e7793e067ccf0ea8f50cf9b37d7c70
--> 40d51dae1f68
[linux/amd64] [1/3] STEP 4/8: COPY web/package*.json web/
--> Using cache d8547b633ef988360325f4033f0b17e707a8824cbf264c69e7c41116938b6ca8
--> d8547b633ef9
[linux/amd64] [1/3] STEP 5/8: COPY Makefile Makefile
--> Using cache 858c411cf21a3a16ab5c372c825973c5804984902471d30b033f98f2e3d553ed
--> 858c411cf21a
[linux/amd64] [1/3] STEP 6/8: RUN make install-frontend-ci-clean
--> Using cache 1a5e68c8b7c26958777eebd7322fee708f8012bf955d95bfa1fea3d4766eac0a
--> 1a5e68c8b7c2
[linux/amd64] [1/3] STEP 7/8: COPY web/ web/
--> Using cache 004443762ee8735f7db94a2ed16625e12a7faef385ffafee252a89f90c2f01ed
--> 004443762ee8
[linux/amd64] [1/3] STEP 8/8: RUN make build-frontend
--> Using cache d3601ceb78c9f59bc9d797b702350ede9fc2f9bcd7347d2730dea41382d68709
--> d3601ceb78c9
[linux/arm64] [1/3] STEP 1/8: FROM registry.redhat.io/ubi8/nodejs-22:latest AS web-builder
Trying to pull registry.redhat.io/ubi8/nodejs-22:latest...
Getting image source signatures
Checking if image destination supports signatures
Copying blob sha256:9c0a1793084e9a11fba44a68c11220888008122bcbd5eb894963d70e555d75bc
Copying blob sha256:da55729cf854875cad7acdff202838b9dc44af2d7ba920c233669c98a9d9e22b
Copying blob sha256:3a146b9530838c8893e87ec7c60bb8a046d3cad63e4376bb9ee693ab88523c6a
Copying config sha256:bd54fb813d8ac1e5eb0bdb590f5224bdea51d73dc894175becf54135db7c6621
Writing manifest to image destination
Storing signatures
[linux/arm64] [1/3] STEP 2/8: WORKDIR /opt/app-root
--> Using cache e3bb7c09413c78a7bc6f54db05f03ff8e9b49d23a5893a75a454f6be867aa9b9
--> e3bb7c09413c
[linux/arm64] [1/3] STEP 3/8: USER 0
--> Using cache 7b306745faf5a9850cdb5035a74be4de205d419c4e18e4b4728f0fd848285374
--> 7b306745faf5
[linux/arm64] [1/3] STEP 4/8: COPY web/package*.json web/
--> Using cache ed6c66d5091fbfd6a68b4e4c86d71c88baff3a5888d746a7fa1372e50ab224c0
--> ed6c66d5091f
[linux/arm64] [1/3] STEP 5/8: COPY Makefile Makefile
--> Using cache 6c8ac85b45f007088e476499b1c4cc1575efa623320cdec48e5ea46595aaa28b
--> 6c8ac85b45f0
[linux/arm64] [1/3] STEP 6/8: RUN make install-frontend-ci-clean
--> Using cache cc149f4a1185a0158fa98351ce780257786f3445e139d5bf08690ef2d7f76147
--> cc149f4a1185
[linux/arm64] [1/3] STEP 7/8: COPY web/ web/
--> Using cache ffafd7debe574f5b4a19298d5b805619b2b43036c92388ee608ff8014c5ddf8a
--> ffafd7debe57
[linux/arm64] [1/3] STEP 8/8: RUN make build-frontend
--> Using cache 90f9503b3a9031ae69d351ac65d410cd91476c83f8ec6049f2b3207e2a286c0b
--> 90f9503b3a90
[linux/amd64] [2/3] STEP 1/11: FROM brew.registry.redhat.io/rh-osbs/openshift-golang-builder:rhel_9_1.25 AS go-builder
[linux/amd64] [2/3] STEP 2/11: WORKDIR /opt/app-root
--> Using cache f5655b971b8e5def314c8de62517bac535c5bfd5e404bc30cae8b22d64cdba12
--> f5655b971b8e
[linux/amd64] [2/3] STEP 3/11: COPY Makefile Makefile
--> Using cache 959b7a8cef742fbb85358fdb5f8d192f5461afbc42cca1bad33edf55a0bcf393
--> 959b7a8cef74
[linux/amd64] [2/3] STEP 4/11: COPY go.mod go.mod
--> Using cache 64857f382b686525c380578df3ba1390bfc1845e7d2984b77cd0d7ac83606a77
--> 64857f382b68
[linux/amd64] [2/3] STEP 5/11: COPY go.sum go.sum
--> Using cache 5aaa265d19408180698e74d565ca93099be4b51ec9715765a3df2f8a78c5622d
--> 5aaa265d1940
[linux/amd64] [2/3] STEP 6/11: RUN go mod download
--> Using cache a07c98530ec6fee9601aaf380fd57318e6176d4ffed9593bb04d030faa5bfef4
--> a07c98530ec6
[linux/amd64] [2/3] STEP 7/11: COPY cmd/ cmd/
--> Using cache e2e69e0181ad6abd18c31a6443970dd9bcb4949c8aabad493cdd0df047b421e7
--> e2e69e0181ad
[linux/amd64] [2/3] STEP 8/11: COPY pkg/ pkg/
--> Using cache 1f7d3639c8c899a08954bb380651c8a4fad5688a6fcb0defdbf8dd3022fd784d
--> 1f7d3639c8c8
[linux/amd64] [2/3] STEP 9/11: ENV GOEXPERIMENT=strictfipsruntime
--> Using cache 8968170ecef253934ce5cc48c011529697eeaed9c7af415ef42ce6af08c49fd0
--> 8968170ecef2
[linux/amd64] [2/3] STEP 10/11: ENV CGO_ENABLED=1
--> Using cache ad690ab39dee41c1624e734c32b59b7df2717932dea7ad0dd47d9654cc84342f
--> ad690ab39dee
[linux/amd64] [2/3] STEP 11/11: RUN make build-backend BUILD_OPTS="-tags strictfipsruntime"
go build -tags strictfipsruntime -o plugin-backend -mod=readonly cmd/plugin-backend.go
Go compliance shim [2] [rhel-9-golang-1.25][openshift-golang-builder]: assessment: CGO_ENABLED=1
Go compliance shim [2] [rhel-9-golang-1.25][openshift-golang-builder]: assessment: dynamic linking
Go compliance shim [2] [rhel-9-golang-1.25][openshift-golang-builder]: skipping forced compliance due to broad exemption
Go compliance shim [2] [rhel-9-golang-1.25][openshift-golang-builder]: EXEMPT: 1


Go compliance shim [2] [rhel-9-golang-1.25][openshift-golang-builder]: final command line arguments: "build" "-tags" "strictfipsruntime" "-o" "plugin-backend" "-mod=readonly" "cmd/plugin-backend.go" 

Go compliance shim [2] [rhel-9-golang-1.25][openshift-golang-builder]: invoking real go binary
Go compliance shim [2] [rhel-9-golang-1.25][openshift-golang-builder]: Exited with: 0
--> 52bba08a45f1
[linux/arm64] [2/3] STEP 1/11: FROM brew.registry.redhat.io/rh-osbs/openshift-golang-builder:rhel_9_1.25 AS go-builder
Trying to pull brew.registry.redhat.io/rh-osbs/openshift-golang-builder:rhel_9_1.25...
Getting image source signatures
Copying blob sha256:b98d37c87f15536538dc20373f6feca81ccf73779a63f168b7855ce2c2360cff
Copying blob sha256:9e9bee4738d78cc5b8c68706e99751b669394b1e52ebb360fabf583fee381119
Copying config sha256:6cc0ec0f03bcbce80b198dae197eb1ca379eb2fa2e7f2e456cf01f6464e2b1ec
Writing manifest to image destination
[linux/arm64] [2/3] STEP 2/11: WORKDIR /opt/app-root
--> Using cache 5c4c49ee91d3c4d2cf4683ac80fc91be4b68f60b42da036d8587500d28f5518c
--> 5c4c49ee91d3
[linux/arm64] [2/3] STEP 3/11: COPY Makefile Makefile
--> Using cache ede43e6a41c6347abbcb70ba9b4f7ecf307ebfb8bccba5ebd1be565c18b8cc00
--> ede43e6a41c6
[linux/arm64] [2/3] STEP 4/11: COPY go.mod go.mod
--> Using cache f1226976bf2e958184c88b95eafe389bbf36df3893a0cc016f728167954c9e1d
--> f1226976bf2e
[linux/arm64] [2/3] STEP 5/11: COPY go.sum go.sum
--> Using cache 9e06d43e3fb5e3f01aedf0786bf74d4f4228ebabb888b011da4afb489909c8e0
--> 9e06d43e3fb5
[linux/arm64] [2/3] STEP 6/11: RUN go mod download
--> Using cache 8d5d76065b1526c7f387484d5962f55f40107a45c3bfd93219ebf2c7b1c43bff
--> 8d5d76065b15
[linux/arm64] [2/3] STEP 7/11: COPY cmd/ cmd/
--> Using cache 6039a59aff71d8266837950799655e0eaf575756d97da348e7b9ff3fd38c5499
--> 6039a59aff71
[linux/arm64] [2/3] STEP 8/11: COPY pkg/ pkg/
--> Using cache 08b99d7e464b69cf07c793433be57e27574e84b8096b2397988655a460649d8a
--> 08b99d7e464b
[linux/arm64] [2/3] STEP 9/11: ENV GOEXPERIMENT=strictfipsruntime
--> Using cache 3e1d4ffad996f1b0e9f9e002b5c62ce298c9113fc21352733190594ce6954bbf
--> 3e1d4ffad996
[linux/arm64] [2/3] STEP 10/11: ENV CGO_ENABLED=1
--> Using cache b454cc4247c093dd4bb2f2910c1c33e9d56c9a5739af2a1484be2d48f2506d94
--> b454cc4247c0
[linux/arm64] [2/3] STEP 11/11: RUN make build-backend BUILD_OPTS="-tags strictfipsruntime"
--> Using cache 0886c29f6f123ce4b88b542b2e80255998fe97683ca4da40e70a9db06d0dd23d
--> 0886c29f6f12
[linux/amd64] [3/3] STEP 1/4: FROM registry.access.redhat.com/ubi9/ubi-minimal
Trying to pull registry.access.redhat.com/ubi9/ubi-minimal:latest...
Getting image source signatures
Checking if image destination supports signatures
Copying blob sha256:48538841ca5147d36a25e82713e079413d3c2a137f5ea5df68a1c5da1e3a677e
Copying config sha256:c5116dbb022c512f0c97d135ddcca0f5545090f696fa2d17f338ce72cf9c76a2
Writing manifest to image destination
Storing signatures
[linux/amd64] [3/3] STEP 2/4: COPY --from=web-builder /opt/app-root/web/dist /opt/app-root/web/dist
--> 081d167be7a5
[linux/amd64] [3/3] STEP 3/4: COPY --from=go-builder /opt/app-root/plugin-backend /opt/app-root
--> 8d8bba388644
[linux/amd64] [3/3] STEP 4/4: ENTRYPOINT ["/opt/app-root/plugin-backend", "-static-path", "/opt/app-root/web/dist", "-config-path", "/opt/app-root/web/dist"]
[linux/amd64] [3/3] COMMIT
--> 4ebb315c93d7
[linux/arm64] [3/3] STEP 1/4: FROM registry.access.redhat.com/ubi9/ubi-minimal
4ebb315c93d7ec8f6e7cfc50f18c262654145b8e9405a84a2d6015034414503e
Trying to pull registry.access.redhat.com/ubi9/ubi-minimal:latest...
Getting image source signatures
Checking if image destination supports signatures
Copying blob sha256:06005d885e6ce6c0708c4294316153d2de40b8859a131bbba11795c4f1e5eb71
Copying config sha256:ea3bce457a2c31c50e142616d6ee41379ad84976306f88b36bfad9ec4344a41f
Writing manifest to image destination
Storing signatures
[linux/arm64] [3/3] STEP 2/4: COPY --from=web-builder /opt/app-root/web/dist /opt/app-root/web/dist
--> Using cache 4258242642d8ff46870b4cc835665c9cd8dc9aa151006fa87105af4e0b955312
--> 4258242642d8
[linux/arm64] [3/3] STEP 3/4: COPY --from=go-builder /opt/app-root/plugin-backend /opt/app-root
--> Using cache 2522d0c515f8cf8f38612598baab97773736887af904e5d320365a5f4ac63887
--> 2522d0c515f8
[linux/arm64] [3/3] STEP 4/4: ENTRYPOINT ["/opt/app-root/plugin-backend", "-static-path", "/opt/app-root/web/dist", "-config-path", "/opt/app-root/web/dist"]
--> Using cache b78c641a48f143fef29b32fb44ff7b6341d20db7ec8dd8a658a6c763549a1e8e
--> b78c641a48f1
b78c641a48f143fef29b32fb44ff7b6341d20db7ec8dd8a658a6c763549a1e8e
podman manifest push quay.io/openshift-observability-ui/distributed-tracing-console-plugin:v0.3.3
Getting image list signatures
Copying 2 images generated from 2 images in list
Copying image sha256:a033540c06439212c50d895a524c9f47900aac8c04b631c936c5a36faff03f56 (1/2)
Getting image source signatures
Copying blob sha256:4934e44c377383d3b449632e3bdc82e5e6d672e2ce9b547c27249bed49c34026
Copying blob sha256:406a5ccd80c6331e8a03b3635a6436c032d410194d791a4b7d512c1b1cf9d4ef
Copying blob sha256:bff38b12c58c834c0c2cf7155860d894a2323528a288fc1d10d2ef20a679d2b6
Copying config sha256:4ebb315c93d7ec8f6e7cfc50f18c262654145b8e9405a84a2d6015034414503e
Writing manifest to image destination
Copying image sha256:2dff1d50cc56b36a5f8e9daed75eb13e682cc351cc81de3065fd40d6e3adce02 (2/2)
Getting image source signatures
Copying blob sha256:5ef9e48c5237ed12aa1c9ea6f3e33b909644af26252f4c0905d234075cc4ccfc
Copying blob sha256:4295780a94d174d8da1dc4dd7ff0e754ca6c4dcbd2463f65316ad025beb87b00
Copying blob sha256:d9cef0fd2a2f609d7cc7aee390d063c325f097e903ad0900a4e4278989f14d98
Copying config sha256:b78c641a48f143fef29b32fb44ff7b6341d20db7ec8dd8a658a6c763549a1e8e
Writing manifest to image destination
Writing manifest list to image destination
Storing list signatures
==========================================
Building logging-view-plugin @ release-coo-ocp-4.12 with VERSION=v6.0.5 ORG=openshift-observability-ui
==========================================
Switched to branch 'release-coo-ocp-4.12'
Your branch is up to date with 'origin/release-coo-ocp-4.12'.
From https://github.com/openshift/logging-view-plugin
 * branch            release-coo-ocp-4.12 -> FETCH_HEAD
Already up to date.
--- Attempt 1/3 ---
podman manifest rm quay.io/openshift-observability-ui/logging-view-plugin:v6.0.5 || true
Error: quay.io/openshift-observability-ui/logging-view-plugin:v6.0.5: image not known
podman manifest create quay.io/openshift-observability-ui/logging-view-plugin:v6.0.5
6f9093f1661420771a8157981ed56e9adbcc76b8d87ac54d0d9f40f7d8d2a3dc
podman build --platform=linux/arm64,linux/amd64 --manifest quay.io/openshift-observability-ui/logging-view-plugin:v6.0.5 -f Dockerfile
[linux/amd64] [1/3] STEP 1/9: FROM registry.redhat.io/ubi9/nodejs-18:latest AS web-builder
Trying to pull registry.redhat.io/ubi9/nodejs-18:latest...
Getting image source signatures
Checking if image destination supports signatures
Copying blob sha256:bd74b94f9d783929640d82362c5b1af55b0b7bea9405c379251f405c9c94f690
Copying blob sha256:97971704aef24e8b1129c4f1b2e2241c7800b8bb89a14e77a7efebccd4193661
Copying blob sha256:ce1770dcb97c2c062c80efe0edf0d512923b8ac34444b4f56733f446ea06ca95
Copying config sha256:dc791d1b00fc164bb81bc99a7ddadc9eef02d0042878fe62c5fd468df91b2140
Writing manifest to image destination
Storing signatures
[linux/amd64] [1/3] STEP 2/9: WORKDIR /opt/app-root
--> ee17fb52bd69
[linux/amd64] [1/3] STEP 3/9: USER 0
--> e576fea4f309
[linux/amd64] [1/3] STEP 4/9: ENV HUSKY=0
--> d46b7ad2a374
[linux/amd64] [1/3] STEP 5/9: COPY web/package*.json web/
--> 79abda3d7333
[linux/amd64] [1/3] STEP 6/9: COPY Makefile Makefile
--> d1a75ea4eb36
[linux/amd64] [1/3] STEP 7/9: RUN make install-frontend-ci-clean
cd web && npm ci --omit=optional --ignore-scripts

added 1436 packages, and audited 1437 packages in 55s

267 packages are looking for funding
  run `npm fund` for details

37 vulnerabilities (21 moderate, 14 high, 2 critical)

To address issues that do not require attention, run:
  npm audit fix

To address all issues (including breaking changes), run:
  npm audit fix --force

Run `npm audit` for details.
cd web && npm cache clean --force
npm warn using --force Recommended protections disabled.
--> a695b7bc7939
[linux/amd64] [1/3] STEP 8/9: COPY web/ web/
--> 0934d10c3b02
[linux/amd64] [1/3] STEP 9/9: RUN make build-frontend
cd web && npm run build

> logging-view-plugin@6.0.0 build
> npm run clean && NODE_ENV=production npm run ts-node node_modules/.bin/webpack


> logging-view-plugin@6.0.0 clean
> rm -rf dist


> logging-view-plugin@6.0.0 ts-node
> ts-node -O '{"module":"commonjs"}' node_modules/.bin/webpack

assets by info 2.55 MiB [immutable]
  assets by chunk 2.22 MiB (id hint: vendors)
    asset 198-chunk-da28374bb5b04895f8ca.min.js 1.45 MiB [emitted] [immutable] [big] (id hint: vendors) 1 related asset
    asset 924-chunk-b61cc50348712154c403.min.js 621 KiB [emitted] [immutable] [big] (id hint: vendors) 1 related asset
    asset 31-chunk-fa29db6230d9ee04494a.min.js 169 KiB [emitted] [immutable] (id hint: vendors) 1 related asset
  + 9 assets
asset plugin-entry.js 27.7 KiB [emitted] (name: logging-view-plugin) 1 related asset
asset locales/en/plugin__logging-view-plugin.json 6.89 KiB [emitted] [from: ../locales/en/plugin__logging-view-plugin.json] [copied]
asset plugin-manifest.json 2.63 KiB [emitted]
orphan modules 3.29 MiB [orphan] 2525 modules
runtime modules 17.5 KiB 14 modules
built modules 2.31 MiB (javascript) 504 bytes (consume-shared) [built]
  modules by path ../node_modules/ 2.08 MiB 375 modules
  modules by path ./ 236 KiB 44 modules
  consume-shared-module modules 504 bytes
    modules by path *.0 (singleton) 210 bytes 5 modules
    modules by path consume shared module (default) @patternfly/ 126 bytes
      consume shared module (default) @patternfly/react-core@=4.239.0 (singleton) 42 bytes [built] [code generated]
      + 2 modules
    + 4 modules
  container entry 42 bytes [built] [code generated]

WARNING in asset size limit: The following asset(s) exceed the recommended size limit (244 KiB).
This can impact web performance.
Assets: 
  198-chunk-da28374bb5b04895f8ca.min.js (1.45 MiB)
  924-chunk-b61cc50348712154c403.min.js (621 KiB)

webpack 5.105.3 compiled with 1 warning in 21958 ms
--> 69d2705017e7
[linux/amd64] [2/3] STEP 1/12: FROM registry.ci.openshift.org/ocp/builder:rhel-9-golang-1.22-openshift-4.17 AS go-builder
Trying to pull registry.ci.openshift.org/ocp/builder:rhel-9-golang-1.22-openshift-4.17...
[linux/arm64] [1/3] STEP 1/9: FROM registry.redhat.io/ubi9/nodejs-18:latest AS web-builder
Trying to pull registry.redhat.io/ubi9/nodejs-18:latest...
Getting image source signatures
Checking if image destination supports signatures
Copying blob sha256:d2d4277551d19aaf448f46617629ba5ce8decceacdd7a9e3f6d43a7763294f84
Copying blob sha256:d92b30fd88841f53962ad35d9c474465d043b096524bdc2ef18640daf2e51e82
Copying blob sha256:c0c6f119f250bcd571815218a238bf91fcd968aa4bfe95c224309ec367df747e
Copying config sha256:d561cbadf704f121dc19b5ca23115d808580ccff537c4def93fff467e1723872
Writing manifest to image destination
Storing signatures
[linux/arm64] [1/3] STEP 2/9: WORKDIR /opt/app-root
--> f0fcb80e9c65
[linux/arm64] [1/3] STEP 3/9: USER 0
--> 3df2cd80bd1a
[linux/arm64] [1/3] STEP 4/9: ENV HUSKY=0
--> 192e50936b7b
[linux/arm64] [1/3] STEP 5/9: COPY web/package*.json web/
--> 0a160a670253
[linux/arm64] [1/3] STEP 6/9: COPY Makefile Makefile
--> 69906faaebd5
[linux/arm64] [1/3] STEP 7/9: RUN make install-frontend-ci-clean
cd web && npm ci --omit=optional --ignore-scripts

added 1436 packages, and audited 1437 packages in 39s

267 packages are looking for funding
  run `npm fund` for details

37 vulnerabilities (21 moderate, 14 high, 2 critical)

To address issues that do not require attention, run:
  npm audit fix

To address all issues (including breaking changes), run:
  npm audit fix --force

Run `npm audit` for details.
cd web && npm cache clean --force
npm warn using --force Recommended protections disabled.
--> 5207f389df0a
[linux/arm64] [1/3] STEP 8/9: COPY web/ web/
--> 715cc9564958
[linux/arm64] [1/3] STEP 9/9: RUN make build-frontend
cd web && npm run build

> logging-view-plugin@6.0.0 build
> npm run clean && NODE_ENV=production npm run ts-node node_modules/.bin/webpack


> logging-view-plugin@6.0.0 clean
> rm -rf dist


> logging-view-plugin@6.0.0 ts-node
> ts-node -O '{"module":"commonjs"}' node_modules/.bin/webpack

assets by info 2.55 MiB [immutable]
  assets by chunk 2.22 MiB (id hint: vendors)
    asset 198-chunk-da28374bb5b04895f8ca.min.js 1.45 MiB [emitted] [immutable] [big] (id hint: vendors) 1 related asset
    asset 924-chunk-b61cc50348712154c403.min.js 621 KiB [emitted] [immutable] [big] (id hint: vendors) 1 related asset
    asset 31-chunk-fa29db6230d9ee04494a.min.js 169 KiB [emitted] [immutable] (id hint: vendors) 1 related asset
  + 9 assets
asset plugin-entry.js 27.7 KiB [emitted] (name: logging-view-plugin) 1 related asset
asset locales/en/plugin__logging-view-plugin.json 6.89 KiB [emitted] [from: ../locales/en/plugin__logging-view-plugin.json] [copied]
asset plugin-manifest.json 2.63 KiB [emitted]
orphan modules 3.29 MiB [orphan] 2525 modules
runtime modules 17.5 KiB 14 modules
built modules 2.31 MiB (javascript) 504 bytes (consume-shared) [built]
  modules by path ../node_modules/ 2.08 MiB 375 modules
  modules by path ./ 236 KiB 44 modules
  consume-shared-module modules 504 bytes
    modules by path *.0 (singleton) 210 bytes 5 modules
    modules by path consume shared module (default) @patternfly/ 126 bytes
      consume shared module (default) @patternfly/react-core@=4.239.0 (singleton) 42 bytes [built] [code generated]
      + 2 modules
    + 4 modules
  container entry 42 bytes [built] [code generated]

WARNING in asset size limit: The following asset(s) exceed the recommended size limit (244 KiB).
This can impact web performance.
Assets: 
  198-chunk-da28374bb5b04895f8ca.min.js (1.45 MiB)
  924-chunk-b61cc50348712154c403.min.js (621 KiB)

webpack 5.105.3 compiled with 1 warning in 10702 ms
--> f5a010a71542
[linux/arm64] [2/3] STEP 1/12: FROM registry.ci.openshift.org/ocp/builder:rhel-9-golang-1.22-openshift-4.17 AS go-builder
Trying to pull registry.ci.openshift.org/ocp/builder:rhel-9-golang-1.22-openshift-4.17...
Error: 2 errors occurred:
	* [linux/amd64]: creating build container: internal error: unable to copy from source docker://registry.ci.openshift.org/ocp/builder:rhel-9-golang-1.22-openshift-4.17: initializing source docker://registry.ci.openshift.org/ocp/builder:rhel-9-golang-1.22-openshift-4.17: reading manifest rhel-9-golang-1.22-openshift-4.17 in registry.ci.openshift.org/ocp/builder: manifest unknown
	* [linux/arm64]: creating build container: internal error: unable to copy from source docker://registry.ci.openshift.org/ocp/builder:rhel-9-golang-1.22-openshift-4.17: initializing source docker://registry.ci.openshift.org/ocp/builder:rhel-9-golang-1.22-openshift-4.17: reading manifest rhel-9-golang-1.22-openshift-4.17 in registry.ci.openshift.org/ocp/builder: manifest unknown



make: *** [podman-cross-build] Error 125
WARNING: Attempt 1 failed for logging-view-plugin @ release-coo-ocp-4.12 (exit code 2)
--- Attempt 2/3 ---
podman manifest rm quay.io/openshift-observability-ui/logging-view-plugin:v6.0.5 || true
Untagged: quay.io/openshift-observability-ui/logging-view-plugin:v6.0.5
Deleted: 6f9093f1661420771a8157981ed56e9adbcc76b8d87ac54d0d9f40f7d8d2a3dc
podman manifest create quay.io/openshift-observability-ui/logging-view-plugin:v6.0.5
7092cb022ec7700288d25ecf99bcd9866bf6836f76cc782e5c0ae7d7169d6988
podman build --platform=linux/arm64,linux/amd64 --manifest quay.io/openshift-observability-ui/logging-view-plugin:v6.0.5 -f Dockerfile
[linux/arm64] [1/3] STEP 1/9: FROM registry.redhat.io/ubi9/nodejs-18:latest AS web-builder
[linux/arm64] [1/3] STEP 2/9: WORKDIR /opt/app-root
--> Using cache f0fcb80e9c65ba38c25246e625f5d5a2456c15bc31c1046a95adb22d09e7a36d
--> f0fcb80e9c65
[linux/arm64] [1/3] STEP 3/9: USER 0
--> Using cache 3df2cd80bd1acd519f5d27c08d97893297cc2268e35425909f41d1f394910266
--> 3df2cd80bd1a
[linux/arm64] [1/3] STEP 4/9: ENV HUSKY=0
--> Using cache 192e50936b7b3dc6c5a4d4a5c582674522f5c81003a489e645baa53773081003
--> 192e50936b7b
[linux/arm64] [1/3] STEP 5/9: COPY web/package*.json web/
--> Using cache 0a160a670253f6d7632bb24d7b802950ffe3b33a1ba4e8db998034d1fa6ec220
--> 0a160a670253
[linux/arm64] [1/3] STEP 6/9: COPY Makefile Makefile
--> Using cache 69906faaebd590a63576b167ea62f61d5557bf6c0f9411b5adb0f835172b280b
--> 69906faaebd5
[linux/arm64] [1/3] STEP 7/9: RUN make install-frontend-ci-clean
--> Using cache 5207f389df0a7aef60040a54e6b73a863c10d8ad1a8fc313b96a9b5eac1919e3
--> 5207f389df0a
[linux/arm64] [1/3] STEP 8/9: COPY web/ web/
--> Using cache 715cc9564958164391875364eafc7a7a67c2f92e816529d46c6d8770a457631a
--> 715cc9564958
[linux/arm64] [1/3] STEP 9/9: RUN make build-frontend
--> Using cache f5a010a7154255e8727d0d0cabebdd678a9b3936a38c3e5b6a2fbfb72b5cdb84
--> f5a010a71542
[linux/arm64] [2/3] STEP 1/12: FROM registry.ci.openshift.org/ocp/builder:rhel-9-golang-1.22-openshift-4.17 AS go-builder
Trying to pull registry.ci.openshift.org/ocp/builder:rhel-9-golang-1.22-openshift-4.17...
[linux/amd64] [1/3] STEP 1/9: FROM registry.redhat.io/ubi9/nodejs-18:latest AS web-builder
Trying to pull registry.redhat.io/ubi9/nodejs-18:latest...
Getting image source signatures
Checking if image destination supports signatures
Copying blob sha256:bd74b94f9d783929640d82362c5b1af55b0b7bea9405c379251f405c9c94f690
Copying blob sha256:97971704aef24e8b1129c4f1b2e2241c7800b8bb89a14e77a7efebccd4193661
Copying blob sha256:ce1770dcb97c2c062c80efe0edf0d512923b8ac34444b4f56733f446ea06ca95
Copying config sha256:dc791d1b00fc164bb81bc99a7ddadc9eef02d0042878fe62c5fd468df91b2140
Writing manifest to image destination
Storing signatures
[linux/amd64] [1/3] STEP 2/9: WORKDIR /opt/app-root
--> Using cache ee17fb52bd69fa626e192baee97f0d558c2f6ecda6d1005af6f4056b55d669ce
--> ee17fb52bd69
[linux/amd64] [1/3] STEP 3/9: USER 0
--> Using cache e576fea4f30966d151243888da76394e4dc3b8f8ccf050da408c139a85bfdede
--> e576fea4f309
[linux/amd64] [1/3] STEP 4/9: ENV HUSKY=0
--> Using cache d46b7ad2a374b5dc54fe884f304067676b38fb64498850f6784b69d14d16f12e
--> d46b7ad2a374
[linux/amd64] [1/3] STEP 5/9: COPY web/package*.json web/
--> Using cache 79abda3d7333a0e45b7ed306110f59a25c3d4e041d8af0b673e7a0fdcafab4c2
--> 79abda3d7333
[linux/amd64] [1/3] STEP 6/9: COPY Makefile Makefile
--> Using cache d1a75ea4eb36242b8bb0611bc1db9d04968b0d156e48cad209a6019b693550dc
--> d1a75ea4eb36
[linux/amd64] [1/3] STEP 7/9: RUN make install-frontend-ci-clean
--> Using cache a695b7bc7939f7ba99caa562ca9e537eb598d8017b7329ec6e162810bba27b8a
--> a695b7bc7939
[linux/amd64] [1/3] STEP 8/9: COPY web/ web/
--> Using cache 0934d10c3b02c5e5b67861a306d67a489396b01b0cde15aaa3362ec69c83f1ff
--> 0934d10c3b02
[linux/amd64] [1/3] STEP 9/9: RUN make build-frontend
--> Using cache 69d2705017e72871ed315fd6b89a06e716256ec49a3355cbb0316f88a69e3312
--> 69d2705017e7
[linux/amd64] [2/3] STEP 1/12: FROM registry.ci.openshift.org/ocp/builder:rhel-9-golang-1.22-openshift-4.17 AS go-builder
Trying to pull registry.ci.openshift.org/ocp/builder:rhel-9-golang-1.22-openshift-4.17...
Error: 2 errors occurred:
	* [linux/arm64]: creating build container: internal error: unable to copy from source docker://registry.ci.openshift.org/ocp/builder:rhel-9-golang-1.22-openshift-4.17: initializing source docker://registry.ci.openshift.org/ocp/builder:rhel-9-golang-1.22-openshift-4.17: reading manifest rhel-9-golang-1.22-openshift-4.17 in registry.ci.openshift.org/ocp/builder: manifest unknown
	* [linux/amd64]: creating build container: internal error: unable to copy from source docker://registry.ci.openshift.org/ocp/builder:rhel-9-golang-1.22-openshift-4.17: initializing source docker://registry.ci.openshift.org/ocp/builder:rhel-9-golang-1.22-openshift-4.17: reading manifest rhel-9-golang-1.22-openshift-4.17 in registry.ci.openshift.org/ocp/builder: manifest unknown



make: *** [podman-cross-build] Error 125
WARNING: Attempt 2 failed for logging-view-plugin @ release-coo-ocp-4.12 (exit code 2)
--- Attempt 3/3 ---
podman manifest rm quay.io/openshift-observability-ui/logging-view-plugin:v6.0.5 || true
Untagged: quay.io/openshift-observability-ui/logging-view-plugin:v6.0.5
Deleted: 7092cb022ec7700288d25ecf99bcd9866bf6836f76cc782e5c0ae7d7169d6988
podman manifest create quay.io/openshift-observability-ui/logging-view-plugin:v6.0.5
241118812d7fbebc2d057c210909577b8547c71dc6db370069af0a144279f966
podman build --platform=linux/arm64,linux/amd64 --manifest quay.io/openshift-observability-ui/logging-view-plugin:v6.0.5 -f Dockerfile
[linux/amd64] [1/3] STEP 1/9: FROM registry.redhat.io/ubi9/nodejs-18:latest AS web-builder
[linux/amd64] [1/3] STEP 2/9: WORKDIR /opt/app-root
--> Using cache ee17fb52bd69fa626e192baee97f0d558c2f6ecda6d1005af6f4056b55d669ce
--> ee17fb52bd69
[linux/amd64] [1/3] STEP 3/9: USER 0
--> Using cache e576fea4f30966d151243888da76394e4dc3b8f8ccf050da408c139a85bfdede
--> e576fea4f309
[linux/amd64] [1/3] STEP 4/9: ENV HUSKY=0
--> Using cache d46b7ad2a374b5dc54fe884f304067676b38fb64498850f6784b69d14d16f12e
--> d46b7ad2a374
[linux/amd64] [1/3] STEP 5/9: COPY web/package*.json web/
--> Using cache 79abda3d7333a0e45b7ed306110f59a25c3d4e041d8af0b673e7a0fdcafab4c2
--> 79abda3d7333
[linux/amd64] [1/3] STEP 6/9: COPY Makefile Makefile
--> Using cache d1a75ea4eb36242b8bb0611bc1db9d04968b0d156e48cad209a6019b693550dc
--> d1a75ea4eb36
[linux/amd64] [1/3] STEP 7/9: RUN make install-frontend-ci-clean
--> Using cache a695b7bc7939f7ba99caa562ca9e537eb598d8017b7329ec6e162810bba27b8a
--> a695b7bc7939
[linux/amd64] [1/3] STEP 8/9: COPY web/ web/
--> Using cache 0934d10c3b02c5e5b67861a306d67a489396b01b0cde15aaa3362ec69c83f1ff
--> 0934d10c3b02
[linux/amd64] [1/3] STEP 9/9: RUN make build-frontend
--> Using cache 69d2705017e72871ed315fd6b89a06e716256ec49a3355cbb0316f88a69e3312
--> 69d2705017e7
[linux/arm64] [1/3] STEP 1/9: FROM registry.redhat.io/ubi9/nodejs-18:latest AS web-builder
Trying to pull registry.redhat.io/ubi9/nodejs-18:latest...
Getting image source signatures
Checking if image destination supports signatures
Copying blob sha256:d2d4277551d19aaf448f46617629ba5ce8decceacdd7a9e3f6d43a7763294f84
Copying blob sha256:c0c6f119f250bcd571815218a238bf91fcd968aa4bfe95c224309ec367df747e
Copying blob sha256:d92b30fd88841f53962ad35d9c474465d043b096524bdc2ef18640daf2e51e82
Copying config sha256:d561cbadf704f121dc19b5ca23115d808580ccff537c4def93fff467e1723872
Writing manifest to image destination
Storing signatures
[linux/arm64] [1/3] STEP 2/9: WORKDIR /opt/app-root
--> Using cache f0fcb80e9c65ba38c25246e625f5d5a2456c15bc31c1046a95adb22d09e7a36d
--> f0fcb80e9c65
[linux/arm64] [1/3] STEP 3/9: USER 0
--> Using cache 3df2cd80bd1acd519f5d27c08d97893297cc2268e35425909f41d1f394910266
--> 3df2cd80bd1a
[linux/arm64] [1/3] STEP 4/9: ENV HUSKY=0
--> Using cache 192e50936b7b3dc6c5a4d4a5c582674522f5c81003a489e645baa53773081003
--> 192e50936b7b
[linux/arm64] [1/3] STEP 5/9: COPY web/package*.json web/
--> Using cache 0a160a670253f6d7632bb24d7b802950ffe3b33a1ba4e8db998034d1fa6ec220
--> 0a160a670253
[linux/arm64] [1/3] STEP 6/9: COPY Makefile Makefile
--> Using cache 69906faaebd590a63576b167ea62f61d5557bf6c0f9411b5adb0f835172b280b
--> 69906faaebd5
[linux/arm64] [1/3] STEP 7/9: RUN make install-frontend-ci-clean
--> Using cache 5207f389df0a7aef60040a54e6b73a863c10d8ad1a8fc313b96a9b5eac1919e3
--> 5207f389df0a
[linux/arm64] [1/3] STEP 8/9: COPY web/ web/
--> Using cache 715cc9564958164391875364eafc7a7a67c2f92e816529d46c6d8770a457631a
--> 715cc9564958
[linux/arm64] [1/3] STEP 9/9: RUN make build-frontend
--> Using cache f5a010a7154255e8727d0d0cabebdd678a9b3936a38c3e5b6a2fbfb72b5cdb84
--> f5a010a71542
[linux/amd64] [2/3] STEP 1/12: FROM registry.ci.openshift.org/ocp/builder:rhel-9-golang-1.22-openshift-4.17 AS go-builder
Trying to pull registry.ci.openshift.org/ocp/builder:rhel-9-golang-1.22-openshift-4.17...
[linux/arm64] [2/3] STEP 1/12: FROM registry.ci.openshift.org/ocp/builder:rhel-9-golang-1.22-openshift-4.17 AS go-builder
Trying to pull registry.ci.openshift.org/ocp/builder:rhel-9-golang-1.22-openshift-4.17...
Error: 2 errors occurred:
	* [linux/amd64]: creating build container: internal error: unable to copy from source docker://registry.ci.openshift.org/ocp/builder:rhel-9-golang-1.22-openshift-4.17: initializing source docker://registry.ci.openshift.org/ocp/builder:rhel-9-golang-1.22-openshift-4.17: reading manifest rhel-9-golang-1.22-openshift-4.17 in registry.ci.openshift.org/ocp/builder: manifest unknown
	* [linux/arm64]: creating build container: internal error: unable to copy from source docker://registry.ci.openshift.org/ocp/builder:rhel-9-golang-1.22-openshift-4.17: initializing source docker://registry.ci.openshift.org/ocp/builder:rhel-9-golang-1.22-openshift-4.17: reading manifest rhel-9-golang-1.22-openshift-4.17 in registry.ci.openshift.org/ocp/builder: manifest unknown



make: *** [podman-cross-build] Error 125
WARNING: Attempt 3 failed for logging-view-plugin @ release-coo-ocp-4.12 (exit code 2)
WARNING: Build failed for logging-view-plugin @ release-coo-ocp-4.12 after 3 attempts, continuing...
==========================================
Building distributed-tracing-console-plugin @ release-coo-ocp-4.15 with VERSION=v0.4.3 ORG=openshift-observability-ui
==========================================
Switched to branch 'release-coo-ocp-4.15'
Your branch is up to date with 'origin/release-coo-ocp-4.15'.
From https://github.com/openshift/distributed-tracing-console-plugin
 * branch            release-coo-ocp-4.15 -> FETCH_HEAD
Already up to date.
--- Attempt 1/3 ---
podman manifest rm quay.io/openshift-observability-ui/distributed-tracing-console-plugin:v0.4.3 || true
Error: quay.io/openshift-observability-ui/distributed-tracing-console-plugin:v0.4.3: image not known
podman manifest create quay.io/openshift-observability-ui/distributed-tracing-console-plugin:v0.4.3
085503e97a80d1f9cffb2d0606d1b22679bd821415d48a032b4fce7331e42005
podman build --platform=linux/arm64,linux/amd64 --manifest quay.io/openshift-observability-ui/distributed-tracing-console-plugin:v0.4.3 -f Dockerfile
[linux/amd64] [1/3] STEP 1/8: FROM registry.redhat.io/ubi8/nodejs-22:latest AS web-builder
Trying to pull registry.redhat.io/ubi8/nodejs-22:latest...
Getting image source signatures
Checking if image destination supports signatures
Copying blob sha256:d94b7f2d9d19987c602209c1ca7a5079ecb05168dbcf6c0c2a67e55808e6bb05
Copying blob sha256:245f1b069b431ca5b78c4eaff28999c523feb10acce56458483315e822a73edb
Copying blob sha256:058fb0f09035753ae475f735e832016dc02d8f9358ef9a3a6dd62cbbe9939b2c
Copying config sha256:7e191c97832b39d7994f1410689998ba37e1bc64c5b3457acb9ba3a6b4f3738c
Writing manifest to image destination
Storing signatures
[linux/amd64] [1/3] STEP 2/8: WORKDIR /opt/app-root
--> Using cache 100668934e90bb883cfb300a9afad3010848d09eeff9310c6b118b5d02e43324
--> 100668934e90
[linux/amd64] [1/3] STEP 3/8: USER 0
--> Using cache 40d51dae1f682cca419043159e4349d880e7793e067ccf0ea8f50cf9b37d7c70
--> 40d51dae1f68
[linux/amd64] [1/3] STEP 4/8: COPY web/package*.json web/
--> e2a809444029
[linux/amd64] [1/3] STEP 5/8: COPY Makefile Makefile
--> de51fc3abf62
[linux/amd64] [1/3] STEP 6/8: RUN make install-frontend-ci-clean
cd web && npm ci --ignore-scripts --omit=optional
npm warn deprecated rimraf@3.0.2: Rimraf versions prior to v4 are no longer supported
npm warn deprecated popper.js@1.16.1: You can find the new Popper v2 at @popperjs/core, this package is dedicated to the legacy v1
npm warn deprecated inflight@1.0.6: This module is not supported, and leaks memory. Do not use it. Check out lru-cache if you want a good and tested way to coalesce async requests by a key value, which is much more comprehensive and powerful.
npm warn deprecated glob@7.2.3: Glob versions prior to v9 are no longer supported
npm warn deprecated eslint@8.57.1: This version is no longer supported. Please see https://eslint.org/version-support for other options.
npm warn deprecated @humanwhocodes/config-array@0.13.0: Use @eslint/config-array instead
npm warn deprecated @humanwhocodes/object-schema@2.0.3: Use @eslint/object-schema instead
npm warn deprecated rimraf@2.7.1: Rimraf versions prior to v4 are no longer supported

added 1815 packages, and audited 1816 packages in 58s

313 packages are looking for funding
  run `npm fund` for details

28 vulnerabilities (1 low, 20 moderate, 6 high, 1 critical)

To address issues that do not require attention, run:
  npm audit fix

To address all issues (including breaking changes), run:
  npm audit fix --force

Run `npm audit` for details.
cd web && npm cache clean --force
npm warn using --force Recommended protections disabled.
--> 1b9cd27931e2
[linux/amd64] [1/3] STEP 7/8: COPY web/ web/
--> 6500fbbafa95
[linux/amd64] [1/3] STEP 8/8: RUN make build-frontend
cd web && npm run build

> distributed-tracing-console-plugin@0.4.0 build
> npm run clean && NODE_ENV=production npm run webpack


> distributed-tracing-console-plugin@0.4.0 clean
> rm -rf dist


> distributed-tracing-console-plugin@0.4.0 webpack
> node -r ts-node/register ./node_modules/.bin/webpack

assets by path assets/ 1.27 MiB
  assets by path assets/*.woff 740 KiB 42 assets
  assets by path assets/*.woff2 565 KiB
    asset assets/inter-latin-ext-600-normal..woff2 35.4 KiB [emitted] [from: ../node_modules/@fontsource/inter/files/inter-latin-ext-600-normal.woff2] (auxiliary id hint: vendors)
    + 41 assets
assets by path *.js 3.83 MiB
  assets by chunk 3.38 MiB (id hint: vendors)
    asset 1907-chunk-0d22a5aa10d0bc99f3d0.min.js 2.6 MiB [emitted] [immutable] [minimized] [big] (id hint: vendors) 1 related asset
    asset 6127-chunk-e59d7258fd384804d704.min.js 124 KiB [emitted] [immutable] [minimized] (id hint: vendors) 1 related asset
    asset 5607-chunk-fcc671a213ca68550d43.min.js 121 KiB [emitted] [immutable] [minimized] (id hint: vendors)
    + 14 assets
  + 61 assets
asset locales/en/plugin__distributed-tracing-console-plugin.json 4.29 KiB [emitted] [from: ../locales/en/plugin__distributed-tracing-console-plugin.json] [copied]
asset plugin-manifest.json 895 bytes [emitted]
orphan modules 21.9 MiB [orphan] 13315 modules
runtime modules 35.2 KiB 14 modules
built modules 10.7 MiB (javascript) 1.27 MiB (asset) 1.6 KiB (consume-shared) 1.39 KiB (share-init) [built]
  javascript modules 10.7 MiB 745 modules
  asset modules 1.27 MiB (asset) 3.45 KiB (javascript)
    modules by path ../node_modules/@fontsource/inter/files/*.woff2 565 KiB (asset) 1.72 KiB (javascript) 42 modules
    modules by path ../node_modules/@fontsource/inter/files/*.woff 740 KiB (asset) 1.72 KiB (javascript) 42 modules
  consume-shared-module modules 1.6 KiB
    modules by path consume shared module (default) @patternfly/ 1.39 KiB 34 modules
    + 5 modules
  provide-module modules 1.39 KiB
    modules by path provide shared module (default) @patternfly/react-core/dist/dynamic/ 924 bytes 22 modules
    modules by path provide shared module (default) @patternfly/react-icons/dist/dynamic/icons/ 504 bytes 12 modules

WARNING in asset size limit: The following asset(s) exceed the recommended size limit (244 KiB).
This can impact web performance.
Assets: 
  1907-chunk-0d22a5aa10d0bc99f3d0.min.js (2.6 MiB)

webpack 5.105.3 compiled with 1 warning in 99979 ms
--> 0fa567e8251a
[linux/amd64] [2/3] STEP 1/11: FROM brew.registry.redhat.io/rh-osbs/openshift-golang-builder:rhel_9_1.25 AS go-builder
Trying to pull brew.registry.redhat.io/rh-osbs/openshift-golang-builder:rhel_9_1.25...
Getting image source signatures
Copying blob sha256:07b4b7296fb976a7b266e7a81c8e2cef5b0047bd20db6025d084fb8b608e05ed
Copying blob sha256:cb8cee91bb10a151d5f47bfaeade03a136feecdd326326b1bb7ffb26c45f6de8
Copying config sha256:e218eae4db33b56e53cba7f172626764546c2a49403ee52a4a6779724a202367
Writing manifest to image destination
[linux/amd64] [2/3] STEP 2/11: WORKDIR /opt/app-root
--> Using cache f5655b971b8e5def314c8de62517bac535c5bfd5e404bc30cae8b22d64cdba12
--> f5655b971b8e
[linux/amd64] [2/3] STEP 3/11: COPY Makefile Makefile
--> Using cache 959b7a8cef742fbb85358fdb5f8d192f5461afbc42cca1bad33edf55a0bcf393
--> 959b7a8cef74
[linux/amd64] [2/3] STEP 4/11: COPY go.mod go.mod
--> 0cf56a9bc787
[linux/amd64] [2/3] STEP 5/11: COPY go.sum go.sum
--> 110ee6de1cc2
[linux/amd64] [2/3] STEP 6/11: RUN go mod download
Go compliance shim [1] [rhel-9-golang-1.25][openshift-golang-builder]: assessment: CGO_ENABLED=1
Go compliance shim [1] [rhel-9-golang-1.25][openshift-golang-builder]: assessment: dynamic linking
Go compliance shim [1] [rhel-9-golang-1.25][openshift-golang-builder]: skipping forced compliance due to broad exemption
Go compliance shim [1] [rhel-9-golang-1.25][openshift-golang-builder]: EXEMPT: 1


Go compliance shim [1] [rhel-9-golang-1.25][openshift-golang-builder]: final command line arguments: "mod" "download" 

Go compliance shim [1] [rhel-9-golang-1.25][openshift-golang-builder]: invoking real go binary
Go compliance shim [1] [rhel-9-golang-1.25][openshift-golang-builder]: Exited with: 0
--> e0d28352256d
[linux/amd64] [2/3] STEP 7/11: COPY cmd/ cmd/
--> 1daf0027a076
[linux/amd64] [2/3] STEP 8/11: COPY pkg/ pkg/
--> a075d1601d6f
[linux/amd64] [2/3] STEP 9/11: ENV GOEXPERIMENT=strictfipsruntime
--> 728997c015d7
[linux/amd64] [2/3] STEP 10/11: ENV CGO_ENABLED=1
--> 40233c1e82e5
[linux/amd64] [2/3] STEP 11/11: RUN make build-backend BUILD_OPTS="-tags strictfipsruntime"
go build -tags strictfipsruntime -o plugin-backend -mod=readonly cmd/plugin-backend.go
Go compliance shim [2] [rhel-9-golang-1.25][openshift-golang-builder]: assessment: CGO_ENABLED=1
Go compliance shim [2] [rhel-9-golang-1.25][openshift-golang-builder]: assessment: dynamic linking
Go compliance shim [2] [rhel-9-golang-1.25][openshift-golang-builder]: skipping forced compliance due to broad exemption
Go compliance shim [2] [rhel-9-golang-1.25][openshift-golang-builder]: EXEMPT: 1


Go compliance shim [2] [rhel-9-golang-1.25][openshift-golang-builder]: final command line arguments: "build" "-tags" "strictfipsruntime" "-o" "plugin-backend" "-mod=readonly" "cmd/plugin-backend.go" 

Go compliance shim [2] [rhel-9-golang-1.25][openshift-golang-builder]: invoking real go binary
Go compliance shim [2] [rhel-9-golang-1.25][openshift-golang-builder]: Exited with: 0
--> a6aa65893023
[linux/arm64] [1/3] STEP 1/8: FROM registry.redhat.io/ubi8/nodejs-22:latest AS web-builder
Trying to pull registry.redhat.io/ubi8/nodejs-22:latest...
Getting image source signatures
Checking if image destination supports signatures
Copying blob sha256:9c0a1793084e9a11fba44a68c11220888008122bcbd5eb894963d70e555d75bc
Copying blob sha256:da55729cf854875cad7acdff202838b9dc44af2d7ba920c233669c98a9d9e22b
Copying blob sha256:3a146b9530838c8893e87ec7c60bb8a046d3cad63e4376bb9ee693ab88523c6a
Copying config sha256:bd54fb813d8ac1e5eb0bdb590f5224bdea51d73dc894175becf54135db7c6621
Writing manifest to image destination
Storing signatures
[linux/arm64] [1/3] STEP 2/8: WORKDIR /opt/app-root
--> Using cache e3bb7c09413c78a7bc6f54db05f03ff8e9b49d23a5893a75a454f6be867aa9b9
--> e3bb7c09413c
[linux/arm64] [1/3] STEP 3/8: USER 0
--> Using cache 7b306745faf5a9850cdb5035a74be4de205d419c4e18e4b4728f0fd848285374
--> 7b306745faf5
[linux/arm64] [1/3] STEP 4/8: COPY web/package*.json web/
--> 7e9a906c2aba
[linux/arm64] [1/3] STEP 5/8: COPY Makefile Makefile
--> 9d762d64dc6a
[linux/arm64] [1/3] STEP 6/8: RUN make install-frontend-ci-clean
cd web && npm ci --ignore-scripts --omit=optional
npm warn deprecated rimraf@3.0.2: Rimraf versions prior to v4 are no longer supported
npm warn deprecated popper.js@1.16.1: You can find the new Popper v2 at @popperjs/core, this package is dedicated to the legacy v1
npm warn deprecated inflight@1.0.6: This module is not supported, and leaks memory. Do not use it. Check out lru-cache if you want a good and tested way to coalesce async requests by a key value, which is much more comprehensive and powerful.
npm warn deprecated glob@7.2.3: Glob versions prior to v9 are no longer supported
npm warn deprecated eslint@8.57.1: This version is no longer supported. Please see https://eslint.org/version-support for other options.
npm warn deprecated @humanwhocodes/object-schema@2.0.3: Use @eslint/object-schema instead
npm warn deprecated @humanwhocodes/config-array@0.13.0: Use @eslint/config-array instead
npm warn deprecated rimraf@2.7.1: Rimraf versions prior to v4 are no longer supported

added 1815 packages, and audited 1816 packages in 49s

313 packages are looking for funding
  run `npm fund` for details

28 vulnerabilities (1 low, 19 moderate, 7 high, 1 critical)

To address issues that do not require attention, run:
  npm audit fix

To address all issues (including breaking changes), run:
  npm audit fix --force

Run `npm audit` for details.
cd web && npm cache clean --force
npm warn using --force Recommended protections disabled.
--> 1edfa425bcea
[linux/arm64] [1/3] STEP 7/8: COPY web/ web/
--> 7f80bbc89734
[linux/arm64] [1/3] STEP 8/8: RUN make build-frontend
cd web && npm run build

> distributed-tracing-console-plugin@0.4.0 build
> npm run clean && NODE_ENV=production npm run webpack


> distributed-tracing-console-plugin@0.4.0 clean
> rm -rf dist


> distributed-tracing-console-plugin@0.4.0 webpack
> node -r ts-node/register ./node_modules/.bin/webpack

assets by path assets/ 1.27 MiB
  assets by path assets/*.woff 740 KiB 42 assets
  assets by path assets/*.woff2 565 KiB
    asset assets/inter-latin-ext-600-normal..woff2 35.4 KiB [emitted] [from: ../node_modules/@fontsource/inter/files/inter-latin-ext-600-normal.woff2] (auxiliary id hint: vendors)
    + 41 assets
assets by path *.js 3.83 MiB
  assets by chunk 3.38 MiB (id hint: vendors)
    asset 1907-chunk-0d22a5aa10d0bc99f3d0.min.js 2.6 MiB [emitted] [immutable] [minimized] [big] (id hint: vendors) 1 related asset
    asset 6127-chunk-e59d7258fd384804d704.min.js 124 KiB [emitted] [immutable] [minimized] (id hint: vendors) 1 related asset
    asset 5607-chunk-fcc671a213ca68550d43.min.js 121 KiB [emitted] [immutable] [minimized] (id hint: vendors)
    + 14 assets
  + 61 assets
asset locales/en/plugin__distributed-tracing-console-plugin.json 4.29 KiB [emitted] [from: ../locales/en/plugin__distributed-tracing-console-plugin.json] [copied]
asset plugin-manifest.json 895 bytes [emitted]
orphan modules 21.9 MiB [orphan] 13315 modules
runtime modules 35.2 KiB 14 modules
built modules 10.7 MiB (javascript) 1.27 MiB (asset) 1.6 KiB (consume-shared) 1.39 KiB (share-init) [built]
  javascript modules 10.7 MiB 745 modules
  asset modules 1.27 MiB (asset) 3.45 KiB (javascript)
    modules by path ../node_modules/@fontsource/inter/files/*.woff2 565 KiB (asset) 1.72 KiB (javascript) 42 modules
    modules by path ../node_modules/@fontsource/inter/files/*.woff 740 KiB (asset) 1.72 KiB (javascript) 42 modules
  consume-shared-module modules 1.6 KiB
    modules by path consume shared module (default) @patternfly/ 1.39 KiB 34 modules
    + 5 modules
  provide-module modules 1.39 KiB
    modules by path provide shared module (default) @patternfly/react-core/dist/dynamic/ 924 bytes 22 modules
    modules by path provide shared module (default) @patternfly/react-icons/dist/dynamic/icons/ 504 bytes 12 modules

WARNING in asset size limit: The following asset(s) exceed the recommended size limit (244 KiB).
This can impact web performance.
Assets: 
  1907-chunk-0d22a5aa10d0bc99f3d0.min.js (2.6 MiB)

webpack 5.105.3 compiled with 1 warning in 71606 ms
--> 63f5f93d5df6
[linux/amd64] [3/3] STEP 1/4: FROM registry.access.redhat.com/ubi9/ubi-minimal
Trying to pull registry.access.redhat.com/ubi9/ubi-minimal:latest...
Getting image source signatures
Checking if image destination supports signatures
Copying blob sha256:48538841ca5147d36a25e82713e079413d3c2a137f5ea5df68a1c5da1e3a677e
Copying config sha256:c5116dbb022c512f0c97d135ddcca0f5545090f696fa2d17f338ce72cf9c76a2
Writing manifest to image destination
Storing signatures
[linux/amd64] [3/3] STEP 2/4: COPY --from=web-builder /opt/app-root/web/dist /opt/app-root/web/dist
--> 0e31fa632943
[linux/amd64] [3/3] STEP 3/4: COPY --from=go-builder /opt/app-root/plugin-backend /opt/app-root
--> 635419d2533c
[linux/amd64] [3/3] STEP 4/4: ENTRYPOINT ["/opt/app-root/plugin-backend", "-static-path", "/opt/app-root/web/dist", "-config-path", "/opt/app-root/web/dist"]
[linux/amd64] [3/3] COMMIT
--> 59df25c03a9a
[linux/arm64] [2/3] STEP 1/11: FROM brew.registry.redhat.io/rh-osbs/openshift-golang-builder:rhel_9_1.25 AS go-builder
59df25c03a9ac363b8d9bc4c53fdb9b808012477781afa08927abde5f7a9ebbc
Trying to pull brew.registry.redhat.io/rh-osbs/openshift-golang-builder:rhel_9_1.25...
Getting image source signatures
Copying blob sha256:b98d37c87f15536538dc20373f6feca81ccf73779a63f168b7855ce2c2360cff
Copying blob sha256:9e9bee4738d78cc5b8c68706e99751b669394b1e52ebb360fabf583fee381119
Copying config sha256:6cc0ec0f03bcbce80b198dae197eb1ca379eb2fa2e7f2e456cf01f6464e2b1ec
Writing manifest to image destination
[linux/arm64] [2/3] STEP 2/11: WORKDIR /opt/app-root
--> Using cache 5c4c49ee91d3c4d2cf4683ac80fc91be4b68f60b42da036d8587500d28f5518c
--> 5c4c49ee91d3
[linux/arm64] [2/3] STEP 3/11: COPY Makefile Makefile
--> Using cache ede43e6a41c6347abbcb70ba9b4f7ecf307ebfb8bccba5ebd1be565c18b8cc00
--> ede43e6a41c6
[linux/arm64] [2/3] STEP 4/11: COPY go.mod go.mod
--> 20708e564e61
[linux/arm64] [2/3] STEP 5/11: COPY go.sum go.sum
--> 50b5f22cc62b
[linux/arm64] [2/3] STEP 6/11: RUN go mod download
Go compliance shim [1] [rhel-9-golang-1.25][openshift-golang-builder]: assessment: CGO_ENABLED=1
Go compliance shim [1] [rhel-9-golang-1.25][openshift-golang-builder]: assessment: dynamic linking
Go compliance shim [1] [rhel-9-golang-1.25][openshift-golang-builder]: skipping forced compliance due to broad exemption
Go compliance shim [1] [rhel-9-golang-1.25][openshift-golang-builder]: EXEMPT: 1


Go compliance shim [1] [rhel-9-golang-1.25][openshift-golang-builder]: final command line arguments: "mod" "download" 

Go compliance shim [1] [rhel-9-golang-1.25][openshift-golang-builder]: invoking real go binary
Go compliance shim [1] [rhel-9-golang-1.25][openshift-golang-builder]: Exited with: 0
--> 3e664d1815a3
[linux/arm64] [2/3] STEP 7/11: COPY cmd/ cmd/
--> a4ca3c6a32f0
[linux/arm64] [2/3] STEP 8/11: COPY pkg/ pkg/
--> 76ed69b51e83
[linux/arm64] [2/3] STEP 9/11: ENV GOEXPERIMENT=strictfipsruntime
--> dcb2d778db8f
[linux/arm64] [2/3] STEP 10/11: ENV CGO_ENABLED=1
--> 3aa2e3bbbd29
[linux/arm64] [2/3] STEP 11/11: RUN make build-backend BUILD_OPTS="-tags strictfipsruntime"
go build -tags strictfipsruntime -o plugin-backend -mod=readonly cmd/plugin-backend.go
Go compliance shim [2] [rhel-9-golang-1.25][openshift-golang-builder]: assessment: CGO_ENABLED=1
Go compliance shim [2] [rhel-9-golang-1.25][openshift-golang-builder]: assessment: dynamic linking
Go compliance shim [2] [rhel-9-golang-1.25][openshift-golang-builder]: skipping forced compliance due to broad exemption
Go compliance shim [2] [rhel-9-golang-1.25][openshift-golang-builder]: EXEMPT: 1


Go compliance shim [2] [rhel-9-golang-1.25][openshift-golang-builder]: final command line arguments: "build" "-tags" "strictfipsruntime" "-o" "plugin-backend" "-mod=readonly" "cmd/plugin-backend.go" 

Go compliance shim [2] [rhel-9-golang-1.25][openshift-golang-builder]: invoking real go binary
Go compliance shim [2] [rhel-9-golang-1.25][openshift-golang-builder]: Exited with: 0
--> 22aedeb36a18
[linux/arm64] [3/3] STEP 1/4: FROM registry.access.redhat.com/ubi9/ubi-minimal
Trying to pull registry.access.redhat.com/ubi9/ubi-minimal:latest...
Getting image source signatures
Checking if image destination supports signatures
Copying blob sha256:06005d885e6ce6c0708c4294316153d2de40b8859a131bbba11795c4f1e5eb71
Copying config sha256:ea3bce457a2c31c50e142616d6ee41379ad84976306f88b36bfad9ec4344a41f
Writing manifest to image destination
Storing signatures
[linux/arm64] [3/3] STEP 2/4: COPY --from=web-builder /opt/app-root/web/dist /opt/app-root/web/dist
--> 68010e85b888
[linux/arm64] [3/3] STEP 3/4: COPY --from=go-builder /opt/app-root/plugin-backend /opt/app-root
--> 323cd091b6d3
[linux/arm64] [3/3] STEP 4/4: ENTRYPOINT ["/opt/app-root/plugin-backend", "-static-path", "/opt/app-root/web/dist", "-config-path", "/opt/app-root/web/dist"]
[linux/arm64] [3/3] COMMIT
--> 72b347d9c805
72b347d9c8052bc0058679a5894fb26199e8f4fa16446d7c0206761fc6716467
podman manifest push quay.io/openshift-observability-ui/distributed-tracing-console-plugin:v0.4.3
Getting image list signatures
Copying 2 images generated from 2 images in list
Copying image sha256:a56823ad44d12d2fd52942c9dea93a2ebb8a2fda3a74d0f19b8b4aecd62d600c (1/2)
Getting image source signatures
Copying blob sha256:8b802d35fc8a35acf9b4244c1954f2ebab0253fb67264dd3c2e6c4ce922feb44
Copying blob sha256:406a5ccd80c6331e8a03b3635a6436c032d410194d791a4b7d512c1b1cf9d4ef
Copying blob sha256:72087b6427c657c3c5f0a50f48e7e3cc877a0cbed884c8064d3b571633f54ea6
Copying config sha256:59df25c03a9ac363b8d9bc4c53fdb9b808012477781afa08927abde5f7a9ebbc
Writing manifest to image destination
Copying image sha256:33ef8bb66697e94449f2625c8dccc3121607ae077c0884ad71b8cc8d6745d171 (2/2)
Getting image source signatures
Copying blob sha256:806abf1da8ebffb1a5313309e9cefd6a2e654978506b62700101bff1ddd06ec3
Copying blob sha256:4295780a94d174d8da1dc4dd7ff0e754ca6c4dcbd2463f65316ad025beb87b00
Copying blob sha256:157fde98608953c1023a2741b8ec2c8fd36d66500a5c2f66c8d17473fac20185
Copying config sha256:72b347d9c8052bc0058679a5894fb26199e8f4fa16446d7c0206761fc6716467
Writing manifest to image destination
Writing manifest list to image destination
Storing list signatures
==========================================
Building logging-view-plugin @ release-coo-ocp-4.15 with VERSION=v6.1.6 ORG=openshift-observability-ui
==========================================
Switched to branch 'release-coo-ocp-4.15'
Your branch is up to date with 'origin/release-coo-ocp-4.15'.
From https://github.com/openshift/logging-view-plugin
 * branch            release-coo-ocp-4.15 -> FETCH_HEAD
Already up to date.
--- Attempt 1/3 ---
podman manifest rm quay.io/rh-ee-emurasak/logging-view-plugin:latest || true
Error: quay.io/rh-ee-emurasak/logging-view-plugin:latest: image not known
podman manifest create quay.io/rh-ee-emurasak/logging-view-plugin:latest
c9678790376cb1ff1edee46de2a40ee2b2d9c04c7a154db8fdb8d3f1f5b86007
podman build --platform=linux/arm64,linux/amd64 --manifest quay.io/rh-ee-emurasak/logging-view-plugin:latest -f Dockerfile
[linux/amd64] [1/3] STEP 1/9: FROM registry.redhat.io/ubi9/nodejs-22:latest AS web-builder
Trying to pull registry.redhat.io/ubi9/nodejs-22:latest...
Getting image source signatures
Checking if image destination supports signatures
Copying blob sha256:e30cea0a2d9104a0a6013937815f0daf22458a7340690880affd957fa911aa30
Copying blob sha256:aca19e660f6d3005b0e0cb3182b2827554e877ed8773c57b83b87bf82f8cc6da
Copying blob sha256:a05b129c54aeb83daa31848e5c1aec4f8e83541caf09c63a0723a217b3376590
Copying config sha256:3b96e72308e07bae5d5f2673f701f4929659033997aa285e9701de573a29d3e0
Writing manifest to image destination
Storing signatures
[linux/amd64] [1/3] STEP 2/9: WORKDIR /opt/app-root
--> 4d6423ef0b9b
[linux/amd64] [1/3] STEP 3/9: USER 0
--> bc17cc175604
[linux/amd64] [1/3] STEP 4/9: ENV HUSKY=0
--> e52eff27197b
[linux/amd64] [1/3] STEP 5/9: COPY web/package*.json web/
--> becf8c3481cd
[linux/amd64] [1/3] STEP 6/9: COPY Makefile Makefile
--> 4db0f6531293
[linux/amd64] [1/3] STEP 7/9: RUN make install-frontend-ci-clean
cd web && npm ci --omit=optional --ignore-scripts

added 1523 packages, and audited 1524 packages in 36s

265 packages are looking for funding
  run `npm fund` for details

37 vulnerabilities (20 moderate, 15 high, 2 critical)

To address issues that do not require attention, run:
  npm audit fix

To address all issues (including breaking changes), run:
  npm audit fix --force

Run `npm audit` for details.
cd web && npm cache clean --force
npm warn using --force Recommended protections disabled.
--> 944bbc209ca0
[linux/amd64] [1/3] STEP 8/9: COPY web/ web/
--> 00fac179d8d3
[linux/amd64] [1/3] STEP 9/9: RUN make build-frontend
cd web && npm run build

> logging-view-plugin@6.1.0 build
> npm run clean && NODE_ENV=production npm run ts-node node_modules/.bin/webpack


> logging-view-plugin@6.1.0 clean
> rm -rf dist


> logging-view-plugin@6.1.0 ts-node
> ts-node -O '{"module":"commonjs"}' node_modules/.bin/webpack

assets by path *.js 4.83 MiB
  assets by chunk 2.69 MiB (id hint: vendors)
    assets by status 1.83 MiB [big]
      asset 9012-chunk-baaae8eb1415a60454d4.min.js 1.12 MiB [emitted] [immutable] [big] (id hint: vendors) 1 related asset
      asset 573-chunk-6751882185f4ace03f14.min.js 462 KiB [emitted] [immutable] [big] (id hint: vendors) 1 related asset
      asset 9123-chunk-7c59f766bf5aed38d7e4.min.js 266 KiB [emitted] [immutable] [big] (id hint: vendors) 1 related asset
    + 9 assets
  + 81 assets
asset locales/en/plugin__logging-view-plugin.json 10.4 KiB [emitted] [from: ../locales/en/plugin__logging-view-plugin.json] [copied]
asset plugin-manifest.json 1.92 KiB [emitted]
orphan modules 2.72 MiB [orphan] 1566 modules
runtime modules 37.2 KiB 14 modules
built modules 2.95 MiB (javascript) 1.72 KiB (consume-shared) 1.56 KiB (share-init) [built]
  modules by path ../node_modules/ 2.65 MiB 431 modules
  modules by path ./ 306 KiB 48 modules
  consume-shared-module modules 1.72 KiB
    modules by path consume shared module (default) @patternfly/react-core/dist/dynamic/ 1.23 KiB 30 modules
    modules by path consume shared module (default) @patternfly/react-icons/dist/dynamic/icons/ 294 bytes 7 modules
    + 5 modules
  provide-module modules 1.56 KiB
    modules by path provide shared module (default) @patternfly/react-core/dist/dynamic/ 1.23 KiB 30 modules
    modules by path provide shared module (default) @patternfly/react-icons/dist/dynamic/icons/ 294 bytes 7 modules
    provide shared module (default) @patternfly/react-table/dist/dynamic/components/...(truncated) 42 bytes [built] [code generated]
  container entry 42 bytes [built] [code generated]

WARNING in asset size limit: The following asset(s) exceed the recommended size limit (244 KiB).
This can impact web performance.
Assets: 
  9123-chunk-7c59f766bf5aed38d7e4.min.js (266 KiB)
  9012-chunk-baaae8eb1415a60454d4.min.js (1.12 MiB)
  573-chunk-6751882185f4ace03f14.min.js (462 KiB)

webpack 5.105.3 compiled with 1 warning in 47656 ms
--> c787fcacf847
[linux/arm64] [1/3] STEP 1/9: FROM registry.redhat.io/ubi9/nodejs-22:latest AS web-builder
Trying to pull registry.redhat.io/ubi9/nodejs-22:latest...
Getting image source signatures
Checking if image destination supports signatures
Copying blob sha256:b687b2c7f65e4609c88961d4da12dbdeb1a235a685dc485bb48c59d2da61fe31
Copying blob sha256:38ce5bdba5c6fd618eddf846f735dd17945022ae6e6886462ae7efbde75cb0d5
Copying blob sha256:d23dd2f60d5053ef2fcc9d6ede01a918ef35e01ece5d4dac54a7a63004529611
Copying config sha256:16b56045c4900ca7dbe783e8439b1017fd1a008a929b4018af419da9864d3c4a
Writing manifest to image destination
Storing signatures
[linux/arm64] [1/3] STEP 2/9: WORKDIR /opt/app-root
--> 0509a45ac4e9
[linux/arm64] [1/3] STEP 3/9: USER 0
--> bb98e55fd949
[linux/arm64] [1/3] STEP 4/9: ENV HUSKY=0
--> 951dafbf649d
[linux/arm64] [1/3] STEP 5/9: COPY web/package*.json web/
--> 01258b1e096f
[linux/arm64] [1/3] STEP 6/9: COPY Makefile Makefile
--> 8aea27f62163
[linux/arm64] [1/3] STEP 7/9: RUN make install-frontend-ci-clean
cd web && npm ci --omit=optional --ignore-scripts

added 1523 packages, and audited 1524 packages in 30s

265 packages are looking for funding
  run `npm fund` for details

37 vulnerabilities (20 moderate, 15 high, 2 critical)

To address issues that do not require attention, run:
  npm audit fix

To address all issues (including breaking changes), run:
  npm audit fix --force

Run `npm audit` for details.
cd web && npm cache clean --force
npm warn using --force Recommended protections disabled.
--> ee272723453e
[linux/arm64] [1/3] STEP 8/9: COPY web/ web/
--> bb2949904e79
[linux/arm64] [1/3] STEP 9/9: RUN make build-frontend
cd web && npm run build

> logging-view-plugin@6.1.0 build
> npm run clean && NODE_ENV=production npm run ts-node node_modules/.bin/webpack


> logging-view-plugin@6.1.0 clean
> rm -rf dist


> logging-view-plugin@6.1.0 ts-node
> ts-node -O '{"module":"commonjs"}' node_modules/.bin/webpack

assets by path *.js 4.83 MiB
  assets by chunk 2.69 MiB (id hint: vendors)
    assets by status 1.83 MiB [big]
      asset 9012-chunk-baaae8eb1415a60454d4.min.js 1.12 MiB [emitted] [immutable] [big] (id hint: vendors) 1 related asset
      asset 573-chunk-6751882185f4ace03f14.min.js 462 KiB [emitted] [immutable] [big] (id hint: vendors) 1 related asset
      asset 9123-chunk-7c59f766bf5aed38d7e4.min.js 266 KiB [emitted] [immutable] [big] (id hint: vendors) 1 related asset
    + 9 assets
  + 81 assets
asset locales/en/plugin__logging-view-plugin.json 10.4 KiB [emitted] [from: ../locales/en/plugin__logging-view-plugin.json] [copied]
asset plugin-manifest.json 1.92 KiB [emitted]
orphan modules 2.72 MiB [orphan] 1566 modules
runtime modules 37.2 KiB 14 modules
built modules 2.95 MiB (javascript) 1.72 KiB (consume-shared) 1.56 KiB (share-init) [built]
  modules by path ../node_modules/ 2.65 MiB 431 modules
  modules by path ./ 306 KiB 48 modules
  consume-shared-module modules 1.72 KiB
    modules by path consume shared module (default) @patternfly/react-core/dist/dynamic/ 1.23 KiB 30 modules
    modules by path consume shared module (default) @patternfly/react-icons/dist/dynamic/icons/ 294 bytes 7 modules
    + 5 modules
  provide-module modules 1.56 KiB
    modules by path provide shared module (default) @patternfly/react-core/dist/dynamic/ 1.23 KiB 30 modules
    modules by path provide shared module (default) @patternfly/react-icons/dist/dynamic/icons/ 294 bytes 7 modules
    provide shared module (default) @patternfly/react-table/dist/dynamic/components/...(truncated) 42 bytes [built] [code generated]
  container entry 42 bytes [built] [code generated]

WARNING in asset size limit: The following asset(s) exceed the recommended size limit (244 KiB).
This can impact web performance.
Assets: 
  9123-chunk-7c59f766bf5aed38d7e4.min.js (266 KiB)
  9012-chunk-baaae8eb1415a60454d4.min.js (1.12 MiB)
  573-chunk-6751882185f4ace03f14.min.js (462 KiB)

webpack 5.105.3 compiled with 1 warning in 27768 ms
--> 5203595b1cf2
[linux/amd64] [2/3] STEP 1/12: FROM brew.registry.redhat.io/rh-osbs/openshift-golang-builder:rhel_9_1.24 AS go-builder
Trying to pull brew.registry.redhat.io/rh-osbs/openshift-golang-builder:rhel_9_1.24...
Getting image source signatures
Copying blob sha256:e2e2fd836dcf8c102bc7bdec3fa60ccac6c08515308f3a3fd42a61dbecea6239
Copying blob sha256:5e09f8650bc245176f116be7bf617e9ebbda9f1690adc8f25ef8cc558cd62fbf
Copying config sha256:4110829d2ea57e0eeded3bd6d60857e756e7c4076501cd57b752f0411b653164
Writing manifest to image destination
[linux/amd64] [2/3] STEP 2/12: WORKDIR /opt/app-root
--> 5f43f0c9d970
[linux/amd64] [2/3] STEP 3/12: COPY Makefile Makefile
--> 29d9f2becb33
[linux/amd64] [2/3] STEP 4/12: COPY go.mod go.mod
--> 73fae52f5381
[linux/amd64] [2/3] STEP 5/12: COPY go.sum go.sum
--> eb491dd75739
[linux/amd64] [2/3] STEP 6/12: RUN make install-backend
go mod download
Go compliance shim [2] [rhel-9-golang-1.24][openshift-golang-builder]: assessment: CGO_ENABLED=1
Go compliance shim [2] [rhel-9-golang-1.24][openshift-golang-builder]: assessment: dynamic linking
Go compliance shim [2] [rhel-9-golang-1.24][openshift-golang-builder]: skipping forced compliance due to broad exemption
Go compliance shim [2] [rhel-9-golang-1.24][openshift-golang-builder]: EXEMPT: 1


Go compliance shim [2] [rhel-9-golang-1.24][openshift-golang-builder]: final command line arguments: "mod" "download" 

Go compliance shim [2] [rhel-9-golang-1.24][openshift-golang-builder]: invoking real go binary
Go compliance shim [2] [rhel-9-golang-1.24][openshift-golang-builder]: Exited with: 0
--> c790ea916731
[linux/amd64] [2/3] STEP 7/12: COPY config/ config/
--> d635e63b8042
[linux/amd64] [2/3] STEP 8/12: COPY cmd/ cmd/
--> 75d8286e1756
[linux/amd64] [2/3] STEP 9/12: COPY pkg/ pkg/
--> 89f0a95cec5a
[linux/amd64] [2/3] STEP 10/12: ENV GOEXPERIMENT=strictfipsruntime
--> b1c9112fcd68
[linux/amd64] [2/3] STEP 11/12: ENV CGO_ENABLED=1
--> 2a17f474e6b7
[linux/amd64] [2/3] STEP 12/12: RUN make build-backend BUILD_OPTS="-tags strictfipsruntime"
go build -tags strictfipsruntime -mod=readonly -o plugin-backend cmd/plugin-backend.go
Go compliance shim [2] [rhel-9-golang-1.24][openshift-golang-builder]: assessment: CGO_ENABLED=1
Go compliance shim [2] [rhel-9-golang-1.24][openshift-golang-builder]: assessment: dynamic linking
Go compliance shim [2] [rhel-9-golang-1.24][openshift-golang-builder]: skipping forced compliance due to broad exemption
Go compliance shim [2] [rhel-9-golang-1.24][openshift-golang-builder]: EXEMPT: 1


Go compliance shim [2] [rhel-9-golang-1.24][openshift-golang-builder]: final command line arguments: "build" "-tags" "strictfipsruntime" "-mod=readonly" "-o" "plugin-backend" "cmd/plugin-backend.go" 

Go compliance shim [2] [rhel-9-golang-1.24][openshift-golang-builder]: invoking real go binary
Go compliance shim [2] [rhel-9-golang-1.24][openshift-golang-builder]: Exited with: 0
--> 8d5738cab10a
[linux/arm64] [2/3] STEP 1/12: FROM brew.registry.redhat.io/rh-osbs/openshift-golang-builder:rhel_9_1.24 AS go-builder
Trying to pull brew.registry.redhat.io/rh-osbs/openshift-golang-builder:rhel_9_1.24...
Getting image source signatures
Copying blob sha256:0b3425962862e4c28bb2a8c620101947643235ac8ec98ebf4dd6948f79db8178
Copying blob sha256:65442b90c1456946b65a513148c3e504c3e1ae3889d427d5b4526ba9cec3ea0e
Copying config sha256:6b75237990fc7d8f0d9c2ac0d8181360163689361a8fa8d7ae3709b82f0e5e4e
Writing manifest to image destination
[linux/arm64] [2/3] STEP 2/12: WORKDIR /opt/app-root
--> 5b2e5475ab71
[linux/arm64] [2/3] STEP 3/12: COPY Makefile Makefile
--> 0aa13b5fce8d
[linux/arm64] [2/3] STEP 4/12: COPY go.mod go.mod
--> 187ff4f5e7c5
[linux/arm64] [2/3] STEP 5/12: COPY go.sum go.sum
--> 608e8a3b2c3b
[linux/arm64] [2/3] STEP 6/12: RUN make install-backend
go mod download
Go compliance shim [2] [rhel-9-golang-1.24][openshift-golang-builder]: assessment: CGO_ENABLED=1
Go compliance shim [2] [rhel-9-golang-1.24][openshift-golang-builder]: assessment: dynamic linking
Go compliance shim [2] [rhel-9-golang-1.24][openshift-golang-builder]: skipping forced compliance due to broad exemption
Go compliance shim [2] [rhel-9-golang-1.24][openshift-golang-builder]: EXEMPT: 1


Go compliance shim [2] [rhel-9-golang-1.24][openshift-golang-builder]: final command line arguments: "mod" "download" 

Go compliance shim [2] [rhel-9-golang-1.24][openshift-golang-builder]: invoking real go binary
Go compliance shim [2] [rhel-9-golang-1.24][openshift-golang-builder]: Exited with: 0
--> 39b57df29238
[linux/arm64] [2/3] STEP 7/12: COPY config/ config/
--> 3a012b8c6544
[linux/arm64] [2/3] STEP 8/12: COPY cmd/ cmd/
--> 513e700f3dba
[linux/arm64] [2/3] STEP 9/12: COPY pkg/ pkg/
--> 002730b32ecc
[linux/arm64] [2/3] STEP 10/12: ENV GOEXPERIMENT=strictfipsruntime
--> c1164d5d2b04
[linux/arm64] [2/3] STEP 11/12: ENV CGO_ENABLED=1
--> 48005e322f86
[linux/arm64] [2/3] STEP 12/12: RUN make build-backend BUILD_OPTS="-tags strictfipsruntime"
go build -tags strictfipsruntime -mod=readonly -o plugin-backend cmd/plugin-backend.go
Go compliance shim [2] [rhel-9-golang-1.24][openshift-golang-builder]: assessment: CGO_ENABLED=1
Go compliance shim [2] [rhel-9-golang-1.24][openshift-golang-builder]: assessment: dynamic linking
Go compliance shim [2] [rhel-9-golang-1.24][openshift-golang-builder]: skipping forced compliance due to broad exemption
Go compliance shim [2] [rhel-9-golang-1.24][openshift-golang-builder]: EXEMPT: 1


Go compliance shim [2] [rhel-9-golang-1.24][openshift-golang-builder]: final command line arguments: "build" "-tags" "strictfipsruntime" "-mod=readonly" "-o" "plugin-backend" "cmd/plugin-backend.go" 

Go compliance shim [2] [rhel-9-golang-1.24][openshift-golang-builder]: invoking real go binary
Go compliance shim [2] [rhel-9-golang-1.24][openshift-golang-builder]: Exited with: 0
--> 4e6457c01a67
[linux/amd64] [3/3] STEP 1/5: FROM registry.redhat.io/rhel9-4-els/rhel:9.4
Trying to pull registry.redhat.io/rhel9-4-els/rhel:9.4...
Getting image source signatures
Checking if image destination supports signatures
Copying blob sha256:9e5082548d869f2944301a153c8568183a38cf0df310a3fb0b2daf2af3b5f841
Copying config sha256:77849b1a77e7859a392840d43bed01557ec82ac0c2ac4283d962deec354ceee6
Writing manifest to image destination
Storing signatures
[linux/amd64] [3/3] STEP 2/5: COPY --from=web-builder /opt/app-root/web/dist /opt/app-root/web/dist
--> d56212f8b47d
[linux/amd64] [3/3] STEP 3/5: COPY --from=go-builder /opt/app-root/plugin-backend /opt/app-root
--> 82d6bf5a2514
[linux/amd64] [3/3] STEP 4/5: COPY --from=go-builder /opt/app-root/config /opt/app-root/config
--> 476190143ee1
[linux/amd64] [3/3] STEP 5/5: ENTRYPOINT ["/opt/app-root/plugin-backend", "-config-path", "/opt/app-root/config", "-static-path", "/opt/app-root/web/dist"]
[linux/amd64] [3/3] COMMIT
--> 5dce229bc709
[linux/arm64] [3/3] STEP 1/5: FROM registry.redhat.io/rhel9-4-els/rhel:9.4
5dce229bc709c41c6ba2c344d55d915f0420c854e93fe3ff4758e04f1ed98c9c
Trying to pull registry.redhat.io/rhel9-4-els/rhel:9.4...
Getting image source signatures
Checking if image destination supports signatures
Copying blob sha256:79500177a417e8e03b63a0893e7e6b03f94ac7a605be761a51e28f082a16087f
Copying config sha256:62846c379ae900d8abe0855310d3d4e7ca7b0b21cc231d45bdfe5a0044988475
Writing manifest to image destination
Storing signatures
[linux/arm64] [3/3] STEP 2/5: COPY --from=web-builder /opt/app-root/web/dist /opt/app-root/web/dist
--> 689a9d2f9443
[linux/arm64] [3/3] STEP 3/5: COPY --from=go-builder /opt/app-root/plugin-backend /opt/app-root
--> 0982514d6b43
[linux/arm64] [3/3] STEP 4/5: COPY --from=go-builder /opt/app-root/config /opt/app-root/config
--> 38398a36dc0e
[linux/arm64] [3/3] STEP 5/5: ENTRYPOINT ["/opt/app-root/plugin-backend", "-config-path", "/opt/app-root/config", "-static-path", "/opt/app-root/web/dist"]
[linux/arm64] [3/3] COMMIT
--> 8dd8420f1685
8dd8420f16856bfa676007031e12f1893be0059532a158a64c7e0ad442c2771e
podman manifest push quay.io/rh-ee-emurasak/logging-view-plugin:latest
Getting image list signatures
Copying 2 images generated from 2 images in list
Copying image sha256:d9807ccc9e62c8a46d71614f8b08ee530d33e991d16626cbf4f8b97373988ba6 (1/2)
Getting image source signatures
Copying blob sha256:b87617bb3a904682b938760da227d2e8f583870a313be456c8841ab15ef77953
Copying blob sha256:74ea6a5315ac2a0a27a1e4e6f87703374739fbd596e872724a21ab09c6bdf5dd
Copying blob sha256:983e19bcc29e8d6a08913c8b0074512cf6348e9863633eab7bd2059c2af9d240
Copying blob sha256:64a2349398d75d84d8b329cc27f085d302c556df2510a4bd099228db15e6f8b8
Copying config sha256:5dce229bc709c41c6ba2c344d55d915f0420c854e93fe3ff4758e04f1ed98c9c
Writing manifest to image destination
Copying image sha256:77efeb173f4d271881dc0a85d53efc984c8eb01a7a792a2dfc269fbbe7aa26dc (2/2)
Getting image source signatures
Copying blob sha256:abdb8cc72e3424e4355a57b5eaf69a820fc9a93b5ef3124d51f184bbf887b049
Copying blob sha256:eff5d941dd6e487240a8d997ed2cdff0c5d79986de23bec5334097a6a606f2f4
Copying blob sha256:3a6a63a98cc5ea9fdc03387cc03eae0538e6b51d92b255fd032f6f84a0c09a8b
Copying blob sha256:b7e465b47d79a1c13436d73ce5eef8a838b9269b54162755873cc07647cfbcf6
Copying config sha256:8dd8420f16856bfa676007031e12f1893be0059532a158a64c7e0ad442c2771e
Writing manifest to image destination
Writing manifest list to image destination
Storing list signatures
==========================================
Building monitoring-plugin @ release-coo-ocp-4.15 with VERSION=v0.4.5 ORG=openshift-observability-ui
==========================================
Switched to branch 'release-coo-ocp-4.15'
Your branch is up to date with 'origin/release-coo-ocp-4.15'.
From https://github.com/openshift/monitoring-plugin
 * branch            release-coo-ocp-4.15 -> FETCH_HEAD
Already up to date.
--- Attempt 1/3 ---
podman manifest rm quay.io/openshift-observability-ui/monitoring-console-plugin:v0.4.5 || true
Error: quay.io/openshift-observability-ui/monitoring-console-plugin:v0.4.5: image not known
podman manifest create quay.io/openshift-observability-ui/monitoring-console-plugin:v0.4.5
8901ae3765afbf036629ac9f55f4a14981f33de2b161dedb448815c124e1614b
podman build --platform linux/arm64,linux/amd64 --manifest quay.io/openshift-observability-ui/monitoring-console-plugin:v0.4.5 -f Dockerfile.mcp
[linux/amd64] [1/3] STEP 1/11: FROM registry.redhat.io/ubi9/nodejs-20:1-59 AS web-builder
Trying to pull registry.redhat.io/ubi9/nodejs-20:1-59...
Getting image source signatures
Checking if image destination supports signatures
Copying blob sha256:94cdc3e7c5bff42dbb2c7ea912676b1b9baaa677b8c1b514f4b7a7f719d59c6a
Copying blob sha256:f5e6502d2728ac70bea5ebf27077abc1ccfcc4b6601b93055132a1559bac5151
Copying blob sha256:617256ad76f67c02baf41a3596507347f65a9c7566960e649da610cae4da591e
Copying config sha256:7697932fa5075c88fab12d0ca95acb35c325597a68f18a7cfd25d5b158f58cea
Writing manifest to image destination
Storing signatures
[linux/amd64] [1/3] STEP 2/11: USER 0
--> 2d47dbb5193e
[linux/amd64] [1/3] STEP 3/11: WORKDIR /opt/app-root
--> 2e40cb28a2cf
[linux/amd64] [1/3] STEP 4/11: ENV HUSKY=0
--> 6775d2e55798
[linux/amd64] [1/3] STEP 5/11: COPY Makefile Makefile
--> b1ef89110a82
[linux/amd64] [1/3] STEP 6/11: COPY scripts/update-plugin-name.sh scripts/update-plugin-name.sh
--> daae7fa4c8fe
[linux/amd64] [1/3] STEP 7/11: COPY web/ web/
--> 347b686b0f34
[linux/amd64] [1/3] STEP 8/11: RUN make update-plugin-name
./scripts/update-plugin-name.sh
--> 95c96e085fcb
[linux/amd64] [1/3] STEP 9/11: ENV I18N_NAMESPACE="plugin__monitoring-console-plugin"
--> e5d57cefb9ae
[linux/amd64] [1/3] STEP 10/11: RUN make install-frontend
cd web && npm install
npm warn EBADENGINE Unsupported engine {
npm warn EBADENGINE   package: 'undici@7.24.7',
npm warn EBADENGINE   required: { node: '>=20.18.1' },
npm warn EBADENGINE   current: { node: 'v20.16.0', npm: '10.8.1' }
npm warn EBADENGINE }
npm warn EBADENGINE Unsupported engine {
npm warn EBADENGINE   package: 'cheerio@1.1.2',
npm warn EBADENGINE   required: { node: '>=20.18.1' },
npm warn EBADENGINE   current: { node: 'v20.16.0', npm: '10.8.1' }
npm warn EBADENGINE }
npm warn EBADENGINE Unsupported engine {
npm warn EBADENGINE   package: 'undici@7.25.0',
npm warn EBADENGINE   required: { node: '>=20.18.1' },
npm warn EBADENGINE   current: { node: 'v20.16.0', npm: '10.8.1' }
npm warn EBADENGINE }
npm warn deprecated rimraf@3.0.2: Rimraf versions prior to v4 are no longer supported
npm warn deprecated inflight@1.0.6: This module is not supported, and leaks memory. Do not use it. Check out lru-cache if you want a good and tested way to coalesce async requests by a key value, which is much more comprehensive and powerful.
npm warn deprecated i18next-parser@9.4.0: Project is deprecated, use i18next-cli instead
npm warn deprecated glob@7.2.3: Glob versions prior to v9 are no longer supported
npm warn deprecated eslint@8.44.0: This version is no longer supported. Please see https://eslint.org/version-support for other options.
npm warn deprecated @types/webpack-dev-server@4.7.2: This is a stub types definition. webpack-dev-server provides its own type definitions, so you do not need this installed.
npm warn deprecated @humanwhocodes/object-schema@2.0.3: Use @eslint/object-schema instead
npm warn deprecated @humanwhocodes/config-array@0.11.14: Use @eslint/config-array instead
npm warn deprecated glob@10.5.0: Old versions of glob are not supported, and contain widely publicized security vulnerabilities, which have been fixed in the current version. Please update. Support for old versions may be purchased (at exorbitant rates) by contacting i@izs.me

> monitoring-console-plugin@0.4.0 prepare
> cd .. && husky install web/.husky

husky - HUSKY env variable is set to 0, skipping install

added 1395 packages, and audited 1396 packages in 2m

285 packages are looking for funding
  run `npm fund` for details

32 vulnerabilities (1 low, 23 moderate, 7 high, 1 critical)

To address issues that do not require attention, run:
  npm audit fix

To address all issues (including breaking changes), run:
  npm audit fix --force

Run `npm audit` for details.
npm notice
npm notice New major version of npm available! 10.8.1 -> 11.17.0
npm notice Changelog: https://github.com/npm/cli/releases/tag/v11.17.0
npm notice To update run: npm install -g npm@11.17.0
npm notice
--> 5ab1d24f5807
[linux/amd64] [1/3] STEP 11/11: RUN make build-frontend
cd web && npm run build

> monitoring-console-plugin@0.4.0 build
> npm run clean && NODE_ENV=production npm run ts-node node_modules/.bin/webpack


> monitoring-console-plugin@0.4.0 clean
> rm -rf dist


> monitoring-console-plugin@0.4.0 ts-node
> ts-node -O '{"module":"commonjs"}' node_modules/.bin/webpack

DEPRECATION WARNING [legacy-js-api]: The legacy JS API is deprecated and will be removed in Dart Sass 2.0.0.

More info: https://sass-lang.com/d/legacy-js-api

DEPRECATION WARNING [legacy-js-api]: The legacy JS API is deprecated and will be removed in Dart Sass 2.0.0.

More info: https://sass-lang.com/d/legacy-js-api

DEPRECATION WARNING [legacy-js-api]: The legacy JS API is deprecated and will be removed in Dart Sass 2.0.0.

More info: https://sass-lang.com/d/legacy-js-api

DEPRECATION WARNING [legacy-js-api]: The legacy JS API is deprecated and will be removed in Dart Sass 2.0.0.

More info: https://sass-lang.com/d/legacy-js-api

DEPRECATION WARNING [legacy-js-api]: The legacy JS API is deprecated and will be removed in Dart Sass 2.0.0.

More info: https://sass-lang.com/d/legacy-js-api

assets by path *.js 9.07 MiB
  assets by chunk 8.32 MiB (id hint: vendors)
    assets by status 7.29 MiB [big] 3 assets
    + 36 assets
  + 97 assets
assets by path assets/ 1.33 MiB
  assets by chunk 1.27 MiB (auxiliary id hint: vendors) 84 assets
  asset assets/codicon..ttf 55.2 KiB [emitted] [from: components/metrics/codicon.ttf]
  asset assets/restricted-sign..svg 2.38 KiB [emitted] [from: components/console/imgs/restricted-sign.svg] (auxiliary name: exposed-MonitoringRouter)
assets by path locales/ 59.3 KiB
  asset locales/en/plugin__monitoring-console-plugin.json 18.8 KiB [emitted] [from: ../locales/en/plugin__monitoring-console-plugin.json] [copied]
  asset locales/ja/plugin__monitoring-console-plugin.json 14.9 KiB [emitted] [from: ../locales/ja/plugin__monitoring-console-plugin.json] [copied]
  asset locales/ko/plugin__monitoring-console-plugin.json 13.6 KiB [emitted] [from: ../locales/ko/plugin__monitoring-console-plugin.json] [copied]
  asset locales/zh/plugin__monitoring-console-plugin.json 11.9 KiB [emitted] [from: ../locales/zh/plugin__monitoring-console-plugin.json] [copied]
asset plugin-manifest.json 5.41 KiB [emitted]
orphan modules 20.4 MiB [orphan] 20670 modules
runtime modules 53 KiB 15 modules
built modules 17.9 MiB (javascript) 1.33 MiB (asset) 3.04 KiB (consume-shared) 2.75 KiB (share-init) [built]
  javascript modules 17.9 MiB 1641 modules
  asset modules 1.33 MiB (asset) 3.53 KiB (javascript)
    modules by path ../node_modules/ 1.27 MiB (asset) 3.45 KiB (javascript) 84 modules
    modules by path ./components/ 57.5 KiB (asset) 84 bytes (javascript) 2 modules
  consume-shared-module modules 3.04 KiB 74 modules
  provide-module modules 2.75 KiB
    modules by path provide shared module (default) @patternfly/react-core/dist/dynamic/ 1.93 KiB 47 modules
    modules by path provide shared module (default) @patternfly/react-icons/dist/dynamic/icons/ 756 bytes 18 modules
    modules by path provide shared module (default) @patternfly/react-table/dist/dynamic/components/ 84 bytes 2 modules
  ../node_modules/tlds/index.json 10.9 KiB [built] [code generated]

WARNING in asset size limit: The following asset(s) exceed the recommended size limit (244 KiB).
This can impact web performance.
Assets: 
  6966-chunk-a961092f8109ff7abdf0.min.js (2.41 MiB)
  2608-chunk-7876e82306734b18a308.min.js (4.55 MiB)
  6898-chunk-7f02beb01f61a974566c.min.js (342 KiB)

webpack 5.105.2 compiled with 1 warning in 132461 ms
--> a98b65ac8391
[linux/arm64] [1/3] STEP 1/11: FROM registry.redhat.io/ubi9/nodejs-20:1-59 AS web-builder
Trying to pull registry.redhat.io/ubi9/nodejs-20:1-59...
Getting image source signatures
Checking if image destination supports signatures
Copying blob sha256:d4500cc116c35b566fa0da2cbf5b660ba4a46baf1e10af00895c93ff462305ac
Copying blob sha256:5fa3c2b243a50b3675f35932b5f4935ef65e57cddc5d4cc7ba71679269790399
Copying blob sha256:64e1bf5bb696db82701f92056c4296537d0cad1564e1e6b21d12ef94672e2151
Copying config sha256:ef61de170c3517e89e80b8172fe30f7250c126c0ca6111ac7e1ef476d74208f7
Writing manifest to image destination
Storing signatures
[linux/arm64] [1/3] STEP 2/11: USER 0
--> 2f41d875f5da
[linux/arm64] [1/3] STEP 3/11: WORKDIR /opt/app-root
--> d3ab2519e24e
[linux/arm64] [1/3] STEP 4/11: ENV HUSKY=0
--> 5d0f9bccea44
[linux/arm64] [1/3] STEP 5/11: COPY Makefile Makefile
--> 862d68781916
[linux/arm64] [1/3] STEP 6/11: COPY scripts/update-plugin-name.sh scripts/update-plugin-name.sh
--> d83878028537
[linux/arm64] [1/3] STEP 7/11: COPY web/ web/
--> 53e69ca17003
[linux/arm64] [1/3] STEP 8/11: RUN make update-plugin-name
./scripts/update-plugin-name.sh
--> 2104f805489d
[linux/arm64] [1/3] STEP 9/11: ENV I18N_NAMESPACE="plugin__monitoring-console-plugin"
--> 708983fb631e
[linux/arm64] [1/3] STEP 10/11: RUN make install-frontend
cd web && npm install
npm warn EBADENGINE Unsupported engine {
npm warn EBADENGINE   package: 'undici@7.24.7',
npm warn EBADENGINE   required: { node: '>=20.18.1' },
npm warn EBADENGINE   current: { node: 'v20.16.0', npm: '10.8.1' }
npm warn EBADENGINE }
npm warn EBADENGINE Unsupported engine {
npm warn EBADENGINE   package: 'cheerio@1.1.2',
npm warn EBADENGINE   required: { node: '>=20.18.1' },
npm warn EBADENGINE   current: { node: 'v20.16.0', npm: '10.8.1' }
npm warn EBADENGINE }
npm warn EBADENGINE Unsupported engine {
npm warn EBADENGINE   package: 'undici@7.25.0',
npm warn EBADENGINE   required: { node: '>=20.18.1' },
npm warn EBADENGINE   current: { node: 'v20.16.0', npm: '10.8.1' }
npm warn EBADENGINE }
npm warn deprecated rimraf@3.0.2: Rimraf versions prior to v4 are no longer supported
npm warn deprecated inflight@1.0.6: This module is not supported, and leaks memory. Do not use it. Check out lru-cache if you want a good and tested way to coalesce async requests by a key value, which is much more comprehensive and powerful.
npm warn deprecated i18next-parser@9.4.0: Project is deprecated, use i18next-cli instead
npm warn deprecated glob@7.2.3: Glob versions prior to v9 are no longer supported
npm warn deprecated eslint@8.44.0: This version is no longer supported. Please see https://eslint.org/version-support for other options.
npm warn deprecated @types/webpack-dev-server@4.7.2: This is a stub types definition. webpack-dev-server provides its own type definitions, so you do not need this installed.
npm warn deprecated @humanwhocodes/object-schema@2.0.3: Use @eslint/object-schema instead
npm warn deprecated @humanwhocodes/config-array@0.11.14: Use @eslint/config-array instead
npm warn deprecated glob@10.5.0: Old versions of glob are not supported, and contain widely publicized security vulnerabilities, which have been fixed in the current version. Please update. Support for old versions may be purchased (at exorbitant rates) by contacting i@izs.me
npm error code ECONNRESET
npm error network aborted
npm error network This is a problem related to network connectivity.
npm error network In most cases you are behind a proxy or have bad network settings.
npm error network
npm error network If you are behind a proxy, please make sure that the
npm error network 'proxy' config is set properly.  See: 'npm help config'
npm notice
npm notice New major version of npm available! 10.8.1 -> 11.17.0
npm notice Changelog: https://github.com/npm/cli/releases/tag/v11.17.0
npm notice To update run: npm install -g npm@11.17.0
npm notice
npm error A complete log of this run can be found in: /opt/app-root/src/.npm/_logs/2026-06-15T17_53_39_996Z-debug-0.log
make: *** [Makefile:10: install-frontend] Error 1
[linux/amd64] [2/3] STEP 1/9: FROM brew.registry.redhat.io/rh-osbs/openshift-golang-builder:rhel_9_golang_1.23 AS go-builder
Trying to pull brew.registry.redhat.io/rh-osbs/openshift-golang-builder:rhel_9_golang_1.23...
Getting image source signatures
Copying blob sha256:41e2642345fb0cc51dd8e4e60037216de84dce6e2f39b0d82165821221e8de3b
Copying blob sha256:5e09f8650bc245176f116be7bf617e9ebbda9f1690adc8f25ef8cc558cd62fbf
Copying config sha256:f3dea12931ce061bd2c181dcd80faa7303ae748e7e7e098d3a70a0d0f58161d6
Writing manifest to image destination
[linux/amd64] [2/3] STEP 2/9: WORKDIR /opt/app-root
--> d1be11ff8d66
[linux/amd64] [2/3] STEP 3/9: COPY Makefile Makefile
--> ba3dfba3c4d2
[linux/amd64] [2/3] STEP 4/9: COPY go.mod go.mod
--> ce0c0ea356d1
[linux/amd64] [2/3] STEP 5/9: COPY go.sum go.sum
--> 9d3ae27f560a
[linux/amd64] [2/3] STEP 6/9: RUN go mod download
Go compliance shim [1] [rhel-9-golang-1.23][openshift-golang-builder]: assessment: CGO_ENABLED=1
Go compliance shim [1] [rhel-9-golang-1.23][openshift-golang-builder]: assessment: dynamic linking
Go compliance shim [1] [rhel-9-golang-1.23][openshift-golang-builder]: skipping forced compliance due to broad exemption
Go compliance shim [1] [rhel-9-golang-1.23][openshift-golang-builder]: EXEMPT: 1


Go compliance shim [1] [rhel-9-golang-1.23][openshift-golang-builder]: final command line arguments: "mod" "download" 

Go compliance shim [1] [rhel-9-golang-1.23][openshift-golang-builder]: invoking real go binary
Go compliance shim [1] [rhel-9-golang-1.23][openshift-golang-builder]: Exited with: 0
--> ed19d32dbfc6
[linux/amd64] [2/3] STEP 7/9: COPY cmd/ cmd/
--> 4a51c62b5ce0
[linux/amd64] [2/3] STEP 8/9: COPY pkg/ pkg/
--> cbcfb378408b
[linux/amd64] [2/3] STEP 9/9: RUN go build -mod=mod -o plugin-backend cmd/plugin-backend.go
Go compliance shim [1] [rhel-9-golang-1.23][openshift-golang-builder]: assessment: CGO_ENABLED=1
Go compliance shim [1] [rhel-9-golang-1.23][openshift-golang-builder]: assessment: dynamic linking
Go compliance shim [1] [rhel-9-golang-1.23][openshift-golang-builder]: skipping forced compliance due to broad exemption
Go compliance shim [1] [rhel-9-golang-1.23][openshift-golang-builder]: EXEMPT: 1


Go compliance shim [1] [rhel-9-golang-1.23][openshift-golang-builder]: final command line arguments: "build" "-mod=mod" "-o" "plugin-backend" "cmd/plugin-backend.go" 

Go compliance shim [1] [rhel-9-golang-1.23][openshift-golang-builder]: invoking real go binary
Go compliance shim [1] [rhel-9-golang-1.23][openshift-golang-builder]: Exited with: 0
--> 9457ec4ca83e
[linux/amd64] [3/3] STEP 1/7: FROM registry.access.redhat.com/ubi9/ubi-minimal
Trying to pull registry.access.redhat.com/ubi9/ubi-minimal:latest...
Getting image source signatures
Checking if image destination supports signatures
Copying blob sha256:48538841ca5147d36a25e82713e079413d3c2a137f5ea5df68a1c5da1e3a677e
Copying config sha256:c5116dbb022c512f0c97d135ddcca0f5545090f696fa2d17f338ce72cf9c76a2
Writing manifest to image destination
Storing signatures
[linux/amd64] [3/3] STEP 2/7: USER 1001
--> 6601980f36c4
[linux/amd64] [3/3] STEP 3/7: COPY --from=web-builder /opt/app-root/web/dist /opt/app-root/web/dist
--> 1e7a4a89a525
[linux/amd64] [3/3] STEP 4/7: COPY --from=web-builder /opt/app-root/web/package.json /opt/app-root/web/package.json
--> ebf3e55927b5
[linux/amd64] [3/3] STEP 5/7: COPY --from=go-builder /opt/app-root/plugin-backend /opt/app-root
--> aaae44016e3e
[linux/amd64] [3/3] STEP 6/7: COPY config/ /opt/app-root/config
--> 81425c7695c4
[linux/amd64] [3/3] STEP 7/7: ENTRYPOINT ["/opt/app-root/plugin-backend", "-static-path", "/opt/app-root/web/dist", "-config-path", "/opt/app-root/config"]
[linux/amd64] [3/3] COMMIT
--> 369edd5028e3
369edd5028e3015f31e611984319bf94827d964c696cb593a2231f082ea1705b
Error: [linux/arm64]: building at STEP "RUN make install-frontend": while running runtime: exit status 2

make: *** [podman-cross-build] Error 2
WARNING: Attempt 1 failed for monitoring-plugin @ release-coo-ocp-4.15 (exit code 2)
--- Attempt 2/3 ---
podman manifest rm quay.io/openshift-observability-ui/monitoring-console-plugin:v0.4.5 || true
Untagged: quay.io/openshift-observability-ui/monitoring-console-plugin:v0.4.5
Deleted: 8901ae3765afbf036629ac9f55f4a14981f33de2b161dedb448815c124e1614b
podman manifest create quay.io/openshift-observability-ui/monitoring-console-plugin:v0.4.5
3ce3335d4afe04c07c82c8de7705f88d6dd7cd56bb7dac5a9e6fe86156f31352
podman build --platform linux/arm64,linux/amd64 --manifest quay.io/openshift-observability-ui/monitoring-console-plugin:v0.4.5 -f Dockerfile.mcp
[linux/arm64] [1/3] STEP 1/11: FROM registry.redhat.io/ubi9/nodejs-20:1-59 AS web-builder
[linux/arm64] [1/3] STEP 2/11: USER 0
--> Using cache 2f41d875f5da758fdc646d8bd41ad33e907a3657136346989ae1cd4a973400c1
--> 2f41d875f5da
[linux/arm64] [1/3] STEP 3/11: WORKDIR /opt/app-root
--> Using cache d3ab2519e24e6a41a8676ef2c7135f55f9b11037ae6048189f36d766a3bf58bd
--> d3ab2519e24e
[linux/arm64] [1/3] STEP 4/11: ENV HUSKY=0
--> Using cache 5d0f9bccea44ace7adeaecbbb6b1e2ec224c3bf39c6397d59c0b6b6ebc179e65
--> 5d0f9bccea44
[linux/arm64] [1/3] STEP 5/11: COPY Makefile Makefile
--> Using cache 862d6878191619dec40fc0be7e6f164733be43be8347d5cfa1e573aa6821a909
--> 862d68781916
[linux/arm64] [1/3] STEP 6/11: COPY scripts/update-plugin-name.sh scripts/update-plugin-name.sh
--> Using cache d8387802853781161ed6c16baca22e8438d7b2802e5f028570ff95d2bad80460
--> d83878028537
[linux/arm64] [1/3] STEP 7/11: COPY web/ web/
--> Using cache 53e69ca17003a74e37408939257499d82f4c14fe3f602ba15e268ac66d24e0cf
--> 53e69ca17003
[linux/arm64] [1/3] STEP 8/11: RUN make update-plugin-name
--> Using cache 2104f805489dfc9681021429364d827dc27b2e29d57ef0323b5d73952defdab7
--> 2104f805489d
[linux/arm64] [1/3] STEP 9/11: ENV I18N_NAMESPACE="plugin__monitoring-console-plugin"
--> Using cache 708983fb631ed112110e8690b2e103bdd69a5fbdcbe554eb96198619c11f2960
--> 708983fb631e
[linux/arm64] [1/3] STEP 10/11: RUN make install-frontend
cd web && npm install
npm warn EBADENGINE Unsupported engine {
npm warn EBADENGINE   package: 'undici@7.24.7',
npm warn EBADENGINE   required: { node: '>=20.18.1' },
npm warn EBADENGINE   current: { node: 'v20.16.0', npm: '10.8.1' }
npm warn EBADENGINE }
npm warn EBADENGINE Unsupported engine {
npm warn EBADENGINE   package: 'cheerio@1.1.2',
npm warn EBADENGINE   required: { node: '>=20.18.1' },
npm warn EBADENGINE   current: { node: 'v20.16.0', npm: '10.8.1' }
npm warn EBADENGINE }
npm warn EBADENGINE Unsupported engine {
npm warn EBADENGINE   package: 'undici@7.25.0',
npm warn EBADENGINE   required: { node: '>=20.18.1' },
npm warn EBADENGINE   current: { node: 'v20.16.0', npm: '10.8.1' }
npm warn EBADENGINE }
npm warn deprecated rimraf@3.0.2: Rimraf versions prior to v4 are no longer supported
npm warn deprecated inflight@1.0.6: This module is not supported, and leaks memory. Do not use it. Check out lru-cache if you want a good and tested way to coalesce async requests by a key value, which is much more comprehensive and powerful.
npm warn deprecated i18next-parser@9.4.0: Project is deprecated, use i18next-cli instead
npm warn deprecated glob@7.2.3: Glob versions prior to v9 are no longer supported
npm warn deprecated eslint@8.44.0: This version is no longer supported. Please see https://eslint.org/version-support for other options.
npm warn deprecated @types/webpack-dev-server@4.7.2: This is a stub types definition. webpack-dev-server provides its own type definitions, so you do not need this installed.
npm warn deprecated @humanwhocodes/object-schema@2.0.3: Use @eslint/object-schema instead
npm warn deprecated @humanwhocodes/config-array@0.11.14: Use @eslint/config-array instead
npm warn deprecated glob@10.5.0: Old versions of glob are not supported, and contain widely publicized security vulnerabilities, which have been fixed in the current version. Please update. Support for old versions may be purchased (at exorbitant rates) by contacting i@izs.me

> monitoring-console-plugin@0.4.0 prepare
> cd .. && husky install web/.husky

husky - HUSKY env variable is set to 0, skipping install

added 1395 packages, and audited 1396 packages in 2m

285 packages are looking for funding
  run `npm fund` for details

32 vulnerabilities (1 low, 23 moderate, 7 high, 1 critical)

To address issues that do not require attention, run:
  npm audit fix

To address all issues (including breaking changes), run:
  npm audit fix --force

Run `npm audit` for details.
npm notice
npm notice New major version of npm available! 10.8.1 -> 11.17.0
npm notice Changelog: https://github.com/npm/cli/releases/tag/v11.17.0
npm notice To update run: npm install -g npm@11.17.0
npm notice
--> 9bb7beace82e
[linux/arm64] [1/3] STEP 11/11: RUN make build-frontend
cd web && npm run build

> monitoring-console-plugin@0.4.0 build
> npm run clean && NODE_ENV=production npm run ts-node node_modules/.bin/webpack


> monitoring-console-plugin@0.4.0 clean
> rm -rf dist


> monitoring-console-plugin@0.4.0 ts-node
> ts-node -O '{"module":"commonjs"}' node_modules/.bin/webpack

DEPRECATION WARNING [legacy-js-api]: The legacy JS API is deprecated and will be removed in Dart Sass 2.0.0.

More info: https://sass-lang.com/d/legacy-js-api

DEPRECATION WARNING [legacy-js-api]: The legacy JS API is deprecated and will be removed in Dart Sass 2.0.0.

More info: https://sass-lang.com/d/legacy-js-api

DEPRECATION WARNING [legacy-js-api]: The legacy JS API is deprecated and will be removed in Dart Sass 2.0.0.

More info: https://sass-lang.com/d/legacy-js-api

DEPRECATION WARNING [legacy-js-api]: The legacy JS API is deprecated and will be removed in Dart Sass 2.0.0.

More info: https://sass-lang.com/d/legacy-js-api

DEPRECATION WARNING [legacy-js-api]: The legacy JS API is deprecated and will be removed in Dart Sass 2.0.0.

More info: https://sass-lang.com/d/legacy-js-api

assets by path *.js 9.07 MiB
  assets by chunk 8.32 MiB (id hint: vendors)
    assets by status 7.29 MiB [big] 3 assets
    + 36 assets
  + 97 assets
assets by path assets/ 1.33 MiB
  assets by chunk 1.27 MiB (auxiliary id hint: vendors) 84 assets
  asset assets/codicon..ttf 55.2 KiB [emitted] [from: components/metrics/codicon.ttf]
  asset assets/restricted-sign..svg 2.38 KiB [emitted] [from: components/console/imgs/restricted-sign.svg] (auxiliary name: exposed-MonitoringRouter)
assets by path locales/ 59.3 KiB
  asset locales/en/plugin__monitoring-console-plugin.json 18.8 KiB [emitted] [from: ../locales/en/plugin__monitoring-console-plugin.json] [copied]
  asset locales/ja/plugin__monitoring-console-plugin.json 14.9 KiB [emitted] [from: ../locales/ja/plugin__monitoring-console-plugin.json] [copied]
  asset locales/ko/plugin__monitoring-console-plugin.json 13.6 KiB [emitted] [from: ../locales/ko/plugin__monitoring-console-plugin.json] [copied]
  asset locales/zh/plugin__monitoring-console-plugin.json 11.9 KiB [emitted] [from: ../locales/zh/plugin__monitoring-console-plugin.json] [copied]
asset plugin-manifest.json 5.41 KiB [emitted]
orphan modules 20.4 MiB [orphan] 20670 modules
runtime modules 53 KiB 15 modules
built modules 17.9 MiB (javascript) 1.33 MiB (asset) 3.04 KiB (consume-shared) 2.75 KiB (share-init) [built]
  javascript modules 17.9 MiB 1641 modules
  asset modules 1.33 MiB (asset) 3.53 KiB (javascript)
    modules by path ../node_modules/ 1.27 MiB (asset) 3.45 KiB (javascript) 84 modules
    modules by path ./components/ 57.5 KiB (asset) 84 bytes (javascript) 2 modules
  consume-shared-module modules 3.04 KiB 74 modules
  provide-module modules 2.75 KiB
    modules by path provide shared module (default) @patternfly/react-core/dist/dynamic/ 1.93 KiB 47 modules
    modules by path provide shared module (default) @patternfly/react-icons/dist/dynamic/icons/ 756 bytes 18 modules
    modules by path provide shared module (default) @patternfly/react-table/dist/dynamic/components/ 84 bytes 2 modules
  ../node_modules/tlds/index.json 10.9 KiB [built] [code generated]

WARNING in asset size limit: The following asset(s) exceed the recommended size limit (244 KiB).
This can impact web performance.
Assets: 
  6966-chunk-a961092f8109ff7abdf0.min.js (2.41 MiB)
  2608-chunk-7876e82306734b18a308.min.js (4.55 MiB)
  6898-chunk-7f02beb01f61a974566c.min.js (342 KiB)

webpack 5.105.2 compiled with 1 warning in 102648 ms
--> 46d7b33d3cd6
[linux/amd64] [1/3] STEP 1/11: FROM registry.redhat.io/ubi9/nodejs-20:1-59 AS web-builder
Trying to pull registry.redhat.io/ubi9/nodejs-20:1-59...
Getting image source signatures
Checking if image destination supports signatures
Copying blob sha256:f5e6502d2728ac70bea5ebf27077abc1ccfcc4b6601b93055132a1559bac5151
Copying blob sha256:94cdc3e7c5bff42dbb2c7ea912676b1b9baaa677b8c1b514f4b7a7f719d59c6a
Copying blob sha256:617256ad76f67c02baf41a3596507347f65a9c7566960e649da610cae4da591e
Copying config sha256:7697932fa5075c88fab12d0ca95acb35c325597a68f18a7cfd25d5b158f58cea
Writing manifest to image destination
Storing signatures
[linux/amd64] [1/3] STEP 2/11: USER 0
--> Using cache 2d47dbb5193e9b8cb3ac6db6b24f7adf710d7595867600e684bc7eaf2f51c1da
--> 2d47dbb5193e
[linux/amd64] [1/3] STEP 3/11: WORKDIR /opt/app-root
--> Using cache 2e40cb28a2cf074cb4eb48042f496738283a577a6df199d5ef325735a7764d9c
--> 2e40cb28a2cf
[linux/amd64] [1/3] STEP 4/11: ENV HUSKY=0
--> Using cache 6775d2e557986a35d7bc6cddee95e1fa01ffc4b6168440cf89c1ca7207e0fa8f
--> 6775d2e55798
[linux/amd64] [1/3] STEP 5/11: COPY Makefile Makefile
--> Using cache b1ef89110a8219093ce31912e25e6f223dcd37ee39c3e1ae205b220f16c98561
--> b1ef89110a82
[linux/amd64] [1/3] STEP 6/11: COPY scripts/update-plugin-name.sh scripts/update-plugin-name.sh
--> Using cache daae7fa4c8fea4433744f3764b700ca741244d72357adae0865494b38c39a4b9
--> daae7fa4c8fe
[linux/amd64] [1/3] STEP 7/11: COPY web/ web/
--> Using cache 347b686b0f34d579626489371215a2630f620334e6f3e06627ab8d9aa8759b13
--> 347b686b0f34
[linux/amd64] [1/3] STEP 8/11: RUN make update-plugin-name
--> Using cache 95c96e085fcbe6126fd6be9f6a199bb3136b09ab9932a36a0cb880b877e28ae0
--> 95c96e085fcb
[linux/amd64] [1/3] STEP 9/11: ENV I18N_NAMESPACE="plugin__monitoring-console-plugin"
--> Using cache e5d57cefb9aecf3e4fbaf6a17b6a0ff7b85ca12e1c7462b44314f2b64d8bdbd3
--> e5d57cefb9ae
[linux/amd64] [1/3] STEP 10/11: RUN make install-frontend
--> Using cache 5ab1d24f5807d1405ebd9c6f253241acbbbcbd4c8884d9e6b0286e363971c843
--> 5ab1d24f5807
[linux/amd64] [1/3] STEP 11/11: RUN make build-frontend
--> Using cache a98b65ac8391bcb177bb3023d3f324ab29abd42fbc05bfdfe228924e77eb1cac
--> a98b65ac8391
[linux/arm64] [2/3] STEP 1/9: FROM brew.registry.redhat.io/rh-osbs/openshift-golang-builder:rhel_9_golang_1.23 AS go-builder
Trying to pull brew.registry.redhat.io/rh-osbs/openshift-golang-builder:rhel_9_golang_1.23...
Getting image source signatures
Copying blob sha256:10a820fbfa9bf553704fdab350d6257933786b946cde63407232f218a87208d0
Copying blob sha256:65442b90c1456946b65a513148c3e504c3e1ae3889d427d5b4526ba9cec3ea0e
Copying config sha256:7f90d348835f7e737efffd52afa9785160436c02c7ea5a8cf804f305ddf0c38b
Writing manifest to image destination
[linux/arm64] [2/3] STEP 2/9: WORKDIR /opt/app-root
--> b215dc5d8d4f
[linux/arm64] [2/3] STEP 3/9: COPY Makefile Makefile
--> 2408ff084963
[linux/arm64] [2/3] STEP 4/9: COPY go.mod go.mod
--> 83861256954e
[linux/arm64] [2/3] STEP 5/9: COPY go.sum go.sum
--> da15b15b12ac
[linux/arm64] [2/3] STEP 6/9: RUN go mod download
Go compliance shim [1] [rhel-9-golang-1.23][openshift-golang-builder]: assessment: CGO_ENABLED=1
Go compliance shim [1] [rhel-9-golang-1.23][openshift-golang-builder]: assessment: dynamic linking
Go compliance shim [1] [rhel-9-golang-1.23][openshift-golang-builder]: skipping forced compliance due to broad exemption
Go compliance shim [1] [rhel-9-golang-1.23][openshift-golang-builder]: EXEMPT: 1


Go compliance shim [1] [rhel-9-golang-1.23][openshift-golang-builder]: final command line arguments: "mod" "download" 

Go compliance shim [1] [rhel-9-golang-1.23][openshift-golang-builder]: invoking real go binary
Go compliance shim [1] [rhel-9-golang-1.23][openshift-golang-builder]: Exited with: 0
--> 36f79d39d914
[linux/arm64] [2/3] STEP 7/9: COPY cmd/ cmd/
--> 2c759c11feec
[linux/arm64] [2/3] STEP 8/9: COPY pkg/ pkg/
--> 4c65da9accef
[linux/arm64] [2/3] STEP 9/9: RUN go build -mod=mod -o plugin-backend cmd/plugin-backend.go
Go compliance shim [1] [rhel-9-golang-1.23][openshift-golang-builder]: assessment: CGO_ENABLED=1
Go compliance shim [1] [rhel-9-golang-1.23][openshift-golang-builder]: assessment: dynamic linking
Go compliance shim [1] [rhel-9-golang-1.23][openshift-golang-builder]: skipping forced compliance due to broad exemption
Go compliance shim [1] [rhel-9-golang-1.23][openshift-golang-builder]: EXEMPT: 1


Go compliance shim [1] [rhel-9-golang-1.23][openshift-golang-builder]: final command line arguments: "build" "-mod=mod" "-o" "plugin-backend" "cmd/plugin-backend.go" 

Go compliance shim [1] [rhel-9-golang-1.23][openshift-golang-builder]: invoking real go binary
Go compliance shim [1] [rhel-9-golang-1.23][openshift-golang-builder]: Exited with: 0
--> 4642d7daa28c
[linux/amd64] [2/3] STEP 1/9: FROM brew.registry.redhat.io/rh-osbs/openshift-golang-builder:rhel_9_golang_1.23 AS go-builder
Trying to pull brew.registry.redhat.io/rh-osbs/openshift-golang-builder:rhel_9_golang_1.23...
Getting image source signatures
Copying blob sha256:41e2642345fb0cc51dd8e4e60037216de84dce6e2f39b0d82165821221e8de3b
Copying blob sha256:5e09f8650bc245176f116be7bf617e9ebbda9f1690adc8f25ef8cc558cd62fbf
Copying config sha256:f3dea12931ce061bd2c181dcd80faa7303ae748e7e7e098d3a70a0d0f58161d6
Writing manifest to image destination
[linux/amd64] [2/3] STEP 2/9: WORKDIR /opt/app-root
--> Using cache d1be11ff8d662ac8da07f3b14d62f1b3c5cc48c491e01017bd67474eb20bd5a9
--> d1be11ff8d66
[linux/amd64] [2/3] STEP 3/9: COPY Makefile Makefile
--> Using cache ba3dfba3c4d2b6c34b392038fd26d2aed8750c74bb29478f690194cf5f8574f9
--> ba3dfba3c4d2
[linux/amd64] [2/3] STEP 4/9: COPY go.mod go.mod
--> Using cache ce0c0ea356d1358a663566edd673ab65ccbf081e5a5745c1da222cfa839be572
--> ce0c0ea356d1
[linux/amd64] [2/3] STEP 5/9: COPY go.sum go.sum
--> Using cache 9d3ae27f560aa4fa224f10b32d9f4dcdfa00b1bfa1312734d5c1f6ff00e98a2e
--> 9d3ae27f560a
[linux/amd64] [2/3] STEP 6/9: RUN go mod download
--> Using cache ed19d32dbfc6be35830f409bd0bcf92224de0b933fe55b4e205a9667c194054e
--> ed19d32dbfc6
[linux/amd64] [2/3] STEP 7/9: COPY cmd/ cmd/
--> Using cache 4a51c62b5ce0251b3c568f5a8eafacd50c09801b1946e0feb8460fa363178f3c
--> 4a51c62b5ce0
[linux/amd64] [2/3] STEP 8/9: COPY pkg/ pkg/
--> Using cache cbcfb378408bf00b898b76a550dc4b161a1b1acd850fe79c8f6303481facfc40
--> cbcfb378408b
[linux/amd64] [2/3] STEP 9/9: RUN go build -mod=mod -o plugin-backend cmd/plugin-backend.go
--> Using cache 9457ec4ca83eaca2a9240d465d1e6e3e4e916f6484569dc124114718e9dedbe8
--> 9457ec4ca83e
[linux/arm64] [3/3] STEP 1/7: FROM registry.access.redhat.com/ubi9/ubi-minimal
Trying to pull registry.access.redhat.com/ubi9/ubi-minimal:latest...
Getting image source signatures
Checking if image destination supports signatures
Copying blob sha256:06005d885e6ce6c0708c4294316153d2de40b8859a131bbba11795c4f1e5eb71
Copying config sha256:ea3bce457a2c31c50e142616d6ee41379ad84976306f88b36bfad9ec4344a41f
Writing manifest to image destination
Storing signatures
[linux/arm64] [3/3] STEP 2/7: USER 1001
--> 702abb0b2823
[linux/arm64] [3/3] STEP 3/7: COPY --from=web-builder /opt/app-root/web/dist /opt/app-root/web/dist
--> 27f42de04106
[linux/arm64] [3/3] STEP 4/7: COPY --from=web-builder /opt/app-root/web/package.json /opt/app-root/web/package.json
--> a863988b14f1
[linux/arm64] [3/3] STEP 5/7: COPY --from=go-builder /opt/app-root/plugin-backend /opt/app-root
--> 1d191f199ecd
[linux/arm64] [3/3] STEP 6/7: COPY config/ /opt/app-root/config
--> cfb74e21005b
[linux/arm64] [3/3] STEP 7/7: ENTRYPOINT ["/opt/app-root/plugin-backend", "-static-path", "/opt/app-root/web/dist", "-config-path", "/opt/app-root/config"]
[linux/arm64] [3/3] COMMIT
--> acf18e75aaf5
[linux/amd64] [3/3] STEP 1/7: FROM registry.access.redhat.com/ubi9/ubi-minimal
acf18e75aaf5546c3d30da9ad178fb21c21c9a2213612b4d680fc64c2d0a1731
Trying to pull registry.access.redhat.com/ubi9/ubi-minimal:latest...
Getting image source signatures
Checking if image destination supports signatures
Copying blob sha256:48538841ca5147d36a25e82713e079413d3c2a137f5ea5df68a1c5da1e3a677e
Copying config sha256:c5116dbb022c512f0c97d135ddcca0f5545090f696fa2d17f338ce72cf9c76a2
Writing manifest to image destination
Storing signatures
[linux/amd64] [3/3] STEP 2/7: USER 1001
--> Using cache 6601980f36c41cd591d5b0cb684176b0728ddbfc71504fa02a6b11684ab17822
--> 6601980f36c4
[linux/amd64] [3/3] STEP 3/7: COPY --from=web-builder /opt/app-root/web/dist /opt/app-root/web/dist
--> Using cache 1e7a4a89a525e98557b9e9de43a487302694b27831f743636d57f4c2a48affb8
--> 1e7a4a89a525
[linux/amd64] [3/3] STEP 4/7: COPY --from=web-builder /opt/app-root/web/package.json /opt/app-root/web/package.json
--> Using cache ebf3e55927b5a58478992d27851498f7549fc1230e09c740d730dcbeb1a9d7ee
--> ebf3e55927b5
[linux/amd64] [3/3] STEP 5/7: COPY --from=go-builder /opt/app-root/plugin-backend /opt/app-root
--> Using cache aaae44016e3e90e76a0b925fa797db9f3595fd4555726a3c3636838e58744675
--> aaae44016e3e
[linux/amd64] [3/3] STEP 6/7: COPY config/ /opt/app-root/config
--> Using cache 81425c7695c44addb67a3eee03eb227c26b93bf952650f5353341787e4c4c20a
--> 81425c7695c4
[linux/amd64] [3/3] STEP 7/7: ENTRYPOINT ["/opt/app-root/plugin-backend", "-static-path", "/opt/app-root/web/dist", "-config-path", "/opt/app-root/config"]
--> Using cache 369edd5028e3015f31e611984319bf94827d964c696cb593a2231f082ea1705b
--> 369edd5028e3
369edd5028e3015f31e611984319bf94827d964c696cb593a2231f082ea1705b
podman manifest push quay.io/openshift-observability-ui/monitoring-console-plugin:v0.4.5
Getting image list signatures
Copying 2 images generated from 2 images in list
Copying image sha256:ab9f7a3013b7d9979dbed998287bbb677475717ccb6d27bc8336c65bba808938 (1/2)
Getting image source signatures
Copying blob sha256:5bf950f068753b313bdfe24a5dcfe09de7674ca057a3e38b538269a1d252b444
Copying blob sha256:4295780a94d174d8da1dc4dd7ff0e754ca6c4dcbd2463f65316ad025beb87b00
Copying blob sha256:370118594039660c51c7efb2f7ff2865ff0f0fd897b6bc6a826a66b93cb44a54
Copying blob sha256:0094f264dc4b3b3ff6c05e550831b572ee37d5f2a6c8fe2eee0459e0a114a103
Copying blob sha256:472096b10db3c9c1e590157a4f51ccac0523f99d03a8426846b7cb8d54a99ef2
Copying config sha256:acf18e75aaf5546c3d30da9ad178fb21c21c9a2213612b4d680fc64c2d0a1731
Writing manifest to image destination
Copying image sha256:9db92ffe7747a20e65badd85194a41ef96256b94d31f928e197f1393b32d898d (2/2)
Getting image source signatures
Copying blob sha256:406a5ccd80c6331e8a03b3635a6436c032d410194d791a4b7d512c1b1cf9d4ef
Copying blob sha256:eed51c3ee467ca0a8ece32eceaf2f1d08d26ea0fb29108fc7d9b0d9e33c91e67
Copying blob sha256:53f307ab07c5a8d63d1947c3b1cc3e29af91803dadb098c02044acfeb085c6b7
Copying blob sha256:5e2e1f7ad3a532ee3019ee1ccf034ac6ae959b3f53100919aee91d8cfbb724ca
Copying blob sha256:05ca0b4f2eb533083288c9b99b06336884825c11a00fe619f3a71774c624bdc2
Copying config sha256:369edd5028e3015f31e611984319bf94827d964c696cb593a2231f082ea1705b
Writing manifest to image destination
Writing manifest list to image destination
Storing list signatures
==========================================
Building distributed-tracing-console-plugin @ release-coo-ocp-4.19 with VERSION=v1.0.3 ORG=openshift-observability-ui
==========================================
Switched to branch 'release-coo-ocp-4.19'
Your branch is up to date with 'origin/release-coo-ocp-4.19'.
From https://github.com/openshift/distributed-tracing-console-plugin
 * branch            release-coo-ocp-4.19 -> FETCH_HEAD
Already up to date.
--- Attempt 1/3 ---
podman manifest rm quay.io/openshift-observability-ui/distributed-tracing-console-plugin:v1.0.3 || true
Error: quay.io/openshift-observability-ui/distributed-tracing-console-plugin:v1.0.3: image not known
podman manifest create quay.io/openshift-observability-ui/distributed-tracing-console-plugin:v1.0.3
92fb8e507d834c3b39956a622eb59bb4f890d64f626750994372970284a826e5
podman build --platform=linux/arm64,linux/amd64 --manifest quay.io/openshift-observability-ui/distributed-tracing-console-plugin:v1.0.3 -f Dockerfile
[linux/arm64] [1/3] STEP 1/8: FROM registry.redhat.io/ubi8/nodejs-22:latest AS web-builder
[linux/arm64] [1/3] STEP 2/8: WORKDIR /opt/app-root
--> Using cache e3bb7c09413c78a7bc6f54db05f03ff8e9b49d23a5893a75a454f6be867aa9b9
--> e3bb7c09413c
[linux/arm64] [1/3] STEP 3/8: USER 0
--> Using cache 7b306745faf5a9850cdb5035a74be4de205d419c4e18e4b4728f0fd848285374
--> 7b306745faf5
[linux/arm64] [1/3] STEP 4/8: COPY web/package*.json web/
--> ff48aa8580c5
[linux/arm64] [1/3] STEP 5/8: COPY Makefile Makefile
--> 5306cfcd894e
[linux/arm64] [1/3] STEP 6/8: RUN make install-frontend-ci-clean
cd web && npm ci --ignore-scripts --omit=optional
npm warn deprecated rimraf@3.0.2: Rimraf versions prior to v4 are no longer supported
npm warn deprecated popper.js@1.16.1: You can find the new Popper v2 at @popperjs/core, this package is dedicated to the legacy v1
npm warn deprecated inflight@1.0.6: This module is not supported, and leaks memory. Do not use it. Check out lru-cache if you want a good and tested way to coalesce async requests by a key value, which is much more comprehensive and powerful.
npm warn deprecated glob@7.2.3: Glob versions prior to v9 are no longer supported
npm warn deprecated eslint@8.57.1: This version is no longer supported. Please see https://eslint.org/version-support for other options.
npm warn deprecated @humanwhocodes/object-schema@2.0.3: Use @eslint/object-schema instead
npm warn deprecated @humanwhocodes/config-array@0.13.0: Use @eslint/config-array instead
npm warn deprecated rimraf@2.7.1: Rimraf versions prior to v4 are no longer supported

added 1811 packages, and audited 1812 packages in 48s

313 packages are looking for funding
  run `npm fund` for details

49 vulnerabilities (2 low, 38 moderate, 8 high, 1 critical)

To address issues that do not require attention, run:
  npm audit fix

To address all issues (including breaking changes), run:
  npm audit fix --force

Run `npm audit` for details.
cd web && npm cache clean --force
npm warn using --force Recommended protections disabled.
--> 432eef1043f3
[linux/arm64] [1/3] STEP 7/8: COPY web/ web/
--> 2a8d5d41a240
[linux/arm64] [1/3] STEP 8/8: RUN make build-frontend
cd web && npm run build

> distributed-tracing-console-plugin@1.0.0 build
> npm run clean && NODE_ENV=production npm run webpack


> distributed-tracing-console-plugin@1.0.0 clean
> rm -rf dist


> distributed-tracing-console-plugin@1.0.0 webpack
> node -r ts-node/register ./node_modules/.bin/webpack

assets by path assets/ 1.27 MiB
  assets by path assets/*.woff 740 KiB 42 assets
  assets by path assets/*.woff2 565 KiB
    asset assets/inter-latin-ext-600-normal..woff2 35.4 KiB [emitted] [from: ../node_modules/@fontsource/inter/files/inter-latin-ext-600-normal.woff2] (auxiliary id hint: vendors)
    asset assets/inter-latin-ext-700-normal..woff2 35.4 KiB [emitted] [from: ../node_modules/@fontsource/inter/files/inter-latin-ext-700-normal.woff2] (auxiliary id hint: vendors)
    + 40 assets
assets by path *.js 3.28 MiB
  assets by chunk 2.92 MiB (id hint: vendors)
    asset 1907-chunk-a659e32230067e72d6a9.min.js 2.61 MiB [emitted] [immutable] [minimized] [big] (id hint: vendors) 1 related asset
    asset 3864-chunk-29ef05162fade1526552.min.js 121 KiB [emitted] [immutable] [minimized] (id hint: vendors) 1 related asset
    asset 9252-chunk-7a4ebe4030b397b180f5.min.js 40.1 KiB [emitted] [immutable] [minimized] (id hint: vendors)
    + 9 assets
  + 67 assets
asset locales/en/plugin__distributed-tracing-console-plugin.json 4.29 KiB [emitted] [from: ../locales/en/plugin__distributed-tracing-console-plugin.json] [copied]
asset plugin-manifest.json 895 bytes [emitted]
orphan modules 21.9 MiB [orphan] 13317 modules
runtime modules 34.7 KiB 14 modules
built modules 10.2 MiB (javascript) 1.27 MiB (asset) 1.6 KiB (consume-shared) 1.39 KiB (share-init) [built]
  javascript modules 10.2 MiB 721 modules
  asset modules 1.27 MiB (asset) 3.45 KiB (javascript)
    modules by path ../node_modules/@fontsource/inter/files/*.woff2 565 KiB (asset) 1.72 KiB (javascript) 42 modules
    modules by path ../node_modules/@fontsource/inter/files/*.woff 740 KiB (asset) 1.72 KiB (javascript) 42 modules
  consume-shared-module modules 1.6 KiB
    modules by path consume shared module (default) @patternfly/ 1.39 KiB 34 modules
    + 5 modules
  provide-module modules 1.39 KiB
    modules by path provide shared module (default) @patternfly/react-core/dist/dynamic/ 924 bytes 22 modules
    modules by path provide shared module (default) @patternfly/react-icons/dist/dynamic/icons/ 504 bytes 12 modules

WARNING in asset size limit: The following asset(s) exceed the recommended size limit (244 KiB).
This can impact web performance.
Assets: 
  1907-chunk-a659e32230067e72d6a9.min.js (2.61 MiB)

webpack 5.105.3 compiled with 1 warning in 69109 ms
--> 8137e857a00e
[linux/amd64] [1/3] STEP 1/8: FROM registry.redhat.io/ubi8/nodejs-22:latest AS web-builder
Trying to pull registry.redhat.io/ubi8/nodejs-22:latest...
Getting image source signatures
Checking if image destination supports signatures
Copying blob sha256:d94b7f2d9d19987c602209c1ca7a5079ecb05168dbcf6c0c2a67e55808e6bb05
Copying blob sha256:245f1b069b431ca5b78c4eaff28999c523feb10acce56458483315e822a73edb
Copying blob sha256:058fb0f09035753ae475f735e832016dc02d8f9358ef9a3a6dd62cbbe9939b2c
Copying config sha256:7e191c97832b39d7994f1410689998ba37e1bc64c5b3457acb9ba3a6b4f3738c
Writing manifest to image destination
Storing signatures
[linux/amd64] [1/3] STEP 2/8: WORKDIR /opt/app-root
--> Using cache 100668934e90bb883cfb300a9afad3010848d09eeff9310c6b118b5d02e43324
--> 100668934e90
[linux/amd64] [1/3] STEP 3/8: USER 0
--> Using cache 40d51dae1f682cca419043159e4349d880e7793e067ccf0ea8f50cf9b37d7c70
--> 40d51dae1f68
[linux/amd64] [1/3] STEP 4/8: COPY web/package*.json web/
--> ce993f6cb581
[linux/amd64] [1/3] STEP 5/8: COPY Makefile Makefile
--> ec5cd5987c99
[linux/amd64] [1/3] STEP 6/8: RUN make install-frontend-ci-clean
cd web && npm ci --ignore-scripts --omit=optional
npm warn deprecated rimraf@3.0.2: Rimraf versions prior to v4 are no longer supported
npm warn deprecated popper.js@1.16.1: You can find the new Popper v2 at @popperjs/core, this package is dedicated to the legacy v1
npm warn deprecated inflight@1.0.6: This module is not supported, and leaks memory. Do not use it. Check out lru-cache if you want a good and tested way to coalesce async requests by a key value, which is much more comprehensive and powerful.
npm warn deprecated glob@7.2.3: Glob versions prior to v9 are no longer supported
npm warn deprecated eslint@8.57.1: This version is no longer supported. Please see https://eslint.org/version-support for other options.
npm warn deprecated @humanwhocodes/object-schema@2.0.3: Use @eslint/object-schema instead
npm warn deprecated @humanwhocodes/config-array@0.13.0: Use @eslint/config-array instead
npm warn deprecated rimraf@2.7.1: Rimraf versions prior to v4 are no longer supported

added 1811 packages, and audited 1812 packages in 1m

313 packages are looking for funding
  run `npm fund` for details

49 vulnerabilities (2 low, 38 moderate, 8 high, 1 critical)

To address issues that do not require attention, run:
  npm audit fix

To address all issues (including breaking changes), run:
  npm audit fix --force

Run `npm audit` for details.
cd web && npm cache clean --force
npm warn using --force Recommended protections disabled.
--> fdd498743bfd
[linux/amd64] [1/3] STEP 7/8: COPY web/ web/
--> 25dc929cd107
[linux/amd64] [1/3] STEP 8/8: RUN make build-frontend
cd web && npm run build

> distributed-tracing-console-plugin@1.0.0 build
> npm run clean && NODE_ENV=production npm run webpack


> distributed-tracing-console-plugin@1.0.0 clean
> rm -rf dist


> distributed-tracing-console-plugin@1.0.0 webpack
> node -r ts-node/register ./node_modules/.bin/webpack

assets by path assets/ 1.27 MiB
  assets by path assets/*.woff 740 KiB 42 assets
  assets by path assets/*.woff2 565 KiB
    asset assets/inter-latin-ext-600-normal..woff2 35.4 KiB [emitted] [from: ../node_modules/@fontsource/inter/files/inter-latin-ext-600-normal.woff2] (auxiliary id hint: vendors)
    asset assets/inter-latin-ext-700-normal..woff2 35.4 KiB [emitted] [from: ../node_modules/@fontsource/inter/files/inter-latin-ext-700-normal.woff2] (auxiliary id hint: vendors)
    + 40 assets
assets by path *.js 3.28 MiB
  assets by chunk 2.92 MiB (id hint: vendors)
    asset 1907-chunk-a659e32230067e72d6a9.min.js 2.61 MiB [emitted] [immutable] [minimized] [big] (id hint: vendors) 1 related asset
    asset 3864-chunk-29ef05162fade1526552.min.js 121 KiB [emitted] [immutable] [minimized] (id hint: vendors) 1 related asset
    asset 9252-chunk-7a4ebe4030b397b180f5.min.js 40.1 KiB [emitted] [immutable] [minimized] (id hint: vendors)
    + 9 assets
  + 67 assets
asset locales/en/plugin__distributed-tracing-console-plugin.json 4.29 KiB [emitted] [from: ../locales/en/plugin__distributed-tracing-console-plugin.json] [copied]
asset plugin-manifest.json 895 bytes [emitted]
orphan modules 21.9 MiB [orphan] 13317 modules
runtime modules 34.7 KiB 14 modules
built modules 10.2 MiB (javascript) 1.27 MiB (asset) 1.6 KiB (consume-shared) 1.39 KiB (share-init) [built]
  javascript modules 10.2 MiB 721 modules
  asset modules 1.27 MiB (asset) 3.45 KiB (javascript)
    modules by path ../node_modules/@fontsource/inter/files/*.woff2 565 KiB (asset) 1.72 KiB (javascript) 42 modules
    modules by path ../node_modules/@fontsource/inter/files/*.woff 740 KiB (asset) 1.72 KiB (javascript) 42 modules
  consume-shared-module modules 1.6 KiB
    modules by path consume shared module (default) @patternfly/ 1.39 KiB 34 modules
    + 5 modules
  provide-module modules 1.39 KiB
    modules by path provide shared module (default) @patternfly/react-core/dist/dynamic/ 924 bytes 22 modules
    modules by path provide shared module (default) @patternfly/react-icons/dist/dynamic/icons/ 504 bytes 12 modules

WARNING in asset size limit: The following asset(s) exceed the recommended size limit (244 KiB).
This can impact web performance.
Assets: 
  1907-chunk-a659e32230067e72d6a9.min.js (2.61 MiB)

webpack 5.105.3 compiled with 1 warning in 105100 ms
--> 53fe6511fc87
[linux/arm64] [2/3] STEP 1/11: FROM brew.registry.redhat.io/rh-osbs/openshift-golang-builder:rhel_9_1.25 AS go-builder
[linux/arm64] [2/3] STEP 2/11: WORKDIR /opt/app-root
--> Using cache 5c4c49ee91d3c4d2cf4683ac80fc91be4b68f60b42da036d8587500d28f5518c
--> 5c4c49ee91d3
[linux/arm64] [2/3] STEP 3/11: COPY Makefile Makefile
--> Using cache ede43e6a41c6347abbcb70ba9b4f7ecf307ebfb8bccba5ebd1be565c18b8cc00
--> ede43e6a41c6
[linux/arm64] [2/3] STEP 4/11: COPY go.mod go.mod
--> Using cache 20708e564e6167a542c309e337a80955e67ebb46999bd1cf95f23c8fcaac453d
--> 20708e564e61
[linux/arm64] [2/3] STEP 5/11: COPY go.sum go.sum
--> Using cache 50b5f22cc62bb92191261eb69dfc5ced761ccde8173597641f3d1a9aa51323dc
--> 50b5f22cc62b
[linux/arm64] [2/3] STEP 6/11: RUN go mod download
--> Using cache 3e664d1815a39b1c969747f04b0450a5726580d966dc5a3baff8c66edbe02450
--> 3e664d1815a3
[linux/arm64] [2/3] STEP 7/11: COPY cmd/ cmd/
--> Using cache a4ca3c6a32f0375fcfd14b19712bffc6f3ab2ff1060c21a02dc9aa8c71d2f346
--> a4ca3c6a32f0
[linux/arm64] [2/3] STEP 8/11: COPY pkg/ pkg/
--> Using cache 76ed69b51e83618f861d432ba40b2e72c63f1404c87d6f2c2761fd33200226c0
--> 76ed69b51e83
[linux/arm64] [2/3] STEP 9/11: ENV GOEXPERIMENT=strictfipsruntime
--> Using cache dcb2d778db8f8bea648315a25e4306fe4c61aaa4a434a8735b581140e474df21
--> dcb2d778db8f
[linux/arm64] [2/3] STEP 10/11: ENV CGO_ENABLED=1
--> Using cache 3aa2e3bbbd29032e96d8182750c8b1b825c7ce01ced8681fd24886bbe13704b6
--> 3aa2e3bbbd29
[linux/arm64] [2/3] STEP 11/11: RUN make build-backend BUILD_OPTS="-tags strictfipsruntime"
--> Using cache 22aedeb36a18aab7a7f4db4641b210c177e9cbb28064b514b196eab7b2bcb790
--> 22aedeb36a18
[linux/amd64] [2/3] STEP 1/11: FROM brew.registry.redhat.io/rh-osbs/openshift-golang-builder:rhel_9_1.25 AS go-builder
Trying to pull brew.registry.redhat.io/rh-osbs/openshift-golang-builder:rhel_9_1.25...
Getting image source signatures
Copying blob sha256:07b4b7296fb976a7b266e7a81c8e2cef5b0047bd20db6025d084fb8b608e05ed
Copying blob sha256:cb8cee91bb10a151d5f47bfaeade03a136feecdd326326b1bb7ffb26c45f6de8
Copying config sha256:e218eae4db33b56e53cba7f172626764546c2a49403ee52a4a6779724a202367
Writing manifest to image destination
[linux/amd64] [2/3] STEP 2/11: WORKDIR /opt/app-root
--> Using cache f5655b971b8e5def314c8de62517bac535c5bfd5e404bc30cae8b22d64cdba12
--> f5655b971b8e
[linux/amd64] [2/3] STEP 3/11: COPY Makefile Makefile
--> Using cache 959b7a8cef742fbb85358fdb5f8d192f5461afbc42cca1bad33edf55a0bcf393
--> 959b7a8cef74
[linux/amd64] [2/3] STEP 4/11: COPY go.mod go.mod
--> Using cache 0cf56a9bc78729b750033f601b0ab8c73236f596d64ec0dcce60093a98f0f01f
--> 0cf56a9bc787
[linux/amd64] [2/3] STEP 5/11: COPY go.sum go.sum
--> Using cache 110ee6de1cc2799158eeaa73a69e175ab9f8693366a49d7ca829618ec22a3f44
--> 110ee6de1cc2
[linux/amd64] [2/3] STEP 6/11: RUN go mod download
--> Using cache e0d28352256dce0af49710054df4e14b4da299c03071db8062269c44d883f95a
--> e0d28352256d
[linux/amd64] [2/3] STEP 7/11: COPY cmd/ cmd/
--> Using cache 1daf0027a076d917cdfb1365fd7abd235223efaa2efa35cda48dc36a750042c8
--> 1daf0027a076
[linux/amd64] [2/3] STEP 8/11: COPY pkg/ pkg/
--> Using cache a075d1601d6fe2330012d801b7f09ee35611706003b68a05df60fad9bd423893
--> a075d1601d6f
[linux/amd64] [2/3] STEP 9/11: ENV GOEXPERIMENT=strictfipsruntime
--> Using cache 728997c015d7a065290840eae49cafb07d1d9873baeadb28bfb3dbafc489a93d
--> 728997c015d7
[linux/amd64] [2/3] STEP 10/11: ENV CGO_ENABLED=1
--> Using cache 40233c1e82e5ae081d46581b1fd436b15129ae21c59be6041bf39a0f5fa527e8
--> 40233c1e82e5
[linux/amd64] [2/3] STEP 11/11: RUN make build-backend BUILD_OPTS="-tags strictfipsruntime"
--> Using cache a6aa65893023809ad529e27c1cae544729af6b0527c369d01dc4ddc5abefd9bd
--> a6aa65893023
[linux/arm64] [3/3] STEP 1/4: FROM registry.access.redhat.com/ubi9/ubi-minimal
Trying to pull registry.access.redhat.com/ubi9/ubi-minimal:latest...
Getting image source signatures
Checking if image destination supports signatures
Copying blob sha256:06005d885e6ce6c0708c4294316153d2de40b8859a131bbba11795c4f1e5eb71
Copying config sha256:ea3bce457a2c31c50e142616d6ee41379ad84976306f88b36bfad9ec4344a41f
Writing manifest to image destination
Storing signatures
[linux/arm64] [3/3] STEP 2/4: COPY --from=web-builder /opt/app-root/web/dist /opt/app-root/web/dist
--> 1ba290a6da82
[linux/arm64] [3/3] STEP 3/4: COPY --from=go-builder /opt/app-root/plugin-backend /opt/app-root
--> 177cfffd417d
[linux/arm64] [3/3] STEP 4/4: ENTRYPOINT ["/opt/app-root/plugin-backend", "-static-path", "/opt/app-root/web/dist", "-config-path", "/opt/app-root/web/dist"]
[linux/arm64] [3/3] COMMIT
--> d82443a8d8cc
[linux/amd64] [3/3] STEP 1/4: FROM registry.access.redhat.com/ubi9/ubi-minimal
d82443a8d8cc5d571ebc793eecd72a8c30df5e806f83957596f11348d3bb49b2
Trying to pull registry.access.redhat.com/ubi9/ubi-minimal:latest...
Getting image source signatures
Checking if image destination supports signatures
Copying blob sha256:48538841ca5147d36a25e82713e079413d3c2a137f5ea5df68a1c5da1e3a677e
Copying config sha256:c5116dbb022c512f0c97d135ddcca0f5545090f696fa2d17f338ce72cf9c76a2
Writing manifest to image destination
Storing signatures
[linux/amd64] [3/3] STEP 2/4: COPY --from=web-builder /opt/app-root/web/dist /opt/app-root/web/dist
--> 5beab2aae222
[linux/amd64] [3/3] STEP 3/4: COPY --from=go-builder /opt/app-root/plugin-backend /opt/app-root
--> 8f1ffd7ef61e
[linux/amd64] [3/3] STEP 4/4: ENTRYPOINT ["/opt/app-root/plugin-backend", "-static-path", "/opt/app-root/web/dist", "-config-path", "/opt/app-root/web/dist"]
[linux/amd64] [3/3] COMMIT
--> da12437d9015
da12437d9015f2b3f9abc454ae3c4ffd7231700dfa45657678f19af4d15e4ad1
podman manifest push quay.io/openshift-observability-ui/distributed-tracing-console-plugin:v1.0.3
Getting image list signatures
Copying 2 images generated from 2 images in list
Copying image sha256:feced8e611436918a847db7792b100e37ec38dea99bab3fa6f8d457ce614381e (1/2)
Getting image source signatures
Copying blob sha256:2b98029316c854dbd0fcb931568e76e8e0762b1c092546d1da4d61c9640c55a5
Copying blob sha256:4295780a94d174d8da1dc4dd7ff0e754ca6c4dcbd2463f65316ad025beb87b00
Copying blob sha256:595c19bbe64bd6df270e2fcd1895164ce078034b8532310f8428cc76b0ebe338
Copying config sha256:d82443a8d8cc5d571ebc793eecd72a8c30df5e806f83957596f11348d3bb49b2
Writing manifest to image destination
Copying image sha256:44332b9ae0abc6163525188c38d20ff28f73742662d9eb1dfbba11f5df98f264 (2/2)
Getting image source signatures
Copying blob sha256:800e67cd3dbb7ecb55ef7706588ff2285d08399a6d33453d3b5fb54955fcff4e
Copying blob sha256:406a5ccd80c6331e8a03b3635a6436c032d410194d791a4b7d512c1b1cf9d4ef
Copying blob sha256:6367277364ab4bb313ac713a02e359c567741e49540a611a1a91c5b60ffa774c
Copying config sha256:da12437d9015f2b3f9abc454ae3c4ffd7231700dfa45657678f19af4d15e4ad1
Writing manifest to image destination
Writing manifest list to image destination
Storing list signatures
==========================================
Building troubleshooting-panel-console-plugin @ release-coo-ocp-4.19 with VERSION=v0.4.5 ORG=openshift-observability-ui
==========================================
Switched to branch 'release-coo-ocp-4.19'
Your branch is up to date with 'origin/release-coo-ocp-4.19'.
From https://github.com/openshift/troubleshooting-panel-console-plugin
 * branch            release-coo-ocp-4.19 -> FETCH_HEAD
Already up to date.
--- Attempt 1/3 ---
podman manifest rm quay.io/openshift-observability-ui/troubleshooting-panel-console-plugin:v0.4.5 || true
Error: quay.io/openshift-observability-ui/troubleshooting-panel-console-plugin:v0.4.5: image not known
podman manifest create quay.io/openshift-observability-ui/troubleshooting-panel-console-plugin:v0.4.5
d0e526069c45b2fdfc4a49e5a726895a7659b0c9b7040ff07076ce637e3ba297
podman build --platform=linux/arm64,linux/amd64 --manifest quay.io/openshift-observability-ui/troubleshooting-panel-console-plugin:v0.4.5 -f Dockerfile
[linux/amd64] [1/3] STEP 1/8: FROM registry.access.redhat.com/ubi8/nodejs-22:latest AS web-builder
Trying to pull registry.access.redhat.com/ubi8/nodejs-22:latest...
Getting image source signatures
Checking if image destination supports signatures
Copying blob sha256:d94b7f2d9d19987c602209c1ca7a5079ecb05168dbcf6c0c2a67e55808e6bb05
Copying blob sha256:245f1b069b431ca5b78c4eaff28999c523feb10acce56458483315e822a73edb
Copying blob sha256:058fb0f09035753ae475f735e832016dc02d8f9358ef9a3a6dd62cbbe9939b2c
Copying config sha256:7e191c97832b39d7994f1410689998ba37e1bc64c5b3457acb9ba3a6b4f3738c
Writing manifest to image destination
Storing signatures
[linux/amd64] [1/3] STEP 2/8: WORKDIR /opt/app-root
--> Using cache 100668934e90bb883cfb300a9afad3010848d09eeff9310c6b118b5d02e43324
--> 100668934e90
[linux/amd64] [1/3] STEP 3/8: USER 0
--> Using cache 40d51dae1f682cca419043159e4349d880e7793e067ccf0ea8f50cf9b37d7c70
--> 40d51dae1f68
[linux/amd64] [1/3] STEP 4/8: COPY web/package*.json web/
--> 8c503942109a
[linux/amd64] [1/3] STEP 5/8: COPY Makefile Makefile
--> 15fe299b5d39
[linux/amd64] [1/3] STEP 6/8: RUN make install-frontend
cd web && npm install
npm warn deprecated whatwg-encoding@3.1.1: Use @exodus/bytes instead for a more spec-conformant and faster implementation
npm warn deprecated rimraf@3.0.2: Rimraf versions prior to v4 are no longer supported
npm warn deprecated popper.js@1.16.1: You can find the new Popper v2 at @popperjs/core, this package is dedicated to the legacy v1
npm warn deprecated inflight@1.0.6: This module is not supported, and leaks memory. Do not use it. Check out lru-cache if you want a good and tested way to coalesce async requests by a key value, which is much more comprehensive and powerful.
npm warn deprecated glob@7.2.3: Glob versions prior to v9 are no longer supported
npm warn deprecated domexception@4.0.0: Use your platform's native DOMException instead
npm warn deprecated eslint@8.57.1: This version is no longer supported. Please see https://eslint.org/version-support for other options.
npm warn deprecated abab@2.0.6: Use your platform's native atob() and btoa() methods instead
npm warn deprecated @humanwhocodes/object-schema@2.0.3: Use @eslint/object-schema instead
npm warn deprecated @humanwhocodes/config-array@0.13.0: Use @eslint/config-array instead
npm warn deprecated @fortawesome/react-fontawesome@0.2.6: v0.2.x is no longer supported. Unless you are still using FontAwesome 5, please update to v3.1.1 or greater.
npm warn deprecated whatwg-encoding@2.0.0: Use @exodus/bytes instead for a more spec-conformant and faster implementation
npm warn deprecated whatwg-encoding@2.0.0: Use @exodus/bytes instead for a more spec-conformant and faster implementation

added 1696 packages, and audited 1697 packages in 2m

297 packages are looking for funding
  run `npm fund` for details

59 vulnerabilities (3 low, 39 moderate, 15 high, 2 critical)

To address issues that do not require attention, run:
  npm audit fix

To address all issues (including breaking changes), run:
  npm audit fix --force

Run `npm audit` for details.
--> 8080b78a5d3e
[linux/amd64] [1/3] STEP 7/8: COPY web/ web/
--> a783b5584b42
[linux/amd64] [1/3] STEP 8/8: RUN make build-frontend
cd web && npm run lint && npm run lint:tsc

> troubleshooting-panel-console-plugin@0.4.0 lint
> eslint ./src --fix &&  stylelint "src/**/*.css" --allow-empty-input --fix


> troubleshooting-panel-console-plugin@0.4.0 lint:tsc
> tsc --noEmit

cd web && npm run i18n && npm run build

> troubleshooting-panel-console-plugin@0.4.0 i18n
> i18n-scripts/build-i18n.sh && node i18n-scripts/set-english-defaults.js

+ FILE_PATTERN='{!(dist|node_modules)/**/*.{js,jsx,ts,tsx,json},*.{js,jsx,ts,tsx,json}}'
+ i18next '{!(dist|node_modules)/**/*.{js,jsx,ts,tsx,json},*.{js,jsx,ts,tsx,json}}' '[-oc]' -c ./i18next-parser.config.js -o 'locales/$LOCALE/$NAMESPACE.json'

  i18next Parser
  --------------
  Input:  {!(dist|node_modules)/**/*.{js,jsx,ts,tsx,json},*.{js,jsx,ts,tsx,json}}, [-oc]
  Output: locales/$LOCALE/$NAMESPACE.json

  [read]    /opt/app-root/web/console-extensions.json
  [read]    /opt/app-root/web/cypress.config.ts
  [read]    /opt/app-root/web/cypress/e2e/acceptance.cy.ts
  [read]    /opt/app-root/web/cypress/fixtures/data-test.ts
  [read]    /opt/app-root/web/cypress/support/commands/auth-commands.ts
  [read]    /opt/app-root/web/cypress/support/commands/env.ts
  [read]    /opt/app-root/web/cypress/support/commands/selector-commands.ts
  [read]    /opt/app-root/web/cypress/support/commands/troubeshoot-commands.ts
  [read]    /opt/app-root/web/cypress/support/commands/utility-commands.ts
  [read]    /opt/app-root/web/cypress/support/e2e.ts
  [read]    /opt/app-root/web/cypress/tsconfig.json
  [read]    /opt/app-root/web/cypress/views/nav.ts
  [read]    /opt/app-root/web/cypress/views/tour.ts
  [read]    /opt/app-root/web/cypress/views/utils.ts
  [read]    /opt/app-root/web/i18n-scripts/common.js
  [read]    /opt/app-root/web/i18n-scripts/set-english-defaults.js
  [read]    /opt/app-root/web/i18next-parser.config.js
  [read]    /opt/app-root/web/jest.config.js
  [read]    /opt/app-root/web/locales/en/plugin__troubleshooting-panel-console-plugin.json
  [read]    /opt/app-root/web/package-lock.json
  [read]    /opt/app-root/web/package.json
  [read]    /opt/app-root/web/src/__tests__/alert.spec.ts
  [read]    /opt/app-root/web/src/__tests__/all-domains.spec.ts
  [read]    /opt/app-root/web/src/__tests__/icons-preview.spec.tsx
  [read]    /opt/app-root/web/src/__tests__/k8s.spec.ts
  [read]    /opt/app-root/web/src/__tests__/log.spec.ts
  [read]    /opt/app-root/web/src/__tests__/metric.spec.ts
  [read]    /opt/app-root/web/src/__tests__/netflow.spec.ts
  [read]    /opt/app-root/web/src/__tests__/time.spec.ts
  [read]    /opt/app-root/web/src/__tests__/trace.spec.ts
  [read]    /opt/app-root/web/src/__tests__/types.spec.ts
  [read]    /opt/app-root/web/src/cancellable-fetch.ts
  [read]    /opt/app-root/web/src/components/AdvancedSearchForm.tsx
  [read]    /opt/app-root/web/src/components/DateTimePicker.tsx
  [read]    /opt/app-root/web/src/components/DateTimeRangePicker.tsx
  [read]    /opt/app-root/web/src/components/HelpPopover.tsx
  [read]    /opt/app-root/web/src/components/icons.tsx
  [read]    /opt/app-root/web/src/components/Korrel8rPanel.tsx
  [read]    /opt/app-root/web/src/components/KubernetesIcon.tsx
  [read]    /opt/app-root/web/src/components/NullContextProvider.tsx
  [read]    /opt/app-root/web/src/components/Popover.tsx
  [read]    /opt/app-root/web/src/components/TimeRangeDropdown.tsx
  [warning] Key is not a string literal
  [read]    /opt/app-root/web/src/components/TimeUnitPicker.tsx
  [read]    /opt/app-root/web/src/components/topology/Korrel8rTopology.tsx
  [read]    /opt/app-root/web/src/getResources.ts
  [read]    /opt/app-root/web/src/hooks/useBoolean.ts
  [read]    /opt/app-root/web/src/hooks/useDomains.tsx
  [read]    /opt/app-root/web/src/hooks/useKorrel8r.ts
  [read]    /opt/app-root/web/src/hooks/useLocationQuery.ts
  [read]    /opt/app-root/web/src/hooks/useNavigateToQuery.ts
  [read]    /opt/app-root/web/src/hooks/usePluginAvailable.ts
  [read]    /opt/app-root/web/src/hooks/usePopover.tsx
  [read]    /opt/app-root/web/src/hooks/useTroubleshootingPanel.tsx
  [read]    /opt/app-root/web/src/korrel8r-client.ts
  [read]    /opt/app-root/web/src/korrel8r/alert.ts
  [read]    /opt/app-root/web/src/korrel8r/all-domains.ts
  [read]    /opt/app-root/web/src/korrel8r/client/core/ApiError.ts
  [read]    /opt/app-root/web/src/korrel8r/client/core/ApiRequestOptions.ts
  [read]    /opt/app-root/web/src/korrel8r/client/core/ApiResult.ts
  [read]    /opt/app-root/web/src/korrel8r/client/core/BaseHttpRequest.ts
  [read]    /opt/app-root/web/src/korrel8r/client/core/CancelablePromise.ts
  [read]    /opt/app-root/web/src/korrel8r/client/core/FetchHttpRequest.ts
  [read]    /opt/app-root/web/src/korrel8r/client/core/OpenAPI.ts
  [read]    /opt/app-root/web/src/korrel8r/client/core/request.ts
  [read]    /opt/app-root/web/src/korrel8r/client/index.ts
  [read]    /opt/app-root/web/src/korrel8r/client/Korrel8rClient.ts
  [read]    /opt/app-root/web/src/korrel8r/client/models/Constraint.ts
  [read]    /opt/app-root/web/src/korrel8r/client/models/Domain.ts
  [read]    /opt/app-root/web/src/korrel8r/client/models/Edge.ts
  [read]    /opt/app-root/web/src/korrel8r/client/models/Goals.ts
  [read]    /opt/app-root/web/src/korrel8r/client/models/Graph.ts
  [read]    /opt/app-root/web/src/korrel8r/client/models/Neighbours.ts
  [read]    /opt/app-root/web/src/korrel8r/client/models/Node.ts
  [read]    /opt/app-root/web/src/korrel8r/client/models/QueryCount.ts
  [read]    /opt/app-root/web/src/korrel8r/client/models/Rule.ts
  [read]    /opt/app-root/web/src/korrel8r/client/models/Start.ts
  [read]    /opt/app-root/web/src/korrel8r/client/models/Store.ts
  [read]    /opt/app-root/web/src/korrel8r/client/services/DefaultService.ts
  [read]    /opt/app-root/web/src/korrel8r/k8s.ts
  [read]    /opt/app-root/web/src/korrel8r/log.ts
  [read]    /opt/app-root/web/src/korrel8r/metric.ts
  [read]    /opt/app-root/web/src/korrel8r/netflow.ts
  [read]    /opt/app-root/web/src/korrel8r/trace.ts
  [read]    /opt/app-root/web/src/korrel8r/types.ts
  [read]    /opt/app-root/web/src/redux-actions.ts
  [read]    /opt/app-root/web/src/redux-reducers.ts
  [read]    /opt/app-root/web/src/time.ts
  [read]    /opt/app-root/web/tsconfig.json
  [read]    /opt/app-root/web/webpack.config.ts
  [write]   /opt/app-root/web/locales/en/plugin__troubleshooting-panel-console-plugin.json

  Stats:  89 files were parsed

> troubleshooting-panel-console-plugin@0.4.0 build
> npm run clean && npm run ts-node node_modules/.bin/webpack


> troubleshooting-panel-console-plugin@0.4.0 clean
> rm -rf dist


> troubleshooting-panel-console-plugin@0.4.0 ts-node
> ts-node -O '{"module":"commonjs"}' node_modules/.bin/webpack

assets by path *.js 4.38 MiB
  assets by chunk 3.5 MiB (id hint: vendors)
    asset vendors-node_modules_fortawesome_react-fontawesome_index_es_js-node_modules_patternfly_react--e1c2c2-chunk.js 1.26 MiB [emitted] (id hint: vendors) 1 related asset
    asset vendors-node_modules_patternfly_react-core_dist_esm_helpers_Popper_Popper_js-chunk.js 1.04 MiB [emitted] (id hint: vendors) 1 related asset
    asset vendors-node_modules_immutable_dist_immutable_es_js-node_modules_typesafe-actions_dist_typesa-cdf261-chunk.js 183 KiB [emitted] (id hint: vendors) 1 related asset
    asset vendors-node_modules_openshift-console_dynamic-plugin-sdk_lib_utils_fetch_console-fetch-utils-7ba8c2-chunk.js 161 KiB [emitted] (id hint: vendors) 1 related asset
    asset vendors-node_modules_patternfly_react-core_dist_esm_components_DatePicker_index_js-chunk.js 94.8 KiB [emitted] (id hint: vendors) 1 related asset
    asset vendors-node_modules_patternfly_react-core_dist_esm_components_Menu_Menu_js-node_modules_patt-b35725-chunk.js 90.8 KiB [emitted] (id hint: vendors) 1 related asset
    asset vendors-node_modules_patternfly_react-core_dist_esm_helpers_FocusTrap_FocusTrap_js-node_modul-246622-chunk.js 80.1 KiB [emitted] (id hint: vendors) 1 related asset
    asset vendors-node_modules_patternfly_react-core_dist_esm_components_Form_index_js-chunk.js 63.3 KiB [emitted] (id hint: vendors) 1 related asset
    asset vendors-node_modules_patternfly_react-core_dist_esm_components_TimePicker_index_js-chunk.js 56.3 KiB [emitted] (id hint: vendors) 1 related asset
    + 13 assets
  + 76 assets
asset locales/en/plugin__troubleshooting-panel-console-plugin.json 3.35 KiB [emitted] [from: ../locales/en/plugin__troubleshooting-panel-console-plugin.json] [copied]
asset plugin-manifest.json 1.19 KiB [emitted]
orphan modules 13 KiB [orphan] 47 modules
runtime modules 81.9 KiB 12 modules
javascript modules 3.04 MiB 362 modules
consume-shared-module modules 1.89 KiB
  modules by path consume shared module (default) @patternfly/ 1.68 KiB 41 modules
  + 5 modules
provide-module modules 1.64 KiB
  modules by path provide shared module (default) @patternfly/react-core/dist/dynamic/ 1.11 KiB 27 modules
  modules by path provide shared module (default) @patternfly/react-icons/dist/dynamic/icons/ 546 bytes
    provide shared module (default) @patternfly/react-icons/dist/dynamic/icons/atten...(truncated) 42 bytes [built] [code generated]
    provide shared module (default) @patternfly/react-icons/dist/dynamic/icons/clust...(truncated) 42 bytes [built] [code generated]
    + 11 modules
../node_modules/@fortawesome/fontawesome-svg-core/package.json 1.39 KiB [optional] [built] [code generated]

LOG from @openshift-console/dynamic-plugin-sdk-webpack/lib/webpack/loaders/dynamic-module-import-loader ../node_modules/ts-loader/index.js??ruleSet[1].rules[0].use[0]!./components/KubernetesIcon.tsx
<w> Non-index and non-dynamic module import @patternfly/react-icons/dist/esm/createIcon

webpack 5.104.1 compiled successfully in 21049 ms
--> 537436969b9a
[linux/arm64] [1/3] STEP 1/8: FROM registry.access.redhat.com/ubi8/nodejs-22:latest AS web-builder
Trying to pull registry.access.redhat.com/ubi8/nodejs-22:latest...
Getting image source signatures
Checking if image destination supports signatures
Copying blob sha256:9c0a1793084e9a11fba44a68c11220888008122bcbd5eb894963d70e555d75bc
Copying blob sha256:da55729cf854875cad7acdff202838b9dc44af2d7ba920c233669c98a9d9e22b
Copying blob sha256:3a146b9530838c8893e87ec7c60bb8a046d3cad63e4376bb9ee693ab88523c6a
Copying config sha256:bd54fb813d8ac1e5eb0bdb590f5224bdea51d73dc894175becf54135db7c6621
Writing manifest to image destination
Storing signatures
[linux/arm64] [1/3] STEP 2/8: WORKDIR /opt/app-root
--> Using cache e3bb7c09413c78a7bc6f54db05f03ff8e9b49d23a5893a75a454f6be867aa9b9
--> e3bb7c09413c
[linux/arm64] [1/3] STEP 3/8: USER 0
--> Using cache 7b306745faf5a9850cdb5035a74be4de205d419c4e18e4b4728f0fd848285374
--> 7b306745faf5
[linux/arm64] [1/3] STEP 4/8: COPY web/package*.json web/
--> c5d45a4318e6
[linux/arm64] [1/3] STEP 5/8: COPY Makefile Makefile
--> f1b4ef8e3a02
[linux/arm64] [1/3] STEP 6/8: RUN make install-frontend
cd web && npm install
npm warn deprecated whatwg-encoding@3.1.1: Use @exodus/bytes instead for a more spec-conformant and faster implementation
npm warn deprecated rimraf@3.0.2: Rimraf versions prior to v4 are no longer supported
npm warn deprecated popper.js@1.16.1: You can find the new Popper v2 at @popperjs/core, this package is dedicated to the legacy v1
npm warn deprecated inflight@1.0.6: This module is not supported, and leaks memory. Do not use it. Check out lru-cache if you want a good and tested way to coalesce async requests by a key value, which is much more comprehensive and powerful.
npm warn deprecated glob@7.2.3: Glob versions prior to v9 are no longer supported
npm warn deprecated domexception@4.0.0: Use your platform's native DOMException instead
npm warn deprecated eslint@8.57.1: This version is no longer supported. Please see https://eslint.org/version-support for other options.
npm warn deprecated abab@2.0.6: Use your platform's native atob() and btoa() methods instead
npm warn deprecated @humanwhocodes/object-schema@2.0.3: Use @eslint/object-schema instead
npm warn deprecated @humanwhocodes/config-array@0.13.0: Use @eslint/config-array instead
npm warn deprecated @fortawesome/react-fontawesome@0.2.6: v0.2.x is no longer supported. Unless you are still using FontAwesome 5, please update to v3.1.1 or greater.
npm warn deprecated whatwg-encoding@2.0.0: Use @exodus/bytes instead for a more spec-conformant and faster implementation
npm warn deprecated whatwg-encoding@2.0.0: Use @exodus/bytes instead for a more spec-conformant and faster implementation

added 1696 packages, and audited 1697 packages in 1m

297 packages are looking for funding
  run `npm fund` for details

59 vulnerabilities (3 low, 39 moderate, 15 high, 2 critical)

To address issues that do not require attention, run:
  npm audit fix

To address all issues (including breaking changes), run:
  npm audit fix --force

Run `npm audit` for details.
--> 93449a83629b
[linux/arm64] [1/3] STEP 7/8: COPY web/ web/
--> e7756050cd6f
[linux/arm64] [1/3] STEP 8/8: RUN make build-frontend
cd web && npm run lint && npm run lint:tsc

> troubleshooting-panel-console-plugin@0.4.0 lint
> eslint ./src --fix &&  stylelint "src/**/*.css" --allow-empty-input --fix


> troubleshooting-panel-console-plugin@0.4.0 lint:tsc
> tsc --noEmit

cd web && npm run i18n && npm run build

> troubleshooting-panel-console-plugin@0.4.0 i18n
> i18n-scripts/build-i18n.sh && node i18n-scripts/set-english-defaults.js

+ FILE_PATTERN='{!(dist|node_modules)/**/*.{js,jsx,ts,tsx,json},*.{js,jsx,ts,tsx,json}}'
+ i18next '{!(dist|node_modules)/**/*.{js,jsx,ts,tsx,json},*.{js,jsx,ts,tsx,json}}' '[-oc]' -c ./i18next-parser.config.js -o 'locales/$LOCALE/$NAMESPACE.json'

  i18next Parser
  --------------
  Input:  {!(dist|node_modules)/**/*.{js,jsx,ts,tsx,json},*.{js,jsx,ts,tsx,json}}, [-oc]
  Output: locales/$LOCALE/$NAMESPACE.json

  [read]    /opt/app-root/web/console-extensions.json
  [read]    /opt/app-root/web/cypress.config.ts
  [read]    /opt/app-root/web/cypress/e2e/acceptance.cy.ts
  [read]    /opt/app-root/web/cypress/fixtures/data-test.ts
  [read]    /opt/app-root/web/cypress/support/commands/auth-commands.ts
  [read]    /opt/app-root/web/cypress/support/commands/env.ts
  [read]    /opt/app-root/web/cypress/support/commands/selector-commands.ts
  [read]    /opt/app-root/web/cypress/support/commands/troubeshoot-commands.ts
  [read]    /opt/app-root/web/cypress/support/commands/utility-commands.ts
  [read]    /opt/app-root/web/cypress/support/e2e.ts
  [read]    /opt/app-root/web/cypress/tsconfig.json
  [read]    /opt/app-root/web/cypress/views/nav.ts
  [read]    /opt/app-root/web/cypress/views/tour.ts
  [read]    /opt/app-root/web/cypress/views/utils.ts
  [read]    /opt/app-root/web/i18n-scripts/common.js
  [read]    /opt/app-root/web/i18n-scripts/set-english-defaults.js
  [read]    /opt/app-root/web/i18next-parser.config.js
  [read]    /opt/app-root/web/jest.config.js
  [read]    /opt/app-root/web/locales/en/plugin__troubleshooting-panel-console-plugin.json
  [read]    /opt/app-root/web/package-lock.json
  [read]    /opt/app-root/web/package.json
  [read]    /opt/app-root/web/src/__tests__/alert.spec.ts
  [read]    /opt/app-root/web/src/__tests__/all-domains.spec.ts
  [read]    /opt/app-root/web/src/__tests__/icons-preview.spec.tsx
  [read]    /opt/app-root/web/src/__tests__/k8s.spec.ts
  [read]    /opt/app-root/web/src/__tests__/log.spec.ts
  [read]    /opt/app-root/web/src/__tests__/metric.spec.ts
  [read]    /opt/app-root/web/src/__tests__/netflow.spec.ts
  [read]    /opt/app-root/web/src/__tests__/time.spec.ts
  [read]    /opt/app-root/web/src/__tests__/trace.spec.ts
  [read]    /opt/app-root/web/src/__tests__/types.spec.ts
  [read]    /opt/app-root/web/src/cancellable-fetch.ts
  [read]    /opt/app-root/web/src/components/AdvancedSearchForm.tsx
  [read]    /opt/app-root/web/src/components/DateTimePicker.tsx
  [read]    /opt/app-root/web/src/components/DateTimeRangePicker.tsx
  [read]    /opt/app-root/web/src/components/HelpPopover.tsx
  [read]    /opt/app-root/web/src/components/icons.tsx
  [read]    /opt/app-root/web/src/components/Korrel8rPanel.tsx
  [read]    /opt/app-root/web/src/components/KubernetesIcon.tsx
  [read]    /opt/app-root/web/src/components/NullContextProvider.tsx
  [read]    /opt/app-root/web/src/components/Popover.tsx
  [read]    /opt/app-root/web/src/components/TimeRangeDropdown.tsx
  [warning] Key is not a string literal
  [read]    /opt/app-root/web/src/components/TimeUnitPicker.tsx
  [read]    /opt/app-root/web/src/components/topology/Korrel8rTopology.tsx
  [read]    /opt/app-root/web/src/getResources.ts
  [read]    /opt/app-root/web/src/hooks/useBoolean.ts
  [read]    /opt/app-root/web/src/hooks/useDomains.tsx
  [read]    /opt/app-root/web/src/hooks/useKorrel8r.ts
  [read]    /opt/app-root/web/src/hooks/useLocationQuery.ts
  [read]    /opt/app-root/web/src/hooks/useNavigateToQuery.ts
  [read]    /opt/app-root/web/src/hooks/usePluginAvailable.ts
  [read]    /opt/app-root/web/src/hooks/usePopover.tsx
  [read]    /opt/app-root/web/src/hooks/useTroubleshootingPanel.tsx
  [read]    /opt/app-root/web/src/korrel8r-client.ts
  [read]    /opt/app-root/web/src/korrel8r/alert.ts
  [read]    /opt/app-root/web/src/korrel8r/all-domains.ts
  [read]    /opt/app-root/web/src/korrel8r/client/core/ApiError.ts
  [read]    /opt/app-root/web/src/korrel8r/client/core/ApiRequestOptions.ts
  [read]    /opt/app-root/web/src/korrel8r/client/core/ApiResult.ts
  [read]    /opt/app-root/web/src/korrel8r/client/core/BaseHttpRequest.ts
  [read]    /opt/app-root/web/src/korrel8r/client/core/CancelablePromise.ts
  [read]    /opt/app-root/web/src/korrel8r/client/core/FetchHttpRequest.ts
  [read]    /opt/app-root/web/src/korrel8r/client/core/OpenAPI.ts
  [read]    /opt/app-root/web/src/korrel8r/client/core/request.ts
  [read]    /opt/app-root/web/src/korrel8r/client/index.ts
  [read]    /opt/app-root/web/src/korrel8r/client/Korrel8rClient.ts
  [read]    /opt/app-root/web/src/korrel8r/client/models/Constraint.ts
  [read]    /opt/app-root/web/src/korrel8r/client/models/Domain.ts
  [read]    /opt/app-root/web/src/korrel8r/client/models/Edge.ts
  [read]    /opt/app-root/web/src/korrel8r/client/models/Goals.ts
  [read]    /opt/app-root/web/src/korrel8r/client/models/Graph.ts
  [read]    /opt/app-root/web/src/korrel8r/client/models/Neighbours.ts
  [read]    /opt/app-root/web/src/korrel8r/client/models/Node.ts
  [read]    /opt/app-root/web/src/korrel8r/client/models/QueryCount.ts
  [read]    /opt/app-root/web/src/korrel8r/client/models/Rule.ts
  [read]    /opt/app-root/web/src/korrel8r/client/models/Start.ts
  [read]    /opt/app-root/web/src/korrel8r/client/models/Store.ts
  [read]    /opt/app-root/web/src/korrel8r/client/services/DefaultService.ts
  [read]    /opt/app-root/web/src/korrel8r/k8s.ts
  [read]    /opt/app-root/web/src/korrel8r/log.ts
  [read]    /opt/app-root/web/src/korrel8r/metric.ts
  [read]    /opt/app-root/web/src/korrel8r/netflow.ts
  [read]    /opt/app-root/web/src/korrel8r/trace.ts
  [read]    /opt/app-root/web/src/korrel8r/types.ts
  [read]    /opt/app-root/web/src/redux-actions.ts
  [read]    /opt/app-root/web/src/redux-reducers.ts
  [read]    /opt/app-root/web/src/time.ts
  [read]    /opt/app-root/web/tsconfig.json
  [read]    /opt/app-root/web/webpack.config.ts
  [write]   /opt/app-root/web/locales/en/plugin__troubleshooting-panel-console-plugin.json

  Stats:  89 files were parsed

> troubleshooting-panel-console-plugin@0.4.0 build
> npm run clean && npm run ts-node node_modules/.bin/webpack


> troubleshooting-panel-console-plugin@0.4.0 clean
> rm -rf dist


> troubleshooting-panel-console-plugin@0.4.0 ts-node
> ts-node -O '{"module":"commonjs"}' node_modules/.bin/webpack

assets by path *.js 4.38 MiB
  assets by chunk 3.5 MiB (id hint: vendors)
    asset vendors-node_modules_fortawesome_react-fontawesome_index_es_js-node_modules_patternfly_react--e1c2c2-chunk.js 1.26 MiB [emitted] (id hint: vendors) 1 related asset
    asset vendors-node_modules_patternfly_react-core_dist_esm_helpers_Popper_Popper_js-chunk.js 1.04 MiB [emitted] (id hint: vendors) 1 related asset
    asset vendors-node_modules_immutable_dist_immutable_es_js-node_modules_typesafe-actions_dist_typesa-cdf261-chunk.js 183 KiB [emitted] (id hint: vendors) 1 related asset
    asset vendors-node_modules_openshift-console_dynamic-plugin-sdk_lib_utils_fetch_console-fetch-utils-7ba8c2-chunk.js 161 KiB [emitted] (id hint: vendors) 1 related asset
    asset vendors-node_modules_patternfly_react-core_dist_esm_components_DatePicker_index_js-chunk.js 94.8 KiB [emitted] (id hint: vendors) 1 related asset
    asset vendors-node_modules_patternfly_react-core_dist_esm_components_Menu_Menu_js-node_modules_patt-b35725-chunk.js 90.8 KiB [emitted] (id hint: vendors) 1 related asset
    asset vendors-node_modules_patternfly_react-core_dist_esm_helpers_FocusTrap_FocusTrap_js-node_modul-246622-chunk.js 80.1 KiB [emitted] (id hint: vendors) 1 related asset
    asset vendors-node_modules_patternfly_react-core_dist_esm_components_Form_index_js-chunk.js 63.3 KiB [emitted] (id hint: vendors) 1 related asset
    asset vendors-node_modules_patternfly_react-core_dist_esm_components_TimePicker_index_js-chunk.js 56.3 KiB [emitted] (id hint: vendors) 1 related asset
    + 13 assets
  + 76 assets
asset locales/en/plugin__troubleshooting-panel-console-plugin.json 3.35 KiB [emitted] [from: ../locales/en/plugin__troubleshooting-panel-console-plugin.json] [copied]
asset plugin-manifest.json 1.19 KiB [emitted]
orphan modules 13 KiB [orphan] 47 modules
runtime modules 81.9 KiB 12 modules
javascript modules 3.04 MiB 362 modules
consume-shared-module modules 1.89 KiB
  modules by path consume shared module (default) @patternfly/ 1.68 KiB 41 modules
  + 5 modules
provide-module modules 1.64 KiB
  modules by path provide shared module (default) @patternfly/react-core/dist/dynamic/ 1.11 KiB 27 modules
  modules by path provide shared module (default) @patternfly/react-icons/dist/dynamic/icons/ 546 bytes
    provide shared module (default) @patternfly/react-icons/dist/dynamic/icons/atten...(truncated) 42 bytes [built] [code generated]
    provide shared module (default) @patternfly/react-icons/dist/dynamic/icons/clust...(truncated) 42 bytes [built] [code generated]
    + 11 modules
../node_modules/@fortawesome/fontawesome-svg-core/package.json 1.39 KiB [optional] [built] [code generated]

LOG from @openshift-console/dynamic-plugin-sdk-webpack/lib/webpack/loaders/dynamic-module-import-loader ../node_modules/ts-loader/index.js??ruleSet[1].rules[0].use[0]!./components/KubernetesIcon.tsx
<w> Non-index and non-dynamic module import @patternfly/react-icons/dist/esm/createIcon

webpack 5.104.1 compiled successfully in 14484 ms
--> cbc2e29a4456
[linux/amd64] [2/3] STEP 1/11: FROM registry.ci.openshift.org/ocp/builder:rhel-8-golang-1.24-openshift-4.20 AS go-builder
Trying to pull registry.ci.openshift.org/ocp/builder:rhel-8-golang-1.24-openshift-4.20...
Getting image source signatures
Copying blob sha256:3fb2044d96a1bb27cfa47616e6bd80e567dff87998ea844eb6f7fd8887e30712
Copying blob sha256:c7965aa7086045a59bdb113a1fb8a19d7ccf7af4133e59af8ecefd39cda8e0b1
Copying blob sha256:32a0db6672d42bc2f63fa6c620bf354f141c2478d6ea69c2363fc3ae82cf9448
Copying config sha256:19b3b16445932ab238eae5085e0e71799e01ed9b636499f349deb67748a52a3d
Writing manifest to image destination
[linux/amd64] [2/3] STEP 2/11: WORKDIR /opt/app-root
--> Using cache c50735884734d2331c9cb810f220ad0d682e23750bc8239d99547bddc1750e33
--> c50735884734
[linux/amd64] [2/3] STEP 3/11: COPY Makefile Makefile
--> 3e392607cb4f
[linux/amd64] [2/3] STEP 4/11: COPY go.mod go.mod
--> 53257c0b4298
[linux/amd64] [2/3] STEP 5/11: COPY go.sum go.sum
--> cd10133cfb5f
[linux/amd64] [2/3] STEP 6/11: RUN go mod download
--> 275f74e666b7
[linux/amd64] [2/3] STEP 7/11: COPY cmd/ cmd/
--> c790c9034c6b
[linux/amd64] [2/3] STEP 8/11: COPY pkg/ pkg/
--> dd26d37dde59
[linux/amd64] [2/3] STEP 9/11: ENV GOEXPERIMENT=strictfipsruntime
--> 869b1a852565
[linux/amd64] [2/3] STEP 10/11: ENV CGO_ENABLED=1
--> a2ed6b7ca89c
[linux/amd64] [2/3] STEP 11/11: RUN make build-backend BUILD_OPTS="-tags strictfipsruntime"
go build -tags strictfipsruntime -o plugin-backend -mod=readonly cmd/plugin-backend.go
--> 422dc4883890
[linux/arm64] [2/3] STEP 1/11: FROM registry.ci.openshift.org/ocp/builder:rhel-8-golang-1.24-openshift-4.20 AS go-builder
Trying to pull registry.ci.openshift.org/ocp/builder:rhel-8-golang-1.24-openshift-4.20...
Getting image source signatures
Copying blob sha256:f6c1531fa79e5aa0dc5c1fd899d8aa83ae36ca5986d548d754e6bc3c19b0bec2
Copying blob sha256:abb828c6dd68e53a22f7a11904b72f9d5a7802fb5e7c380b3a22b18a02e9a463
Copying blob sha256:211523f3608ae0538e139764b42d3db023cbe3af165af43f3b35bd1008edbe2a
Copying config sha256:3de9ed5adfbdb462c0f99d5e33785669a80acf73acfb3d1c4fc485e2ec1d47a8
Writing manifest to image destination
[linux/arm64] [2/3] STEP 2/11: WORKDIR /opt/app-root
--> Using cache 2eb4427a7c8c54018f88b3da8f62bddbf672dc5c5222c7bfaf56f991bafcd8f5
--> 2eb4427a7c8c
[linux/arm64] [2/3] STEP 3/11: COPY Makefile Makefile
--> b10dabf268db
[linux/arm64] [2/3] STEP 4/11: COPY go.mod go.mod
--> 4582f0ee80c7
[linux/arm64] [2/3] STEP 5/11: COPY go.sum go.sum
--> 55e2dc1d6881
[linux/arm64] [2/3] STEP 6/11: RUN go mod download
--> 942624e2c8fe
[linux/arm64] [2/3] STEP 7/11: COPY cmd/ cmd/
--> fcdd2f0e0b23
[linux/arm64] [2/3] STEP 8/11: COPY pkg/ pkg/
--> bd65f86ad230
[linux/arm64] [2/3] STEP 9/11: ENV GOEXPERIMENT=strictfipsruntime
--> be1be17514f6
[linux/arm64] [2/3] STEP 10/11: ENV CGO_ENABLED=1
--> 42995e496261
[linux/arm64] [2/3] STEP 11/11: RUN make build-backend BUILD_OPTS="-tags strictfipsruntime"
go build -tags strictfipsruntime -o plugin-backend -mod=readonly cmd/plugin-backend.go
--> 850e1982c800
[linux/amd64] [3/3] STEP 1/4: FROM registry.access.redhat.com/ubi8/ubi
Trying to pull registry.access.redhat.com/ubi8/ubi:latest...
Getting image source signatures
Checking if image destination supports signatures
Copying blob sha256:245f1b069b431ca5b78c4eaff28999c523feb10acce56458483315e822a73edb
Copying config sha256:2b0776cbb41a87a93014e3b72a5731697cd2bbfa38af7b944079619fbc412977
Writing manifest to image destination
Storing signatures
[linux/amd64] [3/3] STEP 2/4: COPY --from=web-builder /opt/app-root/web/dist /opt/app-root/web/dist
--> 00a71aaaa4e7
[linux/amd64] [3/3] STEP 3/4: COPY --from=go-builder /opt/app-root/plugin-backend /opt/app-root
--> 5af4669ac1a8
[linux/amd64] [3/3] STEP 4/4: ENTRYPOINT ["/opt/app-root/plugin-backend", "-static-path", "/opt/app-root/web/dist"]
[linux/amd64] [3/3] COMMIT
--> ec4b8551ef74
[linux/arm64] [3/3] STEP 1/4: FROM registry.access.redhat.com/ubi8/ubi
ec4b8551ef7419bf94210840eed55224d163689b73f2c1efab02e053ac53b5aa
Trying to pull registry.access.redhat.com/ubi8/ubi:latest...
Getting image source signatures
Checking if image destination supports signatures
Copying blob sha256:da55729cf854875cad7acdff202838b9dc44af2d7ba920c233669c98a9d9e22b
Copying config sha256:c0771e8cefdbbe4a1ffcb022664a77a7d439f2c266c65b0c601f5506630c1449
Writing manifest to image destination
Storing signatures
[linux/arm64] [3/3] STEP 2/4: COPY --from=web-builder /opt/app-root/web/dist /opt/app-root/web/dist
--> f7de7ca795b1
[linux/arm64] [3/3] STEP 3/4: COPY --from=go-builder /opt/app-root/plugin-backend /opt/app-root
--> 0f61f4aefca6
[linux/arm64] [3/3] STEP 4/4: ENTRYPOINT ["/opt/app-root/plugin-backend", "-static-path", "/opt/app-root/web/dist"]
[linux/arm64] [3/3] COMMIT
--> f0b5fb823594
f0b5fb8235946e96ad4ca236b40abfca45812f38283d560ac7e5d713393815d6
podman manifest push quay.io/openshift-observability-ui/troubleshooting-panel-console-plugin:v0.4.5
Getting image list signatures
Copying 2 images generated from 2 images in list
Copying image sha256:29d9157d9c06393fd85bc6cf3e9ea1b64164106b18af0c4094d7bab4fa03d774 (1/2)
Getting image source signatures
Copying blob sha256:133fc3506b6fc7d9ed61bb57a484a5457a7e16780d1d2f99528b763afe7255d2
Copying blob sha256:48986d3fe7fa93a136255c6b62fdc24b9ca669ade582ace0e3b0f329e23bd0b9
Copying blob sha256:fdea52116e036a44ce07d38491935f69039de4e846fbd0161dd8b57cc8599db6
Copying config sha256:ec4b8551ef7419bf94210840eed55224d163689b73f2c1efab02e053ac53b5aa
Writing manifest to image destination
Copying image sha256:3d878fb0d088574461de9858b0779a35cf7a77d36ef67338b4e14860cad878c8 (2/2)
Getting image source signatures
Copying blob sha256:c124ae3ad0219d93458119f6bd366d3aea832de1ec7d572bf6ae03e7cf55db79
Copying blob sha256:248424987de77e69ea30ed133ad3df5473b3dcb0695bad3a3bbda9e8cc5dd3ab
Copying blob sha256:0dbf8fdaa6fb75af032abd821b7316d7d69d3979a619c6ab44c3dedbee3346ff
Copying config sha256:f0b5fb8235946e96ad4ca236b40abfca45812f38283d560ac7e5d713393815d6
Writing manifest to image destination
Writing manifest list to image destination
Storing list signatures
==========================================
Building monitoring-plugin @ release-coo-ocp-4.19 with VERSION=v0.5.4 ORG=openshift-observability-ui
==========================================
Switched to branch 'release-coo-ocp-4.19'
Your branch is up to date with 'origin/release-coo-ocp-4.19'.
From https://github.com/openshift/monitoring-plugin
 * branch            release-coo-ocp-4.19 -> FETCH_HEAD
Already up to date.
--- Attempt 1/3 ---
podman manifest rm quay.io/openshift-observability-ui/monitoring-console-plugin:v0.5.4 || true
Error: quay.io/openshift-observability-ui/monitoring-console-plugin:v0.5.4: image not known
podman manifest create quay.io/openshift-observability-ui/monitoring-console-plugin:v0.5.4
0f13dcbfb8fc27b357f9ae0e84f90fa7b3be94fc62364a95bf8703f1322288a9
podman build --platform linux/arm64,linux/amd64 --manifest quay.io/openshift-observability-ui/monitoring-console-plugin:v0.5.4 -f Dockerfile.mcp
[linux/arm64] [1/3] STEP 1/13: FROM registry.redhat.io/ubi9/nodejs-22:latest AS web-builder
[linux/arm64] [1/3] STEP 2/13: WORKDIR /opt/app-root
--> Using cache 0509a45ac4e9a04a9f132aae2a8bf24b39992fa5c28516a5681f6dd5a4ccd28e
--> 0509a45ac4e9
[linux/arm64] [1/3] STEP 3/13: USER 0
--> Using cache bb98e55fd94953bf7f53426dca752e2bd3ef2a4271316ab75bab13813ec42ead
--> bb98e55fd949
[linux/arm64] [1/3] STEP 4/13: ENV HUSKY=0
--> Using cache 951dafbf649df96d5c2b9684b29ae127f574fb736fd81d4dc6ca495e2f46af23
--> 951dafbf649d
[linux/arm64] [1/3] STEP 5/13: COPY web/package*.json web/
--> e017c1ade5ff
[linux/arm64] [1/3] STEP 6/13: COPY Makefile Makefile
--> caaba66770a2
[linux/arm64] [1/3] STEP 7/13: RUN cd web && npm ci --legacy-peer-deps --ignore-scripts
npm warn deprecated rimraf@3.0.2: Rimraf versions prior to v4 are no longer supported
npm warn deprecated popper.js@1.16.1: You can find the new Popper v2 at @popperjs/core, this package is dedicated to the legacy v1
npm warn deprecated lodash.get@4.4.2: This package is deprecated. Use the optional chaining (?.) operator instead.
npm warn deprecated inflight@1.0.6: This module is not supported, and leaks memory. Do not use it. Check out lru-cache if you want a good and tested way to coalesce async requests by a key value, which is much more comprehensive and powerful.
npm warn deprecated i18next-parser@9.4.0: Project is deprecated, use i18next-cli instead
npm warn deprecated glob@7.2.3: Glob versions prior to v9 are no longer supported
npm warn deprecated eslint@8.57.1: This version is no longer supported. Please see https://eslint.org/version-support for other options.
npm warn deprecated @humanwhocodes/object-schema@2.0.3: Use @eslint/object-schema instead
npm warn deprecated @humanwhocodes/config-array@0.13.0: Use @eslint/config-array instead
npm warn deprecated glob@10.5.0: Old versions of glob are not supported, and contain widely publicized security vulnerabilities, which have been fixed in the current version. Please update. Support for old versions may be purchased (at exorbitant rates) by contacting i@izs.me

added 1755 packages, and audited 1756 packages in 37s

305 packages are looking for funding
  run `npm fund` for details

47 vulnerabilities (1 low, 38 moderate, 7 high, 1 critical)

To address issues that do not require attention, run:
  npm audit fix

To address all issues (including breaking changes), run:
  npm audit fix --force

Run `npm audit` for details.
--> 76dc21d7c28e
[linux/arm64] [1/3] STEP 8/13: COPY web/ web/
--> be1c9c08c5ee
[linux/arm64] [1/3] STEP 9/13: COPY config/ config/
--> a0bab85bccc9
[linux/arm64] [1/3] STEP 10/13: COPY scripts/update-plugin-name.sh scripts/update-plugin-name.sh
--> 865e0ce0248d
[linux/arm64] [1/3] STEP 11/13: RUN make update-plugin-name
./scripts/update-plugin-name.sh
--> 287e66378cd7
[linux/arm64] [1/3] STEP 12/13: ENV I18N_NAMESPACE="plugin__monitoring-console-plugin"
--> 87e167bc4ffd
[linux/arm64] [1/3] STEP 13/13: RUN make build-frontend
cd web && npm run build

> monitoring-console-plugin@0.5.0 build
> npm run clean && NODE_ENV=production npm run ts-node node_modules/.bin/webpack


> monitoring-console-plugin@0.5.0 clean
> rm -rf dist


> monitoring-console-plugin@0.5.0 ts-node
> ts-node -O '{"module":"commonjs"}' node_modules/.bin/webpack

DEPRECATION WARNING [legacy-js-api]: The legacy JS API is deprecated and will be removed in Dart Sass 2.0.0.

More info: https://sass-lang.com/d/legacy-js-api

assets by path *.js 9.58 MiB
  assets by chunk 8.27 MiB (id hint: vendors)
    assets by status 7.3 MiB [big] 4 assets
    + 38 assets
  + 165 assets
assets by path assets/ 1.28 MiB
  assets by path assets/*.woff 740 KiB 42 assets
  assets by path assets/*.woff2 565 KiB 42 assets
  asset assets/restricted-sign..svg 2.38 KiB [emitted] [from: components/console/imgs/restricted-sign.svg] (auxiliary name: CmoAlertsPage, exposed-AlertRulesDetailsPage, exposed-AlertsDetailsPage, exposed-IncidentsPage, exposed-SilenceEditPage, exposed-SilencesDetailsPage, exposed-TargetsPage)
assets by path locales/ 115 KiB
  asset locales/en/plugin__monitoring-console-plugin.json 21.8 KiB [emitted] [from: ../locales/en/plugin__monitoring-console-plugin.json] [copied]
  asset locales/ja/plugin__monitoring-console-plugin.json 20.7 KiB [emitted] [from: ../locales/ja/plugin__monitoring-console-plugin.json] [copied]
  asset locales/fr/plugin__monitoring-console-plugin.json 19.3 KiB [emitted] [from: ../locales/fr/plugin__monitoring-console-plugin.json] [copied]
  + 3 assets
asset plugin-manifest.json 7.02 KiB [emitted]
orphan modules 19.4 MiB [orphan] 20194 modules
runtime modules 59.6 KiB 15 modules
built modules 17.8 MiB (javascript) 1.28 MiB (asset) 3.28 KiB (consume-shared) 3.04 KiB (share-init) [built]
  javascript modules 17.8 MiB 1732 modules
  asset modules 1.28 MiB (asset) 3.49 KiB (javascript)
    modules by path ../node_modules/@fontsource/inter/files/*.woff2 565 KiB (asset) 1.72 KiB (javascript) 42 modules
    modules by path ../node_modules/@fontsource/inter/files/*.woff 740 KiB (asset) 1.72 KiB (javascript) 42 modules
    ./components/console/imgs/restricted-sign.svg 2.38 KiB (asset) 42 bytes (javascript) [built] [code generated]
  consume-shared-module modules 3.28 KiB 80 modules
  provide-module modules 3.04 KiB
    modules by path provide shared module (default) @patternfly/react-core/dist/dynamic/ 1.93 KiB 47 modules
    modules by path provide shared module (default) @patternfly/react-icons/dist/dynamic/icons/ 1.03 KiB 25 modules
    modules by path provide shared module (default) @patternfly/react-table/dist/dynamic/components/ 84 bytes 2 modules
  ../node_modules/tlds/index.json 10.9 KiB [built] [code generated]

WARNING in asset size limit: The following asset(s) exceed the recommended size limit (244 KiB).
This can impact web performance.
Assets: 
  4617-chunk-d26499fbc029304a133e.min.js (311 KiB)
  9810-chunk-a64b894c03accad280e9.min.js (402 KiB)
  7534-chunk-43e5a98482d88225241c.min.js (2.08 MiB)
  8433-chunk-c91222c9e2cc31b48e7d.min.js (4.53 MiB)

webpack 5.105.2 compiled with 1 warning in 99608 ms
--> 8dff5d764d39
[linux/amd64] [1/3] STEP 1/13: FROM registry.redhat.io/ubi9/nodejs-22:latest AS web-builder
Trying to pull registry.redhat.io/ubi9/nodejs-22:latest...
Getting image source signatures
Checking if image destination supports signatures
Copying blob sha256:e30cea0a2d9104a0a6013937815f0daf22458a7340690880affd957fa911aa30
Copying blob sha256:aca19e660f6d3005b0e0cb3182b2827554e877ed8773c57b83b87bf82f8cc6da
Copying blob sha256:a05b129c54aeb83daa31848e5c1aec4f8e83541caf09c63a0723a217b3376590
Copying config sha256:3b96e72308e07bae5d5f2673f701f4929659033997aa285e9701de573a29d3e0
Writing manifest to image destination
Storing signatures
[linux/amd64] [1/3] STEP 2/13: WORKDIR /opt/app-root
--> Using cache 4d6423ef0b9b1e546be50cadf3cbb394333f9d7b7dd9d7907da3bb14a48bc63b
--> 4d6423ef0b9b
[linux/amd64] [1/3] STEP 3/13: USER 0
--> Using cache bc17cc175604108a6363342d456ae3f4c269a771f23031b9381a4d1f1a61b439
--> bc17cc175604
[linux/amd64] [1/3] STEP 4/13: ENV HUSKY=0
--> Using cache e52eff27197beaad4fec16a71a9610b3ba27b37ca7893587d51c8b1b865e5f37
--> e52eff27197b
[linux/amd64] [1/3] STEP 5/13: COPY web/package*.json web/
--> f7f4d8f74d9f
[linux/amd64] [1/3] STEP 6/13: COPY Makefile Makefile
--> dd2e1238fd48
[linux/amd64] [1/3] STEP 7/13: RUN cd web && npm ci --legacy-peer-deps --ignore-scripts
npm warn deprecated rimraf@3.0.2: Rimraf versions prior to v4 are no longer supported
npm warn deprecated popper.js@1.16.1: You can find the new Popper v2 at @popperjs/core, this package is dedicated to the legacy v1
npm warn deprecated lodash.get@4.4.2: This package is deprecated. Use the optional chaining (?.) operator instead.
npm warn deprecated inflight@1.0.6: This module is not supported, and leaks memory. Do not use it. Check out lru-cache if you want a good and tested way to coalesce async requests by a key value, which is much more comprehensive and powerful.
npm warn deprecated i18next-parser@9.4.0: Project is deprecated, use i18next-cli instead
npm warn deprecated glob@7.2.3: Glob versions prior to v9 are no longer supported
npm warn deprecated eslint@8.57.1: This version is no longer supported. Please see https://eslint.org/version-support for other options.
npm warn deprecated @humanwhocodes/config-array@0.13.0: Use @eslint/config-array instead
npm warn deprecated @humanwhocodes/object-schema@2.0.3: Use @eslint/object-schema instead
npm warn deprecated glob@10.5.0: Old versions of glob are not supported, and contain widely publicized security vulnerabilities, which have been fixed in the current version. Please update. Support for old versions may be purchased (at exorbitant rates) by contacting i@izs.me

added 1755 packages, and audited 1756 packages in 53s

305 packages are looking for funding
  run `npm fund` for details

47 vulnerabilities (1 low, 38 moderate, 7 high, 1 critical)

To address issues that do not require attention, run:
  npm audit fix

To address all issues (including breaking changes), run:
  npm audit fix --force

Run `npm audit` for details.
--> a6426fd28ee3
[linux/amd64] [1/3] STEP 8/13: COPY web/ web/
--> 4c1543c806ac
[linux/amd64] [1/3] STEP 9/13: COPY config/ config/
--> 18e299deb45c
[linux/amd64] [1/3] STEP 10/13: COPY scripts/update-plugin-name.sh scripts/update-plugin-name.sh
--> f965adfb7a62
[linux/amd64] [1/3] STEP 11/13: RUN make update-plugin-name
./scripts/update-plugin-name.sh
--> 5b030c66dd96
[linux/amd64] [1/3] STEP 12/13: ENV I18N_NAMESPACE="plugin__monitoring-console-plugin"
--> 7e571685840b
[linux/amd64] [1/3] STEP 13/13: RUN make build-frontend
cd web && npm run build

> monitoring-console-plugin@0.5.0 build
> npm run clean && NODE_ENV=production npm run ts-node node_modules/.bin/webpack


> monitoring-console-plugin@0.5.0 clean
> rm -rf dist


> monitoring-console-plugin@0.5.0 ts-node
> ts-node -O '{"module":"commonjs"}' node_modules/.bin/webpack

DEPRECATION WARNING [legacy-js-api]: The legacy JS API is deprecated and will be removed in Dart Sass 2.0.0.

More info: https://sass-lang.com/d/legacy-js-api

assets by path *.js 9.58 MiB
  assets by chunk 8.27 MiB (id hint: vendors)
    assets by status 7.3 MiB [big] 4 assets
    + 38 assets
  + 165 assets
assets by path assets/ 1.28 MiB
  assets by path assets/*.woff 740 KiB 42 assets
  assets by path assets/*.woff2 565 KiB 42 assets
  asset assets/restricted-sign..svg 2.38 KiB [emitted] [from: components/console/imgs/restricted-sign.svg] (auxiliary name: CmoAlertsPage, exposed-AlertRulesDetailsPage, exposed-AlertsDetailsPage, exposed-IncidentsPage, exposed-SilenceEditPage, exposed-SilencesDetailsPage, exposed-TargetsPage)
assets by path locales/ 115 KiB
  asset locales/en/plugin__monitoring-console-plugin.json 21.8 KiB [emitted] [from: ../locales/en/plugin__monitoring-console-plugin.json] [copied]
  asset locales/ja/plugin__monitoring-console-plugin.json 20.7 KiB [emitted] [from: ../locales/ja/plugin__monitoring-console-plugin.json] [copied]
  asset locales/fr/plugin__monitoring-console-plugin.json 19.3 KiB [emitted] [from: ../locales/fr/plugin__monitoring-console-plugin.json] [copied]
  + 3 assets
asset plugin-manifest.json 7.02 KiB [emitted]
orphan modules 19.4 MiB [orphan] 20194 modules
runtime modules 59.6 KiB 15 modules
built modules 17.8 MiB (javascript) 1.28 MiB (asset) 3.28 KiB (consume-shared) 3.04 KiB (share-init) [built]
  javascript modules 17.8 MiB 1732 modules
  asset modules 1.28 MiB (asset) 3.49 KiB (javascript)
    modules by path ../node_modules/@fontsource/inter/files/*.woff2 565 KiB (asset) 1.72 KiB (javascript) 42 modules
    modules by path ../node_modules/@fontsource/inter/files/*.woff 740 KiB (asset) 1.72 KiB (javascript) 42 modules
    ./components/console/imgs/restricted-sign.svg 2.38 KiB (asset) 42 bytes (javascript) [built] [code generated]
  consume-shared-module modules 3.28 KiB 80 modules
  provide-module modules 3.04 KiB
    modules by path provide shared module (default) @patternfly/react-core/dist/dynamic/ 1.93 KiB 47 modules
    modules by path provide shared module (default) @patternfly/react-icons/dist/dynamic/icons/ 1.03 KiB 25 modules
    modules by path provide shared module (default) @patternfly/react-table/dist/dynamic/components/ 84 bytes 2 modules
  ../node_modules/tlds/index.json 10.9 KiB [built] [code generated]

WARNING in asset size limit: The following asset(s) exceed the recommended size limit (244 KiB).
This can impact web performance.
Assets: 
  4617-chunk-d26499fbc029304a133e.min.js (311 KiB)
  9810-chunk-a64b894c03accad280e9.min.js (402 KiB)
  7534-chunk-43e5a98482d88225241c.min.js (2.08 MiB)
  8433-chunk-c91222c9e2cc31b48e7d.min.js (4.53 MiB)

webpack 5.105.2 compiled with 1 warning in 130627 ms
--> 3171ded1619b
[linux/arm64] [2/3] STEP 1/14: FROM brew.registry.redhat.io/rh-osbs/openshift-golang-builder:rhel_9_1.24 AS go-builder
[linux/arm64] [2/3] STEP 2/14: WORKDIR /opt/app-root
--> Using cache 5b2e5475ab71cfd02c545ad6c89dfdc3e93cd12f8af8903d93d3701b6eabd578
--> 5b2e5475ab71
[linux/arm64] [2/3] STEP 3/14: COPY Makefile Makefile
--> 4e0e3d1bc46e
[linux/arm64] [2/3] STEP 4/14: COPY go.mod go.mod
--> b6c493934553
[linux/arm64] [2/3] STEP 5/14: COPY go.sum go.sum
--> 014ec3a270f5
[linux/arm64] [2/3] STEP 6/14: RUN make install-backend
go mod download
Go compliance shim [2] [rhel-9-golang-1.24][openshift-golang-builder]: assessment: CGO_ENABLED=1
Go compliance shim [2] [rhel-9-golang-1.24][openshift-golang-builder]: assessment: dynamic linking
Go compliance shim [2] [rhel-9-golang-1.24][openshift-golang-builder]: skipping forced compliance due to broad exemption
Go compliance shim [2] [rhel-9-golang-1.24][openshift-golang-builder]: EXEMPT: 1


Go compliance shim [2] [rhel-9-golang-1.24][openshift-golang-builder]: final command line arguments: "mod" "download" 

Go compliance shim [2] [rhel-9-golang-1.24][openshift-golang-builder]: invoking real go binary
Go compliance shim [2] [rhel-9-golang-1.24][openshift-golang-builder]: Exited with: 0
--> 783b4ca68988
[linux/arm64] [2/3] STEP 7/14: COPY cmd/ cmd/
--> fa0d1b55b602
[linux/arm64] [2/3] STEP 8/14: COPY pkg/ pkg/
--> d0119a71a7ed
[linux/arm64] [2/3] STEP 9/14: ENV GOOS=${TARGETOS:-linux}
--> 06157909d07b
[linux/arm64] [2/3] STEP 10/14: ENV GOARCH=${TARGETARCH}
--> a7552c56cfdc
[linux/arm64] [2/3] STEP 11/14: ENV GOEXPERIMENT=strictfipsruntime
--> 5f5df07a35fd
[linux/arm64] [2/3] STEP 12/14: ENV GOFLAGS=-mod=readonly
--> e2923dfc2d6c
[linux/arm64] [2/3] STEP 13/14: ENV CGO_ENABLED=1
--> 118210678312
[linux/arm64] [2/3] STEP 14/14: RUN make build-backend
go build  -mod=readonly -o plugin-backend cmd/plugin-backend.go
Go compliance shim [2] [rhel-9-golang-1.24][openshift-golang-builder]: assessment: CGO_ENABLED=1
Go compliance shim [2] [rhel-9-golang-1.24][openshift-golang-builder]: assessment: dynamic linking
Go compliance shim [2] [rhel-9-golang-1.24][openshift-golang-builder]: skipping forced compliance due to broad exemption
Go compliance shim [2] [rhel-9-golang-1.24][openshift-golang-builder]: EXEMPT: 1


Go compliance shim [2] [rhel-9-golang-1.24][openshift-golang-builder]: final command line arguments: "build" "-mod=readonly" "-o" "plugin-backend" "cmd/plugin-backend.go" 

Go compliance shim [2] [rhel-9-golang-1.24][openshift-golang-builder]: invoking real go binary
Go compliance shim [2] [rhel-9-golang-1.24][openshift-golang-builder]: Exited with: 0
--> 39fb70076835
[linux/amd64] [2/3] STEP 1/14: FROM brew.registry.redhat.io/rh-osbs/openshift-golang-builder:rhel_9_1.24 AS go-builder
Trying to pull brew.registry.redhat.io/rh-osbs/openshift-golang-builder:rhel_9_1.24...
Getting image source signatures
Copying blob sha256:e2e2fd836dcf8c102bc7bdec3fa60ccac6c08515308f3a3fd42a61dbecea6239
Copying blob sha256:5e09f8650bc245176f116be7bf617e9ebbda9f1690adc8f25ef8cc558cd62fbf
Copying config sha256:4110829d2ea57e0eeded3bd6d60857e756e7c4076501cd57b752f0411b653164
Writing manifest to image destination
[linux/amd64] [2/3] STEP 2/14: WORKDIR /opt/app-root
--> Using cache 5f43f0c9d9706d9bdfa1db9b69a05db5460ddc8ce2cb1b409f640843b105b664
--> 5f43f0c9d970
[linux/amd64] [2/3] STEP 3/14: COPY Makefile Makefile
--> 138e243d4797
[linux/amd64] [2/3] STEP 4/14: COPY go.mod go.mod
--> 407ee9628cef
[linux/amd64] [2/3] STEP 5/14: COPY go.sum go.sum
--> e15e4b1a658a
[linux/amd64] [2/3] STEP 6/14: RUN make install-backend
go mod download
Go compliance shim [2] [rhel-9-golang-1.24][openshift-golang-builder]: assessment: CGO_ENABLED=1
Go compliance shim [2] [rhel-9-golang-1.24][openshift-golang-builder]: assessment: dynamic linking
Go compliance shim [2] [rhel-9-golang-1.24][openshift-golang-builder]: skipping forced compliance due to broad exemption
Go compliance shim [2] [rhel-9-golang-1.24][openshift-golang-builder]: EXEMPT: 1


Go compliance shim [2] [rhel-9-golang-1.24][openshift-golang-builder]: final command line arguments: "mod" "download" 

Go compliance shim [2] [rhel-9-golang-1.24][openshift-golang-builder]: invoking real go binary
Go compliance shim [2] [rhel-9-golang-1.24][openshift-golang-builder]: Exited with: 0
--> ec05bbc5762e
[linux/amd64] [2/3] STEP 7/14: COPY cmd/ cmd/
--> 9f4df88cf3cb
[linux/amd64] [2/3] STEP 8/14: COPY pkg/ pkg/
--> a5ab18694ff3
[linux/amd64] [2/3] STEP 9/14: ENV GOOS=${TARGETOS:-linux}
--> deb4a86af840
[linux/amd64] [2/3] STEP 10/14: ENV GOARCH=${TARGETARCH}
--> c142afef3c5d
[linux/amd64] [2/3] STEP 11/14: ENV GOEXPERIMENT=strictfipsruntime
--> 964e0096eecf
[linux/amd64] [2/3] STEP 12/14: ENV GOFLAGS=-mod=readonly
--> a4e398a30c54
[linux/amd64] [2/3] STEP 13/14: ENV CGO_ENABLED=1
--> 0a04304d4212
[linux/amd64] [2/3] STEP 14/14: RUN make build-backend
go build  -mod=readonly -o plugin-backend cmd/plugin-backend.go
Go compliance shim [2] [rhel-9-golang-1.24][openshift-golang-builder]: assessment: CGO_ENABLED=1
Go compliance shim [2] [rhel-9-golang-1.24][openshift-golang-builder]: assessment: dynamic linking
Go compliance shim [2] [rhel-9-golang-1.24][openshift-golang-builder]: skipping forced compliance due to broad exemption
Go compliance shim [2] [rhel-9-golang-1.24][openshift-golang-builder]: EXEMPT: 1


Go compliance shim [2] [rhel-9-golang-1.24][openshift-golang-builder]: final command line arguments: "build" "-mod=readonly" "-o" "plugin-backend" "cmd/plugin-backend.go" 

Go compliance shim [2] [rhel-9-golang-1.24][openshift-golang-builder]: invoking real go binary
Go compliance shim [2] [rhel-9-golang-1.24][openshift-golang-builder]: Exited with: 0
--> ae17583c11a1
[linux/arm64] [3/3] STEP 1/8: FROM registry.redhat.io/rhel9-4-els/rhel:9.4
[linux/arm64] [3/3] STEP 2/8: RUN mkdir /licenses
--> 6dbab80464df
[linux/arm64] [3/3] STEP 3/8: COPY LICENSE /licenses/.
--> 53342a02d513
[linux/arm64] [3/3] STEP 4/8: USER 1001
--> cd7f7a7a3fb2
[linux/arm64] [3/3] STEP 5/8: COPY --from=web-builder /opt/app-root/web/dist /opt/app-root/web/dist
--> c4bec964e4da
[linux/arm64] [3/3] STEP 6/8: COPY --from=go-builder /opt/app-root/plugin-backend /opt/app-root
--> c1d8504b4791
[linux/arm64] [3/3] STEP 7/8: COPY --from=web-builder /opt/app-root/config /opt/app-root/config
--> ed16bbace7d4
[linux/arm64] [3/3] STEP 8/8: ENTRYPOINT ["/opt/app-root/plugin-backend", "-static-path", "/opt/app-root/web/dist"]
[linux/arm64] [3/3] COMMIT
--> f291f30a209f
[linux/amd64] [3/3] STEP 1/8: FROM registry.redhat.io/rhel9-4-els/rhel:9.4
f291f30a209fbcdb4852dd152e3a2acefeca1d58a4d525c97e7c742ded2c72a6
Trying to pull registry.redhat.io/rhel9-4-els/rhel:9.4...
Getting image source signatures
Checking if image destination supports signatures
Copying blob sha256:9e5082548d869f2944301a153c8568183a38cf0df310a3fb0b2daf2af3b5f841
Copying config sha256:77849b1a77e7859a392840d43bed01557ec82ac0c2ac4283d962deec354ceee6
Writing manifest to image destination
Storing signatures
[linux/amd64] [3/3] STEP 2/8: RUN mkdir /licenses
--> 35dd04c65296
[linux/amd64] [3/3] STEP 3/8: COPY LICENSE /licenses/.
--> 5eea3352b76f
[linux/amd64] [3/3] STEP 4/8: USER 1001
--> 9a2f142a9de0
[linux/amd64] [3/3] STEP 5/8: COPY --from=web-builder /opt/app-root/web/dist /opt/app-root/web/dist
--> 343a0d6de02d
[linux/amd64] [3/3] STEP 6/8: COPY --from=go-builder /opt/app-root/plugin-backend /opt/app-root
--> 78bf0d90b9cb
[linux/amd64] [3/3] STEP 7/8: COPY --from=web-builder /opt/app-root/config /opt/app-root/config
--> 6ae6a1d36ef2
[linux/amd64] [3/3] STEP 8/8: ENTRYPOINT ["/opt/app-root/plugin-backend", "-static-path", "/opt/app-root/web/dist"]
[linux/amd64] [3/3] COMMIT
--> 56204f74201c
56204f74201cd1e255eafca52f3808dd64b702f4b2b846982c477e28aced983b
podman manifest push quay.io/openshift-observability-ui/monitoring-console-plugin:v0.5.4
Getting image list signatures
Copying 2 images generated from 2 images in list
Copying image sha256:13c09bc41a8da5c2d479366a237d72dcc36e57d55ce1e5abafb8c1d30f4d4d6f (1/2)
Getting image source signatures
Copying blob sha256:ab036f8fd84593a6dbf8a61162eeef4b8e88b934ce33282c73427a9e8583639e
Copying blob sha256:831df80367f0403343b0d1df315d70608209e3624ca7fa29a5f65d4b0c5bf6c3
Copying blob sha256:abdb8cc72e3424e4355a57b5eaf69a820fc9a93b5ef3124d51f184bbf887b049
Copying blob sha256:b19afeb6b0dfcf740c35c6b3dba2acac38e71ada8f7ebb38f6a219620c47b00e
Copying blob sha256:52a6adacf8ad768ebed0fafd1b011014ba2aa208511f0e1bd0cd0776b4ff0cb6
Copying blob sha256:770d0047d8f12cfea5527cd1ab59a0beb19c773cc22493634e80b9e62bafe480
Copying config sha256:f291f30a209fbcdb4852dd152e3a2acefeca1d58a4d525c97e7c742ded2c72a6
Writing manifest to image destination
Copying image sha256:851eff7bb5c237a4d43dda354d86e47449ddc7cd6872f657116ceac9e12fc8f7 (2/2)
Getting image source signatures
Copying blob sha256:9ffd473c5f5831517acf31a392885571c588ed90f9fba20a5ee6b3fb286c96e1
Copying blob sha256:1d09c516f2e9aad3de339a8ee8cc94d02c261451dd2ca414b309c0651f378ff8
Copying blob sha256:74ea6a5315ac2a0a27a1e4e6f87703374739fbd596e872724a21ab09c6bdf5dd
Copying blob sha256:379c66a7d47b3e9784d4911754da8de7274cea4b1fa0365151eb62434305b018
Copying blob sha256:e69bc91f771c897ff00bbabe3a966886bded7aa6ba70b8117aa28e4e4c6cac0f
Copying blob sha256:54117e0727776b035c3d4cec51764eb053ed7d7c01c78eaf420d6e5f90eab77c
Copying config sha256:56204f74201cd1e255eafca52f3808dd64b702f4b2b846982c477e28aced983b
Writing manifest to image destination
Writing manifest list to image destination
Storing list signatures
==========================================
Building distributed-tracing-console-plugin @ release-coo-ocp-4.22 with VERSION=v1.1.0 ORG=openshift-observability-ui
==========================================
Switched to branch 'release-coo-ocp-4.22'
Your branch is up to date with 'origin/release-coo-ocp-4.22'.
From https://github.com/openshift/distributed-tracing-console-plugin
 * branch            release-coo-ocp-4.22 -> FETCH_HEAD
Already up to date.
--- Attempt 1/3 ---
podman manifest rm quay.io/openshift-observability-ui/distributed-tracing-console-plugin:v1.1.0 || true
Error: quay.io/openshift-observability-ui/distributed-tracing-console-plugin:v1.1.0: image not known
podman manifest create quay.io/openshift-observability-ui/distributed-tracing-console-plugin:v1.1.0
e310e5cd9985c14cf84697d4ef89706031e74bc27e6eb3b81bc008aae843fea9
podman build --platform=linux/arm64,linux/amd64 --manifest quay.io/openshift-observability-ui/distributed-tracing-console-plugin:v1.1.0 -f Dockerfile
[linux/amd64] [1/3] STEP 1/8: FROM registry.redhat.io/ubi8/nodejs-22:latest AS web-builder
[linux/amd64] [1/3] STEP 2/8: WORKDIR /opt/app-root
--> Using cache 100668934e90bb883cfb300a9afad3010848d09eeff9310c6b118b5d02e43324
--> 100668934e90
[linux/amd64] [1/3] STEP 3/8: USER 0
--> Using cache 40d51dae1f682cca419043159e4349d880e7793e067ccf0ea8f50cf9b37d7c70
--> 40d51dae1f68
[linux/amd64] [1/3] STEP 4/8: COPY web/package*.json web/
--> a3b1797eaca9
[linux/amd64] [1/3] STEP 5/8: COPY Makefile Makefile
--> ffd4d1ef8ed2
[linux/amd64] [1/3] STEP 6/8: RUN make install-frontend-ci-clean
cd web && npm ci --ignore-scripts --omit=optional
npm warn deprecated whatwg-encoding@3.1.1: Use @exodus/bytes instead for a more spec-conformant and faster implementation
npm warn deprecated rimraf@3.0.2: Rimraf versions prior to v4 are no longer supported
npm warn deprecated inflight@1.0.6: This module is not supported, and leaks memory. Do not use it. Check out lru-cache if you want a good and tested way to coalesce async requests by a key value, which is much more comprehensive and powerful.
npm warn deprecated glob@7.2.3: Glob versions prior to v9 are no longer supported
npm warn deprecated rimraf@2.7.1: Rimraf versions prior to v4 are no longer supported
npm warn deprecated glob@10.5.0: Old versions of glob are not supported, and contain widely publicized security vulnerabilities, which have been fixed in the current version. Please update. Support for old versions may be purchased (at exorbitant rates) by contacting i@izs.me
npm warn deprecated glob@10.5.0: Old versions of glob are not supported, and contain widely publicized security vulnerabilities, which have been fixed in the current version. Please update. Support for old versions may be purchased (at exorbitant rates) by contacting i@izs.me
npm warn deprecated glob@10.5.0: Old versions of glob are not supported, and contain widely publicized security vulnerabilities, which have been fixed in the current version. Please update. Support for old versions may be purchased (at exorbitant rates) by contacting i@izs.me
npm warn deprecated glob@10.5.0: Old versions of glob are not supported, and contain widely publicized security vulnerabilities, which have been fixed in the current version. Please update. Support for old versions may be purchased (at exorbitant rates) by contacting i@izs.me

added 1726 packages, and audited 1727 packages in 52s

310 packages are looking for funding
  run `npm fund` for details

51 vulnerabilities (2 low, 37 moderate, 11 high, 1 critical)

To address issues that do not require attention, run:
  npm audit fix

To address all issues (including breaking changes), run:
  npm audit fix --force

Run `npm audit` for details.
cd web && npm cache clean --force
npm warn using --force Recommended protections disabled.
--> 01453f74954e
[linux/amd64] [1/3] STEP 7/8: COPY web/ web/
--> d56d7f11f957
[linux/amd64] [1/3] STEP 8/8: RUN make build-frontend
cd web && npm run build

> distributed-tracing-console-plugin@1.0.0 build
> npm run clean && NODE_ENV=production npm run webpack


> distributed-tracing-console-plugin@1.0.0 clean
> rm -rf dist


> distributed-tracing-console-plugin@1.0.0 webpack
> node -r ts-node/register ./node_modules/.bin/webpack

assets by path assets/ 1.27 MiB
  assets by path assets/*.woff 740 KiB 42 assets
  assets by path assets/*.woff2 565 KiB
    asset assets/inter-latin-ext-600-normal..woff2 35.4 KiB [emitted] [from: ../node_modules/@fontsource/inter/files/inter-latin-ext-600-normal.woff2] (auxiliary id hint: vendors)
    + 41 assets
assets by path *.js 3.3 MiB
  assets by chunk 2.9 MiB (id hint: vendors)
    asset 9911-chunk-d5678a1d8861af23fdb1.min.js 2.59 MiB [emitted] [immutable] [minimized] [big] (id hint: vendors) 1 related asset
    asset 3864-chunk-a584ce5774a4b071dbe5.min.js 130 KiB [emitted] [immutable] [minimized] (id hint: vendors) 1 related asset
    asset 4123-chunk-55a800dcef5c3575529a.min.js 39.9 KiB [emitted] [immutable] [minimized] (id hint: vendors)
    + 9 assets
  + 66 assets
asset locales/en/plugin__distributed-tracing-console-plugin.json 4.29 KiB [emitted] [from: ../locales/en/plugin__distributed-tracing-console-plugin.json] [copied]
asset plugin-manifest.json 895 bytes [emitted]
orphan modules 21.1 MiB [orphan] 13444 modules
runtime modules 34.7 KiB 14 modules
built modules 10.2 MiB (javascript) 1.27 MiB (asset) 1.6 KiB (consume-shared) 1.39 KiB (share-init) [built]
  javascript modules 10.2 MiB 718 modules
  asset modules 1.27 MiB (asset) 3.45 KiB (javascript)
    modules by path ../node_modules/@fontsource/inter/files/*.woff2 565 KiB (asset) 1.72 KiB (javascript) 42 modules
    modules by path ../node_modules/@fontsource/inter/files/*.woff 740 KiB (asset) 1.72 KiB (javascript) 42 modules
  consume-shared-module modules 1.6 KiB
    modules by path consume shared module (default) @patternfly/ 1.39 KiB 34 modules
    modules by path *.1 (singleton) 84 bytes 2 modules
    + 3 modules
  provide-module modules 1.39 KiB
    modules by path provide shared module (default) @patternfly/react-core/dist/dynamic/ 924 bytes 22 modules
    modules by path provide shared module (default) @patternfly/react-icons/dist/dynamic/icons/ 504 bytes 12 modules

WARNING in asset size limit: The following asset(s) exceed the recommended size limit (244 KiB).
This can impact web performance.
Assets: 
  9911-chunk-d5678a1d8861af23fdb1.min.js (2.59 MiB)

webpack 5.106.2 compiled with 1 warning in 102655 ms
--> 09d6e4db5b21
[linux/amd64] [2/3] STEP 1/11: FROM brew.registry.redhat.io/rh-osbs/openshift-golang-builder:rhel_9_1.25 AS go-builder
[linux/amd64] [2/3] STEP 2/11: WORKDIR /opt/app-root
--> Using cache f5655b971b8e5def314c8de62517bac535c5bfd5e404bc30cae8b22d64cdba12
--> f5655b971b8e
[linux/amd64] [2/3] STEP 3/11: COPY Makefile Makefile
--> Using cache 959b7a8cef742fbb85358fdb5f8d192f5461afbc42cca1bad33edf55a0bcf393
--> 959b7a8cef74
[linux/amd64] [2/3] STEP 4/11: COPY go.mod go.mod
--> Using cache 0cf56a9bc78729b750033f601b0ab8c73236f596d64ec0dcce60093a98f0f01f
--> 0cf56a9bc787
[linux/amd64] [2/3] STEP 5/11: COPY go.sum go.sum
--> Using cache 110ee6de1cc2799158eeaa73a69e175ab9f8693366a49d7ca829618ec22a3f44
--> 110ee6de1cc2
[linux/amd64] [2/3] STEP 6/11: RUN go mod download
--> Using cache e0d28352256dce0af49710054df4e14b4da299c03071db8062269c44d883f95a
--> e0d28352256d
[linux/amd64] [2/3] STEP 7/11: COPY cmd/ cmd/
--> Using cache 1daf0027a076d917cdfb1365fd7abd235223efaa2efa35cda48dc36a750042c8
--> 1daf0027a076
[linux/amd64] [2/3] STEP 8/11: COPY pkg/ pkg/
--> Using cache a075d1601d6fe2330012d801b7f09ee35611706003b68a05df60fad9bd423893
--> a075d1601d6f
[linux/amd64] [2/3] STEP 9/11: ENV GOEXPERIMENT=strictfipsruntime
--> Using cache 728997c015d7a065290840eae49cafb07d1d9873baeadb28bfb3dbafc489a93d
--> 728997c015d7
[linux/amd64] [2/3] STEP 10/11: ENV CGO_ENABLED=1
--> Using cache 40233c1e82e5ae081d46581b1fd436b15129ae21c59be6041bf39a0f5fa527e8
--> 40233c1e82e5
[linux/amd64] [2/3] STEP 11/11: RUN make build-backend BUILD_OPTS="-tags strictfipsruntime"
--> Using cache a6aa65893023809ad529e27c1cae544729af6b0527c369d01dc4ddc5abefd9bd
--> a6aa65893023
[linux/arm64] [1/3] STEP 1/8: FROM registry.redhat.io/ubi8/nodejs-22:latest AS web-builder
Trying to pull registry.redhat.io/ubi8/nodejs-22:latest...
Getting image source signatures
Checking if image destination supports signatures
Copying blob sha256:9c0a1793084e9a11fba44a68c11220888008122bcbd5eb894963d70e555d75bc
Copying blob sha256:da55729cf854875cad7acdff202838b9dc44af2d7ba920c233669c98a9d9e22b
Copying blob sha256:3a146b9530838c8893e87ec7c60bb8a046d3cad63e4376bb9ee693ab88523c6a
Copying config sha256:bd54fb813d8ac1e5eb0bdb590f5224bdea51d73dc894175becf54135db7c6621
Writing manifest to image destination
Storing signatures
[linux/arm64] [1/3] STEP 2/8: WORKDIR /opt/app-root
--> Using cache e3bb7c09413c78a7bc6f54db05f03ff8e9b49d23a5893a75a454f6be867aa9b9
--> e3bb7c09413c
[linux/arm64] [1/3] STEP 3/8: USER 0
--> Using cache 7b306745faf5a9850cdb5035a74be4de205d419c4e18e4b4728f0fd848285374
--> 7b306745faf5
[linux/arm64] [1/3] STEP 4/8: COPY web/package*.json web/
--> 34bddafbcb77
[linux/arm64] [1/3] STEP 5/8: COPY Makefile Makefile
--> fe3734ec689e
[linux/arm64] [1/3] STEP 6/8: RUN make install-frontend-ci-clean
cd web && npm ci --ignore-scripts --omit=optional
npm warn deprecated whatwg-encoding@3.1.1: Use @exodus/bytes instead for a more spec-conformant and faster implementation
npm warn deprecated rimraf@3.0.2: Rimraf versions prior to v4 are no longer supported
npm warn deprecated inflight@1.0.6: This module is not supported, and leaks memory. Do not use it. Check out lru-cache if you want a good and tested way to coalesce async requests by a key value, which is much more comprehensive and powerful.
npm warn deprecated glob@7.2.3: Glob versions prior to v9 are no longer supported
npm warn deprecated rimraf@2.7.1: Rimraf versions prior to v4 are no longer supported
npm warn deprecated glob@10.5.0: Old versions of glob are not supported, and contain widely publicized security vulnerabilities, which have been fixed in the current version. Please update. Support for old versions may be purchased (at exorbitant rates) by contacting i@izs.me
npm warn deprecated glob@10.5.0: Old versions of glob are not supported, and contain widely publicized security vulnerabilities, which have been fixed in the current version. Please update. Support for old versions may be purchased (at exorbitant rates) by contacting i@izs.me
npm warn deprecated glob@10.5.0: Old versions of glob are not supported, and contain widely publicized security vulnerabilities, which have been fixed in the current version. Please update. Support for old versions may be purchased (at exorbitant rates) by contacting i@izs.me
npm warn deprecated glob@10.5.0: Old versions of glob are not supported, and contain widely publicized security vulnerabilities, which have been fixed in the current version. Please update. Support for old versions may be purchased (at exorbitant rates) by contacting i@izs.me

added 1726 packages, and audited 1727 packages in 38s

310 packages are looking for funding
  run `npm fund` for details

51 vulnerabilities (2 low, 37 moderate, 11 high, 1 critical)

To address issues that do not require attention, run:
  npm audit fix

To address all issues (including breaking changes), run:
  npm audit fix --force

Run `npm audit` for details.
cd web && npm cache clean --force
npm warn using --force Recommended protections disabled.
--> 3a715899a0bc
[linux/arm64] [1/3] STEP 7/8: COPY web/ web/
--> 5bc86614574c
[linux/arm64] [1/3] STEP 8/8: RUN make build-frontend
cd web && npm run build

> distributed-tracing-console-plugin@1.0.0 build
> npm run clean && NODE_ENV=production npm run webpack


> distributed-tracing-console-plugin@1.0.0 clean
> rm -rf dist


> distributed-tracing-console-plugin@1.0.0 webpack
> node -r ts-node/register ./node_modules/.bin/webpack

assets by path assets/ 1.27 MiB
  assets by path assets/*.woff 740 KiB 42 assets
  assets by path assets/*.woff2 565 KiB
    asset assets/inter-latin-ext-600-normal..woff2 35.4 KiB [emitted] [from: ../node_modules/@fontsource/inter/files/inter-latin-ext-600-normal.woff2] (auxiliary id hint: vendors)
    + 41 assets
assets by path *.js 3.3 MiB
  assets by chunk 2.9 MiB (id hint: vendors)
    asset 9911-chunk-d5678a1d8861af23fdb1.min.js 2.59 MiB [emitted] [immutable] [minimized] [big] (id hint: vendors) 1 related asset
    asset 3864-chunk-a584ce5774a4b071dbe5.min.js 130 KiB [emitted] [immutable] [minimized] (id hint: vendors) 1 related asset
    asset 4123-chunk-55a800dcef5c3575529a.min.js 39.9 KiB [emitted] [immutable] [minimized] (id hint: vendors)
    + 9 assets
  + 66 assets
asset locales/en/plugin__distributed-tracing-console-plugin.json 4.29 KiB [emitted] [from: ../locales/en/plugin__distributed-tracing-console-plugin.json] [copied]
asset plugin-manifest.json 895 bytes [emitted]
orphan modules 21.1 MiB [orphan] 13444 modules
runtime modules 34.7 KiB 14 modules
built modules 10.2 MiB (javascript) 1.27 MiB (asset) 1.6 KiB (consume-shared) 1.39 KiB (share-init) [built]
  javascript modules 10.2 MiB 718 modules
  asset modules 1.27 MiB (asset) 3.45 KiB (javascript)
    modules by path ../node_modules/@fontsource/inter/files/*.woff2 565 KiB (asset) 1.72 KiB (javascript) 42 modules
    modules by path ../node_modules/@fontsource/inter/files/*.woff 740 KiB (asset) 1.72 KiB (javascript) 42 modules
  consume-shared-module modules 1.6 KiB
    modules by path consume shared module (default) @patternfly/ 1.39 KiB 34 modules
    modules by path *.1 (singleton) 84 bytes 2 modules
    + 3 modules
  provide-module modules 1.39 KiB
    modules by path provide shared module (default) @patternfly/react-core/dist/dynamic/ 924 bytes 22 modules
    modules by path provide shared module (default) @patternfly/react-icons/dist/dynamic/icons/ 504 bytes 12 modules

WARNING in asset size limit: The following asset(s) exceed the recommended size limit (244 KiB).
This can impact web performance.
Assets: 
  9911-chunk-d5678a1d8861af23fdb1.min.js (2.59 MiB)

webpack 5.106.2 compiled with 1 warning in 69465 ms
--> 0880e8221575
[linux/amd64] [3/3] STEP 1/4: FROM registry.access.redhat.com/ubi9/ubi-minimal
[linux/amd64] [3/3] STEP 2/4: COPY --from=web-builder /opt/app-root/web/dist /opt/app-root/web/dist
--> 0a6b6dcf25a8
[linux/amd64] [3/3] STEP 3/4: COPY --from=go-builder /opt/app-root/plugin-backend /opt/app-root
--> 0de2ef8b989c
[linux/amd64] [3/3] STEP 4/4: ENTRYPOINT ["/opt/app-root/plugin-backend", "-static-path", "/opt/app-root/web/dist", "-config-path", "/opt/app-root/web/dist"]
[linux/amd64] [3/3] COMMIT
--> b8e233f9322b
[linux/arm64] [2/3] STEP 1/11: FROM brew.registry.redhat.io/rh-osbs/openshift-golang-builder:rhel_9_1.25 AS go-builder
b8e233f9322b8a73dd697c7917f776f8f85d34ac868c5a3723d64db316dd2a25
Trying to pull brew.registry.redhat.io/rh-osbs/openshift-golang-builder:rhel_9_1.25...
Getting image source signatures
Copying blob sha256:b98d37c87f15536538dc20373f6feca81ccf73779a63f168b7855ce2c2360cff
Copying blob sha256:9e9bee4738d78cc5b8c68706e99751b669394b1e52ebb360fabf583fee381119
Copying config sha256:6cc0ec0f03bcbce80b198dae197eb1ca379eb2fa2e7f2e456cf01f6464e2b1ec
Writing manifest to image destination
[linux/arm64] [2/3] STEP 2/11: WORKDIR /opt/app-root
--> Using cache 5c4c49ee91d3c4d2cf4683ac80fc91be4b68f60b42da036d8587500d28f5518c
--> 5c4c49ee91d3
[linux/arm64] [2/3] STEP 3/11: COPY Makefile Makefile
--> Using cache ede43e6a41c6347abbcb70ba9b4f7ecf307ebfb8bccba5ebd1be565c18b8cc00
--> ede43e6a41c6
[linux/arm64] [2/3] STEP 4/11: COPY go.mod go.mod
--> Using cache 20708e564e6167a542c309e337a80955e67ebb46999bd1cf95f23c8fcaac453d
--> 20708e564e61
[linux/arm64] [2/3] STEP 5/11: COPY go.sum go.sum
--> Using cache 50b5f22cc62bb92191261eb69dfc5ced761ccde8173597641f3d1a9aa51323dc
--> 50b5f22cc62b
[linux/arm64] [2/3] STEP 6/11: RUN go mod download
--> Using cache 3e664d1815a39b1c969747f04b0450a5726580d966dc5a3baff8c66edbe02450
--> 3e664d1815a3
[linux/arm64] [2/3] STEP 7/11: COPY cmd/ cmd/
--> Using cache a4ca3c6a32f0375fcfd14b19712bffc6f3ab2ff1060c21a02dc9aa8c71d2f346
--> a4ca3c6a32f0
[linux/arm64] [2/3] STEP 8/11: COPY pkg/ pkg/
--> Using cache 76ed69b51e83618f861d432ba40b2e72c63f1404c87d6f2c2761fd33200226c0
--> 76ed69b51e83
[linux/arm64] [2/3] STEP 9/11: ENV GOEXPERIMENT=strictfipsruntime
--> Using cache dcb2d778db8f8bea648315a25e4306fe4c61aaa4a434a8735b581140e474df21
--> dcb2d778db8f
[linux/arm64] [2/3] STEP 10/11: ENV CGO_ENABLED=1
--> Using cache 3aa2e3bbbd29032e96d8182750c8b1b825c7ce01ced8681fd24886bbe13704b6
--> 3aa2e3bbbd29
[linux/arm64] [2/3] STEP 11/11: RUN make build-backend BUILD_OPTS="-tags strictfipsruntime"
--> Using cache 22aedeb36a18aab7a7f4db4641b210c177e9cbb28064b514b196eab7b2bcb790
--> 22aedeb36a18
[linux/arm64] [3/3] STEP 1/4: FROM registry.access.redhat.com/ubi9/ubi-minimal
Trying to pull registry.access.redhat.com/ubi9/ubi-minimal:latest...
Getting image source signatures
Checking if image destination supports signatures
Copying blob sha256:06005d885e6ce6c0708c4294316153d2de40b8859a131bbba11795c4f1e5eb71
Copying config sha256:ea3bce457a2c31c50e142616d6ee41379ad84976306f88b36bfad9ec4344a41f
Writing manifest to image destination
Storing signatures
[linux/arm64] [3/3] STEP 2/4: COPY --from=web-builder /opt/app-root/web/dist /opt/app-root/web/dist
--> 30f40999cdb7
[linux/arm64] [3/3] STEP 3/4: COPY --from=go-builder /opt/app-root/plugin-backend /opt/app-root
--> f36bea06643c
[linux/arm64] [3/3] STEP 4/4: ENTRYPOINT ["/opt/app-root/plugin-backend", "-static-path", "/opt/app-root/web/dist", "-config-path", "/opt/app-root/web/dist"]
[linux/arm64] [3/3] COMMIT
--> f6534fbd50a0
f6534fbd50a00ffb2a04c85049d2b75c5ab3792a0a730ed1e8b3c27f526efab6
podman manifest push quay.io/openshift-observability-ui/distributed-tracing-console-plugin:v1.1.0
Getting image list signatures
Copying 2 images generated from 2 images in list
Copying image sha256:13d70226ccd3ea2c952d17d892b1b1144f3ee904572b69be36a91bbebee97d51 (1/2)
Getting image source signatures
Copying blob sha256:efec690a32011ba27fab2c7a64e0e2fb6374c23efa89f5c6e1584670e073ca14
Copying blob sha256:406a5ccd80c6331e8a03b3635a6436c032d410194d791a4b7d512c1b1cf9d4ef
Copying blob sha256:8b8f35804c50d9342b6f1de9f0800bb432335bec5abe3369ac7bfc92d829f92e
Copying config sha256:b8e233f9322b8a73dd697c7917f776f8f85d34ac868c5a3723d64db316dd2a25
Writing manifest to image destination
Copying image sha256:96aef200a61e82822015a8e4e891676373fdd3d6c7a262c1f4449a6473b8e08b (2/2)
Getting image source signatures
Copying blob sha256:1f2d258b660009a376e957bd6f77d6f07a942e3bace993fad5d07e71142b1739
Copying blob sha256:4295780a94d174d8da1dc4dd7ff0e754ca6c4dcbd2463f65316ad025beb87b00
Copying blob sha256:4dcd05e549eb67fc16de3df9b58f2657609c0f57406ab3022235f8f97a399805
Copying config sha256:f6534fbd50a00ffb2a04c85049d2b75c5ab3792a0a730ed1e8b3c27f526efab6
Writing manifest to image destination
Writing manifest list to image destination
Storing list signatures
==========================================
Building troubleshooting-panel-console-plugin @ release-coo-ocp-4.22 with VERSION=v1.0.0 ORG=openshift-observability-ui
==========================================
Switched to branch 'release-coo-ocp-4.22'
Your branch is behind 'origin/release-coo-ocp-4.22' by 2 commits, and can be fast-forwarded.
  (use "git pull" to update your local branch)
From https://github.com/openshift/troubleshooting-panel-console-plugin
 * branch            release-coo-ocp-4.22 -> FETCH_HEAD
Updating ae1a576..94d11ba
Fast-forward
 ...ugin__troubleshooting-panel-console-plugin.json |  1 -
 web/src/components/AdvancedSearchForm.tsx          | 48 ++++++++++++----------
 web/src/components/Korrel8rPanel.tsx               |  3 +-
 web/src/components/topology/Korrel8rTopology.tsx   | 10 ++++-
 4 files changed, 37 insertions(+), 25 deletions(-)
--- Attempt 1/3 ---
podman manifest rm quay.io/openshift-observability-ui/troubleshooting-panel-console-plugin:v1.0.0 || true
Error: quay.io/openshift-observability-ui/troubleshooting-panel-console-plugin:v1.0.0: image not known
podman manifest create quay.io/openshift-observability-ui/troubleshooting-panel-console-plugin:v1.0.0
aed288fad19869f5de5bb6dcfebe89b8c4071682017d6a1cbb0472fbc303af8c
podman build --platform=linux/arm64,linux/amd64 --manifest quay.io/openshift-observability-ui/troubleshooting-panel-console-plugin:v1.0.0 -f Dockerfile
[linux/arm64] [1/3] STEP 1/8: FROM registry.access.redhat.com/ubi8/nodejs-22:latest AS web-builder
[linux/arm64] [1/3] STEP 2/8: WORKDIR /opt/app-root
--> Using cache e3bb7c09413c78a7bc6f54db05f03ff8e9b49d23a5893a75a454f6be867aa9b9
--> e3bb7c09413c
[linux/arm64] [1/3] STEP 3/8: USER 0
--> Using cache 7b306745faf5a9850cdb5035a74be4de205d419c4e18e4b4728f0fd848285374
--> 7b306745faf5
[linux/arm64] [1/3] STEP 4/8: COPY web/package*.json web/
--> 6ef9acd9574d
[linux/arm64] [1/3] STEP 5/8: COPY Makefile Makefile
--> f91fb814f825
[linux/arm64] [1/3] STEP 6/8: RUN make install-frontend
cd web && npm install
npm warn deprecated whatwg-encoding@3.1.1: Use @exodus/bytes instead for a more spec-conformant and faster implementation
npm warn deprecated rimraf@3.0.2: Rimraf versions prior to v4 are no longer supported
npm warn deprecated popper.js@1.16.1: You can find the new Popper v2 at @popperjs/core, this package is dedicated to the legacy v1
npm warn deprecated inflight@1.0.6: This module is not supported, and leaks memory. Do not use it. Check out lru-cache if you want a good and tested way to coalesce async requests by a key value, which is much more comprehensive and powerful.
npm warn deprecated i18next-parser@9.4.0: Project is deprecated, use i18next-cli instead
npm warn deprecated glob@7.2.3: Old versions of glob are not supported, and contain widely publicized security vulnerabilities, which have been fixed in the current version. Please update. Support for old versions may be purchased (at exorbitant rates) by contacting i@izs.me
npm warn deprecated domexception@4.0.0: Use your platform's native DOMException instead
npm warn deprecated abab@2.0.6: Use your platform's native atob() and btoa() methods instead
npm warn deprecated @fortawesome/react-fontawesome@0.2.6: v0.2.x is no longer supported. Unless you are still using FontAwesome 5, please update to v3.1.1 or greater.
npm warn deprecated glob@10.5.0: Old versions of glob are not supported, and contain widely publicized security vulnerabilities, which have been fixed in the current version. Please update. Support for old versions may be purchased (at exorbitant rates) by contacting i@izs.me
npm warn deprecated glob@10.5.0: Old versions of glob are not supported, and contain widely publicized security vulnerabilities, which have been fixed in the current version. Please update. Support for old versions may be purchased (at exorbitant rates) by contacting i@izs.me
npm warn deprecated whatwg-encoding@2.0.0: Use @exodus/bytes instead for a more spec-conformant and faster implementation
npm warn deprecated whatwg-encoding@2.0.0: Use @exodus/bytes instead for a more spec-conformant and faster implementation

added 1556 packages, and audited 1557 packages in 1m

329 packages are looking for funding
  run `npm fund` for details

56 vulnerabilities (3 low, 41 moderate, 11 high, 1 critical)

To address issues that do not require attention, run:
  npm audit fix

To address all issues (including breaking changes), run:
  npm audit fix --force

Run `npm audit` for details.
--> 249c680b67bd
[linux/arm64] [1/3] STEP 7/8: COPY web/ web/
--> 189e986367b3
[linux/arm64] [1/3] STEP 8/8: RUN make build-frontend
cd web && npm run lint && npm run lint:tsc

> troubleshooting-panel-console-plugin@0.4.0 lint
> eslint ./src --fix &&  stylelint "src/**/*.css" --allow-empty-input --fix


> troubleshooting-panel-console-plugin@0.4.0 lint:tsc
> tsc --noEmit

cd web && npm run i18n && npm run build

> troubleshooting-panel-console-plugin@0.4.0 i18n
> i18n-scripts/build-i18n.sh && node i18n-scripts/set-english-defaults.js

+ FILE_PATTERN='{!(dist|node_modules)/**/*.{js,jsx,ts,tsx,json},*.{js,jsx,ts,tsx,json}}'
+ i18next '{!(dist|node_modules)/**/*.{js,jsx,ts,tsx,json},*.{js,jsx,ts,tsx,json}}' '[-oc]' -c ./i18next-parser.config.js -o 'locales/$LOCALE/$NAMESPACE.json'

  i18next Parser
  --------------
  Input:  {!(dist|node_modules)/**/*.{js,jsx,ts,tsx,json},*.{js,jsx,ts,tsx,json}}, [-oc]
  Output: locales/$LOCALE/$NAMESPACE.json

  [read]    /opt/app-root/web/console-extensions.json
  [read]    /opt/app-root/web/cypress.config.ts
  [read]    /opt/app-root/web/cypress/e2e/acceptance.cy.ts
  [read]    /opt/app-root/web/cypress/fixtures/data-test.ts
  [read]    /opt/app-root/web/cypress/support/commands/auth-commands.ts
  [read]    /opt/app-root/web/cypress/support/commands/env.ts
  [read]    /opt/app-root/web/cypress/support/commands/selector-commands.ts
  [read]    /opt/app-root/web/cypress/support/commands/troubeshoot-commands.ts
  [read]    /opt/app-root/web/cypress/support/commands/utility-commands.ts
  [read]    /opt/app-root/web/cypress/support/e2e.ts
  [read]    /opt/app-root/web/cypress/tsconfig.json
  [read]    /opt/app-root/web/cypress/views/nav.ts
  [read]    /opt/app-root/web/cypress/views/tour.ts
  [read]    /opt/app-root/web/cypress/views/utils.ts
  [read]    /opt/app-root/web/eslint.config.ts
  [read]    /opt/app-root/web/i18n-scripts/common.js
  [read]    /opt/app-root/web/i18n-scripts/set-english-defaults.js
  [read]    /opt/app-root/web/i18next-parser.config.js
  [read]    /opt/app-root/web/jest.config.js
  [read]    /opt/app-root/web/locales/en/plugin__troubleshooting-panel-console-plugin.json
  [read]    /opt/app-root/web/openapi-ts.config.ts
  [read]    /opt/app-root/web/package-lock.json
  [read]    /opt/app-root/web/package.json
  [read]    /opt/app-root/web/src/__tests__/agentNavigation.spec.ts
  [read]    /opt/app-root/web/src/__tests__/alert.spec.ts
  [read]    /opt/app-root/web/src/__tests__/icons-preview.spec.tsx
  [read]    /opt/app-root/web/src/__tests__/k8s.spec.ts
  [read]    /opt/app-root/web/src/__tests__/log.spec.ts
  [read]    /opt/app-root/web/src/__tests__/metric.spec.ts
  [read]    /opt/app-root/web/src/__tests__/netflow.spec.ts
  [read]    /opt/app-root/web/src/__tests__/status.spec.ts
  [read]    /opt/app-root/web/src/__tests__/time.spec.ts
  [read]    /opt/app-root/web/src/__tests__/trace.spec.ts
  [read]    /opt/app-root/web/src/__tests__/types.spec.ts
  [read]    /opt/app-root/web/src/components/AdvancedSearchForm.tsx
  [read]    /opt/app-root/web/src/components/AgentMenu.tsx
  [read]    /opt/app-root/web/src/components/AIExperienceIcon.tsx
  [read]    /opt/app-root/web/src/components/DateTimePicker.tsx
  [read]    /opt/app-root/web/src/components/DateTimeRangePicker.tsx
  [read]    /opt/app-root/web/src/components/HelpPopover.tsx
  [read]    /opt/app-root/web/src/components/icons.tsx
  [read]    /opt/app-root/web/src/components/Korrel8rPanel.tsx
  [read]    /opt/app-root/web/src/components/KubernetesIcon.tsx
  [read]    /opt/app-root/web/src/components/NullContextProvider.tsx
  [read]    /opt/app-root/web/src/components/Popover.tsx
  [read]    /opt/app-root/web/src/components/TimeRangeDropdown.tsx
  [read]    /opt/app-root/web/src/components/TimeUnitPicker.tsx
  [read]    /opt/app-root/web/src/components/topology/Korrel8rTopology.tsx
  [read]    /opt/app-root/web/src/components/topology/status.ts
  [read]    /opt/app-root/web/src/encoder-shim.ts
  [read]    /opt/app-root/web/src/getResources.ts
  [read]    /opt/app-root/web/src/hooks/useAgentNavigation.ts
  [read]    /opt/app-root/web/src/hooks/useBoolean.ts
  [read]    /opt/app-root/web/src/hooks/useDomains.tsx
  [read]    /opt/app-root/web/src/hooks/useFeatures.ts
  [read]    /opt/app-root/web/src/hooks/useLocationQuery.ts
  [read]    /opt/app-root/web/src/hooks/useNavigateToQuery.ts
  [read]    /opt/app-root/web/src/hooks/usePluginAvailable.ts
  [read]    /opt/app-root/web/src/hooks/usePopover.tsx
  [read]    /opt/app-root/web/src/hooks/useTimeUnitLabel.tsx
  [read]    /opt/app-root/web/src/hooks/useTroubleshootingPanel.tsx
  [read]    /opt/app-root/web/src/index.d.ts
  [read]    /opt/app-root/web/src/korrel8r-client.ts
  [read]    /opt/app-root/web/src/korrel8r/alert.ts
  [read]    /opt/app-root/web/src/korrel8r/client/client.gen.ts
  [read]    /opt/app-root/web/src/korrel8r/client/client/client.gen.ts
  [read]    /opt/app-root/web/src/korrel8r/client/client/index.ts
  [read]    /opt/app-root/web/src/korrel8r/client/client/types.gen.ts
  [read]    /opt/app-root/web/src/korrel8r/client/client/utils.gen.ts
  [read]    /opt/app-root/web/src/korrel8r/client/core/auth.gen.ts
  [read]    /opt/app-root/web/src/korrel8r/client/core/bodySerializer.gen.ts
  [read]    /opt/app-root/web/src/korrel8r/client/core/params.gen.ts
  [read]    /opt/app-root/web/src/korrel8r/client/core/pathSerializer.gen.ts
  [read]    /opt/app-root/web/src/korrel8r/client/core/queryKeySerializer.gen.ts
  [read]    /opt/app-root/web/src/korrel8r/client/core/serverSentEvents.gen.ts
  [read]    /opt/app-root/web/src/korrel8r/client/core/types.gen.ts
  [read]    /opt/app-root/web/src/korrel8r/client/core/utils.gen.ts
  [read]    /opt/app-root/web/src/korrel8r/client/index.ts
  [read]    /opt/app-root/web/src/korrel8r/client/sdk.gen.ts
  [read]    /opt/app-root/web/src/korrel8r/client/types.gen.ts
  [read]    /opt/app-root/web/src/korrel8r/k8s.ts
  [read]    /opt/app-root/web/src/korrel8r/log.ts
  [read]    /opt/app-root/web/src/korrel8r/metric.ts
  [read]    /opt/app-root/web/src/korrel8r/netflow.ts
  [read]    /opt/app-root/web/src/korrel8r/trace.ts
  [read]    /opt/app-root/web/src/korrel8r/types.ts
  [read]    /opt/app-root/web/src/redux-actions.ts
  [read]    /opt/app-root/web/src/redux-reducers.ts
  [read]    /opt/app-root/web/src/sleep.ts
  [read]    /opt/app-root/web/src/time.ts
  [read]    /opt/app-root/web/tsconfig.json
  [read]    /opt/app-root/web/webpack.config.ts
  [write]   /opt/app-root/web/locales/en/plugin__troubleshooting-panel-console-plugin.json

  Stats:  92 files were parsed

> troubleshooting-panel-console-plugin@0.4.0 build
> npm run clean && npm run ts-node node_modules/.bin/webpack


> troubleshooting-panel-console-plugin@0.4.0 clean
> rm -rf dist


> troubleshooting-panel-console-plugin@0.4.0 ts-node
> ts-node -O '{"module":"commonjs"}' node_modules/.bin/webpack

assets by path *.js 4.68 MiB
  assets by chunk 3.63 MiB (id hint: vendors)
    asset vendors-node_modules_fortawesome_react-fontawesome_index_es_js-node_modules_patternfly_react--68e614-chunk.js 1.4 MiB [emitted] (id hint: vendors) 1 related asset
    asset vendors-node_modules_patternfly_react-core_dist_esm_helpers_Popper_Popper_js-chunk.js 1.16 MiB [emitted] (id hint: vendors) 1 related asset
    asset vendors-node_modules_immutable_dist_immutable_es_js-node_modules_typesafe-actions_dist_typesa-cdf261-chunk.js 183 KiB [emitted] (id hint: vendors) 1 related asset
    asset vendors-node_modules_patternfly_react-core_dist_esm_components_DatePicker_index_js-chunk.js 94.8 KiB [emitted] (id hint: vendors) 1 related asset
    asset vendors-node_modules_patternfly_react-core_dist_esm_components_Menu_Menu_js-node_modules_patt-b35725-chunk.js 90.8 KiB [emitted] (id hint: vendors) 1 related asset
    asset vendors-node_modules_patternfly_react-core_dist_esm_helpers_FocusTrap_FocusTrap_js-node_modul-246622-chunk.js 80.1 KiB [emitted] (id hint: vendors) 1 related asset
    asset vendors-node_modules_patternfly_react-core_dist_esm_components_Form_index_js-chunk.js 63.3 KiB [emitted] (id hint: vendors) 1 related asset
    asset vendors-node_modules_patternfly_react-core_dist_esm_components_TimePicker_index_js-chunk.js 56.3 KiB [emitted] (id hint: vendors) 1 related asset
    asset vendors-node_modules_patternfly_react-core_dist_esm_components_EmptyState_index_js-chunk.js 54.1 KiB [emitted] (id hint: vendors) 1 related asset
    + 13 assets
  + 84 assets
asset locales/en/plugin__troubleshooting-panel-console-plugin.json 3.61 KiB [emitted] [from: ../locales/en/plugin__troubleshooting-panel-console-plugin.json] [copied]
asset plugin-manifest.json 1.19 KiB [emitted]
orphan modules 48.9 KiB [orphan] 74 modules
runtime modules 89.5 KiB 12 modules
javascript modules 3.21 MiB 400 modules
consume-shared-module modules 2.09 KiB
  modules by path consume shared module (default) @patternfly/ 1.89 KiB 46 modules
  modules by path *.1 (singleton) 84 bytes 2 modules
  + 3 modules
provide-module modules 1.85 KiB
  modules by path provide shared module (default) @patternfly/react-core/dist/dynamic/ 1.23 KiB 30 modules
  modules by path provide shared module (default) @patternfly/react-icons/dist/dynamic/icons/ 630 bytes
    provide shared module (default) @patternfly/react-icons/dist/dynamic/icons/atten...(truncated) 42 bytes [built] [code generated]
    provide shared module (default) @patternfly/react-icons/dist/dynamic/icons/ban-i...(truncated) 42 bytes [built] [code generated]
    + 13 modules
../node_modules/@fortawesome/fontawesome-svg-core/package.json 1.39 KiB [optional] [built] [code generated]

LOG from @openshift-console/dynamic-plugin-sdk-webpack/lib/webpack/loaders/dynamic-module-import-loader ../node_modules/swc-loader/src/index.js!./components/KubernetesIcon.tsx
<w> Non-index and non-dynamic module import @patternfly/react-icons/dist/esm/createIcon

webpack 5.106.0 compiled successfully in 2344 ms
--> d14db9641d59
[linux/arm64] [2/3] STEP 1/11: FROM registry.ci.openshift.org/ocp/builder:rhel-8-golang-1.24-openshift-4.20 AS go-builder
[linux/arm64] [2/3] STEP 2/11: WORKDIR /opt/app-root
--> Using cache 2eb4427a7c8c54018f88b3da8f62bddbf672dc5c5222c7bfaf56f991bafcd8f5
--> 2eb4427a7c8c
[linux/arm64] [2/3] STEP 3/11: COPY Makefile Makefile
--> 7255a7eac037
[linux/arm64] [2/3] STEP 4/11: COPY go.mod go.mod
--> 6592812dba4c
[linux/arm64] [2/3] STEP 5/11: COPY go.sum go.sum
--> 66ee45ce4cf2
[linux/arm64] [2/3] STEP 6/11: RUN go mod download
--> 043ac60ca7f1
[linux/arm64] [2/3] STEP 7/11: COPY cmd/ cmd/
--> 647ec49fdccc
[linux/arm64] [2/3] STEP 8/11: COPY pkg/ pkg/
--> 3092e530401f
[linux/arm64] [2/3] STEP 9/11: ENV GOEXPERIMENT=strictfipsruntime
--> 709eb74b7566
[linux/arm64] [2/3] STEP 10/11: ENV CGO_ENABLED=1
--> 7ef5160bf9ad
[linux/arm64] [2/3] STEP 11/11: RUN make build-backend BUILD_OPTS="-tags strictfipsruntime"
go build -tags strictfipsruntime -o plugin-backend -mod=readonly cmd/plugin-backend.go
--> 630a1b8f0fb4
[linux/amd64] [1/3] STEP 1/8: FROM registry.access.redhat.com/ubi8/nodejs-22:latest AS web-builder
Trying to pull registry.access.redhat.com/ubi8/nodejs-22:latest...
Getting image source signatures
Checking if image destination supports signatures
Copying blob sha256:245f1b069b431ca5b78c4eaff28999c523feb10acce56458483315e822a73edb
Copying blob sha256:d94b7f2d9d19987c602209c1ca7a5079ecb05168dbcf6c0c2a67e55808e6bb05
Copying blob sha256:058fb0f09035753ae475f735e832016dc02d8f9358ef9a3a6dd62cbbe9939b2c
Copying config sha256:7e191c97832b39d7994f1410689998ba37e1bc64c5b3457acb9ba3a6b4f3738c
Writing manifest to image destination
Storing signatures
[linux/amd64] [1/3] STEP 2/8: WORKDIR /opt/app-root
--> Using cache 100668934e90bb883cfb300a9afad3010848d09eeff9310c6b118b5d02e43324
--> 100668934e90
[linux/amd64] [1/3] STEP 3/8: USER 0
--> Using cache 40d51dae1f682cca419043159e4349d880e7793e067ccf0ea8f50cf9b37d7c70
--> 40d51dae1f68
[linux/amd64] [1/3] STEP 4/8: COPY web/package*.json web/
--> 8083f4f93b96
[linux/amd64] [1/3] STEP 5/8: COPY Makefile Makefile
--> d6628e717d6d
[linux/amd64] [1/3] STEP 6/8: RUN make install-frontend
cd web && npm install
npm warn deprecated whatwg-encoding@3.1.1: Use @exodus/bytes instead for a more spec-conformant and faster implementation
npm warn deprecated rimraf@3.0.2: Rimraf versions prior to v4 are no longer supported
npm warn deprecated inflight@1.0.6: This module is not supported, and leaks memory. Do not use it. Check out lru-cache if you want a good and tested way to coalesce async requests by a key value, which is much more comprehensive and powerful.
npm warn deprecated glob@7.2.3: Old versions of glob are not supported, and contain widely publicized security vulnerabilities, which have been fixed in the current version. Please update. Support for old versions may be purchased (at exorbitant rates) by contacting i@izs.me
npm warn deprecated i18next-parser@9.4.0: Project is deprecated, use i18next-cli instead
npm warn deprecated domexception@4.0.0: Use your platform's native DOMException instead
npm warn deprecated popper.js@1.16.1: You can find the new Popper v2 at @popperjs/core, this package is dedicated to the legacy v1
npm warn deprecated abab@2.0.6: Use your platform's native atob() and btoa() methods instead
npm warn deprecated @fortawesome/react-fontawesome@0.2.6: v0.2.x is no longer supported. Unless you are still using FontAwesome 5, please update to v3.1.1 or greater.
npm warn deprecated glob@10.5.0: Old versions of glob are not supported, and contain widely publicized security vulnerabilities, which have been fixed in the current version. Please update. Support for old versions may be purchased (at exorbitant rates) by contacting i@izs.me
npm warn deprecated whatwg-encoding@2.0.0: Use @exodus/bytes instead for a more spec-conformant and faster implementation
npm warn deprecated whatwg-encoding@2.0.0: Use @exodus/bytes instead for a more spec-conformant and faster implementation
npm warn deprecated glob@10.5.0: Old versions of glob are not supported, and contain widely publicized security vulnerabilities, which have been fixed in the current version. Please update. Support for old versions may be purchased (at exorbitant rates) by contacting i@izs.me

added 1556 packages, and audited 1557 packages in 1m

329 packages are looking for funding
  run `npm fund` for details

56 vulnerabilities (3 low, 41 moderate, 11 high, 1 critical)

To address issues that do not require attention, run:
  npm audit fix

To address all issues (including breaking changes), run:
  npm audit fix --force

Run `npm audit` for details.
--> f31b1a5d6cdf
[linux/amd64] [1/3] STEP 7/8: COPY web/ web/
--> 8145aeaa1236
[linux/amd64] [1/3] STEP 8/8: RUN make build-frontend
cd web && npm run lint && npm run lint:tsc

> troubleshooting-panel-console-plugin@0.4.0 lint
> eslint ./src --fix &&  stylelint "src/**/*.css" --allow-empty-input --fix


> troubleshooting-panel-console-plugin@0.4.0 lint:tsc
> tsc --noEmit

cd web && npm run i18n && npm run build

> troubleshooting-panel-console-plugin@0.4.0 i18n
> i18n-scripts/build-i18n.sh && node i18n-scripts/set-english-defaults.js

+ FILE_PATTERN='{!(dist|node_modules)/**/*.{js,jsx,ts,tsx,json},*.{js,jsx,ts,tsx,json}}'
+ i18next '{!(dist|node_modules)/**/*.{js,jsx,ts,tsx,json},*.{js,jsx,ts,tsx,json}}' '[-oc]' -c ./i18next-parser.config.js -o 'locales/$LOCALE/$NAMESPACE.json'

  i18next Parser
  --------------
  Input:  {!(dist|node_modules)/**/*.{js,jsx,ts,tsx,json},*.{js,jsx,ts,tsx,json}}, [-oc]
  Output: locales/$LOCALE/$NAMESPACE.json

  [read]    /opt/app-root/web/console-extensions.json
  [read]    /opt/app-root/web/cypress.config.ts
  [read]    /opt/app-root/web/cypress/e2e/acceptance.cy.ts
  [read]    /opt/app-root/web/cypress/fixtures/data-test.ts
  [read]    /opt/app-root/web/cypress/support/commands/auth-commands.ts
  [read]    /opt/app-root/web/cypress/support/commands/env.ts
  [read]    /opt/app-root/web/cypress/support/commands/selector-commands.ts
  [read]    /opt/app-root/web/cypress/support/commands/troubeshoot-commands.ts
  [read]    /opt/app-root/web/cypress/support/commands/utility-commands.ts
  [read]    /opt/app-root/web/cypress/support/e2e.ts
  [read]    /opt/app-root/web/cypress/tsconfig.json
  [read]    /opt/app-root/web/cypress/views/nav.ts
  [read]    /opt/app-root/web/cypress/views/tour.ts
  [read]    /opt/app-root/web/cypress/views/utils.ts
  [read]    /opt/app-root/web/eslint.config.ts
  [read]    /opt/app-root/web/i18n-scripts/common.js
  [read]    /opt/app-root/web/i18n-scripts/set-english-defaults.js
  [read]    /opt/app-root/web/i18next-parser.config.js
  [read]    /opt/app-root/web/jest.config.js
  [read]    /opt/app-root/web/locales/en/plugin__troubleshooting-panel-console-plugin.json
  [read]    /opt/app-root/web/openapi-ts.config.ts
  [read]    /opt/app-root/web/package-lock.json
  [read]    /opt/app-root/web/package.json
  [read]    /opt/app-root/web/src/__tests__/agentNavigation.spec.ts
  [read]    /opt/app-root/web/src/__tests__/alert.spec.ts
  [read]    /opt/app-root/web/src/__tests__/icons-preview.spec.tsx
  [read]    /opt/app-root/web/src/__tests__/k8s.spec.ts
  [read]    /opt/app-root/web/src/__tests__/log.spec.ts
  [read]    /opt/app-root/web/src/__tests__/metric.spec.ts
  [read]    /opt/app-root/web/src/__tests__/netflow.spec.ts
  [read]    /opt/app-root/web/src/__tests__/status.spec.ts
  [read]    /opt/app-root/web/src/__tests__/time.spec.ts
  [read]    /opt/app-root/web/src/__tests__/trace.spec.ts
  [read]    /opt/app-root/web/src/__tests__/types.spec.ts
  [read]    /opt/app-root/web/src/components/AdvancedSearchForm.tsx
  [read]    /opt/app-root/web/src/components/AgentMenu.tsx
  [read]    /opt/app-root/web/src/components/AIExperienceIcon.tsx
  [read]    /opt/app-root/web/src/components/DateTimePicker.tsx
  [read]    /opt/app-root/web/src/components/DateTimeRangePicker.tsx
  [read]    /opt/app-root/web/src/components/HelpPopover.tsx
  [read]    /opt/app-root/web/src/components/icons.tsx
  [read]    /opt/app-root/web/src/components/Korrel8rPanel.tsx
  [read]    /opt/app-root/web/src/components/KubernetesIcon.tsx
  [read]    /opt/app-root/web/src/components/NullContextProvider.tsx
  [read]    /opt/app-root/web/src/components/Popover.tsx
  [read]    /opt/app-root/web/src/components/TimeRangeDropdown.tsx
  [read]    /opt/app-root/web/src/components/TimeUnitPicker.tsx
  [read]    /opt/app-root/web/src/components/topology/Korrel8rTopology.tsx
  [read]    /opt/app-root/web/src/components/topology/status.ts
  [read]    /opt/app-root/web/src/encoder-shim.ts
  [read]    /opt/app-root/web/src/getResources.ts
  [read]    /opt/app-root/web/src/hooks/useAgentNavigation.ts
  [read]    /opt/app-root/web/src/hooks/useBoolean.ts
  [read]    /opt/app-root/web/src/hooks/useDomains.tsx
  [read]    /opt/app-root/web/src/hooks/useFeatures.ts
  [read]    /opt/app-root/web/src/hooks/useLocationQuery.ts
  [read]    /opt/app-root/web/src/hooks/useNavigateToQuery.ts
  [read]    /opt/app-root/web/src/hooks/usePluginAvailable.ts
  [read]    /opt/app-root/web/src/hooks/usePopover.tsx
  [read]    /opt/app-root/web/src/hooks/useTimeUnitLabel.tsx
  [read]    /opt/app-root/web/src/hooks/useTroubleshootingPanel.tsx
  [read]    /opt/app-root/web/src/index.d.ts
  [read]    /opt/app-root/web/src/korrel8r-client.ts
  [read]    /opt/app-root/web/src/korrel8r/alert.ts
  [read]    /opt/app-root/web/src/korrel8r/client/client.gen.ts
  [read]    /opt/app-root/web/src/korrel8r/client/client/client.gen.ts
  [read]    /opt/app-root/web/src/korrel8r/client/client/index.ts
  [read]    /opt/app-root/web/src/korrel8r/client/client/types.gen.ts
  [read]    /opt/app-root/web/src/korrel8r/client/client/utils.gen.ts
  [read]    /opt/app-root/web/src/korrel8r/client/core/auth.gen.ts
  [read]    /opt/app-root/web/src/korrel8r/client/core/bodySerializer.gen.ts
  [read]    /opt/app-root/web/src/korrel8r/client/core/params.gen.ts
  [read]    /opt/app-root/web/src/korrel8r/client/core/pathSerializer.gen.ts
  [read]    /opt/app-root/web/src/korrel8r/client/core/queryKeySerializer.gen.ts
  [read]    /opt/app-root/web/src/korrel8r/client/core/serverSentEvents.gen.ts
  [read]    /opt/app-root/web/src/korrel8r/client/core/types.gen.ts
  [read]    /opt/app-root/web/src/korrel8r/client/core/utils.gen.ts
  [read]    /opt/app-root/web/src/korrel8r/client/index.ts
  [read]    /opt/app-root/web/src/korrel8r/client/sdk.gen.ts
  [read]    /opt/app-root/web/src/korrel8r/client/types.gen.ts
  [read]    /opt/app-root/web/src/korrel8r/k8s.ts
  [read]    /opt/app-root/web/src/korrel8r/log.ts
  [read]    /opt/app-root/web/src/korrel8r/metric.ts
  [read]    /opt/app-root/web/src/korrel8r/netflow.ts
  [read]    /opt/app-root/web/src/korrel8r/trace.ts
  [read]    /opt/app-root/web/src/korrel8r/types.ts
  [read]    /opt/app-root/web/src/redux-actions.ts
  [read]    /opt/app-root/web/src/redux-reducers.ts
  [read]    /opt/app-root/web/src/sleep.ts
  [read]    /opt/app-root/web/src/time.ts
  [read]    /opt/app-root/web/tsconfig.json
  [read]    /opt/app-root/web/webpack.config.ts
  [write]   /opt/app-root/web/locales/en/plugin__troubleshooting-panel-console-plugin.json

  Stats:  92 files were parsed

> troubleshooting-panel-console-plugin@0.4.0 build
> npm run clean && npm run ts-node node_modules/.bin/webpack


> troubleshooting-panel-console-plugin@0.4.0 clean
> rm -rf dist


> troubleshooting-panel-console-plugin@0.4.0 ts-node
> ts-node -O '{"module":"commonjs"}' node_modules/.bin/webpack

assets by path *.js 4.68 MiB
  assets by chunk 3.63 MiB (id hint: vendors)
    asset vendors-node_modules_fortawesome_react-fontawesome_index_es_js-node_modules_patternfly_react--68e614-chunk.js 1.4 MiB [emitted] (id hint: vendors) 1 related asset
    asset vendors-node_modules_patternfly_react-core_dist_esm_helpers_Popper_Popper_js-chunk.js 1.16 MiB [emitted] (id hint: vendors) 1 related asset
    asset vendors-node_modules_immutable_dist_immutable_es_js-node_modules_typesafe-actions_dist_typesa-cdf261-chunk.js 183 KiB [emitted] (id hint: vendors) 1 related asset
    asset vendors-node_modules_patternfly_react-core_dist_esm_components_DatePicker_index_js-chunk.js 94.8 KiB [emitted] (id hint: vendors) 1 related asset
    asset vendors-node_modules_patternfly_react-core_dist_esm_components_Menu_Menu_js-node_modules_patt-b35725-chunk.js 90.8 KiB [emitted] (id hint: vendors) 1 related asset
    asset vendors-node_modules_patternfly_react-core_dist_esm_helpers_FocusTrap_FocusTrap_js-node_modul-246622-chunk.js 80.1 KiB [emitted] (id hint: vendors) 1 related asset
    asset vendors-node_modules_patternfly_react-core_dist_esm_components_Form_index_js-chunk.js 63.3 KiB [emitted] (id hint: vendors) 1 related asset
    asset vendors-node_modules_patternfly_react-core_dist_esm_components_TimePicker_index_js-chunk.js 56.3 KiB [emitted] (id hint: vendors) 1 related asset
    asset vendors-node_modules_patternfly_react-core_dist_esm_components_EmptyState_index_js-chunk.js 54.1 KiB [emitted] (id hint: vendors) 1 related asset
    + 13 assets
  + 84 assets
asset locales/en/plugin__troubleshooting-panel-console-plugin.json 3.61 KiB [emitted] [from: ../locales/en/plugin__troubleshooting-panel-console-plugin.json] [copied]
asset plugin-manifest.json 1.19 KiB [emitted]
orphan modules 48.9 KiB [orphan] 74 modules
runtime modules 89.5 KiB 12 modules
javascript modules 3.21 MiB 400 modules
consume-shared-module modules 2.09 KiB
  modules by path consume shared module (default) @patternfly/ 1.89 KiB 46 modules
  modules by path *.1 (singleton) 84 bytes 2 modules
  + 3 modules
provide-module modules 1.85 KiB
  modules by path provide shared module (default) @patternfly/react-core/dist/dynamic/ 1.23 KiB 30 modules
  modules by path provide shared module (default) @patternfly/react-icons/dist/dynamic/icons/ 630 bytes
    provide shared module (default) @patternfly/react-icons/dist/dynamic/icons/atten...(truncated) 42 bytes [built] [code generated]
    provide shared module (default) @patternfly/react-icons/dist/dynamic/icons/ban-i...(truncated) 42 bytes [built] [code generated]
    + 13 modules
../node_modules/@fortawesome/fontawesome-svg-core/package.json 1.39 KiB [optional] [built] [code generated]

LOG from @openshift-console/dynamic-plugin-sdk-webpack/lib/webpack/loaders/dynamic-module-import-loader ../node_modules/swc-loader/src/index.js!./components/KubernetesIcon.tsx
<w> Non-index and non-dynamic module import @patternfly/react-icons/dist/esm/createIcon

webpack 5.106.0 compiled successfully in 4163 ms
--> f1d9c03a6b62
[linux/arm64] [3/3] STEP 1/4: FROM registry.access.redhat.com/ubi8/ubi
[linux/arm64] [3/3] STEP 2/4: COPY --from=web-builder /opt/app-root/web/dist /opt/app-root/web/dist
--> f069bf5114b2
[linux/arm64] [3/3] STEP 3/4: COPY --from=go-builder /opt/app-root/plugin-backend /opt/app-root
--> f4feee277396
[linux/arm64] [3/3] STEP 4/4: ENTRYPOINT ["/opt/app-root/plugin-backend", "-static-path", "/opt/app-root/web/dist"]
[linux/arm64] [3/3] COMMIT
--> 94d010677284
[linux/amd64] [2/3] STEP 1/11: FROM registry.ci.openshift.org/ocp/builder:rhel-8-golang-1.24-openshift-4.20 AS go-builder
94d010677284e8fbbc8cadbca60955a5a9bf75446a6c9de8363415653fb04361
Trying to pull registry.ci.openshift.org/ocp/builder:rhel-8-golang-1.24-openshift-4.20...
Getting image source signatures
Copying blob sha256:3fb2044d96a1bb27cfa47616e6bd80e567dff87998ea844eb6f7fd8887e30712
Copying blob sha256:c7965aa7086045a59bdb113a1fb8a19d7ccf7af4133e59af8ecefd39cda8e0b1
Copying blob sha256:32a0db6672d42bc2f63fa6c620bf354f141c2478d6ea69c2363fc3ae82cf9448
Copying config sha256:19b3b16445932ab238eae5085e0e71799e01ed9b636499f349deb67748a52a3d
Writing manifest to image destination
[linux/amd64] [2/3] STEP 2/11: WORKDIR /opt/app-root
--> Using cache c50735884734d2331c9cb810f220ad0d682e23750bc8239d99547bddc1750e33
--> c50735884734
[linux/amd64] [2/3] STEP 3/11: COPY Makefile Makefile
--> 8fd27f1aec48
[linux/amd64] [2/3] STEP 4/11: COPY go.mod go.mod
--> 493c0df06079
[linux/amd64] [2/3] STEP 5/11: COPY go.sum go.sum
--> 0b8ebcf91f19
[linux/amd64] [2/3] STEP 6/11: RUN go mod download
--> af8e8bc96cc2
[linux/amd64] [2/3] STEP 7/11: COPY cmd/ cmd/
--> 3522e83832cd
[linux/amd64] [2/3] STEP 8/11: COPY pkg/ pkg/
--> 8f7eb22b20b5
[linux/amd64] [2/3] STEP 9/11: ENV GOEXPERIMENT=strictfipsruntime
--> 22d54fd55adb
[linux/amd64] [2/3] STEP 10/11: ENV CGO_ENABLED=1
--> b67ea8a3c732
[linux/amd64] [2/3] STEP 11/11: RUN make build-backend BUILD_OPTS="-tags strictfipsruntime"
go build -tags strictfipsruntime -o plugin-backend -mod=readonly cmd/plugin-backend.go
--> 1401b0ce1fba
[linux/amd64] [3/3] STEP 1/4: FROM registry.access.redhat.com/ubi8/ubi
Trying to pull registry.access.redhat.com/ubi8/ubi:latest...
Getting image source signatures
Checking if image destination supports signatures
Copying blob sha256:245f1b069b431ca5b78c4eaff28999c523feb10acce56458483315e822a73edb
Copying config sha256:2b0776cbb41a87a93014e3b72a5731697cd2bbfa38af7b944079619fbc412977
Writing manifest to image destination
Storing signatures
[linux/amd64] [3/3] STEP 2/4: COPY --from=web-builder /opt/app-root/web/dist /opt/app-root/web/dist
--> 46ed9ad8184e
[linux/amd64] [3/3] STEP 3/4: COPY --from=go-builder /opt/app-root/plugin-backend /opt/app-root
--> 2bdac0338b0c
[linux/amd64] [3/3] STEP 4/4: ENTRYPOINT ["/opt/app-root/plugin-backend", "-static-path", "/opt/app-root/web/dist"]
[linux/amd64] [3/3] COMMIT
--> 4764dcd22e95
4764dcd22e9551cfeac4f11ea4a763345d55ec17cee5f196b976a8add23d3a51
podman manifest push quay.io/openshift-observability-ui/troubleshooting-panel-console-plugin:v1.0.0
Getting image list signatures
Copying 2 images generated from 2 images in list
Copying image sha256:299c69f1239aba5fd749b5f2968933fe348adfb26a7b24b62a3ed61cba6ce918 (1/2)
Getting image source signatures
Copying blob sha256:f3014a416d8a15f9134419151fc34a85b1127b8fc697b22b3dbd567d670aa93e
Copying blob sha256:6566d118616d5490630626fdada787079035a9933f4fecbd0647a766abe0b5de
Copying blob sha256:248424987de77e69ea30ed133ad3df5473b3dcb0695bad3a3bbda9e8cc5dd3ab
Copying config sha256:94d010677284e8fbbc8cadbca60955a5a9bf75446a6c9de8363415653fb04361
Writing manifest to image destination
Copying image sha256:968f1c9b514f2c191e4cdf45a877a5d6eed70e187661502fedb69965afac7741 (2/2)
Getting image source signatures
Copying blob sha256:06bbf89580c6274a215092fbf70a83a9b8105cad12fcf69960e42f9da0665a72
Copying blob sha256:48986d3fe7fa93a136255c6b62fdc24b9ca669ade582ace0e3b0f329e23bd0b9
Copying blob sha256:efb70cb643642b86ee61c8101940f479368bb5686617df2219f89bf229801b7a
Copying config sha256:4764dcd22e9551cfeac4f11ea4a763345d55ec17cee5f196b976a8add23d3a51
Writing manifest to image destination
Writing manifest list to image destination
Storing list signatures
==========================================
Building monitoring-plugin @ release-coo-ocp-4.22 with VERSION=v1.0.0 ORG=openshift-observability-ui
==========================================
Switched to branch 'release-coo-ocp-4.22'
Your branch is behind 'origin/release-coo-ocp-4.22' by 2 commits, and can be fast-forwarded.
  (use "git pull" to update your local branch)
From https://github.com/openshift/monitoring-plugin
 * branch            release-coo-ocp-4.22 -> FETCH_HEAD
Updating fd40d4f..4af68e3
Fast-forward
 .../dashboards/perses/ExternalPanelAddition.tsx    | 22 +++++++++++++---------
 1 file changed, 13 insertions(+), 9 deletions(-)
--- Attempt 1/3 ---
podman manifest create -a quay.io/openshift-observability-ui/monitoring-console-plugin:v1.0.0
0a729b25ea578c06c2d18b57fb5e7bb1e9616b6b435ea11ed4a7fb4e6fb23337
podman build --platform linux/arm64,linux/amd64 --manifest quay.io/openshift-observability-ui/monitoring-console-plugin:v1.0.0 -f Dockerfile.mcp
[linux/arm64] [1/3] STEP 1/13: FROM registry.redhat.io/ubi9/nodejs-22:latest AS web-builder
Trying to pull registry.redhat.io/ubi9/nodejs-22:latest...
Getting image source signatures
Checking if image destination supports signatures
Copying blob sha256:b687b2c7f65e4609c88961d4da12dbdeb1a235a685dc485bb48c59d2da61fe31
Copying blob sha256:38ce5bdba5c6fd618eddf846f735dd17945022ae6e6886462ae7efbde75cb0d5
Copying blob sha256:d23dd2f60d5053ef2fcc9d6ede01a918ef35e01ece5d4dac54a7a63004529611
Copying config sha256:16b56045c4900ca7dbe783e8439b1017fd1a008a929b4018af419da9864d3c4a
Writing manifest to image destination
Storing signatures
[linux/arm64] [1/3] STEP 2/13: WORKDIR /opt/app-root
--> Using cache 0509a45ac4e9a04a9f132aae2a8bf24b39992fa5c28516a5681f6dd5a4ccd28e
--> 0509a45ac4e9
[linux/arm64] [1/3] STEP 3/13: USER 0
--> Using cache bb98e55fd94953bf7f53426dca752e2bd3ef2a4271316ab75bab13813ec42ead
--> bb98e55fd949
[linux/arm64] [1/3] STEP 4/13: ENV HUSKY=0
--> Using cache 951dafbf649df96d5c2b9684b29ae127f574fb736fd81d4dc6ca495e2f46af23
--> 951dafbf649d
[linux/arm64] [1/3] STEP 5/13: COPY web/package*.json web/
--> 85dc1aaa6853
[linux/arm64] [1/3] STEP 6/13: COPY Makefile Makefile
--> a1bd9e277fbb
[linux/arm64] [1/3] STEP 7/13: RUN cd web && npm ci --legacy-peer-deps --ignore-scripts
npm warn deprecated rimraf@3.0.2: Rimraf versions prior to v4 are no longer supported
npm warn deprecated lodash.get@4.4.2: This package is deprecated. Use the optional chaining (?.) operator instead.
npm warn deprecated inflight@1.0.6: This module is not supported, and leaks memory. Do not use it. Check out lru-cache if you want a good and tested way to coalesce async requests by a key value, which is much more comprehensive and powerful.
npm warn deprecated i18next-parser@9.4.0: Project is deprecated, use i18next-cli instead
npm warn deprecated glob@7.2.3: Glob versions prior to v9 are no longer supported
npm warn deprecated glob@10.5.0: Old versions of glob are not supported, and contain widely publicized security vulnerabilities, which have been fixed in the current version. Please update. Support for old versions may be purchased (at exorbitant rates) by contacting i@izs.me
npm warn deprecated glob@10.5.0: Old versions of glob are not supported, and contain widely publicized security vulnerabilities, which have been fixed in the current version. Please update. Support for old versions may be purchased (at exorbitant rates) by contacting i@izs.me
npm warn deprecated glob@10.5.0: Old versions of glob are not supported, and contain widely publicized security vulnerabilities, which have been fixed in the current version. Please update. Support for old versions may be purchased (at exorbitant rates) by contacting i@izs.me
npm warn deprecated glob@10.5.0: Old versions of glob are not supported, and contain widely publicized security vulnerabilities, which have been fixed in the current version. Please update. Support for old versions may be purchased (at exorbitant rates) by contacting i@izs.me

added 1701 packages, and audited 1702 packages in 54s

319 packages are looking for funding
  run `npm fund` for details

49 vulnerabilities (1 low, 39 moderate, 8 high, 1 critical)

To address issues that do not require attention, run:
  npm audit fix

To address all issues (including breaking changes), run:
  npm audit fix --force

Run `npm audit` for details.
--> ef4cd697a9ae
[linux/arm64] [1/3] STEP 8/13: COPY web/ web/
--> 7161f5984b50
[linux/arm64] [1/3] STEP 9/13: COPY config/ config/
--> ede162c3f41a
[linux/arm64] [1/3] STEP 10/13: COPY scripts/update-plugin-name.sh scripts/update-plugin-name.sh
--> 574feadc39b8
[linux/arm64] [1/3] STEP 11/13: RUN make update-plugin-name
./scripts/update-plugin-name.sh
--> 379a825c0176
[linux/arm64] [1/3] STEP 12/13: ENV I18N_NAMESPACE="plugin__monitoring-console-plugin"
--> d47648f01ee6
[linux/arm64] [1/3] STEP 13/13: RUN make build-frontend
cd web && npm run build

> monitoring-console-plugin@1.0.0 build
> npm run clean && NODE_ENV=production npm run ts-node node_modules/.bin/webpack


> monitoring-console-plugin@1.0.0 clean
> rm -rf dist


> monitoring-console-plugin@1.0.0 ts-node
> ts-node -O '{"module":"commonjs"}' node_modules/.bin/webpack

assets by path *.js 9.77 MiB
  assets by chunk 8.11 MiB (id hint: vendors)
    assets by status 7.07 MiB [big] 4 assets
    + 38 assets
  + 177 assets
assets by path assets/ 1.28 MiB
  assets by path assets/*.woff 740 KiB 42 assets
  assets by path assets/*.woff2 565 KiB 42 assets
  asset assets/restricted-sign..svg 2.38 KiB [emitted] [from: components/console/imgs/restricted-sign.svg] (auxiliary name: CmoAlertsPage, exposed-AlertRulesDetailsPage, exposed-AlertsDetailsPage, exposed-IncidentsPage, exposed-SilenceEditPage, exposed-SilencesDetailsPage, exposed-TargetsPage)
assets by path locales/ 115 KiB
  asset locales/en/plugin__monitoring-console-plugin.json 22.2 KiB [emitted] [from: ../locales/en/plugin__monitoring-console-plugin.json] [copied]
  asset locales/ja/plugin__monitoring-console-plugin.json 20.7 KiB [emitted] [from: ../locales/ja/plugin__monitoring-console-plugin.json] [copied]
  asset locales/fr/plugin__monitoring-console-plugin.json 19.3 KiB [emitted] [from: ../locales/fr/plugin__monitoring-console-plugin.json] [copied]
  + 3 assets
asset plugin-manifest.json 7.89 KiB [emitted]
orphan modules 19.3 MiB [orphan] 20233 modules
runtime modules 62.1 KiB 16 modules
built modules 17.8 MiB (javascript) 1.28 MiB (asset) 3.32 KiB (consume-shared) 3.08 KiB (share-init) [built]
  modules by path ../node_modules/ 17 MiB (javascript) 1.27 MiB (asset) 1705 modules
  modules by path ./ 788 KiB (javascript) 2.38 KiB (asset) 91 modules
  consume-shared-module modules 3.32 KiB 81 modules
  provide-module modules 3.08 KiB
    modules by path provide shared module (default) @patternfly/react-core/dist/dynamic/ 1.97 KiB 48 modules
    modules by path provide shared module (default) @patternfly/react-icons/dist/dynamic/icons/ 1.03 KiB 25 modules
    modules by path provide shared module (default) @patternfly/react-table/dist/dynamic/components/ 84 bytes 2 modules
  modules by path @console/internal/ 30 bytes
    @console/internal/module/auth (ignored) 15 bytes [built] [code generated]
    @console/internal/models (ignored) 15 bytes [built] [code generated]
  container entry 42 bytes [built] [code generated]

WARNING in asset size limit: The following asset(s) exceed the recommended size limit (244 KiB).
This can impact web performance.
Assets: 
  4617-chunk-f040b4586499cba121b1.min.js (311 KiB)
  9810-chunk-a64b894c03accad280e9.min.js (402 KiB)
  1848-chunk-267f4680c378ff96ac83.min.js (1.86 MiB)
  4616-chunk-8b92f11d45652b61ae32.min.js (4.51 MiB)

webpack 5.105.4 compiled with 1 warning in 92255 ms
--> e239cd03e79d
[linux/amd64] [1/3] STEP 1/13: FROM registry.redhat.io/ubi9/nodejs-22:latest AS web-builder
Trying to pull registry.redhat.io/ubi9/nodejs-22:latest...
Getting image source signatures
Checking if image destination supports signatures
Copying blob sha256:e30cea0a2d9104a0a6013937815f0daf22458a7340690880affd957fa911aa30
Copying blob sha256:a05b129c54aeb83daa31848e5c1aec4f8e83541caf09c63a0723a217b3376590
Copying blob sha256:aca19e660f6d3005b0e0cb3182b2827554e877ed8773c57b83b87bf82f8cc6da
Copying config sha256:3b96e72308e07bae5d5f2673f701f4929659033997aa285e9701de573a29d3e0
Writing manifest to image destination
Storing signatures
[linux/amd64] [1/3] STEP 2/13: WORKDIR /opt/app-root
--> Using cache 4d6423ef0b9b1e546be50cadf3cbb394333f9d7b7dd9d7907da3bb14a48bc63b
--> 4d6423ef0b9b
[linux/amd64] [1/3] STEP 3/13: USER 0
--> Using cache bc17cc175604108a6363342d456ae3f4c269a771f23031b9381a4d1f1a61b439
--> bc17cc175604
[linux/amd64] [1/3] STEP 4/13: ENV HUSKY=0
--> Using cache e52eff27197beaad4fec16a71a9610b3ba27b37ca7893587d51c8b1b865e5f37
--> e52eff27197b
[linux/amd64] [1/3] STEP 5/13: COPY web/package*.json web/
--> 2fd82d17fde3
[linux/amd64] [1/3] STEP 6/13: COPY Makefile Makefile
--> 9a8f4d002d44
[linux/amd64] [1/3] STEP 7/13: RUN cd web && npm ci --legacy-peer-deps --ignore-scripts
npm warn deprecated rimraf@3.0.2: Rimraf versions prior to v4 are no longer supported
npm warn deprecated lodash.get@4.4.2: This package is deprecated. Use the optional chaining (?.) operator instead.
npm warn deprecated inflight@1.0.6: This module is not supported, and leaks memory. Do not use it. Check out lru-cache if you want a good and tested way to coalesce async requests by a key value, which is much more comprehensive and powerful.
npm warn deprecated i18next-parser@9.4.0: Project is deprecated, use i18next-cli instead
npm warn deprecated glob@7.2.3: Glob versions prior to v9 are no longer supported
npm warn deprecated glob@10.5.0: Old versions of glob are not supported, and contain widely publicized security vulnerabilities, which have been fixed in the current version. Please update. Support for old versions may be purchased (at exorbitant rates) by contacting i@izs.me
npm warn deprecated glob@10.5.0: Old versions of glob are not supported, and contain widely publicized security vulnerabilities, which have been fixed in the current version. Please update. Support for old versions may be purchased (at exorbitant rates) by contacting i@izs.me
npm warn deprecated glob@10.5.0: Old versions of glob are not supported, and contain widely publicized security vulnerabilities, which have been fixed in the current version. Please update. Support for old versions may be purchased (at exorbitant rates) by contacting i@izs.me
npm warn deprecated glob@10.5.0: Old versions of glob are not supported, and contain widely publicized security vulnerabilities, which have been fixed in the current version. Please update. Support for old versions may be purchased (at exorbitant rates) by contacting i@izs.me

added 1701 packages, and audited 1702 packages in 57s

319 packages are looking for funding
  run `npm fund` for details

49 vulnerabilities (1 low, 39 moderate, 8 high, 1 critical)

To address issues that do not require attention, run:
  npm audit fix

To address all issues (including breaking changes), run:
  npm audit fix --force

Run `npm audit` for details.
--> d007a59a2239
[linux/amd64] [1/3] STEP 8/13: COPY web/ web/
--> 6b5ac5a6168f
[linux/amd64] [1/3] STEP 9/13: COPY config/ config/
--> 4e7256cfd4de
[linux/amd64] [1/3] STEP 10/13: COPY scripts/update-plugin-name.sh scripts/update-plugin-name.sh
--> 3857681909ab
[linux/amd64] [1/3] STEP 11/13: RUN make update-plugin-name
./scripts/update-plugin-name.sh
--> 69b0bcfea2b8
[linux/amd64] [1/3] STEP 12/13: ENV I18N_NAMESPACE="plugin__monitoring-console-plugin"
--> a2d0d7351718
[linux/amd64] [1/3] STEP 13/13: RUN make build-frontend
cd web && npm run build

> monitoring-console-plugin@1.0.0 build
> npm run clean && NODE_ENV=production npm run ts-node node_modules/.bin/webpack


> monitoring-console-plugin@1.0.0 clean
> rm -rf dist


> monitoring-console-plugin@1.0.0 ts-node
> ts-node -O '{"module":"commonjs"}' node_modules/.bin/webpack

assets by path *.js 9.77 MiB
  assets by chunk 8.11 MiB (id hint: vendors)
    assets by status 7.07 MiB [big] 4 assets
    + 38 assets
  + 177 assets
assets by path assets/ 1.28 MiB
  assets by path assets/*.woff 740 KiB 42 assets
  assets by path assets/*.woff2 565 KiB 42 assets
  asset assets/restricted-sign..svg 2.38 KiB [emitted] [from: components/console/imgs/restricted-sign.svg] (auxiliary name: CmoAlertsPage, exposed-AlertRulesDetailsPage, exposed-AlertsDetailsPage, exposed-IncidentsPage, exposed-SilenceEditPage, exposed-SilencesDetailsPage, exposed-TargetsPage)
assets by path locales/ 115 KiB
  asset locales/en/plugin__monitoring-console-plugin.json 22.2 KiB [emitted] [from: ../locales/en/plugin__monitoring-console-plugin.json] [copied]
  asset locales/ja/plugin__monitoring-console-plugin.json 20.7 KiB [emitted] [from: ../locales/ja/plugin__monitoring-console-plugin.json] [copied]
  asset locales/fr/plugin__monitoring-console-plugin.json 19.3 KiB [emitted] [from: ../locales/fr/plugin__monitoring-console-plugin.json] [copied]
  + 3 assets
asset plugin-manifest.json 7.89 KiB [emitted]
orphan modules 19.3 MiB [orphan] 20233 modules
runtime modules 62.1 KiB 16 modules
built modules 17.8 MiB (javascript) 1.28 MiB (asset) 3.32 KiB (consume-shared) 3.08 KiB (share-init) [built]
  modules by path ../node_modules/ 17 MiB (javascript) 1.27 MiB (asset) 1705 modules
  modules by path ./ 788 KiB (javascript) 2.38 KiB (asset) 91 modules
  consume-shared-module modules 3.32 KiB 81 modules
  provide-module modules 3.08 KiB
    modules by path provide shared module (default) @patternfly/react-core/dist/dynamic/ 1.97 KiB 48 modules
    modules by path provide shared module (default) @patternfly/react-icons/dist/dynamic/icons/ 1.03 KiB 25 modules
    modules by path provide shared module (default) @patternfly/react-table/dist/dynamic/components/ 84 bytes 2 modules
  modules by path @console/internal/ 30 bytes
    @console/internal/module/auth (ignored) 15 bytes [built] [code generated]
    @console/internal/models (ignored) 15 bytes [built] [code generated]
  container entry 42 bytes [built] [code generated]

WARNING in asset size limit: The following asset(s) exceed the recommended size limit (244 KiB).
This can impact web performance.
Assets: 
  4617-chunk-f040b4586499cba121b1.min.js (311 KiB)
  9810-chunk-a64b894c03accad280e9.min.js (402 KiB)
  1848-chunk-267f4680c378ff96ac83.min.js (1.86 MiB)
  4616-chunk-8b92f11d45652b61ae32.min.js (4.51 MiB)

webpack 5.105.4 compiled with 1 warning in 126109 ms
--> 81646aa51d78
[linux/arm64] [2/3] STEP 1/14: FROM brew.registry.redhat.io/rh-osbs/openshift-golang-builder:rhel_9_1.24 AS go-builder
Trying to pull brew.registry.redhat.io/rh-osbs/openshift-golang-builder:rhel_9_1.24...
Getting image source signatures
Copying blob sha256:0b3425962862e4c28bb2a8c620101947643235ac8ec98ebf4dd6948f79db8178
Copying blob sha256:65442b90c1456946b65a513148c3e504c3e1ae3889d427d5b4526ba9cec3ea0e
Copying config sha256:6b75237990fc7d8f0d9c2ac0d8181360163689361a8fa8d7ae3709b82f0e5e4e
Writing manifest to image destination
[linux/arm64] [2/3] STEP 2/14: WORKDIR /opt/app-root
--> Using cache 5b2e5475ab71cfd02c545ad6c89dfdc3e93cd12f8af8903d93d3701b6eabd578
--> 5b2e5475ab71
[linux/arm64] [2/3] STEP 3/14: COPY Makefile Makefile
--> 2ba479a9a54d
[linux/arm64] [2/3] STEP 4/14: COPY go.mod go.mod
--> a60b033834d1
[linux/arm64] [2/3] STEP 5/14: COPY go.sum go.sum
--> 5eb9a796f00e
[linux/arm64] [2/3] STEP 6/14: RUN make install-backend
go mod download
Go compliance shim [2] [rhel-9-golang-1.24][openshift-golang-builder]: assessment: CGO_ENABLED=1
Go compliance shim [2] [rhel-9-golang-1.24][openshift-golang-builder]: assessment: dynamic linking
Go compliance shim [2] [rhel-9-golang-1.24][openshift-golang-builder]: skipping forced compliance due to broad exemption
Go compliance shim [2] [rhel-9-golang-1.24][openshift-golang-builder]: EXEMPT: 1


Go compliance shim [2] [rhel-9-golang-1.24][openshift-golang-builder]: final command line arguments: "mod" "download" 

Go compliance shim [2] [rhel-9-golang-1.24][openshift-golang-builder]: invoking real go binary
Go compliance shim [2] [rhel-9-golang-1.24][openshift-golang-builder]: Exited with: 0
--> 753d90e47be5
[linux/arm64] [2/3] STEP 7/14: COPY cmd/ cmd/
--> e2681aef3761
[linux/arm64] [2/3] STEP 8/14: COPY pkg/ pkg/
--> d9c087551894
[linux/arm64] [2/3] STEP 9/14: ENV GOOS=${TARGETOS:-linux}
--> 25cd31c73adf
[linux/arm64] [2/3] STEP 10/14: ENV GOARCH=${TARGETARCH}
--> 2a2cb01f505e
[linux/arm64] [2/3] STEP 11/14: ENV GOEXPERIMENT=strictfipsruntime
--> 4b83d88ae5ee
[linux/arm64] [2/3] STEP 12/14: ENV GOFLAGS=-mod=readonly
--> 7ecbdf1eb647
[linux/arm64] [2/3] STEP 13/14: ENV CGO_ENABLED=1
--> 85933babe9bd
[linux/arm64] [2/3] STEP 14/14: RUN make build-backend
go build  -mod=readonly -o plugin-backend cmd/plugin-backend.go
Go compliance shim [2] [rhel-9-golang-1.24][openshift-golang-builder]: assessment: CGO_ENABLED=1
Go compliance shim [2] [rhel-9-golang-1.24][openshift-golang-builder]: assessment: dynamic linking
Go compliance shim [2] [rhel-9-golang-1.24][openshift-golang-builder]: skipping forced compliance due to broad exemption
Go compliance shim [2] [rhel-9-golang-1.24][openshift-golang-builder]: EXEMPT: 1


Go compliance shim [2] [rhel-9-golang-1.24][openshift-golang-builder]: final command line arguments: "build" "-mod=readonly" "-o" "plugin-backend" "cmd/plugin-backend.go" 

Go compliance shim [2] [rhel-9-golang-1.24][openshift-golang-builder]: invoking real go binary
Go compliance shim [2] [rhel-9-golang-1.24][openshift-golang-builder]: Exited with: 0
--> d0e46dc9e3eb
[linux/amd64] [2/3] STEP 1/14: FROM brew.registry.redhat.io/rh-osbs/openshift-golang-builder:rhel_9_1.24 AS go-builder
Trying to pull brew.registry.redhat.io/rh-osbs/openshift-golang-builder:rhel_9_1.24...
Getting image source signatures
Copying blob sha256:5e09f8650bc245176f116be7bf617e9ebbda9f1690adc8f25ef8cc558cd62fbf
Copying blob sha256:e2e2fd836dcf8c102bc7bdec3fa60ccac6c08515308f3a3fd42a61dbecea6239
Copying config sha256:4110829d2ea57e0eeded3bd6d60857e756e7c4076501cd57b752f0411b653164
Writing manifest to image destination
[linux/amd64] [2/3] STEP 2/14: WORKDIR /opt/app-root
--> Using cache 5f43f0c9d9706d9bdfa1db9b69a05db5460ddc8ce2cb1b409f640843b105b664
--> 5f43f0c9d970
[linux/amd64] [2/3] STEP 3/14: COPY Makefile Makefile
--> d9e903c63271
[linux/amd64] [2/3] STEP 4/14: COPY go.mod go.mod
--> 9c276ed3ad1b
[linux/amd64] [2/3] STEP 5/14: COPY go.sum go.sum
--> bd4cdc426d46
[linux/amd64] [2/3] STEP 6/14: RUN make install-backend
go mod download
Go compliance shim [2] [rhel-9-golang-1.24][openshift-golang-builder]: assessment: CGO_ENABLED=1
Go compliance shim [2] [rhel-9-golang-1.24][openshift-golang-builder]: assessment: dynamic linking
Go compliance shim [2] [rhel-9-golang-1.24][openshift-golang-builder]: skipping forced compliance due to broad exemption
Go compliance shim [2] [rhel-9-golang-1.24][openshift-golang-builder]: EXEMPT: 1


Go compliance shim [2] [rhel-9-golang-1.24][openshift-golang-builder]: final command line arguments: "mod" "download" 

Go compliance shim [2] [rhel-9-golang-1.24][openshift-golang-builder]: invoking real go binary
Go compliance shim [2] [rhel-9-golang-1.24][openshift-golang-builder]: Exited with: 0
--> c51ebd443735
[linux/amd64] [2/3] STEP 7/14: COPY cmd/ cmd/
--> 8bf98add6af7
[linux/amd64] [2/3] STEP 8/14: COPY pkg/ pkg/
--> 887ade421e47
[linux/amd64] [2/3] STEP 9/14: ENV GOOS=${TARGETOS:-linux}
--> d3b343f749d8
[linux/amd64] [2/3] STEP 10/14: ENV GOARCH=${TARGETARCH}
--> 05a8b70e14f1
[linux/amd64] [2/3] STEP 11/14: ENV GOEXPERIMENT=strictfipsruntime
--> 43f89ae30d2c
[linux/amd64] [2/3] STEP 12/14: ENV GOFLAGS=-mod=readonly
--> 5e47e7f4de67
[linux/amd64] [2/3] STEP 13/14: ENV CGO_ENABLED=1
--> 6525cf863166
[linux/amd64] [2/3] STEP 14/14: RUN make build-backend
go build  -mod=readonly -o plugin-backend cmd/plugin-backend.go
Go compliance shim [2] [rhel-9-golang-1.24][openshift-golang-builder]: assessment: CGO_ENABLED=1
Go compliance shim [2] [rhel-9-golang-1.24][openshift-golang-builder]: assessment: dynamic linking
Go compliance shim [2] [rhel-9-golang-1.24][openshift-golang-builder]: skipping forced compliance due to broad exemption
Go compliance shim [2] [rhel-9-golang-1.24][openshift-golang-builder]: EXEMPT: 1


Go compliance shim [2] [rhel-9-golang-1.24][openshift-golang-builder]: final command line arguments: "build" "-mod=readonly" "-o" "plugin-backend" "cmd/plugin-backend.go" 

Go compliance shim [2] [rhel-9-golang-1.24][openshift-golang-builder]: invoking real go binary
Go compliance shim [2] [rhel-9-golang-1.24][openshift-golang-builder]: Exited with: 0
--> 36852c36b70e
[linux/arm64] [3/3] STEP 1/8: FROM registry.redhat.io/rhel9-4-els/rhel:9.4
Trying to pull registry.redhat.io/rhel9-4-els/rhel:9.4...
Getting image source signatures
Checking if image destination supports signatures
Copying blob sha256:79500177a417e8e03b63a0893e7e6b03f94ac7a605be761a51e28f082a16087f
Copying config sha256:62846c379ae900d8abe0855310d3d4e7ca7b0b21cc231d45bdfe5a0044988475
Writing manifest to image destination
Storing signatures
[linux/arm64] [3/3] STEP 2/8: RUN mkdir /licenses
--> Using cache 6dbab80464df4857ba1e9cc9f9ace6e35bbeda783d5d96a113a353dd6dd56be1
--> 6dbab80464df
[linux/arm64] [3/3] STEP 3/8: COPY LICENSE /licenses/.
--> Using cache 53342a02d513f32e06316d948cba6575938ab1a04a1a57f7832badca2ae5f901
--> 53342a02d513
[linux/arm64] [3/3] STEP 4/8: USER 1001
--> Using cache cd7f7a7a3fb2fa0b95d3164b0a35eb5de8336e4caaa2cd7f2be380e9a80c2f66
--> cd7f7a7a3fb2
[linux/arm64] [3/3] STEP 5/8: COPY --from=web-builder /opt/app-root/web/dist /opt/app-root/web/dist
--> f65d7d946617
[linux/arm64] [3/3] STEP 6/8: COPY --from=go-builder /opt/app-root/plugin-backend /opt/app-root
--> bd694e1aadca
[linux/arm64] [3/3] STEP 7/8: COPY --from=web-builder /opt/app-root/config /opt/app-root/config
--> c5539e13311a
[linux/arm64] [3/3] STEP 8/8: ENTRYPOINT ["/opt/app-root/plugin-backend", "-static-path", "/opt/app-root/web/dist"]
[linux/arm64] [3/3] COMMIT
--> 22625541cf91
[linux/amd64] [3/3] STEP 1/8: FROM registry.redhat.io/rhel9-4-els/rhel:9.4
22625541cf916752693ca5d651ee1e0277e8ada925659d88f95d424670c6e292
Trying to pull registry.redhat.io/rhel9-4-els/rhel:9.4...
Getting image source signatures
Checking if image destination supports signatures
Copying blob sha256:9e5082548d869f2944301a153c8568183a38cf0df310a3fb0b2daf2af3b5f841
Copying config sha256:77849b1a77e7859a392840d43bed01557ec82ac0c2ac4283d962deec354ceee6
Writing manifest to image destination
Storing signatures
[linux/amd64] [3/3] STEP 2/8: RUN mkdir /licenses
--> Using cache 35dd04c652965da8c3a4be8ddba2dcf7d9195bd0c43124215df480bb5fd97586
--> 35dd04c65296
[linux/amd64] [3/3] STEP 3/8: COPY LICENSE /licenses/.
--> Using cache 5eea3352b76f828006a7bdcb033ac68b405c029cd119f7a7a97b00910fc2fe62
--> 5eea3352b76f
[linux/amd64] [3/3] STEP 4/8: USER 1001
--> Using cache 9a2f142a9de02a4c3fa061a931cba35d399bbf72b18ad12b435dbd594b6f89f6
--> 9a2f142a9de0
[linux/amd64] [3/3] STEP 5/8: COPY --from=web-builder /opt/app-root/web/dist /opt/app-root/web/dist
--> fe93b2938811
[linux/amd64] [3/3] STEP 6/8: COPY --from=go-builder /opt/app-root/plugin-backend /opt/app-root
--> 722a998c73f9
[linux/amd64] [3/3] STEP 7/8: COPY --from=web-builder /opt/app-root/config /opt/app-root/config
--> 5d71f2db9e68
[linux/amd64] [3/3] STEP 8/8: ENTRYPOINT ["/opt/app-root/plugin-backend", "-static-path", "/opt/app-root/web/dist"]
[linux/amd64] [3/3] COMMIT
--> 4e21c23d8daf
4e21c23d8dafc16ad585c316cc1fd41b5ae9867d1daf47db8351bd2208e1db44
podman manifest push quay.io/openshift-observability-ui/monitoring-console-plugin:v1.0.0
Getting image list signatures
Copying 2 images generated from 2 images in list
Copying image sha256:c19578cb124b4df3f5cb312fc71e597b95a4c3e0a139956b8c415204eab1b513 (1/2)
Getting image source signatures
Copying blob sha256:c062fd46d2a865a1d6bcdc76c4f51555ef9c33cdb8fc65c6710fc68ff4f6a823
Copying blob sha256:831df80367f0403343b0d1df315d70608209e3624ca7fa29a5f65d4b0c5bf6c3
Copying blob sha256:abdb8cc72e3424e4355a57b5eaf69a820fc9a93b5ef3124d51f184bbf887b049
Copying blob sha256:8752f5dafb3538de918d2e6d0640a9b9775c9edd2ed6c69e2a1abfd36d4a5066
Copying blob sha256:52a6adacf8ad768ebed0fafd1b011014ba2aa208511f0e1bd0cd0776b4ff0cb6
Copying blob sha256:fcafb0771e25df2f954b5587c6a95f2a7f05bbaccb7ddad1c0ad3ba974f99488
Copying config sha256:22625541cf916752693ca5d651ee1e0277e8ada925659d88f95d424670c6e292
Writing manifest to image destination
Copying image sha256:ddaa0ba2dea02385970be763c9529042f3ab9711aaa63d677f8c4ea29fc25101 (2/2)
Getting image source signatures
Copying blob sha256:903ccf4dd1dca39675b5d5f6c938f43e920f91510b39de6dac27232703c9c7ea
Copying blob sha256:1d09c516f2e9aad3de339a8ee8cc94d02c261451dd2ca414b309c0651f378ff8
Copying blob sha256:74ea6a5315ac2a0a27a1e4e6f87703374739fbd596e872724a21ab09c6bdf5dd
Copying blob sha256:0d9bdff42bf9bb51a43b1c62d491a84e59170aa6fb19bf38e30040bb31bced97
Copying blob sha256:e69bc91f771c897ff00bbabe3a966886bded7aa6ba70b8117aa28e4e4c6cac0f
Copying blob sha256:49fc31c9feb03e0171bb160f156e2ba419f4c4ecdb83b39ad70276eb7f4bdb4c
Copying config sha256:4e21c23d8dafc16ad585c316cc1fd41b5ae9867d1daf47db8351bd2208e1db44
Writing manifest to image destination
Writing manifest list to image destination
Storing list signatures
==========================================
Building logging-view-plugin @ release-coo-ocp-4.22 with VERSION=v6.2.1 ORG=openshift-observability-ui
==========================================
Switched to branch 'release-coo-ocp-4.22'
Your branch is behind 'origin/release-coo-ocp-4.22' by 2 commits, and can be fast-forwarded.
  (use "git pull" to update your local branch)
From https://github.com/openshift/logging-view-plugin
 * branch            release-coo-ocp-4.22 -> FETCH_HEAD
Updating 200b068..9eb1afc
Fast-forward
 .claude/commands/backport.md | 325 +++++++++++++++++++++++++++++++++++++++++++
 1 file changed, 325 insertions(+)
 create mode 100644 .claude/commands/backport.md
--- Attempt 1/3 ---
Makefile:45: warning: overriding commands for target `test-backend'
Makefile:41: warning: ignoring old commands for target `test-backend'
podman manifest rm quay.io/openshift-observability-ui/logging-view-plugin:v6.2.1 || true
Error: quay.io/openshift-observability-ui/logging-view-plugin:v6.2.1: image not known
podman manifest create quay.io/openshift-observability-ui/logging-view-plugin:v6.2.1
5eee146bad2e01c013d37252b0c78f4309a81822841ef0b29af81911412d737f
podman build --platform linux/arm64,linux/amd64 --manifest quay.io/openshift-observability-ui/logging-view-plugin:v6.2.1 -f Dockerfile
[linux/arm64] [1/3] STEP 1/9: FROM registry.redhat.io/ubi9/nodejs-22:latest AS web-builder
Trying to pull registry.redhat.io/ubi9/nodejs-22:latest...
Getting image source signatures
Checking if image destination supports signatures
Copying blob sha256:b687b2c7f65e4609c88961d4da12dbdeb1a235a685dc485bb48c59d2da61fe31
Copying blob sha256:38ce5bdba5c6fd618eddf846f735dd17945022ae6e6886462ae7efbde75cb0d5
Copying blob sha256:d23dd2f60d5053ef2fcc9d6ede01a918ef35e01ece5d4dac54a7a63004529611
Copying config sha256:16b56045c4900ca7dbe783e8439b1017fd1a008a929b4018af419da9864d3c4a
Writing manifest to image destination
Storing signatures
[linux/arm64] [1/3] STEP 2/9: WORKDIR /opt/app-root
--> Using cache 0509a45ac4e9a04a9f132aae2a8bf24b39992fa5c28516a5681f6dd5a4ccd28e
--> 0509a45ac4e9
[linux/arm64] [1/3] STEP 3/9: USER 0
--> Using cache bb98e55fd94953bf7f53426dca752e2bd3ef2a4271316ab75bab13813ec42ead
--> bb98e55fd949
[linux/arm64] [1/3] STEP 4/9: ENV HUSKY=0
--> Using cache 951dafbf649df96d5c2b9684b29ae127f574fb736fd81d4dc6ca495e2f46af23
--> 951dafbf649d
[linux/arm64] [1/3] STEP 5/9: COPY web/package*.json web/
--> 37a174c93f48
[linux/arm64] [1/3] STEP 6/9: COPY Makefile Makefile
--> d186e62e7feb
[linux/arm64] [1/3] STEP 7/9: RUN make install-frontend-ci-clean
Makefile:45: warning: overriding recipe for target 'test-backend'
Makefile:41: warning: ignoring old recipe for target 'test-backend'
cd web && npm ci --omit=optional --ignore-scripts
npm warn deprecated whatwg-encoding@3.1.1: Use @exodus/bytes instead for a more spec-conformant and faster implementation
npm warn deprecated uuid@8.3.2: uuid@10 and below is no longer supported.  For ESM codebases, update to uuid@latest.  For CommonJS codebases, use uuid@11 (but be aware this version will likely be deprecated in 2028).
npm warn deprecated rimraf@3.0.2: Rimraf versions prior to v4 are no longer supported
npm warn deprecated inflight@1.0.6: This module is not supported, and leaks memory. Do not use it. Check out lru-cache if you want a good and tested way to coalesce async requests by a key value, which is much more comprehensive and powerful.
npm warn deprecated glob@7.2.3: Old versions of glob are not supported, and contain widely publicized security vulnerabilities, which have been fixed in the current version. Please update. Support for old versions may be purchased (at exorbitant rates) by contacting i@izs.me
npm warn deprecated i18next-parser@9.4.0: Project is deprecated, use i18next-cli instead
npm warn deprecated @types/webpack-dev-server@4.7.2: This is a stub types definition. webpack-dev-server provides its own type definitions, so you do not need this installed.
npm warn deprecated glob@10.5.0: Old versions of glob are not supported, and contain widely publicized security vulnerabilities, which have been fixed in the current version. Please update. Support for old versions may be purchased (at exorbitant rates) by contacting i@izs.me
npm warn deprecated glob@10.5.0: Old versions of glob are not supported, and contain widely publicized security vulnerabilities, which have been fixed in the current version. Please update. Support for old versions may be purchased (at exorbitant rates) by contacting i@izs.me
npm warn deprecated glob@10.5.0: Old versions of glob are not supported, and contain widely publicized security vulnerabilities, which have been fixed in the current version. Please update. Support for old versions may be purchased (at exorbitant rates) by contacting i@izs.me
npm warn deprecated glob@10.5.0: Old versions of glob are not supported, and contain widely publicized security vulnerabilities, which have been fixed in the current version. Please update. Support for old versions may be purchased (at exorbitant rates) by contacting i@izs.me
npm warn deprecated glob@10.5.0: Old versions of glob are not supported, and contain widely publicized security vulnerabilities, which have been fixed in the current version. Please update. Support for old versions may be purchased (at exorbitant rates) by contacting i@izs.me

added 1554 packages, and audited 1555 packages in 30s

310 packages are looking for funding
  run `npm fund` for details

51 vulnerabilities (2 low, 37 moderate, 11 high, 1 critical)

To address issues that do not require attention, run:
  npm audit fix

To address all issues (including breaking changes), run:
  npm audit fix --force

Run `npm audit` for details.
cd web && npm cache clean --force
npm warn using --force Recommended protections disabled.
--> 60931a7a3e2b
[linux/arm64] [1/3] STEP 8/9: COPY web/ web/
--> 3cb4994e9c8f
[linux/arm64] [1/3] STEP 9/9: RUN make build-frontend
Makefile:45: warning: overriding recipe for target 'test-backend'
Makefile:41: warning: ignoring old recipe for target 'test-backend'
cd web && npm run build

> logging-view-plugin@6.1.0 build
> npm run clean && NODE_ENV=production npm run ts-node node_modules/.bin/webpack


> logging-view-plugin@6.1.0 clean
> rm -rf dist


> logging-view-plugin@6.1.0 ts-node
> ts-node -O '{"module":"commonjs"}' node_modules/.bin/webpack

@patternfly/react-core dynamic modules taken from dist/dynamic-modules.json
Cannot resolve base path for package @patternfly/react-data-view
@patternfly/react-icons dynamic modules taken from dist/dynamic-modules.json
@patternfly/react-table dynamic modules taken from dist/dynamic-modules.json
Cannot resolve base path for package @patternfly/react-templates
assets by path *.js 4.78 MiB
  assets by chunk 2.64 MiB (id hint: vendors)
    assets by status 1.61 MiB [big]
      asset 9666-chunk-69eed8215e04934b0b32.min.js 1.13 MiB [emitted] [immutable] [big] (id hint: vendors) 1 related asset
      asset 3076-chunk-d3dd5c0fd35e0abdbd6a.min.js 494 KiB [emitted] [immutable] [big] (id hint: vendors) 1 related asset
    + 11 assets
  + 82 assets
asset locales/en/plugin__logging-view-plugin.json 10.4 KiB [emitted] [from: ../locales/en/plugin__logging-view-plugin.json] [copied]
asset plugin-manifest.json 1.92 KiB [emitted]
orphan modules 2.59 MiB [orphan] 1519 modules
runtime modules 37.8 KiB 14 modules
built modules 2.89 MiB (javascript) 1.72 KiB (consume-shared) 1.56 KiB (share-init) [built]
  modules by path ../node_modules/ 2.6 MiB 436 modules
  modules by path ./ 299 KiB 48 modules
  consume-shared-module modules 1.72 KiB
    modules by path consume shared module (default) @patternfly/react-core/dist/dynamic/ 1.23 KiB 30 modules
    modules by path consume shared module (default) @patternfly/react-icons/dist/dynamic/icons/ 294 bytes 7 modules
    modules by path *.1 (singleton) 84 bytes 2 modules
    + 3 modules
  provide-module modules 1.56 KiB
    modules by path provide shared module (default) @patternfly/react-core/dist/dynamic/ 1.23 KiB 30 modules
    modules by path provide shared module (default) @patternfly/react-icons/dist/dynamic/icons/ 294 bytes 7 modules
    provide shared module (default) @patternfly/react-table/dist/dynamic/components/...(truncated) 42 bytes [built] [code generated]
  container entry 42 bytes [built] [code generated]

WARNING in asset size limit: The following asset(s) exceed the recommended size limit (244 KiB).
This can impact web performance.
Assets: 
  9666-chunk-69eed8215e04934b0b32.min.js (1.13 MiB)
  3076-chunk-d3dd5c0fd35e0abdbd6a.min.js (494 KiB)

webpack 5.106.2 compiled with 1 warning in 19941 ms
--> 3f7353983598
[linux/arm64] [2/3] STEP 1/12: FROM registry.ci.openshift.org/ocp/builder:rhel-9-golang-1.25-openshift-4.22 AS go-builder
Trying to pull registry.ci.openshift.org/ocp/builder:rhel-9-golang-1.25-openshift-4.22...
Getting image source signatures
Copying blob sha256:cd02155432aaf04778b9745cc88283659b493239f900de7e178a402b7b67dc16
Copying blob sha256:9e9bee4738d78cc5b8c68706e99751b669394b1e52ebb360fabf583fee381119
Copying blob sha256:5b61c27edafe5e77ded797c82768f76bc75782d396b9df5960fa44c429b4056d
Copying config sha256:acb835920d624d5888d987956612cf847bc69717c62efb1986b7589545c8436e
Writing manifest to image destination
[linux/arm64] [2/3] STEP 2/12: WORKDIR /opt/app-root
--> a22e8fa6e8b9
[linux/arm64] [2/3] STEP 3/12: COPY Makefile Makefile
--> 6c1c4be91276
[linux/arm64] [2/3] STEP 4/12: COPY go.mod go.mod
--> b88e49add5c5
[linux/arm64] [2/3] STEP 5/12: COPY go.sum go.sum
--> 5a9d4c69aeb4
[linux/arm64] [2/3] STEP 6/12: RUN make install-backend
Makefile:45: warning: overriding recipe for target 'test-backend'
Makefile:41: warning: ignoring old recipe for target 'test-backend'
go mod download
--> b8be506d0dcd
[linux/arm64] [2/3] STEP 7/12: COPY config/ config/
--> 3c0599de4663
[linux/arm64] [2/3] STEP 8/12: COPY cmd/ cmd/
--> 25c95b4ff5ee
[linux/arm64] [2/3] STEP 9/12: COPY pkg/ pkg/
--> 2b6d48b44849
[linux/arm64] [2/3] STEP 10/12: ENV GOEXPERIMENT=strictfipsruntime
--> c26f0217e2a9
[linux/arm64] [2/3] STEP 11/12: ENV CGO_ENABLED=1
--> be3d7ddbfabe
[linux/arm64] [2/3] STEP 12/12: RUN make build-backend BUILD_OPTS="-tags strictfipsruntime"
Makefile:45: warning: overriding recipe for target 'test-backend'
Makefile:41: warning: ignoring old recipe for target 'test-backend'
go build -tags strictfipsruntime -mod=readonly -o plugin-backend cmd/plugin-backend.go
--> 0f0a32a5162b
[linux/amd64] [1/3] STEP 1/9: FROM registry.redhat.io/ubi9/nodejs-22:latest AS web-builder
Trying to pull registry.redhat.io/ubi9/nodejs-22:latest...
Getting image source signatures
Checking if image destination supports signatures
Copying blob sha256:e30cea0a2d9104a0a6013937815f0daf22458a7340690880affd957fa911aa30
Copying blob sha256:a05b129c54aeb83daa31848e5c1aec4f8e83541caf09c63a0723a217b3376590
Copying blob sha256:aca19e660f6d3005b0e0cb3182b2827554e877ed8773c57b83b87bf82f8cc6da
Copying config sha256:3b96e72308e07bae5d5f2673f701f4929659033997aa285e9701de573a29d3e0
Writing manifest to image destination
Storing signatures
[linux/amd64] [1/3] STEP 2/9: WORKDIR /opt/app-root
--> Using cache 4d6423ef0b9b1e546be50cadf3cbb394333f9d7b7dd9d7907da3bb14a48bc63b
--> 4d6423ef0b9b
[linux/amd64] [1/3] STEP 3/9: USER 0
--> Using cache bc17cc175604108a6363342d456ae3f4c269a771f23031b9381a4d1f1a61b439
--> bc17cc175604
[linux/amd64] [1/3] STEP 4/9: ENV HUSKY=0
--> Using cache e52eff27197beaad4fec16a71a9610b3ba27b37ca7893587d51c8b1b865e5f37
--> e52eff27197b
[linux/amd64] [1/3] STEP 5/9: COPY web/package*.json web/
--> e5afacc07e35
[linux/amd64] [1/3] STEP 6/9: COPY Makefile Makefile
--> a33b8ab06c14
[linux/amd64] [1/3] STEP 7/9: RUN make install-frontend-ci-clean
Makefile:45: warning: overriding recipe for target 'test-backend'
Makefile:41: warning: ignoring old recipe for target 'test-backend'
cd web && npm ci --omit=optional --ignore-scripts
npm warn deprecated whatwg-encoding@3.1.1: Use @exodus/bytes instead for a more spec-conformant and faster implementation
npm warn deprecated uuid@8.3.2: uuid@10 and below is no longer supported.  For ESM codebases, update to uuid@latest.  For CommonJS codebases, use uuid@11 (but be aware this version will likely be deprecated in 2028).
npm warn deprecated rimraf@3.0.2: Rimraf versions prior to v4 are no longer supported
npm warn deprecated inflight@1.0.6: This module is not supported, and leaks memory. Do not use it. Check out lru-cache if you want a good and tested way to coalesce async requests by a key value, which is much more comprehensive and powerful.
npm warn deprecated i18next-parser@9.4.0: Project is deprecated, use i18next-cli instead
npm warn deprecated glob@7.2.3: Old versions of glob are not supported, and contain widely publicized security vulnerabilities, which have been fixed in the current version. Please update. Support for old versions may be purchased (at exorbitant rates) by contacting i@izs.me
npm warn deprecated @types/webpack-dev-server@4.7.2: This is a stub types definition. webpack-dev-server provides its own type definitions, so you do not need this installed.
npm warn deprecated glob@10.5.0: Old versions of glob are not supported, and contain widely publicized security vulnerabilities, which have been fixed in the current version. Please update. Support for old versions may be purchased (at exorbitant rates) by contacting i@izs.me
npm warn deprecated glob@10.5.0: Old versions of glob are not supported, and contain widely publicized security vulnerabilities, which have been fixed in the current version. Please update. Support for old versions may be purchased (at exorbitant rates) by contacting i@izs.me
npm warn deprecated glob@10.5.0: Old versions of glob are not supported, and contain widely publicized security vulnerabilities, which have been fixed in the current version. Please update. Support for old versions may be purchased (at exorbitant rates) by contacting i@izs.me
npm warn deprecated glob@10.5.0: Old versions of glob are not supported, and contain widely publicized security vulnerabilities, which have been fixed in the current version. Please update. Support for old versions may be purchased (at exorbitant rates) by contacting i@izs.me
npm warn deprecated glob@10.5.0: Old versions of glob are not supported, and contain widely publicized security vulnerabilities, which have been fixed in the current version. Please update. Support for old versions may be purchased (at exorbitant rates) by contacting i@izs.me

added 1554 packages, and audited 1555 packages in 36s

310 packages are looking for funding
  run `npm fund` for details

51 vulnerabilities (2 low, 37 moderate, 11 high, 1 critical)

To address issues that do not require attention, run:
  npm audit fix

To address all issues (including breaking changes), run:
  npm audit fix --force

Run `npm audit` for details.
cd web && npm cache clean --force
npm warn using --force Recommended protections disabled.
--> 6645862214f9
[linux/amd64] [1/3] STEP 8/9: COPY web/ web/
--> f542a1842f50
[linux/amd64] [1/3] STEP 9/9: RUN make build-frontend
Makefile:45: warning: overriding recipe for target 'test-backend'
Makefile:41: warning: ignoring old recipe for target 'test-backend'
cd web && npm run build

> logging-view-plugin@6.1.0 build
> npm run clean && NODE_ENV=production npm run ts-node node_modules/.bin/webpack


> logging-view-plugin@6.1.0 clean
> rm -rf dist


> logging-view-plugin@6.1.0 ts-node
> ts-node -O '{"module":"commonjs"}' node_modules/.bin/webpack

@patternfly/react-core dynamic modules taken from dist/dynamic-modules.json
Cannot resolve base path for package @patternfly/react-data-view
@patternfly/react-icons dynamic modules taken from dist/dynamic-modules.json
@patternfly/react-table dynamic modules taken from dist/dynamic-modules.json
Cannot resolve base path for package @patternfly/react-templates
assets by path *.js 4.78 MiB
  assets by chunk 2.64 MiB (id hint: vendors)
    assets by status 1.61 MiB [big]
      asset 9666-chunk-69eed8215e04934b0b32.min.js 1.13 MiB [emitted] [immutable] [big] (id hint: vendors) 1 related asset
      asset 3076-chunk-d3dd5c0fd35e0abdbd6a.min.js 494 KiB [emitted] [immutable] [big] (id hint: vendors) 1 related asset
    + 11 assets
  + 82 assets
asset locales/en/plugin__logging-view-plugin.json 10.4 KiB [emitted] [from: ../locales/en/plugin__logging-view-plugin.json] [copied]
asset plugin-manifest.json 1.92 KiB [emitted]
orphan modules 2.59 MiB [orphan] 1519 modules
runtime modules 37.8 KiB 14 modules
built modules 2.89 MiB (javascript) 1.72 KiB (consume-shared) 1.56 KiB (share-init) [built]
  modules by path ../node_modules/ 2.6 MiB 436 modules
  modules by path ./ 299 KiB 48 modules
  consume-shared-module modules 1.72 KiB
    modules by path consume shared module (default) @patternfly/react-core/dist/dynamic/ 1.23 KiB 30 modules
    modules by path consume shared module (default) @patternfly/react-icons/dist/dynamic/icons/ 294 bytes 7 modules
    modules by path *.1 (singleton) 84 bytes 2 modules
    + 3 modules
  provide-module modules 1.56 KiB
    modules by path provide shared module (default) @patternfly/react-core/dist/dynamic/ 1.23 KiB 30 modules
    modules by path provide shared module (default) @patternfly/react-icons/dist/dynamic/icons/ 294 bytes 7 modules
    provide shared module (default) @patternfly/react-table/dist/dynamic/components/...(truncated) 42 bytes [built] [code generated]
  container entry 42 bytes [built] [code generated]

WARNING in asset size limit: The following asset(s) exceed the recommended size limit (244 KiB).
This can impact web performance.
Assets: 
  9666-chunk-69eed8215e04934b0b32.min.js (1.13 MiB)
  3076-chunk-d3dd5c0fd35e0abdbd6a.min.js (494 KiB)

webpack 5.106.2 compiled with 1 warning in 32226 ms
--> f937a0c9fdce
[linux/arm64] [3/3] STEP 1/5: FROM registry.redhat.io/rhel9-4-els/rhel:9.4
Trying to pull registry.redhat.io/rhel9-4-els/rhel:9.4...
Getting image source signatures
Checking if image destination supports signatures
Copying blob sha256:79500177a417e8e03b63a0893e7e6b03f94ac7a605be761a51e28f082a16087f
Copying config sha256:62846c379ae900d8abe0855310d3d4e7ca7b0b21cc231d45bdfe5a0044988475
Writing manifest to image destination
Storing signatures
[linux/arm64] [3/3] STEP 2/5: COPY --from=web-builder /opt/app-root/web/dist /opt/app-root/web/dist
--> dea87bea52c2
[linux/arm64] [3/3] STEP 3/5: COPY --from=go-builder /opt/app-root/plugin-backend /opt/app-root
--> 0cd330823f32
[linux/arm64] [3/3] STEP 4/5: COPY --from=go-builder /opt/app-root/config /opt/app-root/config
--> d0fa268ea33d
[linux/arm64] [3/3] STEP 5/5: ENTRYPOINT ["/opt/app-root/plugin-backend", "-config-path", "/opt/app-root/config", "-static-path", "/opt/app-root/web/dist"]
[linux/arm64] [3/3] COMMIT
--> b03628fe9138
[linux/amd64] [2/3] STEP 1/12: FROM registry.ci.openshift.org/ocp/builder:rhel-9-golang-1.25-openshift-4.22 AS go-builder
b03628fe9138bc0c4d895acc16cb0ad1c10c56d69abe0c6e4461c6c2facc18d3
Trying to pull registry.ci.openshift.org/ocp/builder:rhel-9-golang-1.25-openshift-4.22...
Getting image source signatures
Copying blob sha256:03129dd1268f27c17666f4b90ecb9555e453a10a78d58612c5827ef4f9d2373f
Copying blob sha256:cb8cee91bb10a151d5f47bfaeade03a136feecdd326326b1bb7ffb26c45f6de8
Copying blob sha256:bdb88ac36bdf391d418c29297642f76f82d5a4d646b4962c31184290c3b2d7bf
Copying config sha256:726e26dc5316eea3c0a1283ed333df2698d65be32717a5425bd9b251c0cf62e1
Writing manifest to image destination
[linux/amd64] [2/3] STEP 2/12: WORKDIR /opt/app-root
--> f431f42dcb82
[linux/amd64] [2/3] STEP 3/12: COPY Makefile Makefile
--> 06e609037ac5
[linux/amd64] [2/3] STEP 4/12: COPY go.mod go.mod
--> 2db832270e7e
[linux/amd64] [2/3] STEP 5/12: COPY go.sum go.sum
--> 6d709e3c968c
[linux/amd64] [2/3] STEP 6/12: RUN make install-backend
Makefile:45: warning: overriding recipe for target 'test-backend'
Makefile:41: warning: ignoring old recipe for target 'test-backend'
go mod download
--> 540ba31f857c
[linux/amd64] [2/3] STEP 7/12: COPY config/ config/
--> 04910585dcc1
[linux/amd64] [2/3] STEP 8/12: COPY cmd/ cmd/
--> 6d19a8752dc8
[linux/amd64] [2/3] STEP 9/12: COPY pkg/ pkg/
--> 17f74fd1c029
[linux/amd64] [2/3] STEP 10/12: ENV GOEXPERIMENT=strictfipsruntime
--> b1e915eaa6b1
[linux/amd64] [2/3] STEP 11/12: ENV CGO_ENABLED=1
--> 5938ef5dd1d2
[linux/amd64] [2/3] STEP 12/12: RUN make build-backend BUILD_OPTS="-tags strictfipsruntime"
Makefile:45: warning: overriding recipe for target 'test-backend'
Makefile:41: warning: ignoring old recipe for target 'test-backend'
go build -tags strictfipsruntime -mod=readonly -o plugin-backend cmd/plugin-backend.go
--> 25110a4ed81e
[linux/amd64] [3/3] STEP 1/5: FROM registry.redhat.io/rhel9-4-els/rhel:9.4
Trying to pull registry.redhat.io/rhel9-4-els/rhel:9.4...
Getting image source signatures
Checking if image destination supports signatures
Copying blob sha256:9e5082548d869f2944301a153c8568183a38cf0df310a3fb0b2daf2af3b5f841
Copying config sha256:77849b1a77e7859a392840d43bed01557ec82ac0c2ac4283d962deec354ceee6
Writing manifest to image destination
Storing signatures
[linux/amd64] [3/3] STEP 2/5: COPY --from=web-builder /opt/app-root/web/dist /opt/app-root/web/dist
--> 39b83436a347
[linux/amd64] [3/3] STEP 3/5: COPY --from=go-builder /opt/app-root/plugin-backend /opt/app-root
--> 40f84d036848
[linux/amd64] [3/3] STEP 4/5: COPY --from=go-builder /opt/app-root/config /opt/app-root/config
--> 62cf18004064
[linux/amd64] [3/3] STEP 5/5: ENTRYPOINT ["/opt/app-root/plugin-backend", "-config-path", "/opt/app-root/config", "-static-path", "/opt/app-root/web/dist"]
[linux/amd64] [3/3] COMMIT
--> 9552c4dcfd6d
9552c4dcfd6d9ae6ddd851c62693c5e211a5d4c6ddedfc84e681f38973ba0a30
podman manifest push quay.io/openshift-observability-ui/logging-view-plugin:v6.2.1
Getting image list signatures
Copying 2 images generated from 2 images in list
Copying image sha256:fcdd0efffbf3e170fd86d5b133d3231b550b8dea605a86719076931ab452185f (1/2)
Getting image source signatures
Copying blob sha256:85d1badd34c103bb6368566fde0dc0147566522a106d4205ca192b524c473c05
Copying blob sha256:abdb8cc72e3424e4355a57b5eaf69a820fc9a93b5ef3124d51f184bbf887b049
Copying blob sha256:c232dff0419b54ad61c5d6ebdc9d32354d303b48eaef76e70980b5c5be223794
Copying blob sha256:a1e4080e1e32fc3975138d954f8b17a2f46ae33fcb356b2b67a14aa36cb4f0be
Copying config sha256:b03628fe9138bc0c4d895acc16cb0ad1c10c56d69abe0c6e4461c6c2facc18d3
Writing manifest to image destination
Copying image sha256:6fb73a37a2e57d9e710ab0a73c6b339572fadfbbd884c163bd171ee50dba8330 (2/2)
Getting image source signatures
Copying blob sha256:250a2d7e73aeec3c361b869e45e0cc2ddf571b3c10021bb0be9c6baaed100510
Copying blob sha256:74ea6a5315ac2a0a27a1e4e6f87703374739fbd596e872724a21ab09c6bdf5dd
Copying blob sha256:bc6f7b3ea223bdc008cccadcedf4ec964b93b6798d13ebd8c21dd10c6bea696b
Copying blob sha256:de2c3cf2945f35b271dcc73619c0e6375b465fca421ed64afa83f447a670146d
Copying config sha256:9552c4dcfd6d9ae6ddd851c62693c5e211a5d4c6ddedfc84e681f38973ba0a30
Writing manifest to image destination
Writing manifest list to image destination
Storing list signatures

==========================================
  BUILD SUMMARY
==========================================
REPO                                          BRANCH                         VERSION    CHECKOUT   PULL       BRANCH     BUILD      ATTEMPTS
----                                          ------                         -------    --------   ----       ------     -----      --------
console-dashboards-plugin                     release-coo-ocp-4.12           v0.4.3     OK         OK         OK         SUCCESS    1
distributed-tracing-console-plugin            release-coo-ocp-4.12           v0.3.3     OK         OK         OK         SUCCESS    2
logging-view-plugin                           release-coo-ocp-4.12           v6.0.5     OK         OK         OK         FAILED     3
distributed-tracing-console-plugin            release-coo-ocp-4.15           v0.4.3     OK         OK         OK         SUCCESS    1
logging-view-plugin                           release-coo-ocp-4.15           v6.1.6     OK         OK         OK         SUCCESS    1
monitoring-plugin                             release-coo-ocp-4.15           v0.4.5     OK         OK         OK         SUCCESS    2
distributed-tracing-console-plugin            release-coo-ocp-4.19           v1.0.3     OK         OK         OK         SUCCESS    1
troubleshooting-panel-console-plugin          release-coo-ocp-4.19           v0.4.5     OK         OK         OK         SUCCESS    1
monitoring-plugin                             release-coo-ocp-4.19           v0.5.4     OK         OK         OK         SUCCESS    1
distributed-tracing-console-plugin            release-coo-ocp-4.22           v1.1.0     OK         OK         OK         SUCCESS    1
troubleshooting-panel-console-plugin          release-coo-ocp-4.22           v1.0.0     OK         OK         OK         SUCCESS    1
monitoring-plugin                             release-coo-ocp-4.22           v1.0.0     OK         OK         OK         SUCCESS    1
logging-view-plugin                           release-coo-ocp-4.22           v6.2.1     OK         OK         OK         SUCCESS    1
==========================================
Total: 13  |  Succeeded: 12  |  Failed: 1
==========================================
