Logging to /Users/emurasak/workspace/harness/tasks/upstream-images/build-and-push-20260630-161012.log
Fetching all branches for each repo...
  Fetching console-dashboards-plugin...
  Fetching distributed-tracing-console-plugin...
  Fetching logging-view-plugin...
  Fetching monitoring-plugin...
  Fetching troubleshooting-panel-console-plugin...
Fetch complete.
==========================================
Building console-dashboards-plugin @ release-coo-ocp-4.12 with VERSION=v0.4.3 ORG=rh-ee-emurasak
==========================================
Already on 'release-coo-ocp-4.12'
Your branch is up to date with 'origin/release-coo-ocp-4.12'.
From https://github.com/openshift/console-dashboards-plugin
 * branch            release-coo-ocp-4.12 -> FETCH_HEAD
Already up to date.
--- Attempt 1/3 ---
podman manifest rm quay.io/rh-ee-emurasak/console-dashboards-plugin:v0.4.3 || true
Untagged: quay.io/rh-ee-emurasak/console-dashboards-plugin:v0.4.3
Deleted: 8ffd73ca5259c10143eaaaffb62e62f538d00e9da5b3735ad3e4f257a97cf662
podman manifest create quay.io/rh-ee-emurasak/console-dashboards-plugin:v0.4.3
6a8b79bf5ba704dcd60e572112fbfebbbfc9554ecb5d09b7fd4cb9259c08c4b5
podman build --platform=linux/arm64,linux/amd64 --manifest quay.io/rh-ee-emurasak/console-dashboards-plugin:v0.4.3 -f Dockerfile
[linux/amd64] [1/3] STEP 1/8: FROM registry.redhat.io/ubi8/nodejs-18:latest AS web-builder
Trying to pull registry.redhat.io/ubi8/nodejs-18:latest...
Getting image source signatures
Checking if image destination supports signatures
Copying blob sha256:046eb6416170db2ab33e464d04c6f7c0c8c6cc8563597aca8e9fb7736dff00f9
Copying blob sha256:43ddc3bd12b8691687c9f6c273331ca07e3a89b50a619e0db9b040a8a629386d
Copying blob sha256:b610fd6091ba2163b8943d2214e20665977bc8064dc769d47be9ae868e48a301
Copying config sha256:ab55058334c5c32969b838cea2db23ee8c69c1b742006a75c031ed4f1b286bc5
Writing manifest to image destination
Storing signatures
[linux/amd64] [1/3] STEP 2/8: WORKDIR /opt/app-root
--> Using cache 3e6c8fef9f0db81f076f7c17f99adfad90d540dbfad328d4d108a3a1d21cf92e
--> 3e6c8fef9f0d
[linux/amd64] [1/3] STEP 3/8: USER 0
--> Using cache 74db39ef43293c846556d3d8aaafeef2ad2cab22e2dd02605273426e0c50fda6
--> 74db39ef4329
[linux/amd64] [1/3] STEP 4/8: COPY web/package*.json web/
--> Using cache 73eef413178b69264fc91b4cbe383a50706790e1b0b9091bfc7a931d4e4b1abe
--> 73eef413178b
[linux/amd64] [1/3] STEP 5/8: COPY Makefile Makefile
--> Using cache af1a4c6af546abdac94cbfb723406ba6aea572fd1795d14c7a47b02585860ac3
--> af1a4c6af546
[linux/amd64] [1/3] STEP 6/8: RUN make install-frontend-ci-clean
--> Using cache 718268d5473eb480b1f143205712bae3145d1b9d864903281cd33e73d4eb5ede
--> 718268d5473e
[linux/amd64] [1/3] STEP 7/8: COPY web/ web/
--> Using cache 1bcbfe35cd8a0c28d998bd2d325b91bcb12d144a401520f7ffb533fa9b66efc9
--> 1bcbfe35cd8a
[linux/amd64] [1/3] STEP 8/8: RUN make build-frontend
--> Using cache a46c8b267cf62fbd97141aa9cd3392584c19471f93ddcdf73564fcbf13e6672d
--> a46c8b267cf6
[linux/arm64] [1/3] STEP 1/8: FROM registry.redhat.io/ubi8/nodejs-18:latest AS web-builder
Trying to pull registry.redhat.io/ubi8/nodejs-18:latest...
Getting image source signatures
Checking if image destination supports signatures
Copying blob sha256:c4fff77bc060c02d4f09680032367cb302e83402fc25b7c7ac001cb00238876f
Copying blob sha256:8fd64178c906794da03bc9b7d2d5e3b70073b47f8aa659230381d7fd897dc11b
Copying blob sha256:6ad04be99c8f2547888de53fad691136f65cf5a11c7a2567ef29477c3413f587
Copying config sha256:62a277f6499a7c210a1022190779f4387fc1294a28ea7696fc264248bf328a9b
Writing manifest to image destination
Storing signatures
[linux/arm64] [1/3] STEP 2/8: WORKDIR /opt/app-root
--> Using cache 3a04ce32e7bc50cb84da7cd07dc4c7d6ab5eab63f0dc9d77b097f4a793bce657
--> 3a04ce32e7bc
[linux/arm64] [1/3] STEP 3/8: USER 0
--> Using cache 5612b35b38e026cb55402b3cbca1b44760992030a2263662076d090e1ff44049
--> 5612b35b38e0
[linux/arm64] [1/3] STEP 4/8: COPY web/package*.json web/
--> Using cache 7fad47df41fb0416aae629027b46d8cd5032bad3093cb1ed40b3e5742383f77c
--> 7fad47df41fb
[linux/arm64] [1/3] STEP 5/8: COPY Makefile Makefile
--> Using cache 289147822189771057028fb887acc57536022a1c51dae85b9ee3086456465d71
--> 289147822189
[linux/arm64] [1/3] STEP 6/8: RUN make install-frontend-ci-clean
--> Using cache 7d907c8ee3ea04af5e68357f3c02ab219c2e796ed1f0ef0a9c685620595065c4
--> 7d907c8ee3ea
[linux/arm64] [1/3] STEP 7/8: COPY web/ web/
--> Using cache b7bc209bc825b3561e3fc31ce045db7d1347948ec4697510217c3d8cab4bfbe3
--> b7bc209bc825
[linux/arm64] [1/3] STEP 8/8: RUN make build-frontend
--> Using cache d37afecf01105b74608d939d645aaa9ceff3c7cba5e93b7c92c930430d0597c4
--> d37afecf0110
[linux/amd64] [2/3] STEP 1/11: FROM registry.ci.openshift.org/ocp/builder:rhel-8-golang-1.24-openshift-4.20 AS go-builder
Trying to pull registry.ci.openshift.org/ocp/builder:rhel-8-golang-1.24-openshift-4.20...
[linux/arm64] [2/3] STEP 1/11: FROM registry.ci.openshift.org/ocp/builder:rhel-8-golang-1.24-openshift-4.20 AS go-builder
Trying to pull registry.ci.openshift.org/ocp/builder:rhel-8-golang-1.24-openshift-4.20...
Error: 2 errors occurred:
	* [linux/amd64]: creating build container: internal error: unable to copy from source docker://registry.ci.openshift.org/ocp/builder:rhel-8-golang-1.24-openshift-4.20: initializing source docker://registry.ci.openshift.org/ocp/builder:rhel-8-golang-1.24-openshift-4.20: reading manifest rhel-8-golang-1.24-openshift-4.20 in registry.ci.openshift.org/ocp/builder: manifest unknown
	* [linux/arm64]: creating build container: internal error: unable to copy from source docker://registry.ci.openshift.org/ocp/builder:rhel-8-golang-1.24-openshift-4.20: initializing source docker://registry.ci.openshift.org/ocp/builder:rhel-8-golang-1.24-openshift-4.20: reading manifest rhel-8-golang-1.24-openshift-4.20 in registry.ci.openshift.org/ocp/builder: manifest unknown



make: *** [podman-cross-build] Error 125
WARNING: Attempt 1 failed for console-dashboards-plugin @ release-coo-ocp-4.12 (exit code 2)
--- Attempt 2/3 ---
podman manifest rm quay.io/rh-ee-emurasak/console-dashboards-plugin:v0.4.3 || true
Untagged: quay.io/rh-ee-emurasak/console-dashboards-plugin:v0.4.3
Deleted: 6a8b79bf5ba704dcd60e572112fbfebbbfc9554ecb5d09b7fd4cb9259c08c4b5
podman manifest create quay.io/rh-ee-emurasak/console-dashboards-plugin:v0.4.3
de97a66b82f589aebab8d1fc4a0fc05a0a2aae07298f9b9451ca1591a4e62edf
podman build --platform=linux/arm64,linux/amd64 --manifest quay.io/rh-ee-emurasak/console-dashboards-plugin:v0.4.3 -f Dockerfile
[linux/arm64] [1/3] STEP 1/8: FROM registry.redhat.io/ubi8/nodejs-18:latest AS web-builder
[linux/arm64] [1/3] STEP 2/8: WORKDIR /opt/app-root
--> Using cache 3a04ce32e7bc50cb84da7cd07dc4c7d6ab5eab63f0dc9d77b097f4a793bce657
--> 3a04ce32e7bc
[linux/arm64] [1/3] STEP 3/8: USER 0
--> Using cache 5612b35b38e026cb55402b3cbca1b44760992030a2263662076d090e1ff44049
--> 5612b35b38e0
[linux/arm64] [1/3] STEP 4/8: COPY web/package*.json web/
--> Using cache 7fad47df41fb0416aae629027b46d8cd5032bad3093cb1ed40b3e5742383f77c
--> 7fad47df41fb
[linux/arm64] [1/3] STEP 5/8: COPY Makefile Makefile
--> Using cache 289147822189771057028fb887acc57536022a1c51dae85b9ee3086456465d71
--> 289147822189
[linux/arm64] [1/3] STEP 6/8: RUN make install-frontend-ci-clean
--> Using cache 7d907c8ee3ea04af5e68357f3c02ab219c2e796ed1f0ef0a9c685620595065c4
--> 7d907c8ee3ea
[linux/arm64] [1/3] STEP 7/8: COPY web/ web/
--> Using cache b7bc209bc825b3561e3fc31ce045db7d1347948ec4697510217c3d8cab4bfbe3
--> b7bc209bc825
[linux/arm64] [1/3] STEP 8/8: RUN make build-frontend
--> Using cache d37afecf01105b74608d939d645aaa9ceff3c7cba5e93b7c92c930430d0597c4
--> d37afecf0110
[linux/arm64] [2/3] STEP 1/11: FROM registry.ci.openshift.org/ocp/builder:rhel-8-golang-1.24-openshift-4.20 AS go-builder
Trying to pull registry.ci.openshift.org/ocp/builder:rhel-8-golang-1.24-openshift-4.20...
[linux/amd64] [1/3] STEP 1/8: FROM registry.redhat.io/ubi8/nodejs-18:latest AS web-builder
Trying to pull registry.redhat.io/ubi8/nodejs-18:latest...
Getting image source signatures
Checking if image destination supports signatures
Copying blob sha256:046eb6416170db2ab33e464d04c6f7c0c8c6cc8563597aca8e9fb7736dff00f9
Copying blob sha256:43ddc3bd12b8691687c9f6c273331ca07e3a89b50a619e0db9b040a8a629386d
Copying blob sha256:b610fd6091ba2163b8943d2214e20665977bc8064dc769d47be9ae868e48a301
Copying config sha256:ab55058334c5c32969b838cea2db23ee8c69c1b742006a75c031ed4f1b286bc5
Writing manifest to image destination
Storing signatures
[linux/amd64] [1/3] STEP 2/8: WORKDIR /opt/app-root
--> Using cache 3e6c8fef9f0db81f076f7c17f99adfad90d540dbfad328d4d108a3a1d21cf92e
--> 3e6c8fef9f0d
[linux/amd64] [1/3] STEP 3/8: USER 0
--> Using cache 74db39ef43293c846556d3d8aaafeef2ad2cab22e2dd02605273426e0c50fda6
--> 74db39ef4329
[linux/amd64] [1/3] STEP 4/8: COPY web/package*.json web/
--> Using cache 73eef413178b69264fc91b4cbe383a50706790e1b0b9091bfc7a931d4e4b1abe
--> 73eef413178b
[linux/amd64] [1/3] STEP 5/8: COPY Makefile Makefile
--> Using cache af1a4c6af546abdac94cbfb723406ba6aea572fd1795d14c7a47b02585860ac3
--> af1a4c6af546
[linux/amd64] [1/3] STEP 6/8: RUN make install-frontend-ci-clean
--> Using cache 718268d5473eb480b1f143205712bae3145d1b9d864903281cd33e73d4eb5ede
--> 718268d5473e
[linux/amd64] [1/3] STEP 7/8: COPY web/ web/
--> Using cache 1bcbfe35cd8a0c28d998bd2d325b91bcb12d144a401520f7ffb533fa9b66efc9
--> 1bcbfe35cd8a
[linux/amd64] [1/3] STEP 8/8: RUN make build-frontend
--> Using cache a46c8b267cf62fbd97141aa9cd3392584c19471f93ddcdf73564fcbf13e6672d
--> a46c8b267cf6
[linux/amd64] [2/3] STEP 1/11: FROM registry.ci.openshift.org/ocp/builder:rhel-8-golang-1.24-openshift-4.20 AS go-builder
Trying to pull registry.ci.openshift.org/ocp/builder:rhel-8-golang-1.24-openshift-4.20...
Error: 2 errors occurred:
	* [linux/arm64]: creating build container: internal error: unable to copy from source docker://registry.ci.openshift.org/ocp/builder:rhel-8-golang-1.24-openshift-4.20: initializing source docker://registry.ci.openshift.org/ocp/builder:rhel-8-golang-1.24-openshift-4.20: reading manifest rhel-8-golang-1.24-openshift-4.20 in registry.ci.openshift.org/ocp/builder: manifest unknown
	* [linux/amd64]: creating build container: internal error: unable to copy from source docker://registry.ci.openshift.org/ocp/builder:rhel-8-golang-1.24-openshift-4.20: initializing source docker://registry.ci.openshift.org/ocp/builder:rhel-8-golang-1.24-openshift-4.20: reading manifest rhel-8-golang-1.24-openshift-4.20 in registry.ci.openshift.org/ocp/builder: manifest unknown



make: *** [podman-cross-build] Error 125
WARNING: Attempt 2 failed for console-dashboards-plugin @ release-coo-ocp-4.12 (exit code 2)
--- Attempt 3/3 ---
podman manifest rm quay.io/rh-ee-emurasak/console-dashboards-plugin:v0.4.3 || true
Untagged: quay.io/rh-ee-emurasak/console-dashboards-plugin:v0.4.3
Deleted: de97a66b82f589aebab8d1fc4a0fc05a0a2aae07298f9b9451ca1591a4e62edf
podman manifest create quay.io/rh-ee-emurasak/console-dashboards-plugin:v0.4.3
07e739b246a567e229967b510c6cb7967d2d7df580ae8f8bf3399aa23fe7a678
podman build --platform=linux/arm64,linux/amd64 --manifest quay.io/rh-ee-emurasak/console-dashboards-plugin:v0.4.3 -f Dockerfile
[linux/amd64] [1/3] STEP 1/8: FROM registry.redhat.io/ubi8/nodejs-18:latest AS web-builder
[linux/amd64] [1/3] STEP 2/8: WORKDIR /opt/app-root
--> Using cache 3e6c8fef9f0db81f076f7c17f99adfad90d540dbfad328d4d108a3a1d21cf92e
--> 3e6c8fef9f0d
[linux/amd64] [1/3] STEP 3/8: USER 0
--> Using cache 74db39ef43293c846556d3d8aaafeef2ad2cab22e2dd02605273426e0c50fda6
--> 74db39ef4329
[linux/amd64] [1/3] STEP 4/8: COPY web/package*.json web/
--> Using cache 73eef413178b69264fc91b4cbe383a50706790e1b0b9091bfc7a931d4e4b1abe
--> 73eef413178b
[linux/amd64] [1/3] STEP 5/8: COPY Makefile Makefile
--> Using cache af1a4c6af546abdac94cbfb723406ba6aea572fd1795d14c7a47b02585860ac3
--> af1a4c6af546
[linux/amd64] [1/3] STEP 6/8: RUN make install-frontend-ci-clean
--> Using cache 718268d5473eb480b1f143205712bae3145d1b9d864903281cd33e73d4eb5ede
--> 718268d5473e
[linux/amd64] [1/3] STEP 7/8: COPY web/ web/
--> Using cache 1bcbfe35cd8a0c28d998bd2d325b91bcb12d144a401520f7ffb533fa9b66efc9
--> 1bcbfe35cd8a
[linux/amd64] [1/3] STEP 8/8: RUN make build-frontend
--> Using cache a46c8b267cf62fbd97141aa9cd3392584c19471f93ddcdf73564fcbf13e6672d
--> a46c8b267cf6
[linux/amd64] [2/3] STEP 1/11: FROM registry.ci.openshift.org/ocp/builder:rhel-8-golang-1.24-openshift-4.20 AS go-builder
Trying to pull registry.ci.openshift.org/ocp/builder:rhel-8-golang-1.24-openshift-4.20...
[linux/arm64] [1/3] STEP 1/8: FROM registry.redhat.io/ubi8/nodejs-18:latest AS web-builder
Trying to pull registry.redhat.io/ubi8/nodejs-18:latest...
Getting image source signatures
Checking if image destination supports signatures
Copying blob sha256:c4fff77bc060c02d4f09680032367cb302e83402fc25b7c7ac001cb00238876f
Copying blob sha256:8fd64178c906794da03bc9b7d2d5e3b70073b47f8aa659230381d7fd897dc11b
Copying blob sha256:6ad04be99c8f2547888de53fad691136f65cf5a11c7a2567ef29477c3413f587
Copying config sha256:62a277f6499a7c210a1022190779f4387fc1294a28ea7696fc264248bf328a9b
Writing manifest to image destination
Storing signatures
[linux/arm64] [1/3] STEP 2/8: WORKDIR /opt/app-root
--> Using cache 3a04ce32e7bc50cb84da7cd07dc4c7d6ab5eab63f0dc9d77b097f4a793bce657
--> 3a04ce32e7bc
[linux/arm64] [1/3] STEP 3/8: USER 0
--> Using cache 5612b35b38e026cb55402b3cbca1b44760992030a2263662076d090e1ff44049
--> 5612b35b38e0
[linux/arm64] [1/3] STEP 4/8: COPY web/package*.json web/
--> Using cache 7fad47df41fb0416aae629027b46d8cd5032bad3093cb1ed40b3e5742383f77c
--> 7fad47df41fb
[linux/arm64] [1/3] STEP 5/8: COPY Makefile Makefile
--> Using cache 289147822189771057028fb887acc57536022a1c51dae85b9ee3086456465d71
--> 289147822189
[linux/arm64] [1/3] STEP 6/8: RUN make install-frontend-ci-clean
--> Using cache 7d907c8ee3ea04af5e68357f3c02ab219c2e796ed1f0ef0a9c685620595065c4
--> 7d907c8ee3ea
[linux/arm64] [1/3] STEP 7/8: COPY web/ web/
--> Using cache b7bc209bc825b3561e3fc31ce045db7d1347948ec4697510217c3d8cab4bfbe3
--> b7bc209bc825
[linux/arm64] [1/3] STEP 8/8: RUN make build-frontend
--> Using cache d37afecf01105b74608d939d645aaa9ceff3c7cba5e93b7c92c930430d0597c4
--> d37afecf0110
[linux/arm64] [2/3] STEP 1/11: FROM registry.ci.openshift.org/ocp/builder:rhel-8-golang-1.24-openshift-4.20 AS go-builder
Trying to pull registry.ci.openshift.org/ocp/builder:rhel-8-golang-1.24-openshift-4.20...
Error: 2 errors occurred:
	* [linux/amd64]: creating build container: internal error: unable to copy from source docker://registry.ci.openshift.org/ocp/builder:rhel-8-golang-1.24-openshift-4.20: initializing source docker://registry.ci.openshift.org/ocp/builder:rhel-8-golang-1.24-openshift-4.20: reading manifest rhel-8-golang-1.24-openshift-4.20 in registry.ci.openshift.org/ocp/builder: manifest unknown
	* [linux/arm64]: creating build container: internal error: unable to copy from source docker://registry.ci.openshift.org/ocp/builder:rhel-8-golang-1.24-openshift-4.20: initializing source docker://registry.ci.openshift.org/ocp/builder:rhel-8-golang-1.24-openshift-4.20: reading manifest rhel-8-golang-1.24-openshift-4.20 in registry.ci.openshift.org/ocp/builder: manifest unknown



make: *** [podman-cross-build] Error 125
WARNING: Attempt 3 failed for console-dashboards-plugin @ release-coo-ocp-4.12 (exit code 2)
WARNING: Build failed for console-dashboards-plugin @ release-coo-ocp-4.12 after 3 attempts, continuing...
==========================================
Building distributed-tracing-console-plugin @ release-coo-ocp-4.12 with VERSION=v0.3.3 ORG=rh-ee-emurasak
==========================================
Switched to branch 'release-coo-ocp-4.12'
Your branch is up to date with 'origin/release-coo-ocp-4.12'.
From https://github.com/openshift/distributed-tracing-console-plugin
 * branch            release-coo-ocp-4.12 -> FETCH_HEAD
Already up to date.
--- Attempt 1/3 ---
podman manifest rm quay.io/rh-ee-emurasak/distributed-tracing-console-plugin:v0.3.3 || true
Untagged: quay.io/rh-ee-emurasak/distributed-tracing-console-plugin:v0.3.3
Deleted: 6b5367c8c83e4442e392e6063a4685887c7b2a05592e2cf1de3382778bd35af6
podman manifest create quay.io/rh-ee-emurasak/distributed-tracing-console-plugin:v0.3.3
8ff946d908d911f4f1a31778dac9e52c6e936541620b14aa4023d97f4f6a89f7
podman build --platform=linux/arm64,linux/amd64 --manifest quay.io/rh-ee-emurasak/distributed-tracing-console-plugin:v0.3.3 -f Dockerfile
[linux/amd64] [1/3] STEP 1/8: FROM registry.redhat.io/ubi9/nodejs-22:latest AS web-builder
Trying to pull registry.redhat.io/ubi9/nodejs-22:latest...
Getting image source signatures
Checking if image destination supports signatures
Copying blob sha256:282d0d24d7fbf867c5fcf0074ef814120603d793df3c6b07803f4fe4f13e8364
Copying blob sha256:a65b1d5fa71f2275b83830542c74d937ba4151138631910bd375d577f8ceeed8
Copying blob sha256:7e1f79224b0668cff86172f85305621504ef2f1a15768b9ed272ea1f1a0e4e4d
Copying config sha256:0ccc4acadf8fe652aee3bd1e9b848aa1ddb72cc4db9269dc719a72a71892e157
Writing manifest to image destination
Storing signatures
[linux/amd64] [1/3] STEP 2/8: WORKDIR /opt/app-root
--> Using cache 25f952364c18dec697621ccdf03fe10655339de2dbbbf27c4486edb5a1c24341
--> 25f952364c18
[linux/amd64] [1/3] STEP 3/8: USER 0
--> Using cache 7b8705aab315b50a437e2e7c2f502baa54d72938a85870d51e91af51dabda800
--> 7b8705aab315
[linux/amd64] [1/3] STEP 4/8: COPY web/package*.json web/
--> Using cache 31b2906b7c1e01af26673b5168bb7930375ec1ba96950cd3c3653e7eee4252bf
--> 31b2906b7c1e
[linux/amd64] [1/3] STEP 5/8: COPY Makefile Makefile
--> Using cache 8f7f981d9d3f4ded6596f3691fa43d4a09b94323167c406209b05a1a8714aa9d
--> 8f7f981d9d3f
[linux/amd64] [1/3] STEP 6/8: RUN make install-frontend-ci-clean
--> Using cache 22307e39d92ae57e8602040e18f604f649071e9b1c4aa824b32063a9479905bb
--> 22307e39d92a
[linux/amd64] [1/3] STEP 7/8: COPY web/ web/
--> Using cache f4c42c055846188307256dd2fc76c8a5c487bafab6a7baee843a5a0fa79897d1
--> f4c42c055846
[linux/amd64] [1/3] STEP 8/8: RUN make build-frontend
--> Using cache cb43d07acc92105904a6adb19225884025f2678a9921045c09e5fd459e982d80
--> cb43d07acc92
[linux/amd64] [2/3] STEP 1/11: FROM registry.access.redhat.com/ubi9/go-toolset:1.26 AS go-builder
[linux/amd64] [2/3] STEP 2/11: WORKDIR /opt/app-root
--> Using cache af1cfc364e02bbbe152a266e3b4e766d012ba8761df2219b036428533bcaa1d1
--> af1cfc364e02
[linux/amd64] [2/3] STEP 3/11: COPY Makefile Makefile
--> Using cache 4e9cce7ee01fa7c70afb2d7feeebfe323d30672cd190195818dbe76c523f4178
--> 4e9cce7ee01f
[linux/amd64] [2/3] STEP 4/11: COPY go.mod go.mod
--> Using cache 52339c11542104142ff3abf770373fc258461eabbe1f7aa1da28084b139db7c0
--> 52339c115421
[linux/amd64] [2/3] STEP 5/11: COPY go.sum go.sum
--> Using cache c480e11b5335096ef5095e884a79d98a1f8b2b8cc54dfb55b4a7ddf84dbec9dd
--> c480e11b5335
[linux/amd64] [2/3] STEP 6/11: RUN go mod download
--> Using cache fbec6c310078235788f296012c947ba46f232fc288a02feb2253cfccb5e75c2b
--> fbec6c310078
[linux/amd64] [2/3] STEP 7/11: COPY cmd/ cmd/
--> Using cache 5d2c43084b8150284963e5fa3eae4d4e81d6b7ee7723a69a03691c454dbce897
--> 5d2c43084b81
[linux/amd64] [2/3] STEP 8/11: COPY pkg/ pkg/
--> Using cache 736c82aa8afe27302ffe5c7d19d368527dfee777d31e207a8f70d4910f097da3
--> 736c82aa8afe
[linux/amd64] [2/3] STEP 9/11: ENV GOEXPERIMENT=strictfipsruntime
--> Using cache 3dae812623d958dcc3023ea4ba516c4d9c82b823655add8c86c52f36b2f0ecc7
--> 3dae812623d9
[linux/amd64] [2/3] STEP 10/11: ENV CGO_ENABLED=1
--> Using cache 3a3d0c9a96b119270b337da4105e69332aa011e0092c1d950d602940fe2650e5
--> 3a3d0c9a96b1
[linux/amd64] [2/3] STEP 11/11: RUN make build-backend BUILD_OPTS="-tags strictfipsruntime"
--> Using cache 72c223377cc108b01ae008d5e3fcda46704a4496068619027690082434b790cb
--> 72c223377cc1
[linux/arm64] [1/3] STEP 1/8: FROM registry.redhat.io/ubi9/nodejs-22:latest AS web-builder
Trying to pull registry.redhat.io/ubi9/nodejs-22:latest...
Getting image source signatures
Checking if image destination supports signatures
Copying blob sha256:9646992efe070a3bd6c556d5bfd825b8ffbc51f371288f7eb152d2d852939056
Copying blob sha256:f00a3ea30fea862d594c88740f011c234eb0b745138910c83abb92b28517593d
Copying blob sha256:9f54e374b06db8429b62d91af166f6a7caa34095b474b38a6853f75e9501072e
Copying config sha256:404bfb706f719cb0fdb063441e6c5404e5ce5228389a38c0ab4dda7570ece9f6
Writing manifest to image destination
Storing signatures
[linux/arm64] [1/3] STEP 2/8: WORKDIR /opt/app-root
--> Using cache 8d7f4d666d8b2966000dfdbddaf0f201f102b80d182b42918646bca008497d32
--> 8d7f4d666d8b
[linux/arm64] [1/3] STEP 3/8: USER 0
--> Using cache ab40718f6d3d3469511e8bdb5e14133d0b8570fbf01d414c2b0398600f6e9b81
--> ab40718f6d3d
[linux/arm64] [1/3] STEP 4/8: COPY web/package*.json web/
--> Using cache 0181054d4bc4b746abcb0d7ecbf150c732735626352715af66000fbbac8f6722
--> 0181054d4bc4
[linux/arm64] [1/3] STEP 5/8: COPY Makefile Makefile
--> Using cache 0140fb81746976fd37a98024bd79c24ba7285f08931f18a0d7d1390bd2972828
--> 0140fb817469
[linux/arm64] [1/3] STEP 6/8: RUN make install-frontend-ci-clean
--> Using cache 25ef410cbd4a2da11188517912e4a49cf99ffe448e5b022e0cb89a99ce8ff021
--> 25ef410cbd4a
[linux/arm64] [1/3] STEP 7/8: COPY web/ web/
--> Using cache e21eb07a2f5ddd78504a2255bdec83ed6353daf2c0296917a00171e3dc7ac67f
--> e21eb07a2f5d
[linux/arm64] [1/3] STEP 8/8: RUN make build-frontend
--> Using cache 5327997cadc02bb404fbdaaf9d377ae22d732bc844d82510e0595016a54d5ec5
--> 5327997cadc0
[linux/amd64] [3/3] STEP 1/4: FROM registry.access.redhat.com/ubi9/ubi-minimal
Trying to pull registry.access.redhat.com/ubi9/ubi-minimal:latest...
Getting image source signatures
Checking if image destination supports signatures
Copying blob sha256:8af57f051b373375a1be8f892172089259ad624ed8452291226c539055e60228
Copying config sha256:659f819f47f8e8d2348bd9243d2ef17f39a9cc97ee1964b1cf1f83d428090213
Writing manifest to image destination
Storing signatures
[linux/amd64] [3/3] STEP 2/4: COPY --from=web-builder /opt/app-root/web/dist /opt/app-root/web/dist
--> Using cache 5e4d6b5dd292833d0cef7958913042458eb07fd98036262805ff2c8aceba9c9f
--> 5e4d6b5dd292
[linux/amd64] [3/3] STEP 3/4: COPY --from=go-builder /opt/app-root/plugin-backend /opt/app-root
--> Using cache 662e75137b70630ea45b18ddcd3fb5dde321865527e020723d7046e069260f40
--> 662e75137b70
[linux/amd64] [3/3] STEP 4/4: ENTRYPOINT ["/opt/app-root/plugin-backend", "-static-path", "/opt/app-root/web/dist", "-config-path", "/opt/app-root/web/dist"]
--> Using cache 4896fae83ac70d8fe3f26cef2d55b3272b4736fe48a276306ac65a6b67bad287
--> 4896fae83ac7
[linux/arm64] [2/3] STEP 1/11: FROM registry.access.redhat.com/ubi9/go-toolset:1.26 AS go-builder
4896fae83ac70d8fe3f26cef2d55b3272b4736fe48a276306ac65a6b67bad287
Trying to pull registry.access.redhat.com/ubi9/go-toolset:1.26...
Getting image source signatures
Checking if image destination supports signatures
Copying blob sha256:45930d601c4202f8f62b21cd0a99019c00cd0af6e243187962defb645a49ab77
Copying blob sha256:45e8f34021ec53e3f4034c0aa42f88f43d2c6a70db6bcbe4da9c885fec121ca7
Copying blob sha256:f00a3ea30fea862d594c88740f011c234eb0b745138910c83abb92b28517593d
Copying blob sha256:9f54e374b06db8429b62d91af166f6a7caa34095b474b38a6853f75e9501072e
Copying config sha256:1b04da50b8a1a4d73cbc62e9438485bbb1219c003b0fef077d227b77d3fa7fb5
Writing manifest to image destination
Storing signatures
[linux/arm64] [2/3] STEP 2/11: WORKDIR /opt/app-root
--> Using cache a05232a4028fedcbdc5858a48a003ce3f0eaa6f7f55bf759968c0186ab9fecd0
--> a05232a4028f
[linux/arm64] [2/3] STEP 3/11: COPY Makefile Makefile
--> Using cache 35cc516cd1e235a66ef91e01b28dc9486da5f5666aa9729546034de8a103113b
--> 35cc516cd1e2
[linux/arm64] [2/3] STEP 4/11: COPY go.mod go.mod
--> Using cache f27e92f34149d8284e6d8161d57d5f3b2743045df4f705719b7a3c01223b8460
--> f27e92f34149
[linux/arm64] [2/3] STEP 5/11: COPY go.sum go.sum
--> Using cache 0647718e5d08244fdc4a1ef88edd2f9a69e00e60abbde184998388868e56dafa
--> 0647718e5d08
[linux/arm64] [2/3] STEP 6/11: RUN go mod download
--> Using cache c1980880e2ea0281518ac17727f6dbf4e498327520d19544072025a63fe3e620
--> c1980880e2ea
[linux/arm64] [2/3] STEP 7/11: COPY cmd/ cmd/
--> Using cache b7fc973b58bbb3a7b1de27cd087eda333f333c8a7dddda77f9a8c5d7800f1476
--> b7fc973b58bb
[linux/arm64] [2/3] STEP 8/11: COPY pkg/ pkg/
--> Using cache 47805762c53f2e15fbe9a7d587859b35e15251aa96298411059bc35764da22f0
--> 47805762c53f
[linux/arm64] [2/3] STEP 9/11: ENV GOEXPERIMENT=strictfipsruntime
--> Using cache 718811ccbc3707a3b84a626ea389973df1168c23a3efb193c097fc1c4c86bc1a
--> 718811ccbc37
[linux/arm64] [2/3] STEP 10/11: ENV CGO_ENABLED=1
--> Using cache df6f0ded78a7180143fdcaaedeb5021739dfce33d20de2ef48bcf29fc350d08c
--> df6f0ded78a7
[linux/arm64] [2/3] STEP 11/11: RUN make build-backend BUILD_OPTS="-tags strictfipsruntime"
--> Using cache 1097d2ad5607cc09552d973208870331f285cd1c916f2efdf119d0e34498ae37
--> 1097d2ad5607
[linux/arm64] [3/3] STEP 1/4: FROM registry.access.redhat.com/ubi9/ubi-minimal
Trying to pull registry.access.redhat.com/ubi9/ubi-minimal:latest...
Getting image source signatures
Checking if image destination supports signatures
Copying blob sha256:96c16ad0505847764761c5c4d0a82cd8a619f3e93c57f6a4b081cb9d4d0dd3e7
Copying config sha256:dc66a34eca2d77aebb3d6349e06bbb118c0571f172e297eea776d8aa352899e7
Writing manifest to image destination
Storing signatures
[linux/arm64] [3/3] STEP 2/4: COPY --from=web-builder /opt/app-root/web/dist /opt/app-root/web/dist
--> Using cache 9c7bd144d6dd07a4c2508d2ed8adaa5d3ab32b2ab16c12cc4eec70664e6b7023
--> 9c7bd144d6dd
[linux/arm64] [3/3] STEP 3/4: COPY --from=go-builder /opt/app-root/plugin-backend /opt/app-root
--> Using cache 5ecd1a379cb78240e72218da9bf812e1fe2bcf3f52a4b71dbf373cec112da791
--> 5ecd1a379cb7
[linux/arm64] [3/3] STEP 4/4: ENTRYPOINT ["/opt/app-root/plugin-backend", "-static-path", "/opt/app-root/web/dist", "-config-path", "/opt/app-root/web/dist"]
--> Using cache 39a8fb8845f41f45a1acfc4a6de90b4649699946c3c8ac07bf27824fc41ee08f
--> 39a8fb8845f4
39a8fb8845f41f45a1acfc4a6de90b4649699946c3c8ac07bf27824fc41ee08f
podman manifest push quay.io/rh-ee-emurasak/distributed-tracing-console-plugin:v0.3.3
Getting image list signatures
Copying 2 images generated from 2 images in list
Copying image sha256:4d8258363653d7b06726ae4ec3685dd04da436b3445399601e8056b9d88290f6 (1/2)
Getting image source signatures
Copying blob sha256:99967028dd504c0d65aabceb91553812e1a88a65a4224edd279acf657a6c708a
Copying blob sha256:10b0b77a07519aa28df766977fb2c5701cd53b8dc1891c43630f45679581c3f4
Copying blob sha256:eb31fffb4653a560fe98f0cdf1563599483471410f682eef43f925913573d867
Copying config sha256:4896fae83ac70d8fe3f26cef2d55b3272b4736fe48a276306ac65a6b67bad287
Writing manifest to image destination
Copying image sha256:64c256df60b169c8cb8a7739e9f3302678fdc1729d12a0df9df40a17b548818b (2/2)
Getting image source signatures
Copying blob sha256:c71503c1156d30a62dc9ef83dc22fc996417d2dbc2dc0bf62033862f7cd62853
Copying blob sha256:228d3d093b243661f2bbd4be6cc0e4a91af886b882ca37d67a2522d8dc67af93
Copying blob sha256:6bb0225cc193fc2687af07cbb5182e5efd2a3e9512fcaa3a40e8b9b502410e5f
Copying config sha256:39a8fb8845f41f45a1acfc4a6de90b4649699946c3c8ac07bf27824fc41ee08f
Writing manifest to image destination
Writing manifest list to image destination
Storing list signatures
==========================================
Building logging-view-plugin @ release-coo-ocp-4.12 with VERSION=v6.0.5 ORG=rh-ee-emurasak
==========================================
Switched to branch 'release-coo-ocp-4.12'
Your branch is up to date with 'origin/release-coo-ocp-4.12'.
From https://github.com/openshift/logging-view-plugin
 * branch            release-coo-ocp-4.12 -> FETCH_HEAD
Already up to date.
--- Attempt 1/3 ---
podman manifest rm quay.io/rh-ee-emurasak/logging-view-plugin:v6.0.5 || true
Untagged: quay.io/rh-ee-emurasak/logging-view-plugin:v6.0.5
Deleted: 1c922fc8631ef609be8864d0b0d85ece9e89d7c5c8d3311f15771f98a309355b
podman manifest create quay.io/rh-ee-emurasak/logging-view-plugin:v6.0.5
25ead35ba3119db104e0f25a92afa7c0b2e635a97cda64e540daad0fff513b47
podman build --platform=linux/arm64,linux/amd64 --manifest quay.io/rh-ee-emurasak/logging-view-plugin:v6.0.5 -f Dockerfile
[linux/amd64] [1/3] STEP 1/9: FROM registry.redhat.io/ubi9/nodejs-18:latest AS web-builder
Trying to pull registry.redhat.io/ubi9/nodejs-18:latest...
Getting image source signatures
Checking if image destination supports signatures
Copying blob sha256:bd74b94f9d783929640d82362c5b1af55b0b7bea9405c379251f405c9c94f690
Copying blob sha256:97971704aef24e8b1129c4f1b2e2241c7800b8bb89a14e77a7efebccd4193661
Copying blob sha256:ce1770dcb97c2c062c80efe0edf0d512923b8ac34444b4f56733f446ea06ca95
Copying config sha256:dc791d1b00fc164bb81bc99a7ddadc9eef02d0042878fe62c5fd468df91b2140
Writing manifest to image destination
Storing signatures
[linux/amd64] [1/3] STEP 2/9: WORKDIR /opt/app-root
--> Using cache 21284eb9bf8c29bd9fd2c14ad913f4ce724bf799d1b7aed0b791ee22b54cd741
--> 21284eb9bf8c
[linux/amd64] [1/3] STEP 3/9: USER 0
--> Using cache e4607401235d2219f41aedae14a2b91f057afcedfe75b452e81d5ea8dfff35ec
--> e4607401235d
[linux/amd64] [1/3] STEP 4/9: ENV HUSKY=0
--> Using cache b520a56d39c09f98aca73aa48de3be3727f47c123ad337137250ba143690f780
--> b520a56d39c0
[linux/amd64] [1/3] STEP 5/9: COPY web/package*.json web/
--> Using cache ab362fa4ed33ae09d41c92d4d3277f50801918593d1152185896d5a97457a4c2
--> ab362fa4ed33
[linux/amd64] [1/3] STEP 6/9: COPY Makefile Makefile
--> Using cache 87a502bb09fe859a5a30e5590fb4b70f0e0247e83d9d599bd76c7f23ca5882c5
--> 87a502bb09fe
[linux/amd64] [1/3] STEP 7/9: RUN make install-frontend-ci-clean
--> Using cache 25dcc0f4a40bb0b4b77ac16d26e5a547b65e5f87f41ef7bd1651f1595f878823
--> 25dcc0f4a40b
[linux/amd64] [1/3] STEP 8/9: COPY web/ web/
--> Using cache 6967b3033d20e7f357b675a835814f039bba3e25d9c0ebed6615e1bc2ef38901
--> 6967b3033d20
[linux/amd64] [1/3] STEP 9/9: RUN make build-frontend
cd web && npm run build

> logging-view-plugin@6.0.0 build
> npm run clean && NODE_ENV=production npm run ts-node node_modules/.bin/webpack


> logging-view-plugin@6.0.0 clean
> rm -rf dist


> logging-view-plugin@6.0.0 ts-node
> ts-node -O '{"module":"commonjs"}' node_modules/.bin/webpack

TypeError: [(...copiedResultMap.entries(...))].toSorted is not a function
    at /opt/app-root/web/node_modules/copy-webpack-plugin/dist/index.js:747:61
make: *** [Makefile:41: build-frontend] Error 1
[linux/arm64] [1/3] STEP 1/9: FROM registry.redhat.io/ubi9/nodejs-18:latest AS web-builder
Trying to pull registry.redhat.io/ubi9/nodejs-18:latest...
Getting image source signatures
Checking if image destination supports signatures
Copying blob sha256:d2d4277551d19aaf448f46617629ba5ce8decceacdd7a9e3f6d43a7763294f84
Copying blob sha256:d92b30fd88841f53962ad35d9c474465d043b096524bdc2ef18640daf2e51e82
Copying blob sha256:c0c6f119f250bcd571815218a238bf91fcd968aa4bfe95c224309ec367df747e
Copying config sha256:d561cbadf704f121dc19b5ca23115d808580ccff537c4def93fff467e1723872
Writing manifest to image destination
Storing signatures
[linux/arm64] [1/3] STEP 2/9: WORKDIR /opt/app-root
--> Using cache dfa7ac49c2dc872eb22a00ffa7e4fe3e0d6f88784e4c23092347d0a33595306f
--> dfa7ac49c2dc
[linux/arm64] [1/3] STEP 3/9: USER 0
--> Using cache 2320e81a48b79caa878a481cac213ec5e1a6178add248503955987764eb42558
--> 2320e81a48b7
[linux/arm64] [1/3] STEP 4/9: ENV HUSKY=0
--> Using cache e7d32f84af4126829711c35cf6b59f75033d56bc14f5cbbd5b0f6b01fb813676
--> e7d32f84af41
[linux/arm64] [1/3] STEP 5/9: COPY web/package*.json web/
--> Using cache 40309120bad57e3c40fddea0f81c03bf2ca55a0a378fc91efb55cce85c4b6eb8
--> 40309120bad5
[linux/arm64] [1/3] STEP 6/9: COPY Makefile Makefile
--> Using cache d68d3e1b603ecb1649e997605d29f0a567c8edeecb852e9463d4eb6ab7c005bf
--> d68d3e1b603e
[linux/arm64] [1/3] STEP 7/9: RUN make install-frontend-ci-clean
--> Using cache 7b97e15d6203239170c35befdf5635883272a93f33e7a9f851a505ae709f7488
--> 7b97e15d6203
[linux/arm64] [1/3] STEP 8/9: COPY web/ web/
--> Using cache 8e755a5dd3bbe50d229f6b9b8a3a807b238e4dcb091c99acabb932a61e470c32
--> 8e755a5dd3bb
[linux/arm64] [1/3] STEP 9/9: RUN make build-frontend
cd web && npm run build

> logging-view-plugin@6.0.0 build
> npm run clean && NODE_ENV=production npm run ts-node node_modules/.bin/webpack


> logging-view-plugin@6.0.0 clean
> rm -rf dist


> logging-view-plugin@6.0.0 ts-node
> ts-node -O '{"module":"commonjs"}' node_modules/.bin/webpack

TypeError: [(...copiedResultMap.entries(...))].toSorted is not a function
    at /opt/app-root/web/node_modules/copy-webpack-plugin/dist/index.js:747:61
make: *** [Makefile:41: build-frontend] Error 1
Error: 2 errors occurred:
	* [linux/amd64]: building at STEP "RUN make build-frontend": while running runtime: exit status 2
	* [linux/arm64]: building at STEP "RUN make build-frontend": while running runtime: exit status 2



make: *** [podman-cross-build] Error 2
WARNING: Attempt 1 failed for logging-view-plugin @ release-coo-ocp-4.12 (exit code 2)
--- Attempt 2/3 ---
podman manifest rm quay.io/rh-ee-emurasak/logging-view-plugin:v6.0.5 || true
Untagged: quay.io/rh-ee-emurasak/logging-view-plugin:v6.0.5
Deleted: 25ead35ba3119db104e0f25a92afa7c0b2e635a97cda64e540daad0fff513b47
podman manifest create quay.io/rh-ee-emurasak/logging-view-plugin:v6.0.5
a5d1981e92a7e7bd8887c7a45ae477194e8aae16ca878cb36a44518ae0a7327d
podman build --platform=linux/arm64,linux/amd64 --manifest quay.io/rh-ee-emurasak/logging-view-plugin:v6.0.5 -f Dockerfile
[linux/amd64] [1/3] STEP 1/9: FROM registry.redhat.io/ubi9/nodejs-18:latest AS web-builder
Trying to pull registry.redhat.io/ubi9/nodejs-18:latest...
Getting image source signatures
Checking if image destination supports signatures
Copying blob sha256:97971704aef24e8b1129c4f1b2e2241c7800b8bb89a14e77a7efebccd4193661
Copying blob sha256:ce1770dcb97c2c062c80efe0edf0d512923b8ac34444b4f56733f446ea06ca95
Copying blob sha256:bd74b94f9d783929640d82362c5b1af55b0b7bea9405c379251f405c9c94f690
Copying config sha256:dc791d1b00fc164bb81bc99a7ddadc9eef02d0042878fe62c5fd468df91b2140
Writing manifest to image destination
Storing signatures
[linux/amd64] [1/3] STEP 2/9: WORKDIR /opt/app-root
--> Using cache 21284eb9bf8c29bd9fd2c14ad913f4ce724bf799d1b7aed0b791ee22b54cd741
--> 21284eb9bf8c
[linux/amd64] [1/3] STEP 3/9: USER 0
--> Using cache e4607401235d2219f41aedae14a2b91f057afcedfe75b452e81d5ea8dfff35ec
--> e4607401235d
[linux/amd64] [1/3] STEP 4/9: ENV HUSKY=0
--> Using cache b520a56d39c09f98aca73aa48de3be3727f47c123ad337137250ba143690f780
--> b520a56d39c0
[linux/amd64] [1/3] STEP 5/9: COPY web/package*.json web/
--> Using cache ab362fa4ed33ae09d41c92d4d3277f50801918593d1152185896d5a97457a4c2
--> ab362fa4ed33
[linux/amd64] [1/3] STEP 6/9: COPY Makefile Makefile
--> Using cache 87a502bb09fe859a5a30e5590fb4b70f0e0247e83d9d599bd76c7f23ca5882c5
--> 87a502bb09fe
[linux/amd64] [1/3] STEP 7/9: RUN make install-frontend-ci-clean
--> Using cache 25dcc0f4a40bb0b4b77ac16d26e5a547b65e5f87f41ef7bd1651f1595f878823
--> 25dcc0f4a40b
[linux/amd64] [1/3] STEP 8/9: COPY web/ web/
--> Using cache 6967b3033d20e7f357b675a835814f039bba3e25d9c0ebed6615e1bc2ef38901
--> 6967b3033d20
[linux/amd64] [1/3] STEP 9/9: RUN make build-frontend
cd web && npm run build

> logging-view-plugin@6.0.0 build
> npm run clean && NODE_ENV=production npm run ts-node node_modules/.bin/webpack


> logging-view-plugin@6.0.0 clean
> rm -rf dist


> logging-view-plugin@6.0.0 ts-node
> ts-node -O '{"module":"commonjs"}' node_modules/.bin/webpack

TypeError: [(...copiedResultMap.entries(...))].toSorted is not a function
    at /opt/app-root/web/node_modules/copy-webpack-plugin/dist/index.js:747:61
make: *** [Makefile:41: build-frontend] Error 1
[linux/arm64] [1/3] STEP 1/9: FROM registry.redhat.io/ubi9/nodejs-18:latest AS web-builder
Trying to pull registry.redhat.io/ubi9/nodejs-18:latest...
Getting image source signatures
Checking if image destination supports signatures
Copying blob sha256:d2d4277551d19aaf448f46617629ba5ce8decceacdd7a9e3f6d43a7763294f84
Copying blob sha256:c0c6f119f250bcd571815218a238bf91fcd968aa4bfe95c224309ec367df747e
Copying blob sha256:d92b30fd88841f53962ad35d9c474465d043b096524bdc2ef18640daf2e51e82
Copying config sha256:d561cbadf704f121dc19b5ca23115d808580ccff537c4def93fff467e1723872
Writing manifest to image destination
Storing signatures
[linux/arm64] [1/3] STEP 2/9: WORKDIR /opt/app-root
--> Using cache dfa7ac49c2dc872eb22a00ffa7e4fe3e0d6f88784e4c23092347d0a33595306f
--> dfa7ac49c2dc
[linux/arm64] [1/3] STEP 3/9: USER 0
--> Using cache 2320e81a48b79caa878a481cac213ec5e1a6178add248503955987764eb42558
--> 2320e81a48b7
[linux/arm64] [1/3] STEP 4/9: ENV HUSKY=0
--> Using cache e7d32f84af4126829711c35cf6b59f75033d56bc14f5cbbd5b0f6b01fb813676
--> e7d32f84af41
[linux/arm64] [1/3] STEP 5/9: COPY web/package*.json web/
--> Using cache 40309120bad57e3c40fddea0f81c03bf2ca55a0a378fc91efb55cce85c4b6eb8
--> 40309120bad5
[linux/arm64] [1/3] STEP 6/9: COPY Makefile Makefile
--> Using cache d68d3e1b603ecb1649e997605d29f0a567c8edeecb852e9463d4eb6ab7c005bf
--> d68d3e1b603e
[linux/arm64] [1/3] STEP 7/9: RUN make install-frontend-ci-clean
--> Using cache 7b97e15d6203239170c35befdf5635883272a93f33e7a9f851a505ae709f7488
--> 7b97e15d6203
[linux/arm64] [1/3] STEP 8/9: COPY web/ web/
--> Using cache 8e755a5dd3bbe50d229f6b9b8a3a807b238e4dcb091c99acabb932a61e470c32
--> 8e755a5dd3bb
[linux/arm64] [1/3] STEP 9/9: RUN make build-frontend
cd web && npm run build

> logging-view-plugin@6.0.0 build
> npm run clean && NODE_ENV=production npm run ts-node node_modules/.bin/webpack


> logging-view-plugin@6.0.0 clean
> rm -rf dist


> logging-view-plugin@6.0.0 ts-node
> ts-node -O '{"module":"commonjs"}' node_modules/.bin/webpack

TypeError: [(...copiedResultMap.entries(...))].toSorted is not a function
    at /opt/app-root/web/node_modules/copy-webpack-plugin/dist/index.js:747:61
make: *** [Makefile:41: build-frontend] Error 1
Error: 2 errors occurred:
	* [linux/amd64]: building at STEP "RUN make build-frontend": while running runtime: exit status 2
	* [linux/arm64]: building at STEP "RUN make build-frontend": while running runtime: exit status 2



make: *** [podman-cross-build] Error 2
WARNING: Attempt 2 failed for logging-view-plugin @ release-coo-ocp-4.12 (exit code 2)
--- Attempt 3/3 ---
podman manifest rm quay.io/rh-ee-emurasak/logging-view-plugin:v6.0.5 || true
Untagged: quay.io/rh-ee-emurasak/logging-view-plugin:v6.0.5
Deleted: a5d1981e92a7e7bd8887c7a45ae477194e8aae16ca878cb36a44518ae0a7327d
podman manifest create quay.io/rh-ee-emurasak/logging-view-plugin:v6.0.5
e644d0322221adca75c541413a8741db718bca9e2fec8dd137a91dd3e1a7b92b
podman build --platform=linux/arm64,linux/amd64 --manifest quay.io/rh-ee-emurasak/logging-view-plugin:v6.0.5 -f Dockerfile
[linux/amd64] [1/3] STEP 1/9: FROM registry.redhat.io/ubi9/nodejs-18:latest AS web-builder
Trying to pull registry.redhat.io/ubi9/nodejs-18:latest...
Getting image source signatures
Checking if image destination supports signatures
Copying blob sha256:bd74b94f9d783929640d82362c5b1af55b0b7bea9405c379251f405c9c94f690
Copying blob sha256:97971704aef24e8b1129c4f1b2e2241c7800b8bb89a14e77a7efebccd4193661
Copying blob sha256:ce1770dcb97c2c062c80efe0edf0d512923b8ac34444b4f56733f446ea06ca95
Copying config sha256:dc791d1b00fc164bb81bc99a7ddadc9eef02d0042878fe62c5fd468df91b2140
Writing manifest to image destination
Storing signatures
[linux/amd64] [1/3] STEP 2/9: WORKDIR /opt/app-root
--> Using cache 21284eb9bf8c29bd9fd2c14ad913f4ce724bf799d1b7aed0b791ee22b54cd741
--> 21284eb9bf8c
[linux/amd64] [1/3] STEP 3/9: USER 0
--> Using cache e4607401235d2219f41aedae14a2b91f057afcedfe75b452e81d5ea8dfff35ec
--> e4607401235d
[linux/amd64] [1/3] STEP 4/9: ENV HUSKY=0
--> Using cache b520a56d39c09f98aca73aa48de3be3727f47c123ad337137250ba143690f780
--> b520a56d39c0
[linux/amd64] [1/3] STEP 5/9: COPY web/package*.json web/
--> Using cache ab362fa4ed33ae09d41c92d4d3277f50801918593d1152185896d5a97457a4c2
--> ab362fa4ed33
[linux/amd64] [1/3] STEP 6/9: COPY Makefile Makefile
--> Using cache 87a502bb09fe859a5a30e5590fb4b70f0e0247e83d9d599bd76c7f23ca5882c5
--> 87a502bb09fe
[linux/amd64] [1/3] STEP 7/9: RUN make install-frontend-ci-clean
--> Using cache 25dcc0f4a40bb0b4b77ac16d26e5a547b65e5f87f41ef7bd1651f1595f878823
--> 25dcc0f4a40b
[linux/amd64] [1/3] STEP 8/9: COPY web/ web/
--> Using cache 6967b3033d20e7f357b675a835814f039bba3e25d9c0ebed6615e1bc2ef38901
--> 6967b3033d20
[linux/amd64] [1/3] STEP 9/9: RUN make build-frontend
cd web && npm run build

> logging-view-plugin@6.0.0 build
> npm run clean && NODE_ENV=production npm run ts-node node_modules/.bin/webpack


> logging-view-plugin@6.0.0 clean
> rm -rf dist


> logging-view-plugin@6.0.0 ts-node
> ts-node -O '{"module":"commonjs"}' node_modules/.bin/webpack

TypeError: [(...copiedResultMap.entries(...))].toSorted is not a function
    at /opt/app-root/web/node_modules/copy-webpack-plugin/dist/index.js:747:61
make: *** [Makefile:41: build-frontend] Error 1
[linux/arm64] [1/3] STEP 1/9: FROM registry.redhat.io/ubi9/nodejs-18:latest AS web-builder
Trying to pull registry.redhat.io/ubi9/nodejs-18:latest...
Getting image source signatures
Checking if image destination supports signatures
Copying blob sha256:d2d4277551d19aaf448f46617629ba5ce8decceacdd7a9e3f6d43a7763294f84
Copying blob sha256:c0c6f119f250bcd571815218a238bf91fcd968aa4bfe95c224309ec367df747e
Copying blob sha256:d92b30fd88841f53962ad35d9c474465d043b096524bdc2ef18640daf2e51e82
Copying config sha256:d561cbadf704f121dc19b5ca23115d808580ccff537c4def93fff467e1723872
Writing manifest to image destination
Storing signatures
[linux/arm64] [1/3] STEP 2/9: WORKDIR /opt/app-root
--> Using cache dfa7ac49c2dc872eb22a00ffa7e4fe3e0d6f88784e4c23092347d0a33595306f
--> dfa7ac49c2dc
[linux/arm64] [1/3] STEP 3/9: USER 0
--> Using cache 2320e81a48b79caa878a481cac213ec5e1a6178add248503955987764eb42558
--> 2320e81a48b7
[linux/arm64] [1/3] STEP 4/9: ENV HUSKY=0
--> Using cache e7d32f84af4126829711c35cf6b59f75033d56bc14f5cbbd5b0f6b01fb813676
--> e7d32f84af41
[linux/arm64] [1/3] STEP 5/9: COPY web/package*.json web/
--> Using cache 40309120bad57e3c40fddea0f81c03bf2ca55a0a378fc91efb55cce85c4b6eb8
--> 40309120bad5
[linux/arm64] [1/3] STEP 6/9: COPY Makefile Makefile
--> Using cache d68d3e1b603ecb1649e997605d29f0a567c8edeecb852e9463d4eb6ab7c005bf
--> d68d3e1b603e
[linux/arm64] [1/3] STEP 7/9: RUN make install-frontend-ci-clean
--> Using cache 7b97e15d6203239170c35befdf5635883272a93f33e7a9f851a505ae709f7488
--> 7b97e15d6203
[linux/arm64] [1/3] STEP 8/9: COPY web/ web/
--> Using cache 8e755a5dd3bbe50d229f6b9b8a3a807b238e4dcb091c99acabb932a61e470c32
--> 8e755a5dd3bb
[linux/arm64] [1/3] STEP 9/9: RUN make build-frontend
cd web && npm run build

> logging-view-plugin@6.0.0 build
> npm run clean && NODE_ENV=production npm run ts-node node_modules/.bin/webpack


> logging-view-plugin@6.0.0 clean
> rm -rf dist


> logging-view-plugin@6.0.0 ts-node
> ts-node -O '{"module":"commonjs"}' node_modules/.bin/webpack

TypeError: [(...copiedResultMap.entries(...))].toSorted is not a function
    at /opt/app-root/web/node_modules/copy-webpack-plugin/dist/index.js:747:61
make: *** [Makefile:41: build-frontend] Error 1
Error: 2 errors occurred:
	* [linux/amd64]: building at STEP "RUN make build-frontend": while running runtime: exit status 2
	* [linux/arm64]: building at STEP "RUN make build-frontend": while running runtime: exit status 2



make: *** [podman-cross-build] Error 2
WARNING: Attempt 3 failed for logging-view-plugin @ release-coo-ocp-4.12 (exit code 2)
WARNING: Build failed for logging-view-plugin @ release-coo-ocp-4.12 after 3 attempts, continuing...
==========================================
Building distributed-tracing-console-plugin @ release-coo-ocp-4.15 with VERSION=v0.4.3 ORG=rh-ee-emurasak
==========================================
Switched to branch 'release-coo-ocp-4.15'
Your branch is up to date with 'origin/release-coo-ocp-4.15'.
From https://github.com/openshift/distributed-tracing-console-plugin
 * branch            release-coo-ocp-4.15 -> FETCH_HEAD
Already up to date.
--- Attempt 1/3 ---
podman manifest rm quay.io/rh-ee-emurasak/distributed-tracing-console-plugin:v0.4.3 || true
Untagged: quay.io/rh-ee-emurasak/distributed-tracing-console-plugin:v0.4.3
Deleted: 6185f6eb74b3e5dda00373db5653ffaf6f7db1e2d61668aac7174e674ea24524
podman manifest create quay.io/rh-ee-emurasak/distributed-tracing-console-plugin:v0.4.3
fe3adcb7aa3d6f5dbca480442c9f1469cbb7c4060e04f2ce16e53588a447c9be
podman build --platform=linux/arm64,linux/amd64 --manifest quay.io/rh-ee-emurasak/distributed-tracing-console-plugin:v0.4.3 -f Dockerfile
[linux/arm64] [1/3] STEP 1/8: FROM registry.redhat.io/ubi9/nodejs-22:latest AS web-builder
[linux/arm64] [1/3] STEP 2/8: WORKDIR /opt/app-root
--> Using cache 8d7f4d666d8b2966000dfdbddaf0f201f102b80d182b42918646bca008497d32
--> 8d7f4d666d8b
[linux/arm64] [1/3] STEP 3/8: USER 0
--> Using cache ab40718f6d3d3469511e8bdb5e14133d0b8570fbf01d414c2b0398600f6e9b81
--> ab40718f6d3d
[linux/arm64] [1/3] STEP 4/8: COPY web/package*.json web/
--> Using cache 22931396cfeff041fd40b06841a475aab187ed95258f8ff220aa7b0ce71c26ed
--> 22931396cfef
[linux/arm64] [1/3] STEP 5/8: COPY Makefile Makefile
--> Using cache 7d1eba04884bf6546688cb08d29a9c0f387e3213270fb5d3c4e0c407ed506b88
--> 7d1eba04884b
[linux/arm64] [1/3] STEP 6/8: RUN make install-frontend-ci-clean
--> Using cache 3ba6fd836bce9b55e17912f31a2c0ab65acdc4720e82663f2784730fb0ca2ff6
--> 3ba6fd836bce
[linux/arm64] [1/3] STEP 7/8: COPY web/ web/
--> Using cache bf96163841bb81f3b5aa3e8779af81e33a5d847910e52589da8c611db91e2f14
--> bf96163841bb
[linux/arm64] [1/3] STEP 8/8: RUN make build-frontend
--> Using cache 36c0192d130f6b9fdcb30173af3c54210ef016b3b3e47be22447926b18f4da82
--> 36c0192d130f
[linux/amd64] [1/3] STEP 1/8: FROM registry.redhat.io/ubi9/nodejs-22:latest AS web-builder
Trying to pull registry.redhat.io/ubi9/nodejs-22:latest...
Getting image source signatures
Checking if image destination supports signatures
Copying blob sha256:282d0d24d7fbf867c5fcf0074ef814120603d793df3c6b07803f4fe4f13e8364
Copying blob sha256:7e1f79224b0668cff86172f85305621504ef2f1a15768b9ed272ea1f1a0e4e4d
Copying blob sha256:a65b1d5fa71f2275b83830542c74d937ba4151138631910bd375d577f8ceeed8
Copying config sha256:0ccc4acadf8fe652aee3bd1e9b848aa1ddb72cc4db9269dc719a72a71892e157
Writing manifest to image destination
Storing signatures
[linux/amd64] [1/3] STEP 2/8: WORKDIR /opt/app-root
--> Using cache 25f952364c18dec697621ccdf03fe10655339de2dbbbf27c4486edb5a1c24341
--> 25f952364c18
[linux/amd64] [1/3] STEP 3/8: USER 0
--> Using cache 7b8705aab315b50a437e2e7c2f502baa54d72938a85870d51e91af51dabda800
--> 7b8705aab315
[linux/amd64] [1/3] STEP 4/8: COPY web/package*.json web/
--> Using cache d23cef284ff542c1284da0158ef0c558da1dcd8ca80876a36fafe03445f0dcff
--> d23cef284ff5
[linux/amd64] [1/3] STEP 5/8: COPY Makefile Makefile
--> Using cache b48abb5d80c7851506e53f30048a959b841c6f0891ba935735707ed9e2436e5e
--> b48abb5d80c7
[linux/amd64] [1/3] STEP 6/8: RUN make install-frontend-ci-clean
--> Using cache 2d6de247cc648a35e8c80027400875de84ad1575cb0d6c21848cbff41954a4f4
--> 2d6de247cc64
[linux/amd64] [1/3] STEP 7/8: COPY web/ web/
--> Using cache a97d591fe0aa4a1cffa3c8de7a73f86ba7ec4333a9f2feed4b26f1389d632bbe
--> a97d591fe0aa
[linux/amd64] [1/3] STEP 8/8: RUN make build-frontend
--> Using cache 3cae1831188d2ae17fa2601b1c358a69ceec79c0fae50a8a8c84a7da5c19802a
--> 3cae1831188d
[linux/arm64] [2/3] STEP 1/11: FROM registry.access.redhat.com/ubi9/go-toolset:1.26 AS go-builder
[linux/arm64] [2/3] STEP 2/11: WORKDIR /opt/app-root
--> Using cache a05232a4028fedcbdc5858a48a003ce3f0eaa6f7f55bf759968c0186ab9fecd0
--> a05232a4028f
[linux/arm64] [2/3] STEP 3/11: COPY Makefile Makefile
--> Using cache 35cc516cd1e235a66ef91e01b28dc9486da5f5666aa9729546034de8a103113b
--> 35cc516cd1e2
[linux/arm64] [2/3] STEP 4/11: COPY go.mod go.mod
--> Using cache 4f85b1f3084afcbfd1a52cb5bcd700defbc5c25465dea6f60cf8b6aafa9a1f01
--> 4f85b1f3084a
[linux/arm64] [2/3] STEP 5/11: COPY go.sum go.sum
--> Using cache 737cb39293f8d9021d9dbd09068ab83bf2f6c7a91d327080251d1f94dd85eae6
--> 737cb39293f8
[linux/arm64] [2/3] STEP 6/11: RUN go mod download
--> Using cache a97f566bc3322813b9990ee58c0d3d1b639185503c9d9a96e2f6228f9d2010d1
--> a97f566bc332
[linux/arm64] [2/3] STEP 7/11: COPY cmd/ cmd/
--> Using cache 4ee89d202814210b899749ed443a2181be4ab08c3f2ccc841249484084e2b355
--> 4ee89d202814
[linux/arm64] [2/3] STEP 8/11: COPY pkg/ pkg/
--> Using cache 79820c6814aaadb1754cd4ac704aa00ca19da9e28e0b3edf7b29da8cb92248c2
--> 79820c6814aa
[linux/arm64] [2/3] STEP 9/11: ENV GOEXPERIMENT=strictfipsruntime
--> Using cache 923bac05c77eaf26c90b3a72d7a5881e0254a920491c9ad2b7f7ddc7f673c770
--> 923bac05c77e
[linux/arm64] [2/3] STEP 10/11: ENV CGO_ENABLED=1
--> Using cache 83cdd3939f27311c4e4b62a8f64fa53c6ecd58e222ccf50d2ae449cc3cd84932
--> 83cdd3939f27
[linux/arm64] [2/3] STEP 11/11: RUN make build-backend BUILD_OPTS="-tags strictfipsruntime"
--> Using cache 88b68cc4da15f29f58c1dd92d0f43f64fa784f818c78c328d647131f16f57ffa
--> 88b68cc4da15
[linux/amd64] [2/3] STEP 1/11: FROM registry.access.redhat.com/ubi9/go-toolset:1.26 AS go-builder
Trying to pull registry.access.redhat.com/ubi9/go-toolset:1.26...
Getting image source signatures
Checking if image destination supports signatures
Copying blob sha256:d42ebadf4fab39879420f670effc5339dbb3a965f10cfc9e893812a82359ca96
Copying blob sha256:a65b1d5fa71f2275b83830542c74d937ba4151138631910bd375d577f8ceeed8
Copying blob sha256:7e1f79224b0668cff86172f85305621504ef2f1a15768b9ed272ea1f1a0e4e4d
Copying blob sha256:e9032009b40b3fd04712dfd72a34308c80cfcbc96e34411b01d746a758eb327f
Copying config sha256:4503554399b4b9c5265bafc26dfb5eea1cce8ae46cc8d424457c10ecfa1814df
Writing manifest to image destination
Storing signatures
[linux/amd64] [2/3] STEP 2/11: WORKDIR /opt/app-root
--> Using cache af1cfc364e02bbbe152a266e3b4e766d012ba8761df2219b036428533bcaa1d1
--> af1cfc364e02
[linux/amd64] [2/3] STEP 3/11: COPY Makefile Makefile
--> Using cache 4e9cce7ee01fa7c70afb2d7feeebfe323d30672cd190195818dbe76c523f4178
--> 4e9cce7ee01f
[linux/amd64] [2/3] STEP 4/11: COPY go.mod go.mod
--> Using cache 947606859b1960bb26d0ee879c53b55e5ae152d407b11be10ca36aa957e49b1f
--> 947606859b19
[linux/amd64] [2/3] STEP 5/11: COPY go.sum go.sum
--> Using cache 0bdbe3d92a9c0852171fd2f2881c6f122b57447f99a03cd020432e4bd751c481
--> 0bdbe3d92a9c
[linux/amd64] [2/3] STEP 6/11: RUN go mod download
--> Using cache fa011af35065cd063f5b81d5941a4687ad9a6b1b020f49eedc5acffeb8583c0c
--> fa011af35065
[linux/amd64] [2/3] STEP 7/11: COPY cmd/ cmd/
--> Using cache c5aa9f5fe1146e2c853ccc4ae288c842de51eccc051142dd19130f3fb1f88d57
--> c5aa9f5fe114
[linux/amd64] [2/3] STEP 8/11: COPY pkg/ pkg/
--> Using cache 0ed69e243a626e5d11b684b765cd49562ecdf08c153998dceb989520962dbe68
--> 0ed69e243a62
[linux/amd64] [2/3] STEP 9/11: ENV GOEXPERIMENT=strictfipsruntime
--> Using cache f15df9faf5d107eb2708f25486600e0ec33b50b614ab2665b29f542ab67bb641
--> f15df9faf5d1
[linux/amd64] [2/3] STEP 10/11: ENV CGO_ENABLED=1
--> Using cache 9773104c81d723cdcde69c596e436a7f76453e32c96f6b7cdec931068b713341
--> 9773104c81d7
[linux/amd64] [2/3] STEP 11/11: RUN make build-backend BUILD_OPTS="-tags strictfipsruntime"
--> Using cache 276b4604f062ed0b119f48af7e02b1e974bbb913486d51ffe547a57d66f331c3
--> 276b4604f062
[linux/arm64] [3/3] STEP 1/4: FROM registry.access.redhat.com/ubi9/ubi-minimal
[linux/arm64] [3/3] STEP 2/4: COPY --from=web-builder /opt/app-root/web/dist /opt/app-root/web/dist
--> Using cache 469328150925e50ede16d403c03daef8f61b4c70b1328631492234c19cf5c15f
--> 469328150925
[linux/arm64] [3/3] STEP 3/4: COPY --from=go-builder /opt/app-root/plugin-backend /opt/app-root
--> Using cache 71cfa5a8e5557bba2ca96b76beab879f451fca8c258e5ec05253f73d5a4b196e
--> 71cfa5a8e555
[linux/arm64] [3/3] STEP 4/4: ENTRYPOINT ["/opt/app-root/plugin-backend", "-static-path", "/opt/app-root/web/dist", "-config-path", "/opt/app-root/web/dist"]
--> Using cache d7fcf5681612b30326e1effa23b100dd1ac8663d4416e295d190f46ba70eb2a9
--> d7fcf5681612
[linux/amd64] [3/3] STEP 1/4: FROM registry.access.redhat.com/ubi9/ubi-minimal
d7fcf5681612b30326e1effa23b100dd1ac8663d4416e295d190f46ba70eb2a9
Trying to pull registry.access.redhat.com/ubi9/ubi-minimal:latest...
Getting image source signatures
Checking if image destination supports signatures
Copying blob sha256:8af57f051b373375a1be8f892172089259ad624ed8452291226c539055e60228
Copying config sha256:659f819f47f8e8d2348bd9243d2ef17f39a9cc97ee1964b1cf1f83d428090213
Writing manifest to image destination
Storing signatures
[linux/amd64] [3/3] STEP 2/4: COPY --from=web-builder /opt/app-root/web/dist /opt/app-root/web/dist
--> Using cache f8385b6642c19f4c7693787c5581592a3ebbf5e029d5f19a6fc53613d585c4fd
--> f8385b6642c1
[linux/amd64] [3/3] STEP 3/4: COPY --from=go-builder /opt/app-root/plugin-backend /opt/app-root
--> Using cache 3bf93c24b61f69efc22ab6c9e83b7d102aceb8a392a0f2db920552cdd9ed8273
--> 3bf93c24b61f
[linux/amd64] [3/3] STEP 4/4: ENTRYPOINT ["/opt/app-root/plugin-backend", "-static-path", "/opt/app-root/web/dist", "-config-path", "/opt/app-root/web/dist"]
--> Using cache ce1ee52361c5f8003e03489d580ef7eb938f4837aae0c00311097e446ae756fe
--> ce1ee52361c5
ce1ee52361c5f8003e03489d580ef7eb938f4837aae0c00311097e446ae756fe
podman manifest push quay.io/rh-ee-emurasak/distributed-tracing-console-plugin:v0.4.3
Getting image list signatures
Copying 2 images generated from 2 images in list
Copying image sha256:296033d1387675753198f62603dea68ac56d69c099dc418a0e6991b0fee85437 (1/2)
Getting image source signatures
Copying blob sha256:c5c547b47399abb4c246be7224d995b466efab863ff3ec51f13f94eeddafa802
Copying blob sha256:228d3d093b243661f2bbd4be6cc0e4a91af886b882ca37d67a2522d8dc67af93
Copying blob sha256:642fb54e8eadc39df95bd3a3b1ca23bfe965300a09e2e366a9a942a83dac2815
Copying config sha256:d7fcf5681612b30326e1effa23b100dd1ac8663d4416e295d190f46ba70eb2a9
Writing manifest to image destination
Copying image sha256:0c407f9974d4eb0906dc10873130343cff8e91192889c0db2170153760411bfa (2/2)
Getting image source signatures
Copying blob sha256:2fd670574d6e9562249ae5f21bafee71514419560c83718fbf98975fc570cf21
Copying blob sha256:eb31fffb4653a560fe98f0cdf1563599483471410f682eef43f925913573d867
Copying blob sha256:690880d4f742eea745937d9635fc54b88f491025707237aef0b626fe7d221d54
Copying config sha256:ce1ee52361c5f8003e03489d580ef7eb938f4837aae0c00311097e446ae756fe
Writing manifest to image destination
Writing manifest list to image destination
Storing list signatures
==========================================
Building logging-view-plugin @ release-coo-ocp-4.15 with VERSION=v6.1.6 ORG=rh-ee-emurasak
==========================================
Switched to branch 'release-coo-ocp-4.15'
Your branch is up to date with 'origin/release-coo-ocp-4.15'.
From https://github.com/openshift/logging-view-plugin
 * branch            release-coo-ocp-4.15 -> FETCH_HEAD
Already up to date.
--- Attempt 1/3 ---
podman manifest rm quay.io/rh-ee-emurasak/logging-view-plugin:v6.1.6 || true
Untagged: quay.io/rh-ee-emurasak/logging-view-plugin:v6.1.6
Deleted: 17a3fcce3305c95dd8122fe68fe8e7330644274d91a994097ec095640120a795
podman manifest create quay.io/rh-ee-emurasak/logging-view-plugin:v6.1.6
a639a07f9c49d9b3e8c303eddc2d884e01bba5970b5c4018eb3a70ebc4934aa9
podman build --platform=linux/arm64,linux/amd64 --manifest quay.io/rh-ee-emurasak/logging-view-plugin:v6.1.6 -f Dockerfile
[linux/amd64] [1/3] STEP 1/9: FROM registry.redhat.io/ubi9/nodejs-22:latest AS web-builder
[linux/amd64] [1/3] STEP 2/9: WORKDIR /opt/app-root
--> Using cache 25f952364c18dec697621ccdf03fe10655339de2dbbbf27c4486edb5a1c24341
--> 25f952364c18
[linux/amd64] [1/3] STEP 3/9: USER 0
--> Using cache 7b8705aab315b50a437e2e7c2f502baa54d72938a85870d51e91af51dabda800
--> 7b8705aab315
[linux/amd64] [1/3] STEP 4/9: ENV HUSKY=0
--> Using cache 480c099274eaede57407f65dab14be61ff11be4c766a88c25c81c8f647d27cc1
--> 480c099274ea
[linux/amd64] [1/3] STEP 5/9: COPY web/package*.json web/
--> Using cache 8ae0ac41198eb78d89e0daeb15ba9015dcfd37ccf3ad515fc39ae9709a79764c
--> 8ae0ac41198e
[linux/amd64] [1/3] STEP 6/9: COPY Makefile Makefile
--> Using cache 2cbf3546e8aabe23e833e07f6fde801b158cfe699298ce7e2aa0261e034995c2
--> 2cbf3546e8aa
[linux/amd64] [1/3] STEP 7/9: RUN make install-frontend-ci-clean
--> Using cache c398219df7411b66bd801d6ad1cb8d36cd48c1e7353377b89933ff052f2c92f3
--> c398219df741
[linux/amd64] [1/3] STEP 8/9: COPY web/ web/
--> Using cache 5ccaf99435047ad1cd785930ebdd14a5ca2916f48addda5a137ed35fa28e1814
--> 5ccaf9943504
[linux/amd64] [1/3] STEP 9/9: RUN make build-frontend
--> Using cache f034591960647dbaa11575b1f913a2018e0b9b04d0b4283abf5e764b8c487b80
--> f03459196064
[linux/amd64] [2/3] STEP 1/12: FROM registry.access.redhat.com/ubi9/go-toolset:1.26 AS go-builder
[linux/amd64] [2/3] STEP 2/12: WORKDIR /opt/app-root
--> Using cache af1cfc364e02bbbe152a266e3b4e766d012ba8761df2219b036428533bcaa1d1
--> af1cfc364e02
[linux/amd64] [2/3] STEP 3/12: COPY Makefile Makefile
--> Using cache 06d8e7d7d5a6d905ac4f87b1107e9c805bac318c7eb9cccc3e73bf9e49300ab2
--> 06d8e7d7d5a6
[linux/amd64] [2/3] STEP 4/12: COPY go.mod go.mod
--> Using cache efddc752278ede6ac4f723bf5f88cecd4bc1c4457812c5a240847406ae454341
--> efddc752278e
[linux/amd64] [2/3] STEP 5/12: COPY go.sum go.sum
--> Using cache cabd3224f74c070315725b043e3bbc1015897bc3a985a6265929fbd100f84182
--> cabd3224f74c
[linux/amd64] [2/3] STEP 6/12: RUN make install-backend
--> Using cache 48fa6495e3ef14654b52a34be77941d44d2740ebe311dbdd70bee2f36c9295aa
--> 48fa6495e3ef
[linux/amd64] [2/3] STEP 7/12: COPY config/ config/
--> Using cache bbfb36c1d38cf34c5256011ce8a6b611bd129464026c7f0590c993b57d1ccc3a
--> bbfb36c1d38c
[linux/amd64] [2/3] STEP 8/12: COPY cmd/ cmd/
--> Using cache 4929ad9dc475b55143e179429faf3b7fd568b49747e03423ebb56b79e37b33ed
--> 4929ad9dc475
[linux/amd64] [2/3] STEP 9/12: COPY pkg/ pkg/
--> Using cache 1a308958ad6ba023d7f45b2efd49ca6254805df65f9560928b5eb4272c1037f6
--> 1a308958ad6b
[linux/amd64] [2/3] STEP 10/12: ENV GOEXPERIMENT=strictfipsruntime
--> Using cache ea1c06617bf1b8669eedbe168c8aee1b1ea1cb476dd375264fbacf83e393062e
--> ea1c06617bf1
[linux/amd64] [2/3] STEP 11/12: ENV CGO_ENABLED=1
--> Using cache 1ac70b8ab3dedeb9d0abc784b085bc81a0418083a0da7ec18b82990ec1095df8
--> 1ac70b8ab3de
[linux/amd64] [2/3] STEP 12/12: RUN make build-backend BUILD_OPTS="-tags strictfipsruntime"
--> Using cache 072d22efdd42f277a875016a42e063677b76ec3435ddb529a8e1393ff0341ea0
--> 072d22efdd42
[linux/arm64] [1/3] STEP 1/9: FROM registry.redhat.io/ubi9/nodejs-22:latest AS web-builder
Trying to pull registry.redhat.io/ubi9/nodejs-22:latest...
Getting image source signatures
Checking if image destination supports signatures
Copying blob sha256:9646992efe070a3bd6c556d5bfd825b8ffbc51f371288f7eb152d2d852939056
Copying blob sha256:9f54e374b06db8429b62d91af166f6a7caa34095b474b38a6853f75e9501072e
Copying blob sha256:f00a3ea30fea862d594c88740f011c234eb0b745138910c83abb92b28517593d
Copying config sha256:404bfb706f719cb0fdb063441e6c5404e5ce5228389a38c0ab4dda7570ece9f6
Writing manifest to image destination
Storing signatures
[linux/arm64] [1/3] STEP 2/9: WORKDIR /opt/app-root
--> Using cache 8d7f4d666d8b2966000dfdbddaf0f201f102b80d182b42918646bca008497d32
--> 8d7f4d666d8b
[linux/arm64] [1/3] STEP 3/9: USER 0
--> Using cache ab40718f6d3d3469511e8bdb5e14133d0b8570fbf01d414c2b0398600f6e9b81
--> ab40718f6d3d
[linux/arm64] [1/3] STEP 4/9: ENV HUSKY=0
--> Using cache c4956a0743f1e9d016ec7fbcdfa4c2110fa4eb83bdbf78c328ec9d2829e6824c
--> c4956a0743f1
[linux/arm64] [1/3] STEP 5/9: COPY web/package*.json web/
--> Using cache 32b42328126c61df2face62e7c8aeb8753de5329b497780cedc7b943bc0af5cd
--> 32b42328126c
[linux/arm64] [1/3] STEP 6/9: COPY Makefile Makefile
--> Using cache 59003bed93da1df6f872f02f8c223272702579b807fa5e33d21ae6a3c8177998
--> 59003bed93da
[linux/arm64] [1/3] STEP 7/9: RUN make install-frontend-ci-clean
--> Using cache 022639fa0335a0ff3ce9cb0b782be22452b45381127033a804134d773f2e4251
--> 022639fa0335
[linux/arm64] [1/3] STEP 8/9: COPY web/ web/
--> Using cache cf87d2a9212f14f1d202b830188a0b937ee4a2052abf469f4fbbd263ae6e60c6
--> cf87d2a9212f
[linux/arm64] [1/3] STEP 9/9: RUN make build-frontend
--> Using cache 9910dcf4371918ef3cda2ae1afd36c08838e3d9ed8696a8a0206815fe06b049e
--> 9910dcf43719
[linux/amd64] [3/3] STEP 1/5: FROM registry.access.redhat.com/ubi9/ubi-minimal
[linux/amd64] [3/3] STEP 2/5: COPY --from=web-builder /opt/app-root/web/dist /opt/app-root/web/dist
--> Using cache 562c7ea3345302b8ef6fc2943bda1a1c1c75abf84d73e33605c136184ee812b1
--> 562c7ea33453
[linux/amd64] [3/3] STEP 3/5: COPY --from=go-builder /opt/app-root/plugin-backend /opt/app-root
--> Using cache ba7135a4566bb0d105956971c48471ef98c29ba5b4a3603658b230b9ea4912d5
--> ba7135a4566b
[linux/amd64] [3/3] STEP 4/5: COPY --from=go-builder /opt/app-root/config /opt/app-root/config
--> Using cache aa17dc863daf79b964dce86d610e6a70f4c3e46ee31376e87ba7578e63cabe0c
--> aa17dc863daf
[linux/amd64] [3/3] STEP 5/5: ENTRYPOINT ["/opt/app-root/plugin-backend", "-config-path", "/opt/app-root/config", "-static-path", "/opt/app-root/web/dist"]
--> Using cache c3814c49ffff9f45e3ff602ccc3bb19b25c5f69a131b606a2cde7080c61a89e7
--> c3814c49ffff
[linux/arm64] [2/3] STEP 1/12: FROM registry.access.redhat.com/ubi9/go-toolset:1.26 AS go-builder
c3814c49ffff9f45e3ff602ccc3bb19b25c5f69a131b606a2cde7080c61a89e7
Trying to pull registry.access.redhat.com/ubi9/go-toolset:1.26...
Getting image source signatures
Checking if image destination supports signatures
Copying blob sha256:45930d601c4202f8f62b21cd0a99019c00cd0af6e243187962defb645a49ab77
Copying blob sha256:f00a3ea30fea862d594c88740f011c234eb0b745138910c83abb92b28517593d
Copying blob sha256:9f54e374b06db8429b62d91af166f6a7caa34095b474b38a6853f75e9501072e
Copying blob sha256:45e8f34021ec53e3f4034c0aa42f88f43d2c6a70db6bcbe4da9c885fec121ca7
Copying config sha256:1b04da50b8a1a4d73cbc62e9438485bbb1219c003b0fef077d227b77d3fa7fb5
Writing manifest to image destination
Storing signatures
[linux/arm64] [2/3] STEP 2/12: WORKDIR /opt/app-root
--> Using cache a05232a4028fedcbdc5858a48a003ce3f0eaa6f7f55bf759968c0186ab9fecd0
--> a05232a4028f
[linux/arm64] [2/3] STEP 3/12: COPY Makefile Makefile
--> Using cache 7d89a9e9b61db4abd7d93ce742994cdce755d52270ba51929a8b1655be5c4804
--> 7d89a9e9b61d
[linux/arm64] [2/3] STEP 4/12: COPY go.mod go.mod
--> Using cache 3a3758e52837543425720044849fbab998a4cc91fae599d32ff161dba1ac9f78
--> 3a3758e52837
[linux/arm64] [2/3] STEP 5/12: COPY go.sum go.sum
--> Using cache bd7c7f58741c7756bc409b24813a695a380786a8457a337b02005c961a559856
--> bd7c7f58741c
[linux/arm64] [2/3] STEP 6/12: RUN make install-backend
--> Using cache d8db0960f040449ffb8ac3e63e47552eef116ab742d80caf9728e6ae7a17d24f
--> d8db0960f040
[linux/arm64] [2/3] STEP 7/12: COPY config/ config/
--> Using cache 81c11c520d4019a376742db0fbbe531e59ecaa816ff7b00f8b99fc4885da1caf
--> 81c11c520d40
[linux/arm64] [2/3] STEP 8/12: COPY cmd/ cmd/
--> Using cache a73bada5a8b214a2298f958904f455e7ba14b79cf6374030dc8626ff62a9a501
--> a73bada5a8b2
[linux/arm64] [2/3] STEP 9/12: COPY pkg/ pkg/
--> Using cache c23c376c72065c1d6bc288c798c098279f05ea99875091605af315d09c128f32
--> c23c376c7206
[linux/arm64] [2/3] STEP 10/12: ENV GOEXPERIMENT=strictfipsruntime
--> Using cache 5f49ef72cebc2499ec7ccaa887a7bb4508e4c525abe31531d2a7d75a808dbf24
--> 5f49ef72cebc
[linux/arm64] [2/3] STEP 11/12: ENV CGO_ENABLED=1
--> Using cache e17ee25f0a0cd25a218be69d0a1a6d53e5ba8eb6003f0c09ae70264561c8c98c
--> e17ee25f0a0c
[linux/arm64] [2/3] STEP 12/12: RUN make build-backend BUILD_OPTS="-tags strictfipsruntime"
--> Using cache 35886d52b96ec33423c4bc204dbbbb22b97060ed6efa8d0ec7d989e3b16f171c
--> 35886d52b96e
[linux/arm64] [3/3] STEP 1/5: FROM registry.access.redhat.com/ubi9/ubi-minimal
Trying to pull registry.access.redhat.com/ubi9/ubi-minimal:latest...
Getting image source signatures
Checking if image destination supports signatures
Copying blob sha256:96c16ad0505847764761c5c4d0a82cd8a619f3e93c57f6a4b081cb9d4d0dd3e7
Copying config sha256:dc66a34eca2d77aebb3d6349e06bbb118c0571f172e297eea776d8aa352899e7
Writing manifest to image destination
Storing signatures
[linux/arm64] [3/3] STEP 2/5: COPY --from=web-builder /opt/app-root/web/dist /opt/app-root/web/dist
--> Using cache 8b9778f34c806ee1582c0bd06e55c4b09c4abe5e5c497be15cb2cd4b7ca364f2
--> 8b9778f34c80
[linux/arm64] [3/3] STEP 3/5: COPY --from=go-builder /opt/app-root/plugin-backend /opt/app-root
--> Using cache 5b38ca75b909b1355f5460a2ec90cfadf22ff8379731e16db35514adebf77153
--> 5b38ca75b909
[linux/arm64] [3/3] STEP 4/5: COPY --from=go-builder /opt/app-root/config /opt/app-root/config
--> Using cache d7c9fe7a0c40475be624698752dfc87704e60cb54cc7dd214e3f84cc5aa3040b
--> d7c9fe7a0c40
[linux/arm64] [3/3] STEP 5/5: ENTRYPOINT ["/opt/app-root/plugin-backend", "-config-path", "/opt/app-root/config", "-static-path", "/opt/app-root/web/dist"]
--> Using cache ba2d389e66fb4f305914658570b73ddd564fcd8b9111ca7e44e141071933a827
--> ba2d389e66fb
ba2d389e66fb4f305914658570b73ddd564fcd8b9111ca7e44e141071933a827
podman manifest push quay.io/rh-ee-emurasak/logging-view-plugin:v6.1.6
Getting image list signatures
Copying 2 images generated from 2 images in list
Copying image sha256:1231ef7907a1c03cc0685f01aba831dc36af4091da6c2f7b53aaff2f2ca42391 (1/2)
Getting image source signatures
Copying blob sha256:4a44b910b3098a00f97c48f53b7d7e5e1952fdcfb2848df1b51f505e696eee36
Copying blob sha256:eb31fffb4653a560fe98f0cdf1563599483471410f682eef43f925913573d867
Copying blob sha256:070b9c077529f74fb57f1aca590ae842d3ce125154dbb0ed703b44401ac343c9
Copying blob sha256:59155cbb8408d5ceafe90f2ff42e9ece5e3135d09b3229ffc5c1aafc779f80c8
Copying config sha256:c3814c49ffff9f45e3ff602ccc3bb19b25c5f69a131b606a2cde7080c61a89e7
Writing manifest to image destination
Copying image sha256:e3f90b74c8819f36b9e76253be805b34eb959e4549d255fe060026f3cb2cbd77 (2/2)
Getting image source signatures
Copying blob sha256:30b4a1f8a086cfab43634ac6ed33cee9a9b49182396c8b48f0240124fa0c49e9
Copying blob sha256:228d3d093b243661f2bbd4be6cc0e4a91af886b882ca37d67a2522d8dc67af93
Copying blob sha256:b3ab2d005629ddb2d325924191d5141ff114bd2c325be75533fdd2b5c1d7e471
Copying blob sha256:556409b12d2d9b2740a4fe024d46a818a1b383aeca467bd10b60060862cd5b7d
Copying config sha256:ba2d389e66fb4f305914658570b73ddd564fcd8b9111ca7e44e141071933a827
Writing manifest to image destination
Writing manifest list to image destination
Storing list signatures
==========================================
Building monitoring-plugin @ release-coo-ocp-4.15 with VERSION=v0.4.5 ORG=rh-ee-emurasak
==========================================
Already on 'release-coo-ocp-4.15'
Your branch is up to date with 'origin/release-coo-ocp-4.15'.
From https://github.com/openshift/monitoring-plugin
 * branch            release-coo-ocp-4.15 -> FETCH_HEAD
Already up to date.
--- Attempt 1/3 ---
podman manifest rm quay.io/rh-ee-emurasak/monitoring-console-plugin:v0.4.5 || true
Untagged: quay.io/rh-ee-emurasak/monitoring-console-plugin:v0.4.5
Deleted: c6eaec5dbb5e7b618510dd68f66ac530534fb92fa15c4f4d6893e9fa7ecfa54c
podman manifest create quay.io/rh-ee-emurasak/monitoring-console-plugin:v0.4.5
ebf58acf7a872b84dbe32ce5fb5d9bbc53c0567c5c03112cb952b8b332d6e9de
podman build --platform linux/arm64,linux/amd64 --manifest quay.io/rh-ee-emurasak/monitoring-console-plugin:v0.4.5 -f Dockerfile.mcp
[linux/amd64] [1/3] STEP 1/11: FROM registry.redhat.io/ubi9/nodejs-22:latest AS web-builder
Trying to pull registry.redhat.io/ubi9/nodejs-22:latest...
Getting image source signatures
Checking if image destination supports signatures
Copying blob sha256:282d0d24d7fbf867c5fcf0074ef814120603d793df3c6b07803f4fe4f13e8364
Copying blob sha256:a65b1d5fa71f2275b83830542c74d937ba4151138631910bd375d577f8ceeed8
Copying blob sha256:7e1f79224b0668cff86172f85305621504ef2f1a15768b9ed272ea1f1a0e4e4d
Copying config sha256:0ccc4acadf8fe652aee3bd1e9b848aa1ddb72cc4db9269dc719a72a71892e157
Writing manifest to image destination
Storing signatures
[linux/amd64] [1/3] STEP 2/11: USER 0
--> Using cache 6160bc7455908914f12008c8ab01d31e7ccf3f97a2ad71b6e09251568a26183b
--> 6160bc745590
[linux/amd64] [1/3] STEP 3/11: WORKDIR /opt/app-root
--> Using cache 117feb1b357dcf1b489e6b4f016f5a79994aa106690681668aff891098fc0342
--> 117feb1b357d
[linux/amd64] [1/3] STEP 4/11: ENV HUSKY=0
--> Using cache c81479492045000971aa0dc901f87450526524d9efc4fb3690c1b4856d8def6e
--> c81479492045
[linux/amd64] [1/3] STEP 5/11: COPY Makefile Makefile
--> Using cache ea373b320b37535a028e03b2f6cd176d9cbe51b741fa9b9e3a7c142103d98cf2
--> ea373b320b37
[linux/amd64] [1/3] STEP 6/11: COPY scripts/update-plugin-name.sh scripts/update-plugin-name.sh
--> Using cache 92aac39fb124c4370fa380bf856590519d09557d843c25cc4c110c069720f5a0
--> 92aac39fb124
[linux/amd64] [1/3] STEP 7/11: COPY web/ web/
--> Using cache cd2e36c646da9e2fa0ca191b83eb585180cd0401f7cb50a2777d2763b3755538
--> cd2e36c646da
[linux/amd64] [1/3] STEP 8/11: RUN make update-plugin-name
--> Using cache 8014aa23070c1d666556782d5bbfc8a4d50d42770b2b8936b0ba5e41fd96b115
--> 8014aa23070c
[linux/amd64] [1/3] STEP 9/11: ENV I18N_NAMESPACE="plugin__monitoring-console-plugin"
--> Using cache 1ecaae39540e9d3d8a61d526a3a0f18573be4f91fc2576a350c566b570b37abc
--> 1ecaae39540e
[linux/amd64] [1/3] STEP 10/11: RUN make install-frontend
--> Using cache d39ee89199031d3604eca318c8b6219a4c28a7c0a6f3a8f44e174f0581d96c2a
--> d39ee8919903
[linux/amd64] [1/3] STEP 11/11: RUN make build-frontend
--> Using cache fe914d828711e7c3c07208a9d7f82261c6f3d24ad272be390340e9cf91c5214d
--> fe914d828711
[linux/amd64] [2/3] STEP 1/9: FROM registry.access.redhat.com/ubi9/go-toolset:1.26 AS go-builder
Trying to pull registry.access.redhat.com/ubi9/go-toolset:1.26...
Getting image source signatures
Checking if image destination supports signatures
Copying blob sha256:d42ebadf4fab39879420f670effc5339dbb3a965f10cfc9e893812a82359ca96
Copying blob sha256:7e1f79224b0668cff86172f85305621504ef2f1a15768b9ed272ea1f1a0e4e4d
Copying blob sha256:e9032009b40b3fd04712dfd72a34308c80cfcbc96e34411b01d746a758eb327f
Copying blob sha256:a65b1d5fa71f2275b83830542c74d937ba4151138631910bd375d577f8ceeed8
Copying config sha256:4503554399b4b9c5265bafc26dfb5eea1cce8ae46cc8d424457c10ecfa1814df
Writing manifest to image destination
Storing signatures
[linux/amd64] [2/3] STEP 2/9: WORKDIR /opt/app-root
--> Using cache af1cfc364e02bbbe152a266e3b4e766d012ba8761df2219b036428533bcaa1d1
--> af1cfc364e02
[linux/amd64] [2/3] STEP 3/9: COPY Makefile Makefile
--> Using cache 8d721b36b71380ee6f00df887e724ad9609e6355e399b3d79918dd16839ff6b8
--> 8d721b36b713
[linux/amd64] [2/3] STEP 4/9: COPY go.mod go.mod
--> Using cache a54849dad88900388acf9753846b085d0e8bf4826d354151c26e52be7a366b63
--> a54849dad889
[linux/amd64] [2/3] STEP 5/9: COPY go.sum go.sum
--> Using cache 837283432de67ec53b23c89c35b8d2f3d05a66f52a080a3c3dc6a0556de0690c
--> 837283432de6
[linux/amd64] [2/3] STEP 6/9: RUN go mod download
--> Using cache d1b18853158bb03520e88adafb95f65b7f4538b34b8d3235e9ef9605cad795d8
--> d1b18853158b
[linux/amd64] [2/3] STEP 7/9: COPY cmd/ cmd/
--> Using cache 1a51e622f75dc34e601c747e1c568462c7fdfb02f3618c0dfb8359faa9d59b8b
--> 1a51e622f75d
[linux/amd64] [2/3] STEP 8/9: COPY pkg/ pkg/
--> Using cache 850d0e69ea48e074db04930b4eb0146370c56b8a5d31cf34b2b48150b7f26326
--> 850d0e69ea48
[linux/amd64] [2/3] STEP 9/9: RUN go build -mod=mod -o plugin-backend cmd/plugin-backend.go
--> 78df4dee3221
[linux/arm64] [1/3] STEP 1/11: FROM registry.redhat.io/ubi9/nodejs-22:latest AS web-builder
Trying to pull registry.redhat.io/ubi9/nodejs-22:latest...
Getting image source signatures
Checking if image destination supports signatures
Copying blob sha256:9646992efe070a3bd6c556d5bfd825b8ffbc51f371288f7eb152d2d852939056
Copying blob sha256:f00a3ea30fea862d594c88740f011c234eb0b745138910c83abb92b28517593d
Copying blob sha256:9f54e374b06db8429b62d91af166f6a7caa34095b474b38a6853f75e9501072e
Copying config sha256:404bfb706f719cb0fdb063441e6c5404e5ce5228389a38c0ab4dda7570ece9f6
Writing manifest to image destination
Storing signatures
[linux/arm64] [1/3] STEP 2/11: USER 0
--> Using cache f15023fd50daf227c792a29ef71681834c2a801738577c1490c3822a5a48032f
--> f15023fd50da
[linux/arm64] [1/3] STEP 3/11: WORKDIR /opt/app-root
--> Using cache 5c0c88494e0fbd3daafae39b55f13e70551f325f3f5cb9ea59a3fd12c477d5c7
--> 5c0c88494e0f
[linux/arm64] [1/3] STEP 4/11: ENV HUSKY=0
--> Using cache ccc72ffa47f9820b4dbbda7945e43877c8c7d2cdb0f9a87329106f5a84820663
--> ccc72ffa47f9
[linux/arm64] [1/3] STEP 5/11: COPY Makefile Makefile
--> Using cache 2960727a627c29f5a43b5119fbe19001fc198673832d380ebe4e68a408544da1
--> 2960727a627c
[linux/arm64] [1/3] STEP 6/11: COPY scripts/update-plugin-name.sh scripts/update-plugin-name.sh
--> Using cache 6a45d32abeceb388870250e25811d6630a474f1f977b5ca3d0f87031293d102c
--> 6a45d32abece
[linux/arm64] [1/3] STEP 7/11: COPY web/ web/
--> Using cache 808a81942c4e0f07df8e4adb501820e0ddc615a8bd014c3978bc532b2b3f67aa
--> 808a81942c4e
[linux/arm64] [1/3] STEP 8/11: RUN make update-plugin-name
--> Using cache 4ec4168abbcd9aac7595a5b624b8f8dd697505c2cb4158a1780b23ad4ec58b4e
--> 4ec4168abbcd
[linux/arm64] [1/3] STEP 9/11: ENV I18N_NAMESPACE="plugin__monitoring-console-plugin"
--> Using cache 2296da350bc96a56a2b87de0c95901ec40f884108fddde1c2a82e878c0557083
--> 2296da350bc9
[linux/arm64] [1/3] STEP 10/11: RUN make install-frontend
--> Using cache 8d4f3dd4213ab0204b5fa0fcf5a473ba9345e07b6a4f009bed2643d8e3bd3674
--> 8d4f3dd4213a
[linux/arm64] [1/3] STEP 11/11: RUN make build-frontend
--> Using cache ad6c6b5b7a48d6a05f168b7ab47d35f773304b3201a3ff8b104c6bb83effd42b
--> ad6c6b5b7a48
[linux/amd64] [3/3] STEP 1/7: FROM registry.access.redhat.com/ubi9/ubi-minimal
Trying to pull registry.access.redhat.com/ubi9/ubi-minimal:latest...
Getting image source signatures
Checking if image destination supports signatures
Copying blob sha256:8af57f051b373375a1be8f892172089259ad624ed8452291226c539055e60228
Copying config sha256:659f819f47f8e8d2348bd9243d2ef17f39a9cc97ee1964b1cf1f83d428090213
Writing manifest to image destination
Storing signatures
[linux/amd64] [3/3] STEP 2/7: USER 1001
--> 60e9912268b7
[linux/amd64] [3/3] STEP 3/7: COPY --from=web-builder /opt/app-root/web/dist /opt/app-root/web/dist
--> c67c26a8413c
[linux/amd64] [3/3] STEP 4/7: COPY --from=web-builder /opt/app-root/web/package.json /opt/app-root/web/package.json
--> b9c2cd3d61bc
[linux/amd64] [3/3] STEP 5/7: COPY --from=go-builder /opt/app-root/plugin-backend /opt/app-root
--> 6fc4738ee459
[linux/amd64] [3/3] STEP 6/7: COPY config/ /opt/app-root/config
--> dcaa0c7d5f13
[linux/amd64] [3/3] STEP 7/7: ENTRYPOINT ["/opt/app-root/plugin-backend", "-static-path", "/opt/app-root/web/dist", "-config-path", "/opt/app-root/config"]
[linux/amd64] [3/3] COMMIT
--> a4e8c9dc2075
[linux/arm64] [2/3] STEP 1/9: FROM registry.access.redhat.com/ubi9/go-toolset:1.26 AS go-builder
a4e8c9dc2075231ab5e5d2d9ff2482d5f70a12b4b15e3759382e7f303d876db2
Trying to pull registry.access.redhat.com/ubi9/go-toolset:1.26...
Getting image source signatures
Checking if image destination supports signatures
Copying blob sha256:45930d601c4202f8f62b21cd0a99019c00cd0af6e243187962defb645a49ab77
Copying blob sha256:f00a3ea30fea862d594c88740f011c234eb0b745138910c83abb92b28517593d
Copying blob sha256:9f54e374b06db8429b62d91af166f6a7caa34095b474b38a6853f75e9501072e
Copying blob sha256:45e8f34021ec53e3f4034c0aa42f88f43d2c6a70db6bcbe4da9c885fec121ca7
Copying config sha256:1b04da50b8a1a4d73cbc62e9438485bbb1219c003b0fef077d227b77d3fa7fb5
Writing manifest to image destination
Storing signatures
[linux/arm64] [2/3] STEP 2/9: WORKDIR /opt/app-root
--> Using cache a05232a4028fedcbdc5858a48a003ce3f0eaa6f7f55bf759968c0186ab9fecd0
--> a05232a4028f
[linux/arm64] [2/3] STEP 3/9: COPY Makefile Makefile
--> f0485a2f6b82
[linux/arm64] [2/3] STEP 4/9: COPY go.mod go.mod
--> 054b824af404
[linux/arm64] [2/3] STEP 5/9: COPY go.sum go.sum
--> aaff5870ddd0
[linux/arm64] [2/3] STEP 6/9: RUN go mod download
--> 04b3798fd7eb
[linux/arm64] [2/3] STEP 7/9: COPY cmd/ cmd/
--> 6d9b74106d56
[linux/arm64] [2/3] STEP 8/9: COPY pkg/ pkg/
--> e47b934cd585
[linux/arm64] [2/3] STEP 9/9: RUN go build -mod=mod -o plugin-backend cmd/plugin-backend.go
--> f3a55575203b
[linux/arm64] [3/3] STEP 1/7: FROM registry.access.redhat.com/ubi9/ubi-minimal
Trying to pull registry.access.redhat.com/ubi9/ubi-minimal:latest...
Getting image source signatures
Checking if image destination supports signatures
Copying blob sha256:96c16ad0505847764761c5c4d0a82cd8a619f3e93c57f6a4b081cb9d4d0dd3e7
Copying config sha256:dc66a34eca2d77aebb3d6349e06bbb118c0571f172e297eea776d8aa352899e7
Writing manifest to image destination
Storing signatures
[linux/arm64] [3/3] STEP 2/7: USER 1001
--> 60311acada0b
[linux/arm64] [3/3] STEP 3/7: COPY --from=web-builder /opt/app-root/web/dist /opt/app-root/web/dist
--> b62ccd72d183
[linux/arm64] [3/3] STEP 4/7: COPY --from=web-builder /opt/app-root/web/package.json /opt/app-root/web/package.json
--> b0627e62f793
[linux/arm64] [3/3] STEP 5/7: COPY --from=go-builder /opt/app-root/plugin-backend /opt/app-root
--> 13d210338b70
[linux/arm64] [3/3] STEP 6/7: COPY config/ /opt/app-root/config
--> 47080e60400a
[linux/arm64] [3/3] STEP 7/7: ENTRYPOINT ["/opt/app-root/plugin-backend", "-static-path", "/opt/app-root/web/dist", "-config-path", "/opt/app-root/config"]
[linux/arm64] [3/3] COMMIT
--> 504a6170d043
504a6170d043ec6dd3f3cbe98625a7f893363e212118425bdbfd164e1837659d
podman manifest push quay.io/rh-ee-emurasak/monitoring-console-plugin:v0.4.5
Getting image list signatures
Copying 2 images generated from 2 images in list
Copying image sha256:c966703739f7dccdebf1d589f73ad8af80cd3e69d3473c650d484a9848881c0a (1/2)
Getting image source signatures
Copying blob sha256:9c843137d6dbefb807610acdad7e0672d419ba4a6b56057f4b36408e6433cedd
Copying blob sha256:eb31fffb4653a560fe98f0cdf1563599483471410f682eef43f925913573d867
Copying blob sha256:284a0ce2ab0c2ea1b5cb61d4392a2d1ade3e8becc098e1e2ff34e548f9a6a70c
Copying blob sha256:858d59fabcfbb1b72ac6b81b9ed0f0b34de2194711066cd22ff3bfa504d5f263
Copying blob sha256:32d1d71c5087382117c2060a8bb583bc014d37e50f89ad3d683a5a0453783ffb
Copying config sha256:a4e8c9dc2075231ab5e5d2d9ff2482d5f70a12b4b15e3759382e7f303d876db2
Writing manifest to image destination
Copying image sha256:77bd309f81b2d48246b652def3a802c4173a62af117d9f5959a641bca1437d9a (2/2)
Getting image source signatures
Copying blob sha256:554f12c56a8dacce685353def92780eeb31d720f4878f3bb4b1a42774245d36d
Copying blob sha256:228d3d093b243661f2bbd4be6cc0e4a91af886b882ca37d67a2522d8dc67af93
Copying blob sha256:a306d3ac859dede156939eb6e41756e3c26075adaf747b89a75764084974dce8
Copying blob sha256:f7c0167f0f3a5b2b5a9bf34c918b480f995d3607294e5e2171d07d699121e410
Copying blob sha256:3ff870a7c383abc3e42722314175c6b0624363412f5b2571442499c8c93e7951
Copying config sha256:504a6170d043ec6dd3f3cbe98625a7f893363e212118425bdbfd164e1837659d
Writing manifest to image destination
Writing manifest list to image destination
Storing list signatures
==========================================
Building distributed-tracing-console-plugin @ release-coo-ocp-4.19 with VERSION=v1.0.3 ORG=rh-ee-emurasak
==========================================
Switched to branch 'release-coo-ocp-4.19'
Your branch is behind 'origin/release-coo-ocp-4.19' by 2 commits, and can be fast-forwarded.
  (use "git pull" to update your local branch)
From https://github.com/openshift/distributed-tracing-console-plugin
 * branch            release-coo-ocp-4.19 -> FETCH_HEAD
Updating 5efd64c..ab35720
Fast-forward
 Dockerfile            |   4 +-
 Dockerfile.dev        |   4 +-
 go.mod                |  10 +-
 go.sum                |  28 +-
 web/package-lock.json | 960 +++++++++++++++++++++++++-------------------------
 web/package.json      |  12 +-
 6 files changed, 518 insertions(+), 500 deletions(-)
--- Attempt 1/3 ---
podman manifest rm quay.io/rh-ee-emurasak/distributed-tracing-console-plugin:v1.0.3 || true
Error: quay.io/rh-ee-emurasak/distributed-tracing-console-plugin:v1.0.3: image not known
podman manifest create quay.io/rh-ee-emurasak/distributed-tracing-console-plugin:v1.0.3
77e8e998154991ce92001576af9d4e72730a1bff5d7ffdec319c7e19d7139e6f
podman build --platform=linux/arm64,linux/amd64 --manifest quay.io/rh-ee-emurasak/distributed-tracing-console-plugin:v1.0.3 -f Dockerfile
[linux/amd64] [1/3] STEP 1/8: FROM registry.redhat.io/ubi9/nodejs-22:latest AS web-builder
Trying to pull registry.redhat.io/ubi9/nodejs-22:latest...
Getting image source signatures
Checking if image destination supports signatures
Copying blob sha256:282d0d24d7fbf867c5fcf0074ef814120603d793df3c6b07803f4fe4f13e8364
Copying blob sha256:a65b1d5fa71f2275b83830542c74d937ba4151138631910bd375d577f8ceeed8
Copying blob sha256:7e1f79224b0668cff86172f85305621504ef2f1a15768b9ed272ea1f1a0e4e4d
Copying config sha256:0ccc4acadf8fe652aee3bd1e9b848aa1ddb72cc4db9269dc719a72a71892e157
Writing manifest to image destination
Storing signatures
[linux/amd64] [1/3] STEP 2/8: WORKDIR /opt/app-root
--> Using cache 25f952364c18dec697621ccdf03fe10655339de2dbbbf27c4486edb5a1c24341
--> 25f952364c18
[linux/amd64] [1/3] STEP 3/8: USER 0
--> Using cache 7b8705aab315b50a437e2e7c2f502baa54d72938a85870d51e91af51dabda800
--> 7b8705aab315
[linux/amd64] [1/3] STEP 4/8: COPY web/package*.json web/
--> 8c3daa4aa60a
[linux/amd64] [1/3] STEP 5/8: COPY Makefile Makefile
--> caffff5840ab
[linux/amd64] [1/3] STEP 6/8: RUN make install-frontend-ci-clean
cd web && npm ci --ignore-scripts --omit=optional
npm warn deprecated rimraf@3.0.2: Rimraf versions prior to v4 are no longer supported
npm warn deprecated inflight@1.0.6: This module is not supported, and leaks memory. Do not use it. Check out lru-cache if you want a good and tested way to coalesce async requests by a key value, which is much more comprehensive and powerful.
npm warn deprecated glob@7.2.3: Glob versions prior to v9 are no longer supported
npm warn deprecated popper.js@1.16.1: You can find the new Popper v2 at @popperjs/core, this package is dedicated to the legacy v1
npm warn deprecated eslint@8.57.1: This version is no longer supported. Please see https://eslint.org/version-support for other options.
npm warn deprecated @humanwhocodes/object-schema@2.0.3: Use @eslint/object-schema instead
npm warn deprecated @humanwhocodes/config-array@0.13.0: Use @eslint/config-array instead
npm warn deprecated rimraf@2.7.1: Rimraf versions prior to v4 are no longer supported

added 1811 packages, and audited 1812 packages in 48s

312 packages are looking for funding
  run `npm fund` for details

20 vulnerabilities (1 low, 18 moderate, 1 high)

To address issues that do not require attention, run:
  npm audit fix

To address all issues possible (including breaking changes), run:
  npm audit fix --force

Some issues need review, and may require choosing
a different dependency.

Run `npm audit` for details.
cd web && npm cache clean --force
npm warn using --force Recommended protections disabled.
--> 31e646063024
[linux/amd64] [1/3] STEP 7/8: COPY web/ web/
--> 9e9a265fd1c8
[linux/amd64] [1/3] STEP 8/8: RUN make build-frontend
cd web && npm run build

> distributed-tracing-console-plugin@1.0.0 build
> npm run clean && NODE_ENV=production npm run webpack


> distributed-tracing-console-plugin@1.0.0 clean
> rm -rf dist


> distributed-tracing-console-plugin@1.0.0 webpack
> node -r ts-node/register ./node_modules/.bin/webpack

assets by path assets/ 1.27 MiB
  assets by path assets/*.woff 740 KiB 42 assets
  assets by path assets/*.woff2 565 KiB
    asset assets/inter-latin-ext-600-normal..woff2 35.4 KiB [emitted] [from: ../node_modules/@fontsource/inter/files/inter-latin-ext-600-normal.woff2] (auxiliary id hint: vendors)
    asset assets/inter-latin-ext-700-normal..woff2 35.4 KiB [emitted] [from: ../node_modules/@fontsource/inter/files/inter-latin-ext-700-normal.woff2] (auxiliary id hint: vendors)
    + 40 assets
assets by path *.js 3.3 MiB
  assets by chunk 2.94 MiB (id hint: vendors)
    asset 1907-chunk-a659e32230067e72d6a9.min.js 2.61 MiB [emitted] [immutable] [minimized] [big] (id hint: vendors) 1 related asset
    asset 3864-chunk-29ef05162fade1526552.min.js 121 KiB [emitted] [immutable] [minimized] (id hint: vendors) 1 related asset
    asset 6808-chunk-3dbcba6b79bcfec54e21.min.js 42 KiB [emitted] [immutable] [minimized] (id hint: vendors)
    + 9 assets
  + 67 assets
asset locales/en/plugin__distributed-tracing-console-plugin.json 4.29 KiB [emitted] [from: ../locales/en/plugin__distributed-tracing-console-plugin.json] [copied]
asset plugin-manifest.json 895 bytes [emitted]
orphan modules 21.9 MiB [orphan] 13317 modules
runtime modules 34.7 KiB 14 modules
built modules 10.2 MiB (javascript) 1.27 MiB (asset) 1.6 KiB (consume-shared) 1.39 KiB (share-init) [built]
  javascript modules 10.2 MiB 721 modules
  asset modules 1.27 MiB (asset) 3.45 KiB (javascript)
    modules by path ../node_modules/@fontsource/inter/files/*.woff2 565 KiB (asset) 1.72 KiB (javascript) 42 modules
    modules by path ../node_modules/@fontsource/inter/files/*.woff 740 KiB (asset) 1.72 KiB (javascript) 42 modules
  consume-shared-module modules 1.6 KiB
    modules by path consume shared module (default) @patternfly/ 1.39 KiB 34 modules
    + 5 modules
  provide-module modules 1.39 KiB
    modules by path provide shared module (default) @patternfly/react-core/dist/dynamic/ 924 bytes 22 modules
    modules by path provide shared module (default) @patternfly/react-icons/dist/dynamic/icons/ 504 bytes 12 modules

WARNING in asset size limit: The following asset(s) exceed the recommended size limit (244 KiB).
This can impact web performance.
Assets: 
  1907-chunk-a659e32230067e72d6a9.min.js (2.61 MiB)

webpack 5.105.3 compiled with 1 warning in 104156 ms
--> 93cfbfa839cb
[linux/amd64] [2/3] STEP 1/11: FROM registry.access.redhat.com/ubi9/go-toolset:1.26 AS go-builder
Trying to pull registry.access.redhat.com/ubi9/go-toolset:1.26...
Getting image source signatures
Checking if image destination supports signatures
Copying blob sha256:d42ebadf4fab39879420f670effc5339dbb3a965f10cfc9e893812a82359ca96
Copying blob sha256:a65b1d5fa71f2275b83830542c74d937ba4151138631910bd375d577f8ceeed8
Copying blob sha256:7e1f79224b0668cff86172f85305621504ef2f1a15768b9ed272ea1f1a0e4e4d
Copying blob sha256:e9032009b40b3fd04712dfd72a34308c80cfcbc96e34411b01d746a758eb327f
Copying config sha256:4503554399b4b9c5265bafc26dfb5eea1cce8ae46cc8d424457c10ecfa1814df
Writing manifest to image destination
Storing signatures
[linux/amd64] [2/3] STEP 2/11: WORKDIR /opt/app-root
--> Using cache af1cfc364e02bbbe152a266e3b4e766d012ba8761df2219b036428533bcaa1d1
--> af1cfc364e02
[linux/amd64] [2/3] STEP 3/11: COPY Makefile Makefile
--> Using cache 4e9cce7ee01fa7c70afb2d7feeebfe323d30672cd190195818dbe76c523f4178
--> 4e9cce7ee01f
[linux/amd64] [2/3] STEP 4/11: COPY go.mod go.mod
--> 6a042442702c
[linux/amd64] [2/3] STEP 5/11: COPY go.sum go.sum
--> 566dc53acfd8
[linux/amd64] [2/3] STEP 6/11: RUN go mod download
--> 4b5880c5c9df
[linux/amd64] [2/3] STEP 7/11: COPY cmd/ cmd/
--> 7667c2b4f493
[linux/amd64] [2/3] STEP 8/11: COPY pkg/ pkg/
--> 363a13fb7277
[linux/amd64] [2/3] STEP 9/11: ENV GOEXPERIMENT=strictfipsruntime
--> 2a5765e395a6
[linux/amd64] [2/3] STEP 10/11: ENV CGO_ENABLED=1
--> b0726b582707
[linux/amd64] [2/3] STEP 11/11: RUN make build-backend BUILD_OPTS="-tags strictfipsruntime"
go build -tags strictfipsruntime -o plugin-backend -mod=readonly cmd/plugin-backend.go
--> 3b315463a446
[linux/arm64] [1/3] STEP 1/8: FROM registry.redhat.io/ubi9/nodejs-22:latest AS web-builder
Trying to pull registry.redhat.io/ubi9/nodejs-22:latest...
Getting image source signatures
Checking if image destination supports signatures
Copying blob sha256:9646992efe070a3bd6c556d5bfd825b8ffbc51f371288f7eb152d2d852939056
Copying blob sha256:9f54e374b06db8429b62d91af166f6a7caa34095b474b38a6853f75e9501072e
Copying blob sha256:f00a3ea30fea862d594c88740f011c234eb0b745138910c83abb92b28517593d
Copying config sha256:404bfb706f719cb0fdb063441e6c5404e5ce5228389a38c0ab4dda7570ece9f6
Writing manifest to image destination
Storing signatures
[linux/arm64] [1/3] STEP 2/8: WORKDIR /opt/app-root
--> Using cache 8d7f4d666d8b2966000dfdbddaf0f201f102b80d182b42918646bca008497d32
--> 8d7f4d666d8b
[linux/arm64] [1/3] STEP 3/8: USER 0
--> Using cache ab40718f6d3d3469511e8bdb5e14133d0b8570fbf01d414c2b0398600f6e9b81
--> ab40718f6d3d
[linux/arm64] [1/3] STEP 4/8: COPY web/package*.json web/
--> c44bfc83e79a
[linux/arm64] [1/3] STEP 5/8: COPY Makefile Makefile
--> 6d8448b316cc
[linux/arm64] [1/3] STEP 6/8: RUN make install-frontend-ci-clean
cd web && npm ci --ignore-scripts --omit=optional
npm warn deprecated rimraf@3.0.2: Rimraf versions prior to v4 are no longer supported
npm warn deprecated popper.js@1.16.1: You can find the new Popper v2 at @popperjs/core, this package is dedicated to the legacy v1
npm warn deprecated inflight@1.0.6: This module is not supported, and leaks memory. Do not use it. Check out lru-cache if you want a good and tested way to coalesce async requests by a key value, which is much more comprehensive and powerful.
npm warn deprecated glob@7.2.3: Glob versions prior to v9 are no longer supported
npm warn deprecated eslint@8.57.1: This version is no longer supported. Please see https://eslint.org/version-support for other options.
npm warn deprecated @humanwhocodes/object-schema@2.0.3: Use @eslint/object-schema instead
npm warn deprecated @humanwhocodes/config-array@0.13.0: Use @eslint/config-array instead
npm warn deprecated rimraf@2.7.1: Rimraf versions prior to v4 are no longer supported

added 1811 packages, and audited 1812 packages in 35s

312 packages are looking for funding
  run `npm fund` for details

20 vulnerabilities (1 low, 18 moderate, 1 high)

To address issues that do not require attention, run:
  npm audit fix

To address all issues possible (including breaking changes), run:
  npm audit fix --force

Some issues need review, and may require choosing
a different dependency.

Run `npm audit` for details.
cd web && npm cache clean --force
npm warn using --force Recommended protections disabled.
--> 9613d457e86c
[linux/arm64] [1/3] STEP 7/8: COPY web/ web/
--> 4aecae04c687
[linux/arm64] [1/3] STEP 8/8: RUN make build-frontend
cd web && npm run build

> distributed-tracing-console-plugin@1.0.0 build
> npm run clean && NODE_ENV=production npm run webpack


> distributed-tracing-console-plugin@1.0.0 clean
> rm -rf dist


> distributed-tracing-console-plugin@1.0.0 webpack
> node -r ts-node/register ./node_modules/.bin/webpack

assets by path assets/ 1.27 MiB
  assets by path assets/*.woff 740 KiB 42 assets
  assets by path assets/*.woff2 565 KiB
    asset assets/inter-latin-ext-600-normal..woff2 35.4 KiB [emitted] [from: ../node_modules/@fontsource/inter/files/inter-latin-ext-600-normal.woff2] (auxiliary id hint: vendors)
    asset assets/inter-latin-ext-700-normal..woff2 35.4 KiB [emitted] [from: ../node_modules/@fontsource/inter/files/inter-latin-ext-700-normal.woff2] (auxiliary id hint: vendors)
    + 40 assets
assets by path *.js 3.3 MiB
  assets by chunk 2.94 MiB (id hint: vendors)
    asset 1907-chunk-a659e32230067e72d6a9.min.js 2.61 MiB [emitted] [immutable] [minimized] [big] (id hint: vendors) 1 related asset
    asset 3864-chunk-29ef05162fade1526552.min.js 121 KiB [emitted] [immutable] [minimized] (id hint: vendors) 1 related asset
    asset 6808-chunk-3dbcba6b79bcfec54e21.min.js 42 KiB [emitted] [immutable] [minimized] (id hint: vendors)
    + 9 assets
  + 67 assets
asset locales/en/plugin__distributed-tracing-console-plugin.json 4.29 KiB [emitted] [from: ../locales/en/plugin__distributed-tracing-console-plugin.json] [copied]
asset plugin-manifest.json 895 bytes [emitted]
orphan modules 21.9 MiB [orphan] 13317 modules
runtime modules 34.7 KiB 14 modules
built modules 10.2 MiB (javascript) 1.27 MiB (asset) 1.6 KiB (consume-shared) 1.39 KiB (share-init) [built]
  javascript modules 10.2 MiB 721 modules
  asset modules 1.27 MiB (asset) 3.45 KiB (javascript)
    modules by path ../node_modules/@fontsource/inter/files/*.woff2 565 KiB (asset) 1.72 KiB (javascript) 42 modules
    modules by path ../node_modules/@fontsource/inter/files/*.woff 740 KiB (asset) 1.72 KiB (javascript) 42 modules
  consume-shared-module modules 1.6 KiB
    modules by path consume shared module (default) @patternfly/ 1.39 KiB 34 modules
    + 5 modules
  provide-module modules 1.39 KiB
    modules by path provide shared module (default) @patternfly/react-core/dist/dynamic/ 924 bytes 22 modules
    modules by path provide shared module (default) @patternfly/react-icons/dist/dynamic/icons/ 504 bytes 12 modules

WARNING in asset size limit: The following asset(s) exceed the recommended size limit (244 KiB).
This can impact web performance.
Assets: 
  1907-chunk-a659e32230067e72d6a9.min.js (2.61 MiB)

webpack 5.105.3 compiled with 1 warning in 66490 ms
--> c7a5e08bc3dd
[linux/amd64] [3/3] STEP 1/4: FROM registry.access.redhat.com/ubi9/ubi-minimal
Trying to pull registry.access.redhat.com/ubi9/ubi-minimal:latest...
Getting image source signatures
Checking if image destination supports signatures
Copying blob sha256:8af57f051b373375a1be8f892172089259ad624ed8452291226c539055e60228
Copying config sha256:659f819f47f8e8d2348bd9243d2ef17f39a9cc97ee1964b1cf1f83d428090213
Writing manifest to image destination
Storing signatures
[linux/amd64] [3/3] STEP 2/4: COPY --from=web-builder /opt/app-root/web/dist /opt/app-root/web/dist
--> 5f4580a16f93
[linux/amd64] [3/3] STEP 3/4: COPY --from=go-builder /opt/app-root/plugin-backend /opt/app-root
--> a06fcfff60bd
[linux/amd64] [3/3] STEP 4/4: ENTRYPOINT ["/opt/app-root/plugin-backend", "-static-path", "/opt/app-root/web/dist", "-config-path", "/opt/app-root/web/dist"]
[linux/amd64] [3/3] COMMIT
--> b4813fe13ce8
[linux/arm64] [2/3] STEP 1/11: FROM registry.access.redhat.com/ubi9/go-toolset:1.26 AS go-builder
b4813fe13ce8a42daa831570a4aea89d121ba539e506475b43d6ea651187ad88
Trying to pull registry.access.redhat.com/ubi9/go-toolset:1.26...
Getting image source signatures
Checking if image destination supports signatures
Copying blob sha256:45930d601c4202f8f62b21cd0a99019c00cd0af6e243187962defb645a49ab77
Copying blob sha256:f00a3ea30fea862d594c88740f011c234eb0b745138910c83abb92b28517593d
Copying blob sha256:9f54e374b06db8429b62d91af166f6a7caa34095b474b38a6853f75e9501072e
Copying blob sha256:45e8f34021ec53e3f4034c0aa42f88f43d2c6a70db6bcbe4da9c885fec121ca7
Copying config sha256:1b04da50b8a1a4d73cbc62e9438485bbb1219c003b0fef077d227b77d3fa7fb5
Writing manifest to image destination
Storing signatures
[linux/arm64] [2/3] STEP 2/11: WORKDIR /opt/app-root
--> Using cache a05232a4028fedcbdc5858a48a003ce3f0eaa6f7f55bf759968c0186ab9fecd0
--> a05232a4028f
[linux/arm64] [2/3] STEP 3/11: COPY Makefile Makefile
--> Using cache 35cc516cd1e235a66ef91e01b28dc9486da5f5666aa9729546034de8a103113b
--> 35cc516cd1e2
[linux/arm64] [2/3] STEP 4/11: COPY go.mod go.mod
--> 42bc49d94148
[linux/arm64] [2/3] STEP 5/11: COPY go.sum go.sum
--> 4f2b43e3e69d
[linux/arm64] [2/3] STEP 6/11: RUN go mod download
--> 205d498dd305
[linux/arm64] [2/3] STEP 7/11: COPY cmd/ cmd/
--> f93429f88f68
[linux/arm64] [2/3] STEP 8/11: COPY pkg/ pkg/
--> 41ab5215094e
[linux/arm64] [2/3] STEP 9/11: ENV GOEXPERIMENT=strictfipsruntime
--> 5504d1ec040a
[linux/arm64] [2/3] STEP 10/11: ENV CGO_ENABLED=1
--> 8dcc3b0ab9aa
[linux/arm64] [2/3] STEP 11/11: RUN make build-backend BUILD_OPTS="-tags strictfipsruntime"
go build -tags strictfipsruntime -o plugin-backend -mod=readonly cmd/plugin-backend.go
--> 1c102131787a
[linux/arm64] [3/3] STEP 1/4: FROM registry.access.redhat.com/ubi9/ubi-minimal
Trying to pull registry.access.redhat.com/ubi9/ubi-minimal:latest...
Getting image source signatures
Checking if image destination supports signatures
Copying blob sha256:96c16ad0505847764761c5c4d0a82cd8a619f3e93c57f6a4b081cb9d4d0dd3e7
Copying config sha256:dc66a34eca2d77aebb3d6349e06bbb118c0571f172e297eea776d8aa352899e7
Writing manifest to image destination
Storing signatures
[linux/arm64] [3/3] STEP 2/4: COPY --from=web-builder /opt/app-root/web/dist /opt/app-root/web/dist
--> 3a566cda3990
[linux/arm64] [3/3] STEP 3/4: COPY --from=go-builder /opt/app-root/plugin-backend /opt/app-root
--> 54ea1cc7199b
[linux/arm64] [3/3] STEP 4/4: ENTRYPOINT ["/opt/app-root/plugin-backend", "-static-path", "/opt/app-root/web/dist", "-config-path", "/opt/app-root/web/dist"]
[linux/arm64] [3/3] COMMIT
--> 6a606c6e4f45
6a606c6e4f456195ea0ae54c01f7a3d996af097897170087791d210ecc1a73bd
podman manifest push quay.io/rh-ee-emurasak/distributed-tracing-console-plugin:v1.0.3
Getting image list signatures
Copying 2 images generated from 2 images in list
Copying image sha256:cec7877a47a6467315845fd106aaade723ff443e25bdef53430267502712d8af (1/2)
Getting image source signatures
Copying blob sha256:78498703f0e5c55704b5dc6a7d5599672013a169074313fb9681dde868c53d16
Copying blob sha256:eb31fffb4653a560fe98f0cdf1563599483471410f682eef43f925913573d867
Copying blob sha256:cce12dfa7754f20c982dd29d5e86fcfbe0009a304affdf24cc1885b44c9f8613
Copying config sha256:b4813fe13ce8a42daa831570a4aea89d121ba539e506475b43d6ea651187ad88
Writing manifest to image destination
Copying image sha256:40ee8c25fcd765f2d7366e99f27e50fc4e40a6f592e74c14bd71f3daa85bc81d (2/2)
Getting image source signatures
Copying blob sha256:434d9d031a838ca410c0173fd7f434495853ac39f4256678ef0f42ca2eed6417
Copying blob sha256:228d3d093b243661f2bbd4be6cc0e4a91af886b882ca37d67a2522d8dc67af93
Copying blob sha256:313ac0dd82ce1d970244659ad4347fd8116d5614af5ae163e99d5adb900fecaa
Copying config sha256:6a606c6e4f456195ea0ae54c01f7a3d996af097897170087791d210ecc1a73bd
Writing manifest to image destination
Writing manifest list to image destination
Storing list signatures
==========================================
Building troubleshooting-panel-console-plugin @ release-coo-ocp-4.19 with VERSION=v0.4.5 ORG=rh-ee-emurasak
==========================================
Switched to branch 'release-coo-ocp-4.19'
Your branch is behind 'origin/release-coo-ocp-4.19' by 2 commits, and can be fast-forwarded.
  (use "git pull" to update your local branch)
From https://github.com/openshift/troubleshooting-panel-console-plugin
 * branch            release-coo-ocp-4.19 -> FETCH_HEAD
Updating 83f2504..4a04933
Fast-forward
 Dockerfile            |    6 +-
 Dockerfile.cypress    |    2 +-
 Dockerfile.dev        |    2 +-
 Dockerfile.konflux    |   53 --
 go.mod                |    2 +-
 web/package-lock.json | 1808 ++++++++++++++++++++++++++++++-------------------
 web/package.json      |   12 +-
 7 files changed, 1132 insertions(+), 753 deletions(-)
 delete mode 100644 Dockerfile.konflux
--- Attempt 1/3 ---
podman manifest rm quay.io/rh-ee-emurasak/troubleshooting-panel-console-plugin:v0.4.5 || true
Error: quay.io/rh-ee-emurasak/troubleshooting-panel-console-plugin:v0.4.5: image not known
podman manifest create quay.io/rh-ee-emurasak/troubleshooting-panel-console-plugin:v0.4.5
66e80b4d405c60f03f0baad8f7c584240e41cfba292c129a7ed6c7ff5c739733
podman build --platform=linux/arm64,linux/amd64 --manifest quay.io/rh-ee-emurasak/troubleshooting-panel-console-plugin:v0.4.5 -f Dockerfile
[linux/amd64] [1/3] STEP 1/8: FROM registry.access.redhat.com/ubi9/nodejs-22:latest AS web-builder
Trying to pull registry.access.redhat.com/ubi9/nodejs-22:latest...
Getting image source signatures
Checking if image destination supports signatures
Copying blob sha256:282d0d24d7fbf867c5fcf0074ef814120603d793df3c6b07803f4fe4f13e8364
Copying blob sha256:a65b1d5fa71f2275b83830542c74d937ba4151138631910bd375d577f8ceeed8
Copying blob sha256:7e1f79224b0668cff86172f85305621504ef2f1a15768b9ed272ea1f1a0e4e4d
Copying config sha256:0ccc4acadf8fe652aee3bd1e9b848aa1ddb72cc4db9269dc719a72a71892e157
Writing manifest to image destination
Storing signatures
[linux/amd64] [1/3] STEP 2/8: WORKDIR /opt/app-root
--> Using cache 25f952364c18dec697621ccdf03fe10655339de2dbbbf27c4486edb5a1c24341
--> 25f952364c18
[linux/amd64] [1/3] STEP 3/8: USER 0
--> Using cache 7b8705aab315b50a437e2e7c2f502baa54d72938a85870d51e91af51dabda800
--> 7b8705aab315
[linux/amd64] [1/3] STEP 4/8: COPY web/package*.json web/
--> c06d4374480f
[linux/amd64] [1/3] STEP 5/8: COPY Makefile Makefile
--> ec83df97001c
[linux/amd64] [1/3] STEP 6/8: RUN make install-frontend
cd web && npm install
npm warn deprecated whatwg-encoding@3.1.1: Use @exodus/bytes instead for a more spec-conformant and faster implementation
npm warn deprecated rimraf@3.0.2: Rimraf versions prior to v4 are no longer supported
npm warn deprecated inflight@1.0.6: This module is not supported, and leaks memory. Do not use it. Check out lru-cache if you want a good and tested way to coalesce async requests by a key value, which is much more comprehensive and powerful.
npm warn deprecated glob@7.2.3: Glob versions prior to v9 are no longer supported
npm warn deprecated popper.js@1.16.1: You can find the new Popper v2 at @popperjs/core, this package is dedicated to the legacy v1
npm warn deprecated domexception@4.0.0: Use your platform's native DOMException instead
npm warn deprecated abab@2.0.6: Use your platform's native atob() and btoa() methods instead
npm warn deprecated @humanwhocodes/object-schema@2.0.3: Use @eslint/object-schema instead
npm warn deprecated @humanwhocodes/config-array@0.13.0: Use @eslint/config-array instead
npm warn deprecated @fortawesome/react-fontawesome@0.2.6: v0.2.x is no longer supported. Unless you are still using FontAwesome 5, please update to v3.1.1 or greater.
npm warn deprecated eslint@8.57.1: This version is no longer supported. Please see https://eslint.org/version-support for other options.
npm warn deprecated whatwg-encoding@2.0.0: Use @exodus/bytes instead for a more spec-conformant and faster implementation
npm warn deprecated whatwg-encoding@2.0.0: Use @exodus/bytes instead for a more spec-conformant and faster implementation

added 1721 packages, and audited 1722 packages in 1m

315 packages are looking for funding
  run `npm fund` for details

7 vulnerabilities (1 low, 5 moderate, 1 high)

To address issues that do not require attention, run:
  npm audit fix

To address all issues (including breaking changes), run:
  npm audit fix --force

Run `npm audit` for details.
--> 84c7aef9dae8
[linux/amd64] [1/3] STEP 7/8: COPY web/ web/
--> 6b1da14006a2
[linux/amd64] [1/3] STEP 8/8: RUN make build-frontend
cd web && npm run lint && npm run lint:tsc

> troubleshooting-panel-console-plugin@0.4.0 lint
> eslint ./src --fix &&  stylelint "src/**/*.css" --allow-empty-input --fix


> troubleshooting-panel-console-plugin@0.4.0 lint:tsc
> tsc --noEmit

cd web && npm run i18n && npm run build

> troubleshooting-panel-console-plugin@0.4.0 i18n
> i18n-scripts/build-i18n.sh && node i18n-scripts/set-english-defaults.js

+ FILE_PATTERN='{!(dist|node_modules)/**/*.{js,jsx,ts,tsx,json},*.{js,jsx,ts,tsx,json}}'
+ i18next '{!(dist|node_modules)/**/*.{js,jsx,ts,tsx,json},*.{js,jsx,ts,tsx,json}}' '[-oc]' -c ./i18next-parser.config.js -o 'locales/$LOCALE/$NAMESPACE.json'

  i18next Parser
  --------------
  Input:  {!(dist|node_modules)/**/*.{js,jsx,ts,tsx,json},*.{js,jsx,ts,tsx,json}}, [-oc]
  Output: locales/$LOCALE/$NAMESPACE.json

  [read]    /opt/app-root/web/console-extensions.json
  [read]    /opt/app-root/web/cypress.config.ts
  [read]    /opt/app-root/web/cypress/e2e/acceptance.cy.ts
  [read]    /opt/app-root/web/cypress/fixtures/data-test.ts
  [read]    /opt/app-root/web/cypress/support/commands/auth-commands.ts
  [read]    /opt/app-root/web/cypress/support/commands/env.ts
  [read]    /opt/app-root/web/cypress/support/commands/selector-commands.ts
  [read]    /opt/app-root/web/cypress/support/commands/troubeshoot-commands.ts
  [read]    /opt/app-root/web/cypress/support/commands/utility-commands.ts
  [read]    /opt/app-root/web/cypress/support/e2e.ts
  [read]    /opt/app-root/web/cypress/tsconfig.json
  [read]    /opt/app-root/web/cypress/views/nav.ts
  [read]    /opt/app-root/web/cypress/views/tour.ts
  [read]    /opt/app-root/web/cypress/views/utils.ts
  [read]    /opt/app-root/web/i18n-scripts/common.js
  [read]    /opt/app-root/web/i18n-scripts/set-english-defaults.js
  [read]    /opt/app-root/web/i18next-parser.config.js
  [read]    /opt/app-root/web/jest.config.js
  [read]    /opt/app-root/web/locales/en/plugin__troubleshooting-panel-console-plugin.json
  [read]    /opt/app-root/web/package-lock.json
  [read]    /opt/app-root/web/package.json
  [read]    /opt/app-root/web/src/__tests__/alert.spec.ts
  [read]    /opt/app-root/web/src/__tests__/all-domains.spec.ts
  [read]    /opt/app-root/web/src/__tests__/icons-preview.spec.tsx
  [read]    /opt/app-root/web/src/__tests__/k8s.spec.ts
  [read]    /opt/app-root/web/src/__tests__/log.spec.ts
  [read]    /opt/app-root/web/src/__tests__/metric.spec.ts
  [read]    /opt/app-root/web/src/__tests__/netflow.spec.ts
  [read]    /opt/app-root/web/src/__tests__/time.spec.ts
  [read]    /opt/app-root/web/src/__tests__/trace.spec.ts
  [read]    /opt/app-root/web/src/__tests__/types.spec.ts
  [read]    /opt/app-root/web/src/cancellable-fetch.ts
  [read]    /opt/app-root/web/src/components/AdvancedSearchForm.tsx
  [read]    /opt/app-root/web/src/components/DateTimePicker.tsx
  [read]    /opt/app-root/web/src/components/DateTimeRangePicker.tsx
  [read]    /opt/app-root/web/src/components/HelpPopover.tsx
  [read]    /opt/app-root/web/src/components/icons.tsx
  [read]    /opt/app-root/web/src/components/Korrel8rPanel.tsx
  [read]    /opt/app-root/web/src/components/KubernetesIcon.tsx
  [read]    /opt/app-root/web/src/components/NullContextProvider.tsx
  [read]    /opt/app-root/web/src/components/Popover.tsx
  [read]    /opt/app-root/web/src/components/TimeRangeDropdown.tsx
  [warning] Key is not a string literal
  [read]    /opt/app-root/web/src/components/TimeUnitPicker.tsx
  [read]    /opt/app-root/web/src/components/topology/Korrel8rTopology.tsx
  [read]    /opt/app-root/web/src/getResources.ts
  [read]    /opt/app-root/web/src/hooks/useBoolean.ts
  [read]    /opt/app-root/web/src/hooks/useDomains.tsx
  [read]    /opt/app-root/web/src/hooks/useKorrel8r.ts
  [read]    /opt/app-root/web/src/hooks/useLocationQuery.ts
  [read]    /opt/app-root/web/src/hooks/useNavigateToQuery.ts
  [read]    /opt/app-root/web/src/hooks/usePluginAvailable.ts
  [read]    /opt/app-root/web/src/hooks/usePopover.tsx
  [read]    /opt/app-root/web/src/hooks/useTroubleshootingPanel.tsx
  [read]    /opt/app-root/web/src/korrel8r-client.ts
  [read]    /opt/app-root/web/src/korrel8r/alert.ts
  [read]    /opt/app-root/web/src/korrel8r/all-domains.ts
  [read]    /opt/app-root/web/src/korrel8r/client/core/ApiError.ts
  [read]    /opt/app-root/web/src/korrel8r/client/core/ApiRequestOptions.ts
  [read]    /opt/app-root/web/src/korrel8r/client/core/ApiResult.ts
  [read]    /opt/app-root/web/src/korrel8r/client/core/BaseHttpRequest.ts
  [read]    /opt/app-root/web/src/korrel8r/client/core/CancelablePromise.ts
  [read]    /opt/app-root/web/src/korrel8r/client/core/FetchHttpRequest.ts
  [read]    /opt/app-root/web/src/korrel8r/client/core/OpenAPI.ts
  [read]    /opt/app-root/web/src/korrel8r/client/core/request.ts
  [read]    /opt/app-root/web/src/korrel8r/client/index.ts
  [read]    /opt/app-root/web/src/korrel8r/client/Korrel8rClient.ts
  [read]    /opt/app-root/web/src/korrel8r/client/models/Constraint.ts
  [read]    /opt/app-root/web/src/korrel8r/client/models/Domain.ts
  [read]    /opt/app-root/web/src/korrel8r/client/models/Edge.ts
  [read]    /opt/app-root/web/src/korrel8r/client/models/Goals.ts
  [read]    /opt/app-root/web/src/korrel8r/client/models/Graph.ts
  [read]    /opt/app-root/web/src/korrel8r/client/models/Neighbours.ts
  [read]    /opt/app-root/web/src/korrel8r/client/models/Node.ts
  [read]    /opt/app-root/web/src/korrel8r/client/models/QueryCount.ts
  [read]    /opt/app-root/web/src/korrel8r/client/models/Rule.ts
  [read]    /opt/app-root/web/src/korrel8r/client/models/Start.ts
  [read]    /opt/app-root/web/src/korrel8r/client/models/Store.ts
  [read]    /opt/app-root/web/src/korrel8r/client/services/DefaultService.ts
  [read]    /opt/app-root/web/src/korrel8r/k8s.ts
  [read]    /opt/app-root/web/src/korrel8r/log.ts
  [read]    /opt/app-root/web/src/korrel8r/metric.ts
  [read]    /opt/app-root/web/src/korrel8r/netflow.ts
  [read]    /opt/app-root/web/src/korrel8r/trace.ts
  [read]    /opt/app-root/web/src/korrel8r/types.ts
  [read]    /opt/app-root/web/src/redux-actions.ts
  [read]    /opt/app-root/web/src/redux-reducers.ts
  [read]    /opt/app-root/web/src/time.ts
  [read]    /opt/app-root/web/tsconfig.json
  [read]    /opt/app-root/web/webpack.config.ts
  [write]   /opt/app-root/web/locales/en/plugin__troubleshooting-panel-console-plugin.json

  Stats:  89 files were parsed

> troubleshooting-panel-console-plugin@0.4.0 build
> npm run clean && npm run ts-node node_modules/.bin/webpack


> troubleshooting-panel-console-plugin@0.4.0 clean
> rm -rf dist


> troubleshooting-panel-console-plugin@0.4.0 ts-node
> ts-node -O '{"module":"commonjs"}' node_modules/.bin/webpack

assets by path *.js 4.38 MiB
  assets by chunk 3.5 MiB (id hint: vendors)
    asset vendors-node_modules_fortawesome_react-fontawesome_index_es_js-node_modules_patternfly_react--e1c2c2-chunk.js 1.26 MiB [emitted] (id hint: vendors) 1 related asset
    asset vendors-node_modules_patternfly_react-core_dist_esm_helpers_Popper_Popper_js-chunk.js 1.04 MiB [emitted] (id hint: vendors) 1 related asset
    asset vendors-node_modules_immutable_dist_immutable_es_js-node_modules_typesafe-actions_dist_typesa-cdf261-chunk.js 183 KiB [emitted] (id hint: vendors) 1 related asset
    asset vendors-node_modules_openshift-console_dynamic-plugin-sdk_lib_utils_fetch_console-fetch-utils-7ba8c2-chunk.js 161 KiB [emitted] (id hint: vendors) 1 related asset
    asset vendors-node_modules_patternfly_react-core_dist_esm_components_DatePicker_index_js-chunk.js 94.8 KiB [emitted] (id hint: vendors) 1 related asset
    asset vendors-node_modules_patternfly_react-core_dist_esm_components_Menu_Menu_js-node_modules_patt-b35725-chunk.js 90.8 KiB [emitted] (id hint: vendors) 1 related asset
    asset vendors-node_modules_patternfly_react-core_dist_esm_helpers_FocusTrap_FocusTrap_js-node_modul-246622-chunk.js 80.1 KiB [emitted] (id hint: vendors) 1 related asset
    asset vendors-node_modules_patternfly_react-core_dist_esm_components_Form_index_js-chunk.js 63.3 KiB [emitted] (id hint: vendors) 1 related asset
    asset vendors-node_modules_patternfly_react-core_dist_esm_components_TimePicker_index_js-chunk.js 56.3 KiB [emitted] (id hint: vendors) 1 related asset
    + 13 assets
  + 76 assets
asset locales/en/plugin__troubleshooting-panel-console-plugin.json 3.35 KiB [emitted] [from: ../locales/en/plugin__troubleshooting-panel-console-plugin.json] [copied]
asset plugin-manifest.json 1.19 KiB [emitted]
orphan modules 13 KiB [orphan] 47 modules
runtime modules 81.9 KiB 12 modules
javascript modules 3.04 MiB 362 modules
consume-shared-module modules 1.89 KiB
  modules by path consume shared module (default) @patternfly/ 1.68 KiB 41 modules
  + 5 modules
provide-module modules 1.64 KiB
  modules by path provide shared module (default) @patternfly/react-core/dist/dynamic/ 1.11 KiB 27 modules
  modules by path provide shared module (default) @patternfly/react-icons/dist/dynamic/icons/ 546 bytes
    provide shared module (default) @patternfly/react-icons/dist/dynamic/icons/atten...(truncated) 42 bytes [built] [code generated]
    provide shared module (default) @patternfly/react-icons/dist/dynamic/icons/clust...(truncated) 42 bytes [built] [code generated]
    + 11 modules
../node_modules/@fortawesome/fontawesome-svg-core/package.json 1.39 KiB [optional] [built] [code generated]

LOG from @openshift-console/dynamic-plugin-sdk-webpack/lib/webpack/loaders/dynamic-module-import-loader ../node_modules/ts-loader/index.js??ruleSet[1].rules[0].use[0]!./components/KubernetesIcon.tsx
<w> Non-index and non-dynamic module import @patternfly/react-icons/dist/esm/createIcon

webpack 5.104.1 compiled successfully in 21556 ms
--> ee96dee6bd54
[linux/amd64] [2/3] STEP 1/11: FROM registry.access.redhat.com/ubi9/go-toolset:1.26 AS go-builder
Trying to pull registry.access.redhat.com/ubi9/go-toolset:1.26...
Getting image source signatures
Checking if image destination supports signatures
Copying blob sha256:d42ebadf4fab39879420f670effc5339dbb3a965f10cfc9e893812a82359ca96
Copying blob sha256:a65b1d5fa71f2275b83830542c74d937ba4151138631910bd375d577f8ceeed8
Copying blob sha256:7e1f79224b0668cff86172f85305621504ef2f1a15768b9ed272ea1f1a0e4e4d
Copying blob sha256:e9032009b40b3fd04712dfd72a34308c80cfcbc96e34411b01d746a758eb327f
Copying config sha256:4503554399b4b9c5265bafc26dfb5eea1cce8ae46cc8d424457c10ecfa1814df
Writing manifest to image destination
Storing signatures
[linux/amd64] [2/3] STEP 2/11: WORKDIR /opt/app-root
--> Using cache af1cfc364e02bbbe152a266e3b4e766d012ba8761df2219b036428533bcaa1d1
--> af1cfc364e02
[linux/amd64] [2/3] STEP 3/11: COPY Makefile Makefile
--> f6a7d4678d00
[linux/amd64] [2/3] STEP 4/11: COPY go.mod go.mod
--> ef171e271f80
[linux/amd64] [2/3] STEP 5/11: COPY go.sum go.sum
--> a654dba71182
[linux/amd64] [2/3] STEP 6/11: RUN go mod download
--> 8b0c96880b80
[linux/amd64] [2/3] STEP 7/11: COPY cmd/ cmd/
--> a34e1e537394
[linux/amd64] [2/3] STEP 8/11: COPY pkg/ pkg/
--> 7d84423f577a
[linux/amd64] [2/3] STEP 9/11: ENV GOEXPERIMENT=strictfipsruntime
--> 4c080ffbeb62
[linux/amd64] [2/3] STEP 10/11: ENV CGO_ENABLED=1
--> 748d4fb28b67
[linux/amd64] [2/3] STEP 11/11: RUN make build-backend BUILD_OPTS="-tags strictfipsruntime"
go build -tags strictfipsruntime -o plugin-backend -mod=readonly cmd/plugin-backend.go
--> 0cfd810ece34
[linux/arm64] [1/3] STEP 1/8: FROM registry.access.redhat.com/ubi9/nodejs-22:latest AS web-builder
Trying to pull registry.access.redhat.com/ubi9/nodejs-22:latest...
Getting image source signatures
Checking if image destination supports signatures
Copying blob sha256:9646992efe070a3bd6c556d5bfd825b8ffbc51f371288f7eb152d2d852939056
Copying blob sha256:f00a3ea30fea862d594c88740f011c234eb0b745138910c83abb92b28517593d
Copying blob sha256:9f54e374b06db8429b62d91af166f6a7caa34095b474b38a6853f75e9501072e
Copying config sha256:404bfb706f719cb0fdb063441e6c5404e5ce5228389a38c0ab4dda7570ece9f6
Writing manifest to image destination
Storing signatures
[linux/arm64] [1/3] STEP 2/8: WORKDIR /opt/app-root
--> Using cache 8d7f4d666d8b2966000dfdbddaf0f201f102b80d182b42918646bca008497d32
--> 8d7f4d666d8b
[linux/arm64] [1/3] STEP 3/8: USER 0
--> Using cache ab40718f6d3d3469511e8bdb5e14133d0b8570fbf01d414c2b0398600f6e9b81
--> ab40718f6d3d
[linux/arm64] [1/3] STEP 4/8: COPY web/package*.json web/
--> 16e9d8df9d75
[linux/arm64] [1/3] STEP 5/8: COPY Makefile Makefile
--> dddc3db87b17
[linux/arm64] [1/3] STEP 6/8: RUN make install-frontend
cd web && npm install
npm warn deprecated whatwg-encoding@3.1.1: Use @exodus/bytes instead for a more spec-conformant and faster implementation
npm warn deprecated rimraf@3.0.2: Rimraf versions prior to v4 are no longer supported
npm warn deprecated popper.js@1.16.1: You can find the new Popper v2 at @popperjs/core, this package is dedicated to the legacy v1
npm warn deprecated inflight@1.0.6: This module is not supported, and leaks memory. Do not use it. Check out lru-cache if you want a good and tested way to coalesce async requests by a key value, which is much more comprehensive and powerful.
npm warn deprecated glob@7.2.3: Glob versions prior to v9 are no longer supported
npm warn deprecated domexception@4.0.0: Use your platform's native DOMException instead
npm warn deprecated abab@2.0.6: Use your platform's native atob() and btoa() methods instead
npm warn deprecated eslint@8.57.1: This version is no longer supported. Please see https://eslint.org/version-support for other options.
npm warn deprecated @humanwhocodes/config-array@0.13.0: Use @eslint/config-array instead
npm warn deprecated @humanwhocodes/object-schema@2.0.3: Use @eslint/object-schema instead
npm warn deprecated @fortawesome/react-fontawesome@0.2.6: v0.2.x is no longer supported. Unless you are still using FontAwesome 5, please update to v3.1.1 or greater.
npm warn deprecated whatwg-encoding@2.0.0: Use @exodus/bytes instead for a more spec-conformant and faster implementation
npm warn deprecated whatwg-encoding@2.0.0: Use @exodus/bytes instead for a more spec-conformant and faster implementation

added 1721 packages, and audited 1722 packages in 58s

315 packages are looking for funding
  run `npm fund` for details

7 vulnerabilities (1 low, 5 moderate, 1 high)

To address issues that do not require attention, run:
  npm audit fix

To address all issues (including breaking changes), run:
  npm audit fix --force

Run `npm audit` for details.
--> 1527203a287b
[linux/arm64] [1/3] STEP 7/8: COPY web/ web/
--> 0256c43d92a6
[linux/arm64] [1/3] STEP 8/8: RUN make build-frontend
cd web && npm run lint && npm run lint:tsc

> troubleshooting-panel-console-plugin@0.4.0 lint
> eslint ./src --fix &&  stylelint "src/**/*.css" --allow-empty-input --fix


> troubleshooting-panel-console-plugin@0.4.0 lint:tsc
> tsc --noEmit

cd web && npm run i18n && npm run build

> troubleshooting-panel-console-plugin@0.4.0 i18n
> i18n-scripts/build-i18n.sh && node i18n-scripts/set-english-defaults.js

+ FILE_PATTERN='{!(dist|node_modules)/**/*.{js,jsx,ts,tsx,json},*.{js,jsx,ts,tsx,json}}'
+ i18next '{!(dist|node_modules)/**/*.{js,jsx,ts,tsx,json},*.{js,jsx,ts,tsx,json}}' '[-oc]' -c ./i18next-parser.config.js -o 'locales/$LOCALE/$NAMESPACE.json'

  i18next Parser
  --------------
  Input:  {!(dist|node_modules)/**/*.{js,jsx,ts,tsx,json},*.{js,jsx,ts,tsx,json}}, [-oc]
  Output: locales/$LOCALE/$NAMESPACE.json

  [read]    /opt/app-root/web/console-extensions.json
  [read]    /opt/app-root/web/cypress.config.ts
  [read]    /opt/app-root/web/cypress/e2e/acceptance.cy.ts
  [read]    /opt/app-root/web/cypress/fixtures/data-test.ts
  [read]    /opt/app-root/web/cypress/support/commands/auth-commands.ts
  [read]    /opt/app-root/web/cypress/support/commands/env.ts
  [read]    /opt/app-root/web/cypress/support/commands/selector-commands.ts
  [read]    /opt/app-root/web/cypress/support/commands/troubeshoot-commands.ts
  [read]    /opt/app-root/web/cypress/support/commands/utility-commands.ts
  [read]    /opt/app-root/web/cypress/support/e2e.ts
  [read]    /opt/app-root/web/cypress/tsconfig.json
  [read]    /opt/app-root/web/cypress/views/nav.ts
  [read]    /opt/app-root/web/cypress/views/tour.ts
  [read]    /opt/app-root/web/cypress/views/utils.ts
  [read]    /opt/app-root/web/i18n-scripts/common.js
  [read]    /opt/app-root/web/i18n-scripts/set-english-defaults.js
  [read]    /opt/app-root/web/i18next-parser.config.js
  [read]    /opt/app-root/web/jest.config.js
  [read]    /opt/app-root/web/locales/en/plugin__troubleshooting-panel-console-plugin.json
  [read]    /opt/app-root/web/package-lock.json
  [read]    /opt/app-root/web/package.json
  [read]    /opt/app-root/web/src/__tests__/alert.spec.ts
  [read]    /opt/app-root/web/src/__tests__/all-domains.spec.ts
  [read]    /opt/app-root/web/src/__tests__/icons-preview.spec.tsx
  [read]    /opt/app-root/web/src/__tests__/k8s.spec.ts
  [read]    /opt/app-root/web/src/__tests__/log.spec.ts
  [read]    /opt/app-root/web/src/__tests__/metric.spec.ts
  [read]    /opt/app-root/web/src/__tests__/netflow.spec.ts
  [read]    /opt/app-root/web/src/__tests__/time.spec.ts
  [read]    /opt/app-root/web/src/__tests__/trace.spec.ts
  [read]    /opt/app-root/web/src/__tests__/types.spec.ts
  [read]    /opt/app-root/web/src/cancellable-fetch.ts
  [read]    /opt/app-root/web/src/components/AdvancedSearchForm.tsx
  [read]    /opt/app-root/web/src/components/DateTimePicker.tsx
  [read]    /opt/app-root/web/src/components/DateTimeRangePicker.tsx
  [read]    /opt/app-root/web/src/components/HelpPopover.tsx
  [read]    /opt/app-root/web/src/components/icons.tsx
  [read]    /opt/app-root/web/src/components/Korrel8rPanel.tsx
  [read]    /opt/app-root/web/src/components/KubernetesIcon.tsx
  [read]    /opt/app-root/web/src/components/NullContextProvider.tsx
  [read]    /opt/app-root/web/src/components/Popover.tsx
  [read]    /opt/app-root/web/src/components/TimeRangeDropdown.tsx
  [warning] Key is not a string literal
  [read]    /opt/app-root/web/src/components/TimeUnitPicker.tsx
  [read]    /opt/app-root/web/src/components/topology/Korrel8rTopology.tsx
  [read]    /opt/app-root/web/src/getResources.ts
  [read]    /opt/app-root/web/src/hooks/useBoolean.ts
  [read]    /opt/app-root/web/src/hooks/useDomains.tsx
  [read]    /opt/app-root/web/src/hooks/useKorrel8r.ts
  [read]    /opt/app-root/web/src/hooks/useLocationQuery.ts
  [read]    /opt/app-root/web/src/hooks/useNavigateToQuery.ts
  [read]    /opt/app-root/web/src/hooks/usePluginAvailable.ts
  [read]    /opt/app-root/web/src/hooks/usePopover.tsx
  [read]    /opt/app-root/web/src/hooks/useTroubleshootingPanel.tsx
  [read]    /opt/app-root/web/src/korrel8r-client.ts
  [read]    /opt/app-root/web/src/korrel8r/alert.ts
  [read]    /opt/app-root/web/src/korrel8r/all-domains.ts
  [read]    /opt/app-root/web/src/korrel8r/client/core/ApiError.ts
  [read]    /opt/app-root/web/src/korrel8r/client/core/ApiRequestOptions.ts
  [read]    /opt/app-root/web/src/korrel8r/client/core/ApiResult.ts
  [read]    /opt/app-root/web/src/korrel8r/client/core/BaseHttpRequest.ts
  [read]    /opt/app-root/web/src/korrel8r/client/core/CancelablePromise.ts
  [read]    /opt/app-root/web/src/korrel8r/client/core/FetchHttpRequest.ts
  [read]    /opt/app-root/web/src/korrel8r/client/core/OpenAPI.ts
  [read]    /opt/app-root/web/src/korrel8r/client/core/request.ts
  [read]    /opt/app-root/web/src/korrel8r/client/index.ts
  [read]    /opt/app-root/web/src/korrel8r/client/Korrel8rClient.ts
  [read]    /opt/app-root/web/src/korrel8r/client/models/Constraint.ts
  [read]    /opt/app-root/web/src/korrel8r/client/models/Domain.ts
  [read]    /opt/app-root/web/src/korrel8r/client/models/Edge.ts
  [read]    /opt/app-root/web/src/korrel8r/client/models/Goals.ts
  [read]    /opt/app-root/web/src/korrel8r/client/models/Graph.ts
  [read]    /opt/app-root/web/src/korrel8r/client/models/Neighbours.ts
  [read]    /opt/app-root/web/src/korrel8r/client/models/Node.ts
  [read]    /opt/app-root/web/src/korrel8r/client/models/QueryCount.ts
  [read]    /opt/app-root/web/src/korrel8r/client/models/Rule.ts
  [read]    /opt/app-root/web/src/korrel8r/client/models/Start.ts
  [read]    /opt/app-root/web/src/korrel8r/client/models/Store.ts
  [read]    /opt/app-root/web/src/korrel8r/client/services/DefaultService.ts
  [read]    /opt/app-root/web/src/korrel8r/k8s.ts
  [read]    /opt/app-root/web/src/korrel8r/log.ts
  [read]    /opt/app-root/web/src/korrel8r/metric.ts
  [read]    /opt/app-root/web/src/korrel8r/netflow.ts
  [read]    /opt/app-root/web/src/korrel8r/trace.ts
  [read]    /opt/app-root/web/src/korrel8r/types.ts
  [read]    /opt/app-root/web/src/redux-actions.ts
  [read]    /opt/app-root/web/src/redux-reducers.ts
  [read]    /opt/app-root/web/src/time.ts
  [read]    /opt/app-root/web/tsconfig.json
  [read]    /opt/app-root/web/webpack.config.ts
  [write]   /opt/app-root/web/locales/en/plugin__troubleshooting-panel-console-plugin.json

  Stats:  89 files were parsed

> troubleshooting-panel-console-plugin@0.4.0 build
> npm run clean && npm run ts-node node_modules/.bin/webpack


> troubleshooting-panel-console-plugin@0.4.0 clean
> rm -rf dist


> troubleshooting-panel-console-plugin@0.4.0 ts-node
> ts-node -O '{"module":"commonjs"}' node_modules/.bin/webpack

assets by path *.js 4.38 MiB
  assets by chunk 3.5 MiB (id hint: vendors)
    asset vendors-node_modules_fortawesome_react-fontawesome_index_es_js-node_modules_patternfly_react--e1c2c2-chunk.js 1.26 MiB [emitted] (id hint: vendors) 1 related asset
    asset vendors-node_modules_patternfly_react-core_dist_esm_helpers_Popper_Popper_js-chunk.js 1.04 MiB [emitted] (id hint: vendors) 1 related asset
    asset vendors-node_modules_immutable_dist_immutable_es_js-node_modules_typesafe-actions_dist_typesa-cdf261-chunk.js 183 KiB [emitted] (id hint: vendors) 1 related asset
    asset vendors-node_modules_openshift-console_dynamic-plugin-sdk_lib_utils_fetch_console-fetch-utils-7ba8c2-chunk.js 161 KiB [emitted] (id hint: vendors) 1 related asset
    asset vendors-node_modules_patternfly_react-core_dist_esm_components_DatePicker_index_js-chunk.js 94.8 KiB [emitted] (id hint: vendors) 1 related asset
    asset vendors-node_modules_patternfly_react-core_dist_esm_components_Menu_Menu_js-node_modules_patt-b35725-chunk.js 90.8 KiB [emitted] (id hint: vendors) 1 related asset
    asset vendors-node_modules_patternfly_react-core_dist_esm_helpers_FocusTrap_FocusTrap_js-node_modul-246622-chunk.js 80.1 KiB [emitted] (id hint: vendors) 1 related asset
    asset vendors-node_modules_patternfly_react-core_dist_esm_components_Form_index_js-chunk.js 63.3 KiB [emitted] (id hint: vendors) 1 related asset
    asset vendors-node_modules_patternfly_react-core_dist_esm_components_TimePicker_index_js-chunk.js 56.3 KiB [emitted] (id hint: vendors) 1 related asset
    + 13 assets
  + 76 assets
asset locales/en/plugin__troubleshooting-panel-console-plugin.json 3.35 KiB [emitted] [from: ../locales/en/plugin__troubleshooting-panel-console-plugin.json] [copied]
asset plugin-manifest.json 1.19 KiB [emitted]
orphan modules 13 KiB [orphan] 47 modules
runtime modules 81.9 KiB 12 modules
javascript modules 3.04 MiB 362 modules
consume-shared-module modules 1.89 KiB
  modules by path consume shared module (default) @patternfly/ 1.68 KiB 41 modules
  + 5 modules
provide-module modules 1.64 KiB
  modules by path provide shared module (default) @patternfly/react-core/dist/dynamic/ 1.11 KiB 27 modules
  modules by path provide shared module (default) @patternfly/react-icons/dist/dynamic/icons/ 546 bytes
    provide shared module (default) @patternfly/react-icons/dist/dynamic/icons/atten...(truncated) 42 bytes [built] [code generated]
    provide shared module (default) @patternfly/react-icons/dist/dynamic/icons/clust...(truncated) 42 bytes [built] [code generated]
    + 11 modules
../node_modules/@fortawesome/fontawesome-svg-core/package.json 1.39 KiB [optional] [built] [code generated]

LOG from @openshift-console/dynamic-plugin-sdk-webpack/lib/webpack/loaders/dynamic-module-import-loader ../node_modules/ts-loader/index.js??ruleSet[1].rules[0].use[0]!./components/KubernetesIcon.tsx
<w> Non-index and non-dynamic module import @patternfly/react-icons/dist/esm/createIcon

webpack 5.104.1 compiled successfully in 13751 ms
--> 136e11d21a25
[linux/amd64] [3/3] STEP 1/4: FROM registry.access.redhat.com/ubi9/ubi-minimal
Trying to pull registry.access.redhat.com/ubi9/ubi-minimal:latest...
Getting image source signatures
Checking if image destination supports signatures
Copying blob sha256:8af57f051b373375a1be8f892172089259ad624ed8452291226c539055e60228
Copying config sha256:659f819f47f8e8d2348bd9243d2ef17f39a9cc97ee1964b1cf1f83d428090213
Writing manifest to image destination
Storing signatures
[linux/amd64] [3/3] STEP 2/4: COPY --from=web-builder /opt/app-root/web/dist /opt/app-root/web/dist
--> 2a7e66118e32
[linux/amd64] [3/3] STEP 3/4: COPY --from=go-builder /opt/app-root/plugin-backend /opt/app-root
--> 76f9e55bee02
[linux/amd64] [3/3] STEP 4/4: ENTRYPOINT ["/opt/app-root/plugin-backend", "-static-path", "/opt/app-root/web/dist"]
[linux/amd64] [3/3] COMMIT
--> 6918bcc25152
[linux/arm64] [2/3] STEP 1/11: FROM registry.access.redhat.com/ubi9/go-toolset:1.26 AS go-builder
6918bcc251525003acb3948c819daa11c0583e8cd74aade6d9f8eeae1b133bb7
Trying to pull registry.access.redhat.com/ubi9/go-toolset:1.26...
Getting image source signatures
Checking if image destination supports signatures
Copying blob sha256:45930d601c4202f8f62b21cd0a99019c00cd0af6e243187962defb645a49ab77
Copying blob sha256:f00a3ea30fea862d594c88740f011c234eb0b745138910c83abb92b28517593d
Copying blob sha256:9f54e374b06db8429b62d91af166f6a7caa34095b474b38a6853f75e9501072e
Copying blob sha256:45e8f34021ec53e3f4034c0aa42f88f43d2c6a70db6bcbe4da9c885fec121ca7
Copying config sha256:1b04da50b8a1a4d73cbc62e9438485bbb1219c003b0fef077d227b77d3fa7fb5
Writing manifest to image destination
Storing signatures
[linux/arm64] [2/3] STEP 2/11: WORKDIR /opt/app-root
--> Using cache a05232a4028fedcbdc5858a48a003ce3f0eaa6f7f55bf759968c0186ab9fecd0
--> a05232a4028f
[linux/arm64] [2/3] STEP 3/11: COPY Makefile Makefile
--> 3731de27da3b
[linux/arm64] [2/3] STEP 4/11: COPY go.mod go.mod
--> ad4ba72329f3
[linux/arm64] [2/3] STEP 5/11: COPY go.sum go.sum
--> 5bb84ed12af1
[linux/arm64] [2/3] STEP 6/11: RUN go mod download
--> 8b3a37fc8308
[linux/arm64] [2/3] STEP 7/11: COPY cmd/ cmd/
--> 0877907cc27d
[linux/arm64] [2/3] STEP 8/11: COPY pkg/ pkg/
--> 259207c382d0
[linux/arm64] [2/3] STEP 9/11: ENV GOEXPERIMENT=strictfipsruntime
--> 74aab7f9e501
[linux/arm64] [2/3] STEP 10/11: ENV CGO_ENABLED=1
--> d0ad28bc1795
[linux/arm64] [2/3] STEP 11/11: RUN make build-backend BUILD_OPTS="-tags strictfipsruntime"
go build -tags strictfipsruntime -o plugin-backend -mod=readonly cmd/plugin-backend.go
